8,13.8926255949282,1,83,13.5238585350788,2.5,1,TRUE,TRUE,1,SSP1_1_9,AM_85,experiment1
11,14.7800798534188,1,83,13.5238585350788,2.5,1,TRUE,TRUE,1,SSP1_1_9,AM_85,experiment1
6,13.8545444132541,1,83,13.5238585350788,2.5,1,TRUE,TRUE,1,SSP1_1_9,AM_85,experiment1
7,11.6352911967384,1,83,13.5238585350788,2.5,1,TRUE,TRUE,1,SSP1_1_9,AM_85,experiment1
11,14.6439283987667,1,83,13.5238585350788,2.5,1,TRUE,TRUE,1,SSP1_1_9,AM_85,experiment1
10,11.8280953986398,1,83,13.5238585350788,2.5,1,TRUE,TRUE,1,SSP1_1_9,AM_85,experiment1
1,10.3270469690877,1,83,13.5238585350788,2.5,1,TRUE,TRUE,1,SSP1_1_9,AM_85,experiment1
8,6.72663144801161,1,83,13.5238585350788,2.5,1,TRUE,TRUE,1,SSP1_1_9,AM_85,experiment1
1,12.7204788871002,1,83,13.5238585350788,2.5,1,TRUE,TRUE,1,SSP1_1_9,AM_85,experiment1
7,11.8500123847854,1,83,13.5238585350788,2.5,1,TRUE,TRUE,1,SSP1_1_9,AM_85,experiment1
11,13.3898025883172,1,83,13.5238585350788,2.5,1,TRUE,TRUE,1,SSP1_1_9,AM_85,experiment1
8,13.7147524216865,1,83,13.5238585350788,2.5,1,TRUE,TRUE,1,SSP1_1_9,AM_85,experiment1
9,11.7930157349702,1,83,13.5238585350788,2.5,1,TRUE,TRUE,1,SSP1_1_9,AM_85,experiment1
6,14.1775998651674,1,83,13.5238585350788,2.5,1,TRUE,TRUE,1,SSP1_1_9,AM_85,experiment1
9,13.4563033541908,1,83,13.5238585350788,2.5,1,TRUE,TRUE,1,SSP1_1_9,AM_85,experiment1
8,9.18496761042377,1,83,13.5238585350788,2.5,1,TRUE,TRUE,1,SSP1_1_9,AM_85,experiment1
8,13.1973481487659,1,83,13.5238585350788,2.5,1,TRUE,TRUE,1,SSP1_1_9,AM_85,experiment1
6,13.4650505875629,1,83,13.5238585350788,2.5,1,TRUE,TRUE,1,SSP1_1_9,AM_85,experiment1
1,14.6660753873924,1,83,13.5238585350788,2.5,1,TRUE,TRUE,1,SSP1_1_9,AM_85,experiment1
6,12.9663415413278,1,83,13.5238585350788,2.5,1,TRUE,TRUE,1,SSP1_1_9,AM_85,experiment1
7,13.1847458308179,1,83,13.5238585350788,2.5,1,TRUE,TRUE,1,SSP1_1_9,AM_85,experiment1
6,14.8431739452654,1,83,13.5238585350788,2.5,1,TRUE,TRUE,1,SSP1_1_9,AM_85,experiment1
7,14.0730044051937,1,83,13.5238585350788,2.5,1,TRUE,TRUE,1,SSP1_1_9,AM_85,experiment1
1,14.0884110430591,1,83,13.5238585350788,2.5,1,TRUE,TRUE,1,SSP1_1_9,AM_85,experiment1
11,12.3681675631744,1,83,13.5238585350788,2.5,1,TRUE,TRUE,1,SSP1_1_9,AM_85,experiment1
11,11.2646796254049,1,83,13.5238585350788,2.5,1,TRUE,TRUE,1,SSP1_1_9,AM_85,experiment1
9,12.3965765143371,1,83,13.5238585350788,2.5,1,TRUE,TRUE,1,SSP1_1_9,AM_85,experiment1
7,10.7502847153431,1,83,13.5238585350788,2.5,1,TRUE,TRUE,1,SSP1_1_9,AM_85,experiment1
9,12.7058863868743,1,83,13.5238585350788,2.5,1,TRUE,TRUE,1,SSP1_1_9,AM_85,experiment1
9,12.8389316397665,1,83,13.5238585350788,2.5,1,TRUE,TRUE,1,SSP1_1_9,AM_85,experiment1
9,14.6423167884791,1,83,13.5238585350788,2.5,1,TRUE,TRUE,1,SSP1_1_9,AM_85,experiment1
5,11.8080615628493,1,83,13.5238585350788,2.5,1,TRUE,TRUE,1,SSP1_1_9,AM_85,experiment1
5,12.2710489757819,1,83,13.5238585350788,2.5,1,TRUE,TRUE,1,SSP1_1_9,AM_85,experiment1
1,9.43305454288627,1,83,13.5238585350788,2.5,1,TRUE,TRUE,1,SSP1_1_9,AM_85,experiment1
9,12.8755849892695,1,83,13.5238585350788,2.5,1,TRUE,TRUE,1,SSP1_1_9,AM_85,experiment1
7,14.3741646501489,1,83,13.5238585350788,2.5,1,TRUE,TRUE,1,SSP1_1_9,AM_85,experiment1
11,12.3249187677552,1,83,13.5238585350788,2.5,1,TRUE,TRUE,1,SSP1_1_9,AM_85,experiment1
7,14.1902281672878,1,83,13.5238585350788,2.5,1,TRUE,TRUE,1,SSP1_1_9,AM_85,experiment1
9,13.4904026474537,1,83,13.5238585350788,2.5,1,TRUE,TRUE,1,SSP1_1_9,AM_85,experiment1
8,14.3794868757843,1,83,13.5238585350788,2.5,1,TRUE,TRUE,1,SSP1_1_9,AM_85,experiment1
11,14.7920311910592,1,83,13.5238585350788,2.5,1,TRUE,TRUE,1,SSP1_1_9,AM_85,experiment1
9,13.2887137970091,1,83,13.5238585350788,2.5,1,TRUE,TRUE,1,SSP1_1_9,AM_85,experiment1
5,12.3191984302731,1,83,13.5238585350788,2.5,1,TRUE,TRUE,1,SSP1_1_9,AM_85,experiment1
10,13.8757208200066,1,83,13.5238585350788,2.5,1,TRUE,TRUE,1,SSP1_1_9,AM_85,experiment1
10,13.2230842555395,1,83,13.5238585350788,2.5,1,TRUE,TRUE,1,SSP1_1_9,AM_85,experiment1
6,13.6976929055645,1,83,13.5238585350788,2.5,1,TRUE,TRUE,1,SSP1_1_9,AM_85,experiment1
8,13.8234147415478,1,83,13.5238585350788,2.5,1,TRUE,TRUE,1,SSP1_1_9,AM_85,experiment1
6,12.8368471457211,1,83,13.5238585350788,2.5,1,TRUE,TRUE,1,SSP1_1_9,AM_85,experiment1
7,14.2107044332707,1,83,13.5238585350788,2.5,1,TRUE,TRUE,1,SSP1_1_9,AM_85,experiment1
9,8.67250933365707,1,83,13.5238585350788,2.5,1,TRUE,TRUE,1,SSP1_1_9,AM_85,experiment1
9,13.1104876022984,1,83,13.5238585350788,2.5,1,TRUE,TRUE,1,SSP1_1_9,AM_85,experiment1
10,14.0347691670536,1,83,13.5238585350788,2.5,1,TRUE,TRUE,1,SSP1_1_9,AM_85,experiment1
11,12.4761848260827,1,83,13.5238585350788,2.5,1,TRUE,TRUE,1,SSP1_1_9,AM_85,experiment1
8,11.6455493278532,1,83,13.5238585350788,2.5,1,TRUE,TRUE,1,SSP1_1_9,AM_85,experiment1
9,12.5837158566348,1,83,13.5238585350788,2.5,1,TRUE,TRUE,1,SSP1_1_9,AM_85,experiment1
10,14.0740104673932,1,83,13.5238585350788,2.5,1,TRUE,TRUE,1,SSP1_1_9,AM_85,experiment1
4,14.5753443146691,1,83,13.5238585350788,2.5,1,TRUE,TRUE,1,SSP1_1_9,AM_85,experiment1
1,5.75257750949595,1,83,13.5238585350788,2.5,1,TRUE,TRUE,1,SSP1_1_9,AM_85,experiment1
8,14.1603218311726,1,83,13.5238585350788,2.5,1,TRUE,TRUE,1,SSP1_1_9,AM_85,experiment1
1,11.9149703675778,1,83,13.5238585350788,2.5,1,TRUE,TRUE,1,SSP1_1_9,AM_85,experiment1
1,5.60218595755951,1,83,13.5238585350788,2.5,1,TRUE,TRUE,1,SSP1_1_9,AM_85,experiment1
7,13.2923252748981,1,83,13.5238585350788,2.5,1,TRUE,TRUE,1,SSP1_1_9,AM_85,experiment1
6,13.7383609246446,1,83,13.5238585350788,2.5,1,TRUE,TRUE,1,SSP1_1_9,AM_85,experiment1
7,13.8575096437923,1,83,13.5238585350788,2.5,1,TRUE,TRUE,1,SSP1_1_9,AM_85,experiment1
11,13.6800275556373,1,83,13.5238585350788,2.5,1,TRUE,TRUE,1,SSP1_1_9,AM_85,experiment1
7,13.8667552954906,1,83,13.5238585350788,2.5,1,TRUE,TRUE,1,SSP1_1_9,AM_85,experiment1
9,12.5880125427982,1,83,13.5238585350788,2.5,1,TRUE,TRUE,1,SSP1_1_9,AM_85,experiment1
7,13.5854638329391,1,83,13.5238585350788,2.5,1,TRUE,TRUE,1,SSP1_1_9,AM_85,experiment1
8,13.6954908142275,1,83,13.5238585350788,2.5,1,TRUE,TRUE,1,SSP1_1_9,AM_85,experiment1
9,12.023615869199,1,83,13.5238585350788,2.5,1,TRUE,TRUE,1,SSP1_1_9,AM_85,experiment1
5,11.3770927813854,1,83,13.5238585350788,2.5,1,TRUE,TRUE,1,SSP1_1_9,AM_85,experiment1
2,14.7183187609688,1,83,13.5238585350788,2.5,1,TRUE,TRUE,1,SSP1_1_9,AM_85,experiment1
7,14.6764553148924,1,83,13.5238585350788,2.5,1,TRUE,TRUE,1,SSP1_1_9,AM_85,experiment1
5,13.0139450496776,1,83,13.5238585350788,2.5,1,TRUE,TRUE,1,SSP1_1_9,AM_85,experiment1
7,11.1610574704675,1,83,13.5238585350788,2.5,1,TRUE,TRUE,1,SSP1_1_9,AM_85,experiment1
11,14.5160783271735,1,83,13.5238585350788,2.5,1,TRUE,TRUE,1,SSP1_1_9,AM_85,experiment1
9,13.5231123413989,1,83,13.5238585350788,2.5,1,TRUE,TRUE,1,SSP1_1_9,AM_85,experiment1
10,13.6903333058184,1,83,13.5238585350788,2.5,1,TRUE,TRUE,1,SSP1_1_9,AM_85,experiment1
6,13.6079559256239,1,83,13.5238585350788,2.5,1,TRUE,TRUE,1,SSP1_1_9,AM_85,experiment1
2,14.0911863224126,1,83,13.5238585350788,2.5,1,TRUE,TRUE,1,SSP1_1_9,AM_85,experiment1
7,13.3624105441033,1,83,13.5238585350788,2.5,1,TRUE,TRUE,1,SSP1_1_9,AM_85,experiment1
11,13.9196803516025,1,83,13.5238585350788,2.5,1,TRUE,TRUE,1,SSP1_1_9,AM_85,experiment1
9,11.9544094504788,1,83,13.5238585350788,2.5,1,TRUE,TRUE,1,SSP1_1_9,AM_85,experiment1
8,14.0189253282846,1,83,13.5238585350788,2.5,1,TRUE,TRUE,1,SSP1_1_9,AM_85,experiment1
8,14.0397639235015,1,83,13.5238585350788,2.5,1,TRUE,TRUE,1,SSP1_1_9,AM_85,experiment1
5,14.299943165047,1,83,13.5238585350788,2.5,1,TRUE,TRUE,1,SSP1_1_9,AM_85,experiment1
8,12.6038566855445,1,83,13.5238585350788,2.5,1,TRUE,TRUE,1,SSP1_1_9,AM_85,experiment1
5,12.8400022450016,1,83,13.5238585350788,2.5,1,TRUE,TRUE,1,SSP1_1_9,AM_85,experiment1
7,13.6036742770352,1,83,13.5238585350788,2.5,1,TRUE,TRUE,1,SSP1_1_9,AM_85,experiment1
9,14.8421595531177,1,83,13.5238585350788,2.5,1,TRUE,TRUE,1,SSP1_1_9,AM_85,experiment1
10,12.3220902450708,1,83,13.5238585350788,2.5,1,TRUE,TRUE,1,SSP1_1_9,AM_85,experiment1
9,12.4399526457245,1,83,13.5238585350788,2.5,1,TRUE,TRUE,1,SSP1_1_9,AM_85,experiment1
7,13.1071856407492,1,83,13.5238585350788,2.5,1,TRUE,TRUE,1,SSP1_1_9,AM_85,experiment1
9,13.8360139260659,1,83,13.5238585350788,2.5,1,TRUE,TRUE,1,SSP1_1_9,AM_85,experiment1
6,13.9390332494392,1,83,13.5238585350788,2.5,1,TRUE,TRUE,1,SSP1_1_9,AM_85,experiment1
1,11.8207898662627,1,83,13.5238585350788,2.5,1,TRUE,TRUE,1,SSP1_1_9,AM_85,experiment1
8,12.8008959290439,1,83,13.5238585350788,2.5,1,TRUE,TRUE,1,SSP1_1_9,AM_85,experiment1
8,13.7048716191562,1,83,13.5238585350788,2.5,1,TRUE,TRUE,1,SSP1_1_9,AM_85,experiment1
10,12.0552721507748,1,83,13.5238585350788,2.5,1,TRUE,TRUE,1,SSP1_1_9,AM_85,experiment1
11,11.823368102073,1,83,13.5238585350788,2.5,1,TRUE,TRUE,1,SSP1_1_9,AM_85,experiment1
1,8.43521911595718,1,83,13.5238585350788,2.5,1,TRUE,TRUE,1,SSP1_1_9,AM_85,experiment1
8,13.2378086274175,1,83,13.5238585350788,2.5,1,TRUE,TRUE,1,SSP1_1_9,AM_85,experiment1
8,14.1349477485592,1,83,13.5238585350788,2.5,1,TRUE,TRUE,1,SSP1_1_9,AM_85,experiment1
9,14.1794493574088,1,83,13.5238585350788,2.5,1,TRUE,TRUE,1,SSP1_1_9,AM_85,experiment1
10,14.2122975026678,1,83,13.5238585350788,2.5,1,TRUE,TRUE,1,SSP1_1_9,AM_85,experiment1
10,14.4674399704645,1,83,13.5238585350788,2.5,1,TRUE,TRUE,1,SSP1_1_9,AM_85,experiment1
10,12.8024789398965,1,83,13.5238585350788,2.5,1,TRUE,TRUE,1,SSP1_1_9,AM_85,experiment1
11,12.0792041037282,1,83,13.5238585350788,2.5,1,TRUE,TRUE,1,SSP1_1_9,AM_85,experiment1
9,14.4394783003358,1,83,13.5238585350788,2.5,1,TRUE,TRUE,1,SSP1_1_9,AM_85,experiment1
9,12.9517921391364,1,83,13.5238585350788,2.5,1,TRUE,TRUE,1,SSP1_1_9,AM_85,experiment1
9,13.134961165365,1,83,13.5238585350788,2.5,1,TRUE,TRUE,1,SSP1_1_9,AM_85,experiment1
10,14.2187580513491,1,83,13.5238585350788,2.5,1,TRUE,TRUE,1,SSP1_1_9,AM_85,experiment1
10,14.0928926313884,1,83,13.5238585350788,2.5,1,TRUE,TRUE,1,SSP1_1_9,AM_85,experiment1
1,12.3137175460356,1,83,13.5238585350788,2.5,1,TRUE,TRUE,1,SSP1_1_9,AM_85,experiment1
10,13.3231337399521,1,83,13.5238585350788,2.5,1,TRUE,TRUE,1,SSP1_1_9,AM_85,experiment1
9,13.1209930751991,1,83,13.5238585350788,2.5,1,TRUE,TRUE,1,SSP1_1_9,AM_85,experiment1
7,12.0884882106592,1,83,13.5238585350788,2.5,1,TRUE,TRUE,1,SSP1_1_9,AM_85,experiment1
7,12.2240041017753,1,83,13.5238585350788,2.5,1,TRUE,TRUE,1,SSP1_1_9,AM_85,experiment1
5,14.4583108618801,1,83,13.5238585350788,2.5,1,TRUE,TRUE,1,SSP1_1_9,AM_85,experiment1
10,13.7268292784646,1,83,13.5238585350788,2.5,1,TRUE,TRUE,1,SSP1_1_9,AM_85,experiment1
3,14.0839482088595,1,83,13.5238585350788,2.5,1,TRUE,TRUE,1,SSP1_1_9,AM_85,experiment1
7,14.3600010272345,1,83,13.5238585350788,2.5,1,TRUE,TRUE,1,SSP1_1_9,AM_85,experiment1
8,14.7652429245314,1,83,13.5238585350788,2.5,1,TRUE,TRUE,1,SSP1_1_9,AM_85,experiment1
11,13.1499594494862,1,83,13.5238585350788,2.5,1,TRUE,TRUE,1,SSP1_1_9,AM_85,experiment1
7,13.4346331090314,1,83,13.5238585350788,2.5,1,TRUE,TRUE,1,SSP1_1_9,AM_85,experiment1
11,10.0014575977526,1,83,13.5238585350788,2.5,1,TRUE,TRUE,1,SSP1_1_9,AM_85,experiment1
7,14.2118234881715,1,83,13.5238585350788,2.5,1,TRUE,TRUE,1,SSP1_1_9,AM_85,experiment1
10,10.9516274196549,1,83,13.5238585350788,2.5,1,TRUE,TRUE,1,SSP1_1_9,AM_85,experiment1
8,12.3044778309241,1,83,13.5238585350788,2.5,1,TRUE,TRUE,1,SSP1_1_9,AM_85,experiment1
11,13.7990595148308,1,83,13.5238585350788,2.5,1,TRUE,TRUE,1,SSP1_1_9,AM_85,experiment1
8,13.8008055592565,1,83,13.5238585350788,2.5,1,TRUE,TRUE,1,SSP1_1_9,AM_85,experiment1
9,13.6093810748336,1,83,13.5238585350788,2.5,1,TRUE,TRUE,1,SSP1_1_9,AM_85,experiment1
9,13.9731129674981,1,83,13.5238585350788,2.5,1,TRUE,TRUE,1,SSP1_1_9,AM_85,experiment1
11,13.4425019835456,1,83,13.5238585350788,2.5,1,TRUE,TRUE,1,SSP1_1_9,AM_85,experiment1
8,14.7568061006428,1,83,13.5238585350788,2.5,1,TRUE,TRUE,1,SSP1_1_9,AM_85,experiment1
8,10.958920843538,1,83,13.5238585350788,2.5,1,TRUE,TRUE,1,SSP1_1_9,AM_85,experiment1
1,10.2649264079126,1,83,13.5238585350788,2.5,1,TRUE,TRUE,1,SSP1_1_9,AM_85,experiment1
9,12.988254875862,1,83,13.5238585350788,2.5,1,TRUE,TRUE,1,SSP1_1_9,AM_85,experiment1
6,13.2699905783541,1,83,13.5238585350788,2.5,1,TRUE,TRUE,1,SSP1_1_9,AM_85,experiment1
1,9.3785780036152,1,83,13.5238585350788,2.5,1,TRUE,TRUE,1,SSP1_1_9,AM_85,experiment1
9,13.2592235226003,1,83,13.5238585350788,2.5,1,TRUE,TRUE,1,SSP1_1_9,AM_85,experiment1
9,12.6930101580314,1,83,13.5238585350788,2.5,1,TRUE,TRUE,1,SSP1_1_9,AM_85,experiment1
11,11.6248989741238,1,83,13.5238585350788,2.5,1,TRUE,TRUE,1,SSP1_1_9,AM_85,experiment1
7,13.0658137569353,1,83,13.5238585350788,2.5,1,TRUE,TRUE,1,SSP1_1_9,AM_85,experiment1
7,12.8844544026413,1,83,13.5238585350788,2.5,1,TRUE,TRUE,1,SSP1_1_9,AM_85,experiment1
8,11.3897992517976,1,83,13.5238585350788,2.5,1,TRUE,TRUE,1,SSP1_1_9,AM_85,experiment1
9,14.4455943511586,1,83,13.5238585350788,2.5,1,TRUE,TRUE,1,SSP1_1_9,AM_85,experiment1
6,13.0515567187128,1,83,13.5238585350788,2.5,1,TRUE,TRUE,1,SSP1_1_9,AM_85,experiment1
11,13.3830957869386,1,83,13.5238585350788,2.5,1,TRUE,TRUE,1,SSP1_1_9,AM_85,experiment1
6,13.5194286356519,1,83,13.5238585350788,2.5,1,TRUE,TRUE,1,SSP1_1_9,AM_85,experiment1
9,11.0970131740767,1,83,13.5238585350788,2.5,1,TRUE,TRUE,1,SSP1_1_9,AM_85,experiment1
10,15.1200830647113,1,83,13.5238585350788,2.5,1,TRUE,TRUE,1,SSP1_1_9,AM_85,experiment1
11,13.294490131493,1,83,13.5238585350788,2.5,1,TRUE,TRUE,1,SSP1_1_9,AM_85,experiment1
7,13.2850560410686,1,83,13.5238585350788,2.5,1,TRUE,TRUE,1,SSP1_1_9,AM_85,experiment1
9,13.945478100373,1,83,13.5238585350788,2.5,1,TRUE,TRUE,1,SSP1_1_9,AM_85,experiment1
6,12.9514951122718,1,83,13.5238585350788,2.5,1,TRUE,TRUE,1,SSP1_1_9,AM_85,experiment1
10,11.948674842477,1,83,13.5238585350788,2.5,1,TRUE,TRUE,1,SSP1_1_9,AM_85,experiment1
7,12.2304124467747,1,83,13.5238585350788,2.5,1,TRUE,TRUE,1,SSP1_1_9,AM_85,experiment1
7,13.3660973875517,1,83,13.5238585350788,2.5,1,TRUE,TRUE,1,SSP1_1_9,AM_85,experiment1
4,12.4523930481626,1,83,13.5238585350788,2.5,1,TRUE,TRUE,1,SSP1_1_9,AM_85,experiment1
6,12.3246284814214,1,83,13.5238585350788,2.5,1,TRUE,TRUE,1,SSP1_1_9,AM_85,experiment1
8,12.4507566455065,1,83,13.5238585350788,2.5,1,TRUE,TRUE,1,SSP1_1_9,AM_85,experiment1
10,14.1928466425956,1,83,13.5238585350788,2.5,1,TRUE,TRUE,1,SSP1_1_9,AM_85,experiment1
8,11.9506373426852,1,83,13.5238585350788,2.5,1,TRUE,TRUE,1,SSP1_1_9,AM_85,experiment1
8,6.67272115159263,1,83,13.5238585350788,2.5,1,TRUE,TRUE,1,SSP1_1_9,AM_85,experiment1
1,2.17965625,1,83,13.5238585350788,2.5,1,TRUE,TRUE,1,SSP1_1_9,AM_85,experiment1
7,13.9754220938202,1,83,13.5238585350788,2.5,1,TRUE,TRUE,1,SSP1_1_9,AM_85,experiment1
8,15.0677172612774,1,83,13.5238585350788,2.5,1,TRUE,TRUE,1,SSP1_1_9,AM_85,experiment1
9,11.5876465524583,1,83,13.5238585350788,2.5,1,TRUE,TRUE,1,SSP1_1_9,AM_85,experiment1
5,13.3132156985473,1,83,13.5238585350788,2.5,1,TRUE,TRUE,1,SSP1_1_9,AM_85,experiment1
6,12.4158015050454,1,83,13.5238585350788,2.5,1,TRUE,TRUE,1,SSP1_1_9,AM_85,experiment1
10,13.7361587052305,1,83,13.5238585350788,2.5,1,TRUE,TRUE,1,SSP1_1_9,AM_85,experiment1
9,14.3337623764617,1,83,13.5238585350788,2.5,1,TRUE,TRUE,1,SSP1_1_9,AM_85,experiment1
8,12.8967896523631,1,83,13.5238585350788,2.5,1,TRUE,TRUE,1,SSP1_1_9,AM_85,experiment1
9,12.9616448371745,1,83,13.5238585350788,2.5,1,TRUE,TRUE,1,SSP1_1_9,AM_85,experiment1
1,12.2627956170487,1,83,13.5238585350788,2.5,1,TRUE,TRUE,1,SSP1_1_9,AM_85,experiment1
8,12.4235374673537,1,83,13.5238585350788,2.5,1,TRUE,TRUE,1,SSP1_1_9,AM_85,experiment1
2,14.1217840675261,1,83,13.5238585350788,2.5,1,TRUE,TRUE,1,SSP1_1_9,AM_85,experiment1
9,13.5963142978097,1,83,13.5238585350788,2.5,1,TRUE,TRUE,1,SSP1_1_9,AM_85,experiment1
1,11.3987962863559,1,83,13.5238585350788,2.5,1,TRUE,TRUE,1,SSP1_1_9,AM_85,experiment1
9,12.1957091513329,1,83,13.5238585350788,2.5,1,TRUE,TRUE,1,SSP1_1_9,AM_85,experiment1
7,15.1527316048891,1,83,13.5238585350788,2.5,1,TRUE,TRUE,1,SSP1_1_9,AM_85,experiment1
7,14.0261028441931,1,83,13.5238585350788,2.5,1,TRUE,TRUE,1,SSP1_1_9,AM_85,experiment1
7,14.3378715365079,1,83,13.5238585350788,2.5,1,TRUE,TRUE,1,SSP1_1_9,AM_85,experiment1
2,13.5147397388298,1,83,13.5238585350788,2.5,1,TRUE,TRUE,1,SSP1_1_9,AM_85,experiment1
8,12.6219413481719,1,83,13.5238585350788,2.5,1,TRUE,TRUE,1,SSP1_1_9,AM_85,experiment1
11,14.2329985433403,1,83,13.5238585350788,2.5,1,TRUE,TRUE,1,SSP1_1_9,AM_85,experiment1
11,13.6937539112428,1,83,13.5238585350788,2.5,1,TRUE,TRUE,1,SSP1_1_9,AM_85,experiment1
9,13.8850316871336,1,83,13.5238585350788,2.5,1,TRUE,TRUE,1,SSP1_1_9,AM_85,experiment1
1,12.2202211401862,1,83,13.5238585350788,2.5,1,TRUE,TRUE,1,SSP1_1_9,AM_85,experiment1
9,12.0412644788629,1,83,13.5238585350788,2.5,1,TRUE,TRUE,1,SSP1_1_9,AM_85,experiment1
8,13.0848963943808,1,83,13.5238585350788,2.5,1,TRUE,TRUE,1,SSP1_1_9,AM_85,experiment1
11,14.2153178186028,1,83,13.5238585350788,2.5,1,TRUE,TRUE,1,SSP1_1_9,AM_85,experiment1
5,13.5296498276716,1,83,13.5238585350788,2.5,1,TRUE,TRUE,1,SSP1_1_9,AM_85,experiment1
8,14.5165529480095,1,83,13.5238585350788,2.5,1,TRUE,TRUE,1,SSP1_1_9,AM_85,experiment1
1,13.3121769055233,1,83,13.5238585350788,2.5,1,TRUE,TRUE,1,SSP1_1_9,AM_85,experiment1
11,12.7473050714468,1,83,13.5238585350788,2.5,1,TRUE,TRUE,1,SSP1_1_9,AM_85,experiment1
6,11.4958361643242,1,83,13.5238585350788,2.5,1,TRUE,TRUE,1,SSP1_1_9,AM_85,experiment1
9,13.8868390284217,1,83,13.5238585350788,2.5,1,TRUE,TRUE,1,SSP1_1_9,AM_85,experiment1
6,11.6155797343594,1,83,13.5238585350788,2.5,1,TRUE,TRUE,1,SSP1_1_9,AM_85,experiment1
9,14.3117601378407,1,83,13.5238585350788,2.5,1,TRUE,TRUE,1,SSP1_1_9,AM_85,experiment1
6,14.3968346612819,1,83,13.5238585350788,2.5,1,TRUE,TRUE,1,SSP1_1_9,AM_85,experiment1
5,14.5145099221656,1,83,13.5238585350788,2.5,1,TRUE,TRUE,1,SSP1_1_9,AM_85,experiment1
10,13.0415058793303,1,83,13.5238585350788,2.5,1,TRUE,TRUE,1,SSP1_1_9,AM_85,experiment1
9,13.4183325948309,1,83,13.5238585350788,2.5,1,TRUE,TRUE,1,SSP1_1_9,AM_85,experiment1
11,12.8338229293952,1,83,13.5238585350788,2.5,1,TRUE,TRUE,1,SSP1_1_9,AM_85,experiment1
10,12.556520798727,1,83,13.5238585350788,2.5,1,TRUE,TRUE,1,SSP1_1_9,AM_85,experiment1
8,13.7281069392018,1,83,13.5238585350788,2.5,1,TRUE,TRUE,1,SSP1_1_9,AM_85,experiment1
9,13.9291837756808,1,83,13.5238585350788,2.5,1,TRUE,TRUE,1,SSP1_1_9,AM_85,experiment1
9,14.7074106636428,1,83,13.5238585350788,2.5,1,TRUE,TRUE,1,SSP1_1_9,AM_85,experiment1
9,13.685069312616,1,83,13.5238585350788,2.5,1,TRUE,TRUE,1,SSP1_1_9,AM_85,experiment1
11,13.8793377925277,1,83,13.5238585350788,2.5,1,TRUE,TRUE,1,SSP1_1_9,AM_85,experiment1
8,14.324730410851,1,83,13.5238585350788,2.5,1,TRUE,TRUE,1,SSP1_1_9,AM_85,experiment1
7,14.2053835302359,1,83,13.5238585350788,2.5,1,TRUE,TRUE,1,SSP1_1_9,AM_85,experiment1
7,13.9534212340631,1,83,13.5238585350788,2.5,1,TRUE,TRUE,1,SSP1_1_9,AM_85,experiment1
7,12.8124025883438,1,83,13.5238585350788,2.5,1,TRUE,TRUE,1,SSP1_1_9,AM_85,experiment1
8,12.1273384883281,1,83,13.5238585350788,2.5,1,TRUE,TRUE,1,SSP1_1_9,AM_85,experiment1
2,12.0658394521038,1,83,13.5238585350788,2.5,1,TRUE,TRUE,1,SSP1_1_9,AM_85,experiment1
11,12.2682009986564,1,83,13.5238585350788,2.5,1,TRUE,TRUE,1,SSP1_1_9,AM_85,experiment1
7,15.0898694477231,1,83,13.5238585350788,2.5,1,TRUE,TRUE,1,SSP1_1_9,AM_85,experiment1
5,13.2629938784068,1,83,13.5238585350788,2.5,1,TRUE,TRUE,1,SSP1_1_9,AM_85,experiment1
3,14.8287726906637,1,83,13.5238585350788,2.5,1,TRUE,TRUE,1,SSP1_1_9,AM_85,experiment1
11,13.8727429776369,1,83,13.5238585350788,2.5,1,TRUE,TRUE,1,SSP1_1_9,AM_85,experiment1
10,13.9368250544259,1,83,13.5238585350788,2.5,1,TRUE,TRUE,1,SSP1_1_9,AM_85,experiment1
7,10.7789191828877,1,83,13.5238585350788,2.5,1,TRUE,TRUE,1,SSP1_1_9,AM_85,experiment1
7,14.8454291073613,1,83,13.5238585350788,2.5,1,TRUE,TRUE,1,SSP1_1_9,AM_85,experiment1
5,14.0752373632674,1,83,13.5238585350788,2.5,1,TRUE,TRUE,1,SSP1_1_9,AM_85,experiment1
7,8.01274353297452,1,83,13.5238585350788,2.5,1,TRUE,TRUE,1,SSP1_1_9,AM_85,experiment1
9,15.5202652665802,1,83,13.5238585350788,2.5,1,TRUE,TRUE,1,SSP1_1_9,AM_85,experiment1
9,13.158692428426,1,83,13.5238585350788,2.5,1,TRUE,TRUE,1,SSP1_1_9,AM_85,experiment1
9,12.7006821145576,1,83,13.5238585350788,2.5,1,TRUE,TRUE,1,SSP1_1_9,AM_85,experiment1
7,11.9663009053634,1,83,13.5238585350788,2.5,1,TRUE,TRUE,1,SSP1_1_9,AM_85,experiment1
10,13.3466704767799,1,83,13.5238585350788,2.5,1,TRUE,TRUE,1,SSP1_1_9,AM_85,experiment1
7,13.5276773047341,1,83,13.5238585350788,2.5,1,TRUE,TRUE,1,SSP1_1_9,AM_85,experiment1
9,13.2869886327606,1,83,13.5238585350788,2.5,1,TRUE,TRUE,1,SSP1_1_9,AM_85,experiment1
9,14.4116501089928,1,83,13.5238585350788,2.5,1,TRUE,TRUE,1,SSP1_1_9,AM_85,experiment1
1,12.2578594120601,1,83,13.5238585350788,2.5,1,TRUE,TRUE,1,SSP1_1_9,AM_85,experiment1
8,13.8725466383531,1,83,13.5238585350788,2.5,1,TRUE,TRUE,1,SSP1_1_9,AM_85,experiment1
4,14.1375242478611,1,83,13.5238585350788,2.5,1,TRUE,TRUE,1,SSP1_1_9,AM_85,experiment1
8,7.82053285914021,1,83,13.5238585350788,2.5,1,TRUE,TRUE,1,SSP1_1_9,AM_85,experiment1
10,14.161834761354,1,83,13.5238585350788,2.5,1,TRUE,TRUE,1,SSP1_1_9,AM_85,experiment1
1,10.2616595499019,1,83,13.5238585350788,2.5,1,TRUE,TRUE,1,SSP1_1_9,AM_85,experiment1
10,14.2204389549578,1,83,13.5238585350788,2.5,1,TRUE,TRUE,1,SSP1_1_9,AM_85,experiment1
9,14.0208293240954,1,83,13.5238585350788,2.5,1,TRUE,TRUE,1,SSP1_1_9,AM_85,experiment1
9,14.1292609647825,1,83,13.5238585350788,2.5,1,TRUE,TRUE,1,SSP1_1_9,AM_85,experiment1
7,12.9769531799575,1,83,13.5238585350788,2.5,1,TRUE,TRUE,1,SSP1_1_9,AM_85,experiment1
11,16.0317608120722,1,83,13.5238585350788,2.5,1,TRUE,TRUE,1,SSP1_1_9,AM_85,experiment1
1,1.717125,1,83,13.5238585350788,2.5,1,TRUE,TRUE,1,SSP1_1_9,AM_85,experiment1
1,10.8986351315846,1,83,13.5238585350788,2.5,1,TRUE,TRUE,1,SSP1_1_9,AM_85,experiment1
5,12.8181416899962,1,83,13.5238585350788,2.5,1,TRUE,TRUE,1,SSP1_1_9,AM_85,experiment1
9,13.32613229657,1,83,13.5238585350788,2.5,1,TRUE,TRUE,1,SSP1_1_9,AM_85,experiment1
8,14.8723152172465,1,83,13.5238585350788,2.5,1,TRUE,TRUE,1,SSP1_1_9,AM_85,experiment1
7,13.1642711569273,1,83,13.5238585350788,2.5,1,TRUE,TRUE,1,SSP1_1_9,AM_85,experiment1
8,13.3551901854128,1,83,13.5238585350788,2.5,1,TRUE,TRUE,1,SSP1_1_9,AM_85,experiment1
7,13.2832686671721,1,83,13.5238585350788,2.5,1,TRUE,TRUE,1,SSP1_1_9,AM_85,experiment1
9,13.2393172774257,1,83,13.5238585350788,2.5,1,TRUE,TRUE,1,SSP1_1_9,AM_85,experiment1
5,12.696765872321,1,83,13.5238585350788,2.5,1,TRUE,TRUE,1,SSP1_1_9,AM_85,experiment1
8,12.303415323174,1,83,13.5238585350788,2.5,1,TRUE,TRUE,1,SSP1_1_9,AM_85,experiment1
11,13.7100062086445,1,83,13.5238585350788,2.5,1,TRUE,TRUE,1,SSP1_1_9,AM_85,experiment1
1,11.1897323762664,1,83,13.5238585350788,2.5,1,TRUE,TRUE,1,SSP1_1_9,AM_85,experiment1
7,14.3322502102842,1,83,13.5238585350788,2.5,1,TRUE,TRUE,1,SSP1_1_9,AM_85,experiment1
7,12.8054188393959,1,83,13.5238585350788,2.5,1,TRUE,TRUE,1,SSP1_1_9,AM_85,experiment1
6,14.159957521412,1,83,13.5238585350788,2.5,1,TRUE,TRUE,1,SSP1_1_9,AM_85,experiment1
8,12.0247139349895,1,83,13.5238585350788,2.5,1,TRUE,TRUE,1,SSP1_1_9,AM_85,experiment1
5,13.9079904852096,1,83,13.5238585350788,2.5,1,TRUE,TRUE,1,SSP1_1_9,AM_85,experiment1
7,11.8503707138701,1,83,13.5238585350788,2.5,1,TRUE,TRUE,1,SSP1_1_9,AM_85,experiment1
1,9.14210048988779,1,83,13.5238585350788,2.5,1,TRUE,TRUE,1,SSP1_1_9,AM_85,experiment1
1,12.3413977799627,1,83,13.5238585350788,2.5,1,TRUE,TRUE,1,SSP1_1_9,AM_85,experiment1
11,13.6414788297966,1,83,13.5238585350788,2.5,1,TRUE,TRUE,1,SSP1_1_9,AM_85,experiment1
7,13.1707603999741,1,83,13.5238585350788,2.5,1,TRUE,TRUE,1,SSP1_1_9,AM_85,experiment1
10,11.2899013564331,1,83,13.5238585350788,2.5,1,TRUE,TRUE,1,SSP1_1_9,AM_85,experiment1
11,14.3180763954868,1,83,13.5238585350788,2.5,1,TRUE,TRUE,1,SSP1_1_9,AM_85,experiment1
10,13.8697907931097,1,83,13.5238585350788,2.5,1,TRUE,TRUE,1,SSP1_1_9,AM_85,experiment1
2,11.3479399566437,1,83,13.5238585350788,2.5,1,TRUE,TRUE,1,SSP1_1_9,AM_85,experiment1
8,13.4637684746046,1,83,13.5238585350788,2.5,1,TRUE,TRUE,1,SSP1_1_9,AM_85,experiment1
9,10.3680042240008,1,83,13.5238585350788,2.5,1,TRUE,TRUE,1,SSP1_1_9,AM_85,experiment1
9,12.1203898122937,1,83,13.5238585350788,2.5,1,TRUE,TRUE,1,SSP1_1_9,AM_85,experiment1
11,12.7703944807398,1,83,13.5238585350788,2.5,1,TRUE,TRUE,1,SSP1_1_9,AM_85,experiment1
10,9.07064339771752,1,83,13.5238585350788,2.5,1,TRUE,TRUE,1,SSP1_1_9,AM_85,experiment1
6,14.2860271609265,1,83,13.5238585350788,2.5,1,TRUE,TRUE,1,SSP1_1_9,AM_85,experiment1
4,13.9669098484032,1,83,13.5238585350788,2.5,1,TRUE,TRUE,1,SSP1_1_9,AM_85,experiment1
8,14.0661536506586,1,83,13.5238585350788,2.5,1,TRUE,TRUE,1,SSP1_1_9,AM_85,experiment1
8,12.6584204812751,1,83,13.5238585350788,2.5,1,TRUE,TRUE,1,SSP1_1_9,AM_85,experiment1
8,13.9308686649349,1,83,13.5238585350788,2.5,1,TRUE,TRUE,1,SSP1_1_9,AM_85,experiment1
1,11.7044583505383,1,83,13.5238585350788,2.5,1,TRUE,TRUE,1,SSP1_1_9,AM_85,experiment1
7,13.254393062487,1,83,13.5238585350788,2.5,1,TRUE,TRUE,1,SSP1_1_9,AM_85,experiment1
7,12.3270304218516,1,83,13.5238585350788,2.5,1,TRUE,TRUE,1,SSP1_1_9,AM_85,experiment1
6,14.2805862250136,1,83,13.5238585350788,2.5,1,TRUE,TRUE,1,SSP1_1_9,AM_85,experiment1
10,12.4363942018416,1,83,13.5238585350788,2.5,1,TRUE,TRUE,1,SSP1_1_9,AM_85,experiment1
7,14.3450326497189,1,83,13.5238585350788,2.5,1,TRUE,TRUE,1,SSP1_1_9,AM_85,experiment1
6,12.5957235207026,1,83,13.5238585350788,2.5,1,TRUE,TRUE,1,SSP1_1_9,AM_85,experiment1
9,13.1059341526489,1,83,13.5238585350788,2.5,1,TRUE,TRUE,1,SSP1_1_9,AM_85,experiment1
8,12.6762017396202,1,83,13.5238585350788,2.5,1,TRUE,TRUE,1,SSP1_1_9,AM_85,experiment1
9,13.4677867626809,1,83,13.5238585350788,2.5,1,TRUE,TRUE,1,SSP1_1_9,AM_85,experiment1
7,12.7925299098048,1,83,13.5238585350788,2.5,1,TRUE,TRUE,1,SSP1_1_9,AM_85,experiment1
6,11.9360458572182,1,83,13.5238585350788,2.5,1,TRUE,TRUE,1,SSP1_1_9,AM_85,experiment1
3,12.2048122991446,1,83,13.5238585350788,2.5,1,TRUE,TRUE,1,SSP1_1_9,AM_85,experiment1
9,11.6496304679261,1,83,13.5238585350788,2.5,1,TRUE,TRUE,1,SSP1_1_9,AM_85,experiment1
9,13.6222684748668,1,83,13.5238585350788,2.5,1,TRUE,TRUE,1,SSP1_1_9,AM_85,experiment1
11,11.0433293429402,1,83,13.5238585350788,2.5,1,TRUE,TRUE,1,SSP1_1_9,AM_85,experiment1
8,13.388378071753,1,83,13.5238585350788,2.5,1,TRUE,TRUE,1,SSP1_1_9,AM_85,experiment1
10,13.8462780999216,1,83,13.5238585350788,2.5,1,TRUE,TRUE,1,SSP1_1_9,AM_85,experiment1
6,12.6637710685056,1,83,13.5238585350788,2.5,1,TRUE,TRUE,1,SSP1_1_9,AM_85,experiment1
9,14.1136984753018,1,83,13.5238585350788,2.5,1,TRUE,TRUE,1,SSP1_1_9,AM_85,experiment1
2,13.0999322934255,1,83,13.5238585350788,2.5,1,TRUE,TRUE,1,SSP1_1_9,AM_85,experiment1
11,14.4399454993349,1,83,13.5238585350788,2.5,1,TRUE,TRUE,1,SSP1_1_9,AM_85,experiment1
8,12.6736044413551,1,83,13.5238585350788,2.5,1,TRUE,TRUE,1,SSP1_1_9,AM_85,experiment1
1,7.23509904492446,1,83,13.5238585350788,2.5,1,TRUE,TRUE,1,SSP1_1_9,AM_85,experiment1
7,12.1558661700197,1,83,13.5238585350788,2.5,1,TRUE,TRUE,1,SSP1_1_9,AM_85,experiment1
8,13.8061649461988,1,83,13.5238585350788,2.5,1,TRUE,TRUE,1,SSP1_1_9,AM_85,experiment1
8,13.0680537347049,1,83,13.5238585350788,2.5,1,TRUE,TRUE,1,SSP1_1_9,AM_85,experiment1
11,13.7353362922864,1,83,13.5238585350788,2.5,1,TRUE,TRUE,1,SSP1_1_9,AM_85,experiment1
10,14.1556791567704,1,83,13.5238585350788,2.5,1,TRUE,TRUE,1,SSP1_1_9,AM_85,experiment1
9,13.8439326266483,1,83,13.5238585350788,2.5,1,TRUE,TRUE,1,SSP1_1_9,AM_85,experiment1
11,13.7292880430149,1,83,13.5238585350788,2.5,1,TRUE,TRUE,1,SSP1_1_9,AM_85,experiment1
8,13.927623615913,1,83,13.5238585350788,2.5,1,TRUE,TRUE,1,SSP1_1_9,AM_85,experiment1
8,14.3241071678501,1,83,13.5238585350788,2.5,1,TRUE,TRUE,1,SSP1_1_9,AM_85,experiment1
10,14.7159297378959,1,83,13.5238585350788,2.5,1,TRUE,TRUE,1,SSP1_1_9,AM_85,experiment1
9,12.6246185752526,1,83,13.5238585350788,2.5,1,TRUE,TRUE,1,SSP1_1_9,AM_85,experiment1
7,13.3615738684328,1,83,13.5238585350788,2.5,1,TRUE,TRUE,1,SSP1_1_9,AM_85,experiment1
8,12.0794012704992,1,83,13.5238585350788,2.5,1,TRUE,TRUE,1,SSP1_1_9,AM_85,experiment1
10,13.7783764909483,1,83,13.5238585350788,2.5,1,TRUE,TRUE,1,SSP1_1_9,AM_85,experiment1
6,14.3519672279532,1,83,13.5238585350788,2.5,1,TRUE,TRUE,1,SSP1_1_9,AM_85,experiment1
7,14.047102764455,1,83,13.5238585350788,2.5,1,TRUE,TRUE,1,SSP1_1_9,AM_85,experiment1
8,8.29927279404863,1,83,13.5238585350788,2.5,1,TRUE,TRUE,1,SSP1_1_9,AM_85,experiment1
1,12.1746295584641,1,83,13.5238585350788,2.5,1,TRUE,TRUE,1,SSP1_1_9,AM_85,experiment1
8,12.6924453031649,1,83,13.5238585350788,2.5,1,TRUE,TRUE,1,SSP1_1_9,AM_85,experiment1
3,14.8853628600112,1,83,13.5238585350788,2.5,1,TRUE,TRUE,1,SSP1_1_9,AM_85,experiment1
10,12.599038497236,1,83,13.5238585350788,2.5,1,TRUE,TRUE,1,SSP1_1_9,AM_85,experiment1
10,13.1113108101035,1,83,13.5238585350788,2.5,1,TRUE,TRUE,1,SSP1_1_9,AM_85,experiment1
7,13.2926682328825,1,83,13.5238585350788,2.5,1,TRUE,TRUE,1,SSP1_1_9,AM_85,experiment1
9,13.7787204526025,1,83,13.5238585350788,2.5,1,TRUE,TRUE,1,SSP1_1_9,AM_85,experiment1
1,12.8577729863484,1,83,13.5238585350788,2.5,1,TRUE,TRUE,1,SSP1_1_9,AM_85,experiment1
11,9.46765110329546,1,83,13.5238585350788,2.5,1,TRUE,TRUE,1,SSP1_1_9,AM_85,experiment1
9,14.2807299853889,1,83,13.5238585350788,2.5,1,TRUE,TRUE,1,SSP1_1_9,AM_85,experiment1
7,13.3862725329981,1,83,13.5238585350788,2.5,1,TRUE,TRUE,1,SSP1_1_9,AM_85,experiment1
1,11.0554024689067,1,83,13.5238585350788,2.5,1,TRUE,TRUE,1,SSP1_1_9,AM_85,experiment1
8,12.5497328529169,1,83,13.5238585350788,2.5,1,TRUE,TRUE,1,SSP1_1_9,AM_85,experiment1
7,13.8273844349296,1,83,13.5238585350788,2.5,1,TRUE,TRUE,1,SSP1_1_9,AM_85,experiment1
8,14.4904753910662,1,83,13.5238585350788,2.5,1,TRUE,TRUE,1,SSP1_1_9,AM_85,experiment1
7,12.6974503151529,1,83,13.5238585350788,2.5,1,TRUE,TRUE,1,SSP1_1_9,AM_85,experiment1
6,14.135377355637,1,83,13.5238585350788,2.5,1,TRUE,TRUE,1,SSP1_1_9,AM_85,experiment1
4,12.6095026127921,1,83,13.5238585350788,2.5,1,TRUE,TRUE,1,SSP1_1_9,AM_85,experiment1
1,12.6428901115106,1,83,13.5238585350788,2.5,1,TRUE,TRUE,1,SSP1_1_9,AM_85,experiment1
6,13.0719030369852,1,83,13.5238585350788,2.5,1,TRUE,TRUE,1,SSP1_1_9,AM_85,experiment1
10,13.3465819340616,1,83,13.5238585350788,2.5,1,TRUE,TRUE,1,SSP1_1_9,AM_85,experiment1
8,12.4413861733003,1,83,13.5238585350788,2.5,1,TRUE,TRUE,1,SSP1_1_9,AM_85,experiment1
9,13.2877185276218,1,83,13.5238585350788,2.5,1,TRUE,TRUE,1,SSP1_1_9,AM_85,experiment1
9,12.0354995285638,1,83,13.5238585350788,2.5,1,TRUE,TRUE,1,SSP1_1_9,AM_85,experiment1
1,12.2512175461121,1,83,13.5238585350788,2.5,1,TRUE,TRUE,1,SSP1_1_9,AM_85,experiment1
8,13.0723463260312,1,83,13.5238585350788,2.5,1,TRUE,TRUE,1,SSP1_1_9,AM_85,experiment1
9,13.0230256879601,1,83,13.5238585350788,2.5,1,TRUE,TRUE,1,SSP1_1_9,AM_85,experiment1
6,14.2602843437342,1,83,13.5238585350788,2.5,1,TRUE,TRUE,1,SSP1_1_9,AM_85,experiment1
7,12.7147719116304,1,83,13.5238585350788,2.5,1,TRUE,TRUE,1,SSP1_1_9,AM_85,experiment1
9,13.9292210366277,1,83,13.5238585350788,2.5,1,TRUE,TRUE,1,SSP1_1_9,AM_85,experiment1
8,13.9215483549717,1,83,13.5238585350788,2.5,1,TRUE,TRUE,1,SSP1_1_9,AM_85,experiment1
1,12.9482729644843,1,83,13.5238585350788,2.5,1,TRUE,TRUE,1,SSP1_1_9,AM_85,experiment1
9,10.0008739654904,1,83,13.5238585350788,2.5,1,TRUE,TRUE,1,SSP1_1_9,AM_85,experiment1
11,14.5689137677089,1,83,13.5238585350788,2.5,1,TRUE,TRUE,1,SSP1_1_9,AM_85,experiment1
8,13.2214368918076,1,83,13.5238585350788,2.5,1,TRUE,TRUE,1,SSP1_1_9,AM_85,experiment1
7,11.7079860653006,1,83,13.5238585350788,2.5,1,TRUE,TRUE,1,SSP1_1_9,AM_85,experiment1
11,13.2271221532025,1,83,13.5238585350788,2.5,1,TRUE,TRUE,1,SSP1_1_9,AM_85,experiment1
8,13.5127588882672,1,83,13.5238585350788,2.5,1,TRUE,TRUE,1,SSP1_1_9,AM_85,experiment1
2,11.7244631002452,1,83,13.5238585350788,2.5,1,TRUE,TRUE,1,SSP1_1_9,AM_85,experiment1
9,12.2184889036547,1,83,13.5238585350788,2.5,1,TRUE,TRUE,1,SSP1_1_9,AM_85,experiment1
8,13.2838979483431,1,83,13.5238585350788,2.5,1,TRUE,TRUE,1,SSP1_1_9,AM_85,experiment1
10,11.9923733493352,1,83,13.5238585350788,2.5,1,TRUE,TRUE,1,SSP1_1_9,AM_85,experiment1
1,3.611365328125,1,83,13.5238585350788,2.5,1,TRUE,TRUE,1,SSP1_1_9,AM_85,experiment1
8,12.7162305220625,1,83,13.5238585350788,2.5,1,TRUE,TRUE,1,SSP1_1_9,AM_85,experiment1
8,14.0473129086418,1,83,13.5238585350788,2.5,1,TRUE,TRUE,1,SSP1_1_9,AM_85,experiment1
10,12.2292725406638,1,83,13.5238585350788,2.5,1,TRUE,TRUE,1,SSP1_1_9,AM_85,experiment1
10,12.4655498213478,1,83,13.5238585350788,2.5,1,TRUE,TRUE,1,SSP1_1_9,AM_85,experiment1
9,12.6264798001271,1,83,13.5238585350788,2.5,1,TRUE,TRUE,1,SSP1_1_9,AM_85,experiment1
11,13.0229863823988,1,83,13.5238585350788,2.5,1,TRUE,TRUE,1,SSP1_1_9,AM_85,experiment1
1,0.95,1,83,13.5238585350788,2.5,1,TRUE,TRUE,1,SSP1_1_9,AM_85,experiment1
10,13.0778098032532,1,83,13.5238585350788,2.5,1,TRUE,TRUE,1,SSP1_1_9,AM_85,experiment1
9,6.41736672241643,1,83,13.5238585350788,2.5,1,TRUE,TRUE,1,SSP1_1_9,AM_85,experiment1
9,12.17728489678,1,83,13.5238585350788,2.5,1,TRUE,TRUE,1,SSP1_1_9,AM_85,experiment1
6,13.0638595090783,1,83,13.5238585350788,2.5,1,TRUE,TRUE,1,SSP1_1_9,AM_85,experiment1
9,10.2955781298939,1,83,13.5238585350788,2.5,1,TRUE,TRUE,1,SSP1_1_9,AM_85,experiment1
11,13.3202606504537,1,83,13.5238585350788,2.5,1,TRUE,TRUE,1,SSP1_1_9,AM_85,experiment1
10,12.9664599212105,1,83,13.5238585350788,2.5,1,TRUE,TRUE,1,SSP1_1_9,AM_85,experiment1
6,11.5230337138468,1,83,13.5238585350788,2.5,1,TRUE,TRUE,1,SSP1_1_9,AM_85,experiment1
1,12.6055651770865,1,83,13.5238585350788,2.5,1,TRUE,TRUE,1,SSP1_1_9,AM_85,experiment1
8,14.0109722786726,1,83,13.5238585350788,2.5,1,TRUE,TRUE,1,SSP1_1_9,AM_85,experiment1
10,10.9665984076432,1,83,13.5238585350788,2.5,1,TRUE,TRUE,1,SSP1_1_9,AM_85,experiment1
9,13.5129752389172,1,83,13.5238585350788,2.5,1,TRUE,TRUE,1,SSP1_1_9,AM_85,experiment1
6,13.7333059353071,1,83,13.5238585350788,2.5,1,TRUE,TRUE,1,SSP1_1_9,AM_85,experiment1
10,12.8734209095453,1,83,13.5238585350788,2.5,1,TRUE,TRUE,1,SSP1_1_9,AM_85,experiment1
10,14.2764489804308,1,83,13.5238585350788,2.5,1,TRUE,TRUE,1,SSP1_1_9,AM_85,experiment1
4,15.5517911493449,1,83,13.5238585350788,2.5,1,TRUE,TRUE,1,SSP1_1_9,AM_85,experiment1
7,12.8870999817819,1,83,13.5238585350788,2.5,1,TRUE,TRUE,1,SSP1_1_9,AM_85,experiment1
10,14.6977074602153,1,83,13.5238585350788,2.5,1,TRUE,TRUE,1,SSP1_1_9,AM_85,experiment1
9,10.7310289909434,1,83,13.5238585350788,2.5,1,TRUE,TRUE,1,SSP1_1_9,AM_85,experiment1
8,14.0692415733463,1,83,13.5238585350788,2.5,1,TRUE,TRUE,1,SSP1_1_9,AM_85,experiment1
9,12.171226728839,1,83,13.5238585350788,2.5,1,TRUE,TRUE,1,SSP1_1_9,AM_85,experiment1
8,12.7966279611042,1,83,13.5238585350788,2.5,1,TRUE,TRUE,1,SSP1_1_9,AM_85,experiment1
7,14.6799322635759,1,83,13.5238585350788,2.5,1,TRUE,TRUE,1,SSP1_1_9,AM_85,experiment1
5,14.2678011586437,1,83,13.5238585350788,2.5,1,TRUE,TRUE,1,SSP1_1_9,AM_85,experiment1
6,13.3451373244202,1,83,13.5238585350788,2.5,1,TRUE,TRUE,1,SSP1_1_9,AM_85,experiment1
10,14.3179246416661,1,83,13.5238585350788,2.5,1,TRUE,TRUE,1,SSP1_1_9,AM_85,experiment1
7,13.230083055577,1,83,13.5238585350788,2.5,1,TRUE,TRUE,1,SSP1_1_9,AM_85,experiment1
9,13.2399866467864,1,83,13.5238585350788,2.5,1,TRUE,TRUE,1,SSP1_1_9,AM_85,experiment1
10,13.8504655872783,1,83,13.5238585350788,2.5,1,TRUE,TRUE,1,SSP1_1_9,AM_85,experiment1
8,13.2877891539285,1,83,13.5238585350788,2.5,1,TRUE,TRUE,1,SSP1_1_9,AM_85,experiment1
11,14.0978543226032,1,83,13.5238585350788,2.5,1,TRUE,TRUE,1,SSP1_1_9,AM_85,experiment1
7,9.47891490402146,1,83,13.5238585350788,2.5,1,TRUE,TRUE,1,SSP1_1_9,AM_85,experiment1
8,12.7383806432467,1,83,13.5238585350788,2.5,1,TRUE,TRUE,1,SSP1_1_9,AM_85,experiment1
9,13.9531595918288,1,83,13.5238585350788,2.5,1,TRUE,TRUE,1,SSP1_1_9,AM_85,experiment1
10,12.5359476114094,1,83,13.5238585350788,2.5,1,TRUE,TRUE,1,SSP1_1_9,AM_85,experiment1
2,11.4833141613077,1,83,13.5238585350788,2.5,1,TRUE,TRUE,1,SSP1_1_9,AM_85,experiment1
7,13.5733333408752,1,83,13.5238585350788,2.5,1,TRUE,TRUE,1,SSP1_1_9,AM_85,experiment1
7,12.968017868561,1,83,13.5238585350788,2.5,1,TRUE,TRUE,1,SSP1_1_9,AM_85,experiment1
8,14.2494115243329,1,83,13.5238585350788,2.5,1,TRUE,TRUE,1,SSP1_1_9,AM_85,experiment1
10,14.5499305322951,1,83,13.5238585350788,2.5,1,TRUE,TRUE,1,SSP1_1_9,AM_85,experiment1
11,14.700585276979,1,83,13.5238585350788,2.5,1,TRUE,TRUE,1,SSP1_1_9,AM_85,experiment1
1,12.7149946519831,1,83,13.5238585350788,2.5,1,TRUE,TRUE,1,SSP1_1_9,AM_85,experiment1
7,14.4617459111551,1,83,13.5238585350788,2.5,1,TRUE,TRUE,1,SSP1_1_9,AM_85,experiment1
11,13.189894393004,1,83,13.5238585350788,2.5,1,TRUE,TRUE,1,SSP1_1_9,AM_85,experiment1
1,13.1044940736374,1,83,13.5238585350788,2.5,1,TRUE,TRUE,1,SSP1_1_9,AM_85,experiment1
10,12.2647226533056,1,83,13.5238585350788,2.5,1,TRUE,TRUE,1,SSP1_1_9,AM_85,experiment1
11,12.8609412835528,1,83,13.5238585350788,2.5,1,TRUE,TRUE,1,SSP1_1_9,AM_85,experiment1
10,11.6228026365098,1,83,13.5238585350788,2.5,1,TRUE,TRUE,1,SSP1_1_9,AM_85,experiment1
11,13.9219904969984,1,83,13.5238585350788,2.5,1,TRUE,TRUE,1,SSP1_1_9,AM_85,experiment1
7,13.6426097681711,1,83,13.5238585350788,2.5,1,TRUE,TRUE,1,SSP1_1_9,AM_85,experiment1
1,14.4062108455574,1,83,13.5238585350788,2.5,1,TRUE,TRUE,1,SSP1_1_9,AM_85,experiment1
11,12.6341636515975,1,83,13.5238585350788,2.5,1,TRUE,TRUE,1,SSP1_1_9,AM_85,experiment1
5,8.27472534081545,1,83,13.5238585350788,2.5,1,TRUE,TRUE,1,SSP1_1_9,AM_85,experiment1
6,13.7203477717442,1,83,13.5238585350788,2.5,1,TRUE,TRUE,1,SSP1_1_9,AM_85,experiment1
8,13.2420731498604,1,83,13.5238585350788,2.5,1,TRUE,TRUE,1,SSP1_1_9,AM_85,experiment1
8,14.7926854739465,1,83,13.5238585350788,2.5,1,TRUE,TRUE,1,SSP1_1_9,AM_85,experiment1
11,12.7397767999811,1,83,13.5238585350788,2.5,1,TRUE,TRUE,1,SSP1_1_9,AM_85,experiment1
10,14.3876676259061,1,83,13.5238585350788,2.5,1,TRUE,TRUE,1,SSP1_1_9,AM_85,experiment1
5,13.0821773142373,1,83,13.5238585350788,2.5,1,TRUE,TRUE,1,SSP1_1_9,AM_85,experiment1
10,13.563211372954,1,83,13.5238585350788,2.5,1,TRUE,TRUE,1,SSP1_1_9,AM_85,experiment1
8,13.3930394389065,1,83,13.5238585350788,2.5,1,TRUE,TRUE,1,SSP1_1_9,AM_85,experiment1
1,3.791865328125,1,83,13.5238585350788,2.5,1,TRUE,TRUE,1,SSP1_1_9,AM_85,experiment1
10,13.8453126475512,1,83,13.5238585350788,2.5,1,TRUE,TRUE,1,SSP1_1_9,AM_85,experiment1
1,12.1325562725223,1,83,13.5238585350788,2.5,1,TRUE,TRUE,1,SSP1_1_9,AM_85,experiment1
6,10.7860627913695,1,83,13.5238585350788,2.5,1,TRUE,TRUE,1,SSP1_1_9,AM_85,experiment1
1,7.32704827340895,1,83,13.5238585350788,2.5,1,TRUE,TRUE,1,SSP1_1_9,AM_85,experiment1
10,11.8047459159653,1,83,13.5238585350788,2.5,1,TRUE,TRUE,1,SSP1_1_9,AM_85,experiment1
11,13.3783278318984,1,83,13.5238585350788,2.5,1,TRUE,TRUE,1,SSP1_1_9,AM_85,experiment1
9,13.9347430310603,1,83,13.5238585350788,2.5,1,TRUE,TRUE,1,SSP1_1_9,AM_85,experiment1
5,11.5290442941481,1,83,13.5238585350788,2.5,1,TRUE,TRUE,1,SSP1_1_9,AM_85,experiment1
10,13.3978712143804,1,83,13.5238585350788,2.5,1,TRUE,TRUE,1,SSP1_1_9,AM_85,experiment1
7,14.6089161489234,1,83,13.5238585350788,2.5,1,TRUE,TRUE,1,SSP1_1_9,AM_85,experiment1
9,11.5935272744718,1,83,13.5238585350788,2.5,1,TRUE,TRUE,1,SSP1_1_9,AM_85,experiment1
11,15.6328832397291,1,83,13.5238585350788,2.5,1,TRUE,TRUE,1,SSP1_1_9,AM_85,experiment1
9,13.875422473672,1,83,13.5238585350788,2.5,1,TRUE,TRUE,1,SSP1_1_9,AM_85,experiment1
6,14.655452989054,1,83,13.5238585350788,2.5,1,TRUE,TRUE,1,SSP1_1_9,AM_85,experiment1
10,14.1008794325678,1,83,13.5238585350788,2.5,1,TRUE,TRUE,1,SSP1_1_9,AM_85,experiment1
11,13.9064871483419,1,83,13.5238585350788,2.5,1,TRUE,TRUE,1,SSP1_1_9,AM_85,experiment1
1,11.8239251143623,1,83,13.5238585350788,2.5,1,TRUE,TRUE,1,SSP1_1_9,AM_85,experiment1
9,12.7852335255253,1,83,13.5238585350788,2.5,1,TRUE,TRUE,1,SSP1_1_9,AM_85,experiment1
10,13.5009214082393,1,83,13.5238585350788,2.5,1,TRUE,TRUE,1,SSP1_1_9,AM_85,experiment1
8,10.6842536618074,1,83,13.5238585350788,2.5,1,TRUE,TRUE,1,SSP1_1_9,AM_85,experiment1
7,14.0165796706922,1,83,13.5238585350788,2.5,1,TRUE,TRUE,1,SSP1_1_9,AM_85,experiment1
8,12.9324152646449,1,83,13.5238585350788,2.5,1,TRUE,TRUE,1,SSP1_1_9,AM_85,experiment1
10,14.2826385433282,1,83,13.5238585350788,2.5,1,TRUE,TRUE,1,SSP1_1_9,AM_85,experiment1
6,13.8105758518793,1,83,13.5238585350788,2.5,1,TRUE,TRUE,1,SSP1_1_9,AM_85,experiment1
8,11.7760758448406,1,83,13.5238585350788,2.5,1,TRUE,TRUE,1,SSP1_1_9,AM_85,experiment1
6,12.6659840606434,1,83,13.5238585350788,2.5,1,TRUE,TRUE,1,SSP1_1_9,AM_85,experiment1
7,15.030212571975,1,83,13.5238585350788,2.5,1,TRUE,TRUE,1,SSP1_1_9,AM_85,experiment1
1,13.2038434888494,1,83,13.5238585350788,2.5,1,TRUE,TRUE,1,SSP1_1_9,AM_85,experiment1
11,13.3529591506509,1,83,13.5238585350788,2.5,1,TRUE,TRUE,1,SSP1_1_9,AM_85,experiment1
7,12.9659689741045,1,83,13.5238585350788,2.5,1,TRUE,TRUE,1,SSP1_1_9,AM_85,experiment1
10,14.7445855969878,1,83,13.5238585350788,2.5,1,TRUE,TRUE,1,SSP1_1_9,AM_85,experiment1
1,9.5563898151168,1,83,13.5238585350788,2.5,1,TRUE,TRUE,1,SSP1_1_9,AM_85,experiment1
1,13.6674289925869,1,83,13.5238585350788,2.5,1,TRUE,TRUE,1,SSP1_1_9,AM_85,experiment1
6,14.6799185576956,1,83,13.5238585350788,2.5,1,TRUE,TRUE,1,SSP1_1_9,AM_85,experiment1
9,12.8725388195057,1,83,13.5238585350788,2.5,1,TRUE,TRUE,1,SSP1_1_9,AM_85,experiment1
11,14.9106617948279,1,83,13.5238585350788,2.5,1,TRUE,TRUE,1,SSP1_1_9,AM_85,experiment1
9,11.4257024830178,1,83,13.5238585350788,2.5,1,TRUE,TRUE,1,SSP1_1_9,AM_85,experiment1
8,9.01935329450681,1,83,13.5238585350788,2.5,1,TRUE,TRUE,1,SSP1_1_9,AM_85,experiment1
9,10.6796965502899,1,83,13.5238585350788,2.5,1,TRUE,TRUE,1,SSP1_1_9,AM_85,experiment1
6,12.2799439195508,1,83,13.5238585350788,2.5,1,TRUE,TRUE,1,SSP1_1_9,AM_85,experiment1
1,12.8071241220256,1,83,13.5238585350788,2.5,1,TRUE,TRUE,1,SSP1_1_9,AM_85,experiment1
4,15.0942705643597,1,83,13.5238585350788,2.5,1,TRUE,TRUE,1,SSP1_1_9,AM_85,experiment1
10,14.5713594188977,1,83,13.5238585350788,2.5,1,TRUE,TRUE,1,SSP1_1_9,AM_85,experiment1
11,13.9821939449553,1,83,13.5238585350788,2.5,1,TRUE,TRUE,1,SSP1_1_9,AM_85,experiment1
10,13.0165064691693,1,83,13.5238585350788,2.5,1,TRUE,TRUE,1,SSP1_1_9,AM_85,experiment1
8,14.512523992649,1,83,13.5238585350788,2.5,1,TRUE,TRUE,1,SSP1_1_9,AM_85,experiment1
2,11.9295413665492,1,83,13.5238585350788,2.5,1,TRUE,TRUE,1,SSP1_1_9,AM_85,experiment1
1,13.8279552167153,1,83,13.5238585350788,2.5,1,TRUE,TRUE,1,SSP1_1_9,AM_85,experiment1
5,12.8659526013239,1,83,13.5238585350788,2.5,1,TRUE,TRUE,1,SSP1_1_9,AM_85,experiment1
10,14.1715073209865,1,83,13.5238585350788,2.5,1,TRUE,TRUE,1,SSP1_1_9,AM_85,experiment1
10,12.6157116478528,1,83,13.5238585350788,2.5,1,TRUE,TRUE,1,SSP1_1_9,AM_85,experiment1
8,13.2286254228145,1,83,13.5238585350788,2.5,1,TRUE,TRUE,1,SSP1_1_9,AM_85,experiment1
10,12.2703768618534,1,83,13.5238585350788,2.5,1,TRUE,TRUE,1,SSP1_1_9,AM_85,experiment1
7,13.6107469094295,1,83,13.5238585350788,2.5,1,TRUE,TRUE,1,SSP1_1_9,AM_85,experiment1
10,14.5797310105574,1,83,13.5238585350788,2.5,1,TRUE,TRUE,1,SSP1_1_9,AM_85,experiment1
9,14.2481190892724,1,83,13.5238585350788,2.5,1,TRUE,TRUE,1,SSP1_1_9,AM_85,experiment1
7,11.8280593969154,1,83,13.5238585350788,2.5,1,TRUE,TRUE,1,SSP1_1_9,AM_85,experiment1
7,10.4556401005984,1,83,13.5238585350788,2.5,1,TRUE,TRUE,1,SSP1_1_9,AM_85,experiment1
9,12.5621665328261,1,83,13.5238585350788,2.5,1,TRUE,TRUE,1,SSP1_1_9,AM_85,experiment1
4,13.6075813385012,1,83,13.5238585350788,2.5,1,TRUE,TRUE,1,SSP1_1_9,AM_85,experiment1
5,13.7255029547652,1,83,13.5238585350788,2.5,1,TRUE,TRUE,1,SSP1_1_9,AM_85,experiment1
10,12.8321387139601,1,83,13.5238585350788,2.5,1,TRUE,TRUE,1,SSP1_1_9,AM_85,experiment1
7,14.5401490485653,1,83,13.5238585350788,2.5,1,TRUE,TRUE,1,SSP1_1_9,AM_85,experiment1
1,11.0076355566975,1,83,13.5238585350788,2.5,1,TRUE,TRUE,1,SSP1_1_9,AM_85,experiment1
5,14.2288456260012,1,83,13.5238585350788,2.5,1,TRUE,TRUE,1,SSP1_1_9,AM_85,experiment1
7,14.8339160521969,1,83,13.5238585350788,2.5,1,TRUE,TRUE,1,SSP1_1_9,AM_85,experiment1
8,13.3459804420992,1,83,13.5238585350788,2.5,1,TRUE,TRUE,1,SSP1_1_9,AM_85,experiment1
1,11.9068115217064,1,83,13.5238585350788,2.5,1,TRUE,TRUE,1,SSP1_1_9,AM_85,experiment1
8,12.4297225515864,1,83,13.5238585350788,2.5,1,TRUE,TRUE,1,SSP1_1_9,AM_85,experiment1
7,13.8450260542263,1,83,13.5238585350788,2.5,1,TRUE,TRUE,1,SSP1_1_9,AM_85,experiment1
6,13.7910126758768,1,83,13.5238585350788,2.5,1,TRUE,TRUE,1,SSP1_1_9,AM_85,experiment1
9,12.5644458030256,1,83,13.5238585350788,2.5,1,TRUE,TRUE,1,SSP1_1_9,AM_85,experiment1
10,14.2459851182839,1,83,13.5238585350788,2.5,1,TRUE,TRUE,1,SSP1_1_9,AM_85,experiment1
9,9.33043118541409,1,83,13.5238585350788,2.5,1,TRUE,TRUE,1,SSP1_1_9,AM_85,experiment1
9,15.4226993349759,1,83,13.5238585350788,2.5,1,TRUE,TRUE,1,SSP1_1_9,AM_85,experiment1
10,14.4813655428779,1,83,13.5238585350788,2.5,1,TRUE,TRUE,1,SSP1_1_9,AM_85,experiment1
11,12.0352293706932,1,83,13.5238585350788,2.5,1,TRUE,TRUE,1,SSP1_1_9,AM_85,experiment1
11,13.1303789984236,1,83,13.5238585350788,2.5,1,TRUE,TRUE,1,SSP1_1_9,AM_85,experiment1
8,12.0432456497754,1,83,13.5238585350788,2.5,1,TRUE,TRUE,1,SSP1_1_9,AM_85,experiment1
10,13.8148107254216,1,83,13.5238585350788,2.5,1,TRUE,TRUE,1,SSP1_1_9,AM_85,experiment1
1,5.75280875084961,1,83,13.5238585350788,2.5,1,TRUE,TRUE,1,SSP1_1_9,AM_85,experiment1
1,11.3825911772016,1,83,13.5238585350788,2.5,1,TRUE,TRUE,1,SSP1_1_9,AM_85,experiment1
7,13.4768317197174,1,83,13.5238585350788,2.5,1,TRUE,TRUE,1,SSP1_1_9,AM_85,experiment1
6,13.5562162955994,1,83,13.5238585350788,2.5,1,TRUE,TRUE,1,SSP1_1_9,AM_85,experiment1
10,14.4130059124899,1,83,13.5238585350788,2.5,1,TRUE,TRUE,1,SSP1_1_9,AM_85,experiment1
6,13.7380716796198,1,83,13.5238585350788,2.5,1,TRUE,TRUE,1,SSP1_1_9,AM_85,experiment1
8,11.9759278993998,1,83,13.5238585350788,2.5,1,TRUE,TRUE,1,SSP1_1_9,AM_85,experiment1
10,13.5275532085125,1,83,13.5238585350788,2.5,1,TRUE,TRUE,1,SSP1_1_9,AM_85,experiment1
8,14.4827455642688,1,83,13.5238585350788,2.5,1,TRUE,TRUE,1,SSP1_1_9,AM_85,experiment1
10,12.6958050160165,1,83,13.5238585350788,2.5,1,TRUE,TRUE,1,SSP1_1_9,AM_85,experiment1
8,14.0704372903338,1,83,13.5238585350788,2.5,1,TRUE,TRUE,1,SSP1_1_9,AM_85,experiment1
9,13.3969850129303,1,83,13.5238585350788,2.5,1,TRUE,TRUE,1,SSP1_1_9,AM_85,experiment1
1,13.4533124832862,1,83,13.5238585350788,2.5,1,TRUE,TRUE,1,SSP1_1_9,AM_85,experiment1
10,12.9721263748227,1,83,13.5238585350788,2.5,1,TRUE,TRUE,1,SSP1_1_9,AM_85,experiment1
9,12.7214429431395,1,83,13.5238585350788,2.5,1,TRUE,TRUE,1,SSP1_1_9,AM_85,experiment1
9,13.1759058254606,1,83,13.5238585350788,2.5,1,TRUE,TRUE,1,SSP1_1_9,AM_85,experiment1
8,14.906463176866,1,83,13.5238585350788,2.5,1,TRUE,TRUE,1,SSP1_1_9,AM_85,experiment1
9,13.7567979845538,1,83,13.5238585350788,2.5,1,TRUE,TRUE,1,SSP1_1_9,AM_85,experiment1
7,14.2025734748093,1,83,13.5238585350788,2.5,1,TRUE,TRUE,1,SSP1_1_9,AM_85,experiment1
8,13.5769819492183,1,83,13.5238585350788,2.5,1,TRUE,TRUE,1,SSP1_1_9,AM_85,experiment1
4,10.3057095197861,1,83,13.5238585350788,2.5,1,TRUE,TRUE,1,SSP1_1_9,AM_85,experiment1
8,13.4517226733616,1,83,13.5238585350788,2.5,1,TRUE,TRUE,1,SSP1_1_9,AM_85,experiment1
7,12.7436116790619,1,83,13.5238585350788,2.5,1,TRUE,TRUE,1,SSP1_1_9,AM_85,experiment1
4,13.1472552611265,1,83,13.5238585350788,2.5,1,TRUE,TRUE,1,SSP1_1_9,AM_85,experiment1
5,13.1468257443371,1,83,13.5238585350788,2.5,1,TRUE,TRUE,1,SSP1_1_9,AM_85,experiment1
7,13.6290094738866,1,83,13.5238585350788,2.5,1,TRUE,TRUE,1,SSP1_1_9,AM_85,experiment1
9,12.8410709949886,1,83,13.5238585350788,2.5,1,TRUE,TRUE,1,SSP1_1_9,AM_85,experiment1
7,14.451436547296,1,83,13.5238585350788,2.5,1,TRUE,TRUE,1,SSP1_1_9,AM_85,experiment1
1,13.9509868342246,1,83,13.5238585350788,2.5,1,TRUE,TRUE,1,SSP1_1_9,AM_85,experiment1
11,13.9450881156299,1,83,13.5238585350788,2.5,1,TRUE,TRUE,1,SSP1_1_9,AM_85,experiment1
10,13.1061922099532,1,83,13.5238585350788,2.5,1,TRUE,TRUE,1,SSP1_1_9,AM_85,experiment1
9,14.7734974780703,1,83,13.5238585350788,2.5,1,TRUE,TRUE,1,SSP1_1_9,AM_85,experiment1
6,13.9465947468917,1,83,13.5238585350788,2.5,1,TRUE,TRUE,1,SSP1_1_9,AM_85,experiment1
7,13.4136363566461,1,83,13.5238585350788,2.5,1,TRUE,TRUE,1,SSP1_1_9,AM_85,experiment1
8,13.2614141942419,1,83,13.5238585350788,2.5,1,TRUE,TRUE,1,SSP1_1_9,AM_85,experiment1
9,12.6522627249638,1,83,13.5238585350788,2.5,1,TRUE,TRUE,1,SSP1_1_9,AM_85,experiment1
9,13.688022393838,1,83,13.5238585350788,2.5,1,TRUE,TRUE,1,SSP1_1_9,AM_85,experiment1
8,15.610986632,1,83,13.5238585350788,2.5,1,TRUE,TRUE,1,SSP1_1_9,AM_85,experiment1
7,14.6361193596639,1,83,13.5238585350788,2.5,1,TRUE,TRUE,1,SSP1_1_9,AM_85,experiment1
1,13.8481863574469,1,83,13.5238585350788,2.5,1,TRUE,TRUE,1,SSP1_1_9,AM_85,experiment1
7,11.9053574656543,1,83,13.5238585350788,2.5,1,TRUE,TRUE,1,SSP1_1_9,AM_85,experiment1
8,13.6645286575457,1,83,13.5238585350788,2.5,1,TRUE,TRUE,1,SSP1_1_9,AM_85,experiment1
6,13.7017499968171,1,83,13.5238585350788,2.5,1,TRUE,TRUE,1,SSP1_1_9,AM_85,experiment1
6,11.2756641296589,1,83,13.5238585350788,2.5,1,TRUE,TRUE,1,SSP1_1_9,AM_85,experiment1
1,10.3372944214328,1,83,13.5238585350788,2.5,1,TRUE,TRUE,1,SSP1_1_9,AM_85,experiment1
8,11.351182898176,1,83,13.5238585350788,2.5,1,TRUE,TRUE,1,SSP1_1_9,AM_85,experiment1
5,13.0624206534694,1,83,13.5238585350788,2.5,1,TRUE,TRUE,1,SSP1_1_9,AM_85,experiment1
10,11.7735453831818,1,83,13.5238585350788,2.5,1,TRUE,TRUE,1,SSP1_1_9,AM_85,experiment1
8,12.7413291363773,1,83,13.5238585350788,2.5,1,TRUE,TRUE,1,SSP1_1_9,AM_85,experiment1
1,14.1688253631274,1,83,13.5238585350788,2.5,1,TRUE,TRUE,1,SSP1_1_9,AM_85,experiment1
11,13.6481084649291,1,83,13.5238585350788,2.5,1,TRUE,TRUE,1,SSP1_1_9,AM_85,experiment1
8,12.3004220285078,1,83,13.5238585350788,2.5,1,TRUE,TRUE,1,SSP1_1_9,AM_85,experiment1
9,11.9991313891418,1,83,13.5238585350788,2.5,1,TRUE,TRUE,1,SSP1_1_9,AM_85,experiment1
10,13.5213669635068,1,83,13.5238585350788,2.5,1,TRUE,TRUE,1,SSP1_1_9,AM_85,experiment1
6,14.6940329234621,1,83,13.5238585350788,2.5,1,TRUE,TRUE,1,SSP1_1_9,AM_85,experiment1
9,13.7703318889765,1,83,13.5238585350788,2.5,1,TRUE,TRUE,1,SSP1_1_9,AM_85,experiment1
9,14.3754254194541,1,83,13.5238585350788,2.5,1,TRUE,TRUE,1,SSP1_1_9,AM_85,experiment1
1,13.0715392474368,1,83,13.5238585350788,2.5,1,TRUE,TRUE,1,SSP1_1_9,AM_85,experiment1
10,13.6799060588843,1,83,13.5238585350788,2.5,1,TRUE,TRUE,1,SSP1_1_9,AM_85,experiment1
1,13.8783558077674,1,83,13.5238585350788,2.5,1,TRUE,TRUE,1,SSP1_1_9,AM_85,experiment1
8,12.0051342593373,1,83,13.5238585350788,2.5,1,TRUE,TRUE,1,SSP1_1_9,AM_85,experiment1
9,13.5171584175267,1,83,13.5238585350788,2.5,1,TRUE,TRUE,1,SSP1_1_9,AM_85,experiment1
9,13.0175521121609,1,83,13.5238585350788,2.5,1,TRUE,TRUE,1,SSP1_1_9,AM_85,experiment1
1,12.0320748806415,1,83,13.5238585350788,2.5,1,TRUE,TRUE,1,SSP1_1_9,AM_85,experiment1
2,13.5714394364103,1,83,13.5238585350788,2.5,1,TRUE,TRUE,1,SSP1_1_9,AM_85,experiment1
6,14.2321192429852,1,83,13.5238585350788,2.5,1,TRUE,TRUE,1,SSP1_1_9,AM_85,experiment1
6,15.2029395748298,1,83,13.5238585350788,2.5,1,TRUE,TRUE,1,SSP1_1_9,AM_85,experiment1
11,13.6590546392844,1,83,13.5238585350788,2.5,1,TRUE,TRUE,1,SSP1_1_9,AM_85,experiment1
9,12.2820244354445,1,83,13.5238585350788,2.5,1,TRUE,TRUE,1,SSP1_1_9,AM_85,experiment1
11,3.53789021037132,1,83,13.5238585350788,2.5,1,TRUE,TRUE,1,SSP1_1_9,AM_85,experiment1
7,14.0604269831127,1,83,13.5238585350788,2.5,1,TRUE,TRUE,1,SSP1_1_9,AM_85,experiment1
10,15.1402906506998,1,83,13.5238585350788,2.5,1,TRUE,TRUE,1,SSP1_1_9,AM_85,experiment1
6,13.3710853874683,1,83,13.5238585350788,2.5,1,TRUE,TRUE,1,SSP1_1_9,AM_85,experiment1
7,12.5445073291923,1,83,13.5238585350788,2.5,1,TRUE,TRUE,1,SSP1_1_9,AM_85,experiment1
9,13.3073037969336,1,83,13.5238585350788,2.5,1,TRUE,TRUE,1,SSP1_1_9,AM_85,experiment1
7,12.2697810681893,1,83,13.5238585350788,2.5,1,TRUE,TRUE,1,SSP1_1_9,AM_85,experiment1
9,12.37351414952,1,83,13.5238585350788,2.5,1,TRUE,TRUE,1,SSP1_1_9,AM_85,experiment1
8,14.3172298099321,1,83,13.5238585350788,2.5,1,TRUE,TRUE,1,SSP1_1_9,AM_85,experiment1
9,11.1446767407655,1,83,13.5238585350788,2.5,1,TRUE,TRUE,1,SSP1_1_9,AM_85,experiment1
1,9.70682997682593,1,83,13.5238585350788,2.5,1,TRUE,TRUE,1,SSP1_1_9,AM_85,experiment1
9,13.2396777257617,1,83,13.5238585350788,2.5,1,TRUE,TRUE,1,SSP1_1_9,AM_85,experiment1
6,14.7748530798294,1,83,13.5238585350788,2.5,1,TRUE,TRUE,1,SSP1_1_9,AM_85,experiment1
10,12.7337390532752,1,83,13.5238585350788,2.5,1,TRUE,TRUE,1,SSP1_1_9,AM_85,experiment1
10,13.7487475831364,1,83,13.5238585350788,2.5,1,TRUE,TRUE,1,SSP1_1_9,AM_85,experiment1
7,14.6017843582326,1,83,13.5238585350788,2.5,1,TRUE,TRUE,1,SSP1_1_9,AM_85,experiment1
1,11.7947014949054,1,83,13.5238585350788,2.5,1,TRUE,TRUE,1,SSP1_1_9,AM_85,experiment1
9,13.9517911186714,1,83,13.5238585350788,2.5,1,TRUE,TRUE,1,SSP1_1_9,AM_85,experiment1
1,11.3903660056695,1,83,13.5238585350788,2.5,1,TRUE,TRUE,1,SSP1_1_9,AM_85,experiment1
10,13.0044892699264,1,83,13.5238585350788,2.5,1,TRUE,TRUE,1,SSP1_1_9,AM_85,experiment1
11,13.4640646068817,1,83,13.5238585350788,2.5,1,TRUE,TRUE,1,SSP1_1_9,AM_85,experiment1
6,13.8733433824027,1,83,13.5238585350788,2.5,1,TRUE,TRUE,1,SSP1_1_9,AM_85,experiment1
8,13.9254575375414,1,83,13.5238585350788,2.5,1,TRUE,TRUE,1,SSP1_1_9,AM_85,experiment1
5,12.7033715331881,1,83,13.5238585350788,2.5,1,TRUE,TRUE,1,SSP1_1_9,AM_85,experiment1
10,14.5450686511912,1,83,13.5238585350788,2.5,1,TRUE,TRUE,1,SSP1_1_9,AM_85,experiment1
6,14.0962350202592,1,83,13.5238585350788,2.5,1,TRUE,TRUE,1,SSP1_1_9,AM_85,experiment1
6,12.7045991544903,1,83,13.5238585350788,2.5,1,TRUE,TRUE,1,SSP1_1_9,AM_85,experiment1
9,13.3134479411493,1,83,13.5238585350788,2.5,1,TRUE,TRUE,1,SSP1_1_9,AM_85,experiment1
11,14.2754518434327,1,83,13.5238585350788,2.5,1,TRUE,TRUE,1,SSP1_1_9,AM_85,experiment1
6,11.6439840686216,1,83,13.5238585350788,2.5,1,TRUE,TRUE,1,SSP1_1_9,AM_85,experiment1
2,13.491074793007,1,83,13.5238585350788,2.5,1,TRUE,TRUE,1,SSP1_1_9,AM_85,experiment1
10,12.4539916694295,1,83,13.5238585350788,2.5,1,TRUE,TRUE,1,SSP1_1_9,AM_85,experiment1
2,13.157477370852,1,83,13.5238585350788,2.5,1,TRUE,TRUE,1,SSP1_1_9,AM_85,experiment1
11,13.3919720344794,1,83,13.5238585350788,2.5,1,TRUE,TRUE,1,SSP1_1_9,AM_85,experiment1
7,12.5445815034951,1,83,13.5238585350788,2.5,1,TRUE,TRUE,1,SSP1_1_9,AM_85,experiment1
5,12.7310603484348,1,83,13.5238585350788,2.5,1,TRUE,TRUE,1,SSP1_1_9,AM_85,experiment1
10,13.790606429413,1,83,13.5238585350788,2.5,1,TRUE,TRUE,1,SSP1_1_9,AM_85,experiment1
9,12.6082503652891,1,83,13.5238585350788,2.5,1,TRUE,TRUE,1,SSP1_1_9,AM_85,experiment1
1,13.2694178002164,1,83,13.5238585350788,2.5,1,TRUE,TRUE,1,SSP1_1_9,AM_85,experiment1
7,13.6060010669399,1,83,13.5238585350788,2.5,1,TRUE,TRUE,1,SSP1_1_9,AM_85,experiment1
11,13.2299956970244,1,83,13.5238585350788,2.5,1,TRUE,TRUE,1,SSP1_1_9,AM_85,experiment1
1,11.6187444281165,1,83,13.5238585350788,2.5,1,TRUE,TRUE,1,SSP1_1_9,AM_85,experiment1
6,14.0416926637368,1,83,13.5238585350788,2.5,1,TRUE,TRUE,1,SSP1_1_9,AM_85,experiment1
6,12.0456224643712,1,83,13.5238585350788,2.5,1,TRUE,TRUE,1,SSP1_1_9,AM_85,experiment1
9,12.261838188435,1,83,13.5238585350788,2.5,1,TRUE,TRUE,1,SSP1_1_9,AM_85,experiment1
8,14.0908262327679,1,83,13.5238585350788,2.5,1,TRUE,TRUE,1,SSP1_1_9,AM_85,experiment1
6,13.2359369458465,1,83,13.5238585350788,2.5,1,TRUE,TRUE,1,SSP1_1_9,AM_85,experiment1
5,14.9060868666082,1,83,13.5238585350788,2.5,1,TRUE,TRUE,1,SSP1_1_9,AM_85,experiment1
1,11.0891973693698,1,83,13.5238585350788,2.5,1,TRUE,TRUE,1,SSP1_1_9,AM_85,experiment1
7,14.427466907416,1,83,13.5238585350788,2.5,1,TRUE,TRUE,1,SSP1_1_9,AM_85,experiment1
1,10.4461011528007,1,83,13.5238585350788,2.5,1,TRUE,TRUE,1,SSP1_1_9,AM_85,experiment1
7,13.4177603886484,1,83,13.5238585350788,2.5,1,TRUE,TRUE,1,SSP1_1_9,AM_85,experiment1
1,7.54841869251889,1,83,13.5238585350788,2.5,1,TRUE,TRUE,1,SSP1_1_9,AM_85,experiment1
7,13.8765505326207,1,83,13.5238585350788,2.5,1,TRUE,TRUE,1,SSP1_1_9,AM_85,experiment1
10,14.2257954411065,1,83,13.5238585350788,2.5,1,TRUE,TRUE,1,SSP1_1_9,AM_85,experiment1
9,12.121777124932,1,83,13.5238585350788,2.5,1,TRUE,TRUE,1,SSP1_1_9,AM_85,experiment1
10,13.3140233184994,1,83,13.5238585350788,2.5,1,TRUE,TRUE,1,SSP1_1_9,AM_85,experiment1
2,13.3692870778021,1,83,13.5238585350788,2.5,1,TRUE,TRUE,1,SSP1_1_9,AM_85,experiment1
11,13.6674076301368,1,83,13.5238585350788,2.5,1,TRUE,TRUE,1,SSP1_1_9,AM_85,experiment1
6,13.3519230526497,1,83,13.5238585350788,2.5,1,TRUE,TRUE,1,SSP1_1_9,AM_85,experiment1
7,13.9371257248964,1,83,13.5238585350788,2.5,1,TRUE,TRUE,1,SSP1_1_9,AM_85,experiment1
7,13.4859353989514,1,83,13.5238585350788,2.5,1,TRUE,TRUE,1,SSP1_1_9,AM_85,experiment1
9,13.3426205594736,1,83,13.5238585350788,2.5,1,TRUE,TRUE,1,SSP1_1_9,AM_85,experiment1
8,13.166140245148,1,83,13.5238585350788,2.5,1,TRUE,TRUE,1,SSP1_1_9,AM_85,experiment1
1,13.4484135751699,1,83,13.5238585350788,2.5,1,TRUE,TRUE,1,SSP1_1_9,AM_85,experiment1
11,11.8134924499191,1,83,13.5238585350788,2.5,1,TRUE,TRUE,1,SSP1_1_9,AM_85,experiment1
9,12.7402444512295,1,83,13.5238585350788,2.5,1,TRUE,TRUE,1,SSP1_1_9,AM_85,experiment1
9,13.4936994624302,1,83,13.5238585350788,2.5,1,TRUE,TRUE,1,SSP1_1_9,AM_85,experiment1
8,12.7163408665126,1,83,13.5238585350788,2.5,1,TRUE,TRUE,1,SSP1_1_9,AM_85,experiment1
11,11.0688217193695,1,83,13.5238585350788,2.5,1,TRUE,TRUE,1,SSP1_1_9,AM_85,experiment1
11,12.8861217014863,1,83,13.5238585350788,2.5,1,TRUE,TRUE,1,SSP1_1_9,AM_85,experiment1
10,12.7074556527076,1,83,13.5238585350788,2.5,1,TRUE,TRUE,1,SSP1_1_9,AM_85,experiment1
8,14.814496509386,1,83,13.5238585350788,2.5,1,TRUE,TRUE,1,SSP1_1_9,AM_85,experiment1
8,11.9680263294994,1,83,13.5238585350788,2.5,1,TRUE,TRUE,1,SSP1_1_9,AM_85,experiment1
5,12.6724129043781,1,83,13.5238585350788,2.5,1,TRUE,TRUE,1,SSP1_1_9,AM_85,experiment1
1,13.4608519044773,1,83,13.5238585350788,2.5,1,TRUE,TRUE,1,SSP1_1_9,AM_85,experiment1
9,11.400582153971,1,83,13.5238585350788,2.5,1,TRUE,TRUE,1,SSP1_1_9,AM_85,experiment1
9,12.4623700281743,1,83,13.5238585350788,2.5,1,TRUE,TRUE,1,SSP1_1_9,AM_85,experiment1
9,13.6123692170924,1,83,13.5238585350788,2.5,1,TRUE,TRUE,1,SSP1_1_9,AM_85,experiment1
2,14.6127854818248,1,83,13.5238585350788,2.5,1,TRUE,TRUE,1,SSP1_1_9,AM_85,experiment1
7,13.0064801951636,1,83,13.5238585350788,2.5,1,TRUE,TRUE,1,SSP1_1_9,AM_85,experiment1
8,13.8241449869774,1,83,13.5238585350788,2.5,1,TRUE,TRUE,1,SSP1_1_9,AM_85,experiment1
2,10.9168808336162,1,83,13.5238585350788,2.5,1,TRUE,TRUE,1,SSP1_1_9,AM_85,experiment1
9,14.1269547444281,1,83,13.5238585350788,2.5,1,TRUE,TRUE,1,SSP1_1_9,AM_85,experiment1
8,13.051804601796,1,83,13.5238585350788,2.5,1,TRUE,TRUE,1,SSP1_1_9,AM_85,experiment1
8,13.6402697919165,1,83,13.5238585350788,2.5,1,TRUE,TRUE,1,SSP1_1_9,AM_85,experiment1
1,7.86942084589543,1,83,13.5238585350788,2.5,1,TRUE,TRUE,1,SSP1_1_9,AM_85,experiment1
10,12.1825136616991,1,83,13.5238585350788,2.5,1,TRUE,TRUE,1,SSP1_1_9,AM_85,experiment1
6,13.6521027390936,1,83,13.5238585350788,2.5,1,TRUE,TRUE,1,SSP1_1_9,AM_85,experiment1
7,13.1040110387539,1,83,13.5238585350788,2.5,1,TRUE,TRUE,1,SSP1_1_9,AM_85,experiment1
10,14.0537646716838,1,83,13.5238585350788,2.5,1,TRUE,TRUE,1,SSP1_1_9,AM_85,experiment1
9,11.3192712193641,1,83,13.5238585350788,2.5,1,TRUE,TRUE,1,SSP1_1_9,AM_85,experiment1
10,14.2754532899587,1,83,13.5238585350788,2.5,1,TRUE,TRUE,1,SSP1_1_9,AM_85,experiment1
7,11.7883582544091,1,83,13.5238585350788,2.5,1,TRUE,TRUE,1,SSP1_1_9,AM_85,experiment1
7,13.281747300796,1,83,13.5238585350788,2.5,1,TRUE,TRUE,1,SSP1_1_9,AM_85,experiment1
6,11.6274906658026,1,83,13.5238585350788,2.5,1,TRUE,TRUE,1,SSP1_1_9,AM_85,experiment1
7,13.447987236994,1,83,13.5238585350788,2.5,1,TRUE,TRUE,1,SSP1_1_9,AM_85,experiment1
8,13.3308837270363,1,83,13.5238585350788,2.5,1,TRUE,TRUE,1,SSP1_1_9,AM_85,experiment1
6,11.9759181695296,1,83,13.5238585350788,2.5,1,TRUE,TRUE,1,SSP1_1_9,AM_85,experiment1
10,12.9733591478585,1,83,13.5238585350788,2.5,1,TRUE,TRUE,1,SSP1_1_9,AM_85,experiment1
1,10.62310896977,1,83,13.5238585350788,2.5,1,TRUE,TRUE,1,SSP1_1_9,AM_85,experiment1
9,13.1308321329013,1,83,13.5238585350788,2.5,1,TRUE,TRUE,1,SSP1_1_9,AM_85,experiment1
4,13.1422807909458,1,83,13.5238585350788,2.5,1,TRUE,TRUE,1,SSP1_1_9,AM_85,experiment1
11,11.9606905695592,1,83,13.5238585350788,2.5,1,TRUE,TRUE,1,SSP1_1_9,AM_85,experiment1
1,11.3776424676005,1,83,13.5238585350788,2.5,1,TRUE,TRUE,1,SSP1_1_9,AM_85,experiment1
9,12.4923900224958,1,83,13.5238585350788,2.5,1,TRUE,TRUE,1,SSP1_1_9,AM_85,experiment1
10,12.8840665786466,1,83,13.5238585350788,2.5,1,TRUE,TRUE,1,SSP1_1_9,AM_85,experiment1
11,13.5325338676081,1,83,13.5238585350788,2.5,1,TRUE,TRUE,1,SSP1_1_9,AM_85,experiment1
6,12.4791054857561,1,83,13.5238585350788,2.5,1,TRUE,TRUE,1,SSP1_1_9,AM_85,experiment1
9,12.1539672205449,1,83,13.5238585350788,2.5,1,TRUE,TRUE,1,SSP1_1_9,AM_85,experiment1
9,11.6032399054295,1,83,13.5238585350788,2.5,1,TRUE,TRUE,1,SSP1_1_9,AM_85,experiment1
7,12.5080926036878,1,83,13.5238585350788,2.5,1,TRUE,TRUE,1,SSP1_1_9,AM_85,experiment1
11,14.8960237604339,1,83,13.5238585350788,2.5,1,TRUE,TRUE,1,SSP1_1_9,AM_85,experiment1
7,9.96050060437861,1,83,13.5238585350788,2.5,1,TRUE,TRUE,1,SSP1_1_9,AM_85,experiment1
6,12.4337194585822,1,83,13.5238585350788,2.5,1,TRUE,TRUE,1,SSP1_1_9,AM_85,experiment1
6,13.9822321179644,1,83,13.5238585350788,2.5,1,TRUE,TRUE,1,SSP1_1_9,AM_85,experiment1
8,13.4291556255736,1,83,13.5238585350788,2.5,1,TRUE,TRUE,1,SSP1_1_9,AM_85,experiment1
7,12.445377838485,1,83,13.5238585350788,2.5,1,TRUE,TRUE,1,SSP1_1_9,AM_85,experiment1
11,13.8577520258855,1,83,13.5238585350788,2.5,1,TRUE,TRUE,1,SSP1_1_9,AM_85,experiment1
7,12.2622114128604,1,83,13.5238585350788,2.5,1,TRUE,TRUE,1,SSP1_1_9,AM_85,experiment1
7,12.3097056107555,1,83,13.5238585350788,2.5,1,TRUE,TRUE,1,SSP1_1_9,AM_85,experiment1
8,9.39499809065108,1,83,13.5238585350788,2.5,1,TRUE,TRUE,1,SSP1_1_9,AM_85,experiment1
10,11.6978012056925,1,83,13.5238585350788,2.5,1,TRUE,TRUE,1,SSP1_1_9,AM_85,experiment1
1,14.2522630808186,1,83,13.5238585350788,2.5,1,TRUE,TRUE,1,SSP1_1_9,AM_85,experiment1
7,13.9101775339695,1,83,13.5238585350788,2.5,1,TRUE,TRUE,1,SSP1_1_9,AM_85,experiment1
7,13.9477241744109,1,83,13.5238585350788,2.5,1,TRUE,TRUE,1,SSP1_1_9,AM_85,experiment1
10,14.3933952146678,1,83,13.5238585350788,2.5,1,TRUE,TRUE,1,SSP1_1_9,AM_85,experiment1
10,13.5398227786389,1,83,13.5238585350788,2.5,1,TRUE,TRUE,1,SSP1_1_9,AM_85,experiment1
7,14.0415833225162,1,83,13.5238585350788,2.5,1,TRUE,TRUE,1,SSP1_1_9,AM_85,experiment1
9,14.0665445187584,1,83,13.5238585350788,2.5,1,TRUE,TRUE,1,SSP1_1_9,AM_85,experiment1
7,13.7152859478666,1,83,13.5238585350788,2.5,1,TRUE,TRUE,1,SSP1_1_9,AM_85,experiment1
7,12.9917915625381,1,83,13.5238585350788,2.5,1,TRUE,TRUE,1,SSP1_1_9,AM_85,experiment1
3,13.0407890827759,1,83,13.5238585350788,2.5,1,TRUE,TRUE,1,SSP1_1_9,AM_85,experiment1
8,11.6333236207769,1,83,13.5238585350788,2.5,1,TRUE,TRUE,1,SSP1_1_9,AM_85,experiment1
9,13.1905764841227,1,83,13.5238585350788,2.5,1,TRUE,TRUE,1,SSP1_1_9,AM_85,experiment1
7,13.2528429738862,1,83,13.5238585350788,2.5,1,TRUE,TRUE,1,SSP1_1_9,AM_85,experiment1
6,12.7743684655333,1,83,13.5238585350788,2.5,1,TRUE,TRUE,1,SSP1_1_9,AM_85,experiment1
1,3.65882808515625,1,83,13.5238585350788,2.5,1,TRUE,TRUE,1,SSP1_1_9,AM_85,experiment1
8,12.1860835816625,1,83,13.5238585350788,2.5,1,TRUE,TRUE,1,SSP1_1_9,AM_85,experiment1
8,12.3835917013622,1,83,13.5238585350788,2.5,1,TRUE,TRUE,1,SSP1_1_9,AM_85,experiment1
8,11.7927235198673,1,83,13.5238585350788,2.5,1,TRUE,TRUE,1,SSP1_1_9,AM_85,experiment1
9,9.34937084930504,1,83,13.5238585350788,2.5,1,TRUE,TRUE,1,SSP1_1_9,AM_85,experiment1
9,10.856991174462,1,83,13.5238585350788,2.5,1,TRUE,TRUE,1,SSP1_1_9,AM_85,experiment1
7,13.3761988616438,1,83,13.5238585350788,2.5,1,TRUE,TRUE,1,SSP1_1_9,AM_85,experiment1
8,13.5176306587788,1,83,13.5238585350788,2.5,1,TRUE,TRUE,1,SSP1_1_9,AM_85,experiment1
1,2.62188125,1,83,13.5238585350788,2.5,1,TRUE,TRUE,1,SSP1_1_9,AM_85,experiment1
1,11.8364923909565,1,83,13.5238585350788,2.5,1,TRUE,TRUE,1,SSP1_1_9,AM_85,experiment1
3,11.2981622808185,1,83,13.5238585350788,2.5,1,TRUE,TRUE,1,SSP1_1_9,AM_85,experiment1
7,13.1312685511248,1,83,13.5238585350788,2.5,1,TRUE,TRUE,1,SSP1_1_9,AM_85,experiment1
10,13.241390788055,1,83,13.5238585350788,2.5,1,TRUE,TRUE,1,SSP1_1_9,AM_85,experiment1
7,14.2496679372671,1,83,13.5238585350788,2.5,1,TRUE,TRUE,1,SSP1_1_9,AM_85,experiment1
9,13.3325299522357,1,83,13.5238585350788,2.5,1,TRUE,TRUE,1,SSP1_1_9,AM_85,experiment1
11,12.8675613627026,1,83,13.5238585350788,2.5,1,TRUE,TRUE,1,SSP1_1_9,AM_85,experiment1
11,12.5138610001244,1,83,13.5238585350788,2.5,1,TRUE,TRUE,1,SSP1_1_9,AM_85,experiment1
9,14.5878693858757,1,83,13.5238585350788,2.5,1,TRUE,TRUE,1,SSP1_1_9,AM_85,experiment1
9,14.0004428329807,1,83,13.5238585350788,2.5,1,TRUE,TRUE,1,SSP1_1_9,AM_85,experiment1
7,13.0302004623542,1,83,13.5238585350788,2.5,1,TRUE,TRUE,1,SSP1_1_9,AM_85,experiment1
6,12.1686926423657,1,83,13.5238585350788,2.5,1,TRUE,TRUE,1,SSP1_1_9,AM_85,experiment1
5,14.2881432383351,1,83,13.5238585350788,2.5,1,TRUE,TRUE,1,SSP1_1_9,AM_85,experiment1
9,14.8511201577749,1,83,13.5238585350788,2.5,1,TRUE,TRUE,1,SSP1_1_9,AM_85,experiment1
10,11.1742557628018,1,83,13.5238585350788,2.5,1,TRUE,TRUE,1,SSP1_1_9,AM_85,experiment1
9,13.0245587303202,1,83,13.5238585350788,2.5,1,TRUE,TRUE,1,SSP1_1_9,AM_85,experiment1
9,14.7113679475674,1,83,13.5238585350788,2.5,1,TRUE,TRUE,1,SSP1_1_9,AM_85,experiment1
9,11.7393075402795,1,83,13.5238585350788,2.5,1,TRUE,TRUE,1,SSP1_1_9,AM_85,experiment1
10,12.9445721869081,1,83,13.5238585350788,2.5,1,TRUE,TRUE,1,SSP1_1_9,AM_85,experiment1
8,13.5110649935932,1,83,13.5238585350788,2.5,1,TRUE,TRUE,1,SSP1_1_9,AM_85,experiment1
11,14.1823433101258,1,83,13.5238585350788,2.5,1,TRUE,TRUE,1,SSP1_1_9,AM_85,experiment1
4,12.5850093873724,1,83,13.5238585350788,2.5,1,TRUE,TRUE,1,SSP1_1_9,AM_85,experiment1
6,14.4749028051117,1,83,13.5238585350788,2.5,1,TRUE,TRUE,1,SSP1_1_9,AM_85,experiment1
5,13.9444255666056,1,83,13.5238585350788,2.5,1,TRUE,TRUE,1,SSP1_1_9,AM_85,experiment1
9,12.2500016742975,1,83,13.5238585350788,2.5,1,TRUE,TRUE,1,SSP1_1_9,AM_85,experiment1
10,13.5129376114035,1,83,13.5238585350788,2.5,1,TRUE,TRUE,1,SSP1_1_9,AM_85,experiment1
9,13.6631355056585,1,83,13.5238585350788,2.5,1,TRUE,TRUE,1,SSP1_1_9,AM_85,experiment1
9,14.9421687897857,1,83,13.5238585350788,2.5,1,TRUE,TRUE,1,SSP1_1_9,AM_85,experiment1
1,5.94260779381123,1,83,13.5238585350788,2.5,1,TRUE,TRUE,1,SSP1_1_9,AM_85,experiment1
9,13.9099411289334,1,83,13.5238585350788,2.5,1,TRUE,TRUE,1,SSP1_1_9,AM_85,experiment1
10,13.0139815523551,1,83,13.5238585350788,2.5,1,TRUE,TRUE,1,SSP1_1_9,AM_85,experiment1
9,11.5010952533861,1,83,13.5238585350788,2.5,1,TRUE,TRUE,1,SSP1_1_9,AM_85,experiment1
6,14.142188944007,1,83,13.5238585350788,2.5,1,TRUE,TRUE,1,SSP1_1_9,AM_85,experiment1
7,14.1872844769915,1,83,13.5238585350788,2.5,1,TRUE,TRUE,1,SSP1_1_9,AM_85,experiment1
10,13.7221901833333,1,83,13.5238585350788,2.5,1,TRUE,TRUE,1,SSP1_1_9,AM_85,experiment1
10,14.0247854901592,1,83,13.5238585350788,2.5,1,TRUE,TRUE,1,SSP1_1_9,AM_85,experiment1
8,13.7296025199976,1,83,13.5238585350788,2.5,1,TRUE,TRUE,1,SSP1_1_9,AM_85,experiment1
11,14.33299394852,1,83,13.5238585350788,2.5,1,TRUE,TRUE,1,SSP1_1_9,AM_85,experiment1
8,13.3204641749743,1,83,13.5238585350788,2.5,1,TRUE,TRUE,1,SSP1_1_9,AM_85,experiment1
10,11.8170712062137,1,83,13.5238585350788,2.5,1,TRUE,TRUE,1,SSP1_1_9,AM_85,experiment1
9,12.5783766883883,1,83,13.5238585350788,2.5,1,TRUE,TRUE,1,SSP1_1_9,AM_85,experiment1
10,13.0929096820335,1,83,13.5238585350788,2.5,1,TRUE,TRUE,1,SSP1_1_9,AM_85,experiment1
7,11.3003916568464,1,83,13.5238585350788,2.5,1,TRUE,TRUE,1,SSP1_1_9,AM_85,experiment1
8,14.1393759315366,1,83,13.5238585350788,2.5,1,TRUE,TRUE,1,SSP1_1_9,AM_85,experiment1
10,13.5339230109477,1,83,13.5238585350788,2.5,1,TRUE,TRUE,1,SSP1_1_9,AM_85,experiment1
1,12.6666811702699,1,83,13.5238585350788,2.5,1,TRUE,TRUE,1,SSP1_1_9,AM_85,experiment1
3,13.0037992979876,1,83,13.5238585350788,2.5,1,TRUE,TRUE,1,SSP1_1_9,AM_85,experiment1
10,14.8030217174913,1,83,13.5238585350788,2.5,1,TRUE,TRUE,1,SSP1_1_9,AM_85,experiment1
9,13.8335400991155,1,83,13.5238585350788,2.5,1,TRUE,TRUE,1,SSP1_1_9,AM_85,experiment1
1,11.985004122064,1,83,13.5238585350788,2.5,1,TRUE,TRUE,1,SSP1_1_9,AM_85,experiment1
7,14.5385325450273,1,83,13.5238585350788,2.5,1,TRUE,TRUE,1,SSP1_1_9,AM_85,experiment1
8,13.2828244978081,1,83,13.5238585350788,2.5,1,TRUE,TRUE,1,SSP1_1_9,AM_85,experiment1
10,10.3055956736155,1,83,13.5238585350788,2.5,1,TRUE,TRUE,1,SSP1_1_9,AM_85,experiment1
8,12.4326123207913,1,83,13.5238585350788,2.5,1,TRUE,TRUE,1,SSP1_1_9,AM_85,experiment1
7,14.3660668051718,1,83,13.5238585350788,2.5,1,TRUE,TRUE,1,SSP1_1_9,AM_85,experiment1
10,12.5775161934046,1,83,13.5238585350788,2.5,1,TRUE,TRUE,1,SSP1_1_9,AM_85,experiment1
9,14.4749920029259,1,83,13.5238585350788,2.5,1,TRUE,TRUE,1,SSP1_1_9,AM_85,experiment1
11,13.5393392883395,1,83,13.5238585350788,2.5,1,TRUE,TRUE,1,SSP1_1_9,AM_85,experiment1
8,13.7719368422781,1,83,13.5238585350788,2.5,1,TRUE,TRUE,1,SSP1_1_9,AM_85,experiment1
9,14.2566753251413,1,83,13.5238585350788,2.5,1,TRUE,TRUE,1,SSP1_1_9,AM_85,experiment1
6,12.3195783726063,1,83,13.5238585350788,2.5,1,TRUE,TRUE,1,SSP1_1_9,AM_85,experiment1
9,13.4068047344645,1,83,13.5238585350788,2.5,1,TRUE,TRUE,1,SSP1_1_9,AM_85,experiment1
8,12.6746552187339,1,83,13.5238585350788,2.5,1,TRUE,TRUE,1,SSP1_1_9,AM_85,experiment1
10,13.9779699333919,1,83,13.5238585350788,2.5,1,TRUE,TRUE,1,SSP1_1_9,AM_85,experiment1
6,11.3706821896164,1,83,13.5238585350788,2.5,1,TRUE,TRUE,1,SSP1_1_9,AM_85,experiment1
8,11.6461281248764,1,83,13.5238585350788,2.5,1,TRUE,TRUE,1,SSP1_1_9,AM_85,experiment1
7,11.8049862265432,1,83,13.5238585350788,2.5,1,TRUE,TRUE,1,SSP1_1_9,AM_85,experiment1
9,13.4608079823964,1,83,13.5238585350788,2.5,1,TRUE,TRUE,1,SSP1_1_9,AM_85,experiment1
10,12.4358279364942,1,83,13.5238585350788,2.5,1,TRUE,TRUE,1,SSP1_1_9,AM_85,experiment1
8,13.1772084289763,1,83,13.5238585350788,2.5,1,TRUE,TRUE,1,SSP1_1_9,AM_85,experiment1
6,13.6232827302474,1,83,13.5238585350788,2.5,1,TRUE,TRUE,1,SSP1_1_9,AM_85,experiment1
6,12.4684315211338,1,83,13.5238585350788,2.5,1,TRUE,TRUE,1,SSP1_1_9,AM_85,experiment1
9,12.9745454722818,1,83,13.5238585350788,2.5,1,TRUE,TRUE,1,SSP1_1_9,AM_85,experiment1
6,14.2350200726739,1,83,13.5238585350788,2.5,1,TRUE,TRUE,1,SSP1_1_9,AM_85,experiment1
8,14.9392621510368,1,83,13.5238585350788,2.5,1,TRUE,TRUE,1,SSP1_1_9,AM_85,experiment1
10,11.0997435006292,1,83,13.5238585350788,2.5,1,TRUE,TRUE,1,SSP1_1_9,AM_85,experiment1
9,13.8981757006273,1,83,13.5238585350788,2.5,1,TRUE,TRUE,1,SSP1_1_9,AM_85,experiment1
8,11.9972028202364,1,83,13.5238585350788,2.5,1,TRUE,TRUE,1,SSP1_1_9,AM_85,experiment1
11,13.78861917638,1,83,13.5238585350788,2.5,1,TRUE,TRUE,1,SSP1_1_9,AM_85,experiment1
7,13.2793002876403,1,83,13.5238585350788,2.5,1,TRUE,TRUE,1,SSP1_1_9,AM_85,experiment1
1,13.8867328268106,1,83,13.5238585350788,2.5,1,TRUE,TRUE,1,SSP1_1_9,AM_85,experiment1
11,13.07749717331,1,83,13.5238585350788,2.5,1,TRUE,TRUE,1,SSP1_1_9,AM_85,experiment1
9,13.2107915787497,1,83,13.5238585350788,2.5,1,TRUE,TRUE,1,SSP1_1_9,AM_85,experiment1
8,12.5054200205949,1,83,13.5238585350788,2.5,1,TRUE,TRUE,1,SSP1_1_9,AM_85,experiment1
8,11.7639193490138,1,83,13.5238585350788,2.5,1,TRUE,TRUE,1,SSP1_1_9,AM_85,experiment1
8,13.3854907650586,1,83,13.5238585350788,2.5,1,TRUE,TRUE,1,SSP1_1_9,AM_85,experiment1
10,13.4695680863205,1,83,13.5238585350788,2.5,1,TRUE,TRUE,1,SSP1_1_9,AM_85,experiment1
10,13.7331930088042,1,83,13.5238585350788,2.5,1,TRUE,TRUE,1,SSP1_1_9,AM_85,experiment1
7,13.2423181307539,1,83,13.5238585350788,2.5,1,TRUE,TRUE,1,SSP1_1_9,AM_85,experiment1
7,11.1760222499865,1,83,13.5238585350788,2.5,1,TRUE,TRUE,1,SSP1_1_9,AM_85,experiment1
9,14.0108783980486,1,83,13.5238585350788,2.5,1,TRUE,TRUE,1,SSP1_1_9,AM_85,experiment1
8,12.2287792864749,1,83,13.5238585350788,2.5,1,TRUE,TRUE,1,SSP1_1_9,AM_85,experiment1
9,13.3793293270631,1,83,13.5238585350788,2.5,1,TRUE,TRUE,1,SSP1_1_9,AM_85,experiment1
9,13.7841277207823,1,83,13.5238585350788,2.5,1,TRUE,TRUE,1,SSP1_1_9,AM_85,experiment1
6,13.1472959744872,1,83,13.5238585350788,2.5,1,TRUE,TRUE,1,SSP1_1_9,AM_85,experiment1
7,13.9376983101902,1,83,13.5238585350788,2.5,1,TRUE,TRUE,1,SSP1_1_9,AM_85,experiment1
11,13.7431324792079,1,83,13.5238585350788,2.5,1,TRUE,TRUE,1,SSP1_1_9,AM_85,experiment1
9,14.708730402356,1,83,13.5238585350788,2.5,1,TRUE,TRUE,1,SSP1_1_9,AM_85,experiment1
10,12.7819053742871,1,83,13.5238585350788,2.5,1,TRUE,TRUE,1,SSP1_1_9,AM_85,experiment1
1,6.35349194891735,1,83,13.5238585350788,2.5,1,TRUE,TRUE,1,SSP1_1_9,AM_85,experiment1
7,13.716680053443,1,83,13.5238585350788,2.5,1,TRUE,TRUE,1,SSP1_1_9,AM_85,experiment1
11,12.5233366750902,1,83,13.5238585350788,2.5,1,TRUE,TRUE,1,SSP1_1_9,AM_85,experiment1
10,15.0534661305076,1,83,13.5238585350788,2.5,1,TRUE,TRUE,1,SSP1_1_9,AM_85,experiment1
7,12.8475201071901,1,83,13.5238585350788,2.5,1,TRUE,TRUE,1,SSP1_1_9,AM_85,experiment1
9,8.34463493420766,1,83,13.5238585350788,2.5,1,TRUE,TRUE,1,SSP1_1_9,AM_85,experiment1
11,13.2795183962986,1,83,13.5238585350788,2.5,1,TRUE,TRUE,1,SSP1_1_9,AM_85,experiment1
8,14.8715636967763,1,83,13.5238585350788,2.5,1,TRUE,TRUE,1,SSP1_1_9,AM_85,experiment1
11,13.3432513874556,1,83,13.5238585350788,2.5,1,TRUE,TRUE,1,SSP1_1_9,AM_85,experiment1
11,13.9677376125581,1,83,13.5238585350788,2.5,1,TRUE,TRUE,1,SSP1_1_9,AM_85,experiment1
9,14.2884870546752,1,83,13.5238585350788,2.5,1,TRUE,TRUE,1,SSP1_1_9,AM_85,experiment1
8,13.4980318477973,1,83,13.5238585350788,2.5,1,TRUE,TRUE,1,SSP1_1_9,AM_85,experiment1
10,13.2120887600151,1,83,13.5238585350788,2.5,1,TRUE,TRUE,1,SSP1_1_9,AM_85,experiment1
11,12.077277052834,1,83,13.5238585350788,2.5,1,TRUE,TRUE,1,SSP1_1_9,AM_85,experiment1
7,13.3646094245511,1,83,13.5238585350788,2.5,1,TRUE,TRUE,1,SSP1_1_9,AM_85,experiment1
11,11.0203972596424,1,83,13.5238585350788,2.5,1,TRUE,TRUE,1,SSP1_1_9,AM_85,experiment1
9,14.1683744005223,1,83,13.5238585350788,2.5,1,TRUE,TRUE,1,SSP1_1_9,AM_85,experiment1
1,2.44138125,1,83,13.5238585350788,2.5,1,TRUE,TRUE,1,SSP1_1_9,AM_85,experiment1
9,14.8647346919906,1,83,13.5238585350788,2.5,1,TRUE,TRUE,1,SSP1_1_9,AM_85,experiment1
1,13.9808222727283,1,83,13.5238585350788,2.5,1,TRUE,TRUE,1,SSP1_1_9,AM_85,experiment1
7,13.5339334188252,1,83,13.5238585350788,2.5,1,TRUE,TRUE,1,SSP1_1_9,AM_85,experiment1
10,12.6947740090863,1,83,13.5238585350788,2.5,1,TRUE,TRUE,1,SSP1_1_9,AM_85,experiment1
9,12.2620319512394,1,83,13.5238585350788,2.5,1,TRUE,TRUE,1,SSP1_1_9,AM_85,experiment1
10,13.670378780273,1,83,13.5238585350788,2.5,1,TRUE,TRUE,1,SSP1_1_9,AM_85,experiment1
9,12.1480447801144,1,83,13.5238585350788,2.5,1,TRUE,TRUE,1,SSP1_1_9,AM_85,experiment1
9,13.0774477617991,1,83,13.5238585350788,2.5,1,TRUE,TRUE,1,SSP1_1_9,AM_85,experiment1
1,13.0025711522927,1,83,13.5238585350788,2.5,1,TRUE,TRUE,1,SSP1_1_9,AM_85,experiment1
8,13.3161599528698,1,83,13.5238585350788,2.5,1,TRUE,TRUE,1,SSP1_1_9,AM_85,experiment1
7,15.1507383004429,1,83,13.5238585350788,2.5,1,TRUE,TRUE,1,SSP1_1_9,AM_85,experiment1
1,9.34054158851015,1,83,13.5238585350788,2.5,1,TRUE,TRUE,1,SSP1_1_9,AM_85,experiment1
9,13.4644422584978,1,83,13.5238585350788,2.5,1,TRUE,TRUE,1,SSP1_1_9,AM_85,experiment1
10,13.0993256452953,1,83,13.5238585350788,2.5,1,TRUE,TRUE,1,SSP1_1_9,AM_85,experiment1
10,13.7462426603064,1,83,13.5238585350788,2.5,1,TRUE,TRUE,1,SSP1_1_9,AM_85,experiment1
8,11.136347882838,1,83,13.5238585350788,2.5,1,TRUE,TRUE,1,SSP1_1_9,AM_85,experiment1
8,15.119462707311,1,83,13.5238585350788,2.5,1,TRUE,TRUE,1,SSP1_1_9,AM_85,experiment1
10,14.4325213201588,1,83,13.5238585350788,2.5,1,TRUE,TRUE,1,SSP1_1_9,AM_85,experiment1
10,12.766791746738,1,83,13.5238585350788,2.5,1,TRUE,TRUE,1,SSP1_1_9,AM_85,experiment1
1,11.7154475308589,1,83,13.5238585350788,2.5,1,TRUE,TRUE,1,SSP1_1_9,AM_85,experiment1
5,14.1650957756596,1,83,13.5238585350788,2.5,1,TRUE,TRUE,1,SSP1_1_9,AM_85,experiment1
10,13.3472066895299,1,83,13.5238585350788,2.5,1,TRUE,TRUE,1,SSP1_1_9,AM_85,experiment1
9,13.7342228960363,1,83,13.5238585350788,2.5,1,TRUE,TRUE,1,SSP1_1_9,AM_85,experiment1
5,12.1032180600001,1,83,13.5238585350788,2.5,1,TRUE,TRUE,1,SSP1_1_9,AM_85,experiment1
8,13.9175831917334,1,83,13.5238585350788,2.5,1,TRUE,TRUE,1,SSP1_1_9,AM_85,experiment1
10,14.7476589143061,1,83,13.5238585350788,2.5,1,TRUE,TRUE,1,SSP1_1_9,AM_85,experiment1
5,11.2296035211067,1,83,13.5238585350788,2.5,1,TRUE,TRUE,1,SSP1_1_9,AM_85,experiment1
6,14.5145653462651,1,83,13.5238585350788,2.5,1,TRUE,TRUE,1,SSP1_1_9,AM_85,experiment1
10,12.60300889808,1,83,13.5238585350788,2.5,1,TRUE,TRUE,1,SSP1_1_9,AM_85,experiment1
9,14.2301398655383,1,83,13.5238585350788,2.5,1,TRUE,TRUE,1,SSP1_1_9,AM_85,experiment1
9,13.7328722617685,1,83,13.5238585350788,2.5,1,TRUE,TRUE,1,SSP1_1_9,AM_85,experiment1
9,6.60228242904089,1,83,13.5238585350788,2.5,1,TRUE,TRUE,1,SSP1_1_9,AM_85,experiment1
7,13.7635116670948,1,83,13.5238585350788,2.5,1,TRUE,TRUE,1,SSP1_1_9,AM_85,experiment1
6,10.9161437768807,1,83,13.5238585350788,2.5,1,TRUE,TRUE,1,SSP1_1_9,AM_85,experiment1
6,12.8610777046451,1,83,13.5238585350788,2.5,1,TRUE,TRUE,1,SSP1_1_9,AM_85,experiment1
7,11.9474654102464,1,83,13.5238585350788,2.5,1,TRUE,TRUE,1,SSP1_1_9,AM_85,experiment1
9,12.6280193920462,1,83,13.5238585350788,2.5,1,TRUE,TRUE,1,SSP1_1_9,AM_85,experiment1
9,13.8620887694665,1,83,13.5238585350788,2.5,1,TRUE,TRUE,1,SSP1_1_9,AM_85,experiment1
9,12.1685352482054,1,83,13.5238585350788,2.5,1,TRUE,TRUE,1,SSP1_1_9,AM_85,experiment1
1,4.40504726304637,1,83,13.5238585350788,2.5,1,TRUE,TRUE,1,SSP1_1_9,AM_85,experiment1
7,13.7416040155929,1,83,13.5238585350788,2.5,1,TRUE,TRUE,1,SSP1_1_9,AM_85,experiment1
3,14.424638161849,1,83,13.5238585350788,2.5,1,TRUE,TRUE,1,SSP1_1_9,AM_85,experiment1
7,12.6765874523265,1,83,13.5238585350788,2.5,1,TRUE,TRUE,1,SSP1_1_9,AM_85,experiment1
9,11.8619818927083,1,83,13.5238585350788,2.5,1,TRUE,TRUE,1,SSP1_1_9,AM_85,experiment1
6,14.6939786834552,1,83,13.5238585350788,2.5,1,TRUE,TRUE,1,SSP1_1_9,AM_85,experiment1
8,14.6815668184209,1,83,13.5238585350788,2.5,1,TRUE,TRUE,1,SSP1_1_9,AM_85,experiment1
8,13.4331281184391,1,83,13.5238585350788,2.5,1,TRUE,TRUE,1,SSP1_1_9,AM_85,experiment1
4,14.6670254619979,1,83,13.5238585350788,2.5,1,TRUE,TRUE,1,SSP1_1_9,AM_85,experiment1
6,13.1875436477246,1,83,13.5238585350788,2.5,1,TRUE,TRUE,1,SSP1_1_9,AM_85,experiment1
10,13.4242987686432,1,83,13.5238585350788,2.5,1,TRUE,TRUE,1,SSP1_1_9,AM_85,experiment1
11,14.9143180706568,1,83,13.5238585350788,2.5,1,TRUE,TRUE,1,SSP1_1_9,AM_85,experiment1
10,14.0053536594908,1,83,13.5238585350788,2.5,1,TRUE,TRUE,1,SSP1_1_9,AM_85,experiment1
11,12.9399141765176,1,83,13.5238585350788,2.5,1,TRUE,TRUE,1,SSP1_1_9,AM_85,experiment1
4,14.6490676696052,1,83,13.5238585350788,2.5,1,TRUE,TRUE,1,SSP1_1_9,AM_85,experiment1
9,12.473929839607,1,83,13.5238585350788,2.5,1,TRUE,TRUE,1,SSP1_1_9,AM_85,experiment1
5,12.5727321240453,1,83,13.5238585350788,2.5,1,TRUE,TRUE,1,SSP1_1_9,AM_85,experiment1
10,12.2398394747109,1,83,13.5238585350788,2.5,1,TRUE,TRUE,1,SSP1_1_9,AM_85,experiment1
8,13.9903867286587,1,83,13.5238585350788,2.5,1,TRUE,TRUE,1,SSP1_1_9,AM_85,experiment1
1,14.3272522705566,1,83,13.5238585350788,2.5,1,TRUE,TRUE,1,SSP1_1_9,AM_85,experiment1
9,13.9688671414219,1,83,13.5238585350788,2.5,1,TRUE,TRUE,1,SSP1_1_9,AM_85,experiment1
1,8.71994935508924,1,83,13.5238585350788,2.5,1,TRUE,TRUE,1,SSP1_1_9,AM_85,experiment1
6,15.1838051501381,1,83,13.5238585350788,2.5,1,TRUE,TRUE,1,SSP1_1_9,AM_85,experiment1
10,14.223202160069,1,83,13.5238585350788,2.5,1,TRUE,TRUE,1,SSP1_1_9,AM_85,experiment1
11,11.6814375754839,1,83,13.5238585350788,2.5,1,TRUE,TRUE,1,SSP1_1_9,AM_85,experiment1
1,14.0807680078741,1,83,13.5238585350788,2.5,1,TRUE,TRUE,1,SSP1_1_9,AM_85,experiment1
7,14.1694064969894,1,83,13.5238585350788,2.5,1,TRUE,TRUE,1,SSP1_1_9,AM_85,experiment1
9,14.0817190036205,1,83,13.5238585350788,2.5,1,TRUE,TRUE,1,SSP1_1_9,AM_85,experiment1
9,13.1639806352308,1,83,13.5238585350788,2.5,1,TRUE,TRUE,1,SSP1_1_9,AM_85,experiment1
6,12.1138448332005,1,83,13.5238585350788,2.5,1,TRUE,TRUE,1,SSP1_1_9,AM_85,experiment1
4,10.2929600777627,1,83,13.5238585350788,2.5,1,TRUE,TRUE,1,SSP1_1_9,AM_85,experiment1
4,14.7023555148271,1,83,13.5238585350788,2.5,1,TRUE,TRUE,1,SSP1_1_9,AM_85,experiment1
10,14.6182506439136,1,83,13.5238585350788,2.5,1,TRUE,TRUE,1,SSP1_1_9,AM_85,experiment1
8,12.7213152376222,1,83,13.5238585350788,2.5,1,TRUE,TRUE,1,SSP1_1_9,AM_85,experiment1
5,14.0286947096385,1,83,13.5238585350788,2.5,1,TRUE,TRUE,1,SSP1_1_9,AM_85,experiment1
6,12.098259549843,1,83,13.5238585350788,2.5,1,TRUE,TRUE,1,SSP1_1_9,AM_85,experiment1
10,14.0064343220803,1,83,13.5238585350788,2.5,1,TRUE,TRUE,1,SSP1_1_9,AM_85,experiment1
7,13.4696510633012,1,83,13.5238585350788,2.5,1,TRUE,TRUE,1,SSP1_1_9,AM_85,experiment1
1,13.4583523093858,1,83,13.5238585350788,2.5,1,TRUE,TRUE,1,SSP1_1_9,AM_85,experiment1
9,13.7627814869853,1,83,13.5238585350788,2.5,1,TRUE,TRUE,1,SSP1_1_9,AM_85,experiment1
8,13.7746913511051,1,83,13.5238585350788,2.5,1,TRUE,TRUE,1,SSP1_1_9,AM_85,experiment1
10,12.8439158655373,1,83,13.5238585350788,2.5,1,TRUE,TRUE,1,SSP1_1_9,AM_85,experiment1
10,12.6887931570303,1,83,13.5238585350788,2.5,1,TRUE,TRUE,1,SSP1_1_9,AM_85,experiment1
10,14.6890212570913,1,83,13.5238585350788,2.5,1,TRUE,TRUE,1,SSP1_1_9,AM_85,experiment1
1,13.5477943973366,1,83,13.5238585350788,2.5,1,TRUE,TRUE,1,SSP1_1_9,AM_85,experiment1
9,12.7929297563869,1,83,13.5238585350788,2.5,1,TRUE,TRUE,1,SSP1_1_9,AM_85,experiment1
10,9.76752082808945,1,83,13.5238585350788,2.5,1,TRUE,TRUE,1,SSP1_1_9,AM_85,experiment1
11,12.6835455872059,1,83,13.5238585350788,2.5,1,TRUE,TRUE,1,SSP1_1_9,AM_85,experiment1
8,13.9115061669147,1,83,13.5238585350788,2.5,1,TRUE,TRUE,1,SSP1_1_9,AM_85,experiment1
1,10.7488923470936,1,83,13.5238585350788,2.5,1,TRUE,TRUE,1,SSP1_1_9,AM_85,experiment1
11,11.9942630248654,1,83,13.5238585350788,2.5,1,TRUE,TRUE,1,SSP1_1_9,AM_85,experiment1
8,12.7616314552286,1,83,13.5238585350788,2.5,1,TRUE,TRUE,1,SSP1_1_9,AM_85,experiment1
10,14.0712512880995,1,83,13.5238585350788,2.5,1,TRUE,TRUE,1,SSP1_1_9,AM_85,experiment1
1,4.12012013214844,1,83,13.5238585350788,2.5,1,TRUE,TRUE,1,SSP1_1_9,AM_85,experiment1
10,13.6127996313445,1,83,13.5238585350788,2.5,1,TRUE,TRUE,1,SSP1_1_9,AM_85,experiment1
7,13.4408091721092,1,83,13.5238585350788,2.5,1,TRUE,TRUE,1,SSP1_1_9,AM_85,experiment1
9,13.0326007388426,1,83,13.5238585350788,2.5,1,TRUE,TRUE,1,SSP1_1_9,AM_85,experiment1
10,12.9659480917033,1,83,13.5238585350788,2.5,1,TRUE,TRUE,1,SSP1_1_9,AM_85,experiment1
6,12.9950812334236,1,83,13.5238585350788,2.5,1,TRUE,TRUE,1,SSP1_1_9,AM_85,experiment1
10,11.2062198817867,1,83,13.5238585350788,2.5,1,TRUE,TRUE,1,SSP1_1_9,AM_85,experiment1
8,12.6207229719557,1,83,13.5238585350788,2.5,1,TRUE,TRUE,1,SSP1_1_9,AM_85,experiment1
1,1.717125,1,83,13.5238585350788,2.5,1,TRUE,TRUE,1,SSP1_1_9,AM_85,experiment1
1,12.8940068893848,1,83,13.5238585350788,2.5,1,TRUE,TRUE,1,SSP1_1_9,AM_85,experiment1
1,13.6805629227464,1,83,13.5238585350788,2.5,1,TRUE,TRUE,1,SSP1_1_9,AM_85,experiment1
11,13.1718346549059,1,83,13.5238585350788,2.5,1,TRUE,TRUE,1,SSP1_1_9,AM_85,experiment1
9,11.3390496311046,1,83,13.5238585350788,2.5,1,TRUE,TRUE,1,SSP1_1_9,AM_85,experiment1
10,13.5705634118315,1,83,13.5238585350788,2.5,1,TRUE,TRUE,1,SSP1_1_9,AM_85,experiment1
6,14.6615588161161,1,83,13.5238585350788,2.5,1,TRUE,TRUE,1,SSP1_1_9,AM_85,experiment1
3,12.2061569091854,1,83,13.5238585350788,2.5,1,TRUE,TRUE,1,SSP1_1_9,AM_85,experiment1
11,14.186461074764,1,83,13.5238585350788,2.5,1,TRUE,TRUE,1,SSP1_1_9,AM_85,experiment1
6,12.5210261202638,1,83,13.5238585350788,2.5,1,TRUE,TRUE,1,SSP1_1_9,AM_85,experiment1
8,13.4705172605993,1,83,13.5238585350788,2.5,1,TRUE,TRUE,1,SSP1_1_9,AM_85,experiment1
11,13.6374483354224,1,83,13.5238585350788,2.5,1,TRUE,TRUE,1,SSP1_1_9,AM_85,experiment1
6,12.993236728823,1,83,13.5238585350788,2.5,1,TRUE,TRUE,1,SSP1_1_9,AM_85,experiment1
6,14.244726980072,1,83,13.5238585350788,2.5,1,TRUE,TRUE,1,SSP1_1_9,AM_85,experiment1
5,14.5477178265801,1,83,13.5238585350788,2.5,1,TRUE,TRUE,1,SSP1_1_9,AM_85,experiment1
9,14.2825703187849,1,83,13.5238585350788,2.5,1,TRUE,TRUE,1,SSP1_1_9,AM_85,experiment1
8,13.9362086411977,1,83,13.5238585350788,2.5,1,TRUE,TRUE,1,SSP1_1_9,AM_85,experiment1
8,14.1383036353539,1,83,13.5238585350788,2.5,1,TRUE,TRUE,1,SSP1_1_9,AM_85,experiment1
9,13.7932396632579,1,83,13.5238585350788,2.5,1,TRUE,TRUE,1,SSP1_1_9,AM_85,experiment1
8,14.5266006036065,1,83,13.5238585350788,2.5,1,TRUE,TRUE,1,SSP1_1_9,AM_85,experiment1
4,13.293134808797,1,83,13.5238585350788,2.5,1,TRUE,TRUE,1,SSP1_1_9,AM_85,experiment1
10,10.6164175715783,1,83,13.5238585350788,2.5,1,TRUE,TRUE,1,SSP1_1_9,AM_85,experiment1
1,0.95,1,83,13.5238585350788,2.5,1,TRUE,TRUE,1,SSP1_1_9,AM_85,experiment1
1,8.86331499195304,1,83,13.5238585350788,2.5,1,TRUE,TRUE,1,SSP1_1_9,AM_85,experiment1
7,14.7122613503238,1,83,13.5238585350788,2.5,1,TRUE,TRUE,1,SSP1_1_9,AM_85,experiment1
5,13.437896293974,1,83,13.5238585350788,2.5,1,TRUE,TRUE,1,SSP1_1_9,AM_85,experiment1
8,12.8879252225102,1,83,13.5238585350788,2.5,1,TRUE,TRUE,1,SSP1_1_9,AM_85,experiment1
6,13.7239805806375,1,83,13.5238585350788,2.5,1,TRUE,TRUE,1,SSP1_1_9,AM_85,experiment1
7,13.7115395297434,1,83,13.5238585350788,2.5,1,TRUE,TRUE,1,SSP1_1_9,AM_85,experiment1
8,13.9374400972443,1,83,13.5238585350788,2.5,1,TRUE,TRUE,1,SSP1_1_9,AM_85,experiment1
8,12.2347230353097,1,83,13.5238585350788,2.5,1,TRUE,TRUE,1,SSP1_1_9,AM_85,experiment1
6,13.7166199881507,1,83,13.5238585350788,2.5,1,TRUE,TRUE,1,SSP1_1_9,AM_85,experiment1
1,13.6271993350119,1,83,13.5238585350788,2.5,1,TRUE,TRUE,1,SSP1_1_9,AM_85,experiment1
8,13.2295946834594,1,83,13.5238585350788,2.5,1,TRUE,TRUE,1,SSP1_1_9,AM_85,experiment1
8,14.2081325694992,1,83,13.5238585350788,2.5,1,TRUE,TRUE,1,SSP1_1_9,AM_85,experiment1
9,13.4292687642118,1,83,13.5238585350788,2.5,1,TRUE,TRUE,1,SSP1_1_9,AM_85,experiment1
9,14.0613490869243,1,83,13.5238585350788,2.5,1,TRUE,TRUE,1,SSP1_1_9,AM_85,experiment1
9,15.0192576721791,1,83,13.5238585350788,2.5,1,TRUE,TRUE,1,SSP1_1_9,AM_85,experiment1
6,11.3709040431184,1,83,13.5238585350788,2.5,1,TRUE,TRUE,1,SSP1_1_9,AM_85,experiment1
8,13.6741218587118,1,83,13.5238585350788,2.5,1,TRUE,TRUE,1,SSP1_1_9,AM_85,experiment1
9,13.3122403546983,1,83,13.5238585350788,2.5,1,TRUE,TRUE,1,SSP1_1_9,AM_85,experiment1
7,12.561637605366,1,83,13.5238585350788,2.5,1,TRUE,TRUE,1,SSP1_1_9,AM_85,experiment1
7,10.9104468346943,1,83,13.5238585350788,2.5,1,TRUE,TRUE,1,SSP1_1_9,AM_85,experiment1
9,14.4035535640792,1,83,13.5238585350788,2.5,1,TRUE,TRUE,1,SSP1_1_9,AM_85,experiment1
8,14.1564847976745,1,83,13.5238585350788,2.5,1,TRUE,TRUE,1,SSP1_1_9,AM_85,experiment1
11,13.8216208339407,1,83,13.5238585350788,2.5,1,TRUE,TRUE,1,SSP1_1_9,AM_85,experiment1
8,13.8258977677506,1,83,13.5238585350788,2.5,1,TRUE,TRUE,1,SSP1_1_9,AM_85,experiment1
10,10.7835816043532,1,83,13.5238585350788,2.5,1,TRUE,TRUE,1,SSP1_1_9,AM_85,experiment1
7,11.6794549042814,1,83,13.5238585350788,2.5,1,TRUE,TRUE,1,SSP1_1_9,AM_85,experiment1
10,12.5642600275199,1,83,13.5238585350788,2.5,1,TRUE,TRUE,1,SSP1_1_9,AM_85,experiment1
8,12.7285362394893,1,83,13.5238585350788,2.5,1,TRUE,TRUE,1,SSP1_1_9,AM_85,experiment1
10,13.6636480211753,1,83,14.7415253335472,2.5,2.5,TRUE,TRUE,1,SSP1_1_9,AM_85,experiment1
10,11.8149683484756,1,83,14.7415253335472,2.5,2.5,TRUE,TRUE,1,SSP1_1_9,AM_85,experiment1
9,14.4551784502583,1,83,14.7415253335472,2.5,2.5,TRUE,TRUE,1,SSP1_1_9,AM_85,experiment1
8,13.7200514378877,1,83,14.7415253335472,2.5,2.5,TRUE,TRUE,1,SSP1_1_9,AM_85,experiment1
7,15.7360127091325,1,83,14.7415253335472,2.5,2.5,TRUE,TRUE,1,SSP1_1_9,AM_85,experiment1
9,13.0369319471251,1,83,14.7415253335472,2.5,2.5,TRUE,TRUE,1,SSP1_1_9,AM_85,experiment1
8,12.2392147658932,1,83,14.7415253335472,2.5,2.5,TRUE,TRUE,1,SSP1_1_9,AM_85,experiment1
6,10.7222079715524,1,83,14.7415253335472,2.5,2.5,TRUE,TRUE,1,SSP1_1_9,AM_85,experiment1
10,13.9802102837745,1,83,14.7415253335472,2.5,2.5,TRUE,TRUE,1,SSP1_1_9,AM_85,experiment1
11,12.6963144067655,1,83,14.7415253335472,2.5,2.5,TRUE,TRUE,1,SSP1_1_9,AM_85,experiment1
10,14.1663585747655,1,83,14.7415253335472,2.5,2.5,TRUE,TRUE,1,SSP1_1_9,AM_85,experiment1
2,14.4166407564806,1,83,14.7415253335472,2.5,2.5,TRUE,TRUE,1,SSP1_1_9,AM_85,experiment1
6,14.6341542448498,1,83,14.7415253335472,2.5,2.5,TRUE,TRUE,1,SSP1_1_9,AM_85,experiment1
10,12.5587221770206,1,83,14.7415253335472,2.5,2.5,TRUE,TRUE,1,SSP1_1_9,AM_85,experiment1
6,11.6097022365953,1,83,14.7415253335472,2.5,2.5,TRUE,TRUE,1,SSP1_1_9,AM_85,experiment1
8,14.579033625103,1,83,14.7415253335472,2.5,2.5,TRUE,TRUE,1,SSP1_1_9,AM_85,experiment1
10,12.7678859786977,1,83,14.7415253335472,2.5,2.5,TRUE,TRUE,1,SSP1_1_9,AM_85,experiment1
9,12.1109526230953,1,83,14.7415253335472,2.5,2.5,TRUE,TRUE,1,SSP1_1_9,AM_85,experiment1
8,14.5438904532639,1,83,14.7415253335472,2.5,2.5,TRUE,TRUE,1,SSP1_1_9,AM_85,experiment1
10,13.9457216975509,1,83,14.7415253335472,2.5,2.5,TRUE,TRUE,1,SSP1_1_9,AM_85,experiment1
9,13.5957048348981,1,83,14.7415253335472,2.5,2.5,TRUE,TRUE,1,SSP1_1_9,AM_85,experiment1
8,12.39001946667,1,83,14.7415253335472,2.5,2.5,TRUE,TRUE,1,SSP1_1_9,AM_85,experiment1
11,13.7629648639164,1,83,14.7415253335472,2.5,2.5,TRUE,TRUE,1,SSP1_1_9,AM_85,experiment1
10,15.0385271150449,1,83,14.7415253335472,2.5,2.5,TRUE,TRUE,1,SSP1_1_9,AM_85,experiment1
9,12.3969988542025,1,83,14.7415253335472,2.5,2.5,TRUE,TRUE,1,SSP1_1_9,AM_85,experiment1
8,14.9998670239369,1,83,14.7415253335472,2.5,2.5,TRUE,TRUE,1,SSP1_1_9,AM_85,experiment1
7,13.0236340837582,1,83,14.7415253335472,2.5,2.5,TRUE,TRUE,1,SSP1_1_9,AM_85,experiment1
11,13.0985857723824,1,83,14.7415253335472,2.5,2.5,TRUE,TRUE,1,SSP1_1_9,AM_85,experiment1
8,14.1883136241178,1,83,14.7415253335472,2.5,2.5,TRUE,TRUE,1,SSP1_1_9,AM_85,experiment1
7,9.07339635647375,1,83,14.7415253335472,2.5,2.5,TRUE,TRUE,1,SSP1_1_9,AM_85,experiment1
8,13.1998942182637,1,83,14.7415253335472,2.5,2.5,TRUE,TRUE,1,SSP1_1_9,AM_85,experiment1
5,14.1386866490472,1,83,14.7415253335472,2.5,2.5,TRUE,TRUE,1,SSP1_1_9,AM_85,experiment1
11,12.990535837162,1,83,14.7415253335472,2.5,2.5,TRUE,TRUE,1,SSP1_1_9,AM_85,experiment1
9,11.8658893946495,1,83,14.7415253335472,2.5,2.5,TRUE,TRUE,1,SSP1_1_9,AM_85,experiment1
10,14.8528836976113,1,83,14.7415253335472,2.5,2.5,TRUE,TRUE,1,SSP1_1_9,AM_85,experiment1
6,14.5648078090077,1,83,14.7415253335472,2.5,2.5,TRUE,TRUE,1,SSP1_1_9,AM_85,experiment1
9,12.6458625420883,1,83,14.7415253335472,2.5,2.5,TRUE,TRUE,1,SSP1_1_9,AM_85,experiment1
6,12.4529485969865,1,83,14.7415253335472,2.5,2.5,TRUE,TRUE,1,SSP1_1_9,AM_85,experiment1
11,11.8168402885131,1,83,14.7415253335472,2.5,2.5,TRUE,TRUE,1,SSP1_1_9,AM_85,experiment1
8,13.7514089434534,1,83,14.7415253335472,2.5,2.5,TRUE,TRUE,1,SSP1_1_9,AM_85,experiment1
10,13.4267687728733,1,83,14.7415253335472,2.5,2.5,TRUE,TRUE,1,SSP1_1_9,AM_85,experiment1
9,15.1410744258368,1,83,14.7415253335472,2.5,2.5,TRUE,TRUE,1,SSP1_1_9,AM_85,experiment1
11,13.7537506093924,1,83,14.7415253335472,2.5,2.5,TRUE,TRUE,1,SSP1_1_9,AM_85,experiment1
6,15.5884499177769,1,83,14.7415253335472,2.5,2.5,TRUE,TRUE,1,SSP1_1_9,AM_85,experiment1
8,11.8942111624473,1,83,14.7415253335472,2.5,2.5,TRUE,TRUE,1,SSP1_1_9,AM_85,experiment1
1,13.4621023989443,1,83,14.7415253335472,2.5,2.5,TRUE,TRUE,1,SSP1_1_9,AM_85,experiment1
10,13.9856177695958,1,83,14.7415253335472,2.5,2.5,TRUE,TRUE,1,SSP1_1_9,AM_85,experiment1
10,14.9530343608568,1,83,14.7415253335472,2.5,2.5,TRUE,TRUE,1,SSP1_1_9,AM_85,experiment1
8,14.0012101588289,1,83,14.7415253335472,2.5,2.5,TRUE,TRUE,1,SSP1_1_9,AM_85,experiment1
6,11.3285052541894,1,83,14.7415253335472,2.5,2.5,TRUE,TRUE,1,SSP1_1_9,AM_85,experiment1
1,12.3829379097676,1,83,14.7415253335472,2.5,2.5,TRUE,TRUE,1,SSP1_1_9,AM_85,experiment1
8,15.2903178318943,1,83,14.7415253335472,2.5,2.5,TRUE,TRUE,1,SSP1_1_9,AM_85,experiment1
9,14.812995726232,1,83,14.7415253335472,2.5,2.5,TRUE,TRUE,1,SSP1_1_9,AM_85,experiment1
7,12.1404003388579,1,83,14.7415253335472,2.5,2.5,TRUE,TRUE,1,SSP1_1_9,AM_85,experiment1
10,12.8741753053075,1,83,14.7415253335472,2.5,2.5,TRUE,TRUE,1,SSP1_1_9,AM_85,experiment1
9,13.0385441107214,1,83,14.7415253335472,2.5,2.5,TRUE,TRUE,1,SSP1_1_9,AM_85,experiment1
6,14.0950156000363,1,83,14.7415253335472,2.5,2.5,TRUE,TRUE,1,SSP1_1_9,AM_85,experiment1
11,13.1017720361082,1,83,14.7415253335472,2.5,2.5,TRUE,TRUE,1,SSP1_1_9,AM_85,experiment1
10,14.4818822632358,1,83,14.7415253335472,2.5,2.5,TRUE,TRUE,1,SSP1_1_9,AM_85,experiment1
7,13.0033707431742,1,83,14.7415253335472,2.5,2.5,TRUE,TRUE,1,SSP1_1_9,AM_85,experiment1
1,11.8346174380851,1,83,14.7415253335472,2.5,2.5,TRUE,TRUE,1,SSP1_1_9,AM_85,experiment1
8,14.1303342618635,1,83,14.7415253335472,2.5,2.5,TRUE,TRUE,1,SSP1_1_9,AM_85,experiment1
9,13.749544498266,1,83,14.7415253335472,2.5,2.5,TRUE,TRUE,1,SSP1_1_9,AM_85,experiment1
9,13.2333186501781,1,83,14.7415253335472,2.5,2.5,TRUE,TRUE,1,SSP1_1_9,AM_85,experiment1
9,14.3230302876322,1,83,14.7415253335472,2.5,2.5,TRUE,TRUE,1,SSP1_1_9,AM_85,experiment1
1,4.46939166519531,1,83,14.7415253335472,2.5,2.5,TRUE,TRUE,1,SSP1_1_9,AM_85,experiment1
8,14.4775587459478,1,83,14.7415253335472,2.5,2.5,TRUE,TRUE,1,SSP1_1_9,AM_85,experiment1
9,14.5412865496504,1,83,14.7415253335472,2.5,2.5,TRUE,TRUE,1,SSP1_1_9,AM_85,experiment1
10,14.3088971283819,1,83,14.7415253335472,2.5,2.5,TRUE,TRUE,1,SSP1_1_9,AM_85,experiment1
9,12.9149336649114,1,83,14.7415253335472,2.5,2.5,TRUE,TRUE,1,SSP1_1_9,AM_85,experiment1
9,11.7756254962384,1,83,14.7415253335472,2.5,2.5,TRUE,TRUE,1,SSP1_1_9,AM_85,experiment1
8,12.4296037408542,1,83,14.7415253335472,2.5,2.5,TRUE,TRUE,1,SSP1_1_9,AM_85,experiment1
9,15.2254658748451,1,83,14.7415253335472,2.5,2.5,TRUE,TRUE,1,SSP1_1_9,AM_85,experiment1
8,13.1728570970199,1,83,14.7415253335472,2.5,2.5,TRUE,TRUE,1,SSP1_1_9,AM_85,experiment1
5,12.3283912267156,1,83,14.7415253335472,2.5,2.5,TRUE,TRUE,1,SSP1_1_9,AM_85,experiment1
6,14.3641000014307,1,83,14.7415253335472,2.5,2.5,TRUE,TRUE,1,SSP1_1_9,AM_85,experiment1
10,13.1334883687516,1,83,14.7415253335472,2.5,2.5,TRUE,TRUE,1,SSP1_1_9,AM_85,experiment1
9,13.4321369394142,1,83,14.7415253335472,2.5,2.5,TRUE,TRUE,1,SSP1_1_9,AM_85,experiment1
2,13.5507845836743,1,83,14.7415253335472,2.5,2.5,TRUE,TRUE,1,SSP1_1_9,AM_85,experiment1
11,13.3478233256258,1,83,14.7415253335472,2.5,2.5,TRUE,TRUE,1,SSP1_1_9,AM_85,experiment1
6,13.1473960523738,1,83,14.7415253335472,2.5,2.5,TRUE,TRUE,1,SSP1_1_9,AM_85,experiment1
7,12.0649844314924,1,83,14.7415253335472,2.5,2.5,TRUE,TRUE,1,SSP1_1_9,AM_85,experiment1
7,14.3398964880361,1,83,14.7415253335472,2.5,2.5,TRUE,TRUE,1,SSP1_1_9,AM_85,experiment1
8,14.7001095196509,1,83,14.7415253335472,2.5,2.5,TRUE,TRUE,1,SSP1_1_9,AM_85,experiment1
7,14.7242992958738,1,83,14.7415253335472,2.5,2.5,TRUE,TRUE,1,SSP1_1_9,AM_85,experiment1
7,13.0616909221204,1,83,14.7415253335472,2.5,2.5,TRUE,TRUE,1,SSP1_1_9,AM_85,experiment1
1,12.98853543279,1,83,14.7415253335472,2.5,2.5,TRUE,TRUE,1,SSP1_1_9,AM_85,experiment1
9,12.6780182840615,1,83,14.7415253335472,2.5,2.5,TRUE,TRUE,1,SSP1_1_9,AM_85,experiment1
9,15.1913770103354,1,83,14.7415253335472,2.5,2.5,TRUE,TRUE,1,SSP1_1_9,AM_85,experiment1
4,12.5950574205629,1,83,14.7415253335472,2.5,2.5,TRUE,TRUE,1,SSP1_1_9,AM_85,experiment1
7,7.27984511523654,1,83,14.7415253335472,2.5,2.5,TRUE,TRUE,1,SSP1_1_9,AM_85,experiment1
8,13.7051171691196,1,83,14.7415253335472,2.5,2.5,TRUE,TRUE,1,SSP1_1_9,AM_85,experiment1
8,13.2667297934343,1,83,14.7415253335472,2.5,2.5,TRUE,TRUE,1,SSP1_1_9,AM_85,experiment1
6,14.8198342815732,1,83,14.7415253335472,2.5,2.5,TRUE,TRUE,1,SSP1_1_9,AM_85,experiment1
7,13.7392908140516,1,83,14.7415253335472,2.5,2.5,TRUE,TRUE,1,SSP1_1_9,AM_85,experiment1
10,14.2466070411213,1,83,14.7415253335472,2.5,2.5,TRUE,TRUE,1,SSP1_1_9,AM_85,experiment1
8,9.3948640083963,1,83,14.7415253335472,2.5,2.5,TRUE,TRUE,1,SSP1_1_9,AM_85,experiment1
8,14.710421747219,1,83,14.7415253335472,2.5,2.5,TRUE,TRUE,1,SSP1_1_9,AM_85,experiment1
11,13.5755636973091,1,83,14.7415253335472,2.5,2.5,TRUE,TRUE,1,SSP1_1_9,AM_85,experiment1
10,13.8530071699163,1,83,14.7415253335472,2.5,2.5,TRUE,TRUE,1,SSP1_1_9,AM_85,experiment1
4,13.7974630412522,1,83,14.7415253335472,2.5,2.5,TRUE,TRUE,1,SSP1_1_9,AM_85,experiment1
5,14.4485204063475,1,83,14.7415253335472,2.5,2.5,TRUE,TRUE,1,SSP1_1_9,AM_85,experiment1
11,14.6277309748461,1,83,14.7415253335472,2.5,2.5,TRUE,TRUE,1,SSP1_1_9,AM_85,experiment1
10,13.647819077344,1,83,14.7415253335472,2.5,2.5,TRUE,TRUE,1,SSP1_1_9,AM_85,experiment1
5,13.9225337139868,1,83,14.7415253335472,2.5,2.5,TRUE,TRUE,1,SSP1_1_9,AM_85,experiment1
10,12.522304785278,1,83,14.7415253335472,2.5,2.5,TRUE,TRUE,1,SSP1_1_9,AM_85,experiment1
10,14.3865166764298,1,83,14.7415253335472,2.5,2.5,TRUE,TRUE,1,SSP1_1_9,AM_85,experiment1
1,12.8718439865325,1,83,14.7415253335472,2.5,2.5,TRUE,TRUE,1,SSP1_1_9,AM_85,experiment1
9,12.8264340197065,1,83,14.7415253335472,2.5,2.5,TRUE,TRUE,1,SSP1_1_9,AM_85,experiment1
10,14.1102653035356,1,83,14.7415253335472,2.5,2.5,TRUE,TRUE,1,SSP1_1_9,AM_85,experiment1
10,12.7797376311584,1,83,14.7415253335472,2.5,2.5,TRUE,TRUE,1,SSP1_1_9,AM_85,experiment1
1,12.551819693954,1,83,14.7415253335472,2.5,2.5,TRUE,TRUE,1,SSP1_1_9,AM_85,experiment1
9,13.5923820101806,1,83,14.7415253335472,2.5,2.5,TRUE,TRUE,1,SSP1_1_9,AM_85,experiment1
3,15.3537159744995,1,83,14.7415253335472,2.5,2.5,TRUE,TRUE,1,SSP1_1_9,AM_85,experiment1
8,14.4866165072456,1,83,14.7415253335472,2.5,2.5,TRUE,TRUE,1,SSP1_1_9,AM_85,experiment1
7,14.5656766136923,1,83,14.7415253335472,2.5,2.5,TRUE,TRUE,1,SSP1_1_9,AM_85,experiment1
10,13.1895847730534,1,83,14.7415253335472,2.5,2.5,TRUE,TRUE,1,SSP1_1_9,AM_85,experiment1
11,14.9511546070058,1,83,14.7415253335472,2.5,2.5,TRUE,TRUE,1,SSP1_1_9,AM_85,experiment1
6,12.9996718260195,1,83,14.7415253335472,2.5,2.5,TRUE,TRUE,1,SSP1_1_9,AM_85,experiment1
9,12.8913168248562,1,83,14.7415253335472,2.5,2.5,TRUE,TRUE,1,SSP1_1_9,AM_85,experiment1
10,14.5446149017925,1,83,14.7415253335472,2.5,2.5,TRUE,TRUE,1,SSP1_1_9,AM_85,experiment1
10,13.4799681923102,1,83,14.7415253335472,2.5,2.5,TRUE,TRUE,1,SSP1_1_9,AM_85,experiment1
6,12.9263825905074,1,83,14.7415253335472,2.5,2.5,TRUE,TRUE,1,SSP1_1_9,AM_85,experiment1
11,12.3042299552722,1,83,14.7415253335472,2.5,2.5,TRUE,TRUE,1,SSP1_1_9,AM_85,experiment1
8,13.5738233842704,1,83,14.7415253335472,2.5,2.5,TRUE,TRUE,1,SSP1_1_9,AM_85,experiment1
11,14.5518449701305,1,83,14.7415253335472,2.5,2.5,TRUE,TRUE,1,SSP1_1_9,AM_85,experiment1
10,11.0715892597354,1,83,14.7415253335472,2.5,2.5,TRUE,TRUE,1,SSP1_1_9,AM_85,experiment1
8,13.8497208808106,1,83,14.7415253335472,2.5,2.5,TRUE,TRUE,1,SSP1_1_9,AM_85,experiment1
6,13.9668390925303,1,83,14.7415253335472,2.5,2.5,TRUE,TRUE,1,SSP1_1_9,AM_85,experiment1
8,15.2595040648815,1,83,14.7415253335472,2.5,2.5,TRUE,TRUE,1,SSP1_1_9,AM_85,experiment1
8,13.3935131247049,1,83,14.7415253335472,2.5,2.5,TRUE,TRUE,1,SSP1_1_9,AM_85,experiment1
6,12.8008515977833,1,83,14.7415253335472,2.5,2.5,TRUE,TRUE,1,SSP1_1_9,AM_85,experiment1
7,15.1453547751062,1,83,14.7415253335472,2.5,2.5,TRUE,TRUE,1,SSP1_1_9,AM_85,experiment1
1,12.0221658665993,1,83,14.7415253335472,2.5,2.5,TRUE,TRUE,1,SSP1_1_9,AM_85,experiment1
7,5.5098159302342,1,83,14.7415253335472,2.5,2.5,TRUE,TRUE,1,SSP1_1_9,AM_85,experiment1
1,10.5107654753333,1,83,14.7415253335472,2.5,2.5,TRUE,TRUE,1,SSP1_1_9,AM_85,experiment1
5,12.0673847561926,1,83,14.7415253335472,2.5,2.5,TRUE,TRUE,1,SSP1_1_9,AM_85,experiment1
7,14.5116035146182,1,83,14.7415253335472,2.5,2.5,TRUE,TRUE,1,SSP1_1_9,AM_85,experiment1
9,12.9943820773344,1,83,14.7415253335472,2.5,2.5,TRUE,TRUE,1,SSP1_1_9,AM_85,experiment1
10,13.9719717804301,1,83,14.7415253335472,2.5,2.5,TRUE,TRUE,1,SSP1_1_9,AM_85,experiment1
9,11.2584689498319,1,83,14.7415253335472,2.5,2.5,TRUE,TRUE,1,SSP1_1_9,AM_85,experiment1
6,13.6574728128294,1,83,14.7415253335472,2.5,2.5,TRUE,TRUE,1,SSP1_1_9,AM_85,experiment1
1,15.0757925067388,1,83,14.7415253335472,2.5,2.5,TRUE,TRUE,1,SSP1_1_9,AM_85,experiment1
7,15.2582883611221,1,83,14.7415253335472,2.5,2.5,TRUE,TRUE,1,SSP1_1_9,AM_85,experiment1
11,12.3775568732177,1,83,14.7415253335472,2.5,2.5,TRUE,TRUE,1,SSP1_1_9,AM_85,experiment1
10,13.23875779974,1,83,14.7415253335472,2.5,2.5,TRUE,TRUE,1,SSP1_1_9,AM_85,experiment1
5,14.8074760512132,1,83,14.7415253335472,2.5,2.5,TRUE,TRUE,1,SSP1_1_9,AM_85,experiment1
8,13.9018412240265,1,83,14.7415253335472,2.5,2.5,TRUE,TRUE,1,SSP1_1_9,AM_85,experiment1
1,8.81127348268808,1,83,14.7415253335472,2.5,2.5,TRUE,TRUE,1,SSP1_1_9,AM_85,experiment1
8,15.2494709776646,1,83,14.7415253335472,2.5,2.5,TRUE,TRUE,1,SSP1_1_9,AM_85,experiment1
6,10.9064803224843,1,83,14.7415253335472,2.5,2.5,TRUE,TRUE,1,SSP1_1_9,AM_85,experiment1
11,14.8807689862783,1,83,14.7415253335472,2.5,2.5,TRUE,TRUE,1,SSP1_1_9,AM_85,experiment1
8,13.7173988417684,1,83,14.7415253335472,2.5,2.5,TRUE,TRUE,1,SSP1_1_9,AM_85,experiment1
2,13.1006247429382,1,83,14.7415253335472,2.5,2.5,TRUE,TRUE,1,SSP1_1_9,AM_85,experiment1
6,15.6807499452286,1,83,14.7415253335472,2.5,2.5,TRUE,TRUE,1,SSP1_1_9,AM_85,experiment1
9,13.6155595583705,1,83,14.7415253335472,2.5,2.5,TRUE,TRUE,1,SSP1_1_9,AM_85,experiment1
9,14.7515383867487,1,83,14.7415253335472,2.5,2.5,TRUE,TRUE,1,SSP1_1_9,AM_85,experiment1
9,12.0185255719488,1,83,14.7415253335472,2.5,2.5,TRUE,TRUE,1,SSP1_1_9,AM_85,experiment1
1,12.6361137607116,1,83,14.7415253335472,2.5,2.5,TRUE,TRUE,1,SSP1_1_9,AM_85,experiment1
10,14.6285760742227,1,83,14.7415253335472,2.5,2.5,TRUE,TRUE,1,SSP1_1_9,AM_85,experiment1
1,11.7648534751364,1,83,14.7415253335472,2.5,2.5,TRUE,TRUE,1,SSP1_1_9,AM_85,experiment1
8,14.6685689466516,1,83,14.7415253335472,2.5,2.5,TRUE,TRUE,1,SSP1_1_9,AM_85,experiment1
11,14.5631084506905,1,83,14.7415253335472,2.5,2.5,TRUE,TRUE,1,SSP1_1_9,AM_85,experiment1
6,13.5813425774944,1,83,14.7415253335472,2.5,2.5,TRUE,TRUE,1,SSP1_1_9,AM_85,experiment1
11,15.1674537073993,1,83,14.7415253335472,2.5,2.5,TRUE,TRUE,1,SSP1_1_9,AM_85,experiment1
8,12.4150820720826,1,83,14.7415253335472,2.5,2.5,TRUE,TRUE,1,SSP1_1_9,AM_85,experiment1
5,14.4678526638345,1,83,14.7415253335472,2.5,2.5,TRUE,TRUE,1,SSP1_1_9,AM_85,experiment1
7,14.1680004634044,1,83,14.7415253335472,2.5,2.5,TRUE,TRUE,1,SSP1_1_9,AM_85,experiment1
10,14.3572872990459,1,83,14.7415253335472,2.5,2.5,TRUE,TRUE,1,SSP1_1_9,AM_85,experiment1
11,13.6983621708249,1,83,14.7415253335472,2.5,2.5,TRUE,TRUE,1,SSP1_1_9,AM_85,experiment1
10,12.2515975570788,1,83,14.7415253335472,2.5,2.5,TRUE,TRUE,1,SSP1_1_9,AM_85,experiment1
9,12.6559025805723,1,83,14.7415253335472,2.5,2.5,TRUE,TRUE,1,SSP1_1_9,AM_85,experiment1
1,9.92992889275792,1,83,14.7415253335472,2.5,2.5,TRUE,TRUE,1,SSP1_1_9,AM_85,experiment1
11,11.9571935273977,1,83,14.7415253335472,2.5,2.5,TRUE,TRUE,1,SSP1_1_9,AM_85,experiment1
7,14.1333573420791,1,83,14.7415253335472,2.5,2.5,TRUE,TRUE,1,SSP1_1_9,AM_85,experiment1
7,12.950075085285,1,83,14.7415253335472,2.5,2.5,TRUE,TRUE,1,SSP1_1_9,AM_85,experiment1
7,12.7987213455528,1,83,14.7415253335472,2.5,2.5,TRUE,TRUE,1,SSP1_1_9,AM_85,experiment1
10,13.5897305943737,1,83,14.7415253335472,2.5,2.5,TRUE,TRUE,1,SSP1_1_9,AM_85,experiment1
10,13.859344844977,1,83,14.7415253335472,2.5,2.5,TRUE,TRUE,1,SSP1_1_9,AM_85,experiment1
1,15.0969126889819,1,83,14.7415253335472,2.5,2.5,TRUE,TRUE,1,SSP1_1_9,AM_85,experiment1
11,12.0609689425046,1,83,14.7415253335472,2.5,2.5,TRUE,TRUE,1,SSP1_1_9,AM_85,experiment1
9,14.5067129581189,1,83,14.7415253335472,2.5,2.5,TRUE,TRUE,1,SSP1_1_9,AM_85,experiment1
10,13.0572753283408,1,83,14.7415253335472,2.5,2.5,TRUE,TRUE,1,SSP1_1_9,AM_85,experiment1
9,14.3469509346033,1,83,14.7415253335472,2.5,2.5,TRUE,TRUE,1,SSP1_1_9,AM_85,experiment1
7,13.8041639147386,1,83,14.7415253335472,2.5,2.5,TRUE,TRUE,1,SSP1_1_9,AM_85,experiment1
10,14.8276698178076,1,83,14.7415253335472,2.5,2.5,TRUE,TRUE,1,SSP1_1_9,AM_85,experiment1
9,12.40577573949,1,83,14.7415253335472,2.5,2.5,TRUE,TRUE,1,SSP1_1_9,AM_85,experiment1
5,11.3900892511976,1,83,14.7415253335472,2.5,2.5,TRUE,TRUE,1,SSP1_1_9,AM_85,experiment1
6,13.2544488444544,1,83,14.7415253335472,2.5,2.5,TRUE,TRUE,1,SSP1_1_9,AM_85,experiment1
1,14.6879585290095,1,83,14.7415253335472,2.5,2.5,TRUE,TRUE,1,SSP1_1_9,AM_85,experiment1
9,12.3749349604078,1,83,14.7415253335472,2.5,2.5,TRUE,TRUE,1,SSP1_1_9,AM_85,experiment1
6,13.7522059911534,1,83,14.7415253335472,2.5,2.5,TRUE,TRUE,1,SSP1_1_9,AM_85,experiment1
5,14.6241799003716,1,83,14.7415253335472,2.5,2.5,TRUE,TRUE,1,SSP1_1_9,AM_85,experiment1
8,12.4523252289625,1,83,14.7415253335472,2.5,2.5,TRUE,TRUE,1,SSP1_1_9,AM_85,experiment1
9,13.8234228545556,1,83,14.7415253335472,2.5,2.5,TRUE,TRUE,1,SSP1_1_9,AM_85,experiment1
11,12.6556824382642,1,83,14.7415253335472,2.5,2.5,TRUE,TRUE,1,SSP1_1_9,AM_85,experiment1
10,13.4716409497122,1,83,14.7415253335472,2.5,2.5,TRUE,TRUE,1,SSP1_1_9,AM_85,experiment1
8,14.751523847869,1,83,14.7415253335472,2.5,2.5,TRUE,TRUE,1,SSP1_1_9,AM_85,experiment1
1,14.1896089058756,1,83,14.7415253335472,2.5,2.5,TRUE,TRUE,1,SSP1_1_9,AM_85,experiment1
6,10.239883168359,1,83,14.7415253335472,2.5,2.5,TRUE,TRUE,1,SSP1_1_9,AM_85,experiment1
9,13.4664508827243,1,83,14.7415253335472,2.5,2.5,TRUE,TRUE,1,SSP1_1_9,AM_85,experiment1
10,13.4206138141027,1,83,14.7415253335472,2.5,2.5,TRUE,TRUE,1,SSP1_1_9,AM_85,experiment1
7,14.0212120366247,1,83,14.7415253335472,2.5,2.5,TRUE,TRUE,1,SSP1_1_9,AM_85,experiment1
8,14.0259688592441,1,83,14.7415253335472,2.5,2.5,TRUE,TRUE,1,SSP1_1_9,AM_85,experiment1
8,14.1674655823756,1,83,14.7415253335472,2.5,2.5,TRUE,TRUE,1,SSP1_1_9,AM_85,experiment1
11,14.180547500598,1,83,14.7415253335472,2.5,2.5,TRUE,TRUE,1,SSP1_1_9,AM_85,experiment1
9,12.0428543524311,1,83,14.7415253335472,2.5,2.5,TRUE,TRUE,1,SSP1_1_9,AM_85,experiment1
8,14.2180208321992,1,83,14.7415253335472,2.5,2.5,TRUE,TRUE,1,SSP1_1_9,AM_85,experiment1
11,13.8901653353438,1,83,14.7415253335472,2.5,2.5,TRUE,TRUE,1,SSP1_1_9,AM_85,experiment1
10,12.3539000610155,1,83,14.7415253335472,2.5,2.5,TRUE,TRUE,1,SSP1_1_9,AM_85,experiment1
10,14.9353481624822,1,83,14.7415253335472,2.5,2.5,TRUE,TRUE,1,SSP1_1_9,AM_85,experiment1
7,14.4851000698672,1,83,14.7415253335472,2.5,2.5,TRUE,TRUE,1,SSP1_1_9,AM_85,experiment1
10,13.7689509899153,1,83,14.7415253335472,2.5,2.5,TRUE,TRUE,1,SSP1_1_9,AM_85,experiment1
9,14.4262224831295,1,83,14.7415253335472,2.5,2.5,TRUE,TRUE,1,SSP1_1_9,AM_85,experiment1
10,14.5787478788845,1,83,14.7415253335472,2.5,2.5,TRUE,TRUE,1,SSP1_1_9,AM_85,experiment1
7,13.9006371221294,1,83,14.7415253335472,2.5,2.5,TRUE,TRUE,1,SSP1_1_9,AM_85,experiment1
9,12.7759524393314,1,83,14.7415253335472,2.5,2.5,TRUE,TRUE,1,SSP1_1_9,AM_85,experiment1
10,14.0014813942397,1,83,14.7415253335472,2.5,2.5,TRUE,TRUE,1,SSP1_1_9,AM_85,experiment1
9,13.3408234505482,1,83,14.7415253335472,2.5,2.5,TRUE,TRUE,1,SSP1_1_9,AM_85,experiment1
6,13.86536885622,1,83,14.7415253335472,2.5,2.5,TRUE,TRUE,1,SSP1_1_9,AM_85,experiment1
8,13.9806903720782,1,83,14.7415253335472,2.5,2.5,TRUE,TRUE,1,SSP1_1_9,AM_85,experiment1
9,11.8293613032656,1,83,14.7415253335472,2.5,2.5,TRUE,TRUE,1,SSP1_1_9,AM_85,experiment1
8,13.7536556603973,1,83,14.7415253335472,2.5,2.5,TRUE,TRUE,1,SSP1_1_9,AM_85,experiment1
8,12.7327320117145,1,83,14.7415253335472,2.5,2.5,TRUE,TRUE,1,SSP1_1_9,AM_85,experiment1
10,12.8183406043907,1,83,14.7415253335472,2.5,2.5,TRUE,TRUE,1,SSP1_1_9,AM_85,experiment1
10,13.4544512206045,1,83,14.7415253335472,2.5,2.5,TRUE,TRUE,1,SSP1_1_9,AM_85,experiment1
1,14.4537968790373,1,83,14.7415253335472,2.5,2.5,TRUE,TRUE,1,SSP1_1_9,AM_85,experiment1
8,13.3756161775307,1,83,14.7415253335472,2.5,2.5,TRUE,TRUE,1,SSP1_1_9,AM_85,experiment1
9,13.6886693557712,1,83,14.7415253335472,2.5,2.5,TRUE,TRUE,1,SSP1_1_9,AM_85,experiment1
9,15.1140306520326,1,83,14.7415253335472,2.5,2.5,TRUE,TRUE,1,SSP1_1_9,AM_85,experiment1
9,13.988790975147,1,83,14.7415253335472,2.5,2.5,TRUE,TRUE,1,SSP1_1_9,AM_85,experiment1
11,13.966351390448,1,83,14.7415253335472,2.5,2.5,TRUE,TRUE,1,SSP1_1_9,AM_85,experiment1
10,14.3291409058337,1,83,14.7415253335472,2.5,2.5,TRUE,TRUE,1,SSP1_1_9,AM_85,experiment1
2,14.1908779602558,1,83,14.7415253335472,2.5,2.5,TRUE,TRUE,1,SSP1_1_9,AM_85,experiment1
1,10.8943948278939,1,83,14.7415253335472,2.5,2.5,TRUE,TRUE,1,SSP1_1_9,AM_85,experiment1
7,13.3965432146764,1,83,14.7415253335472,2.5,2.5,TRUE,TRUE,1,SSP1_1_9,AM_85,experiment1
9,11.9952062193589,1,83,14.7415253335472,2.5,2.5,TRUE,TRUE,1,SSP1_1_9,AM_85,experiment1
1,13.6091150443928,1,83,14.7415253335472,2.5,2.5,TRUE,TRUE,1,SSP1_1_9,AM_85,experiment1
1,13.3112796491866,1,83,14.7415253335472,2.5,2.5,TRUE,TRUE,1,SSP1_1_9,AM_85,experiment1
7,14.7791362273757,1,83,14.7415253335472,2.5,2.5,TRUE,TRUE,1,SSP1_1_9,AM_85,experiment1
11,12.0611995674723,1,83,14.7415253335472,2.5,2.5,TRUE,TRUE,1,SSP1_1_9,AM_85,experiment1
9,12.4938305005533,1,83,14.7415253335472,2.5,2.5,TRUE,TRUE,1,SSP1_1_9,AM_85,experiment1
1,8.30429421466932,1,83,14.7415253335472,2.5,2.5,TRUE,TRUE,1,SSP1_1_9,AM_85,experiment1
9,14.5518553444292,1,83,14.7415253335472,2.5,2.5,TRUE,TRUE,1,SSP1_1_9,AM_85,experiment1
6,15.1987577801071,1,83,14.7415253335472,2.5,2.5,TRUE,TRUE,1,SSP1_1_9,AM_85,experiment1
6,13.0284032510474,1,83,14.7415253335472,2.5,2.5,TRUE,TRUE,1,SSP1_1_9,AM_85,experiment1
11,12.9536150239891,1,83,14.7415253335472,2.5,2.5,TRUE,TRUE,1,SSP1_1_9,AM_85,experiment1
1,7.18137177694346,1,83,14.7415253335472,2.5,2.5,TRUE,TRUE,1,SSP1_1_9,AM_85,experiment1
10,13.6877722834999,1,83,14.7415253335472,2.5,2.5,TRUE,TRUE,1,SSP1_1_9,AM_85,experiment1
8,13.5092849590897,1,83,14.7415253335472,2.5,2.5,TRUE,TRUE,1,SSP1_1_9,AM_85,experiment1
7,11.8846414126111,1,83,14.7415253335472,2.5,2.5,TRUE,TRUE,1,SSP1_1_9,AM_85,experiment1
9,12.5907345816913,1,83,14.7415253335472,2.5,2.5,TRUE,TRUE,1,SSP1_1_9,AM_85,experiment1
8,13.5345400833765,1,83,14.7415253335472,2.5,2.5,TRUE,TRUE,1,SSP1_1_9,AM_85,experiment1
10,12.6308422181982,1,83,14.7415253335472,2.5,2.5,TRUE,TRUE,1,SSP1_1_9,AM_85,experiment1
8,13.3314425134312,1,83,14.7415253335472,2.5,2.5,TRUE,TRUE,1,SSP1_1_9,AM_85,experiment1
8,15.1065087343481,1,83,14.7415253335472,2.5,2.5,TRUE,TRUE,1,SSP1_1_9,AM_85,experiment1
6,10.5395617838448,1,83,14.7415253335472,2.5,2.5,TRUE,TRUE,1,SSP1_1_9,AM_85,experiment1
4,14.3781452701189,1,83,14.7415253335472,2.5,2.5,TRUE,TRUE,1,SSP1_1_9,AM_85,experiment1
11,14.2370465058219,1,83,14.7415253335472,2.5,2.5,TRUE,TRUE,1,SSP1_1_9,AM_85,experiment1
10,12.010888119072,1,83,14.7415253335472,2.5,2.5,TRUE,TRUE,1,SSP1_1_9,AM_85,experiment1
9,14.4662553406596,1,83,14.7415253335472,2.5,2.5,TRUE,TRUE,1,SSP1_1_9,AM_85,experiment1
7,13.9138798844483,1,83,14.7415253335472,2.5,2.5,TRUE,TRUE,1,SSP1_1_9,AM_85,experiment1
6,13.2911790333574,1,83,14.7415253335472,2.5,2.5,TRUE,TRUE,1,SSP1_1_9,AM_85,experiment1
8,12.887101686325,1,83,14.7415253335472,2.5,2.5,TRUE,TRUE,1,SSP1_1_9,AM_85,experiment1
9,14.7339138468783,1,83,14.7415253335472,2.5,2.5,TRUE,TRUE,1,SSP1_1_9,AM_85,experiment1
6,14.9429509083446,1,83,14.7415253335472,2.5,2.5,TRUE,TRUE,1,SSP1_1_9,AM_85,experiment1
1,10.4005282814435,1,83,14.7415253335472,2.5,2.5,TRUE,TRUE,1,SSP1_1_9,AM_85,experiment1
8,11.4411169572141,1,83,14.7415253335472,2.5,2.5,TRUE,TRUE,1,SSP1_1_9,AM_85,experiment1
7,14.9027734735424,1,83,14.7415253335472,2.5,2.5,TRUE,TRUE,1,SSP1_1_9,AM_85,experiment1
9,13.2104656654284,1,83,14.7415253335472,2.5,2.5,TRUE,TRUE,1,SSP1_1_9,AM_85,experiment1
11,14.2825686487467,1,83,14.7415253335472,2.5,2.5,TRUE,TRUE,1,SSP1_1_9,AM_85,experiment1
8,14.1688123220066,1,83,14.7415253335472,2.5,2.5,TRUE,TRUE,1,SSP1_1_9,AM_85,experiment1
11,13.8989830891054,1,83,14.7415253335472,2.5,2.5,TRUE,TRUE,1,SSP1_1_9,AM_85,experiment1
11,13.7234284667056,1,83,14.7415253335472,2.5,2.5,TRUE,TRUE,1,SSP1_1_9,AM_85,experiment1
7,15.2022019941352,1,83,14.7415253335472,2.5,2.5,TRUE,TRUE,1,SSP1_1_9,AM_85,experiment1
11,10.0177559122869,1,83,14.7415253335472,2.5,2.5,TRUE,TRUE,1,SSP1_1_9,AM_85,experiment1
10,14.7102870314398,1,83,14.7415253335472,2.5,2.5,TRUE,TRUE,1,SSP1_1_9,AM_85,experiment1
6,13.2099384824428,1,83,14.7415253335472,2.5,2.5,TRUE,TRUE,1,SSP1_1_9,AM_85,experiment1
6,13.7768509116866,1,83,14.7415253335472,2.5,2.5,TRUE,TRUE,1,SSP1_1_9,AM_85,experiment1
8,12.1150185236433,1,83,14.7415253335472,2.5,2.5,TRUE,TRUE,1,SSP1_1_9,AM_85,experiment1
10,14.3833672995179,1,83,14.7415253335472,2.5,2.5,TRUE,TRUE,1,SSP1_1_9,AM_85,experiment1
8,14.1916339566553,1,83,14.7415253335472,2.5,2.5,TRUE,TRUE,1,SSP1_1_9,AM_85,experiment1
10,14.7713858398303,1,83,14.7415253335472,2.5,2.5,TRUE,TRUE,1,SSP1_1_9,AM_85,experiment1
10,13.0071389290862,1,83,14.7415253335472,2.5,2.5,TRUE,TRUE,1,SSP1_1_9,AM_85,experiment1
11,12.4985988953897,1,83,14.7415253335472,2.5,2.5,TRUE,TRUE,1,SSP1_1_9,AM_85,experiment1
9,12.8288163629039,1,83,14.7415253335472,2.5,2.5,TRUE,TRUE,1,SSP1_1_9,AM_85,experiment1
9,14.6193378825373,1,83,14.7415253335472,2.5,2.5,TRUE,TRUE,1,SSP1_1_9,AM_85,experiment1
7,13.3927357228561,1,83,14.7415253335472,2.5,2.5,TRUE,TRUE,1,SSP1_1_9,AM_85,experiment1
1,5.23880346706737,1,83,14.7415253335472,2.5,2.5,TRUE,TRUE,1,SSP1_1_9,AM_85,experiment1
7,13.060407353701,1,83,14.7415253335472,2.5,2.5,TRUE,TRUE,1,SSP1_1_9,AM_85,experiment1
9,14.145577818199,1,83,14.7415253335472,2.5,2.5,TRUE,TRUE,1,SSP1_1_9,AM_85,experiment1
6,11.9902072522275,1,83,14.7415253335472,2.5,2.5,TRUE,TRUE,1,SSP1_1_9,AM_85,experiment1
9,14.9816352028598,1,83,14.7415253335472,2.5,2.5,TRUE,TRUE,1,SSP1_1_9,AM_85,experiment1
10,14.3744947869657,1,83,14.7415253335472,2.5,2.5,TRUE,TRUE,1,SSP1_1_9,AM_85,experiment1
10,11.7875883625924,1,83,14.7415253335472,2.5,2.5,TRUE,TRUE,1,SSP1_1_9,AM_85,experiment1
9,15.7889329413886,1,83,14.7415253335472,2.5,2.5,TRUE,TRUE,1,SSP1_1_9,AM_85,experiment1
9,14.4780909798045,1,83,14.7415253335472,2.5,2.5,TRUE,TRUE,1,SSP1_1_9,AM_85,experiment1
6,8.3436598728624,1,83,14.7415253335472,2.5,2.5,TRUE,TRUE,1,SSP1_1_9,AM_85,experiment1
11,11.6769886065485,1,83,14.7415253335472,2.5,2.5,TRUE,TRUE,1,SSP1_1_9,AM_85,experiment1
1,14.4640369836439,1,83,14.7415253335472,2.5,2.5,TRUE,TRUE,1,SSP1_1_9,AM_85,experiment1
7,14.093295117627,1,83,14.7415253335472,2.5,2.5,TRUE,TRUE,1,SSP1_1_9,AM_85,experiment1
6,11.8921873861614,1,83,14.7415253335472,2.5,2.5,TRUE,TRUE,1,SSP1_1_9,AM_85,experiment1
6,13.1940647979887,1,83,14.7415253335472,2.5,2.5,TRUE,TRUE,1,SSP1_1_9,AM_85,experiment1
7,10.6355412575828,1,83,14.7415253335472,2.5,2.5,TRUE,TRUE,1,SSP1_1_9,AM_85,experiment1
8,12.5662030897486,1,83,14.7415253335472,2.5,2.5,TRUE,TRUE,1,SSP1_1_9,AM_85,experiment1
11,14.5170322163386,1,83,14.7415253335472,2.5,2.5,TRUE,TRUE,1,SSP1_1_9,AM_85,experiment1
1,8.49642520901678,1,83,14.7415253335472,2.5,2.5,TRUE,TRUE,1,SSP1_1_9,AM_85,experiment1
10,13.8387449859561,1,83,14.7415253335472,2.5,2.5,TRUE,TRUE,1,SSP1_1_9,AM_85,experiment1
11,14.7930595266506,1,83,14.7415253335472,2.5,2.5,TRUE,TRUE,1,SSP1_1_9,AM_85,experiment1
11,13.674188004157,1,83,14.7415253335472,2.5,2.5,TRUE,TRUE,1,SSP1_1_9,AM_85,experiment1
10,11.1920570337564,1,83,14.7415253335472,2.5,2.5,TRUE,TRUE,1,SSP1_1_9,AM_85,experiment1
10,13.0507634618677,1,83,14.7415253335472,2.5,2.5,TRUE,TRUE,1,SSP1_1_9,AM_85,experiment1
7,14.2075934374499,1,83,14.7415253335472,2.5,2.5,TRUE,TRUE,1,SSP1_1_9,AM_85,experiment1
8,15.2293402000655,1,83,14.7415253335472,2.5,2.5,TRUE,TRUE,1,SSP1_1_9,AM_85,experiment1
1,13.0863123670698,1,83,14.7415253335472,2.5,2.5,TRUE,TRUE,1,SSP1_1_9,AM_85,experiment1
8,13.7087362636377,1,83,14.7415253335472,2.5,2.5,TRUE,TRUE,1,SSP1_1_9,AM_85,experiment1
11,13.0810345703022,1,83,14.7415253335472,2.5,2.5,TRUE,TRUE,1,SSP1_1_9,AM_85,experiment1
7,11.6483238206937,1,83,14.7415253335472,2.5,2.5,TRUE,TRUE,1,SSP1_1_9,AM_85,experiment1
10,13.5503096231985,1,83,14.7415253335472,2.5,2.5,TRUE,TRUE,1,SSP1_1_9,AM_85,experiment1
8,13.5653529501481,1,83,14.7415253335472,2.5,2.5,TRUE,TRUE,1,SSP1_1_9,AM_85,experiment1
9,14.4730710651288,1,83,14.7415253335472,2.5,2.5,TRUE,TRUE,1,SSP1_1_9,AM_85,experiment1
1,11.8527955309508,1,83,14.7415253335472,2.5,2.5,TRUE,TRUE,1,SSP1_1_9,AM_85,experiment1
1,6.42731380924586,1,83,14.7415253335472,2.5,2.5,TRUE,TRUE,1,SSP1_1_9,AM_85,experiment1
5,11.1286462538147,1,83,14.7415253335472,2.5,2.5,TRUE,TRUE,1,SSP1_1_9,AM_85,experiment1
6,12.9759977882574,1,83,14.7415253335472,2.5,2.5,TRUE,TRUE,1,SSP1_1_9,AM_85,experiment1
1,14.9985253310538,1,83,14.7415253335472,2.5,2.5,TRUE,TRUE,1,SSP1_1_9,AM_85,experiment1
7,12.3600217663112,1,83,14.7415253335472,2.5,2.5,TRUE,TRUE,1,SSP1_1_9,AM_85,experiment1
5,13.0994061539645,1,83,14.7415253335472,2.5,2.5,TRUE,TRUE,1,SSP1_1_9,AM_85,experiment1
8,14.3523735048912,1,83,14.7415253335472,2.5,2.5,TRUE,TRUE,1,SSP1_1_9,AM_85,experiment1
10,11.4420959781277,1,83,14.7415253335472,2.5,2.5,TRUE,TRUE,1,SSP1_1_9,AM_85,experiment1
9,11.7446989691956,1,83,14.7415253335472,2.5,2.5,TRUE,TRUE,1,SSP1_1_9,AM_85,experiment1
1,14.1412618797909,1,83,14.7415253335472,2.5,2.5,TRUE,TRUE,1,SSP1_1_9,AM_85,experiment1
9,13.9948249145022,1,83,14.7415253335472,2.5,2.5,TRUE,TRUE,1,SSP1_1_9,AM_85,experiment1
9,14.9870299592875,1,83,14.7415253335472,2.5,2.5,TRUE,TRUE,1,SSP1_1_9,AM_85,experiment1
10,12.8584584696469,1,83,14.7415253335472,2.5,2.5,TRUE,TRUE,1,SSP1_1_9,AM_85,experiment1
11,13.286986832235,1,83,14.7415253335472,2.5,2.5,TRUE,TRUE,1,SSP1_1_9,AM_85,experiment1
9,14.5178587004753,1,83,14.7415253335472,2.5,2.5,TRUE,TRUE,1,SSP1_1_9,AM_85,experiment1
11,14.8322404190465,1,83,14.7415253335472,2.5,2.5,TRUE,TRUE,1,SSP1_1_9,AM_85,experiment1
8,12.9715551272327,1,83,14.7415253335472,2.5,2.5,TRUE,TRUE,1,SSP1_1_9,AM_85,experiment1
1,12.3996980675327,1,83,14.7415253335472,2.5,2.5,TRUE,TRUE,1,SSP1_1_9,AM_85,experiment1
9,14.0041860971233,1,83,14.7415253335472,2.5,2.5,TRUE,TRUE,1,SSP1_1_9,AM_85,experiment1
1,3.0391746875,1,83,14.7415253335472,2.5,2.5,TRUE,TRUE,1,SSP1_1_9,AM_85,experiment1
10,13.9044071205652,1,83,14.7415253335472,2.5,2.5,TRUE,TRUE,1,SSP1_1_9,AM_85,experiment1
11,14.1270357088905,1,83,14.7415253335472,2.5,2.5,TRUE,TRUE,1,SSP1_1_9,AM_85,experiment1
6,13.525994876141,1,83,14.7415253335472,2.5,2.5,TRUE,TRUE,1,SSP1_1_9,AM_85,experiment1
10,12.5890489340007,1,83,14.7415253335472,2.5,2.5,TRUE,TRUE,1,SSP1_1_9,AM_85,experiment1
11,12.2971981021778,1,83,14.7415253335472,2.5,2.5,TRUE,TRUE,1,SSP1_1_9,AM_85,experiment1
9,14.2001263597299,1,83,14.7415253335472,2.5,2.5,TRUE,TRUE,1,SSP1_1_9,AM_85,experiment1
9,13.1367816179189,1,83,14.7415253335472,2.5,2.5,TRUE,TRUE,1,SSP1_1_9,AM_85,experiment1
7,12.635011458568,1,83,14.7415253335472,2.5,2.5,TRUE,TRUE,1,SSP1_1_9,AM_85,experiment1
9,13.2254770584416,1,83,14.7415253335472,2.5,2.5,TRUE,TRUE,1,SSP1_1_9,AM_85,experiment1
5,14.5973246164745,1,83,14.7415253335472,2.5,2.5,TRUE,TRUE,1,SSP1_1_9,AM_85,experiment1
10,14.4471303928888,1,83,14.7415253335472,2.5,2.5,TRUE,TRUE,1,SSP1_1_9,AM_85,experiment1
1,11.928623229868,1,83,14.7415253335472,2.5,2.5,TRUE,TRUE,1,SSP1_1_9,AM_85,experiment1
8,14.5376064037486,1,83,14.7415253335472,2.5,2.5,TRUE,TRUE,1,SSP1_1_9,AM_85,experiment1
11,12.6579135852041,1,83,14.7415253335472,2.5,2.5,TRUE,TRUE,1,SSP1_1_9,AM_85,experiment1
9,11.4734475225113,1,83,14.7415253335472,2.5,2.5,TRUE,TRUE,1,SSP1_1_9,AM_85,experiment1
9,14.7113678339741,1,83,14.7415253335472,2.5,2.5,TRUE,TRUE,1,SSP1_1_9,AM_85,experiment1
7,14.2758307170075,1,83,14.7415253335472,2.5,2.5,TRUE,TRUE,1,SSP1_1_9,AM_85,experiment1
8,13.4832723724905,1,83,14.7415253335472,2.5,2.5,TRUE,TRUE,1,SSP1_1_9,AM_85,experiment1
7,13.299976641128,1,83,14.7415253335472,2.5,2.5,TRUE,TRUE,1,SSP1_1_9,AM_85,experiment1
6,13.4592376043122,1,83,14.7415253335472,2.5,2.5,TRUE,TRUE,1,SSP1_1_9,AM_85,experiment1
8,13.7051914661421,1,83,14.7415253335472,2.5,2.5,TRUE,TRUE,1,SSP1_1_9,AM_85,experiment1
11,13.6809243134976,1,83,14.7415253335472,2.5,2.5,TRUE,TRUE,1,SSP1_1_9,AM_85,experiment1
11,14.5405606043977,1,83,14.7415253335472,2.5,2.5,TRUE,TRUE,1,SSP1_1_9,AM_85,experiment1
10,15.0195930609196,1,83,14.7415253335472,2.5,2.5,TRUE,TRUE,1,SSP1_1_9,AM_85,experiment1
8,14.5172857471235,1,83,14.7415253335472,2.5,2.5,TRUE,TRUE,1,SSP1_1_9,AM_85,experiment1
1,11.5648877777433,1,83,14.7415253335472,2.5,2.5,TRUE,TRUE,1,SSP1_1_9,AM_85,experiment1
11,13.2008455450459,1,83,14.7415253335472,2.5,2.5,TRUE,TRUE,1,SSP1_1_9,AM_85,experiment1
8,13.058111921282,1,83,14.7415253335472,2.5,2.5,TRUE,TRUE,1,SSP1_1_9,AM_85,experiment1
11,15.0250711365584,1,83,14.7415253335472,2.5,2.5,TRUE,TRUE,1,SSP1_1_9,AM_85,experiment1
10,13.6791948463086,1,83,14.7415253335472,2.5,2.5,TRUE,TRUE,1,SSP1_1_9,AM_85,experiment1
1,12.3908169730802,1,83,14.7415253335472,2.5,2.5,TRUE,TRUE,1,SSP1_1_9,AM_85,experiment1
8,15.0585084268593,1,83,14.7415253335472,2.5,2.5,TRUE,TRUE,1,SSP1_1_9,AM_85,experiment1
11,13.5792645300037,1,83,14.7415253335472,2.5,2.5,TRUE,TRUE,1,SSP1_1_9,AM_85,experiment1
10,15.1154364331749,1,83,14.7415253335472,2.5,2.5,TRUE,TRUE,1,SSP1_1_9,AM_85,experiment1
8,12.4616526550244,1,83,14.7415253335472,2.5,2.5,TRUE,TRUE,1,SSP1_1_9,AM_85,experiment1
9,13.905278473612,1,83,14.7415253335472,2.5,2.5,TRUE,TRUE,1,SSP1_1_9,AM_85,experiment1
4,12.7593011384937,1,83,14.7415253335472,2.5,2.5,TRUE,TRUE,1,SSP1_1_9,AM_85,experiment1
8,13.4592893289257,1,83,14.7415253335472,2.5,2.5,TRUE,TRUE,1,SSP1_1_9,AM_85,experiment1
10,13.7901443483443,1,83,14.7415253335472,2.5,2.5,TRUE,TRUE,1,SSP1_1_9,AM_85,experiment1
8,13.7728985298316,1,83,14.7415253335472,2.5,2.5,TRUE,TRUE,1,SSP1_1_9,AM_85,experiment1
7,14.2425882083114,1,83,14.7415253335472,2.5,2.5,TRUE,TRUE,1,SSP1_1_9,AM_85,experiment1
9,14.3305752160646,1,83,14.7415253335472,2.5,2.5,TRUE,TRUE,1,SSP1_1_9,AM_85,experiment1
6,12.6186732539338,1,83,14.7415253335472,2.5,2.5,TRUE,TRUE,1,SSP1_1_9,AM_85,experiment1
11,13.9923622143065,1,83,14.7415253335472,2.5,2.5,TRUE,TRUE,1,SSP1_1_9,AM_85,experiment1
9,13.4296027644622,1,83,14.7415253335472,2.5,2.5,TRUE,TRUE,1,SSP1_1_9,AM_85,experiment1
7,13.6356437464483,1,83,14.7415253335472,2.5,2.5,TRUE,TRUE,1,SSP1_1_9,AM_85,experiment1
8,14.6205998932557,1,83,14.7415253335472,2.5,2.5,TRUE,TRUE,1,SSP1_1_9,AM_85,experiment1
1,5.38133685155249,1,83,14.7415253335472,2.5,2.5,TRUE,TRUE,1,SSP1_1_9,AM_85,experiment1
5,14.9233736747663,1,83,14.7415253335472,2.5,2.5,TRUE,TRUE,1,SSP1_1_9,AM_85,experiment1
8,14.6802815540814,1,83,14.7415253335472,2.5,2.5,TRUE,TRUE,1,SSP1_1_9,AM_85,experiment1
6,14.1146638026725,1,83,14.7415253335472,2.5,2.5,TRUE,TRUE,1,SSP1_1_9,AM_85,experiment1
6,14.7030930719961,1,83,14.7415253335472,2.5,2.5,TRUE,TRUE,1,SSP1_1_9,AM_85,experiment1
8,13.5735581919863,1,83,14.7415253335472,2.5,2.5,TRUE,TRUE,1,SSP1_1_9,AM_85,experiment1
10,13.8266680467133,1,83,14.7415253335472,2.5,2.5,TRUE,TRUE,1,SSP1_1_9,AM_85,experiment1
9,14.3563043593911,1,83,14.7415253335472,2.5,2.5,TRUE,TRUE,1,SSP1_1_9,AM_85,experiment1
1,14.2465843067906,1,83,14.7415253335472,2.5,2.5,TRUE,TRUE,1,SSP1_1_9,AM_85,experiment1
1,12.9858430239518,1,83,14.7415253335472,2.5,2.5,TRUE,TRUE,1,SSP1_1_9,AM_85,experiment1
11,13.0730587560355,1,83,14.7415253335472,2.5,2.5,TRUE,TRUE,1,SSP1_1_9,AM_85,experiment1
5,12.1452946343445,1,83,14.7415253335472,2.5,2.5,TRUE,TRUE,1,SSP1_1_9,AM_85,experiment1
11,11.669708338186,1,83,14.7415253335472,2.5,2.5,TRUE,TRUE,1,SSP1_1_9,AM_85,experiment1
9,13.2236245484544,1,83,14.7415253335472,2.5,2.5,TRUE,TRUE,1,SSP1_1_9,AM_85,experiment1
10,14.5287075423987,1,83,14.7415253335472,2.5,2.5,TRUE,TRUE,1,SSP1_1_9,AM_85,experiment1
9,9.70134899038357,1,83,14.7415253335472,2.5,2.5,TRUE,TRUE,1,SSP1_1_9,AM_85,experiment1
8,13.4834402729755,1,83,14.7415253335472,2.5,2.5,TRUE,TRUE,1,SSP1_1_9,AM_85,experiment1
10,12.3348932248368,1,83,14.7415253335472,2.5,2.5,TRUE,TRUE,1,SSP1_1_9,AM_85,experiment1
7,11.9860960685793,1,83,14.7415253335472,2.5,2.5,TRUE,TRUE,1,SSP1_1_9,AM_85,experiment1
10,13.2943704841145,1,83,14.7415253335472,2.5,2.5,TRUE,TRUE,1,SSP1_1_9,AM_85,experiment1
6,13.3690000083344,1,83,14.7415253335472,2.5,2.5,TRUE,TRUE,1,SSP1_1_9,AM_85,experiment1
8,9.54889920741599,1,83,14.7415253335472,2.5,2.5,TRUE,TRUE,1,SSP1_1_9,AM_85,experiment1
2,14.0097505593229,1,83,14.7415253335472,2.5,2.5,TRUE,TRUE,1,SSP1_1_9,AM_85,experiment1
8,12.7510438618471,1,83,14.7415253335472,2.5,2.5,TRUE,TRUE,1,SSP1_1_9,AM_85,experiment1
7,11.9960537272044,1,83,14.7415253335472,2.5,2.5,TRUE,TRUE,1,SSP1_1_9,AM_85,experiment1
10,13.772406488848,1,83,14.7415253335472,2.5,2.5,TRUE,TRUE,1,SSP1_1_9,AM_85,experiment1
6,12.1242326169997,1,83,14.7415253335472,2.5,2.5,TRUE,TRUE,1,SSP1_1_9,AM_85,experiment1
7,13.6590338819461,1,83,14.7415253335472,2.5,2.5,TRUE,TRUE,1,SSP1_1_9,AM_85,experiment1
10,11.8333301298243,1,83,14.7415253335472,2.5,2.5,TRUE,TRUE,1,SSP1_1_9,AM_85,experiment1
11,14.779097428197,1,83,14.7415253335472,2.5,2.5,TRUE,TRUE,1,SSP1_1_9,AM_85,experiment1
1,1.807375,1,83,14.7415253335472,2.5,2.5,TRUE,TRUE,1,SSP1_1_9,AM_85,experiment1
6,14.9943984662703,1,83,14.7415253335472,2.5,2.5,TRUE,TRUE,1,SSP1_1_9,AM_85,experiment1
9,13.5156469972455,1,83,14.7415253335472,2.5,2.5,TRUE,TRUE,1,SSP1_1_9,AM_85,experiment1
6,12.7477916155113,1,83,14.7415253335472,2.5,2.5,TRUE,TRUE,1,SSP1_1_9,AM_85,experiment1
9,13.9987364415101,1,83,14.7415253335472,2.5,2.5,TRUE,TRUE,1,SSP1_1_9,AM_85,experiment1
11,15.1604395220234,1,83,14.7415253335472,2.5,2.5,TRUE,TRUE,1,SSP1_1_9,AM_85,experiment1
11,15.1681788498597,1,83,14.7415253335472,2.5,2.5,TRUE,TRUE,1,SSP1_1_9,AM_85,experiment1
5,14.321896168082,1,83,14.7415253335472,2.5,2.5,TRUE,TRUE,1,SSP1_1_9,AM_85,experiment1
1,9.37021166844333,1,83,14.7415253335472,2.5,2.5,TRUE,TRUE,1,SSP1_1_9,AM_85,experiment1
7,13.5678802875175,1,83,14.7415253335472,2.5,2.5,TRUE,TRUE,1,SSP1_1_9,AM_85,experiment1
9,13.3881670445705,1,83,14.7415253335472,2.5,2.5,TRUE,TRUE,1,SSP1_1_9,AM_85,experiment1
5,14.1218155810465,1,83,14.7415253335472,2.5,2.5,TRUE,TRUE,1,SSP1_1_9,AM_85,experiment1
9,14.4259789319316,1,83,14.7415253335472,2.5,2.5,TRUE,TRUE,1,SSP1_1_9,AM_85,experiment1
6,13.489158924825,1,83,14.7415253335472,2.5,2.5,TRUE,TRUE,1,SSP1_1_9,AM_85,experiment1
9,12.7880049652872,1,83,14.7415253335472,2.5,2.5,TRUE,TRUE,1,SSP1_1_9,AM_85,experiment1
10,13.684558981486,1,83,14.7415253335472,2.5,2.5,TRUE,TRUE,1,SSP1_1_9,AM_85,experiment1
11,14.4766142746462,1,83,14.7415253335472,2.5,2.5,TRUE,TRUE,1,SSP1_1_9,AM_85,experiment1
7,14.0397233227188,1,83,14.7415253335472,2.5,2.5,TRUE,TRUE,1,SSP1_1_9,AM_85,experiment1
10,13.7316285009679,1,83,14.7415253335472,2.5,2.5,TRUE,TRUE,1,SSP1_1_9,AM_85,experiment1
9,12.6094146883942,1,83,14.7415253335472,2.5,2.5,TRUE,TRUE,1,SSP1_1_9,AM_85,experiment1
9,14.8769383220834,1,83,14.7415253335472,2.5,2.5,TRUE,TRUE,1,SSP1_1_9,AM_85,experiment1
10,10.7887575993309,1,83,14.7415253335472,2.5,2.5,TRUE,TRUE,1,SSP1_1_9,AM_85,experiment1
9,14.3938313175753,1,83,14.7415253335472,2.5,2.5,TRUE,TRUE,1,SSP1_1_9,AM_85,experiment1
7,14.4473374030687,1,83,14.7415253335472,2.5,2.5,TRUE,TRUE,1,SSP1_1_9,AM_85,experiment1
8,12.6287884802092,1,83,14.7415253335472,2.5,2.5,TRUE,TRUE,1,SSP1_1_9,AM_85,experiment1
11,14.999022532507,1,83,14.7415253335472,2.5,2.5,TRUE,TRUE,1,SSP1_1_9,AM_85,experiment1
1,11.9359035769722,1,83,14.7415253335472,2.5,2.5,TRUE,TRUE,1,SSP1_1_9,AM_85,experiment1
8,9.9640953154791,1,83,14.7415253335472,2.5,2.5,TRUE,TRUE,1,SSP1_1_9,AM_85,experiment1
10,14.1491399813584,1,83,14.7415253335472,2.5,2.5,TRUE,TRUE,1,SSP1_1_9,AM_85,experiment1
11,14.7176601394026,1,83,14.7415253335472,2.5,2.5,TRUE,TRUE,1,SSP1_1_9,AM_85,experiment1
10,11.4841755026229,1,83,14.7415253335472,2.5,2.5,TRUE,TRUE,1,SSP1_1_9,AM_85,experiment1
10,13.5464083120553,1,83,14.7415253335472,2.5,2.5,TRUE,TRUE,1,SSP1_1_9,AM_85,experiment1
8,14.4819023020129,1,83,14.7415253335472,2.5,2.5,TRUE,TRUE,1,SSP1_1_9,AM_85,experiment1
6,13.0861247800535,1,83,14.7415253335472,2.5,2.5,TRUE,TRUE,1,SSP1_1_9,AM_85,experiment1
11,14.5561388746388,1,83,14.7415253335472,2.5,2.5,TRUE,TRUE,1,SSP1_1_9,AM_85,experiment1
9,14.6237143851783,1,83,14.7415253335472,2.5,2.5,TRUE,TRUE,1,SSP1_1_9,AM_85,experiment1
8,14.2766388887371,1,83,14.7415253335472,2.5,2.5,TRUE,TRUE,1,SSP1_1_9,AM_85,experiment1
7,12.6435295903154,1,83,14.7415253335472,2.5,2.5,TRUE,TRUE,1,SSP1_1_9,AM_85,experiment1
1,3.804297265625,1,83,14.7415253335472,2.5,2.5,TRUE,TRUE,1,SSP1_1_9,AM_85,experiment1
8,15.019109892189,1,83,14.7415253335472,2.5,2.5,TRUE,TRUE,1,SSP1_1_9,AM_85,experiment1
8,14.7270601930707,1,83,14.7415253335472,2.5,2.5,TRUE,TRUE,1,SSP1_1_9,AM_85,experiment1
1,12.0794181823754,1,83,14.7415253335472,2.5,2.5,TRUE,TRUE,1,SSP1_1_9,AM_85,experiment1
1,3.388256046875,1,83,14.7415253335472,2.5,2.5,TRUE,TRUE,1,SSP1_1_9,AM_85,experiment1
4,12.9946673732161,1,83,14.7415253335472,2.5,2.5,TRUE,TRUE,1,SSP1_1_9,AM_85,experiment1
8,11.7364708844376,1,83,14.7415253335472,2.5,2.5,TRUE,TRUE,1,SSP1_1_9,AM_85,experiment1
7,13.191819518109,1,83,14.7415253335472,2.5,2.5,TRUE,TRUE,1,SSP1_1_9,AM_85,experiment1
8,15.0220587848156,1,83,14.7415253335472,2.5,2.5,TRUE,TRUE,1,SSP1_1_9,AM_85,experiment1
6,13.4630493653106,1,83,14.7415253335472,2.5,2.5,TRUE,TRUE,1,SSP1_1_9,AM_85,experiment1
11,13.6266215508449,1,83,14.7415253335472,2.5,2.5,TRUE,TRUE,1,SSP1_1_9,AM_85,experiment1
7,13.1022421192772,1,83,14.7415253335472,2.5,2.5,TRUE,TRUE,1,SSP1_1_9,AM_85,experiment1
9,13.5957707052425,1,83,14.7415253335472,2.5,2.5,TRUE,TRUE,1,SSP1_1_9,AM_85,experiment1
11,11.1956084798968,1,83,14.7415253335472,2.5,2.5,TRUE,TRUE,1,SSP1_1_9,AM_85,experiment1
7,13.5357921122938,1,83,14.7415253335472,2.5,2.5,TRUE,TRUE,1,SSP1_1_9,AM_85,experiment1
6,14.2028187253876,1,83,14.7415253335472,2.5,2.5,TRUE,TRUE,1,SSP1_1_9,AM_85,experiment1
9,13.9088244692042,1,83,14.7415253335472,2.5,2.5,TRUE,TRUE,1,SSP1_1_9,AM_85,experiment1
9,13.494164279575,1,83,14.7415253335472,2.5,2.5,TRUE,TRUE,1,SSP1_1_9,AM_85,experiment1
11,13.1668375414457,1,83,14.7415253335472,2.5,2.5,TRUE,TRUE,1,SSP1_1_9,AM_85,experiment1
8,13.7980552667154,1,83,14.7415253335472,2.5,2.5,TRUE,TRUE,1,SSP1_1_9,AM_85,experiment1
7,13.7803337867987,1,83,14.7415253335472,2.5,2.5,TRUE,TRUE,1,SSP1_1_9,AM_85,experiment1
9,13.615806120088,1,83,14.7415253335472,2.5,2.5,TRUE,TRUE,1,SSP1_1_9,AM_85,experiment1
8,14.4639680637423,1,83,14.7415253335472,2.5,2.5,TRUE,TRUE,1,SSP1_1_9,AM_85,experiment1
1,14.2022974758699,1,83,14.7415253335472,2.5,2.5,TRUE,TRUE,1,SSP1_1_9,AM_85,experiment1
11,12.0661295241268,1,83,14.7415253335472,2.5,2.5,TRUE,TRUE,1,SSP1_1_9,AM_85,experiment1
7,13.4216791109027,1,83,14.7415253335472,2.5,2.5,TRUE,TRUE,1,SSP1_1_9,AM_85,experiment1
9,12.3847275656067,1,83,14.7415253335472,2.5,2.5,TRUE,TRUE,1,SSP1_1_9,AM_85,experiment1
9,12.9397155548024,1,83,14.7415253335472,2.5,2.5,TRUE,TRUE,1,SSP1_1_9,AM_85,experiment1
7,13.7317173117026,1,83,14.7415253335472,2.5,2.5,TRUE,TRUE,1,SSP1_1_9,AM_85,experiment1
9,13.6795307562236,1,83,14.7415253335472,2.5,2.5,TRUE,TRUE,1,SSP1_1_9,AM_85,experiment1
10,13.4055384514553,1,83,14.7415253335472,2.5,2.5,TRUE,TRUE,1,SSP1_1_9,AM_85,experiment1
11,14.0205228630409,1,83,14.7415253335472,2.5,2.5,TRUE,TRUE,1,SSP1_1_9,AM_85,experiment1
10,14.332844985967,1,83,14.7415253335472,2.5,2.5,TRUE,TRUE,1,SSP1_1_9,AM_85,experiment1
7,13.8360461840044,1,83,14.7415253335472,2.5,2.5,TRUE,TRUE,1,SSP1_1_9,AM_85,experiment1
7,15.573168738947,1,83,14.7415253335472,2.5,2.5,TRUE,TRUE,1,SSP1_1_9,AM_85,experiment1
9,11.7876440152637,1,83,14.7415253335472,2.5,2.5,TRUE,TRUE,1,SSP1_1_9,AM_85,experiment1
7,11.733498922015,1,83,14.7415253335472,2.5,2.5,TRUE,TRUE,1,SSP1_1_9,AM_85,experiment1
6,14.3500179420166,1,83,14.7415253335472,2.5,2.5,TRUE,TRUE,1,SSP1_1_9,AM_85,experiment1
8,14.5184903057837,1,83,14.7415253335472,2.5,2.5,TRUE,TRUE,1,SSP1_1_9,AM_85,experiment1
9,15.0746300147024,1,83,14.7415253335472,2.5,2.5,TRUE,TRUE,1,SSP1_1_9,AM_85,experiment1
8,13.2988037057905,1,83,14.7415253335472,2.5,2.5,TRUE,TRUE,1,SSP1_1_9,AM_85,experiment1
7,14.3442816251117,1,83,14.7415253335472,2.5,2.5,TRUE,TRUE,1,SSP1_1_9,AM_85,experiment1
1,13.0592527094069,1,83,14.7415253335472,2.5,2.5,TRUE,TRUE,1,SSP1_1_9,AM_85,experiment1
10,13.5947955091004,1,83,14.7415253335472,2.5,2.5,TRUE,TRUE,1,SSP1_1_9,AM_85,experiment1
9,13.1377000487322,1,83,14.7415253335472,2.5,2.5,TRUE,TRUE,1,SSP1_1_9,AM_85,experiment1
8,12.7122902436117,1,83,14.7415253335472,2.5,2.5,TRUE,TRUE,1,SSP1_1_9,AM_85,experiment1
11,12.8356623661589,1,83,14.7415253335472,2.5,2.5,TRUE,TRUE,1,SSP1_1_9,AM_85,experiment1
9,12.6826288488147,1,83,14.7415253335472,2.5,2.5,TRUE,TRUE,1,SSP1_1_9,AM_85,experiment1
1,13.9729924088935,1,83,14.7415253335472,2.5,2.5,TRUE,TRUE,1,SSP1_1_9,AM_85,experiment1
8,13.5913964892631,1,83,14.7415253335472,2.5,2.5,TRUE,TRUE,1,SSP1_1_9,AM_85,experiment1
10,13.1109362616136,1,83,14.7415253335472,2.5,2.5,TRUE,TRUE,1,SSP1_1_9,AM_85,experiment1
7,15.2769662400686,1,83,14.7415253335472,2.5,2.5,TRUE,TRUE,1,SSP1_1_9,AM_85,experiment1
1,14.2964870096784,1,83,14.7415253335472,2.5,2.5,TRUE,TRUE,1,SSP1_1_9,AM_85,experiment1
9,12.5095971685258,1,83,14.7415253335472,2.5,2.5,TRUE,TRUE,1,SSP1_1_9,AM_85,experiment1
4,13.9108060608668,1,83,14.7415253335472,2.5,2.5,TRUE,TRUE,1,SSP1_1_9,AM_85,experiment1
9,13.5409489375577,1,83,14.7415253335472,2.5,2.5,TRUE,TRUE,1,SSP1_1_9,AM_85,experiment1
11,13.239600698701,1,83,14.7415253335472,2.5,2.5,TRUE,TRUE,1,SSP1_1_9,AM_85,experiment1
11,15.0309017816259,1,83,14.7415253335472,2.5,2.5,TRUE,TRUE,1,SSP1_1_9,AM_85,experiment1
1,13.2014227732797,1,83,14.7415253335472,2.5,2.5,TRUE,TRUE,1,SSP1_1_9,AM_85,experiment1
1,12.8685723302049,1,83,14.7415253335472,2.5,2.5,TRUE,TRUE,1,SSP1_1_9,AM_85,experiment1
7,13.6197860905895,1,83,14.7415253335472,2.5,2.5,TRUE,TRUE,1,SSP1_1_9,AM_85,experiment1
8,10.1713266813001,1,83,14.7415253335472,2.5,2.5,TRUE,TRUE,1,SSP1_1_9,AM_85,experiment1
7,12.1168813338623,1,83,14.7415253335472,2.5,2.5,TRUE,TRUE,1,SSP1_1_9,AM_85,experiment1
11,13.5827771134376,1,83,14.7415253335472,2.5,2.5,TRUE,TRUE,1,SSP1_1_9,AM_85,experiment1
3,13.732785522348,1,83,14.7415253335472,2.5,2.5,TRUE,TRUE,1,SSP1_1_9,AM_85,experiment1
8,14.2815500923129,1,83,14.7415253335472,2.5,2.5,TRUE,TRUE,1,SSP1_1_9,AM_85,experiment1
9,14.2645825460439,1,83,14.7415253335472,2.5,2.5,TRUE,TRUE,1,SSP1_1_9,AM_85,experiment1
9,12.9526945898382,1,83,14.7415253335472,2.5,2.5,TRUE,TRUE,1,SSP1_1_9,AM_85,experiment1
11,11.7571971084087,1,83,14.7415253335472,2.5,2.5,TRUE,TRUE,1,SSP1_1_9,AM_85,experiment1
7,13.3755358982457,1,83,14.7415253335472,2.5,2.5,TRUE,TRUE,1,SSP1_1_9,AM_85,experiment1
8,14.3562398204782,1,83,14.7415253335472,2.5,2.5,TRUE,TRUE,1,SSP1_1_9,AM_85,experiment1
9,13.7455671430337,1,83,14.7415253335472,2.5,2.5,TRUE,TRUE,1,SSP1_1_9,AM_85,experiment1
9,15.2051414182994,1,83,14.7415253335472,2.5,2.5,TRUE,TRUE,1,SSP1_1_9,AM_85,experiment1
10,13.7947943796859,1,83,14.7415253335472,2.5,2.5,TRUE,TRUE,1,SSP1_1_9,AM_85,experiment1
10,10.5200987220242,1,83,14.7415253335472,2.5,2.5,TRUE,TRUE,1,SSP1_1_9,AM_85,experiment1
8,12.9760685786645,1,83,14.7415253335472,2.5,2.5,TRUE,TRUE,1,SSP1_1_9,AM_85,experiment1
8,12.8013660786278,1,83,14.7415253335472,2.5,2.5,TRUE,TRUE,1,SSP1_1_9,AM_85,experiment1
11,11.4853792672543,1,83,14.7415253335472,2.5,2.5,TRUE,TRUE,1,SSP1_1_9,AM_85,experiment1
1,11.1961838478283,1,83,14.7415253335472,2.5,2.5,TRUE,TRUE,1,SSP1_1_9,AM_85,experiment1
4,12.7652547670258,1,83,14.7415253335472,2.5,2.5,TRUE,TRUE,1,SSP1_1_9,AM_85,experiment1
8,13.8624679045367,1,83,14.7415253335472,2.5,2.5,TRUE,TRUE,1,SSP1_1_9,AM_85,experiment1
11,13.0073933839224,1,83,14.7415253335472,2.5,2.5,TRUE,TRUE,1,SSP1_1_9,AM_85,experiment1
9,14.5391180522755,1,83,14.7415253335472,2.5,2.5,TRUE,TRUE,1,SSP1_1_9,AM_85,experiment1
10,13.0319513951711,1,83,14.7415253335472,2.5,2.5,TRUE,TRUE,1,SSP1_1_9,AM_85,experiment1
8,14.4546194230024,1,83,14.7415253335472,2.5,2.5,TRUE,TRUE,1,SSP1_1_9,AM_85,experiment1
7,13.7745289206426,1,83,14.7415253335472,2.5,2.5,TRUE,TRUE,1,SSP1_1_9,AM_85,experiment1
10,14.5841656963788,1,83,14.7415253335472,2.5,2.5,TRUE,TRUE,1,SSP1_1_9,AM_85,experiment1
9,12.3198660827375,1,83,14.7415253335472,2.5,2.5,TRUE,TRUE,1,SSP1_1_9,AM_85,experiment1
7,13.9969513196474,1,83,14.7415253335472,2.5,2.5,TRUE,TRUE,1,SSP1_1_9,AM_85,experiment1
9,13.4627357578027,1,83,14.7415253335472,2.5,2.5,TRUE,TRUE,1,SSP1_1_9,AM_85,experiment1
1,5.68685491939783,1,83,14.7415253335472,2.5,2.5,TRUE,TRUE,1,SSP1_1_9,AM_85,experiment1
7,14.7259783508169,1,83,14.7415253335472,2.5,2.5,TRUE,TRUE,1,SSP1_1_9,AM_85,experiment1
11,14.3302901519468,1,83,14.7415253335472,2.5,2.5,TRUE,TRUE,1,SSP1_1_9,AM_85,experiment1
9,15.0451726895456,1,83,14.7415253335472,2.5,2.5,TRUE,TRUE,1,SSP1_1_9,AM_85,experiment1
10,14.797571342504,1,83,14.7415253335472,2.5,2.5,TRUE,TRUE,1,SSP1_1_9,AM_85,experiment1
6,13.5336511912485,1,83,14.7415253335472,2.5,2.5,TRUE,TRUE,1,SSP1_1_9,AM_85,experiment1
8,12.6614963737052,1,83,14.7415253335472,2.5,2.5,TRUE,TRUE,1,SSP1_1_9,AM_85,experiment1
6,13.5380503238927,1,83,14.7415253335472,2.5,2.5,TRUE,TRUE,1,SSP1_1_9,AM_85,experiment1
11,14.5213433047703,1,83,14.7415253335472,2.5,2.5,TRUE,TRUE,1,SSP1_1_9,AM_85,experiment1
8,13.0229212814847,1,83,14.7415253335472,2.5,2.5,TRUE,TRUE,1,SSP1_1_9,AM_85,experiment1
9,13.2674355138958,1,83,14.7415253335472,2.5,2.5,TRUE,TRUE,1,SSP1_1_9,AM_85,experiment1
10,13.0901092721853,1,83,14.7415253335472,2.5,2.5,TRUE,TRUE,1,SSP1_1_9,AM_85,experiment1
5,13.5952545556727,1,83,14.7415253335472,2.5,2.5,TRUE,TRUE,1,SSP1_1_9,AM_85,experiment1
10,13.4591292647416,1,83,14.7415253335472,2.5,2.5,TRUE,TRUE,1,SSP1_1_9,AM_85,experiment1
4,12.8297443275806,1,83,14.7415253335472,2.5,2.5,TRUE,TRUE,1,SSP1_1_9,AM_85,experiment1
11,14.438517770598,1,83,14.7415253335472,2.5,2.5,TRUE,TRUE,1,SSP1_1_9,AM_85,experiment1
1,12.0032809993755,1,83,14.7415253335472,2.5,2.5,TRUE,TRUE,1,SSP1_1_9,AM_85,experiment1
11,7.12017532619675,1,83,14.7415253335472,2.5,2.5,TRUE,TRUE,1,SSP1_1_9,AM_85,experiment1
1,8.19329927229882,1,83,14.7415253335472,2.5,2.5,TRUE,TRUE,1,SSP1_1_9,AM_85,experiment1
6,14.5982807366758,1,83,14.7415253335472,2.5,2.5,TRUE,TRUE,1,SSP1_1_9,AM_85,experiment1
9,14.7454968596004,1,83,14.7415253335472,2.5,2.5,TRUE,TRUE,1,SSP1_1_9,AM_85,experiment1
9,14.0367621101543,1,83,14.7415253335472,2.5,2.5,TRUE,TRUE,1,SSP1_1_9,AM_85,experiment1
1,11.1679984159908,1,83,14.7415253335472,2.5,2.5,TRUE,TRUE,1,SSP1_1_9,AM_85,experiment1
11,13.4683649313248,1,83,14.7415253335472,2.5,2.5,TRUE,TRUE,1,SSP1_1_9,AM_85,experiment1
7,14.612199826073,1,83,14.7415253335472,2.5,2.5,TRUE,TRUE,1,SSP1_1_9,AM_85,experiment1
9,12.7427338239896,1,83,14.7415253335472,2.5,2.5,TRUE,TRUE,1,SSP1_1_9,AM_85,experiment1
1,4.11621916050781,1,83,14.7415253335472,2.5,2.5,TRUE,TRUE,1,SSP1_1_9,AM_85,experiment1
9,14.3312536925911,1,83,14.7415253335472,2.5,2.5,TRUE,TRUE,1,SSP1_1_9,AM_85,experiment1
10,13.708964231107,1,83,14.7415253335472,2.5,2.5,TRUE,TRUE,1,SSP1_1_9,AM_85,experiment1
9,13.2049836196212,1,83,14.7415253335472,2.5,2.5,TRUE,TRUE,1,SSP1_1_9,AM_85,experiment1
10,14.5944298016401,1,83,14.7415253335472,2.5,2.5,TRUE,TRUE,1,SSP1_1_9,AM_85,experiment1
10,14.926163149702,1,83,14.7415253335472,2.5,2.5,TRUE,TRUE,1,SSP1_1_9,AM_85,experiment1
10,14.2634692969851,1,83,14.7415253335472,2.5,2.5,TRUE,TRUE,1,SSP1_1_9,AM_85,experiment1
7,10.1795218612459,1,83,14.7415253335472,2.5,2.5,TRUE,TRUE,1,SSP1_1_9,AM_85,experiment1
8,14.843139719644,1,83,14.7415253335472,2.5,2.5,TRUE,TRUE,1,SSP1_1_9,AM_85,experiment1
1,12.9956213231497,1,83,14.7415253335472,2.5,2.5,TRUE,TRUE,1,SSP1_1_9,AM_85,experiment1
11,12.8718486919449,1,83,14.7415253335472,2.5,2.5,TRUE,TRUE,1,SSP1_1_9,AM_85,experiment1
8,13.5594867221629,1,83,14.7415253335472,2.5,2.5,TRUE,TRUE,1,SSP1_1_9,AM_85,experiment1
8,14.2036185794549,1,83,14.7415253335472,2.5,2.5,TRUE,TRUE,1,SSP1_1_9,AM_85,experiment1
10,15.0923307123306,1,83,14.7415253335472,2.5,2.5,TRUE,TRUE,1,SSP1_1_9,AM_85,experiment1
1,11.0982815192629,1,83,14.7415253335472,2.5,2.5,TRUE,TRUE,1,SSP1_1_9,AM_85,experiment1
11,14.0783691806053,1,83,14.7415253335472,2.5,2.5,TRUE,TRUE,1,SSP1_1_9,AM_85,experiment1
9,11.0319005419582,1,83,14.7415253335472,2.5,2.5,TRUE,TRUE,1,SSP1_1_9,AM_85,experiment1
9,14.0593192960784,1,83,14.7415253335472,2.5,2.5,TRUE,TRUE,1,SSP1_1_9,AM_85,experiment1
7,10.7447073554541,1,83,14.7415253335472,2.5,2.5,TRUE,TRUE,1,SSP1_1_9,AM_85,experiment1
10,14.7780828309219,1,83,14.7415253335472,2.5,2.5,TRUE,TRUE,1,SSP1_1_9,AM_85,experiment1
8,13.7888605777881,1,83,14.7415253335472,2.5,2.5,TRUE,TRUE,1,SSP1_1_9,AM_85,experiment1
1,0.95,1,83,14.7415253335472,2.5,2.5,TRUE,TRUE,1,SSP1_1_9,AM_85,experiment1
9,12.9519620006842,1,83,14.7415253335472,2.5,2.5,TRUE,TRUE,1,SSP1_1_9,AM_85,experiment1
10,12.6243237563264,1,83,14.7415253335472,2.5,2.5,TRUE,TRUE,1,SSP1_1_9,AM_85,experiment1
1,12.0435286288138,1,83,14.7415253335472,2.5,2.5,TRUE,TRUE,1,SSP1_1_9,AM_85,experiment1
11,14.7554745965995,1,83,14.7415253335472,2.5,2.5,TRUE,TRUE,1,SSP1_1_9,AM_85,experiment1
10,13.901520915309,1,83,14.7415253335472,2.5,2.5,TRUE,TRUE,1,SSP1_1_9,AM_85,experiment1
10,14.8544829628574,1,83,14.7415253335472,2.5,2.5,TRUE,TRUE,1,SSP1_1_9,AM_85,experiment1
10,13.7262834966176,1,83,14.7415253335472,2.5,2.5,TRUE,TRUE,1,SSP1_1_9,AM_85,experiment1
9,14.7309725529534,1,83,14.7415253335472,2.5,2.5,TRUE,TRUE,1,SSP1_1_9,AM_85,experiment1
1,8.54701582912619,1,83,14.7415253335472,2.5,2.5,TRUE,TRUE,1,SSP1_1_9,AM_85,experiment1
8,14.5828213164439,1,83,14.7415253335472,2.5,2.5,TRUE,TRUE,1,SSP1_1_9,AM_85,experiment1
7,14.6368477471443,1,83,14.7415253335472,2.5,2.5,TRUE,TRUE,1,SSP1_1_9,AM_85,experiment1
7,12.8932168362953,1,83,14.7415253335472,2.5,2.5,TRUE,TRUE,1,SSP1_1_9,AM_85,experiment1
7,12.5149854966956,1,83,14.7415253335472,2.5,2.5,TRUE,TRUE,1,SSP1_1_9,AM_85,experiment1
11,15.435758757271,1,83,14.7415253335472,2.5,2.5,TRUE,TRUE,1,SSP1_1_9,AM_85,experiment1
8,14.5043310847149,1,83,14.7415253335472,2.5,2.5,TRUE,TRUE,1,SSP1_1_9,AM_85,experiment1
5,13.54328634021,1,83,14.7415253335472,2.5,2.5,TRUE,TRUE,1,SSP1_1_9,AM_85,experiment1
11,13.969368989139,1,83,14.7415253335472,2.5,2.5,TRUE,TRUE,1,SSP1_1_9,AM_85,experiment1
6,13.2499802641116,1,83,14.7415253335472,2.5,2.5,TRUE,TRUE,1,SSP1_1_9,AM_85,experiment1
10,14.2980915230855,1,83,14.7415253335472,2.5,2.5,TRUE,TRUE,1,SSP1_1_9,AM_85,experiment1
9,14.501493622478,1,83,14.7415253335472,2.5,2.5,TRUE,TRUE,1,SSP1_1_9,AM_85,experiment1
8,11.4973159840369,1,83,14.7415253335472,2.5,2.5,TRUE,TRUE,1,SSP1_1_9,AM_85,experiment1
1,7.90639753674227,1,83,14.7415253335472,2.5,2.5,TRUE,TRUE,1,SSP1_1_9,AM_85,experiment1
11,14.3216185455942,1,83,14.7415253335472,2.5,2.5,TRUE,TRUE,1,SSP1_1_9,AM_85,experiment1
6,12.5505369449174,1,83,14.7415253335472,2.5,2.5,TRUE,TRUE,1,SSP1_1_9,AM_85,experiment1
7,13.1649824640997,1,83,14.7415253335472,2.5,2.5,TRUE,TRUE,1,SSP1_1_9,AM_85,experiment1
7,13.3049603861699,1,83,14.7415253335472,2.5,2.5,TRUE,TRUE,1,SSP1_1_9,AM_85,experiment1
11,14.7380618420049,1,83,14.7415253335472,2.5,2.5,TRUE,TRUE,1,SSP1_1_9,AM_85,experiment1
4,13.9952988703045,1,83,14.7415253335472,2.5,2.5,TRUE,TRUE,1,SSP1_1_9,AM_85,experiment1
7,12.7902300936924,1,83,14.7415253335472,2.5,2.5,TRUE,TRUE,1,SSP1_1_9,AM_85,experiment1
11,13.8218909481073,1,83,14.7415253335472,2.5,2.5,TRUE,TRUE,1,SSP1_1_9,AM_85,experiment1
6,12.0056607747619,1,83,14.7415253335472,2.5,2.5,TRUE,TRUE,1,SSP1_1_9,AM_85,experiment1
8,11.6309835919034,1,83,14.7415253335472,2.5,2.5,TRUE,TRUE,1,SSP1_1_9,AM_85,experiment1
9,13.7529221329009,1,83,14.7415253335472,2.5,2.5,TRUE,TRUE,1,SSP1_1_9,AM_85,experiment1
11,13.7300525756883,1,83,14.7415253335472,2.5,2.5,TRUE,TRUE,1,SSP1_1_9,AM_85,experiment1
7,11.5594818498211,1,83,14.7415253335472,2.5,2.5,TRUE,TRUE,1,SSP1_1_9,AM_85,experiment1
7,14.4267348656008,1,83,14.7415253335472,2.5,2.5,TRUE,TRUE,1,SSP1_1_9,AM_85,experiment1
8,13.3769880292805,1,83,14.7415253335472,2.5,2.5,TRUE,TRUE,1,SSP1_1_9,AM_85,experiment1
8,14.7397219498258,1,83,14.7415253335472,2.5,2.5,TRUE,TRUE,1,SSP1_1_9,AM_85,experiment1
7,14.6526140177937,1,83,14.7415253335472,2.5,2.5,TRUE,TRUE,1,SSP1_1_9,AM_85,experiment1
1,12.4353305538206,1,83,14.7415253335472,2.5,2.5,TRUE,TRUE,1,SSP1_1_9,AM_85,experiment1
10,14.0770811131244,1,83,14.7415253335472,2.5,2.5,TRUE,TRUE,1,SSP1_1_9,AM_85,experiment1
8,15.4898320792992,1,83,14.7415253335472,2.5,2.5,TRUE,TRUE,1,SSP1_1_9,AM_85,experiment1
8,9.99200274773731,1,83,14.7415253335472,2.5,2.5,TRUE,TRUE,1,SSP1_1_9,AM_85,experiment1
1,12.2659039203369,1,83,14.7415253335472,2.5,2.5,TRUE,TRUE,1,SSP1_1_9,AM_85,experiment1
8,13.6807823788408,1,83,14.7415253335472,2.5,2.5,TRUE,TRUE,1,SSP1_1_9,AM_85,experiment1
7,14.5499459447189,1,83,14.7415253335472,2.5,2.5,TRUE,TRUE,1,SSP1_1_9,AM_85,experiment1
9,15.5534580430836,1,83,14.7415253335472,2.5,2.5,TRUE,TRUE,1,SSP1_1_9,AM_85,experiment1
8,15.3129731094334,1,83,14.7415253335472,2.5,2.5,TRUE,TRUE,1,SSP1_1_9,AM_85,experiment1
11,14.7071471626387,1,83,14.7415253335472,2.5,2.5,TRUE,TRUE,1,SSP1_1_9,AM_85,experiment1
6,12.664206689276,1,83,14.7415253335472,2.5,2.5,TRUE,TRUE,1,SSP1_1_9,AM_85,experiment1
9,14.5346324707781,1,83,14.7415253335472,2.5,2.5,TRUE,TRUE,1,SSP1_1_9,AM_85,experiment1
8,14.1565323244923,1,83,14.7415253335472,2.5,2.5,TRUE,TRUE,1,SSP1_1_9,AM_85,experiment1
10,14.1387670328185,1,83,14.7415253335472,2.5,2.5,TRUE,TRUE,1,SSP1_1_9,AM_85,experiment1
11,13.3144993771375,1,83,14.7415253335472,2.5,2.5,TRUE,TRUE,1,SSP1_1_9,AM_85,experiment1
9,13.0448032456046,1,83,14.7415253335472,2.5,2.5,TRUE,TRUE,1,SSP1_1_9,AM_85,experiment1
10,12.8416539822601,1,83,14.7415253335472,2.5,2.5,TRUE,TRUE,1,SSP1_1_9,AM_85,experiment1
4,13.1988889395738,1,83,14.7415253335472,2.5,2.5,TRUE,TRUE,1,SSP1_1_9,AM_85,experiment1
8,11.9625321281854,1,83,14.7415253335472,2.5,2.5,TRUE,TRUE,1,SSP1_1_9,AM_85,experiment1
10,13.1429700244352,1,83,14.7415253335472,2.5,2.5,TRUE,TRUE,1,SSP1_1_9,AM_85,experiment1
8,11.0621496623226,1,83,14.7415253335472,2.5,2.5,TRUE,TRUE,1,SSP1_1_9,AM_85,experiment1
9,12.2010020436408,1,83,14.7415253335472,2.5,2.5,TRUE,TRUE,1,SSP1_1_9,AM_85,experiment1
9,13.7124654850741,1,83,14.7415253335472,2.5,2.5,TRUE,TRUE,1,SSP1_1_9,AM_85,experiment1
7,13.9431152904489,1,83,14.7415253335472,2.5,2.5,TRUE,TRUE,1,SSP1_1_9,AM_85,experiment1
10,13.7808115253217,1,83,14.7415253335472,2.5,2.5,TRUE,TRUE,1,SSP1_1_9,AM_85,experiment1
8,14.142693818638,1,83,14.7415253335472,2.5,2.5,TRUE,TRUE,1,SSP1_1_9,AM_85,experiment1
7,13.6987739443129,1,83,14.7415253335472,2.5,2.5,TRUE,TRUE,1,SSP1_1_9,AM_85,experiment1
8,11.4463563212071,1,83,14.7415253335472,2.5,2.5,TRUE,TRUE,1,SSP1_1_9,AM_85,experiment1
10,14.6950636133956,1,83,14.7415253335472,2.5,2.5,TRUE,TRUE,1,SSP1_1_9,AM_85,experiment1
6,14.0337767347828,1,83,14.7415253335472,2.5,2.5,TRUE,TRUE,1,SSP1_1_9,AM_85,experiment1
7,14.4041255271694,1,83,14.7415253335472,2.5,2.5,TRUE,TRUE,1,SSP1_1_9,AM_85,experiment1
8,12.782524215983,1,83,14.7415253335472,2.5,2.5,TRUE,TRUE,1,SSP1_1_9,AM_85,experiment1
6,13.4334763972718,1,83,14.7415253335472,2.5,2.5,TRUE,TRUE,1,SSP1_1_9,AM_85,experiment1
10,14.9845496189355,1,83,14.7415253335472,2.5,2.5,TRUE,TRUE,1,SSP1_1_9,AM_85,experiment1
8,10.9353700524991,1,83,14.7415253335472,2.5,2.5,TRUE,TRUE,1,SSP1_1_9,AM_85,experiment1
8,13.1903028902855,1,83,14.7415253335472,2.5,2.5,TRUE,TRUE,1,SSP1_1_9,AM_85,experiment1
8,13.0284442355139,1,83,14.7415253335472,2.5,2.5,TRUE,TRUE,1,SSP1_1_9,AM_85,experiment1
8,12.364579011808,1,83,14.7415253335472,2.5,2.5,TRUE,TRUE,1,SSP1_1_9,AM_85,experiment1
9,14.2014871773531,1,83,14.7415253335472,2.5,2.5,TRUE,TRUE,1,SSP1_1_9,AM_85,experiment1
10,14.285376833214,1,83,14.7415253335472,2.5,2.5,TRUE,TRUE,1,SSP1_1_9,AM_85,experiment1
5,12.9665979345131,1,83,14.7415253335472,2.5,2.5,TRUE,TRUE,1,SSP1_1_9,AM_85,experiment1
7,13.5457888960714,1,83,14.7415253335472,2.5,2.5,TRUE,TRUE,1,SSP1_1_9,AM_85,experiment1
7,14.0956183155194,1,83,14.7415253335472,2.5,2.5,TRUE,TRUE,1,SSP1_1_9,AM_85,experiment1
10,13.2830900042603,1,83,14.7415253335472,2.5,2.5,TRUE,TRUE,1,SSP1_1_9,AM_85,experiment1
8,13.5384555198729,1,83,14.7415253335472,2.5,2.5,TRUE,TRUE,1,SSP1_1_9,AM_85,experiment1
8,14.0896772563307,1,83,14.7415253335472,2.5,2.5,TRUE,TRUE,1,SSP1_1_9,AM_85,experiment1
1,5.66464560786246,1,83,14.7415253335472,2.5,2.5,TRUE,TRUE,1,SSP1_1_9,AM_85,experiment1
8,13.7176221124412,1,83,14.7415253335472,2.5,2.5,TRUE,TRUE,1,SSP1_1_9,AM_85,experiment1
9,14.1946526422215,1,83,14.7415253335472,2.5,2.5,TRUE,TRUE,1,SSP1_1_9,AM_85,experiment1
11,13.04941399546,1,83,14.7415253335472,2.5,2.5,TRUE,TRUE,1,SSP1_1_9,AM_85,experiment1
8,13.6038600653732,1,83,14.7415253335472,2.5,2.5,TRUE,TRUE,1,SSP1_1_9,AM_85,experiment1
8,13.5954736449252,1,83,14.7415253335472,2.5,2.5,TRUE,TRUE,1,SSP1_1_9,AM_85,experiment1
9,14.1751658853679,1,83,14.7415253335472,2.5,2.5,TRUE,TRUE,1,SSP1_1_9,AM_85,experiment1
8,15.0261870786281,1,83,14.7415253335472,2.5,2.5,TRUE,TRUE,1,SSP1_1_9,AM_85,experiment1
9,13.9159090626191,1,83,14.7415253335472,2.5,2.5,TRUE,TRUE,1,SSP1_1_9,AM_85,experiment1
8,15.8626193705879,1,83,14.7415253335472,2.5,2.5,TRUE,TRUE,1,SSP1_1_9,AM_85,experiment1
8,13.2363009400995,1,83,14.7415253335472,2.5,2.5,TRUE,TRUE,1,SSP1_1_9,AM_85,experiment1
11,13.6422457804291,1,83,14.7415253335472,2.5,2.5,TRUE,TRUE,1,SSP1_1_9,AM_85,experiment1
10,13.6983734791288,1,83,14.7415253335472,2.5,2.5,TRUE,TRUE,1,SSP1_1_9,AM_85,experiment1
11,13.8881667933741,1,83,14.7415253335472,2.5,2.5,TRUE,TRUE,1,SSP1_1_9,AM_85,experiment1
11,12.0675652521735,1,83,14.7415253335472,2.5,2.5,TRUE,TRUE,1,SSP1_1_9,AM_85,experiment1
7,14.4791718395919,1,83,14.7415253335472,2.5,2.5,TRUE,TRUE,1,SSP1_1_9,AM_85,experiment1
9,9.92198541794412,1,83,14.7415253335472,2.5,2.5,TRUE,TRUE,1,SSP1_1_9,AM_85,experiment1
6,11.1504409945359,1,83,14.7415253335472,2.5,2.5,TRUE,TRUE,1,SSP1_1_9,AM_85,experiment1
9,12.939012322302,1,83,14.7415253335472,2.5,2.5,TRUE,TRUE,1,SSP1_1_9,AM_85,experiment1
11,14.468279526298,1,83,14.7415253335472,2.5,2.5,TRUE,TRUE,1,SSP1_1_9,AM_85,experiment1
8,14.8156221734567,1,83,14.7415253335472,2.5,2.5,TRUE,TRUE,1,SSP1_1_9,AM_85,experiment1
11,13.1635665045778,1,83,14.7415253335472,2.5,2.5,TRUE,TRUE,1,SSP1_1_9,AM_85,experiment1
9,13.4384644618649,1,83,14.7415253335472,2.5,2.5,TRUE,TRUE,1,SSP1_1_9,AM_85,experiment1
6,12.2036309196578,1,83,14.7415253335472,2.5,2.5,TRUE,TRUE,1,SSP1_1_9,AM_85,experiment1
4,13.5526476131939,1,83,14.7415253335472,2.5,2.5,TRUE,TRUE,1,SSP1_1_9,AM_85,experiment1
11,13.7355787909389,1,83,14.7415253335472,2.5,2.5,TRUE,TRUE,1,SSP1_1_9,AM_85,experiment1
9,14.32271343434,1,83,14.7415253335472,2.5,2.5,TRUE,TRUE,1,SSP1_1_9,AM_85,experiment1
1,11.1100984191655,1,83,14.7415253335472,2.5,2.5,TRUE,TRUE,1,SSP1_1_9,AM_85,experiment1
6,15.4388607812931,1,83,14.7415253335472,2.5,2.5,TRUE,TRUE,1,SSP1_1_9,AM_85,experiment1
9,14.3517787405903,1,83,14.7415253335472,2.5,2.5,TRUE,TRUE,1,SSP1_1_9,AM_85,experiment1
7,13.9063029045211,1,83,14.7415253335472,2.5,2.5,TRUE,TRUE,1,SSP1_1_9,AM_85,experiment1
10,14.7764079818192,1,83,14.7415253335472,2.5,2.5,TRUE,TRUE,1,SSP1_1_9,AM_85,experiment1
9,13.9916373907305,1,83,14.7415253335472,2.5,2.5,TRUE,TRUE,1,SSP1_1_9,AM_85,experiment1
6,10.6610139053652,1,83,14.7415253335472,2.5,2.5,TRUE,TRUE,1,SSP1_1_9,AM_85,experiment1
7,11.9424040788394,1,83,14.7415253335472,2.5,2.5,TRUE,TRUE,1,SSP1_1_9,AM_85,experiment1
1,12.9577651138355,1,83,14.7415253335472,2.5,2.5,TRUE,TRUE,1,SSP1_1_9,AM_85,experiment1
8,11.9453882351946,1,83,14.7415253335472,2.5,2.5,TRUE,TRUE,1,SSP1_1_9,AM_85,experiment1
9,13.7477056340161,1,83,14.7415253335472,2.5,2.5,TRUE,TRUE,1,SSP1_1_9,AM_85,experiment1
11,13.663618188389,1,83,14.7415253335472,2.5,2.5,TRUE,TRUE,1,SSP1_1_9,AM_85,experiment1
9,12.7119425878803,1,83,14.7415253335472,2.5,2.5,TRUE,TRUE,1,SSP1_1_9,AM_85,experiment1
11,14.4623838854458,1,83,14.7415253335472,2.5,2.5,TRUE,TRUE,1,SSP1_1_9,AM_85,experiment1
8,13.5593407567329,1,83,14.7415253335472,2.5,2.5,TRUE,TRUE,1,SSP1_1_9,AM_85,experiment1
10,13.7484766732112,1,83,14.7415253335472,2.5,2.5,TRUE,TRUE,1,SSP1_1_9,AM_85,experiment1
10,13.4493200107933,1,83,14.7415253335472,2.5,2.5,TRUE,TRUE,1,SSP1_1_9,AM_85,experiment1
1,0.95,1,83,14.7415253335472,2.5,2.5,TRUE,TRUE,1,SSP1_1_9,AM_85,experiment1
5,12.9176668501474,1,83,14.7415253335472,2.5,2.5,TRUE,TRUE,1,SSP1_1_9,AM_85,experiment1
1,10.4164671358493,1,83,14.7415253335472,2.5,2.5,TRUE,TRUE,1,SSP1_1_9,AM_85,experiment1
7,12.3838659890325,1,83,14.7415253335472,2.5,2.5,TRUE,TRUE,1,SSP1_1_9,AM_85,experiment1
5,10.4878210939374,1,83,14.7415253335472,2.5,2.5,TRUE,TRUE,1,SSP1_1_9,AM_85,experiment1
11,14.3053506559725,1,83,14.7415253335472,2.5,2.5,TRUE,TRUE,1,SSP1_1_9,AM_85,experiment1
9,13.809666222361,1,83,14.7415253335472,2.5,2.5,TRUE,TRUE,1,SSP1_1_9,AM_85,experiment1
10,12.8690340944353,1,83,14.7415253335472,2.5,2.5,TRUE,TRUE,1,SSP1_1_9,AM_85,experiment1
11,12.6866088543738,1,83,14.7415253335472,2.5,2.5,TRUE,TRUE,1,SSP1_1_9,AM_85,experiment1
8,13.6094131755302,1,83,14.7415253335472,2.5,2.5,TRUE,TRUE,1,SSP1_1_9,AM_85,experiment1
6,14.3819704380777,1,83,14.7415253335472,2.5,2.5,TRUE,TRUE,1,SSP1_1_9,AM_85,experiment1
1,10.0122026197818,1,83,14.7415253335472,2.5,2.5,TRUE,TRUE,1,SSP1_1_9,AM_85,experiment1
9,11.369219135033,1,83,14.7415253335472,2.5,2.5,TRUE,TRUE,1,SSP1_1_9,AM_85,experiment1
1,7.60453126509641,1,83,14.7415253335472,2.5,2.5,TRUE,TRUE,1,SSP1_1_9,AM_85,experiment1
4,14.0806282533698,1,83,14.7415253335472,2.5,2.5,TRUE,TRUE,1,SSP1_1_9,AM_85,experiment1
11,13.9384673256757,1,83,14.7415253335472,2.5,2.5,TRUE,TRUE,1,SSP1_1_9,AM_85,experiment1
6,13.0253585816891,1,83,14.7415253335472,2.5,2.5,TRUE,TRUE,1,SSP1_1_9,AM_85,experiment1
7,14.2591877824476,1,83,14.7415253335472,2.5,2.5,TRUE,TRUE,1,SSP1_1_9,AM_85,experiment1
7,13.565499730765,1,83,14.7415253335472,2.5,2.5,TRUE,TRUE,1,SSP1_1_9,AM_85,experiment1
10,14.3199592773653,1,83,14.7415253335472,2.5,2.5,TRUE,TRUE,1,SSP1_1_9,AM_85,experiment1
8,10.9030586270789,1,83,14.7415253335472,2.5,2.5,TRUE,TRUE,1,SSP1_1_9,AM_85,experiment1
9,13.7629121133192,1,83,14.7415253335472,2.5,2.5,TRUE,TRUE,1,SSP1_1_9,AM_85,experiment1
5,13.0149769657374,1,83,14.7415253335472,2.5,2.5,TRUE,TRUE,1,SSP1_1_9,AM_85,experiment1
6,15.3227345162132,1,83,14.7415253335472,2.5,2.5,TRUE,TRUE,1,SSP1_1_9,AM_85,experiment1
9,12.6172028275556,1,83,14.7415253335472,2.5,2.5,TRUE,TRUE,1,SSP1_1_9,AM_85,experiment1
10,14.0354515663307,1,83,14.7415253335472,2.5,2.5,TRUE,TRUE,1,SSP1_1_9,AM_85,experiment1
9,14.6656733093624,1,83,14.7415253335472,2.5,2.5,TRUE,TRUE,1,SSP1_1_9,AM_85,experiment1
9,12.1418167237451,1,83,14.7415253335472,2.5,2.5,TRUE,TRUE,1,SSP1_1_9,AM_85,experiment1
8,15.447805142556,1,83,14.7415253335472,2.5,2.5,TRUE,TRUE,1,SSP1_1_9,AM_85,experiment1
10,12.0458275788213,1,83,14.7415253335472,2.5,2.5,TRUE,TRUE,1,SSP1_1_9,AM_85,experiment1
8,13.0592519350897,1,83,14.7415253335472,2.5,2.5,TRUE,TRUE,1,SSP1_1_9,AM_85,experiment1
9,12.0424876080111,1,83,14.7415253335472,2.5,2.5,TRUE,TRUE,1,SSP1_1_9,AM_85,experiment1
7,11.7999433381616,1,83,14.7415253335472,2.5,2.5,TRUE,TRUE,1,SSP1_1_9,AM_85,experiment1
7,13.7627655056548,1,83,14.7415253335472,2.5,2.5,TRUE,TRUE,1,SSP1_1_9,AM_85,experiment1
10,12.0360284300568,1,83,14.7415253335472,2.5,2.5,TRUE,TRUE,1,SSP1_1_9,AM_85,experiment1
1,11.6120425664856,1,83,14.7415253335472,2.5,2.5,TRUE,TRUE,1,SSP1_1_9,AM_85,experiment1
10,12.2822753674364,1,83,14.7415253335472,2.5,2.5,TRUE,TRUE,1,SSP1_1_9,AM_85,experiment1
9,13.9010874879925,1,83,14.7415253335472,2.5,2.5,TRUE,TRUE,1,SSP1_1_9,AM_85,experiment1
7,12.9094856188991,1,83,14.7415253335472,2.5,2.5,TRUE,TRUE,1,SSP1_1_9,AM_85,experiment1
11,14.2484976074435,1,83,14.7415253335472,2.5,2.5,TRUE,TRUE,1,SSP1_1_9,AM_85,experiment1
7,12.5032834365396,1,83,14.7415253335472,2.5,2.5,TRUE,TRUE,1,SSP1_1_9,AM_85,experiment1
7,14.0397346576995,1,83,14.7415253335472,2.5,2.5,TRUE,TRUE,1,SSP1_1_9,AM_85,experiment1
1,13.6019127527751,1,83,14.7415253335472,2.5,2.5,TRUE,TRUE,1,SSP1_1_9,AM_85,experiment1
11,13.3005569328638,1,83,14.7415253335472,2.5,2.5,TRUE,TRUE,1,SSP1_1_9,AM_85,experiment1
10,12.1007937138743,1,83,14.7415253335472,2.5,2.5,TRUE,TRUE,1,SSP1_1_9,AM_85,experiment1
5,13.1418709984454,1,83,14.7415253335472,2.5,2.5,TRUE,TRUE,1,SSP1_1_9,AM_85,experiment1
8,14.8450123978682,1,83,14.7415253335472,2.5,2.5,TRUE,TRUE,1,SSP1_1_9,AM_85,experiment1
7,8.75395251066326,1,83,14.7415253335472,2.5,2.5,TRUE,TRUE,1,SSP1_1_9,AM_85,experiment1
10,14.2493424962726,1,83,14.7415253335472,2.5,2.5,TRUE,TRUE,1,SSP1_1_9,AM_85,experiment1
1,13.0000672706528,1,83,14.7415253335472,2.5,2.5,TRUE,TRUE,1,SSP1_1_9,AM_85,experiment1
6,4.81652599577456,1,83,14.7415253335472,2.5,2.5,TRUE,TRUE,1,SSP1_1_9,AM_85,experiment1
10,11.3780211173974,1,83,14.7415253335472,2.5,2.5,TRUE,TRUE,1,SSP1_1_9,AM_85,experiment1
11,13.2388595107058,1,83,14.7415253335472,2.5,2.5,TRUE,TRUE,1,SSP1_1_9,AM_85,experiment1
11,14.4971864572572,1,83,14.7415253335472,2.5,2.5,TRUE,TRUE,1,SSP1_1_9,AM_85,experiment1
6,14.9110181599788,1,83,14.7415253335472,2.5,2.5,TRUE,TRUE,1,SSP1_1_9,AM_85,experiment1
10,15.2473733488022,1,83,14.7415253335472,2.5,2.5,TRUE,TRUE,1,SSP1_1_9,AM_85,experiment1
1,14.5386776708489,1,83,14.7415253335472,2.5,2.5,TRUE,TRUE,1,SSP1_1_9,AM_85,experiment1
8,14.9195348674177,1,83,14.7415253335472,2.5,2.5,TRUE,TRUE,1,SSP1_1_9,AM_85,experiment1
7,13.0129541249705,1,83,14.7415253335472,2.5,2.5,TRUE,TRUE,1,SSP1_1_9,AM_85,experiment1
10,15.2090653248102,1,83,14.7415253335472,2.5,2.5,TRUE,TRUE,1,SSP1_1_9,AM_85,experiment1
10,13.6511468325543,1,83,14.7415253335472,2.5,2.5,TRUE,TRUE,1,SSP1_1_9,AM_85,experiment1
1,10.3210307700442,1,83,14.7415253335472,2.5,2.5,TRUE,TRUE,1,SSP1_1_9,AM_85,experiment1
7,13.8489097553007,1,83,14.7415253335472,2.5,2.5,TRUE,TRUE,1,SSP1_1_9,AM_85,experiment1
9,12.6843872614791,1,83,14.7415253335472,2.5,2.5,TRUE,TRUE,1,SSP1_1_9,AM_85,experiment1
8,11.8249933222474,1,83,14.7415253335472,2.5,2.5,TRUE,TRUE,1,SSP1_1_9,AM_85,experiment1
8,12.3837422735912,1,83,14.7415253335472,2.5,2.5,TRUE,TRUE,1,SSP1_1_9,AM_85,experiment1
1,12.9437946593976,1,83,14.7415253335472,2.5,2.5,TRUE,TRUE,1,SSP1_1_9,AM_85,experiment1
5,12.142036952003,1,83,14.7415253335472,2.5,2.5,TRUE,TRUE,1,SSP1_1_9,AM_85,experiment1
8,12.9973400389893,1,83,14.7415253335472,2.5,2.5,TRUE,TRUE,1,SSP1_1_9,AM_85,experiment1
1,6.89873143997897,1,83,14.7415253335472,2.5,2.5,TRUE,TRUE,1,SSP1_1_9,AM_85,experiment1
7,13.2148397833197,1,83,14.7415253335472,2.5,2.5,TRUE,TRUE,1,SSP1_1_9,AM_85,experiment1
1,12.0508157019758,1,83,14.7415253335472,2.5,2.5,TRUE,TRUE,1,SSP1_1_9,AM_85,experiment1
2,14.3301680988858,1,83,14.7415253335472,2.5,2.5,TRUE,TRUE,1,SSP1_1_9,AM_85,experiment1
6,13.7525386753388,1,83,14.7415253335472,2.5,2.5,TRUE,TRUE,1,SSP1_1_9,AM_85,experiment1
6,11.2781002568426,1,83,14.7415253335472,2.5,2.5,TRUE,TRUE,1,SSP1_1_9,AM_85,experiment1
9,14.995138538383,1,83,14.7415253335472,2.5,2.5,TRUE,TRUE,1,SSP1_1_9,AM_85,experiment1
10,14.8145611589959,1,83,14.7415253335472,2.5,2.5,TRUE,TRUE,1,SSP1_1_9,AM_85,experiment1
8,14.2090717738369,1,83,14.7415253335472,2.5,2.5,TRUE,TRUE,1,SSP1_1_9,AM_85,experiment1
8,13.8482437746876,1,83,14.7415253335472,2.5,2.5,TRUE,TRUE,1,SSP1_1_9,AM_85,experiment1
8,14.135346543948,1,83,14.7415253335472,2.5,2.5,TRUE,TRUE,1,SSP1_1_9,AM_85,experiment1
11,14.114237147805,1,83,14.7415253335472,2.5,2.5,TRUE,TRUE,1,SSP1_1_9,AM_85,experiment1
5,12.0598882314987,1,83,14.7415253335472,2.5,2.5,TRUE,TRUE,1,SSP1_1_9,AM_85,experiment1
8,12.6111870877772,1,83,14.7415253335472,2.5,2.5,TRUE,TRUE,1,SSP1_1_9,AM_85,experiment1
6,14.4233129747095,1,83,14.7415253335472,2.5,2.5,TRUE,TRUE,1,SSP1_1_9,AM_85,experiment1
9,12.6867220272568,1,83,14.7415253335472,2.5,2.5,TRUE,TRUE,1,SSP1_1_9,AM_85,experiment1
8,12.2662996619577,1,83,14.7415253335472,2.5,2.5,TRUE,TRUE,1,SSP1_1_9,AM_85,experiment1
8,13.7596382727548,1,83,14.7415253335472,2.5,2.5,TRUE,TRUE,1,SSP1_1_9,AM_85,experiment1
8,13.0063843596106,1,83,14.7415253335472,2.5,2.5,TRUE,TRUE,1,SSP1_1_9,AM_85,experiment1
10,12.636673228278,1,83,14.7415253335472,2.5,2.5,TRUE,TRUE,1,SSP1_1_9,AM_85,experiment1
9,13.3690525563601,1,83,14.7415253335472,2.5,2.5,TRUE,TRUE,1,SSP1_1_9,AM_85,experiment1
8,14.4193917804525,1,83,14.7415253335472,2.5,2.5,TRUE,TRUE,1,SSP1_1_9,AM_85,experiment1
10,14.4240389348972,1,83,14.7415253335472,2.5,2.5,TRUE,TRUE,1,SSP1_1_9,AM_85,experiment1
7,14.5426435036853,1,83,14.7415253335472,2.5,2.5,TRUE,TRUE,1,SSP1_1_9,AM_85,experiment1
9,13.484963483899,1,83,14.7415253335472,2.5,2.5,TRUE,TRUE,1,SSP1_1_9,AM_85,experiment1
7,14.1838226678303,1,83,14.7415253335472,2.5,2.5,TRUE,TRUE,1,SSP1_1_9,AM_85,experiment1
9,15.6158810516405,1,83,14.7415253335472,2.5,2.5,TRUE,TRUE,1,SSP1_1_9,AM_85,experiment1
10,13.6663975922525,1,83,14.7415253335472,2.5,2.5,TRUE,TRUE,1,SSP1_1_9,AM_85,experiment1
10,14.5658477206121,1,83,14.7415253335472,2.5,2.5,TRUE,TRUE,1,SSP1_1_9,AM_85,experiment1
11,11.9134001287394,1,83,14.7415253335472,2.5,2.5,TRUE,TRUE,1,SSP1_1_9,AM_85,experiment1
11,14.658785298163,1,83,14.7415253335472,2.5,2.5,TRUE,TRUE,1,SSP1_1_9,AM_85,experiment1
9,14.4901190773878,1,83,14.7415253335472,2.5,2.5,TRUE,TRUE,1,SSP1_1_9,AM_85,experiment1
1,11.1331846997389,1,83,14.7415253335472,2.5,2.5,TRUE,TRUE,1,SSP1_1_9,AM_85,experiment1
10,14.5812865473957,1,83,14.7415253335472,2.5,2.5,TRUE,TRUE,1,SSP1_1_9,AM_85,experiment1
6,13.0826414133752,1,83,14.7415253335472,2.5,2.5,TRUE,TRUE,1,SSP1_1_9,AM_85,experiment1
10,13.1091816353868,1,83,14.7415253335472,2.5,2.5,TRUE,TRUE,1,SSP1_1_9,AM_85,experiment1
10,12.2207551682753,1,83,14.7415253335472,2.5,2.5,TRUE,TRUE,1,SSP1_1_9,AM_85,experiment1
10,11.3752921921028,1,83,14.7415253335472,2.5,2.5,TRUE,TRUE,1,SSP1_1_9,AM_85,experiment1
8,14.9474134351324,1,83,14.7415253335472,2.5,2.5,TRUE,TRUE,1,SSP1_1_9,AM_85,experiment1
8,9.34069154093755,1,83,14.7415253335472,2.5,2.5,TRUE,TRUE,1,SSP1_1_9,AM_85,experiment1
8,10.7601847283042,1,83,14.7415253335472,2.5,2.5,TRUE,TRUE,1,SSP1_1_9,AM_85,experiment1
8,13.5690869436549,1,83,14.7415253335472,2.5,2.5,TRUE,TRUE,1,SSP1_1_9,AM_85,experiment1
10,12.9878572159264,1,83,14.7415253335472,2.5,2.5,TRUE,TRUE,1,SSP1_1_9,AM_85,experiment1
9,12.1556941088318,1,83,14.7415253335472,2.5,2.5,TRUE,TRUE,1,SSP1_1_9,AM_85,experiment1
9,14.6765503621613,1,83,14.7415253335472,2.5,2.5,TRUE,TRUE,1,SSP1_1_9,AM_85,experiment1
11,10.1560302069513,1,83,14.7415253335472,2.5,2.5,TRUE,TRUE,1,SSP1_1_9,AM_85,experiment1
8,14.7585590816281,1,83,14.7415253335472,2.5,2.5,TRUE,TRUE,1,SSP1_1_9,AM_85,experiment1
8,13.4689300516077,1,83,14.7415253335472,2.5,2.5,TRUE,TRUE,1,SSP1_1_9,AM_85,experiment1
9,13.7526264697725,1,83,14.7415253335472,2.5,2.5,TRUE,TRUE,1,SSP1_1_9,AM_85,experiment1
5,14.4771914963833,1,83,14.7415253335472,2.5,2.5,TRUE,TRUE,1,SSP1_1_9,AM_85,experiment1
1,9.88635509861526,1,83,14.7415253335472,2.5,2.5,TRUE,TRUE,1,SSP1_1_9,AM_85,experiment1
4,14.1455028546509,1,83,14.7415253335472,2.5,2.5,TRUE,TRUE,1,SSP1_1_9,AM_85,experiment1
6,13.0614665700552,1,83,14.7415253335472,2.5,2.5,TRUE,TRUE,1,SSP1_1_9,AM_85,experiment1
1,10.1226777239245,1,83,14.7415253335472,2.5,2.5,TRUE,TRUE,1,SSP1_1_9,AM_85,experiment1
11,12.9097149383146,1,83,14.7415253335472,2.5,2.5,TRUE,TRUE,1,SSP1_1_9,AM_85,experiment1
9,12.7313996276717,1,83,14.7415253335472,2.5,2.5,TRUE,TRUE,1,SSP1_1_9,AM_85,experiment1
10,14.449257307328,1,83,14.7415253335472,2.5,2.5,TRUE,TRUE,1,SSP1_1_9,AM_85,experiment1
1,14.5503197975336,1,83,14.7415253335472,2.5,2.5,TRUE,TRUE,1,SSP1_1_9,AM_85,experiment1
9,14.4753030509793,1,83,14.7415253335472,2.5,2.5,TRUE,TRUE,1,SSP1_1_9,AM_85,experiment1
8,13.0250604126079,1,83,14.7415253335472,2.5,2.5,TRUE,TRUE,1,SSP1_1_9,AM_85,experiment1
1,13.4283987715038,1,83,14.7415253335472,2.5,2.5,TRUE,TRUE,1,SSP1_1_9,AM_85,experiment1
7,14.5600104404787,1,83,14.7415253335472,2.5,2.5,TRUE,TRUE,1,SSP1_1_9,AM_85,experiment1
8,14.9303834355229,1,83,14.7415253335472,2.5,2.5,TRUE,TRUE,1,SSP1_1_9,AM_85,experiment1
7,13.5608985024375,1,83,14.7415253335472,2.5,2.5,TRUE,TRUE,1,SSP1_1_9,AM_85,experiment1
1,11.8439060381087,1,83,14.7415253335472,2.5,2.5,TRUE,TRUE,1,SSP1_1_9,AM_85,experiment1
7,11.9389450658721,1,83,14.7415253335472,2.5,2.5,TRUE,TRUE,1,SSP1_1_9,AM_85,experiment1
8,13.8520261740284,1,83,14.7415253335472,2.5,2.5,TRUE,TRUE,1,SSP1_1_9,AM_85,experiment1
8,14.3878439641082,1,83,14.7415253335472,2.5,2.5,TRUE,TRUE,1,SSP1_1_9,AM_85,experiment1
9,13.9107036334528,1,83,14.7415253335472,2.5,2.5,TRUE,TRUE,1,SSP1_1_9,AM_85,experiment1
9,15.3447551062989,1,83,14.7415253335472,2.5,2.5,TRUE,TRUE,1,SSP1_1_9,AM_85,experiment1
9,13.7652518331338,1,83,14.7415253335472,2.5,2.5,TRUE,TRUE,1,SSP1_1_9,AM_85,experiment1
7,14.2089093280947,1,83,14.7415253335472,2.5,2.5,TRUE,TRUE,1,SSP1_1_9,AM_85,experiment1
4,13.3850361627222,1,83,14.7415253335472,2.5,2.5,TRUE,TRUE,1,SSP1_1_9,AM_85,experiment1
5,13.9453822456799,1,83,14.7415253335472,2.5,2.5,TRUE,TRUE,1,SSP1_1_9,AM_85,experiment1
8,13.8421011959561,1,83,14.7415253335472,2.5,2.5,TRUE,TRUE,1,SSP1_1_9,AM_85,experiment1
7,11.5553585846705,1,83,14.7415253335472,2.5,2.5,TRUE,TRUE,1,SSP1_1_9,AM_85,experiment1
11,14.6466826123018,1,83,14.7415253335472,2.5,2.5,TRUE,TRUE,1,SSP1_1_9,AM_85,experiment1
5,12.8160964698514,1,83,14.7415253335472,2.5,2.5,TRUE,TRUE,1,SSP1_1_9,AM_85,experiment1
10,10.6095073338267,1,83,14.7415253335472,2.5,2.5,TRUE,TRUE,1,SSP1_1_9,AM_85,experiment1
10,13.5233222746691,1,83,14.7415253335472,2.5,2.5,TRUE,TRUE,1,SSP1_1_9,AM_85,experiment1
7,13.4736390693063,1,83,14.7415253335472,2.5,2.5,TRUE,TRUE,1,SSP1_1_9,AM_85,experiment1
11,12.1330774406438,1,83,14.7415253335472,2.5,2.5,TRUE,TRUE,1,SSP1_1_9,AM_85,experiment1
2,10.9949508206519,1,83,14.7415253335472,2.5,2.5,TRUE,TRUE,1,SSP1_1_9,AM_85,experiment1
7,12.4361944458592,1,83,14.7415253335472,2.5,2.5,TRUE,TRUE,1,SSP1_1_9,AM_85,experiment1
11,13.7069740009485,1,83,14.7415253335472,2.5,2.5,TRUE,TRUE,1,SSP1_1_9,AM_85,experiment1
10,13.8118986478939,1,83,14.7415253335472,2.5,2.5,TRUE,TRUE,1,SSP1_1_9,AM_85,experiment1
7,14.1277266306987,1,83,14.7415253335472,2.5,2.5,TRUE,TRUE,1,SSP1_1_9,AM_85,experiment1
10,12.773000735207,1,83,14.7415253335472,2.5,2.5,TRUE,TRUE,1,SSP1_1_9,AM_85,experiment1
9,13.9610191281153,1,83,14.7415253335472,2.5,2.5,TRUE,TRUE,1,SSP1_1_9,AM_85,experiment1
10,13.4011827071858,1,83,14.7415253335472,2.5,2.5,TRUE,TRUE,1,SSP1_1_9,AM_85,experiment1
1,12.8629455783067,1,83,14.7415253335472,2.5,2.5,TRUE,TRUE,1,SSP1_1_9,AM_85,experiment1
6,11.6693625687052,1,83,14.7415253335472,2.5,2.5,TRUE,TRUE,1,SSP1_1_9,AM_85,experiment1
6,14.151101999001,1,83,14.7415253335472,2.5,2.5,TRUE,TRUE,1,SSP1_1_9,AM_85,experiment1
10,11.4675584585555,1,83,14.7415253335472,2.5,2.5,TRUE,TRUE,1,SSP1_1_9,AM_85,experiment1
1,14.1366007881647,1,83,14.7415253335472,2.5,2.5,TRUE,TRUE,1,SSP1_1_9,AM_85,experiment1
11,13.0069846828388,1,83,14.7415253335472,2.5,2.5,TRUE,TRUE,1,SSP1_1_9,AM_85,experiment1
11,14.4627467740436,1,83,14.7415253335472,2.5,2.5,TRUE,TRUE,1,SSP1_1_9,AM_85,experiment1
9,14.5883488663915,1,83,14.7415253335472,2.5,2.5,TRUE,TRUE,1,SSP1_1_9,AM_85,experiment1
9,13.6896401334765,1,83,14.7415253335472,2.5,2.5,TRUE,TRUE,1,SSP1_1_9,AM_85,experiment1
11,11.200744587503,1,83,14.7415253335472,2.5,2.5,TRUE,TRUE,1,SSP1_1_9,AM_85,experiment1
11,14.7722226848292,1,83,14.7415253335472,2.5,2.5,TRUE,TRUE,1,SSP1_1_9,AM_85,experiment1
8,14.4576498069112,1,83,14.7415253335472,2.5,2.5,TRUE,TRUE,1,SSP1_1_9,AM_85,experiment1
7,14.5529775972368,1,83,14.7415253335472,2.5,2.5,TRUE,TRUE,1,SSP1_1_9,AM_85,experiment1
7,13.3777514568512,1,83,14.7415253335472,2.5,2.5,TRUE,TRUE,1,SSP1_1_9,AM_85,experiment1
7,13.6910054844667,1,83,14.7415253335472,2.5,2.5,TRUE,TRUE,1,SSP1_1_9,AM_85,experiment1
10,12.3765808585635,1,83,14.7415253335472,2.5,2.5,TRUE,TRUE,1,SSP1_1_9,AM_85,experiment1
7,11.403201555014,1,83,14.7415253335472,2.5,2.5,TRUE,TRUE,1,SSP1_1_9,AM_85,experiment1
9,11.7087817714082,1,83,14.7415253335472,2.5,2.5,TRUE,TRUE,1,SSP1_1_9,AM_85,experiment1
10,14.6969358011468,1,83,14.7415253335472,2.5,2.5,TRUE,TRUE,1,SSP1_1_9,AM_85,experiment1
1,12.9889559278946,1,83,14.7415253335472,2.5,2.5,TRUE,TRUE,1,SSP1_1_9,AM_85,experiment1
5,13.702740348667,1,83,14.7415253335472,2.5,2.5,TRUE,TRUE,1,SSP1_1_9,AM_85,experiment1
8,10.1474705425808,1,83,14.7415253335472,2.5,2.5,TRUE,TRUE,1,SSP1_1_9,AM_85,experiment1
11,15.0404689443815,1,83,14.7415253335472,2.5,2.5,TRUE,TRUE,1,SSP1_1_9,AM_85,experiment1
9,10.73167005601,1,83,14.7415253335472,2.5,2.5,TRUE,TRUE,1,SSP1_1_9,AM_85,experiment1
8,13.9925218556262,1,83,14.7415253335472,2.5,2.5,TRUE,TRUE,1,SSP1_1_9,AM_85,experiment1
6,13.1326755200532,1,83,14.7415253335472,2.5,2.5,TRUE,TRUE,1,SSP1_1_9,AM_85,experiment1
8,13.4240107630011,1,83,14.7415253335472,2.5,2.5,TRUE,TRUE,1,SSP1_1_9,AM_85,experiment1
8,13.9368643104145,1,83,14.7415253335472,2.5,2.5,TRUE,TRUE,1,SSP1_1_9,AM_85,experiment1
3,11.8029976169114,1,83,14.7415253335472,2.5,2.5,TRUE,TRUE,1,SSP1_1_9,AM_85,experiment1
8,14.0725623755224,1,83,14.7415253335472,2.5,2.5,TRUE,TRUE,1,SSP1_1_9,AM_85,experiment1
10,12.8325071198526,1,83,14.7415253335472,2.5,2.5,TRUE,TRUE,1,SSP1_1_9,AM_85,experiment1
10,12.4234611699434,1,83,14.7415253335472,2.5,2.5,TRUE,TRUE,1,SSP1_1_9,AM_85,experiment1
8,12.4842880783495,1,83,14.7415253335472,2.5,2.5,TRUE,TRUE,1,SSP1_1_9,AM_85,experiment1
9,4.76927658836056,1,83,14.7415253335472,2.5,2.5,TRUE,TRUE,1,SSP1_1_9,AM_85,experiment1
11,14.1504348323589,1,83,14.7415253335472,2.5,2.5,TRUE,TRUE,1,SSP1_1_9,AM_85,experiment1
9,13.728160938852,1,83,14.7415253335472,2.5,2.5,TRUE,TRUE,1,SSP1_1_9,AM_85,experiment1
1,7.61045138982811,1,83,14.7415253335472,2.5,2.5,TRUE,TRUE,1,SSP1_1_9,AM_85,experiment1
11,14.3948652058445,1,83,14.7415253335472,2.5,2.5,TRUE,TRUE,1,SSP1_1_9,AM_85,experiment1
11,14.5555689645757,1,83,14.7415253335472,2.5,2.5,TRUE,TRUE,1,SSP1_1_9,AM_85,experiment1
2,12.6982910570268,1,83,14.7415253335472,2.5,2.5,TRUE,TRUE,1,SSP1_1_9,AM_85,experiment1
1,12.7800045766092,1,83,14.7415253335472,2.5,2.5,TRUE,TRUE,1,SSP1_1_9,AM_85,experiment1
10,14.8563381676956,1,83,14.7415253335472,2.5,2.5,TRUE,TRUE,1,SSP1_1_9,AM_85,experiment1
6,14.2914197158609,1,83,14.7415253335472,2.5,2.5,TRUE,TRUE,1,SSP1_1_9,AM_85,experiment1
8,12.0339551812662,1,83,14.7415253335472,2.5,2.5,TRUE,TRUE,1,SSP1_1_9,AM_85,experiment1
1,13.8709463792069,1,83,14.7415253335472,2.5,2.5,TRUE,TRUE,1,SSP1_1_9,AM_85,experiment1
11,11.9160599991178,1,83,14.7415253335472,2.5,2.5,TRUE,TRUE,1,SSP1_1_9,AM_85,experiment1
8,12.4809260342847,1,83,14.7415253335472,2.5,2.5,TRUE,TRUE,1,SSP1_1_9,AM_85,experiment1
9,13.651491900196,1,83,14.7415253335472,2.5,2.5,TRUE,TRUE,1,SSP1_1_9,AM_85,experiment1
9,10.4948927883912,1,83,14.7415253335472,2.5,2.5,TRUE,TRUE,1,SSP1_1_9,AM_85,experiment1
11,13.0193942099625,1,83,14.7415253335472,2.5,2.5,TRUE,TRUE,1,SSP1_1_9,AM_85,experiment1
6,14.4774143779725,1,83,14.7415253335472,2.5,2.5,TRUE,TRUE,1,SSP1_1_9,AM_85,experiment1
7,14.2390882581921,1,83,14.7415253335472,2.5,2.5,TRUE,TRUE,1,SSP1_1_9,AM_85,experiment1
11,14.3434053291024,1,83,14.7415253335472,2.5,2.5,TRUE,TRUE,1,SSP1_1_9,AM_85,experiment1
4,14.48835892574,1,83,14.7415253335472,2.5,2.5,TRUE,TRUE,1,SSP1_1_9,AM_85,experiment1
8,10.7748784584139,1,83,14.7415253335472,2.5,2.5,TRUE,TRUE,1,SSP1_1_9,AM_85,experiment1
10,12.3988216179817,1,83,14.7415253335472,2.5,2.5,TRUE,TRUE,1,SSP1_1_9,AM_85,experiment1
7,12.7071973147055,1,83,14.7415253335472,2.5,2.5,TRUE,TRUE,1,SSP1_1_9,AM_85,experiment1
9,14.0619303396216,1,83,14.7415253335472,2.5,2.5,TRUE,TRUE,1,SSP1_1_9,AM_85,experiment1
10,14.2040414820337,1,83,14.7415253335472,2.5,2.5,TRUE,TRUE,1,SSP1_1_9,AM_85,experiment1
9,14.7157498607078,1,83,14.7415253335472,2.5,2.5,TRUE,TRUE,1,SSP1_1_9,AM_85,experiment1
11,13.9106248105397,1,83,14.7415253335472,2.5,2.5,TRUE,TRUE,1,SSP1_1_9,AM_85,experiment1
1,11.5870861104145,1,83,14.7415253335472,2.5,2.5,TRUE,TRUE,1,SSP1_1_9,AM_85,experiment1
8,12.9684052144351,1,83,14.7415253335472,2.5,2.5,TRUE,TRUE,1,SSP1_1_9,AM_85,experiment1
7,12.7874759700295,1,83,14.7415253335472,2.5,2.5,TRUE,TRUE,1,SSP1_1_9,AM_85,experiment1
10,12.7451129884741,1,83,14.7415253335472,2.5,2.5,TRUE,TRUE,1,SSP1_1_9,AM_85,experiment1
8,14.2059092094887,1,83,14.7415253335472,2.5,2.5,TRUE,TRUE,1,SSP1_1_9,AM_85,experiment1
10,14.1216266468282,1,83,14.7415253335472,2.5,2.5,TRUE,TRUE,1,SSP1_1_9,AM_85,experiment1
9,13.05234214826,1,83,14.7415253335472,2.5,2.5,TRUE,TRUE,1,SSP1_1_9,AM_85,experiment1
11,13.6753457050668,1,83,14.7415253335472,2.5,2.5,TRUE,TRUE,1,SSP1_1_9,AM_85,experiment1
8,14.7173258137845,1,83,14.7415253335472,2.5,2.5,TRUE,TRUE,1,SSP1_1_9,AM_85,experiment1
9,12.9271646226009,1,83,14.7415253335472,2.5,2.5,TRUE,TRUE,1,SSP1_1_9,AM_85,experiment1
1,8.01684875756477,1,83,14.7415253335472,2.5,2.5,TRUE,TRUE,1,SSP1_1_9,AM_85,experiment1
9,14.3392637002302,1,83,14.7415253335472,2.5,2.5,TRUE,TRUE,1,SSP1_1_9,AM_85,experiment1
9,11.8322355525331,1,83,14.7415253335472,2.5,2.5,TRUE,TRUE,1,SSP1_1_9,AM_85,experiment1
10,13.2697222393781,1,83,14.7415253335472,2.5,2.5,TRUE,TRUE,1,SSP1_1_9,AM_85,experiment1
7,13.578565091998,1,83,14.7415253335472,2.5,2.5,TRUE,TRUE,1,SSP1_1_9,AM_85,experiment1
9,11.3222047715243,1,83,14.7415253335472,2.5,2.5,TRUE,TRUE,1,SSP1_1_9,AM_85,experiment1
8,12.7143714074112,1,83,14.7415253335472,2.5,2.5,TRUE,TRUE,1,SSP1_1_9,AM_85,experiment1
11,13.2097565546385,1,83,14.7415253335472,2.5,2.5,TRUE,TRUE,1,SSP1_1_9,AM_85,experiment1
8,14.3951174326916,1,83,14.7415253335472,2.5,2.5,TRUE,TRUE,1,SSP1_1_9,AM_85,experiment1
10,12.6040833139716,1,83,14.7415253335472,2.5,2.5,TRUE,TRUE,1,SSP1_1_9,AM_85,experiment1
6,14.1263803555258,1,83,14.7415253335472,2.5,2.5,TRUE,TRUE,1,SSP1_1_9,AM_85,experiment1
9,13.9319236539885,1,83,14.7415253335472,2.5,2.5,TRUE,TRUE,1,SSP1_1_9,AM_85,experiment1
9,14.3486479854262,1,83,14.7415253335472,2.5,2.5,TRUE,TRUE,1,SSP1_1_9,AM_85,experiment1
11,12.799104188895,1,83,14.7415253335472,2.5,2.5,TRUE,TRUE,1,SSP1_1_9,AM_85,experiment1
11,14.6003250149778,1,83,14.7415253335472,2.5,2.5,TRUE,TRUE,1,SSP1_1_9,AM_85,experiment1
9,15.7928869019562,1,83,14.7415253335472,2.5,2.5,TRUE,TRUE,1,SSP1_1_9,AM_85,experiment1
6,11.7530177679362,1,83,14.7415253335472,2.5,2.5,TRUE,TRUE,1,SSP1_1_9,AM_85,experiment1
10,15.1776413314234,1,83,14.7415253335472,2.5,2.5,TRUE,TRUE,1,SSP1_1_9,AM_85,experiment1
10,13.6860516653102,1,83,14.7415253335472,2.5,2.5,TRUE,TRUE,1,SSP1_1_9,AM_85,experiment1
5,13.0222427409204,1,83,14.7415253335472,2.5,2.5,TRUE,TRUE,1,SSP1_1_9,AM_85,experiment1
5,13.758678045625,1,83,14.7415253335472,2.5,2.5,TRUE,TRUE,1,SSP1_1_9,AM_85,experiment1
1,9.48438091225214,1,83,14.7415253335472,2.5,2.5,TRUE,TRUE,1,SSP1_1_9,AM_85,experiment1
10,14.6913454040698,1,83,14.7415253335472,2.5,2.5,TRUE,TRUE,1,SSP1_1_9,AM_85,experiment1
1,13.241469461924,1,83,14.7415253335472,2.5,2.5,TRUE,TRUE,1,SSP1_1_9,AM_85,experiment1
10,14.4812303581959,1,83,14.7415253335472,2.5,2.5,TRUE,TRUE,1,SSP1_1_9,AM_85,experiment1
7,11.0967427764529,1,83,14.7415253335472,2.5,2.5,TRUE,TRUE,1,SSP1_1_9,AM_85,experiment1
8,13.585652814865,1,83,14.7415253335472,2.5,2.5,TRUE,TRUE,1,SSP1_1_9,AM_85,experiment1
11,13.117420360806,1,83,14.7415253335472,2.5,2.5,TRUE,TRUE,1,SSP1_1_9,AM_85,experiment1
7,13.8219412574229,1,83,14.7415253335472,2.5,2.5,TRUE,TRUE,1,SSP1_1_9,AM_85,experiment1
4,14.3797222959155,1,83,14.7415253335472,2.5,2.5,TRUE,TRUE,1,SSP1_1_9,AM_85,experiment1
11,13.4834752333361,1,83,14.7415253335472,2.5,2.5,TRUE,TRUE,1,SSP1_1_9,AM_85,experiment1
1,13.4576730658229,1,83,14.7415253335472,2.5,2.5,TRUE,TRUE,1,SSP1_1_9,AM_85,experiment1
8,13.9879155136389,1,83,14.7415253335472,2.5,2.5,TRUE,TRUE,1,SSP1_1_9,AM_85,experiment1
10,13.2202248473448,1,83,14.7415253335472,2.5,2.5,TRUE,TRUE,1,SSP1_1_9,AM_85,experiment1
8,13.8766102615476,1,83,14.7415253335472,2.5,2.5,TRUE,TRUE,1,SSP1_1_9,AM_85,experiment1
7,13.6138755076128,1,83,14.7415253335472,2.5,2.5,TRUE,TRUE,1,SSP1_1_9,AM_85,experiment1
11,14.6589617264141,1,83,14.7415253335472,2.5,2.5,TRUE,TRUE,1,SSP1_1_9,AM_85,experiment1
6,12.8256631078028,1,83,14.7415253335472,2.5,2.5,TRUE,TRUE,1,SSP1_1_9,AM_85,experiment1
1,13.3704465075077,1,83,14.7415253335472,2.5,2.5,TRUE,TRUE,1,SSP1_1_9,AM_85,experiment1
10,11.6579469434932,1,83,14.7415253335472,2.5,2.5,TRUE,TRUE,1,SSP1_1_9,AM_85,experiment1
10,14.0378161076311,1,83,14.7415253335472,2.5,2.5,TRUE,TRUE,1,SSP1_1_9,AM_85,experiment1
10,14.8948360603521,1,83,14.7415253335472,2.5,2.5,TRUE,TRUE,1,SSP1_1_9,AM_85,experiment1
8,13.8787754411234,1,83,14.7415253335472,2.5,2.5,TRUE,TRUE,1,SSP1_1_9,AM_85,experiment1
8,12.7278645191551,1,83,14.7415253335472,2.5,2.5,TRUE,TRUE,1,SSP1_1_9,AM_85,experiment1
3,12.8891691814933,1,83,14.7415253335472,2.5,2.5,TRUE,TRUE,1,SSP1_1_9,AM_85,experiment1
10,13.2847727714428,1,83,14.7415253335472,2.5,2.5,TRUE,TRUE,1,SSP1_1_9,AM_85,experiment1
8,12.8374109145054,1,83,13.1386141725145,2.5,1,TRUE,TRUE,1,SSP1_2_6,AM_85,experiment1
1,12.0014048007804,1,83,13.1386141725145,2.5,1,TRUE,TRUE,1,SSP1_2_6,AM_85,experiment1
1,14.7668342893845,1,83,13.1386141725145,2.5,1,TRUE,TRUE,1,SSP1_2_6,AM_85,experiment1
9,13.6479113547477,1,83,13.1386141725145,2.5,1,TRUE,TRUE,1,SSP1_2_6,AM_85,experiment1
6,13.6088713728517,1,83,13.1386141725145,2.5,1,TRUE,TRUE,1,SSP1_2_6,AM_85,experiment1
7,13.169011367401,1,83,13.1386141725145,2.5,1,TRUE,TRUE,1,SSP1_2_6,AM_85,experiment1
8,13.2664068694585,1,83,13.1386141725145,2.5,1,TRUE,TRUE,1,SSP1_2_6,AM_85,experiment1
4,10.9598089415234,1,83,13.1386141725145,2.5,1,TRUE,TRUE,1,SSP1_2_6,AM_85,experiment1
1,13.6764096965256,1,83,13.1386141725145,2.5,1,TRUE,TRUE,1,SSP1_2_6,AM_85,experiment1
1,13.618945577219,1,83,13.1386141725145,2.5,1,TRUE,TRUE,1,SSP1_2_6,AM_85,experiment1
5,14.0119328124983,1,83,13.1386141725145,2.5,1,TRUE,TRUE,1,SSP1_2_6,AM_85,experiment1
1,14.0092866485654,1,83,13.1386141725145,2.5,1,TRUE,TRUE,1,SSP1_2_6,AM_85,experiment1
7,10.3910141097417,1,83,13.1386141725145,2.5,1,TRUE,TRUE,1,SSP1_2_6,AM_85,experiment1
7,13.2711913634248,1,83,13.1386141725145,2.5,1,TRUE,TRUE,1,SSP1_2_6,AM_85,experiment1
1,11.8740174321466,1,83,13.1386141725145,2.5,1,TRUE,TRUE,1,SSP1_2_6,AM_85,experiment1
8,11.410172151545,1,83,13.1386141725145,2.5,1,TRUE,TRUE,1,SSP1_2_6,AM_85,experiment1
9,10.5855665980615,1,83,13.1386141725145,2.5,1,TRUE,TRUE,1,SSP1_2_6,AM_85,experiment1
1,12.3938073602095,1,83,13.1386141725145,2.5,1,TRUE,TRUE,1,SSP1_2_6,AM_85,experiment1
7,11.3936602421497,1,83,13.1386141725145,2.5,1,TRUE,TRUE,1,SSP1_2_6,AM_85,experiment1
7,11.3111170399722,1,83,13.1386141725145,2.5,1,TRUE,TRUE,1,SSP1_2_6,AM_85,experiment1
4,12.2239207688653,1,83,13.1386141725145,2.5,1,TRUE,TRUE,1,SSP1_2_6,AM_85,experiment1
7,11.3283822641876,1,83,13.1386141725145,2.5,1,TRUE,TRUE,1,SSP1_2_6,AM_85,experiment1
8,13.4936892748428,1,83,13.1386141725145,2.5,1,TRUE,TRUE,1,SSP1_2_6,AM_85,experiment1
1,10.3498439215153,1,83,13.1386141725145,2.5,1,TRUE,TRUE,1,SSP1_2_6,AM_85,experiment1
1,13.2163408738926,1,83,13.1386141725145,2.5,1,TRUE,TRUE,1,SSP1_2_6,AM_85,experiment1
8,13.0353108165715,1,83,13.1386141725145,2.5,1,TRUE,TRUE,1,SSP1_2_6,AM_85,experiment1
3,13.835465789489,1,83,13.1386141725145,2.5,1,TRUE,TRUE,1,SSP1_2_6,AM_85,experiment1
1,11.9325829233625,1,83,13.1386141725145,2.5,1,TRUE,TRUE,1,SSP1_2_6,AM_85,experiment1
7,13.7015160702192,1,83,13.1386141725145,2.5,1,TRUE,TRUE,1,SSP1_2_6,AM_85,experiment1
6,14.4200645461672,1,83,13.1386141725145,2.5,1,TRUE,TRUE,1,SSP1_2_6,AM_85,experiment1
7,13.597907531566,1,83,13.1386141725145,2.5,1,TRUE,TRUE,1,SSP1_2_6,AM_85,experiment1
6,13.7530141203044,1,83,13.1386141725145,2.5,1,TRUE,TRUE,1,SSP1_2_6,AM_85,experiment1
7,12.7613094819093,1,83,13.1386141725145,2.5,1,TRUE,TRUE,1,SSP1_2_6,AM_85,experiment1
8,12.9459425501203,1,83,13.1386141725145,2.5,1,TRUE,TRUE,1,SSP1_2_6,AM_85,experiment1
6,14.1301571644018,1,83,13.1386141725145,2.5,1,TRUE,TRUE,1,SSP1_2_6,AM_85,experiment1
1,14.3131912761587,1,83,13.1386141725145,2.5,1,TRUE,TRUE,1,SSP1_2_6,AM_85,experiment1
5,12.2050112691987,1,83,13.1386141725145,2.5,1,TRUE,TRUE,1,SSP1_2_6,AM_85,experiment1
9,12.2689592721861,1,83,13.1386141725145,2.5,1,TRUE,TRUE,1,SSP1_2_6,AM_85,experiment1
5,14.5565644717015,1,83,13.1386141725145,2.5,1,TRUE,TRUE,1,SSP1_2_6,AM_85,experiment1
8,11.9933316112265,1,83,13.1386141725145,2.5,1,TRUE,TRUE,1,SSP1_2_6,AM_85,experiment1
5,11.5875869106156,1,83,13.1386141725145,2.5,1,TRUE,TRUE,1,SSP1_2_6,AM_85,experiment1
7,11.3258617115076,1,83,13.1386141725145,2.5,1,TRUE,TRUE,1,SSP1_2_6,AM_85,experiment1
8,14.2921588697635,1,83,13.1386141725145,2.5,1,TRUE,TRUE,1,SSP1_2_6,AM_85,experiment1
1,12.4780586775382,1,83,13.1386141725145,2.5,1,TRUE,TRUE,1,SSP1_2_6,AM_85,experiment1
5,12.8574700328559,1,83,13.1386141725145,2.5,1,TRUE,TRUE,1,SSP1_2_6,AM_85,experiment1
10,13.922028680414,1,83,13.1386141725145,2.5,1,TRUE,TRUE,1,SSP1_2_6,AM_85,experiment1
10,12.6409773554738,1,83,13.1386141725145,2.5,1,TRUE,TRUE,1,SSP1_2_6,AM_85,experiment1
3,12.3008122894581,1,83,13.1386141725145,2.5,1,TRUE,TRUE,1,SSP1_2_6,AM_85,experiment1
5,12.5119977556623,1,83,13.1386141725145,2.5,1,TRUE,TRUE,1,SSP1_2_6,AM_85,experiment1
8,13.0610321064953,1,83,13.1386141725145,2.5,1,TRUE,TRUE,1,SSP1_2_6,AM_85,experiment1
6,8.88666520515083,1,83,13.1386141725145,2.5,1,TRUE,TRUE,1,SSP1_2_6,AM_85,experiment1
9,13.7860178541163,1,83,13.1386141725145,2.5,1,TRUE,TRUE,1,SSP1_2_6,AM_85,experiment1
5,13.2002105274033,1,83,13.1386141725145,2.5,1,TRUE,TRUE,1,SSP1_2_6,AM_85,experiment1
1,13.791424865113,1,83,13.1386141725145,2.5,1,TRUE,TRUE,1,SSP1_2_6,AM_85,experiment1
5,13.6310157823656,1,83,13.1386141725145,2.5,1,TRUE,TRUE,1,SSP1_2_6,AM_85,experiment1
6,10.5293904444224,1,83,13.1386141725145,2.5,1,TRUE,TRUE,1,SSP1_2_6,AM_85,experiment1
1,12.8931001028656,1,83,13.1386141725145,2.5,1,TRUE,TRUE,1,SSP1_2_6,AM_85,experiment1
7,13.0029323252154,1,83,13.1386141725145,2.5,1,TRUE,TRUE,1,SSP1_2_6,AM_85,experiment1
10,12.085643669277,1,83,13.1386141725145,2.5,1,TRUE,TRUE,1,SSP1_2_6,AM_85,experiment1
5,12.0975775952261,1,83,13.1386141725145,2.5,1,TRUE,TRUE,1,SSP1_2_6,AM_85,experiment1
6,12.0097419767152,1,83,13.1386141725145,2.5,1,TRUE,TRUE,1,SSP1_2_6,AM_85,experiment1
1,14.2934400389702,1,83,13.1386141725145,2.5,1,TRUE,TRUE,1,SSP1_2_6,AM_85,experiment1
5,13.3284435928658,1,83,13.1386141725145,2.5,1,TRUE,TRUE,1,SSP1_2_6,AM_85,experiment1
10,12.9252774441144,1,83,13.1386141725145,2.5,1,TRUE,TRUE,1,SSP1_2_6,AM_85,experiment1
5,13.0393480835795,1,83,13.1386141725145,2.5,1,TRUE,TRUE,1,SSP1_2_6,AM_85,experiment1
1,14.0001403637,1,83,13.1386141725145,2.5,1,TRUE,TRUE,1,SSP1_2_6,AM_85,experiment1
1,12.8228409213972,1,83,13.1386141725145,2.5,1,TRUE,TRUE,1,SSP1_2_6,AM_85,experiment1
9,12.7994668745347,1,83,13.1386141725145,2.5,1,TRUE,TRUE,1,SSP1_2_6,AM_85,experiment1
7,13.4154237802015,1,83,13.1386141725145,2.5,1,TRUE,TRUE,1,SSP1_2_6,AM_85,experiment1
5,14.2537232386826,1,83,13.1386141725145,2.5,1,TRUE,TRUE,1,SSP1_2_6,AM_85,experiment1
4,13.2100356736099,1,83,13.1386141725145,2.5,1,TRUE,TRUE,1,SSP1_2_6,AM_85,experiment1
1,13.9855080786503,1,83,13.1386141725145,2.5,1,TRUE,TRUE,1,SSP1_2_6,AM_85,experiment1
6,13.9507549718628,1,83,13.1386141725145,2.5,1,TRUE,TRUE,1,SSP1_2_6,AM_85,experiment1
1,10.410907215147,1,83,13.1386141725145,2.5,1,TRUE,TRUE,1,SSP1_2_6,AM_85,experiment1
1,11.3700356921011,1,83,13.1386141725145,2.5,1,TRUE,TRUE,1,SSP1_2_6,AM_85,experiment1
9,13.3671254671491,1,83,13.1386141725145,2.5,1,TRUE,TRUE,1,SSP1_2_6,AM_85,experiment1
9,13.0280334489016,1,83,13.1386141725145,2.5,1,TRUE,TRUE,1,SSP1_2_6,AM_85,experiment1
7,12.725235050425,1,83,13.1386141725145,2.5,1,TRUE,TRUE,1,SSP1_2_6,AM_85,experiment1
4,14.6852190453695,1,83,13.1386141725145,2.5,1,TRUE,TRUE,1,SSP1_2_6,AM_85,experiment1
1,13.6848172673645,1,83,13.1386141725145,2.5,1,TRUE,TRUE,1,SSP1_2_6,AM_85,experiment1
9,14.0607999461443,1,83,13.1386141725145,2.5,1,TRUE,TRUE,1,SSP1_2_6,AM_85,experiment1
6,8.56471965051261,1,83,13.1386141725145,2.5,1,TRUE,TRUE,1,SSP1_2_6,AM_85,experiment1
8,12.680363929732,1,83,13.1386141725145,2.5,1,TRUE,TRUE,1,SSP1_2_6,AM_85,experiment1
7,12.8834710776095,1,83,13.1386141725145,2.5,1,TRUE,TRUE,1,SSP1_2_6,AM_85,experiment1
6,11.6716189434795,1,83,13.1386141725145,2.5,1,TRUE,TRUE,1,SSP1_2_6,AM_85,experiment1
7,13.2467402507844,1,83,13.1386141725145,2.5,1,TRUE,TRUE,1,SSP1_2_6,AM_85,experiment1
10,12.7439016707148,1,83,13.1386141725145,2.5,1,TRUE,TRUE,1,SSP1_2_6,AM_85,experiment1
7,13.7417740027177,1,83,13.1386141725145,2.5,1,TRUE,TRUE,1,SSP1_2_6,AM_85,experiment1
6,11.8734553660495,1,83,13.1386141725145,2.5,1,TRUE,TRUE,1,SSP1_2_6,AM_85,experiment1
6,14.2910556226091,1,83,13.1386141725145,2.5,1,TRUE,TRUE,1,SSP1_2_6,AM_85,experiment1
1,13.1716978722078,1,83,13.1386141725145,2.5,1,TRUE,TRUE,1,SSP1_2_6,AM_85,experiment1
5,12.4095867756623,1,83,13.1386141725145,2.5,1,TRUE,TRUE,1,SSP1_2_6,AM_85,experiment1
7,11.3715883019691,1,83,13.1386141725145,2.5,1,TRUE,TRUE,1,SSP1_2_6,AM_85,experiment1
5,12.3029862830446,1,83,13.1386141725145,2.5,1,TRUE,TRUE,1,SSP1_2_6,AM_85,experiment1
1,12.9528331234148,1,83,13.1386141725145,2.5,1,TRUE,TRUE,1,SSP1_2_6,AM_85,experiment1
9,13.0773447210624,1,83,13.1386141725145,2.5,1,TRUE,TRUE,1,SSP1_2_6,AM_85,experiment1
1,9.12408035744373,1,83,13.1386141725145,2.5,1,TRUE,TRUE,1,SSP1_2_6,AM_85,experiment1
5,12.2618587235744,1,83,13.1386141725145,2.5,1,TRUE,TRUE,1,SSP1_2_6,AM_85,experiment1
1,12.9408631280965,1,83,13.1386141725145,2.5,1,TRUE,TRUE,1,SSP1_2_6,AM_85,experiment1
6,12.575019010621,1,83,13.1386141725145,2.5,1,TRUE,TRUE,1,SSP1_2_6,AM_85,experiment1
5,13.7471885578926,1,83,13.1386141725145,2.5,1,TRUE,TRUE,1,SSP1_2_6,AM_85,experiment1
5,13.6347485052467,1,83,13.1386141725145,2.5,1,TRUE,TRUE,1,SSP1_2_6,AM_85,experiment1
8,12.5448665892109,1,83,13.1386141725145,2.5,1,TRUE,TRUE,1,SSP1_2_6,AM_85,experiment1
7,12.8652806666206,1,83,13.1386141725145,2.5,1,TRUE,TRUE,1,SSP1_2_6,AM_85,experiment1
5,13.9525395051087,1,83,13.1386141725145,2.5,1,TRUE,TRUE,1,SSP1_2_6,AM_85,experiment1
9,11.9594114025366,1,83,13.1386141725145,2.5,1,TRUE,TRUE,1,SSP1_2_6,AM_85,experiment1
6,12.288583830727,1,83,13.1386141725145,2.5,1,TRUE,TRUE,1,SSP1_2_6,AM_85,experiment1
9,12.9847121177348,1,83,13.1386141725145,2.5,1,TRUE,TRUE,1,SSP1_2_6,AM_85,experiment1
11,11.9138474101327,1,83,13.1386141725145,2.5,1,TRUE,TRUE,1,SSP1_2_6,AM_85,experiment1
6,13.0480938617041,1,83,13.1386141725145,2.5,1,TRUE,TRUE,1,SSP1_2_6,AM_85,experiment1
6,13.2429204128694,1,83,13.1386141725145,2.5,1,TRUE,TRUE,1,SSP1_2_6,AM_85,experiment1
1,13.2388441788008,1,83,13.1386141725145,2.5,1,TRUE,TRUE,1,SSP1_2_6,AM_85,experiment1
5,13.8443376138373,1,83,13.1386141725145,2.5,1,TRUE,TRUE,1,SSP1_2_6,AM_85,experiment1
1,12.5950070906957,1,83,13.1386141725145,2.5,1,TRUE,TRUE,1,SSP1_2_6,AM_85,experiment1
7,14.3709212120324,1,83,13.1386141725145,2.5,1,TRUE,TRUE,1,SSP1_2_6,AM_85,experiment1
5,13.2887724685481,1,83,13.1386141725145,2.5,1,TRUE,TRUE,1,SSP1_2_6,AM_85,experiment1
9,12.5320430462571,1,83,13.1386141725145,2.5,1,TRUE,TRUE,1,SSP1_2_6,AM_85,experiment1
1,10.7211207915704,1,83,13.1386141725145,2.5,1,TRUE,TRUE,1,SSP1_2_6,AM_85,experiment1
1,11.1406398553534,1,83,13.1386141725145,2.5,1,TRUE,TRUE,1,SSP1_2_6,AM_85,experiment1
11,13.288657552672,1,83,13.1386141725145,2.5,1,TRUE,TRUE,1,SSP1_2_6,AM_85,experiment1
1,13.5572230694617,1,83,13.1386141725145,2.5,1,TRUE,TRUE,1,SSP1_2_6,AM_85,experiment1
1,13.96063681172,1,83,13.1386141725145,2.5,1,TRUE,TRUE,1,SSP1_2_6,AM_85,experiment1
1,12.6237974650712,1,83,13.1386141725145,2.5,1,TRUE,TRUE,1,SSP1_2_6,AM_85,experiment1
5,13.7585647300954,1,83,13.1386141725145,2.5,1,TRUE,TRUE,1,SSP1_2_6,AM_85,experiment1
7,11.1773495376657,1,83,13.1386141725145,2.5,1,TRUE,TRUE,1,SSP1_2_6,AM_85,experiment1
6,13.9761004255056,1,83,13.1386141725145,2.5,1,TRUE,TRUE,1,SSP1_2_6,AM_85,experiment1
1,10.4401125929607,1,83,13.1386141725145,2.5,1,TRUE,TRUE,1,SSP1_2_6,AM_85,experiment1
9,11.0585231988093,1,83,13.1386141725145,2.5,1,TRUE,TRUE,1,SSP1_2_6,AM_85,experiment1
9,13.520445652739,1,83,13.1386141725145,2.5,1,TRUE,TRUE,1,SSP1_2_6,AM_85,experiment1
4,12.7097362033281,1,83,13.1386141725145,2.5,1,TRUE,TRUE,1,SSP1_2_6,AM_85,experiment1
6,12.2042142808237,1,83,13.1386141725145,2.5,1,TRUE,TRUE,1,SSP1_2_6,AM_85,experiment1
3,12.1639511144908,1,83,13.1386141725145,2.5,1,TRUE,TRUE,1,SSP1_2_6,AM_85,experiment1
6,12.0228369812967,1,83,13.1386141725145,2.5,1,TRUE,TRUE,1,SSP1_2_6,AM_85,experiment1
5,12.2973707311997,1,83,13.1386141725145,2.5,1,TRUE,TRUE,1,SSP1_2_6,AM_85,experiment1
6,14.1054794309429,1,83,13.1386141725145,2.5,1,TRUE,TRUE,1,SSP1_2_6,AM_85,experiment1
1,8.87681846768121,1,83,13.1386141725145,2.5,1,TRUE,TRUE,1,SSP1_2_6,AM_85,experiment1
11,13.7179087470925,1,83,13.1386141725145,2.5,1,TRUE,TRUE,1,SSP1_2_6,AM_85,experiment1
6,14.5053181789201,1,83,13.1386141725145,2.5,1,TRUE,TRUE,1,SSP1_2_6,AM_85,experiment1
5,10.8329109606958,1,83,13.1386141725145,2.5,1,TRUE,TRUE,1,SSP1_2_6,AM_85,experiment1
1,12.7290067636763,1,83,13.1386141725145,2.5,1,TRUE,TRUE,1,SSP1_2_6,AM_85,experiment1
8,13.5471565818894,1,83,13.1386141725145,2.5,1,TRUE,TRUE,1,SSP1_2_6,AM_85,experiment1
7,13.3239893038892,1,83,13.1386141725145,2.5,1,TRUE,TRUE,1,SSP1_2_6,AM_85,experiment1
1,11.7106940214518,1,83,13.1386141725145,2.5,1,TRUE,TRUE,1,SSP1_2_6,AM_85,experiment1
4,14.0078471213278,1,83,13.1386141725145,2.5,1,TRUE,TRUE,1,SSP1_2_6,AM_85,experiment1
1,11.1344572242836,1,83,13.1386141725145,2.5,1,TRUE,TRUE,1,SSP1_2_6,AM_85,experiment1
4,11.754600993354,1,83,13.1386141725145,2.5,1,TRUE,TRUE,1,SSP1_2_6,AM_85,experiment1
8,13.6160064913868,1,83,13.1386141725145,2.5,1,TRUE,TRUE,1,SSP1_2_6,AM_85,experiment1
9,12.6153144703734,1,83,13.1386141725145,2.5,1,TRUE,TRUE,1,SSP1_2_6,AM_85,experiment1
1,13.6364714647531,1,83,13.1386141725145,2.5,1,TRUE,TRUE,1,SSP1_2_6,AM_85,experiment1
5,12.911660888862,1,83,13.1386141725145,2.5,1,TRUE,TRUE,1,SSP1_2_6,AM_85,experiment1
1,12.234514467284,1,83,13.1386141725145,2.5,1,TRUE,TRUE,1,SSP1_2_6,AM_85,experiment1
8,13.035706133571,1,83,13.1386141725145,2.5,1,TRUE,TRUE,1,SSP1_2_6,AM_85,experiment1
1,0.95,1,83,13.1386141725145,2.5,1,TRUE,TRUE,1,SSP1_2_6,AM_85,experiment1
1,9.03602551510579,1,83,13.1386141725145,2.5,1,TRUE,TRUE,1,SSP1_2_6,AM_85,experiment1
1,12.5709230928266,1,83,13.1386141725145,2.5,1,TRUE,TRUE,1,SSP1_2_6,AM_85,experiment1
6,13.8530152080824,1,83,13.1386141725145,2.5,1,TRUE,TRUE,1,SSP1_2_6,AM_85,experiment1
7,13.3853775323474,1,83,13.1386141725145,2.5,1,TRUE,TRUE,1,SSP1_2_6,AM_85,experiment1
11,13.9661028513949,1,83,13.1386141725145,2.5,1,TRUE,TRUE,1,SSP1_2_6,AM_85,experiment1
6,13.1084624087617,1,83,13.1386141725145,2.5,1,TRUE,TRUE,1,SSP1_2_6,AM_85,experiment1
4,13.399356339162,1,83,13.1386141725145,2.5,1,TRUE,TRUE,1,SSP1_2_6,AM_85,experiment1
7,13.6038885801559,1,83,13.1386141725145,2.5,1,TRUE,TRUE,1,SSP1_2_6,AM_85,experiment1
1,13.8155210845436,1,83,13.1386141725145,2.5,1,TRUE,TRUE,1,SSP1_2_6,AM_85,experiment1
1,13.5674841818969,1,83,13.1386141725145,2.5,1,TRUE,TRUE,1,SSP1_2_6,AM_85,experiment1
8,14.7227934647863,1,83,13.1386141725145,2.5,1,TRUE,TRUE,1,SSP1_2_6,AM_85,experiment1
11,12.4712863924128,1,83,13.1386141725145,2.5,1,TRUE,TRUE,1,SSP1_2_6,AM_85,experiment1
1,12.3558273314841,1,83,13.1386141725145,2.5,1,TRUE,TRUE,1,SSP1_2_6,AM_85,experiment1
4,13.7008614159786,1,83,13.1386141725145,2.5,1,TRUE,TRUE,1,SSP1_2_6,AM_85,experiment1
1,12.3824496275629,1,83,13.1386141725145,2.5,1,TRUE,TRUE,1,SSP1_2_6,AM_85,experiment1
10,13.0799456720575,1,83,13.1386141725145,2.5,1,TRUE,TRUE,1,SSP1_2_6,AM_85,experiment1
6,10.4497977754991,1,83,13.1386141725145,2.5,1,TRUE,TRUE,1,SSP1_2_6,AM_85,experiment1
5,14.428085666917,1,83,13.1386141725145,2.5,1,TRUE,TRUE,1,SSP1_2_6,AM_85,experiment1
5,12.3843504110767,1,83,13.1386141725145,2.5,1,TRUE,TRUE,1,SSP1_2_6,AM_85,experiment1
1,13.3777238611664,1,83,13.1386141725145,2.5,1,TRUE,TRUE,1,SSP1_2_6,AM_85,experiment1
1,10.2761313339292,1,83,13.1386141725145,2.5,1,TRUE,TRUE,1,SSP1_2_6,AM_85,experiment1
1,13.2143374635471,1,83,13.1386141725145,2.5,1,TRUE,TRUE,1,SSP1_2_6,AM_85,experiment1
3,13.4605078546614,1,83,13.1386141725145,2.5,1,TRUE,TRUE,1,SSP1_2_6,AM_85,experiment1
7,11.49967583317,1,83,13.1386141725145,2.5,1,TRUE,TRUE,1,SSP1_2_6,AM_85,experiment1
1,12.3626419729626,1,83,13.1386141725145,2.5,1,TRUE,TRUE,1,SSP1_2_6,AM_85,experiment1
6,12.7352128091962,1,83,13.1386141725145,2.5,1,TRUE,TRUE,1,SSP1_2_6,AM_85,experiment1
3,13.1423794713351,1,83,13.1386141725145,2.5,1,TRUE,TRUE,1,SSP1_2_6,AM_85,experiment1
5,12.5008641030401,1,83,13.1386141725145,2.5,1,TRUE,TRUE,1,SSP1_2_6,AM_85,experiment1
9,14.3243339594198,1,83,13.1386141725145,2.5,1,TRUE,TRUE,1,SSP1_2_6,AM_85,experiment1
7,10.9756383176921,1,83,13.1386141725145,2.5,1,TRUE,TRUE,1,SSP1_2_6,AM_85,experiment1
1,11.3800690149235,1,83,13.1386141725145,2.5,1,TRUE,TRUE,1,SSP1_2_6,AM_85,experiment1
9,14.5167764209909,1,83,13.1386141725145,2.5,1,TRUE,TRUE,1,SSP1_2_6,AM_85,experiment1
8,13.6173184017321,1,83,13.1386141725145,2.5,1,TRUE,TRUE,1,SSP1_2_6,AM_85,experiment1
6,13.4872041344551,1,83,13.1386141725145,2.5,1,TRUE,TRUE,1,SSP1_2_6,AM_85,experiment1
9,13.8517984774945,1,83,13.1386141725145,2.5,1,TRUE,TRUE,1,SSP1_2_6,AM_85,experiment1
3,13.9954993753283,1,83,13.1386141725145,2.5,1,TRUE,TRUE,1,SSP1_2_6,AM_85,experiment1
7,11.1361024935957,1,83,13.1386141725145,2.5,1,TRUE,TRUE,1,SSP1_2_6,AM_85,experiment1
1,11.1706428485905,1,83,13.1386141725145,2.5,1,TRUE,TRUE,1,SSP1_2_6,AM_85,experiment1
10,14.0484789964198,1,83,13.1386141725145,2.5,1,TRUE,TRUE,1,SSP1_2_6,AM_85,experiment1
5,13.6487553589276,1,83,13.1386141725145,2.5,1,TRUE,TRUE,1,SSP1_2_6,AM_85,experiment1
8,12.6367709797352,1,83,13.1386141725145,2.5,1,TRUE,TRUE,1,SSP1_2_6,AM_85,experiment1
1,12.0195249235105,1,83,13.1386141725145,2.5,1,TRUE,TRUE,1,SSP1_2_6,AM_85,experiment1
5,13.5711684452217,1,83,13.1386141725145,2.5,1,TRUE,TRUE,1,SSP1_2_6,AM_85,experiment1
5,8.96868175377069,1,83,13.1386141725145,2.5,1,TRUE,TRUE,1,SSP1_2_6,AM_85,experiment1
8,12.7999746382697,1,83,13.1386141725145,2.5,1,TRUE,TRUE,1,SSP1_2_6,AM_85,experiment1
6,12.6356821705933,1,83,13.1386141725145,2.5,1,TRUE,TRUE,1,SSP1_2_6,AM_85,experiment1
1,12.8721724885869,1,83,13.1386141725145,2.5,1,TRUE,TRUE,1,SSP1_2_6,AM_85,experiment1
5,14.0925923425286,1,83,13.1386141725145,2.5,1,TRUE,TRUE,1,SSP1_2_6,AM_85,experiment1
6,12.8624044447729,1,83,13.1386141725145,2.5,1,TRUE,TRUE,1,SSP1_2_6,AM_85,experiment1
10,8.9839292287842,1,83,13.1386141725145,2.5,1,TRUE,TRUE,1,SSP1_2_6,AM_85,experiment1
1,12.3477522990789,1,83,13.1386141725145,2.5,1,TRUE,TRUE,1,SSP1_2_6,AM_85,experiment1
8,13.4123299932722,1,83,13.1386141725145,2.5,1,TRUE,TRUE,1,SSP1_2_6,AM_85,experiment1
1,11.5817726046842,1,83,13.1386141725145,2.5,1,TRUE,TRUE,1,SSP1_2_6,AM_85,experiment1
7,13.7418803197138,1,83,13.1386141725145,2.5,1,TRUE,TRUE,1,SSP1_2_6,AM_85,experiment1
9,12.3911644276388,1,83,13.1386141725145,2.5,1,TRUE,TRUE,1,SSP1_2_6,AM_85,experiment1
5,12.8231775476815,1,83,13.1386141725145,2.5,1,TRUE,TRUE,1,SSP1_2_6,AM_85,experiment1
6,13.7041741150569,1,83,13.1386141725145,2.5,1,TRUE,TRUE,1,SSP1_2_6,AM_85,experiment1
8,13.841884552416,1,83,13.1386141725145,2.5,1,TRUE,TRUE,1,SSP1_2_6,AM_85,experiment1
7,13.3883033737154,1,83,13.1386141725145,2.5,1,TRUE,TRUE,1,SSP1_2_6,AM_85,experiment1
6,13.903801156378,1,83,13.1386141725145,2.5,1,TRUE,TRUE,1,SSP1_2_6,AM_85,experiment1
5,13.0065204265323,1,83,13.1386141725145,2.5,1,TRUE,TRUE,1,SSP1_2_6,AM_85,experiment1
8,14.491645642009,1,83,13.1386141725145,2.5,1,TRUE,TRUE,1,SSP1_2_6,AM_85,experiment1
4,13.9014775149717,1,83,13.1386141725145,2.5,1,TRUE,TRUE,1,SSP1_2_6,AM_85,experiment1
6,8.28105502764051,1,83,13.1386141725145,2.5,1,TRUE,TRUE,1,SSP1_2_6,AM_85,experiment1
5,12.1689198711696,1,83,13.1386141725145,2.5,1,TRUE,TRUE,1,SSP1_2_6,AM_85,experiment1
5,9.76338958621804,1,83,13.1386141725145,2.5,1,TRUE,TRUE,1,SSP1_2_6,AM_85,experiment1
6,12.5133543081632,1,83,13.1386141725145,2.5,1,TRUE,TRUE,1,SSP1_2_6,AM_85,experiment1
9,10.0757034654994,1,83,13.1386141725145,2.5,1,TRUE,TRUE,1,SSP1_2_6,AM_85,experiment1
7,11.0473382533906,1,83,13.1386141725145,2.5,1,TRUE,TRUE,1,SSP1_2_6,AM_85,experiment1
1,13.1895041847335,1,83,13.1386141725145,2.5,1,TRUE,TRUE,1,SSP1_2_6,AM_85,experiment1
7,12.9481519748123,1,83,13.1386141725145,2.5,1,TRUE,TRUE,1,SSP1_2_6,AM_85,experiment1
6,13.5642396553043,1,83,13.1386141725145,2.5,1,TRUE,TRUE,1,SSP1_2_6,AM_85,experiment1
1,10.1966156340964,1,83,13.1386141725145,2.5,1,TRUE,TRUE,1,SSP1_2_6,AM_85,experiment1
8,12.8449309264308,1,83,13.1386141725145,2.5,1,TRUE,TRUE,1,SSP1_2_6,AM_85,experiment1
1,9.23184821752998,1,83,13.1386141725145,2.5,1,TRUE,TRUE,1,SSP1_2_6,AM_85,experiment1
7,9.59141092183601,1,83,13.1386141725145,2.5,1,TRUE,TRUE,1,SSP1_2_6,AM_85,experiment1
1,10.4436849124048,1,83,13.1386141725145,2.5,1,TRUE,TRUE,1,SSP1_2_6,AM_85,experiment1
6,12.226921596334,1,83,13.1386141725145,2.5,1,TRUE,TRUE,1,SSP1_2_6,AM_85,experiment1
6,12.9417858601571,1,83,13.1386141725145,2.5,1,TRUE,TRUE,1,SSP1_2_6,AM_85,experiment1
7,14.2673040144286,1,83,13.1386141725145,2.5,1,TRUE,TRUE,1,SSP1_2_6,AM_85,experiment1
5,11.7006690310269,1,83,13.1386141725145,2.5,1,TRUE,TRUE,1,SSP1_2_6,AM_85,experiment1
8,12.7452374355439,1,83,13.1386141725145,2.5,1,TRUE,TRUE,1,SSP1_2_6,AM_85,experiment1
5,14.3054809081006,1,83,13.1386141725145,2.5,1,TRUE,TRUE,1,SSP1_2_6,AM_85,experiment1
10,13.3046302565309,1,83,13.1386141725145,2.5,1,TRUE,TRUE,1,SSP1_2_6,AM_85,experiment1
8,13.0161248995322,1,83,13.1386141725145,2.5,1,TRUE,TRUE,1,SSP1_2_6,AM_85,experiment1
6,13.8088517246354,1,83,13.1386141725145,2.5,1,TRUE,TRUE,1,SSP1_2_6,AM_85,experiment1
1,12.3115955464794,1,83,13.1386141725145,2.5,1,TRUE,TRUE,1,SSP1_2_6,AM_85,experiment1
1,11.6937959936962,1,83,13.1386141725145,2.5,1,TRUE,TRUE,1,SSP1_2_6,AM_85,experiment1
1,13.3225478682265,1,83,13.1386141725145,2.5,1,TRUE,TRUE,1,SSP1_2_6,AM_85,experiment1
9,11.7332053358233,1,83,13.1386141725145,2.5,1,TRUE,TRUE,1,SSP1_2_6,AM_85,experiment1
5,11.6385630442945,1,83,13.1386141725145,2.5,1,TRUE,TRUE,1,SSP1_2_6,AM_85,experiment1
5,12.7655991959019,1,83,13.1386141725145,2.5,1,TRUE,TRUE,1,SSP1_2_6,AM_85,experiment1
8,11.1010132956206,1,83,13.1386141725145,2.5,1,TRUE,TRUE,1,SSP1_2_6,AM_85,experiment1
1,11.8848502896622,1,83,13.1386141725145,2.5,1,TRUE,TRUE,1,SSP1_2_6,AM_85,experiment1
6,12.9095429745106,1,83,13.1386141725145,2.5,1,TRUE,TRUE,1,SSP1_2_6,AM_85,experiment1
1,13.614413472637,1,83,13.1386141725145,2.5,1,TRUE,TRUE,1,SSP1_2_6,AM_85,experiment1
1,9.76191714097745,1,83,13.1386141725145,2.5,1,TRUE,TRUE,1,SSP1_2_6,AM_85,experiment1
5,7.56117158756923,1,83,13.1386141725145,2.5,1,TRUE,TRUE,1,SSP1_2_6,AM_85,experiment1
4,13.086402100104,1,83,13.1386141725145,2.5,1,TRUE,TRUE,1,SSP1_2_6,AM_85,experiment1
1,11.1882922628733,1,83,13.1386141725145,2.5,1,TRUE,TRUE,1,SSP1_2_6,AM_85,experiment1
9,13.106066575821,1,83,13.1386141725145,2.5,1,TRUE,TRUE,1,SSP1_2_6,AM_85,experiment1
8,10.3539472775087,1,83,13.1386141725145,2.5,1,TRUE,TRUE,1,SSP1_2_6,AM_85,experiment1
10,12.66271635682,1,83,13.1386141725145,2.5,1,TRUE,TRUE,1,SSP1_2_6,AM_85,experiment1
1,11.5308809529739,1,83,13.1386141725145,2.5,1,TRUE,TRUE,1,SSP1_2_6,AM_85,experiment1
8,13.3482862143224,1,83,13.1386141725145,2.5,1,TRUE,TRUE,1,SSP1_2_6,AM_85,experiment1
1,13.4356391728132,1,83,13.1386141725145,2.5,1,TRUE,TRUE,1,SSP1_2_6,AM_85,experiment1
10,13.1719747177713,1,83,13.1386141725145,2.5,1,TRUE,TRUE,1,SSP1_2_6,AM_85,experiment1
4,12.880934570425,1,83,13.1386141725145,2.5,1,TRUE,TRUE,1,SSP1_2_6,AM_85,experiment1
1,12.9235365094485,1,83,13.1386141725145,2.5,1,TRUE,TRUE,1,SSP1_2_6,AM_85,experiment1
7,14.7766405326189,1,83,13.1386141725145,2.5,1,TRUE,TRUE,1,SSP1_2_6,AM_85,experiment1
9,13.0081721761839,1,83,13.1386141725145,2.5,1,TRUE,TRUE,1,SSP1_2_6,AM_85,experiment1
3,12.3456725346478,1,83,13.1386141725145,2.5,1,TRUE,TRUE,1,SSP1_2_6,AM_85,experiment1
11,14.8270641384229,1,83,13.1386141725145,2.5,1,TRUE,TRUE,1,SSP1_2_6,AM_85,experiment1
5,12.9797476433858,1,83,13.1386141725145,2.5,1,TRUE,TRUE,1,SSP1_2_6,AM_85,experiment1
7,12.1676540083977,1,83,13.1386141725145,2.5,1,TRUE,TRUE,1,SSP1_2_6,AM_85,experiment1
1,12.7712574988678,1,83,13.1386141725145,2.5,1,TRUE,TRUE,1,SSP1_2_6,AM_85,experiment1
9,12.2522849016121,1,83,13.1386141725145,2.5,1,TRUE,TRUE,1,SSP1_2_6,AM_85,experiment1
3,10.2933010690181,1,83,13.1386141725145,2.5,1,TRUE,TRUE,1,SSP1_2_6,AM_85,experiment1
1,12.2765349234784,1,83,13.1386141725145,2.5,1,TRUE,TRUE,1,SSP1_2_6,AM_85,experiment1
11,12.5271683791242,1,83,13.1386141725145,2.5,1,TRUE,TRUE,1,SSP1_2_6,AM_85,experiment1
1,6.89206211363137,1,83,13.1386141725145,2.5,1,TRUE,TRUE,1,SSP1_2_6,AM_85,experiment1
6,12.4073266368071,1,83,13.1386141725145,2.5,1,TRUE,TRUE,1,SSP1_2_6,AM_85,experiment1
10,12.8354392777488,1,83,13.1386141725145,2.5,1,TRUE,TRUE,1,SSP1_2_6,AM_85,experiment1
7,12.0136763887865,1,83,13.1386141725145,2.5,1,TRUE,TRUE,1,SSP1_2_6,AM_85,experiment1
9,11.5727839833193,1,83,13.1386141725145,2.5,1,TRUE,TRUE,1,SSP1_2_6,AM_85,experiment1
8,11.7883658307714,1,83,13.1386141725145,2.5,1,TRUE,TRUE,1,SSP1_2_6,AM_85,experiment1
8,13.8401176603473,1,83,13.1386141725145,2.5,1,TRUE,TRUE,1,SSP1_2_6,AM_85,experiment1
6,13.2419249010432,1,83,13.1386141725145,2.5,1,TRUE,TRUE,1,SSP1_2_6,AM_85,experiment1
4,14.1450719863447,1,83,13.1386141725145,2.5,1,TRUE,TRUE,1,SSP1_2_6,AM_85,experiment1
5,13.8095986493333,1,83,13.1386141725145,2.5,1,TRUE,TRUE,1,SSP1_2_6,AM_85,experiment1
7,13.797813112015,1,83,13.1386141725145,2.5,1,TRUE,TRUE,1,SSP1_2_6,AM_85,experiment1
5,13.6138848452094,1,83,13.1386141725145,2.5,1,TRUE,TRUE,1,SSP1_2_6,AM_85,experiment1
7,13.246469062775,1,83,13.1386141725145,2.5,1,TRUE,TRUE,1,SSP1_2_6,AM_85,experiment1
7,8.60320158675198,1,83,13.1386141725145,2.5,1,TRUE,TRUE,1,SSP1_2_6,AM_85,experiment1
1,13.5092688363483,1,83,13.1386141725145,2.5,1,TRUE,TRUE,1,SSP1_2_6,AM_85,experiment1
6,12.7723299389531,1,83,13.1386141725145,2.5,1,TRUE,TRUE,1,SSP1_2_6,AM_85,experiment1
6,12.6937834295028,1,83,13.1386141725145,2.5,1,TRUE,TRUE,1,SSP1_2_6,AM_85,experiment1
8,13.095405859655,1,83,13.1386141725145,2.5,1,TRUE,TRUE,1,SSP1_2_6,AM_85,experiment1
8,14.4427213055299,1,83,13.1386141725145,2.5,1,TRUE,TRUE,1,SSP1_2_6,AM_85,experiment1
8,13.2303648801171,1,83,13.1386141725145,2.5,1,TRUE,TRUE,1,SSP1_2_6,AM_85,experiment1
6,12.8968893689169,1,83,13.1386141725145,2.5,1,TRUE,TRUE,1,SSP1_2_6,AM_85,experiment1
7,12.779195880487,1,83,13.1386141725145,2.5,1,TRUE,TRUE,1,SSP1_2_6,AM_85,experiment1
1,13.147065632139,1,83,13.1386141725145,2.5,1,TRUE,TRUE,1,SSP1_2_6,AM_85,experiment1
1,12.0955809270202,1,83,13.1386141725145,2.5,1,TRUE,TRUE,1,SSP1_2_6,AM_85,experiment1
1,12.2367324387719,1,83,13.1386141725145,2.5,1,TRUE,TRUE,1,SSP1_2_6,AM_85,experiment1
1,12.9855542924445,1,83,13.1386141725145,2.5,1,TRUE,TRUE,1,SSP1_2_6,AM_85,experiment1
7,12.2107280087072,1,83,13.1386141725145,2.5,1,TRUE,TRUE,1,SSP1_2_6,AM_85,experiment1
7,11.8621346715155,1,83,13.1386141725145,2.5,1,TRUE,TRUE,1,SSP1_2_6,AM_85,experiment1
5,13.5967823832083,1,83,13.1386141725145,2.5,1,TRUE,TRUE,1,SSP1_2_6,AM_85,experiment1
1,11.0203249697843,1,83,13.1386141725145,2.5,1,TRUE,TRUE,1,SSP1_2_6,AM_85,experiment1
3,13.0539832357196,1,83,13.1386141725145,2.5,1,TRUE,TRUE,1,SSP1_2_6,AM_85,experiment1
8,11.7296528885824,1,83,13.1386141725145,2.5,1,TRUE,TRUE,1,SSP1_2_6,AM_85,experiment1
1,13.6141327522527,1,83,13.1386141725145,2.5,1,TRUE,TRUE,1,SSP1_2_6,AM_85,experiment1
1,11.958676464039,1,83,13.1386141725145,2.5,1,TRUE,TRUE,1,SSP1_2_6,AM_85,experiment1
1,8.31242818304449,1,83,13.1386141725145,2.5,1,TRUE,TRUE,1,SSP1_2_6,AM_85,experiment1
11,11.9487494442503,1,83,13.1386141725145,2.5,1,TRUE,TRUE,1,SSP1_2_6,AM_85,experiment1
1,13.0172034626282,1,83,13.1386141725145,2.5,1,TRUE,TRUE,1,SSP1_2_6,AM_85,experiment1
10,9.47355090596687,1,83,13.1386141725145,2.5,1,TRUE,TRUE,1,SSP1_2_6,AM_85,experiment1
7,11.368008748673,1,83,13.1386141725145,2.5,1,TRUE,TRUE,1,SSP1_2_6,AM_85,experiment1
9,13.5531380445778,1,83,13.1386141725145,2.5,1,TRUE,TRUE,1,SSP1_2_6,AM_85,experiment1
1,13.0554943763368,1,83,13.1386141725145,2.5,1,TRUE,TRUE,1,SSP1_2_6,AM_85,experiment1
3,13.9487357516133,1,83,13.1386141725145,2.5,1,TRUE,TRUE,1,SSP1_2_6,AM_85,experiment1
5,12.1935861329889,1,83,13.1386141725145,2.5,1,TRUE,TRUE,1,SSP1_2_6,AM_85,experiment1
7,12.1721800897541,1,83,13.1386141725145,2.5,1,TRUE,TRUE,1,SSP1_2_6,AM_85,experiment1
7,14.581869652733,1,83,13.1386141725145,2.5,1,TRUE,TRUE,1,SSP1_2_6,AM_85,experiment1
5,14.1211219874494,1,83,13.1386141725145,2.5,1,TRUE,TRUE,1,SSP1_2_6,AM_85,experiment1
5,13.5086098589189,1,83,13.1386141725145,2.5,1,TRUE,TRUE,1,SSP1_2_6,AM_85,experiment1
6,8.5491972917968,1,83,13.1386141725145,2.5,1,TRUE,TRUE,1,SSP1_2_6,AM_85,experiment1
1,13.8642963496469,1,83,13.1386141725145,2.5,1,TRUE,TRUE,1,SSP1_2_6,AM_85,experiment1
5,13.8245203865815,1,83,13.1386141725145,2.5,1,TRUE,TRUE,1,SSP1_2_6,AM_85,experiment1
6,13.8602665762104,1,83,13.1386141725145,2.5,1,TRUE,TRUE,1,SSP1_2_6,AM_85,experiment1
5,13.5429829685384,1,83,13.1386141725145,2.5,1,TRUE,TRUE,1,SSP1_2_6,AM_85,experiment1
1,9.99114713525931,1,83,13.1386141725145,2.5,1,TRUE,TRUE,1,SSP1_2_6,AM_85,experiment1
1,13.0047251102062,1,83,13.1386141725145,2.5,1,TRUE,TRUE,1,SSP1_2_6,AM_85,experiment1
10,12.8987259901438,1,83,13.1386141725145,2.5,1,TRUE,TRUE,1,SSP1_2_6,AM_85,experiment1
10,13.3830376324445,1,83,13.1386141725145,2.5,1,TRUE,TRUE,1,SSP1_2_6,AM_85,experiment1
1,14.3243568185004,1,83,13.1386141725145,2.5,1,TRUE,TRUE,1,SSP1_2_6,AM_85,experiment1
10,13.6186992314557,1,83,13.1386141725145,2.5,1,TRUE,TRUE,1,SSP1_2_6,AM_85,experiment1
5,9.29230743243219,1,83,13.1386141725145,2.5,1,TRUE,TRUE,1,SSP1_2_6,AM_85,experiment1
1,0.95,1,83,13.1386141725145,2.5,1,TRUE,TRUE,1,SSP1_2_6,AM_85,experiment1
3,12.3646780019275,1,83,13.1386141725145,2.5,1,TRUE,TRUE,1,SSP1_2_6,AM_85,experiment1
5,12.4716458468859,1,83,13.1386141725145,2.5,1,TRUE,TRUE,1,SSP1_2_6,AM_85,experiment1
4,13.85465160332,1,83,13.1386141725145,2.5,1,TRUE,TRUE,1,SSP1_2_6,AM_85,experiment1
1,11.2001601229941,1,83,13.1386141725145,2.5,1,TRUE,TRUE,1,SSP1_2_6,AM_85,experiment1
8,13.8848774255735,1,83,13.1386141725145,2.5,1,TRUE,TRUE,1,SSP1_2_6,AM_85,experiment1
1,12.7450551953875,1,83,13.1386141725145,2.5,1,TRUE,TRUE,1,SSP1_2_6,AM_85,experiment1
10,11.8502472478118,1,83,13.1386141725145,2.5,1,TRUE,TRUE,1,SSP1_2_6,AM_85,experiment1
9,12.1275875580893,1,83,13.1386141725145,2.5,1,TRUE,TRUE,1,SSP1_2_6,AM_85,experiment1
8,6.48037617181164,1,83,13.1386141725145,2.5,1,TRUE,TRUE,1,SSP1_2_6,AM_85,experiment1
6,13.334391018632,1,83,13.1386141725145,2.5,1,TRUE,TRUE,1,SSP1_2_6,AM_85,experiment1
8,9.73667264017352,1,83,13.1386141725145,2.5,1,TRUE,TRUE,1,SSP1_2_6,AM_85,experiment1
1,12.8755497223842,1,83,13.1386141725145,2.5,1,TRUE,TRUE,1,SSP1_2_6,AM_85,experiment1
1,12.1515542030204,1,83,13.1386141725145,2.5,1,TRUE,TRUE,1,SSP1_2_6,AM_85,experiment1
7,12.8347150534815,1,83,13.1386141725145,2.5,1,TRUE,TRUE,1,SSP1_2_6,AM_85,experiment1
1,12.0323343188761,1,83,13.1386141725145,2.5,1,TRUE,TRUE,1,SSP1_2_6,AM_85,experiment1
8,11.7563221276747,1,83,13.1386141725145,2.5,1,TRUE,TRUE,1,SSP1_2_6,AM_85,experiment1
9,12.430266378586,1,83,13.1386141725145,2.5,1,TRUE,TRUE,1,SSP1_2_6,AM_85,experiment1
9,11.9650460425637,1,83,13.1386141725145,2.5,1,TRUE,TRUE,1,SSP1_2_6,AM_85,experiment1
9,12.1343635492492,1,83,13.1386141725145,2.5,1,TRUE,TRUE,1,SSP1_2_6,AM_85,experiment1
1,12.9280857870785,1,83,13.1386141725145,2.5,1,TRUE,TRUE,1,SSP1_2_6,AM_85,experiment1
7,11.1787431010906,1,83,13.1386141725145,2.5,1,TRUE,TRUE,1,SSP1_2_6,AM_85,experiment1
3,12.1603087969165,1,83,13.1386141725145,2.5,1,TRUE,TRUE,1,SSP1_2_6,AM_85,experiment1
7,12.2146655467591,1,83,13.1386141725145,2.5,1,TRUE,TRUE,1,SSP1_2_6,AM_85,experiment1
1,12.0246231815611,1,83,13.1386141725145,2.5,1,TRUE,TRUE,1,SSP1_2_6,AM_85,experiment1
1,13.4485077507844,1,83,13.1386141725145,2.5,1,TRUE,TRUE,1,SSP1_2_6,AM_85,experiment1
1,11.5296238321386,1,83,13.1386141725145,2.5,1,TRUE,TRUE,1,SSP1_2_6,AM_85,experiment1
1,12.3503268839377,1,83,13.1386141725145,2.5,1,TRUE,TRUE,1,SSP1_2_6,AM_85,experiment1
1,12.1969955982984,1,83,13.1386141725145,2.5,1,TRUE,TRUE,1,SSP1_2_6,AM_85,experiment1
9,13.5136006842169,1,83,13.1386141725145,2.5,1,TRUE,TRUE,1,SSP1_2_6,AM_85,experiment1
1,9.98774693088779,1,83,13.1386141725145,2.5,1,TRUE,TRUE,1,SSP1_2_6,AM_85,experiment1
9,11.8739804987017,1,83,13.1386141725145,2.5,1,TRUE,TRUE,1,SSP1_2_6,AM_85,experiment1
5,14.0865136408226,1,83,13.1386141725145,2.5,1,TRUE,TRUE,1,SSP1_2_6,AM_85,experiment1
1,11.6469848415197,1,83,13.1386141725145,2.5,1,TRUE,TRUE,1,SSP1_2_6,AM_85,experiment1
9,12.5471544962255,1,83,13.1386141725145,2.5,1,TRUE,TRUE,1,SSP1_2_6,AM_85,experiment1
8,11.0698193407765,1,83,13.1386141725145,2.5,1,TRUE,TRUE,1,SSP1_2_6,AM_85,experiment1
3,12.7735052411745,1,83,13.1386141725145,2.5,1,TRUE,TRUE,1,SSP1_2_6,AM_85,experiment1
8,13.0439049826424,1,83,13.1386141725145,2.5,1,TRUE,TRUE,1,SSP1_2_6,AM_85,experiment1
11,13.2921648334568,1,83,13.1386141725145,2.5,1,TRUE,TRUE,1,SSP1_2_6,AM_85,experiment1
9,10.4239049837726,1,83,13.1386141725145,2.5,1,TRUE,TRUE,1,SSP1_2_6,AM_85,experiment1
4,12.0755510965829,1,83,13.1386141725145,2.5,1,TRUE,TRUE,1,SSP1_2_6,AM_85,experiment1
4,10.6970550663004,1,83,13.1386141725145,2.5,1,TRUE,TRUE,1,SSP1_2_6,AM_85,experiment1
1,11.4779139420176,1,83,13.1386141725145,2.5,1,TRUE,TRUE,1,SSP1_2_6,AM_85,experiment1
1,7.38796972497105,1,83,13.1386141725145,2.5,1,TRUE,TRUE,1,SSP1_2_6,AM_85,experiment1
1,12.5574291788865,1,83,13.1386141725145,2.5,1,TRUE,TRUE,1,SSP1_2_6,AM_85,experiment1
9,13.2678695748169,1,83,13.1386141725145,2.5,1,TRUE,TRUE,1,SSP1_2_6,AM_85,experiment1
7,11.5081524853125,1,83,13.1386141725145,2.5,1,TRUE,TRUE,1,SSP1_2_6,AM_85,experiment1
6,11.988714872007,1,83,13.1386141725145,2.5,1,TRUE,TRUE,1,SSP1_2_6,AM_85,experiment1
7,13.9501052898886,1,83,13.1386141725145,2.5,1,TRUE,TRUE,1,SSP1_2_6,AM_85,experiment1
7,14.4196336445712,1,83,13.1386141725145,2.5,1,TRUE,TRUE,1,SSP1_2_6,AM_85,experiment1
10,9.83192479347571,1,83,13.1386141725145,2.5,1,TRUE,TRUE,1,SSP1_2_6,AM_85,experiment1
8,12.1716662913751,1,83,13.1386141725145,2.5,1,TRUE,TRUE,1,SSP1_2_6,AM_85,experiment1
6,14.2740233167333,1,83,13.1386141725145,2.5,1,TRUE,TRUE,1,SSP1_2_6,AM_85,experiment1
3,11.199172070543,1,83,13.1386141725145,2.5,1,TRUE,TRUE,1,SSP1_2_6,AM_85,experiment1
5,8.90029589491822,1,83,13.1386141725145,2.5,1,TRUE,TRUE,1,SSP1_2_6,AM_85,experiment1
7,13.4091808548181,1,83,13.1386141725145,2.5,1,TRUE,TRUE,1,SSP1_2_6,AM_85,experiment1
4,10.6406869078946,1,83,13.1386141725145,2.5,1,TRUE,TRUE,1,SSP1_2_6,AM_85,experiment1
5,13.0909213486125,1,83,13.1386141725145,2.5,1,TRUE,TRUE,1,SSP1_2_6,AM_85,experiment1
5,5.83393943470492,1,83,13.1386141725145,2.5,1,TRUE,TRUE,1,SSP1_2_6,AM_85,experiment1
7,13.6738859222111,1,83,13.1386141725145,2.5,1,TRUE,TRUE,1,SSP1_2_6,AM_85,experiment1
3,13.0560810366703,1,83,13.1386141725145,2.5,1,TRUE,TRUE,1,SSP1_2_6,AM_85,experiment1
3,13.6664201681157,1,83,13.1386141725145,2.5,1,TRUE,TRUE,1,SSP1_2_6,AM_85,experiment1
8,13.3837158880279,1,83,13.1386141725145,2.5,1,TRUE,TRUE,1,SSP1_2_6,AM_85,experiment1
1,12.36547614937,1,83,13.1386141725145,2.5,1,TRUE,TRUE,1,SSP1_2_6,AM_85,experiment1
6,14.2740049671067,1,83,13.1386141725145,2.5,1,TRUE,TRUE,1,SSP1_2_6,AM_85,experiment1
5,8.79063584460336,1,83,13.1386141725145,2.5,1,TRUE,TRUE,1,SSP1_2_6,AM_85,experiment1
7,12.7831253340438,1,83,13.1386141725145,2.5,1,TRUE,TRUE,1,SSP1_2_6,AM_85,experiment1
7,13.6418649490697,1,83,13.1386141725145,2.5,1,TRUE,TRUE,1,SSP1_2_6,AM_85,experiment1
11,12.0037048872848,1,83,13.1386141725145,2.5,1,TRUE,TRUE,1,SSP1_2_6,AM_85,experiment1
5,10.2979684797948,1,83,13.1386141725145,2.5,1,TRUE,TRUE,1,SSP1_2_6,AM_85,experiment1
7,12.7044767214017,1,83,13.1386141725145,2.5,1,TRUE,TRUE,1,SSP1_2_6,AM_85,experiment1
1,10.0942056606093,1,83,13.1386141725145,2.5,1,TRUE,TRUE,1,SSP1_2_6,AM_85,experiment1
6,13.6136476858783,1,83,13.1386141725145,2.5,1,TRUE,TRUE,1,SSP1_2_6,AM_85,experiment1
4,11.2240191457805,1,83,13.1386141725145,2.5,1,TRUE,TRUE,1,SSP1_2_6,AM_85,experiment1
1,9.21769411539018,1,83,13.1386141725145,2.5,1,TRUE,TRUE,1,SSP1_2_6,AM_85,experiment1
7,10.7789228706649,1,83,13.1386141725145,2.5,1,TRUE,TRUE,1,SSP1_2_6,AM_85,experiment1
1,4.82289009718164,1,83,13.1386141725145,2.5,1,TRUE,TRUE,1,SSP1_2_6,AM_85,experiment1
9,13.7977764713963,1,83,13.1386141725145,2.5,1,TRUE,TRUE,1,SSP1_2_6,AM_85,experiment1
1,12.2426100490518,1,83,13.1386141725145,2.5,1,TRUE,TRUE,1,SSP1_2_6,AM_85,experiment1
1,5.55441482835351,1,83,13.1386141725145,2.5,1,TRUE,TRUE,1,SSP1_2_6,AM_85,experiment1
7,13.0341385616592,1,83,13.1386141725145,2.5,1,TRUE,TRUE,1,SSP1_2_6,AM_85,experiment1
6,13.0491660045511,1,83,13.1386141725145,2.5,1,TRUE,TRUE,1,SSP1_2_6,AM_85,experiment1
6,13.8230967203745,1,83,13.1386141725145,2.5,1,TRUE,TRUE,1,SSP1_2_6,AM_85,experiment1
7,13.0750061826697,1,83,13.1386141725145,2.5,1,TRUE,TRUE,1,SSP1_2_6,AM_85,experiment1
8,13.4871730796046,1,83,13.1386141725145,2.5,1,TRUE,TRUE,1,SSP1_2_6,AM_85,experiment1
1,6.21789326317127,1,83,13.1386141725145,2.5,1,TRUE,TRUE,1,SSP1_2_6,AM_85,experiment1
4,13.2583871427345,1,83,13.1386141725145,2.5,1,TRUE,TRUE,1,SSP1_2_6,AM_85,experiment1
9,14.270045180497,1,83,13.1386141725145,2.5,1,TRUE,TRUE,1,SSP1_2_6,AM_85,experiment1
7,14.2285477333201,1,83,13.1386141725145,2.5,1,TRUE,TRUE,1,SSP1_2_6,AM_85,experiment1
1,11.8971352371106,1,83,13.1386141725145,2.5,1,TRUE,TRUE,1,SSP1_2_6,AM_85,experiment1
1,11.8694457174416,1,83,13.1386141725145,2.5,1,TRUE,TRUE,1,SSP1_2_6,AM_85,experiment1
1,11.6589336295324,1,83,13.1386141725145,2.5,1,TRUE,TRUE,1,SSP1_2_6,AM_85,experiment1
9,11.0425157213122,1,83,13.1386141725145,2.5,1,TRUE,TRUE,1,SSP1_2_6,AM_85,experiment1
8,11.4908813451458,1,83,13.1386141725145,2.5,1,TRUE,TRUE,1,SSP1_2_6,AM_85,experiment1
9,13.2899625772857,1,83,13.1386141725145,2.5,1,TRUE,TRUE,1,SSP1_2_6,AM_85,experiment1
1,13.2274962522688,1,83,13.1386141725145,2.5,1,TRUE,TRUE,1,SSP1_2_6,AM_85,experiment1
4,13.493117561995,1,83,13.1386141725145,2.5,1,TRUE,TRUE,1,SSP1_2_6,AM_85,experiment1
8,14.1955563189339,1,83,13.1386141725145,2.5,1,TRUE,TRUE,1,SSP1_2_6,AM_85,experiment1
6,13.3761967147834,1,83,13.1386141725145,2.5,1,TRUE,TRUE,1,SSP1_2_6,AM_85,experiment1
5,13.4064474347296,1,83,13.1386141725145,2.5,1,TRUE,TRUE,1,SSP1_2_6,AM_85,experiment1
1,13.8508651439449,1,83,13.1386141725145,2.5,1,TRUE,TRUE,1,SSP1_2_6,AM_85,experiment1
6,9.79425824021303,1,83,13.1386141725145,2.5,1,TRUE,TRUE,1,SSP1_2_6,AM_85,experiment1
6,12.8086869424976,1,83,13.1386141725145,2.5,1,TRUE,TRUE,1,SSP1_2_6,AM_85,experiment1
1,14.0765277609173,1,83,13.1386141725145,2.5,1,TRUE,TRUE,1,SSP1_2_6,AM_85,experiment1
1,13.4835604650004,1,83,13.1386141725145,2.5,1,TRUE,TRUE,1,SSP1_2_6,AM_85,experiment1
3,14.2140188151249,1,83,13.1386141725145,2.5,1,TRUE,TRUE,1,SSP1_2_6,AM_85,experiment1
6,13.8938399181073,1,83,13.1386141725145,2.5,1,TRUE,TRUE,1,SSP1_2_6,AM_85,experiment1
1,8.54753621861656,1,83,13.1386141725145,2.5,1,TRUE,TRUE,1,SSP1_2_6,AM_85,experiment1
5,13.7280896208705,1,83,13.1386141725145,2.5,1,TRUE,TRUE,1,SSP1_2_6,AM_85,experiment1
4,13.3401366924493,1,83,13.1386141725145,2.5,1,TRUE,TRUE,1,SSP1_2_6,AM_85,experiment1
1,13.3749623373616,1,83,13.1386141725145,2.5,1,TRUE,TRUE,1,SSP1_2_6,AM_85,experiment1
10,13.3425448230593,1,83,13.1386141725145,2.5,1,TRUE,TRUE,1,SSP1_2_6,AM_85,experiment1
6,11.1891445909871,1,83,13.1386141725145,2.5,1,TRUE,TRUE,1,SSP1_2_6,AM_85,experiment1
8,13.4978601860009,1,83,13.1386141725145,2.5,1,TRUE,TRUE,1,SSP1_2_6,AM_85,experiment1
7,14.3219729470987,1,83,13.1386141725145,2.5,1,TRUE,TRUE,1,SSP1_2_6,AM_85,experiment1
1,12.9858177742247,1,83,13.1386141725145,2.5,1,TRUE,TRUE,1,SSP1_2_6,AM_85,experiment1
4,13.0671045124178,1,83,13.1386141725145,2.5,1,TRUE,TRUE,1,SSP1_2_6,AM_85,experiment1
11,13.0185988685021,1,83,13.1386141725145,2.5,1,TRUE,TRUE,1,SSP1_2_6,AM_85,experiment1
1,10.8698824537207,1,83,13.1386141725145,2.5,1,TRUE,TRUE,1,SSP1_2_6,AM_85,experiment1
1,12.4451476217124,1,83,13.1386141725145,2.5,1,TRUE,TRUE,1,SSP1_2_6,AM_85,experiment1
7,11.4727050192004,1,83,13.1386141725145,2.5,1,TRUE,TRUE,1,SSP1_2_6,AM_85,experiment1
1,6.11630221204414,1,83,13.1386141725145,2.5,1,TRUE,TRUE,1,SSP1_2_6,AM_85,experiment1
1,6.7197643789397,1,83,13.1386141725145,2.5,1,TRUE,TRUE,1,SSP1_2_6,AM_85,experiment1
7,14.1771691874359,1,83,13.1386141725145,2.5,1,TRUE,TRUE,1,SSP1_2_6,AM_85,experiment1
6,10.2708359930884,1,83,13.1386141725145,2.5,1,TRUE,TRUE,1,SSP1_2_6,AM_85,experiment1
9,11.7422300199823,1,83,13.1386141725145,2.5,1,TRUE,TRUE,1,SSP1_2_6,AM_85,experiment1
6,11.0751167873795,1,83,13.1386141725145,2.5,1,TRUE,TRUE,1,SSP1_2_6,AM_85,experiment1
1,10.357964682018,1,83,13.1386141725145,2.5,1,TRUE,TRUE,1,SSP1_2_6,AM_85,experiment1
10,13.0737972163139,1,83,13.1386141725145,2.5,1,TRUE,TRUE,1,SSP1_2_6,AM_85,experiment1
9,14.5204414173579,1,83,13.1386141725145,2.5,1,TRUE,TRUE,1,SSP1_2_6,AM_85,experiment1
6,13.4454226936428,1,83,13.1386141725145,2.5,1,TRUE,TRUE,1,SSP1_2_6,AM_85,experiment1
1,10.4916123721385,1,83,13.1386141725145,2.5,1,TRUE,TRUE,1,SSP1_2_6,AM_85,experiment1
1,13.2334473161806,1,83,13.1386141725145,2.5,1,TRUE,TRUE,1,SSP1_2_6,AM_85,experiment1
8,13.820733729505,1,83,13.1386141725145,2.5,1,TRUE,TRUE,1,SSP1_2_6,AM_85,experiment1
6,13.9930799356613,1,83,13.1386141725145,2.5,1,TRUE,TRUE,1,SSP1_2_6,AM_85,experiment1
8,11.2022305182449,1,83,13.1386141725145,2.5,1,TRUE,TRUE,1,SSP1_2_6,AM_85,experiment1
1,14.6109442403072,1,83,13.1386141725145,2.5,1,TRUE,TRUE,1,SSP1_2_6,AM_85,experiment1
3,12.4424432839372,1,83,13.1386141725145,2.5,1,TRUE,TRUE,1,SSP1_2_6,AM_85,experiment1
8,10.8276269497751,1,83,13.1386141725145,2.5,1,TRUE,TRUE,1,SSP1_2_6,AM_85,experiment1
1,13.2236694090992,1,83,13.1386141725145,2.5,1,TRUE,TRUE,1,SSP1_2_6,AM_85,experiment1
5,11.6939079327835,1,83,13.1386141725145,2.5,1,TRUE,TRUE,1,SSP1_2_6,AM_85,experiment1
5,12.5720132828241,1,83,13.1386141725145,2.5,1,TRUE,TRUE,1,SSP1_2_6,AM_85,experiment1
1,13.4433884876283,1,83,13.1386141725145,2.5,1,TRUE,TRUE,1,SSP1_2_6,AM_85,experiment1
9,12.8922753843121,1,83,13.1386141725145,2.5,1,TRUE,TRUE,1,SSP1_2_6,AM_85,experiment1
11,13.1670205983331,1,83,13.1386141725145,2.5,1,TRUE,TRUE,1,SSP1_2_6,AM_85,experiment1
2,11.310877133187,1,83,13.1386141725145,2.5,1,TRUE,TRUE,1,SSP1_2_6,AM_85,experiment1
5,13.3509894123605,1,83,13.1386141725145,2.5,1,TRUE,TRUE,1,SSP1_2_6,AM_85,experiment1
1,13.857455944371,1,83,13.1386141725145,2.5,1,TRUE,TRUE,1,SSP1_2_6,AM_85,experiment1
1,14.0431736071144,1,83,13.1386141725145,2.5,1,TRUE,TRUE,1,SSP1_2_6,AM_85,experiment1
6,10.8555430818632,1,83,13.1386141725145,2.5,1,TRUE,TRUE,1,SSP1_2_6,AM_85,experiment1
7,12.1926952183678,1,83,13.1386141725145,2.5,1,TRUE,TRUE,1,SSP1_2_6,AM_85,experiment1
1,14.4347953069592,1,83,13.1386141725145,2.5,1,TRUE,TRUE,1,SSP1_2_6,AM_85,experiment1
8,11.358766799454,1,83,13.1386141725145,2.5,1,TRUE,TRUE,1,SSP1_2_6,AM_85,experiment1
1,13.7182425979824,1,83,13.1386141725145,2.5,1,TRUE,TRUE,1,SSP1_2_6,AM_85,experiment1
1,13.2861235623933,1,83,13.1386141725145,2.5,1,TRUE,TRUE,1,SSP1_2_6,AM_85,experiment1
7,10.350837275517,1,83,13.1386141725145,2.5,1,TRUE,TRUE,1,SSP1_2_6,AM_85,experiment1
11,13.359394002122,1,83,13.1386141725145,2.5,1,TRUE,TRUE,1,SSP1_2_6,AM_85,experiment1
6,12.7201508243253,1,83,13.1386141725145,2.5,1,TRUE,TRUE,1,SSP1_2_6,AM_85,experiment1
8,11.7792769284661,1,83,13.1386141725145,2.5,1,TRUE,TRUE,1,SSP1_2_6,AM_85,experiment1
6,11.7415808062268,1,83,13.1386141725145,2.5,1,TRUE,TRUE,1,SSP1_2_6,AM_85,experiment1
1,13.3210415361086,1,83,13.1386141725145,2.5,1,TRUE,TRUE,1,SSP1_2_6,AM_85,experiment1
5,9.89585483041863,1,83,13.1386141725145,2.5,1,TRUE,TRUE,1,SSP1_2_6,AM_85,experiment1
10,14.0838334679683,1,83,13.1386141725145,2.5,1,TRUE,TRUE,1,SSP1_2_6,AM_85,experiment1
8,13.6394972128955,1,83,13.1386141725145,2.5,1,TRUE,TRUE,1,SSP1_2_6,AM_85,experiment1
1,10.2145249675094,1,83,13.1386141725145,2.5,1,TRUE,TRUE,1,SSP1_2_6,AM_85,experiment1
5,11.7250924881545,1,83,13.1386141725145,2.5,1,TRUE,TRUE,1,SSP1_2_6,AM_85,experiment1
7,12.6186072757494,1,83,13.1386141725145,2.5,1,TRUE,TRUE,1,SSP1_2_6,AM_85,experiment1
7,13.3308534332354,1,83,13.1386141725145,2.5,1,TRUE,TRUE,1,SSP1_2_6,AM_85,experiment1
10,13.0966357535124,1,83,13.1386141725145,2.5,1,TRUE,TRUE,1,SSP1_2_6,AM_85,experiment1
1,7.62091004959269,1,83,13.1386141725145,2.5,1,TRUE,TRUE,1,SSP1_2_6,AM_85,experiment1
7,11.8894936221548,1,83,13.1386141725145,2.5,1,TRUE,TRUE,1,SSP1_2_6,AM_85,experiment1
9,14.2132856206997,1,83,13.1386141725145,2.5,1,TRUE,TRUE,1,SSP1_2_6,AM_85,experiment1
6,14.1241000171677,1,83,13.1386141725145,2.5,1,TRUE,TRUE,1,SSP1_2_6,AM_85,experiment1
7,13.3382399164343,1,83,13.1386141725145,2.5,1,TRUE,TRUE,1,SSP1_2_6,AM_85,experiment1
1,13.7482777975446,1,83,13.1386141725145,2.5,1,TRUE,TRUE,1,SSP1_2_6,AM_85,experiment1
10,13.2130806833604,1,83,13.1386141725145,2.5,1,TRUE,TRUE,1,SSP1_2_6,AM_85,experiment1
3,12.4010252334286,1,83,13.1386141725145,2.5,1,TRUE,TRUE,1,SSP1_2_6,AM_85,experiment1
5,11.2383562641936,1,83,13.1386141725145,2.5,1,TRUE,TRUE,1,SSP1_2_6,AM_85,experiment1
6,10.9291106764336,1,83,13.1386141725145,2.5,1,TRUE,TRUE,1,SSP1_2_6,AM_85,experiment1
1,10.2477572613821,1,83,13.1386141725145,2.5,1,TRUE,TRUE,1,SSP1_2_6,AM_85,experiment1
1,13.1660385435626,1,83,13.1386141725145,2.5,1,TRUE,TRUE,1,SSP1_2_6,AM_85,experiment1
1,5.72459386236142,1,83,13.1386141725145,2.5,1,TRUE,TRUE,1,SSP1_2_6,AM_85,experiment1
6,13.1778007581867,1,83,13.1386141725145,2.5,1,TRUE,TRUE,1,SSP1_2_6,AM_85,experiment1
1,11.1875296818448,1,83,13.1386141725145,2.5,1,TRUE,TRUE,1,SSP1_2_6,AM_85,experiment1
7,12.7389556604038,1,83,13.1386141725145,2.5,1,TRUE,TRUE,1,SSP1_2_6,AM_85,experiment1
1,12.9475338264654,1,83,13.1386141725145,2.5,1,TRUE,TRUE,1,SSP1_2_6,AM_85,experiment1
8,14.1179250597186,1,83,13.1386141725145,2.5,1,TRUE,TRUE,1,SSP1_2_6,AM_85,experiment1
7,14.134577309109,1,83,13.1386141725145,2.5,1,TRUE,TRUE,1,SSP1_2_6,AM_85,experiment1
1,12.6774742445161,1,83,13.1386141725145,2.5,1,TRUE,TRUE,1,SSP1_2_6,AM_85,experiment1
5,13.2696275424405,1,83,13.1386141725145,2.5,1,TRUE,TRUE,1,SSP1_2_6,AM_85,experiment1
1,12.4246231798678,1,83,13.1386141725145,2.5,1,TRUE,TRUE,1,SSP1_2_6,AM_85,experiment1
7,9.75340970840696,1,83,13.1386141725145,2.5,1,TRUE,TRUE,1,SSP1_2_6,AM_85,experiment1
8,13.9594872282009,1,83,13.1386141725145,2.5,1,TRUE,TRUE,1,SSP1_2_6,AM_85,experiment1
8,13.3603228262382,1,83,13.1386141725145,2.5,1,TRUE,TRUE,1,SSP1_2_6,AM_85,experiment1
5,13.0990031552085,1,83,13.1386141725145,2.5,1,TRUE,TRUE,1,SSP1_2_6,AM_85,experiment1
6,13.9253880258552,1,83,13.1386141725145,2.5,1,TRUE,TRUE,1,SSP1_2_6,AM_85,experiment1
5,13.4353551651459,1,83,13.1386141725145,2.5,1,TRUE,TRUE,1,SSP1_2_6,AM_85,experiment1
1,10.9789197701926,1,83,13.1386141725145,2.5,1,TRUE,TRUE,1,SSP1_2_6,AM_85,experiment1
4,13.1985425644592,1,83,13.1386141725145,2.5,1,TRUE,TRUE,1,SSP1_2_6,AM_85,experiment1
10,12.4980228793959,1,83,13.1386141725145,2.5,1,TRUE,TRUE,1,SSP1_2_6,AM_85,experiment1
1,10.9232147102711,1,83,13.1386141725145,2.5,1,TRUE,TRUE,1,SSP1_2_6,AM_85,experiment1
1,13.2619039785565,1,83,13.1386141725145,2.5,1,TRUE,TRUE,1,SSP1_2_6,AM_85,experiment1
5,11.6829966342087,1,83,13.1386141725145,2.5,1,TRUE,TRUE,1,SSP1_2_6,AM_85,experiment1
6,8.41043827169949,1,83,13.1386141725145,2.5,1,TRUE,TRUE,1,SSP1_2_6,AM_85,experiment1
7,12.3857231721716,1,83,13.1386141725145,2.5,1,TRUE,TRUE,1,SSP1_2_6,AM_85,experiment1
5,13.3087893528624,1,83,13.1386141725145,2.5,1,TRUE,TRUE,1,SSP1_2_6,AM_85,experiment1
6,13.3514907434416,1,83,13.1386141725145,2.5,1,TRUE,TRUE,1,SSP1_2_6,AM_85,experiment1
1,12.425955986085,1,83,13.1386141725145,2.5,1,TRUE,TRUE,1,SSP1_2_6,AM_85,experiment1
3,12.7448357292105,1,83,13.1386141725145,2.5,1,TRUE,TRUE,1,SSP1_2_6,AM_85,experiment1
7,13.5710933058974,1,83,13.1386141725145,2.5,1,TRUE,TRUE,1,SSP1_2_6,AM_85,experiment1
1,12.8505879444537,1,83,13.1386141725145,2.5,1,TRUE,TRUE,1,SSP1_2_6,AM_85,experiment1
9,13.8169337508194,1,83,13.1386141725145,2.5,1,TRUE,TRUE,1,SSP1_2_6,AM_85,experiment1
6,12.1164124488174,1,83,13.1386141725145,2.5,1,TRUE,TRUE,1,SSP1_2_6,AM_85,experiment1
1,9.46513234510568,1,83,13.1386141725145,2.5,1,TRUE,TRUE,1,SSP1_2_6,AM_85,experiment1
1,10.8299507613062,1,83,13.1386141725145,2.5,1,TRUE,TRUE,1,SSP1_2_6,AM_85,experiment1
1,10.381777172912,1,83,13.1386141725145,2.5,1,TRUE,TRUE,1,SSP1_2_6,AM_85,experiment1
1,11.3505029224995,1,83,13.1386141725145,2.5,1,TRUE,TRUE,1,SSP1_2_6,AM_85,experiment1
10,13.3478485762902,1,83,13.1386141725145,2.5,1,TRUE,TRUE,1,SSP1_2_6,AM_85,experiment1
1,13.8983232966988,1,83,13.1386141725145,2.5,1,TRUE,TRUE,1,SSP1_2_6,AM_85,experiment1
10,10.334670570455,1,83,13.1386141725145,2.5,1,TRUE,TRUE,1,SSP1_2_6,AM_85,experiment1
1,13.7878257433415,1,83,13.1386141725145,2.5,1,TRUE,TRUE,1,SSP1_2_6,AM_85,experiment1
5,11.0215088192378,1,83,13.1386141725145,2.5,1,TRUE,TRUE,1,SSP1_2_6,AM_85,experiment1
7,13.5764812832599,1,83,13.1386141725145,2.5,1,TRUE,TRUE,1,SSP1_2_6,AM_85,experiment1
2,13.5865020456827,1,83,13.1386141725145,2.5,1,TRUE,TRUE,1,SSP1_2_6,AM_85,experiment1
1,13.5724427067506,1,83,13.1386141725145,2.5,1,TRUE,TRUE,1,SSP1_2_6,AM_85,experiment1
1,11.0666027898838,1,83,13.1386141725145,2.5,1,TRUE,TRUE,1,SSP1_2_6,AM_85,experiment1
9,13.802671619694,1,83,13.1386141725145,2.5,1,TRUE,TRUE,1,SSP1_2_6,AM_85,experiment1
9,14.5827732571655,1,83,13.1386141725145,2.5,1,TRUE,TRUE,1,SSP1_2_6,AM_85,experiment1
6,12.4630807303051,1,83,13.1386141725145,2.5,1,TRUE,TRUE,1,SSP1_2_6,AM_85,experiment1
1,11.4023629060767,1,83,13.1386141725145,2.5,1,TRUE,TRUE,1,SSP1_2_6,AM_85,experiment1
6,12.1272004878549,1,83,13.1386141725145,2.5,1,TRUE,TRUE,1,SSP1_2_6,AM_85,experiment1
1,11.6256636804346,1,83,13.1386141725145,2.5,1,TRUE,TRUE,1,SSP1_2_6,AM_85,experiment1
8,14.0883480827489,1,83,13.1386141725145,2.5,1,TRUE,TRUE,1,SSP1_2_6,AM_85,experiment1
6,13.0491122566121,1,83,13.1386141725145,2.5,1,TRUE,TRUE,1,SSP1_2_6,AM_85,experiment1
1,13.1141396424625,1,83,13.1386141725145,2.5,1,TRUE,TRUE,1,SSP1_2_6,AM_85,experiment1
4,11.8669893334373,1,83,13.1386141725145,2.5,1,TRUE,TRUE,1,SSP1_2_6,AM_85,experiment1
4,12.4823682740295,1,83,13.1386141725145,2.5,1,TRUE,TRUE,1,SSP1_2_6,AM_85,experiment1
1,2.9622365625,1,83,13.1386141725145,2.5,1,TRUE,TRUE,1,SSP1_2_6,AM_85,experiment1
1,8.74477994665695,1,83,13.1386141725145,2.5,1,TRUE,TRUE,1,SSP1_2_6,AM_85,experiment1
1,11.3005317991382,1,83,13.1386141725145,2.5,1,TRUE,TRUE,1,SSP1_2_6,AM_85,experiment1
1,13.0680781067176,1,83,13.1386141725145,2.5,1,TRUE,TRUE,1,SSP1_2_6,AM_85,experiment1
7,8.78302788672208,1,83,13.1386141725145,2.5,1,TRUE,TRUE,1,SSP1_2_6,AM_85,experiment1
8,12.9564069722352,1,83,13.1386141725145,2.5,1,TRUE,TRUE,1,SSP1_2_6,AM_85,experiment1
7,14.3601503468247,1,83,13.1386141725145,2.5,1,TRUE,TRUE,1,SSP1_2_6,AM_85,experiment1
5,13.144490527949,1,83,13.1386141725145,2.5,1,TRUE,TRUE,1,SSP1_2_6,AM_85,experiment1
1,13.2599671625445,1,83,13.1386141725145,2.5,1,TRUE,TRUE,1,SSP1_2_6,AM_85,experiment1
1,12.3858722185577,1,83,13.1386141725145,2.5,1,TRUE,TRUE,1,SSP1_2_6,AM_85,experiment1
6,9.85209657019233,1,83,13.1386141725145,2.5,1,TRUE,TRUE,1,SSP1_2_6,AM_85,experiment1
1,13.3915803117321,1,83,13.1386141725145,2.5,1,TRUE,TRUE,1,SSP1_2_6,AM_85,experiment1
10,11.4172633754368,1,83,13.1386141725145,2.5,1,TRUE,TRUE,1,SSP1_2_6,AM_85,experiment1
5,11.2596440642594,1,83,13.1386141725145,2.5,1,TRUE,TRUE,1,SSP1_2_6,AM_85,experiment1
1,5.98290998304101,1,83,13.1386141725145,2.5,1,TRUE,TRUE,1,SSP1_2_6,AM_85,experiment1
1,14.3106774497162,1,83,13.1386141725145,2.5,1,TRUE,TRUE,1,SSP1_2_6,AM_85,experiment1
10,10.6912762948419,1,83,13.1386141725145,2.5,1,TRUE,TRUE,1,SSP1_2_6,AM_85,experiment1
7,11.5523233069907,1,83,13.1386141725145,2.5,1,TRUE,TRUE,1,SSP1_2_6,AM_85,experiment1
2,11.1632594937131,1,83,13.1386141725145,2.5,1,TRUE,TRUE,1,SSP1_2_6,AM_85,experiment1
2,12.7010204953502,1,83,13.1386141725145,2.5,1,TRUE,TRUE,1,SSP1_2_6,AM_85,experiment1
10,12.9970639417729,1,83,13.1386141725145,2.5,1,TRUE,TRUE,1,SSP1_2_6,AM_85,experiment1
1,12.4084526995071,1,83,13.1386141725145,2.5,1,TRUE,TRUE,1,SSP1_2_6,AM_85,experiment1
6,12.8928452210465,1,83,13.1386141725145,2.5,1,TRUE,TRUE,1,SSP1_2_6,AM_85,experiment1
1,13.5465026210007,1,83,13.1386141725145,2.5,1,TRUE,TRUE,1,SSP1_2_6,AM_85,experiment1
3,13.4756190456015,1,83,13.1386141725145,2.5,1,TRUE,TRUE,1,SSP1_2_6,AM_85,experiment1
8,13.8093385455998,1,83,13.1386141725145,2.5,1,TRUE,TRUE,1,SSP1_2_6,AM_85,experiment1
8,13.6702864110976,1,83,13.1386141725145,2.5,1,TRUE,TRUE,1,SSP1_2_6,AM_85,experiment1
4,11.7030219633149,1,83,13.1386141725145,2.5,1,TRUE,TRUE,1,SSP1_2_6,AM_85,experiment1
1,13.0817906370106,1,83,13.1386141725145,2.5,1,TRUE,TRUE,1,SSP1_2_6,AM_85,experiment1
1,12.4466158664453,1,83,13.1386141725145,2.5,1,TRUE,TRUE,1,SSP1_2_6,AM_85,experiment1
11,12.0449816818329,1,83,13.1386141725145,2.5,1,TRUE,TRUE,1,SSP1_2_6,AM_85,experiment1
6,13.3736374089666,1,83,13.1386141725145,2.5,1,TRUE,TRUE,1,SSP1_2_6,AM_85,experiment1
9,12.8211180859755,1,83,13.1386141725145,2.5,1,TRUE,TRUE,1,SSP1_2_6,AM_85,experiment1
8,10.6985565715136,1,83,13.1386141725145,2.5,1,TRUE,TRUE,1,SSP1_2_6,AM_85,experiment1
7,13.1340447119055,1,83,13.1386141725145,2.5,1,TRUE,TRUE,1,SSP1_2_6,AM_85,experiment1
6,9.99181873704436,1,83,13.1386141725145,2.5,1,TRUE,TRUE,1,SSP1_2_6,AM_85,experiment1
6,13.2810614501863,1,83,13.1386141725145,2.5,1,TRUE,TRUE,1,SSP1_2_6,AM_85,experiment1
4,12.8382717102825,1,83,13.1386141725145,2.5,1,TRUE,TRUE,1,SSP1_2_6,AM_85,experiment1
3,12.3839871683201,1,83,13.1386141725145,2.5,1,TRUE,TRUE,1,SSP1_2_6,AM_85,experiment1
5,12.5438957011687,1,83,13.1386141725145,2.5,1,TRUE,TRUE,1,SSP1_2_6,AM_85,experiment1
1,11.3054824025553,1,83,13.1386141725145,2.5,1,TRUE,TRUE,1,SSP1_2_6,AM_85,experiment1
8,11.4993716424277,1,83,13.1386141725145,2.5,1,TRUE,TRUE,1,SSP1_2_6,AM_85,experiment1
5,13.4002077886367,1,83,13.1386141725145,2.5,1,TRUE,TRUE,1,SSP1_2_6,AM_85,experiment1
5,11.2403135483876,1,83,13.1386141725145,2.5,1,TRUE,TRUE,1,SSP1_2_6,AM_85,experiment1
7,13.8354567012952,1,83,13.1386141725145,2.5,1,TRUE,TRUE,1,SSP1_2_6,AM_85,experiment1
6,12.8243264048763,1,83,13.1386141725145,2.5,1,TRUE,TRUE,1,SSP1_2_6,AM_85,experiment1
4,12.5676418749052,1,83,13.1386141725145,2.5,1,TRUE,TRUE,1,SSP1_2_6,AM_85,experiment1
3,13.4341109778777,1,83,13.1386141725145,2.5,1,TRUE,TRUE,1,SSP1_2_6,AM_85,experiment1
1,13.3670454529408,1,83,13.1386141725145,2.5,1,TRUE,TRUE,1,SSP1_2_6,AM_85,experiment1
5,14.6225136098286,1,83,13.1386141725145,2.5,1,TRUE,TRUE,1,SSP1_2_6,AM_85,experiment1
8,13.2764976235394,1,83,13.1386141725145,2.5,1,TRUE,TRUE,1,SSP1_2_6,AM_85,experiment1
1,12.7148753347453,1,83,13.1386141725145,2.5,1,TRUE,TRUE,1,SSP1_2_6,AM_85,experiment1
1,11.3723539246708,1,83,13.1386141725145,2.5,1,TRUE,TRUE,1,SSP1_2_6,AM_85,experiment1
9,13.0682418272608,1,83,13.1386141725145,2.5,1,TRUE,TRUE,1,SSP1_2_6,AM_85,experiment1
1,12.2001813878625,1,83,13.1386141725145,2.5,1,TRUE,TRUE,1,SSP1_2_6,AM_85,experiment1
1,6.24549750809481,1,83,13.1386141725145,2.5,1,TRUE,TRUE,1,SSP1_2_6,AM_85,experiment1
6,12.961122393211,1,83,13.1386141725145,2.5,1,TRUE,TRUE,1,SSP1_2_6,AM_85,experiment1
6,13.0594406110859,1,83,13.1386141725145,2.5,1,TRUE,TRUE,1,SSP1_2_6,AM_85,experiment1
8,13.5950871876216,1,83,13.1386141725145,2.5,1,TRUE,TRUE,1,SSP1_2_6,AM_85,experiment1
6,10.8501804705766,1,83,13.1386141725145,2.5,1,TRUE,TRUE,1,SSP1_2_6,AM_85,experiment1
5,13.6736663008616,1,83,13.1386141725145,2.5,1,TRUE,TRUE,1,SSP1_2_6,AM_85,experiment1
7,11.8397753428896,1,83,13.1386141725145,2.5,1,TRUE,TRUE,1,SSP1_2_6,AM_85,experiment1
3,12.5333829330091,1,83,13.1386141725145,2.5,1,TRUE,TRUE,1,SSP1_2_6,AM_85,experiment1
6,13.4393525038297,1,83,13.1386141725145,2.5,1,TRUE,TRUE,1,SSP1_2_6,AM_85,experiment1
5,11.9387421553757,1,83,13.1386141725145,2.5,1,TRUE,TRUE,1,SSP1_2_6,AM_85,experiment1
3,12.8877598530241,1,83,13.1386141725145,2.5,1,TRUE,TRUE,1,SSP1_2_6,AM_85,experiment1
3,14.1526786357694,1,83,13.1386141725145,2.5,1,TRUE,TRUE,1,SSP1_2_6,AM_85,experiment1
1,12.9252589922085,1,83,13.1386141725145,2.5,1,TRUE,TRUE,1,SSP1_2_6,AM_85,experiment1
1,12.8689862497878,1,83,13.1386141725145,2.5,1,TRUE,TRUE,1,SSP1_2_6,AM_85,experiment1
7,12.7009998191851,1,83,13.1386141725145,2.5,1,TRUE,TRUE,1,SSP1_2_6,AM_85,experiment1
1,12.706609121185,1,83,13.1386141725145,2.5,1,TRUE,TRUE,1,SSP1_2_6,AM_85,experiment1
6,13.1288370248574,1,83,13.1386141725145,2.5,1,TRUE,TRUE,1,SSP1_2_6,AM_85,experiment1
1,11.7253526657196,1,83,13.1386141725145,2.5,1,TRUE,TRUE,1,SSP1_2_6,AM_85,experiment1
1,10.8209144526557,1,83,13.1386141725145,2.5,1,TRUE,TRUE,1,SSP1_2_6,AM_85,experiment1
8,11.2807537058282,1,83,13.1386141725145,2.5,1,TRUE,TRUE,1,SSP1_2_6,AM_85,experiment1
7,12.3119742794734,1,83,13.1386141725145,2.5,1,TRUE,TRUE,1,SSP1_2_6,AM_85,experiment1
6,13.7031789521561,1,83,13.1386141725145,2.5,1,TRUE,TRUE,1,SSP1_2_6,AM_85,experiment1
6,12.3995441941662,1,83,13.1386141725145,2.5,1,TRUE,TRUE,1,SSP1_2_6,AM_85,experiment1
1,13.2796727571627,1,83,13.1386141725145,2.5,1,TRUE,TRUE,1,SSP1_2_6,AM_85,experiment1
1,12.4339086156258,1,83,13.1386141725145,2.5,1,TRUE,TRUE,1,SSP1_2_6,AM_85,experiment1
8,10.7656544962914,1,83,13.1386141725145,2.5,1,TRUE,TRUE,1,SSP1_2_6,AM_85,experiment1
1,11.3611719869249,1,83,13.1386141725145,2.5,1,TRUE,TRUE,1,SSP1_2_6,AM_85,experiment1
6,12.3036559295499,1,83,13.1386141725145,2.5,1,TRUE,TRUE,1,SSP1_2_6,AM_85,experiment1
1,12.4077814431277,1,83,13.1386141725145,2.5,1,TRUE,TRUE,1,SSP1_2_6,AM_85,experiment1
6,10.3478284542199,1,83,13.1386141725145,2.5,1,TRUE,TRUE,1,SSP1_2_6,AM_85,experiment1
4,12.4737545193218,1,83,13.1386141725145,2.5,1,TRUE,TRUE,1,SSP1_2_6,AM_85,experiment1
2,10.5222403672443,1,83,13.1386141725145,2.5,1,TRUE,TRUE,1,SSP1_2_6,AM_85,experiment1
6,10.068674392867,1,83,13.1386141725145,2.5,1,TRUE,TRUE,1,SSP1_2_6,AM_85,experiment1
6,13.5240004296081,1,83,13.1386141725145,2.5,1,TRUE,TRUE,1,SSP1_2_6,AM_85,experiment1
8,10.9047642005256,1,83,13.1386141725145,2.5,1,TRUE,TRUE,1,SSP1_2_6,AM_85,experiment1
6,13.0448772072834,1,83,13.1386141725145,2.5,1,TRUE,TRUE,1,SSP1_2_6,AM_85,experiment1
9,11.5940945986428,1,83,13.1386141725145,2.5,1,TRUE,TRUE,1,SSP1_2_6,AM_85,experiment1
10,13.5453936513966,1,83,13.1386141725145,2.5,1,TRUE,TRUE,1,SSP1_2_6,AM_85,experiment1
11,12.6014532756987,1,83,13.1386141725145,2.5,1,TRUE,TRUE,1,SSP1_2_6,AM_85,experiment1
6,13.4937755014863,1,83,13.1386141725145,2.5,1,TRUE,TRUE,1,SSP1_2_6,AM_85,experiment1
6,12.4272807903039,1,83,13.1386141725145,2.5,1,TRUE,TRUE,1,SSP1_2_6,AM_85,experiment1
5,13.3894086170637,1,83,13.1386141725145,2.5,1,TRUE,TRUE,1,SSP1_2_6,AM_85,experiment1
8,14.0185624811112,1,83,13.1386141725145,2.5,1,TRUE,TRUE,1,SSP1_2_6,AM_85,experiment1
1,12.8115603992569,1,83,13.1386141725145,2.5,1,TRUE,TRUE,1,SSP1_2_6,AM_85,experiment1
7,14.276341824747,1,83,13.1386141725145,2.5,1,TRUE,TRUE,1,SSP1_2_6,AM_85,experiment1
5,13.7575905234483,1,83,13.1386141725145,2.5,1,TRUE,TRUE,1,SSP1_2_6,AM_85,experiment1
7,11.4862125847362,1,83,13.1386141725145,2.5,1,TRUE,TRUE,1,SSP1_2_6,AM_85,experiment1
1,14.3522542178175,1,83,13.1386141725145,2.5,1,TRUE,TRUE,1,SSP1_2_6,AM_85,experiment1
7,10.170513153007,1,83,13.1386141725145,2.5,1,TRUE,TRUE,1,SSP1_2_6,AM_85,experiment1
6,12.7250284086309,1,83,13.1386141725145,2.5,1,TRUE,TRUE,1,SSP1_2_6,AM_85,experiment1
1,14.2583385938618,1,83,13.1386141725145,2.5,1,TRUE,TRUE,1,SSP1_2_6,AM_85,experiment1
9,12.8717586098689,1,83,13.1386141725145,2.5,1,TRUE,TRUE,1,SSP1_2_6,AM_85,experiment1
6,12.9054879560875,1,83,13.1386141725145,2.5,1,TRUE,TRUE,1,SSP1_2_6,AM_85,experiment1
6,11.6618316788189,1,83,13.1386141725145,2.5,1,TRUE,TRUE,1,SSP1_2_6,AM_85,experiment1
1,14.1090383471179,1,83,13.1386141725145,2.5,1,TRUE,TRUE,1,SSP1_2_6,AM_85,experiment1
5,14.7882772002324,1,83,13.1386141725145,2.5,1,TRUE,TRUE,1,SSP1_2_6,AM_85,experiment1
9,12.2842403754963,1,83,13.1386141725145,2.5,1,TRUE,TRUE,1,SSP1_2_6,AM_85,experiment1
3,13.6212080528084,1,83,13.1386141725145,2.5,1,TRUE,TRUE,1,SSP1_2_6,AM_85,experiment1
8,12.9811877728537,1,83,13.1386141725145,2.5,1,TRUE,TRUE,1,SSP1_2_6,AM_85,experiment1
5,13.1748482999388,1,83,13.1386141725145,2.5,1,TRUE,TRUE,1,SSP1_2_6,AM_85,experiment1
6,14.9369105293222,1,83,13.1386141725145,2.5,1,TRUE,TRUE,1,SSP1_2_6,AM_85,experiment1
3,9.5523031151791,1,83,13.1386141725145,2.5,1,TRUE,TRUE,1,SSP1_2_6,AM_85,experiment1
1,12.3567852993514,1,83,13.1386141725145,2.5,1,TRUE,TRUE,1,SSP1_2_6,AM_85,experiment1
7,12.7930508082885,1,83,13.1386141725145,2.5,1,TRUE,TRUE,1,SSP1_2_6,AM_85,experiment1
1,13.1644087873647,1,83,13.1386141725145,2.5,1,TRUE,TRUE,1,SSP1_2_6,AM_85,experiment1
4,14.3902190580113,1,83,13.1386141725145,2.5,1,TRUE,TRUE,1,SSP1_2_6,AM_85,experiment1
6,11.6918854916517,1,83,13.1386141725145,2.5,1,TRUE,TRUE,1,SSP1_2_6,AM_85,experiment1
1,11.5620630913979,1,83,13.1386141725145,2.5,1,TRUE,TRUE,1,SSP1_2_6,AM_85,experiment1
4,13.1741746178213,1,83,13.1386141725145,2.5,1,TRUE,TRUE,1,SSP1_2_6,AM_85,experiment1
4,12.96642504011,1,83,13.1386141725145,2.5,1,TRUE,TRUE,1,SSP1_2_6,AM_85,experiment1
8,10.4886949140203,1,83,13.1386141725145,2.5,1,TRUE,TRUE,1,SSP1_2_6,AM_85,experiment1
1,13.8195541968919,1,83,13.1386141725145,2.5,1,TRUE,TRUE,1,SSP1_2_6,AM_85,experiment1
9,14.2971064464333,1,83,13.1386141725145,2.5,1,TRUE,TRUE,1,SSP1_2_6,AM_85,experiment1
7,14.3010514572386,1,83,13.1386141725145,2.5,1,TRUE,TRUE,1,SSP1_2_6,AM_85,experiment1
4,12.629456102151,1,83,13.1386141725145,2.5,1,TRUE,TRUE,1,SSP1_2_6,AM_85,experiment1
6,13.0698750281047,1,83,13.1386141725145,2.5,1,TRUE,TRUE,1,SSP1_2_6,AM_85,experiment1
1,11.5478929135584,1,83,13.1386141725145,2.5,1,TRUE,TRUE,1,SSP1_2_6,AM_85,experiment1
6,14.5994384595896,1,83,13.1386141725145,2.5,1,TRUE,TRUE,1,SSP1_2_6,AM_85,experiment1
6,11.4114118953074,1,83,13.1386141725145,2.5,1,TRUE,TRUE,1,SSP1_2_6,AM_85,experiment1
7,12.3457961058319,1,83,13.1386141725145,2.5,1,TRUE,TRUE,1,SSP1_2_6,AM_85,experiment1
4,13.0042754925921,1,83,13.1386141725145,2.5,1,TRUE,TRUE,1,SSP1_2_6,AM_85,experiment1
1,13.4309471178711,1,83,13.1386141725145,2.5,1,TRUE,TRUE,1,SSP1_2_6,AM_85,experiment1
6,13.0607993494629,1,83,13.1386141725145,2.5,1,TRUE,TRUE,1,SSP1_2_6,AM_85,experiment1
2,14.5165955006249,1,83,13.1386141725145,2.5,1,TRUE,TRUE,1,SSP1_2_6,AM_85,experiment1
7,12.9713575607155,1,83,13.1386141725145,2.5,1,TRUE,TRUE,1,SSP1_2_6,AM_85,experiment1
5,14.132278167215,1,83,13.1386141725145,2.5,1,TRUE,TRUE,1,SSP1_2_6,AM_85,experiment1
10,12.7647112146125,1,83,13.1386141725145,2.5,1,TRUE,TRUE,1,SSP1_2_6,AM_85,experiment1
11,10.5969164448229,1,83,13.1386141725145,2.5,1,TRUE,TRUE,1,SSP1_2_6,AM_85,experiment1
9,13.1295399342957,1,83,13.1386141725145,2.5,1,TRUE,TRUE,1,SSP1_2_6,AM_85,experiment1
1,13.1503266623545,1,83,13.1386141725145,2.5,1,TRUE,TRUE,1,SSP1_2_6,AM_85,experiment1
1,14.2088497937347,1,83,13.1386141725145,2.5,1,TRUE,TRUE,1,SSP1_2_6,AM_85,experiment1
1,11.5562469494465,1,83,13.1386141725145,2.5,1,TRUE,TRUE,1,SSP1_2_6,AM_85,experiment1
6,12.1913318604975,1,83,13.1386141725145,2.5,1,TRUE,TRUE,1,SSP1_2_6,AM_85,experiment1
8,11.8617889445975,1,83,13.1386141725145,2.5,1,TRUE,TRUE,1,SSP1_2_6,AM_85,experiment1
10,10.9641435206073,1,83,13.1386141725145,2.5,1,TRUE,TRUE,1,SSP1_2_6,AM_85,experiment1
1,10.9177543011845,1,83,13.1386141725145,2.5,1,TRUE,TRUE,1,SSP1_2_6,AM_85,experiment1
7,14.5029560653784,1,83,13.1386141725145,2.5,1,TRUE,TRUE,1,SSP1_2_6,AM_85,experiment1
10,10.4001949229008,1,83,13.1386141725145,2.5,1,TRUE,TRUE,1,SSP1_2_6,AM_85,experiment1
5,11.6549696947278,1,83,13.1386141725145,2.5,1,TRUE,TRUE,1,SSP1_2_6,AM_85,experiment1
5,14.2594304220945,1,83,13.1386141725145,2.5,1,TRUE,TRUE,1,SSP1_2_6,AM_85,experiment1
8,13.085339206253,1,83,13.1386141725145,2.5,1,TRUE,TRUE,1,SSP1_2_6,AM_85,experiment1
1,13.1059773359804,1,83,13.1386141725145,2.5,1,TRUE,TRUE,1,SSP1_2_6,AM_85,experiment1
4,13.5537382662916,1,83,13.1386141725145,2.5,1,TRUE,TRUE,1,SSP1_2_6,AM_85,experiment1
1,11.2629016609511,1,83,13.1386141725145,2.5,1,TRUE,TRUE,1,SSP1_2_6,AM_85,experiment1
6,10.7825996693548,1,83,13.1386141725145,2.5,1,TRUE,TRUE,1,SSP1_2_6,AM_85,experiment1
6,12.0424356155473,1,83,13.1386141725145,2.5,1,TRUE,TRUE,1,SSP1_2_6,AM_85,experiment1
9,11.6740122611034,1,83,13.1386141725145,2.5,1,TRUE,TRUE,1,SSP1_2_6,AM_85,experiment1
1,14.6688484172169,1,83,13.1386141725145,2.5,1,TRUE,TRUE,1,SSP1_2_6,AM_85,experiment1
5,12.7234959012285,1,83,13.1386141725145,2.5,1,TRUE,TRUE,1,SSP1_2_6,AM_85,experiment1
10,11.7434365755559,1,83,13.1386141725145,2.5,1,TRUE,TRUE,1,SSP1_2_6,AM_85,experiment1
1,10.2967007472519,1,83,13.1386141725145,2.5,1,TRUE,TRUE,1,SSP1_2_6,AM_85,experiment1
6,13.248892667154,1,83,13.1386141725145,2.5,1,TRUE,TRUE,1,SSP1_2_6,AM_85,experiment1
10,11.740232255784,1,83,13.1386141725145,2.5,1,TRUE,TRUE,1,SSP1_2_6,AM_85,experiment1
10,14.4814609171673,1,83,13.1386141725145,2.5,1,TRUE,TRUE,1,SSP1_2_6,AM_85,experiment1
1,12.4717260125732,1,83,13.1386141725145,2.5,1,TRUE,TRUE,1,SSP1_2_6,AM_85,experiment1
6,13.2038126496563,1,83,13.1386141725145,2.5,1,TRUE,TRUE,1,SSP1_2_6,AM_85,experiment1
6,11.0401264320615,1,83,13.1386141725145,2.5,1,TRUE,TRUE,1,SSP1_2_6,AM_85,experiment1
7,14.2023928304479,1,83,13.1386141725145,2.5,1,TRUE,TRUE,1,SSP1_2_6,AM_85,experiment1
4,14.303827370934,1,83,13.1386141725145,2.5,1,TRUE,TRUE,1,SSP1_2_6,AM_85,experiment1
5,13.2026038032189,1,83,13.1386141725145,2.5,1,TRUE,TRUE,1,SSP1_2_6,AM_85,experiment1
1,14.2321788048745,1,83,13.1386141725145,2.5,1,TRUE,TRUE,1,SSP1_2_6,AM_85,experiment1
4,13.1461660593673,1,83,13.1386141725145,2.5,1,TRUE,TRUE,1,SSP1_2_6,AM_85,experiment1
6,12.083272166148,1,83,13.1386141725145,2.5,1,TRUE,TRUE,1,SSP1_2_6,AM_85,experiment1
7,12.7396009242707,1,83,13.1386141725145,2.5,1,TRUE,TRUE,1,SSP1_2_6,AM_85,experiment1
5,12.5558366468083,1,83,13.1386141725145,2.5,1,TRUE,TRUE,1,SSP1_2_6,AM_85,experiment1
9,13.8307724155988,1,83,13.1386141725145,2.5,1,TRUE,TRUE,1,SSP1_2_6,AM_85,experiment1
10,14.0523005148327,1,83,13.1386141725145,2.5,1,TRUE,TRUE,1,SSP1_2_6,AM_85,experiment1
6,11.9237251617884,1,83,13.1386141725145,2.5,1,TRUE,TRUE,1,SSP1_2_6,AM_85,experiment1
11,13.1746109070497,1,83,13.1386141725145,2.5,1,TRUE,TRUE,1,SSP1_2_6,AM_85,experiment1
7,12.8809465753516,1,83,13.1386141725145,2.5,1,TRUE,TRUE,1,SSP1_2_6,AM_85,experiment1
4,14.104361809547,1,83,13.1386141725145,2.5,1,TRUE,TRUE,1,SSP1_2_6,AM_85,experiment1
7,11.4361733374118,1,83,13.1386141725145,2.5,1,TRUE,TRUE,1,SSP1_2_6,AM_85,experiment1
1,10.4636116840652,1,83,13.1386141725145,2.5,1,TRUE,TRUE,1,SSP1_2_6,AM_85,experiment1
10,13.8832920667633,1,83,13.1386141725145,2.5,1,TRUE,TRUE,1,SSP1_2_6,AM_85,experiment1
4,13.9585028748568,1,83,13.1386141725145,2.5,1,TRUE,TRUE,1,SSP1_2_6,AM_85,experiment1
5,13.5754921175078,1,83,13.1386141725145,2.5,1,TRUE,TRUE,1,SSP1_2_6,AM_85,experiment1
3,10.7041748690022,1,83,13.1386141725145,2.5,1,TRUE,TRUE,1,SSP1_2_6,AM_85,experiment1
8,12.2957889383082,1,83,13.1386141725145,2.5,1,TRUE,TRUE,1,SSP1_2_6,AM_85,experiment1
5,12.460173809745,1,83,13.1386141725145,2.5,1,TRUE,TRUE,1,SSP1_2_6,AM_85,experiment1
7,11.7124802554592,1,83,13.1386141725145,2.5,1,TRUE,TRUE,1,SSP1_2_6,AM_85,experiment1
5,12.524199657753,1,83,13.1386141725145,2.5,1,TRUE,TRUE,1,SSP1_2_6,AM_85,experiment1
6,12.4570082576766,1,83,13.1386141725145,2.5,1,TRUE,TRUE,1,SSP1_2_6,AM_85,experiment1
6,12.8907380691393,1,83,13.1386141725145,2.5,1,TRUE,TRUE,1,SSP1_2_6,AM_85,experiment1
1,13.8146325935842,1,83,13.1386141725145,2.5,1,TRUE,TRUE,1,SSP1_2_6,AM_85,experiment1
9,11.9158397732977,1,83,13.1386141725145,2.5,1,TRUE,TRUE,1,SSP1_2_6,AM_85,experiment1
1,11.7649422768177,1,83,13.1386141725145,2.5,1,TRUE,TRUE,1,SSP1_2_6,AM_85,experiment1
10,12.0159183884238,1,83,13.1386141725145,2.5,1,TRUE,TRUE,1,SSP1_2_6,AM_85,experiment1
5,11.7443245245549,1,83,13.1386141725145,2.5,1,TRUE,TRUE,1,SSP1_2_6,AM_85,experiment1
6,13.0519496898333,1,83,13.1386141725145,2.5,1,TRUE,TRUE,1,SSP1_2_6,AM_85,experiment1
3,13.2555921471627,1,83,13.1386141725145,2.5,1,TRUE,TRUE,1,SSP1_2_6,AM_85,experiment1
5,11.5712473949658,1,83,13.1386141725145,2.5,1,TRUE,TRUE,1,SSP1_2_6,AM_85,experiment1
10,14.1793421795323,1,83,13.1386141725145,2.5,1,TRUE,TRUE,1,SSP1_2_6,AM_85,experiment1
7,13.3457092613654,1,83,13.1386141725145,2.5,1,TRUE,TRUE,1,SSP1_2_6,AM_85,experiment1
1,11.8618367428636,1,83,13.1386141725145,2.5,1,TRUE,TRUE,1,SSP1_2_6,AM_85,experiment1
6,13.762791751901,1,83,13.1386141725145,2.5,1,TRUE,TRUE,1,SSP1_2_6,AM_85,experiment1
6,14.5490373330214,1,83,13.1386141725145,2.5,1,TRUE,TRUE,1,SSP1_2_6,AM_85,experiment1
6,12.319853408494,1,83,13.1386141725145,2.5,1,TRUE,TRUE,1,SSP1_2_6,AM_85,experiment1
1,8.78432830812838,1,83,13.1386141725145,2.5,1,TRUE,TRUE,1,SSP1_2_6,AM_85,experiment1
6,12.0843492667331,1,83,13.1386141725145,2.5,1,TRUE,TRUE,1,SSP1_2_6,AM_85,experiment1
5,11.6038750833235,1,83,13.1386141725145,2.5,1,TRUE,TRUE,1,SSP1_2_6,AM_85,experiment1
9,14.2521076048715,1,83,13.1386141725145,2.5,1,TRUE,TRUE,1,SSP1_2_6,AM_85,experiment1
10,11.0950962814203,1,83,13.1386141725145,2.5,1,TRUE,TRUE,1,SSP1_2_6,AM_85,experiment1
8,11.9567249405868,1,83,13.1386141725145,2.5,1,TRUE,TRUE,1,SSP1_2_6,AM_85,experiment1
7,12.1071812690168,1,83,13.1386141725145,2.5,1,TRUE,TRUE,1,SSP1_2_6,AM_85,experiment1
3,12.1270867091747,1,83,13.1386141725145,2.5,1,TRUE,TRUE,1,SSP1_2_6,AM_85,experiment1
1,14.2710536659955,1,83,13.1386141725145,2.5,1,TRUE,TRUE,1,SSP1_2_6,AM_85,experiment1
7,12.9017352222596,1,83,13.1386141725145,2.5,1,TRUE,TRUE,1,SSP1_2_6,AM_85,experiment1
5,13.7395746621221,1,83,13.1386141725145,2.5,1,TRUE,TRUE,1,SSP1_2_6,AM_85,experiment1
9,11.6264609382232,1,83,13.1386141725145,2.5,1,TRUE,TRUE,1,SSP1_2_6,AM_85,experiment1
1,10.8109906695936,1,83,13.1386141725145,2.5,1,TRUE,TRUE,1,SSP1_2_6,AM_85,experiment1
9,12.4876826008577,1,83,13.1386141725145,2.5,1,TRUE,TRUE,1,SSP1_2_6,AM_85,experiment1
7,13.4444863303474,1,83,13.1386141725145,2.5,1,TRUE,TRUE,1,SSP1_2_6,AM_85,experiment1
7,13.0783744281356,1,83,13.1386141725145,2.5,1,TRUE,TRUE,1,SSP1_2_6,AM_85,experiment1
4,12.9648032923097,1,83,13.1386141725145,2.5,1,TRUE,TRUE,1,SSP1_2_6,AM_85,experiment1
5,9.87465194159862,1,83,13.1386141725145,2.5,1,TRUE,TRUE,1,SSP1_2_6,AM_85,experiment1
8,14.0934129146451,1,83,13.1386141725145,2.5,1,TRUE,TRUE,1,SSP1_2_6,AM_85,experiment1
10,9.02657135020013,1,83,13.1386141725145,2.5,1,TRUE,TRUE,1,SSP1_2_6,AM_85,experiment1
10,11.957404107308,1,83,13.1386141725145,2.5,1,TRUE,TRUE,1,SSP1_2_6,AM_85,experiment1
6,11.675616914694,1,83,13.1386141725145,2.5,1,TRUE,TRUE,1,SSP1_2_6,AM_85,experiment1
1,10.5635158994223,1,83,13.1386141725145,2.5,1,TRUE,TRUE,1,SSP1_2_6,AM_85,experiment1
6,13.1208210027207,1,83,13.1386141725145,2.5,1,TRUE,TRUE,1,SSP1_2_6,AM_85,experiment1
6,13.3762907923989,1,83,13.1386141725145,2.5,1,TRUE,TRUE,1,SSP1_2_6,AM_85,experiment1
8,10.3764354812969,1,83,13.1386141725145,2.5,1,TRUE,TRUE,1,SSP1_2_6,AM_85,experiment1
7,12.2998891683482,1,83,13.1386141725145,2.5,1,TRUE,TRUE,1,SSP1_2_6,AM_85,experiment1
10,13.2930907873707,1,83,13.1386141725145,2.5,1,TRUE,TRUE,1,SSP1_2_6,AM_85,experiment1
5,11.0046604737031,1,83,13.1386141725145,2.5,1,TRUE,TRUE,1,SSP1_2_6,AM_85,experiment1
10,11.0834139159822,1,83,13.1386141725145,2.5,1,TRUE,TRUE,1,SSP1_2_6,AM_85,experiment1
11,11.5765960268149,1,83,13.1386141725145,2.5,1,TRUE,TRUE,1,SSP1_2_6,AM_85,experiment1
1,10.5104784412428,1,83,13.1386141725145,2.5,1,TRUE,TRUE,1,SSP1_2_6,AM_85,experiment1
4,12.5576367416789,1,83,13.1386141725145,2.5,1,TRUE,TRUE,1,SSP1_2_6,AM_85,experiment1
9,14.5588108985708,1,83,13.1386141725145,2.5,1,TRUE,TRUE,1,SSP1_2_6,AM_85,experiment1
10,14.3961341405003,1,83,13.1386141725145,2.5,1,TRUE,TRUE,1,SSP1_2_6,AM_85,experiment1
7,13.0165236977777,1,83,13.1386141725145,2.5,1,TRUE,TRUE,1,SSP1_2_6,AM_85,experiment1
5,12.8610489631225,1,83,13.1386141725145,2.5,1,TRUE,TRUE,1,SSP1_2_6,AM_85,experiment1
8,13.1685079436663,1,83,13.1386141725145,2.5,1,TRUE,TRUE,1,SSP1_2_6,AM_85,experiment1
1,12.4341814465114,1,83,13.1386141725145,2.5,1,TRUE,TRUE,1,SSP1_2_6,AM_85,experiment1
7,11.9487302177345,1,83,13.1386141725145,2.5,1,TRUE,TRUE,1,SSP1_2_6,AM_85,experiment1
8,12.6425585472781,1,83,13.1386141725145,2.5,1,TRUE,TRUE,1,SSP1_2_6,AM_85,experiment1
11,12.9066925181317,1,83,13.1386141725145,2.5,1,TRUE,TRUE,1,SSP1_2_6,AM_85,experiment1
10,15.1108068673632,1,83,13.1386141725145,2.5,1,TRUE,TRUE,1,SSP1_2_6,AM_85,experiment1
5,13.3996493316602,1,83,13.1386141725145,2.5,1,TRUE,TRUE,1,SSP1_2_6,AM_85,experiment1
6,13.3148942205197,1,83,13.1386141725145,2.5,1,TRUE,TRUE,1,SSP1_2_6,AM_85,experiment1
7,12.9014252203007,1,83,13.1386141725145,2.5,1,TRUE,TRUE,1,SSP1_2_6,AM_85,experiment1
1,11.1306708633588,1,83,13.1386141725145,2.5,1,TRUE,TRUE,1,SSP1_2_6,AM_85,experiment1
1,14.2865067164344,1,83,13.1386141725145,2.5,1,TRUE,TRUE,1,SSP1_2_6,AM_85,experiment1
7,13.1608390937236,1,83,13.1386141725145,2.5,1,TRUE,TRUE,1,SSP1_2_6,AM_85,experiment1
1,11.372583791658,1,83,13.1386141725145,2.5,1,TRUE,TRUE,1,SSP1_2_6,AM_85,experiment1
11,14.5491574112387,1,83,13.1386141725145,2.5,1,TRUE,TRUE,1,SSP1_2_6,AM_85,experiment1
5,13.4327684962835,1,83,13.1386141725145,2.5,1,TRUE,TRUE,1,SSP1_2_6,AM_85,experiment1
10,12.2020134380398,1,83,13.1386141725145,2.5,1,TRUE,TRUE,1,SSP1_2_6,AM_85,experiment1
7,11.2869007633576,1,83,13.1386141725145,2.5,1,TRUE,TRUE,1,SSP1_2_6,AM_85,experiment1
8,14.3280176160146,1,83,13.1386141725145,2.5,1,TRUE,TRUE,1,SSP1_2_6,AM_85,experiment1
6,13.7702685594727,1,83,13.1386141725145,2.5,1,TRUE,TRUE,1,SSP1_2_6,AM_85,experiment1
5,12.114906989814,1,83,13.1386141725145,2.5,1,TRUE,TRUE,1,SSP1_2_6,AM_85,experiment1
6,14.0661501598388,1,83,13.1386141725145,2.5,1,TRUE,TRUE,1,SSP1_2_6,AM_85,experiment1
5,11.9281851835065,1,83,13.1386141725145,2.5,1,TRUE,TRUE,1,SSP1_2_6,AM_85,experiment1
9,14.8508599698252,1,83,13.1386141725145,2.5,1,TRUE,TRUE,1,SSP1_2_6,AM_85,experiment1
1,11.8898433180486,1,83,13.1386141725145,2.5,1,TRUE,TRUE,1,SSP1_2_6,AM_85,experiment1
5,12.9731054425697,1,83,13.1386141725145,2.5,1,TRUE,TRUE,1,SSP1_2_6,AM_85,experiment1
3,12.0260630224585,1,83,13.1386141725145,2.5,1,TRUE,TRUE,1,SSP1_2_6,AM_85,experiment1
11,11.6043256095876,1,83,13.1386141725145,2.5,1,TRUE,TRUE,1,SSP1_2_6,AM_85,experiment1
11,12.2856513902688,1,83,13.1386141725145,2.5,1,TRUE,TRUE,1,SSP1_2_6,AM_85,experiment1
10,12.9698585719461,1,83,13.1386141725145,2.5,1,TRUE,TRUE,1,SSP1_2_6,AM_85,experiment1
6,13.9450761569511,1,83,13.1386141725145,2.5,1,TRUE,TRUE,1,SSP1_2_6,AM_85,experiment1
1,8.40094734619322,1,83,13.1386141725145,2.5,1,TRUE,TRUE,1,SSP1_2_6,AM_85,experiment1
1,11.9557434129332,1,83,13.1386141725145,2.5,1,TRUE,TRUE,1,SSP1_2_6,AM_85,experiment1
8,10.7964824907025,1,83,13.1386141725145,2.5,1,TRUE,TRUE,1,SSP1_2_6,AM_85,experiment1
6,13.6549296699683,1,83,13.1386141725145,2.5,1,TRUE,TRUE,1,SSP1_2_6,AM_85,experiment1
6,13.3944710952029,1,83,13.1386141725145,2.5,1,TRUE,TRUE,1,SSP1_2_6,AM_85,experiment1
1,13.4340794799482,1,83,13.1386141725145,2.5,1,TRUE,TRUE,1,SSP1_2_6,AM_85,experiment1
1,14.2058328461983,1,83,13.1386141725145,2.5,1,TRUE,TRUE,1,SSP1_2_6,AM_85,experiment1
5,11.6367852206613,1,83,13.1386141725145,2.5,1,TRUE,TRUE,1,SSP1_2_6,AM_85,experiment1
1,14.023500385687,1,83,13.1386141725145,2.5,1,TRUE,TRUE,1,SSP1_2_6,AM_85,experiment1
1,4.130754078125,1,83,13.1386141725145,2.5,1,TRUE,TRUE,1,SSP1_2_6,AM_85,experiment1
1,11.462996640412,1,83,13.1386141725145,2.5,1,TRUE,TRUE,1,SSP1_2_6,AM_85,experiment1
5,13.489100780941,1,83,13.1386141725145,2.5,1,TRUE,TRUE,1,SSP1_2_6,AM_85,experiment1
1,14.2357569038931,1,83,13.1386141725145,2.5,1,TRUE,TRUE,1,SSP1_2_6,AM_85,experiment1
4,13.894853406372,1,83,13.1386141725145,2.5,1,TRUE,TRUE,1,SSP1_2_6,AM_85,experiment1
7,13.2885441111723,1,83,13.1386141725145,2.5,1,TRUE,TRUE,1,SSP1_2_6,AM_85,experiment1
1,12.0881094345456,1,83,13.1386141725145,2.5,1,TRUE,TRUE,1,SSP1_2_6,AM_85,experiment1
1,5.15748069093164,1,83,13.1386141725145,2.5,1,TRUE,TRUE,1,SSP1_2_6,AM_85,experiment1
1,11.0499288495578,1,83,13.1386141725145,2.5,1,TRUE,TRUE,1,SSP1_2_6,AM_85,experiment1
3,10.9217264242229,1,83,13.1386141725145,2.5,1,TRUE,TRUE,1,SSP1_2_6,AM_85,experiment1
1,13.9939267648058,1,83,13.1386141725145,2.5,1,TRUE,TRUE,1,SSP1_2_6,AM_85,experiment1
2,12.545467669452,1,83,13.1386141725145,2.5,1,TRUE,TRUE,1,SSP1_2_6,AM_85,experiment1
11,12.3172573751431,1,83,13.1386141725145,2.5,1,TRUE,TRUE,1,SSP1_2_6,AM_85,experiment1
6,13.4347245089053,1,83,13.1386141725145,2.5,1,TRUE,TRUE,1,SSP1_2_6,AM_85,experiment1
9,11.9259103951816,1,83,13.1386141725145,2.5,1,TRUE,TRUE,1,SSP1_2_6,AM_85,experiment1
5,14.2907159517692,1,83,13.1386141725145,2.5,1,TRUE,TRUE,1,SSP1_2_6,AM_85,experiment1
9,13.2336844632275,1,83,13.1386141725145,2.5,1,TRUE,TRUE,1,SSP1_2_6,AM_85,experiment1
1,12.5732237481795,1,83,13.1386141725145,2.5,1,TRUE,TRUE,1,SSP1_2_6,AM_85,experiment1
5,12.2966623779681,1,83,13.1386141725145,2.5,1,TRUE,TRUE,1,SSP1_2_6,AM_85,experiment1
5,10.1382389422575,1,83,13.1386141725145,2.5,1,TRUE,TRUE,1,SSP1_2_6,AM_85,experiment1
7,10.8503376585252,1,83,13.1386141725145,2.5,1,TRUE,TRUE,1,SSP1_2_6,AM_85,experiment1
1,11.3911895538675,1,83,13.1386141725145,2.5,1,TRUE,TRUE,1,SSP1_2_6,AM_85,experiment1
8,14.4437252734973,1,83,13.1386141725145,2.5,1,TRUE,TRUE,1,SSP1_2_6,AM_85,experiment1
3,13.1688816604509,1,83,13.1386141725145,2.5,1,TRUE,TRUE,1,SSP1_2_6,AM_85,experiment1
1,12.1144917778122,1,83,13.1386141725145,2.5,1,TRUE,TRUE,1,SSP1_2_6,AM_85,experiment1
3,12.0866014658045,1,83,13.1386141725145,2.5,1,TRUE,TRUE,1,SSP1_2_6,AM_85,experiment1
10,13.8328701786567,1,83,13.1386141725145,2.5,1,TRUE,TRUE,1,SSP1_2_6,AM_85,experiment1
6,12.9790212073326,1,83,13.1386141725145,2.5,1,TRUE,TRUE,1,SSP1_2_6,AM_85,experiment1
6,14.6735242174345,1,83,13.1386141725145,2.5,1,TRUE,TRUE,1,SSP1_2_6,AM_85,experiment1
4,11.2483531520883,1,83,13.1386141725145,2.5,1,TRUE,TRUE,1,SSP1_2_6,AM_85,experiment1
2,13.16274058211,1,83,13.1386141725145,2.5,1,TRUE,TRUE,1,SSP1_2_6,AM_85,experiment1
1,2.62188125,1,83,13.1386141725145,2.5,1,TRUE,TRUE,1,SSP1_2_6,AM_85,experiment1
9,11.9493371342704,1,83,13.1386141725145,2.5,1,TRUE,TRUE,1,SSP1_2_6,AM_85,experiment1
1,3.05144033521257,1,83,13.1386141725145,2.5,1,TRUE,TRUE,1,SSP1_2_6,AM_85,experiment1
9,12.601415866112,1,83,13.1386141725145,2.5,1,TRUE,TRUE,1,SSP1_2_6,AM_85,experiment1
6,13.3562612037109,1,83,13.1386141725145,2.5,1,TRUE,TRUE,1,SSP1_2_6,AM_85,experiment1
11,11.9527674980637,1,83,13.1386141725145,2.5,1,TRUE,TRUE,1,SSP1_2_6,AM_85,experiment1
6,12.7529014845703,1,83,13.1386141725145,2.5,1,TRUE,TRUE,1,SSP1_2_6,AM_85,experiment1
6,13.5091589679471,1,83,13.1386141725145,2.5,1,TRUE,TRUE,1,SSP1_2_6,AM_85,experiment1
1,13.3265913098616,1,83,13.1386141725145,2.5,1,TRUE,TRUE,1,SSP1_2_6,AM_85,experiment1
1,14.3494230846196,1,83,13.1386141725145,2.5,1,TRUE,TRUE,1,SSP1_2_6,AM_85,experiment1
1,12.1131423170579,1,83,13.1386141725145,2.5,1,TRUE,TRUE,1,SSP1_2_6,AM_85,experiment1
6,12.1289212747398,1,83,13.1386141725145,2.5,1,TRUE,TRUE,1,SSP1_2_6,AM_85,experiment1
7,12.9854402267233,1,83,13.1386141725145,2.5,1,TRUE,TRUE,1,SSP1_2_6,AM_85,experiment1
6,10.860438891516,1,83,13.1386141725145,2.5,1,TRUE,TRUE,1,SSP1_2_6,AM_85,experiment1
1,12.8038881064789,1,83,13.1386141725145,2.5,1,TRUE,TRUE,1,SSP1_2_6,AM_85,experiment1
10,13.2203905329857,1,83,13.1386141725145,2.5,1,TRUE,TRUE,1,SSP1_2_6,AM_85,experiment1
8,13.3152847725373,1,83,13.1386141725145,2.5,1,TRUE,TRUE,1,SSP1_2_6,AM_85,experiment1
5,13.0756231364286,1,83,13.1386141725145,2.5,1,TRUE,TRUE,1,SSP1_2_6,AM_85,experiment1
9,12.9129428642638,1,83,13.1386141725145,2.5,1,TRUE,TRUE,1,SSP1_2_6,AM_85,experiment1
1,11.9146020344483,1,83,13.1386141725145,2.5,1,TRUE,TRUE,1,SSP1_2_6,AM_85,experiment1
1,13.8887602919725,1,83,13.1386141725145,2.5,1,TRUE,TRUE,1,SSP1_2_6,AM_85,experiment1
1,12.4242883448656,1,83,13.1386141725145,2.5,1,TRUE,TRUE,1,SSP1_2_6,AM_85,experiment1
8,13.6320156508422,1,83,13.1386141725145,2.5,1,TRUE,TRUE,1,SSP1_2_6,AM_85,experiment1
1,11.0893721382942,1,83,13.1386141725145,2.5,1,TRUE,TRUE,1,SSP1_2_6,AM_85,experiment1
5,13.1579451472679,1,83,13.1386141725145,2.5,1,TRUE,TRUE,1,SSP1_2_6,AM_85,experiment1
6,14.0929289835156,1,83,13.1386141725145,2.5,1,TRUE,TRUE,1,SSP1_2_6,AM_85,experiment1
10,15.3833159194697,1,83,13.1386141725145,2.5,1,TRUE,TRUE,1,SSP1_2_6,AM_85,experiment1
10,11.3565528637683,1,83,13.1386141725145,2.5,1,TRUE,TRUE,1,SSP1_2_6,AM_85,experiment1
6,12.036755045751,1,83,13.1386141725145,2.5,1,TRUE,TRUE,1,SSP1_2_6,AM_85,experiment1
8,14.3568581478994,1,83,13.1386141725145,2.5,1,TRUE,TRUE,1,SSP1_2_6,AM_85,experiment1
1,12.9925100493996,1,83,13.1386141725145,2.5,1,TRUE,TRUE,1,SSP1_2_6,AM_85,experiment1
1,0.95,1,83,13.1386141725145,2.5,1,TRUE,TRUE,1,SSP1_2_6,AM_85,experiment1
9,13.2205316011546,1,83,13.1386141725145,2.5,1,TRUE,TRUE,1,SSP1_2_6,AM_85,experiment1
11,12.5068377604065,1,83,13.1386141725145,2.5,1,TRUE,TRUE,1,SSP1_2_6,AM_85,experiment1
4,12.9678131062351,1,83,13.1386141725145,2.5,1,TRUE,TRUE,1,SSP1_2_6,AM_85,experiment1
7,13.4610176638852,1,83,13.1386141725145,2.5,1,TRUE,TRUE,1,SSP1_2_6,AM_85,experiment1
7,12.7690444260398,1,83,13.1386141725145,2.5,1,TRUE,TRUE,1,SSP1_2_6,AM_85,experiment1
9,9.77261216242806,1,83,13.1386141725145,2.5,1,TRUE,TRUE,1,SSP1_2_6,AM_85,experiment1
8,13.0846836115727,1,83,13.1386141725145,2.5,1,TRUE,TRUE,1,SSP1_2_6,AM_85,experiment1
5,13.7684199029027,1,83,13.1386141725145,2.5,1,TRUE,TRUE,1,SSP1_2_6,AM_85,experiment1
1,11.5926379599926,1,83,13.1386141725145,2.5,1,TRUE,TRUE,1,SSP1_2_6,AM_85,experiment1
10,14.9045319407201,1,83,13.1386141725145,2.5,1,TRUE,TRUE,1,SSP1_2_6,AM_85,experiment1
8,13.653493856341,1,83,13.1386141725145,2.5,1,TRUE,TRUE,1,SSP1_2_6,AM_85,experiment1
1,13.5775286242044,1,83,13.1386141725145,2.5,1,TRUE,TRUE,1,SSP1_2_6,AM_85,experiment1
8,11.2928559819376,1,83,13.1386141725145,2.5,1,TRUE,TRUE,1,SSP1_2_6,AM_85,experiment1
4,13.5055500623745,1,83,13.1386141725145,2.5,1,TRUE,TRUE,1,SSP1_2_6,AM_85,experiment1
6,13.0966402319642,1,83,13.1386141725145,2.5,1,TRUE,TRUE,1,SSP1_2_6,AM_85,experiment1
1,5.25223246175781,1,83,13.1386141725145,2.5,1,TRUE,TRUE,1,SSP1_2_6,AM_85,experiment1
7,14.3287262279225,1,83,13.1386141725145,2.5,1,TRUE,TRUE,1,SSP1_2_6,AM_85,experiment1
9,12.0754863213826,1,83,13.1386141725145,2.5,1,TRUE,TRUE,1,SSP1_2_6,AM_85,experiment1
1,11.4078788556654,1,83,13.1386141725145,2.5,1,TRUE,TRUE,1,SSP1_2_6,AM_85,experiment1
6,11.1665174029375,1,83,13.1386141725145,2.5,1,TRUE,TRUE,1,SSP1_2_6,AM_85,experiment1
6,10.1080415702893,1,83,13.1386141725145,2.5,1,TRUE,TRUE,1,SSP1_2_6,AM_85,experiment1
7,14.2016867317216,1,83,13.1386141725145,2.5,1,TRUE,TRUE,1,SSP1_2_6,AM_85,experiment1
5,13.8974624375611,1,83,13.1386141725145,2.5,1,TRUE,TRUE,1,SSP1_2_6,AM_85,experiment1
5,11.4036507602386,1,83,13.1386141725145,2.5,1,TRUE,TRUE,1,SSP1_2_6,AM_85,experiment1
3,13.4948164430035,1,83,13.1386141725145,2.5,1,TRUE,TRUE,1,SSP1_2_6,AM_85,experiment1
10,13.2486012880147,1,83,13.1386141725145,2.5,1,TRUE,TRUE,1,SSP1_2_6,AM_85,experiment1
8,14.1730138329677,1,83,13.1386141725145,2.5,1,TRUE,TRUE,1,SSP1_2_6,AM_85,experiment1
9,13.8984911436542,1,83,13.1386141725145,2.5,1,TRUE,TRUE,1,SSP1_2_6,AM_85,experiment1
10,13.9972398075894,1,83,13.1386141725145,2.5,1,TRUE,TRUE,1,SSP1_2_6,AM_85,experiment1
3,11.7490308472613,1,83,13.1386141725145,2.5,1,TRUE,TRUE,1,SSP1_2_6,AM_85,experiment1
4,13.5613142757022,1,83,13.1386141725145,2.5,1,TRUE,TRUE,1,SSP1_2_6,AM_85,experiment1
5,10.4887680844204,1,83,13.1386141725145,2.5,1,TRUE,TRUE,1,SSP1_2_6,AM_85,experiment1
1,14.5611656253794,1,83,13.1386141725145,2.5,1,TRUE,TRUE,1,SSP1_2_6,AM_85,experiment1
7,11.7586296464383,1,83,13.1386141725145,2.5,1,TRUE,TRUE,1,SSP1_2_6,AM_85,experiment1
6,13.0257770198621,1,83,13.1386141725145,2.5,1,TRUE,TRUE,1,SSP1_2_6,AM_85,experiment1
8,13.8127061463827,1,83,13.1386141725145,2.5,1,TRUE,TRUE,1,SSP1_2_6,AM_85,experiment1
1,12.1056759916873,1,83,13.1386141725145,2.5,1,TRUE,TRUE,1,SSP1_2_6,AM_85,experiment1
10,12.1621822555551,1,83,13.1386141725145,2.5,1,TRUE,TRUE,1,SSP1_2_6,AM_85,experiment1
4,14.5094727605319,1,83,13.1386141725145,2.5,1,TRUE,TRUE,1,SSP1_2_6,AM_85,experiment1
7,10.8399882643667,1,83,13.1386141725145,2.5,1,TRUE,TRUE,1,SSP1_2_6,AM_85,experiment1
5,13.6682079747102,1,83,13.1386141725145,2.5,1,TRUE,TRUE,1,SSP1_2_6,AM_85,experiment1
1,10.5267162066272,1,83,13.1386141725145,2.5,1,TRUE,TRUE,1,SSP1_2_6,AM_85,experiment1
8,12.367557492997,1,83,13.1386141725145,2.5,1,TRUE,TRUE,1,SSP1_2_6,AM_85,experiment1
8,13.2433279333373,1,83,13.1386141725145,2.5,1,TRUE,TRUE,1,SSP1_2_6,AM_85,experiment1
8,13.06513780512,1,83,13.1386141725145,2.5,1,TRUE,TRUE,1,SSP1_2_6,AM_85,experiment1
4,13.0866732310318,1,83,13.1386141725145,2.5,1,TRUE,TRUE,1,SSP1_2_6,AM_85,experiment1
9,13.0813109075677,1,83,13.1386141725145,2.5,1,TRUE,TRUE,1,SSP1_2_6,AM_85,experiment1
1,12.4653600974479,1,83,13.1386141725145,2.5,1,TRUE,TRUE,1,SSP1_2_6,AM_85,experiment1
5,13.9972933996007,1,83,13.1386141725145,2.5,1,TRUE,TRUE,1,SSP1_2_6,AM_85,experiment1
9,11.6194804591351,1,83,13.1386141725145,2.5,1,TRUE,TRUE,1,SSP1_2_6,AM_85,experiment1
6,13.8961027751616,1,83,13.1386141725145,2.5,1,TRUE,TRUE,1,SSP1_2_6,AM_85,experiment1
8,12.2665912695226,1,83,13.1386141725145,2.5,1,TRUE,TRUE,1,SSP1_2_6,AM_85,experiment1
1,13.3501465765806,1,83,13.1386141725145,2.5,1,TRUE,TRUE,1,SSP1_2_6,AM_85,experiment1
5,12.7263096127558,1,83,13.1386141725145,2.5,1,TRUE,TRUE,1,SSP1_2_6,AM_85,experiment1
6,9.310115321268,1,83,13.1386141725145,2.5,1,TRUE,TRUE,1,SSP1_2_6,AM_85,experiment1
9,11.4023325515857,1,83,13.1386141725145,2.5,1,TRUE,TRUE,1,SSP1_2_6,AM_85,experiment1
8,13.1196905236937,1,83,13.1386141725145,2.5,1,TRUE,TRUE,1,SSP1_2_6,AM_85,experiment1
8,13.3295014354472,1,83,13.1386141725145,2.5,1,TRUE,TRUE,1,SSP1_2_6,AM_85,experiment1
6,7.49673565293331,1,83,13.1386141725145,2.5,1,TRUE,TRUE,1,SSP1_2_6,AM_85,experiment1
1,11.5308056145295,1,83,13.1386141725145,2.5,1,TRUE,TRUE,1,SSP1_2_6,AM_85,experiment1
9,13.8734137776774,1,83,13.1386141725145,2.5,1,TRUE,TRUE,1,SSP1_2_6,AM_85,experiment1
8,12.230249685197,1,83,13.1386141725145,2.5,1,TRUE,TRUE,1,SSP1_2_6,AM_85,experiment1
11,13.0888909417734,1,83,13.1386141725145,2.5,1,TRUE,TRUE,1,SSP1_2_6,AM_85,experiment1
1,12.9948324927799,1,83,13.1386141725145,2.5,1,TRUE,TRUE,1,SSP1_2_6,AM_85,experiment1
5,12.7628874926977,1,83,13.1386141725145,2.5,1,TRUE,TRUE,1,SSP1_2_6,AM_85,experiment1
3,12.3871976124418,1,83,13.1386141725145,2.5,1,TRUE,TRUE,1,SSP1_2_6,AM_85,experiment1
6,13.3886582507958,1,83,13.1386141725145,2.5,1,TRUE,TRUE,1,SSP1_2_6,AM_85,experiment1
1,14.2130008237988,1,83,13.1386141725145,2.5,1,TRUE,TRUE,1,SSP1_2_6,AM_85,experiment1
1,11.7578354612643,1,83,13.1386141725145,2.5,1,TRUE,TRUE,1,SSP1_2_6,AM_85,experiment1
5,12.4282738747271,1,83,13.1386141725145,2.5,1,TRUE,TRUE,1,SSP1_2_6,AM_85,experiment1
1,8.85216912337547,1,83,13.1386141725145,2.5,1,TRUE,TRUE,1,SSP1_2_6,AM_85,experiment1
7,13.6732417858725,1,83,13.1386141725145,2.5,1,TRUE,TRUE,1,SSP1_2_6,AM_85,experiment1
7,13.3032260682787,1,83,13.1386141725145,2.5,1,TRUE,TRUE,1,SSP1_2_6,AM_85,experiment1
11,14.5477366609528,1,83,13.1386141725145,2.5,1,TRUE,TRUE,1,SSP1_2_6,AM_85,experiment1
5,11.619781760159,1,83,13.1386141725145,2.5,1,TRUE,TRUE,1,SSP1_2_6,AM_85,experiment1
6,13.9539268119839,1,83,13.1386141725145,2.5,1,TRUE,TRUE,1,SSP1_2_6,AM_85,experiment1
6,12.047020220104,1,83,13.1386141725145,2.5,1,TRUE,TRUE,1,SSP1_2_6,AM_85,experiment1
5,14.174311358048,1,83,13.1386141725145,2.5,1,TRUE,TRUE,1,SSP1_2_6,AM_85,experiment1
1,11.4629664215123,1,83,13.1386141725145,2.5,1,TRUE,TRUE,1,SSP1_2_6,AM_85,experiment1
9,10.9691362351628,1,83,13.1386141725145,2.5,1,TRUE,TRUE,1,SSP1_2_6,AM_85,experiment1
9,14.5481711829366,1,83,14.7076149799364,2.5,2.5,TRUE,TRUE,1,SSP1_2_6,AM_85,experiment1
7,10.6683941682407,1,83,14.7076149799364,2.5,2.5,TRUE,TRUE,1,SSP1_2_6,AM_85,experiment1
8,12.1169387636249,1,83,14.7076149799364,2.5,2.5,TRUE,TRUE,1,SSP1_2_6,AM_85,experiment1
6,14.2738968577376,1,83,14.7076149799364,2.5,2.5,TRUE,TRUE,1,SSP1_2_6,AM_85,experiment1
1,13.4858984824925,1,83,14.7076149799364,2.5,2.5,TRUE,TRUE,1,SSP1_2_6,AM_85,experiment1
9,13.8057489293187,1,83,14.7076149799364,2.5,2.5,TRUE,TRUE,1,SSP1_2_6,AM_85,experiment1
8,13.0108003829931,1,83,14.7076149799364,2.5,2.5,TRUE,TRUE,1,SSP1_2_6,AM_85,experiment1
9,12.2052656689481,1,83,14.7076149799364,2.5,2.5,TRUE,TRUE,1,SSP1_2_6,AM_85,experiment1
7,14.3181345034126,1,83,14.7076149799364,2.5,2.5,TRUE,TRUE,1,SSP1_2_6,AM_85,experiment1
11,15.2061330622694,1,83,14.7076149799364,2.5,2.5,TRUE,TRUE,1,SSP1_2_6,AM_85,experiment1
7,13.460532191891,1,83,14.7076149799364,2.5,2.5,TRUE,TRUE,1,SSP1_2_6,AM_85,experiment1
10,12.5348307362473,1,83,14.7076149799364,2.5,2.5,TRUE,TRUE,1,SSP1_2_6,AM_85,experiment1
9,13.7749842749314,1,83,14.7076149799364,2.5,2.5,TRUE,TRUE,1,SSP1_2_6,AM_85,experiment1
6,13.0888929498456,1,83,14.7076149799364,2.5,2.5,TRUE,TRUE,1,SSP1_2_6,AM_85,experiment1
9,12.763491948249,1,83,14.7076149799364,2.5,2.5,TRUE,TRUE,1,SSP1_2_6,AM_85,experiment1
11,14.9486617080868,1,83,14.7076149799364,2.5,2.5,TRUE,TRUE,1,SSP1_2_6,AM_85,experiment1
6,14.6873156451303,1,83,14.7076149799364,2.5,2.5,TRUE,TRUE,1,SSP1_2_6,AM_85,experiment1
6,14.5364330569035,1,83,14.7076149799364,2.5,2.5,TRUE,TRUE,1,SSP1_2_6,AM_85,experiment1
10,14.1823136671909,1,83,14.7076149799364,2.5,2.5,TRUE,TRUE,1,SSP1_2_6,AM_85,experiment1
5,15.0976066790226,1,83,14.7076149799364,2.5,2.5,TRUE,TRUE,1,SSP1_2_6,AM_85,experiment1
1,11.5007882568108,1,83,14.7076149799364,2.5,2.5,TRUE,TRUE,1,SSP1_2_6,AM_85,experiment1
1,12.1322076879424,1,83,14.7076149799364,2.5,2.5,TRUE,TRUE,1,SSP1_2_6,AM_85,experiment1
10,14.2534788086979,1,83,14.7076149799364,2.5,2.5,TRUE,TRUE,1,SSP1_2_6,AM_85,experiment1
9,10.1976896551942,1,83,14.7076149799364,2.5,2.5,TRUE,TRUE,1,SSP1_2_6,AM_85,experiment1
7,15.7930509756374,1,83,14.7076149799364,2.5,2.5,TRUE,TRUE,1,SSP1_2_6,AM_85,experiment1
8,14.5923218076206,1,83,14.7076149799364,2.5,2.5,TRUE,TRUE,1,SSP1_2_6,AM_85,experiment1
10,13.9506292591136,1,83,14.7076149799364,2.5,2.5,TRUE,TRUE,1,SSP1_2_6,AM_85,experiment1
11,13.996060474718,1,83,14.7076149799364,2.5,2.5,TRUE,TRUE,1,SSP1_2_6,AM_85,experiment1
8,14.7665566887815,1,83,14.7076149799364,2.5,2.5,TRUE,TRUE,1,SSP1_2_6,AM_85,experiment1
7,13.5622161302824,1,83,14.7076149799364,2.5,2.5,TRUE,TRUE,1,SSP1_2_6,AM_85,experiment1
5,11.8177592741901,1,83,14.7076149799364,2.5,2.5,TRUE,TRUE,1,SSP1_2_6,AM_85,experiment1
9,14.712449045165,1,83,14.7076149799364,2.5,2.5,TRUE,TRUE,1,SSP1_2_6,AM_85,experiment1
6,11.1212295590268,1,83,14.7076149799364,2.5,2.5,TRUE,TRUE,1,SSP1_2_6,AM_85,experiment1
11,15.0666917339129,1,83,14.7076149799364,2.5,2.5,TRUE,TRUE,1,SSP1_2_6,AM_85,experiment1
5,13.841269240026,1,83,14.7076149799364,2.5,2.5,TRUE,TRUE,1,SSP1_2_6,AM_85,experiment1
10,13.1500005232316,1,83,14.7076149799364,2.5,2.5,TRUE,TRUE,1,SSP1_2_6,AM_85,experiment1
9,13.7945075188238,1,83,14.7076149799364,2.5,2.5,TRUE,TRUE,1,SSP1_2_6,AM_85,experiment1
9,9.85935080450098,1,83,14.7076149799364,2.5,2.5,TRUE,TRUE,1,SSP1_2_6,AM_85,experiment1
5,12.6428759338828,1,83,14.7076149799364,2.5,2.5,TRUE,TRUE,1,SSP1_2_6,AM_85,experiment1
6,14.8403104727912,1,83,14.7076149799364,2.5,2.5,TRUE,TRUE,1,SSP1_2_6,AM_85,experiment1
10,13.8559072694513,1,83,14.7076149799364,2.5,2.5,TRUE,TRUE,1,SSP1_2_6,AM_85,experiment1
7,14.3940774424853,1,83,14.7076149799364,2.5,2.5,TRUE,TRUE,1,SSP1_2_6,AM_85,experiment1
8,12.8310320720823,1,83,14.7076149799364,2.5,2.5,TRUE,TRUE,1,SSP1_2_6,AM_85,experiment1
9,13.1265288834238,1,83,14.7076149799364,2.5,2.5,TRUE,TRUE,1,SSP1_2_6,AM_85,experiment1
9,14.2679077026011,1,83,14.7076149799364,2.5,2.5,TRUE,TRUE,1,SSP1_2_6,AM_85,experiment1
6,10.7690692377773,1,83,14.7076149799364,2.5,2.5,TRUE,TRUE,1,SSP1_2_6,AM_85,experiment1
9,11.938696896281,1,83,14.7076149799364,2.5,2.5,TRUE,TRUE,1,SSP1_2_6,AM_85,experiment1
7,14.2622997653498,1,83,14.7076149799364,2.5,2.5,TRUE,TRUE,1,SSP1_2_6,AM_85,experiment1
1,10.93216351216,1,83,14.7076149799364,2.5,2.5,TRUE,TRUE,1,SSP1_2_6,AM_85,experiment1
10,14.0451273566868,1,83,14.7076149799364,2.5,2.5,TRUE,TRUE,1,SSP1_2_6,AM_85,experiment1
1,2.36015625,1,83,14.7076149799364,2.5,2.5,TRUE,TRUE,1,SSP1_2_6,AM_85,experiment1
10,12.8952233194655,1,83,14.7076149799364,2.5,2.5,TRUE,TRUE,1,SSP1_2_6,AM_85,experiment1
8,13.2805283316137,1,83,14.7076149799364,2.5,2.5,TRUE,TRUE,1,SSP1_2_6,AM_85,experiment1
11,13.8836086111475,1,83,14.7076149799364,2.5,2.5,TRUE,TRUE,1,SSP1_2_6,AM_85,experiment1
10,13.8566984253978,1,83,14.7076149799364,2.5,2.5,TRUE,TRUE,1,SSP1_2_6,AM_85,experiment1
1,13.2328404504571,1,83,14.7076149799364,2.5,2.5,TRUE,TRUE,1,SSP1_2_6,AM_85,experiment1
7,14.3983931047915,1,83,14.7076149799364,2.5,2.5,TRUE,TRUE,1,SSP1_2_6,AM_85,experiment1
9,14.2019726196727,1,83,14.7076149799364,2.5,2.5,TRUE,TRUE,1,SSP1_2_6,AM_85,experiment1
11,14.2704049204756,1,83,14.7076149799364,2.5,2.5,TRUE,TRUE,1,SSP1_2_6,AM_85,experiment1
10,13.7990643137044,1,83,14.7076149799364,2.5,2.5,TRUE,TRUE,1,SSP1_2_6,AM_85,experiment1
8,11.5658353809332,1,83,14.7076149799364,2.5,2.5,TRUE,TRUE,1,SSP1_2_6,AM_85,experiment1
7,11.8784545563426,1,83,14.7076149799364,2.5,2.5,TRUE,TRUE,1,SSP1_2_6,AM_85,experiment1
9,14.2736487059943,1,83,14.7076149799364,2.5,2.5,TRUE,TRUE,1,SSP1_2_6,AM_85,experiment1
5,13.4642606484692,1,83,14.7076149799364,2.5,2.5,TRUE,TRUE,1,SSP1_2_6,AM_85,experiment1
9,15.5437966927095,1,83,14.7076149799364,2.5,2.5,TRUE,TRUE,1,SSP1_2_6,AM_85,experiment1
8,12.9218643471075,1,83,14.7076149799364,2.5,2.5,TRUE,TRUE,1,SSP1_2_6,AM_85,experiment1
11,13.9103356131987,1,83,14.7076149799364,2.5,2.5,TRUE,TRUE,1,SSP1_2_6,AM_85,experiment1
7,11.309788371025,1,83,14.7076149799364,2.5,2.5,TRUE,TRUE,1,SSP1_2_6,AM_85,experiment1
1,12.9221207937976,1,83,14.7076149799364,2.5,2.5,TRUE,TRUE,1,SSP1_2_6,AM_85,experiment1
8,11.4688687770674,1,83,14.7076149799364,2.5,2.5,TRUE,TRUE,1,SSP1_2_6,AM_85,experiment1
11,13.8620373840735,1,83,14.7076149799364,2.5,2.5,TRUE,TRUE,1,SSP1_2_6,AM_85,experiment1
8,12.9933669295662,1,83,14.7076149799364,2.5,2.5,TRUE,TRUE,1,SSP1_2_6,AM_85,experiment1
7,11.0408417796397,1,83,14.7076149799364,2.5,2.5,TRUE,TRUE,1,SSP1_2_6,AM_85,experiment1
7,13.8314931934106,1,83,14.7076149799364,2.5,2.5,TRUE,TRUE,1,SSP1_2_6,AM_85,experiment1
9,14.6968800192453,1,83,14.7076149799364,2.5,2.5,TRUE,TRUE,1,SSP1_2_6,AM_85,experiment1
10,15.0237922746335,1,83,14.7076149799364,2.5,2.5,TRUE,TRUE,1,SSP1_2_6,AM_85,experiment1
1,9.04745724545224,1,83,14.7076149799364,2.5,2.5,TRUE,TRUE,1,SSP1_2_6,AM_85,experiment1
10,12.443263267391,1,83,14.7076149799364,2.5,2.5,TRUE,TRUE,1,SSP1_2_6,AM_85,experiment1
3,11.8796151085234,1,83,14.7076149799364,2.5,2.5,TRUE,TRUE,1,SSP1_2_6,AM_85,experiment1
9,12.7807391880162,1,83,14.7076149799364,2.5,2.5,TRUE,TRUE,1,SSP1_2_6,AM_85,experiment1
1,12.9169657118265,1,83,14.7076149799364,2.5,2.5,TRUE,TRUE,1,SSP1_2_6,AM_85,experiment1
9,9.3837389565447,1,83,14.7076149799364,2.5,2.5,TRUE,TRUE,1,SSP1_2_6,AM_85,experiment1
10,11.5497742802138,1,83,14.7076149799364,2.5,2.5,TRUE,TRUE,1,SSP1_2_6,AM_85,experiment1
9,11.7002378553152,1,83,14.7076149799364,2.5,2.5,TRUE,TRUE,1,SSP1_2_6,AM_85,experiment1
8,14.5781124975835,1,83,14.7076149799364,2.5,2.5,TRUE,TRUE,1,SSP1_2_6,AM_85,experiment1
11,14.5471873835963,1,83,14.7076149799364,2.5,2.5,TRUE,TRUE,1,SSP1_2_6,AM_85,experiment1
9,14.6937205709697,1,83,14.7076149799364,2.5,2.5,TRUE,TRUE,1,SSP1_2_6,AM_85,experiment1
6,13.9509391753969,1,83,14.7076149799364,2.5,2.5,TRUE,TRUE,1,SSP1_2_6,AM_85,experiment1
11,14.3523539803035,1,83,14.7076149799364,2.5,2.5,TRUE,TRUE,1,SSP1_2_6,AM_85,experiment1
9,12.6655087131845,1,83,14.7076149799364,2.5,2.5,TRUE,TRUE,1,SSP1_2_6,AM_85,experiment1
1,14.4171239106655,1,83,14.7076149799364,2.5,2.5,TRUE,TRUE,1,SSP1_2_6,AM_85,experiment1
11,14.8893991958929,1,83,14.7076149799364,2.5,2.5,TRUE,TRUE,1,SSP1_2_6,AM_85,experiment1
10,13.1696242236637,1,83,14.7076149799364,2.5,2.5,TRUE,TRUE,1,SSP1_2_6,AM_85,experiment1
8,13.3620176277974,1,83,14.7076149799364,2.5,2.5,TRUE,TRUE,1,SSP1_2_6,AM_85,experiment1
11,12.5255700694339,1,83,14.7076149799364,2.5,2.5,TRUE,TRUE,1,SSP1_2_6,AM_85,experiment1
8,13.5665431623375,1,83,14.7076149799364,2.5,2.5,TRUE,TRUE,1,SSP1_2_6,AM_85,experiment1
6,12.667544271746,1,83,14.7076149799364,2.5,2.5,TRUE,TRUE,1,SSP1_2_6,AM_85,experiment1
9,13.6816169877938,1,83,14.7076149799364,2.5,2.5,TRUE,TRUE,1,SSP1_2_6,AM_85,experiment1
7,13.9844323106343,1,83,14.7076149799364,2.5,2.5,TRUE,TRUE,1,SSP1_2_6,AM_85,experiment1
8,13.8077436032106,1,83,14.7076149799364,2.5,2.5,TRUE,TRUE,1,SSP1_2_6,AM_85,experiment1
4,14.0742756737027,1,83,14.7076149799364,2.5,2.5,TRUE,TRUE,1,SSP1_2_6,AM_85,experiment1
1,12.2359750932057,1,83,14.7076149799364,2.5,2.5,TRUE,TRUE,1,SSP1_2_6,AM_85,experiment1
8,13.340360159126,1,83,14.7076149799364,2.5,2.5,TRUE,TRUE,1,SSP1_2_6,AM_85,experiment1
11,13.7169461755224,1,83,14.7076149799364,2.5,2.5,TRUE,TRUE,1,SSP1_2_6,AM_85,experiment1
8,13.9554143275897,1,83,14.7076149799364,2.5,2.5,TRUE,TRUE,1,SSP1_2_6,AM_85,experiment1
9,13.1474327052976,1,83,14.7076149799364,2.5,2.5,TRUE,TRUE,1,SSP1_2_6,AM_85,experiment1
6,10.2269960692556,1,83,14.7076149799364,2.5,2.5,TRUE,TRUE,1,SSP1_2_6,AM_85,experiment1
10,13.8425380118723,1,83,14.7076149799364,2.5,2.5,TRUE,TRUE,1,SSP1_2_6,AM_85,experiment1
10,14.4464228938158,1,83,14.7076149799364,2.5,2.5,TRUE,TRUE,1,SSP1_2_6,AM_85,experiment1
8,12.9073373916079,1,83,14.7076149799364,2.5,2.5,TRUE,TRUE,1,SSP1_2_6,AM_85,experiment1
6,14.2417958740431,1,83,14.7076149799364,2.5,2.5,TRUE,TRUE,1,SSP1_2_6,AM_85,experiment1
9,13.7493006336595,1,83,14.7076149799364,2.5,2.5,TRUE,TRUE,1,SSP1_2_6,AM_85,experiment1
10,12.9702440951516,1,83,14.7076149799364,2.5,2.5,TRUE,TRUE,1,SSP1_2_6,AM_85,experiment1
6,13.7343529662322,1,83,14.7076149799364,2.5,2.5,TRUE,TRUE,1,SSP1_2_6,AM_85,experiment1
9,14.7512580314633,1,83,14.7076149799364,2.5,2.5,TRUE,TRUE,1,SSP1_2_6,AM_85,experiment1
7,12.4792852496815,1,83,14.7076149799364,2.5,2.5,TRUE,TRUE,1,SSP1_2_6,AM_85,experiment1
7,14.8878109362148,1,83,14.7076149799364,2.5,2.5,TRUE,TRUE,1,SSP1_2_6,AM_85,experiment1
11,13.6130313778967,1,83,14.7076149799364,2.5,2.5,TRUE,TRUE,1,SSP1_2_6,AM_85,experiment1
8,6.1680178486496,1,83,14.7076149799364,2.5,2.5,TRUE,TRUE,1,SSP1_2_6,AM_85,experiment1
8,15.4162498497041,1,83,14.7076149799364,2.5,2.5,TRUE,TRUE,1,SSP1_2_6,AM_85,experiment1
3,13.9258902673008,1,83,14.7076149799364,2.5,2.5,TRUE,TRUE,1,SSP1_2_6,AM_85,experiment1
6,12.5344137161495,1,83,14.7076149799364,2.5,2.5,TRUE,TRUE,1,SSP1_2_6,AM_85,experiment1
9,13.5576736865233,1,83,14.7076149799364,2.5,2.5,TRUE,TRUE,1,SSP1_2_6,AM_85,experiment1
8,11.0506522228639,1,83,14.7076149799364,2.5,2.5,TRUE,TRUE,1,SSP1_2_6,AM_85,experiment1
8,13.1576745644318,1,83,14.7076149799364,2.5,2.5,TRUE,TRUE,1,SSP1_2_6,AM_85,experiment1
1,15.2097536117586,1,83,14.7076149799364,2.5,2.5,TRUE,TRUE,1,SSP1_2_6,AM_85,experiment1
6,12.7593815286472,1,83,14.7076149799364,2.5,2.5,TRUE,TRUE,1,SSP1_2_6,AM_85,experiment1
8,13.456248521704,1,83,14.7076149799364,2.5,2.5,TRUE,TRUE,1,SSP1_2_6,AM_85,experiment1
5,15.3415777995062,1,83,14.7076149799364,2.5,2.5,TRUE,TRUE,1,SSP1_2_6,AM_85,experiment1
9,12.2786061382996,1,83,14.7076149799364,2.5,2.5,TRUE,TRUE,1,SSP1_2_6,AM_85,experiment1
10,13.3505591167359,1,83,14.7076149799364,2.5,2.5,TRUE,TRUE,1,SSP1_2_6,AM_85,experiment1
1,13.301573668013,1,83,14.7076149799364,2.5,2.5,TRUE,TRUE,1,SSP1_2_6,AM_85,experiment1
8,13.1463437114313,1,83,14.7076149799364,2.5,2.5,TRUE,TRUE,1,SSP1_2_6,AM_85,experiment1
8,13.8174754498618,1,83,14.7076149799364,2.5,2.5,TRUE,TRUE,1,SSP1_2_6,AM_85,experiment1
9,12.9427370956469,1,83,14.7076149799364,2.5,2.5,TRUE,TRUE,1,SSP1_2_6,AM_85,experiment1
10,12.1660147834545,1,83,14.7076149799364,2.5,2.5,TRUE,TRUE,1,SSP1_2_6,AM_85,experiment1
8,14.8247024270324,1,83,14.7076149799364,2.5,2.5,TRUE,TRUE,1,SSP1_2_6,AM_85,experiment1
7,13.9903632069228,1,83,14.7076149799364,2.5,2.5,TRUE,TRUE,1,SSP1_2_6,AM_85,experiment1
5,12.3422444943466,1,83,14.7076149799364,2.5,2.5,TRUE,TRUE,1,SSP1_2_6,AM_85,experiment1
7,12.660134858282,1,83,14.7076149799364,2.5,2.5,TRUE,TRUE,1,SSP1_2_6,AM_85,experiment1
1,12.3680136892442,1,83,14.7076149799364,2.5,2.5,TRUE,TRUE,1,SSP1_2_6,AM_85,experiment1
5,14.9406728542996,1,83,14.7076149799364,2.5,2.5,TRUE,TRUE,1,SSP1_2_6,AM_85,experiment1
9,13.1738789501136,1,83,14.7076149799364,2.5,2.5,TRUE,TRUE,1,SSP1_2_6,AM_85,experiment1
9,13.1384937669401,1,83,14.7076149799364,2.5,2.5,TRUE,TRUE,1,SSP1_2_6,AM_85,experiment1
6,12.5173732524773,1,83,14.7076149799364,2.5,2.5,TRUE,TRUE,1,SSP1_2_6,AM_85,experiment1
6,13.2743035138788,1,83,14.7076149799364,2.5,2.5,TRUE,TRUE,1,SSP1_2_6,AM_85,experiment1
10,12.5446619358862,1,83,14.7076149799364,2.5,2.5,TRUE,TRUE,1,SSP1_2_6,AM_85,experiment1
9,12.1681087880167,1,83,14.7076149799364,2.5,2.5,TRUE,TRUE,1,SSP1_2_6,AM_85,experiment1
9,11.9925096369776,1,83,14.7076149799364,2.5,2.5,TRUE,TRUE,1,SSP1_2_6,AM_85,experiment1
1,9.34214743498501,1,83,14.7076149799364,2.5,2.5,TRUE,TRUE,1,SSP1_2_6,AM_85,experiment1
7,8.96909539426234,1,83,14.7076149799364,2.5,2.5,TRUE,TRUE,1,SSP1_2_6,AM_85,experiment1
8,12.6511226402447,1,83,14.7076149799364,2.5,2.5,TRUE,TRUE,1,SSP1_2_6,AM_85,experiment1
6,13.4450594851275,1,83,14.7076149799364,2.5,2.5,TRUE,TRUE,1,SSP1_2_6,AM_85,experiment1
5,14.5676388199549,1,83,14.7076149799364,2.5,2.5,TRUE,TRUE,1,SSP1_2_6,AM_85,experiment1
10,15.2300841927112,1,83,14.7076149799364,2.5,2.5,TRUE,TRUE,1,SSP1_2_6,AM_85,experiment1
10,15.5116042344079,1,83,14.7076149799364,2.5,2.5,TRUE,TRUE,1,SSP1_2_6,AM_85,experiment1
1,13.6703218430974,1,83,14.7076149799364,2.5,2.5,TRUE,TRUE,1,SSP1_2_6,AM_85,experiment1
9,14.7283440594339,1,83,14.7076149799364,2.5,2.5,TRUE,TRUE,1,SSP1_2_6,AM_85,experiment1
4,13.9580418795732,1,83,14.7076149799364,2.5,2.5,TRUE,TRUE,1,SSP1_2_6,AM_85,experiment1
7,10.2130061401346,1,83,14.7076149799364,2.5,2.5,TRUE,TRUE,1,SSP1_2_6,AM_85,experiment1
10,14.0973319217285,1,83,14.7076149799364,2.5,2.5,TRUE,TRUE,1,SSP1_2_6,AM_85,experiment1
7,12.4826403180802,1,83,14.7076149799364,2.5,2.5,TRUE,TRUE,1,SSP1_2_6,AM_85,experiment1
8,14.1897216338583,1,83,14.7076149799364,2.5,2.5,TRUE,TRUE,1,SSP1_2_6,AM_85,experiment1
6,13.0014696163468,1,83,14.7076149799364,2.5,2.5,TRUE,TRUE,1,SSP1_2_6,AM_85,experiment1
10,12.6467778114951,1,83,14.7076149799364,2.5,2.5,TRUE,TRUE,1,SSP1_2_6,AM_85,experiment1
11,15.2192248576401,1,83,14.7076149799364,2.5,2.5,TRUE,TRUE,1,SSP1_2_6,AM_85,experiment1
8,13.7458543513371,1,83,14.7076149799364,2.5,2.5,TRUE,TRUE,1,SSP1_2_6,AM_85,experiment1
10,13.9191096948937,1,83,14.7076149799364,2.5,2.5,TRUE,TRUE,1,SSP1_2_6,AM_85,experiment1
11,13.1976957892442,1,83,14.7076149799364,2.5,2.5,TRUE,TRUE,1,SSP1_2_6,AM_85,experiment1
9,15.5974325141787,1,83,14.7076149799364,2.5,2.5,TRUE,TRUE,1,SSP1_2_6,AM_85,experiment1
11,15.0845753067744,1,83,14.7076149799364,2.5,2.5,TRUE,TRUE,1,SSP1_2_6,AM_85,experiment1
9,13.7147765242034,1,83,14.7076149799364,2.5,2.5,TRUE,TRUE,1,SSP1_2_6,AM_85,experiment1
9,12.8092017751843,1,83,14.7076149799364,2.5,2.5,TRUE,TRUE,1,SSP1_2_6,AM_85,experiment1
6,14.5072198402527,1,83,14.7076149799364,2.5,2.5,TRUE,TRUE,1,SSP1_2_6,AM_85,experiment1
10,13.2061749019698,1,83,14.7076149799364,2.5,2.5,TRUE,TRUE,1,SSP1_2_6,AM_85,experiment1
10,12.6140688649293,1,83,14.7076149799364,2.5,2.5,TRUE,TRUE,1,SSP1_2_6,AM_85,experiment1
9,13.1475692914597,1,83,14.7076149799364,2.5,2.5,TRUE,TRUE,1,SSP1_2_6,AM_85,experiment1
1,11.3460998528801,1,83,14.7076149799364,2.5,2.5,TRUE,TRUE,1,SSP1_2_6,AM_85,experiment1
6,14.8032866756736,1,83,14.7076149799364,2.5,2.5,TRUE,TRUE,1,SSP1_2_6,AM_85,experiment1
10,14.3264054061174,1,83,14.7076149799364,2.5,2.5,TRUE,TRUE,1,SSP1_2_6,AM_85,experiment1
1,10.7519816512251,1,83,14.7076149799364,2.5,2.5,TRUE,TRUE,1,SSP1_2_6,AM_85,experiment1
9,13.7260339199424,1,83,14.7076149799364,2.5,2.5,TRUE,TRUE,1,SSP1_2_6,AM_85,experiment1
4,13.466438376757,1,83,14.7076149799364,2.5,2.5,TRUE,TRUE,1,SSP1_2_6,AM_85,experiment1
6,11.0278543169631,1,83,14.7076149799364,2.5,2.5,TRUE,TRUE,1,SSP1_2_6,AM_85,experiment1
10,13.9142438368798,1,83,14.7076149799364,2.5,2.5,TRUE,TRUE,1,SSP1_2_6,AM_85,experiment1
6,13.8133410483111,1,83,14.7076149799364,2.5,2.5,TRUE,TRUE,1,SSP1_2_6,AM_85,experiment1
7,13.9627508330542,1,83,14.7076149799364,2.5,2.5,TRUE,TRUE,1,SSP1_2_6,AM_85,experiment1
9,12.1704330945361,1,83,14.7076149799364,2.5,2.5,TRUE,TRUE,1,SSP1_2_6,AM_85,experiment1
9,4.04973214012752,1,83,14.7076149799364,2.5,2.5,TRUE,TRUE,1,SSP1_2_6,AM_85,experiment1
1,2.890098609375,1,83,14.7076149799364,2.5,2.5,TRUE,TRUE,1,SSP1_2_6,AM_85,experiment1
8,13.6374369397266,1,83,14.7076149799364,2.5,2.5,TRUE,TRUE,1,SSP1_2_6,AM_85,experiment1
7,13.7779059594792,1,83,14.7076149799364,2.5,2.5,TRUE,TRUE,1,SSP1_2_6,AM_85,experiment1
8,12.0664208350022,1,83,14.7076149799364,2.5,2.5,TRUE,TRUE,1,SSP1_2_6,AM_85,experiment1
3,12.5573751543124,1,83,14.7076149799364,2.5,2.5,TRUE,TRUE,1,SSP1_2_6,AM_85,experiment1
3,12.8730830769608,1,83,14.7076149799364,2.5,2.5,TRUE,TRUE,1,SSP1_2_6,AM_85,experiment1
6,9.38219564872131,1,83,14.7076149799364,2.5,2.5,TRUE,TRUE,1,SSP1_2_6,AM_85,experiment1
6,12.3651718376891,1,83,14.7076149799364,2.5,2.5,TRUE,TRUE,1,SSP1_2_6,AM_85,experiment1
7,10.7211483914297,1,83,14.7076149799364,2.5,2.5,TRUE,TRUE,1,SSP1_2_6,AM_85,experiment1
6,14.7738411753688,1,83,14.7076149799364,2.5,2.5,TRUE,TRUE,1,SSP1_2_6,AM_85,experiment1
6,13.6060829370807,1,83,14.7076149799364,2.5,2.5,TRUE,TRUE,1,SSP1_2_6,AM_85,experiment1
7,14.2489176127891,1,83,14.7076149799364,2.5,2.5,TRUE,TRUE,1,SSP1_2_6,AM_85,experiment1
7,12.7781953289144,1,83,14.7076149799364,2.5,2.5,TRUE,TRUE,1,SSP1_2_6,AM_85,experiment1
7,12.5743566739122,1,83,14.7076149799364,2.5,2.5,TRUE,TRUE,1,SSP1_2_6,AM_85,experiment1
1,11.2113968139926,1,83,14.7076149799364,2.5,2.5,TRUE,TRUE,1,SSP1_2_6,AM_85,experiment1
1,12.0963634063891,1,83,14.7076149799364,2.5,2.5,TRUE,TRUE,1,SSP1_2_6,AM_85,experiment1
9,14.6111209348871,1,83,14.7076149799364,2.5,2.5,TRUE,TRUE,1,SSP1_2_6,AM_85,experiment1
7,14.0168290495785,1,83,14.7076149799364,2.5,2.5,TRUE,TRUE,1,SSP1_2_6,AM_85,experiment1
8,15.0034972288332,1,83,14.7076149799364,2.5,2.5,TRUE,TRUE,1,SSP1_2_6,AM_85,experiment1
7,14.0853224828531,1,83,14.7076149799364,2.5,2.5,TRUE,TRUE,1,SSP1_2_6,AM_85,experiment1
8,14.8467524530479,1,83,14.7076149799364,2.5,2.5,TRUE,TRUE,1,SSP1_2_6,AM_85,experiment1
9,14.0571621404146,1,83,14.7076149799364,2.5,2.5,TRUE,TRUE,1,SSP1_2_6,AM_85,experiment1
7,13.975176334524,1,83,14.7076149799364,2.5,2.5,TRUE,TRUE,1,SSP1_2_6,AM_85,experiment1
10,12.7676576413667,1,83,14.7076149799364,2.5,2.5,TRUE,TRUE,1,SSP1_2_6,AM_85,experiment1
6,12.5846669462955,1,83,14.7076149799364,2.5,2.5,TRUE,TRUE,1,SSP1_2_6,AM_85,experiment1
10,14.677130896085,1,83,14.7076149799364,2.5,2.5,TRUE,TRUE,1,SSP1_2_6,AM_85,experiment1
10,13.145111879389,1,83,14.7076149799364,2.5,2.5,TRUE,TRUE,1,SSP1_2_6,AM_85,experiment1
5,11.8335448689475,1,83,14.7076149799364,2.5,2.5,TRUE,TRUE,1,SSP1_2_6,AM_85,experiment1
10,10.2049248005673,1,83,14.7076149799364,2.5,2.5,TRUE,TRUE,1,SSP1_2_6,AM_85,experiment1
7,14.38657527882,1,83,14.7076149799364,2.5,2.5,TRUE,TRUE,1,SSP1_2_6,AM_85,experiment1
10,15.0706479497803,1,83,14.7076149799364,2.5,2.5,TRUE,TRUE,1,SSP1_2_6,AM_85,experiment1
10,12.2288258494597,1,83,14.7076149799364,2.5,2.5,TRUE,TRUE,1,SSP1_2_6,AM_85,experiment1
11,12.4217878318003,1,83,14.7076149799364,2.5,2.5,TRUE,TRUE,1,SSP1_2_6,AM_85,experiment1
9,14.9444410680751,1,83,14.7076149799364,2.5,2.5,TRUE,TRUE,1,SSP1_2_6,AM_85,experiment1
9,12.7526608495216,1,83,14.7076149799364,2.5,2.5,TRUE,TRUE,1,SSP1_2_6,AM_85,experiment1
7,13.465252668123,1,83,14.7076149799364,2.5,2.5,TRUE,TRUE,1,SSP1_2_6,AM_85,experiment1
3,14.5613140255413,1,83,14.7076149799364,2.5,2.5,TRUE,TRUE,1,SSP1_2_6,AM_85,experiment1
7,12.4503904594619,1,83,14.7076149799364,2.5,2.5,TRUE,TRUE,1,SSP1_2_6,AM_85,experiment1
10,11.6501472595678,1,83,14.7076149799364,2.5,2.5,TRUE,TRUE,1,SSP1_2_6,AM_85,experiment1
6,13.7220356434618,1,83,14.7076149799364,2.5,2.5,TRUE,TRUE,1,SSP1_2_6,AM_85,experiment1
6,13.0956246867618,1,83,14.7076149799364,2.5,2.5,TRUE,TRUE,1,SSP1_2_6,AM_85,experiment1
1,7.94758427643843,1,83,14.7076149799364,2.5,2.5,TRUE,TRUE,1,SSP1_2_6,AM_85,experiment1
7,14.0193185814647,1,83,14.7076149799364,2.5,2.5,TRUE,TRUE,1,SSP1_2_6,AM_85,experiment1
8,14.0354022140586,1,83,14.7076149799364,2.5,2.5,TRUE,TRUE,1,SSP1_2_6,AM_85,experiment1
11,15.1377773518648,1,83,14.7076149799364,2.5,2.5,TRUE,TRUE,1,SSP1_2_6,AM_85,experiment1
8,13.0551623137445,1,83,14.7076149799364,2.5,2.5,TRUE,TRUE,1,SSP1_2_6,AM_85,experiment1
6,15.6024945456958,1,83,14.7076149799364,2.5,2.5,TRUE,TRUE,1,SSP1_2_6,AM_85,experiment1
11,14.2721800433675,1,83,14.7076149799364,2.5,2.5,TRUE,TRUE,1,SSP1_2_6,AM_85,experiment1
6,14.1606444917055,1,83,14.7076149799364,2.5,2.5,TRUE,TRUE,1,SSP1_2_6,AM_85,experiment1
6,13.3180548506689,1,83,14.7076149799364,2.5,2.5,TRUE,TRUE,1,SSP1_2_6,AM_85,experiment1
11,11.5994226235716,1,83,14.7076149799364,2.5,2.5,TRUE,TRUE,1,SSP1_2_6,AM_85,experiment1
10,14.0708637015916,1,83,14.7076149799364,2.5,2.5,TRUE,TRUE,1,SSP1_2_6,AM_85,experiment1
8,13.7621483496274,1,83,14.7076149799364,2.5,2.5,TRUE,TRUE,1,SSP1_2_6,AM_85,experiment1
8,9.53571952234451,1,83,14.7076149799364,2.5,2.5,TRUE,TRUE,1,SSP1_2_6,AM_85,experiment1
8,14.9698629728717,1,83,14.7076149799364,2.5,2.5,TRUE,TRUE,1,SSP1_2_6,AM_85,experiment1
10,11.2204091484025,1,83,14.7076149799364,2.5,2.5,TRUE,TRUE,1,SSP1_2_6,AM_85,experiment1
5,14.169094164318,1,83,14.7076149799364,2.5,2.5,TRUE,TRUE,1,SSP1_2_6,AM_85,experiment1
6,13.1341710518291,1,83,14.7076149799364,2.5,2.5,TRUE,TRUE,1,SSP1_2_6,AM_85,experiment1
5,13.9179998549392,1,83,14.7076149799364,2.5,2.5,TRUE,TRUE,1,SSP1_2_6,AM_85,experiment1
10,13.990283482512,1,83,14.7076149799364,2.5,2.5,TRUE,TRUE,1,SSP1_2_6,AM_85,experiment1
10,14.0179754050252,1,83,14.7076149799364,2.5,2.5,TRUE,TRUE,1,SSP1_2_6,AM_85,experiment1
11,12.5108022650452,1,83,14.7076149799364,2.5,2.5,TRUE,TRUE,1,SSP1_2_6,AM_85,experiment1
11,13.153321263336,1,83,14.7076149799364,2.5,2.5,TRUE,TRUE,1,SSP1_2_6,AM_85,experiment1
8,13.5327759190292,1,83,14.7076149799364,2.5,2.5,TRUE,TRUE,1,SSP1_2_6,AM_85,experiment1
10,11.0068983531971,1,83,14.7076149799364,2.5,2.5,TRUE,TRUE,1,SSP1_2_6,AM_85,experiment1
6,13.4761557973427,1,83,14.7076149799364,2.5,2.5,TRUE,TRUE,1,SSP1_2_6,AM_85,experiment1
6,12.8311587204991,1,83,14.7076149799364,2.5,2.5,TRUE,TRUE,1,SSP1_2_6,AM_85,experiment1
7,12.6780134137066,1,83,14.7076149799364,2.5,2.5,TRUE,TRUE,1,SSP1_2_6,AM_85,experiment1
6,13.2538384650799,1,83,14.7076149799364,2.5,2.5,TRUE,TRUE,1,SSP1_2_6,AM_85,experiment1
6,13.3850194614255,1,83,14.7076149799364,2.5,2.5,TRUE,TRUE,1,SSP1_2_6,AM_85,experiment1
9,12.8953264509821,1,83,14.7076149799364,2.5,2.5,TRUE,TRUE,1,SSP1_2_6,AM_85,experiment1
10,10.1023955699105,1,83,14.7076149799364,2.5,2.5,TRUE,TRUE,1,SSP1_2_6,AM_85,experiment1
9,13.3727191209771,1,83,14.7076149799364,2.5,2.5,TRUE,TRUE,1,SSP1_2_6,AM_85,experiment1
8,10.4259257860444,1,83,14.7076149799364,2.5,2.5,TRUE,TRUE,1,SSP1_2_6,AM_85,experiment1
5,14.0540859798139,1,83,14.7076149799364,2.5,2.5,TRUE,TRUE,1,SSP1_2_6,AM_85,experiment1
9,14.0224749304072,1,83,14.7076149799364,2.5,2.5,TRUE,TRUE,1,SSP1_2_6,AM_85,experiment1
9,14.3124221212605,1,83,14.7076149799364,2.5,2.5,TRUE,TRUE,1,SSP1_2_6,AM_85,experiment1
8,14.0098633505202,1,83,14.7076149799364,2.5,2.5,TRUE,TRUE,1,SSP1_2_6,AM_85,experiment1
1,13.3314953448264,1,83,14.7076149799364,2.5,2.5,TRUE,TRUE,1,SSP1_2_6,AM_85,experiment1
7,14.8830905239422,1,83,14.7076149799364,2.5,2.5,TRUE,TRUE,1,SSP1_2_6,AM_85,experiment1
6,13.1671436424293,1,83,14.7076149799364,2.5,2.5,TRUE,TRUE,1,SSP1_2_6,AM_85,experiment1
11,13.9885449426357,1,83,14.7076149799364,2.5,2.5,TRUE,TRUE,1,SSP1_2_6,AM_85,experiment1
8,14.3058550663481,1,83,14.7076149799364,2.5,2.5,TRUE,TRUE,1,SSP1_2_6,AM_85,experiment1
1,12.5207583103161,1,83,14.7076149799364,2.5,2.5,TRUE,TRUE,1,SSP1_2_6,AM_85,experiment1
1,12.6838390018136,1,83,14.7076149799364,2.5,2.5,TRUE,TRUE,1,SSP1_2_6,AM_85,experiment1
9,12.548730217489,1,83,14.7076149799364,2.5,2.5,TRUE,TRUE,1,SSP1_2_6,AM_85,experiment1
4,13.6638924673792,1,83,14.7076149799364,2.5,2.5,TRUE,TRUE,1,SSP1_2_6,AM_85,experiment1
6,14.3748004899596,1,83,14.7076149799364,2.5,2.5,TRUE,TRUE,1,SSP1_2_6,AM_85,experiment1
6,13.6982878769866,1,83,14.7076149799364,2.5,2.5,TRUE,TRUE,1,SSP1_2_6,AM_85,experiment1
10,15.240823444943,1,83,14.7076149799364,2.5,2.5,TRUE,TRUE,1,SSP1_2_6,AM_85,experiment1
10,14.0668916558245,1,83,14.7076149799364,2.5,2.5,TRUE,TRUE,1,SSP1_2_6,AM_85,experiment1
10,13.44583187406,1,83,14.7076149799364,2.5,2.5,TRUE,TRUE,1,SSP1_2_6,AM_85,experiment1
9,14.2370162842366,1,83,14.7076149799364,2.5,2.5,TRUE,TRUE,1,SSP1_2_6,AM_85,experiment1
9,13.311736943438,1,83,14.7076149799364,2.5,2.5,TRUE,TRUE,1,SSP1_2_6,AM_85,experiment1
9,14.5159147801768,1,83,14.7076149799364,2.5,2.5,TRUE,TRUE,1,SSP1_2_6,AM_85,experiment1
10,13.9471832980036,1,83,14.7076149799364,2.5,2.5,TRUE,TRUE,1,SSP1_2_6,AM_85,experiment1
7,13.9141736632671,1,83,14.7076149799364,2.5,2.5,TRUE,TRUE,1,SSP1_2_6,AM_85,experiment1
6,15.2616818181361,1,83,14.7076149799364,2.5,2.5,TRUE,TRUE,1,SSP1_2_6,AM_85,experiment1
7,14.6884406704577,1,83,14.7076149799364,2.5,2.5,TRUE,TRUE,1,SSP1_2_6,AM_85,experiment1
10,13.2206201395737,1,83,14.7076149799364,2.5,2.5,TRUE,TRUE,1,SSP1_2_6,AM_85,experiment1
9,13.8666662237278,1,83,14.7076149799364,2.5,2.5,TRUE,TRUE,1,SSP1_2_6,AM_85,experiment1
9,14.8446862250919,1,83,14.7076149799364,2.5,2.5,TRUE,TRUE,1,SSP1_2_6,AM_85,experiment1
11,13.1259080809657,1,83,14.7076149799364,2.5,2.5,TRUE,TRUE,1,SSP1_2_6,AM_85,experiment1
11,12.5358322587302,1,83,14.7076149799364,2.5,2.5,TRUE,TRUE,1,SSP1_2_6,AM_85,experiment1
6,15.0957336210244,1,83,14.7076149799364,2.5,2.5,TRUE,TRUE,1,SSP1_2_6,AM_85,experiment1
8,14.1219358242189,1,83,14.7076149799364,2.5,2.5,TRUE,TRUE,1,SSP1_2_6,AM_85,experiment1
3,11.3075333348293,1,83,14.7076149799364,2.5,2.5,TRUE,TRUE,1,SSP1_2_6,AM_85,experiment1
9,12.1461351982149,1,83,14.7076149799364,2.5,2.5,TRUE,TRUE,1,SSP1_2_6,AM_85,experiment1
11,14.2633519679926,1,83,14.7076149799364,2.5,2.5,TRUE,TRUE,1,SSP1_2_6,AM_85,experiment1
11,13.2458223476662,1,83,14.7076149799364,2.5,2.5,TRUE,TRUE,1,SSP1_2_6,AM_85,experiment1
1,13.9285942333347,1,83,14.7076149799364,2.5,2.5,TRUE,TRUE,1,SSP1_2_6,AM_85,experiment1
9,15.1439382158687,1,83,14.7076149799364,2.5,2.5,TRUE,TRUE,1,SSP1_2_6,AM_85,experiment1
2,12.2081337376371,1,83,14.7076149799364,2.5,2.5,TRUE,TRUE,1,SSP1_2_6,AM_85,experiment1
9,12.8317826499242,1,83,14.7076149799364,2.5,2.5,TRUE,TRUE,1,SSP1_2_6,AM_85,experiment1
8,13.9215546752979,1,83,14.7076149799364,2.5,2.5,TRUE,TRUE,1,SSP1_2_6,AM_85,experiment1
11,14.679899534701,1,83,14.7076149799364,2.5,2.5,TRUE,TRUE,1,SSP1_2_6,AM_85,experiment1
8,13.2941302252769,1,83,14.7076149799364,2.5,2.5,TRUE,TRUE,1,SSP1_2_6,AM_85,experiment1
7,14.4858823752153,1,83,14.7076149799364,2.5,2.5,TRUE,TRUE,1,SSP1_2_6,AM_85,experiment1
9,14.0311799085179,1,83,14.7076149799364,2.5,2.5,TRUE,TRUE,1,SSP1_2_6,AM_85,experiment1
9,14.1907093063501,1,83,14.7076149799364,2.5,2.5,TRUE,TRUE,1,SSP1_2_6,AM_85,experiment1
8,13.7577843048906,1,83,14.7076149799364,2.5,2.5,TRUE,TRUE,1,SSP1_2_6,AM_85,experiment1
9,14.2707355084758,1,83,14.7076149799364,2.5,2.5,TRUE,TRUE,1,SSP1_2_6,AM_85,experiment1
9,13.259415470108,1,83,14.7076149799364,2.5,2.5,TRUE,TRUE,1,SSP1_2_6,AM_85,experiment1
10,13.5250161894436,1,83,14.7076149799364,2.5,2.5,TRUE,TRUE,1,SSP1_2_6,AM_85,experiment1
8,12.7027878334491,1,83,14.7076149799364,2.5,2.5,TRUE,TRUE,1,SSP1_2_6,AM_85,experiment1
8,13.2473121125347,1,83,14.7076149799364,2.5,2.5,TRUE,TRUE,1,SSP1_2_6,AM_85,experiment1
9,12.7132814591925,1,83,14.7076149799364,2.5,2.5,TRUE,TRUE,1,SSP1_2_6,AM_85,experiment1
11,13.2633006135179,1,83,14.7076149799364,2.5,2.5,TRUE,TRUE,1,SSP1_2_6,AM_85,experiment1
11,14.2089726355414,1,83,14.7076149799364,2.5,2.5,TRUE,TRUE,1,SSP1_2_6,AM_85,experiment1
9,13.8906014721284,1,83,14.7076149799364,2.5,2.5,TRUE,TRUE,1,SSP1_2_6,AM_85,experiment1
10,13.9593570560013,1,83,14.7076149799364,2.5,2.5,TRUE,TRUE,1,SSP1_2_6,AM_85,experiment1
10,14.1206774243744,1,83,14.7076149799364,2.5,2.5,TRUE,TRUE,1,SSP1_2_6,AM_85,experiment1
1,9.96128811403553,1,83,14.7076149799364,2.5,2.5,TRUE,TRUE,1,SSP1_2_6,AM_85,experiment1
9,13.999014187442,1,83,14.7076149799364,2.5,2.5,TRUE,TRUE,1,SSP1_2_6,AM_85,experiment1
4,11.1718396213978,1,83,14.7076149799364,2.5,2.5,TRUE,TRUE,1,SSP1_2_6,AM_85,experiment1
7,13.7528313001957,1,83,14.7076149799364,2.5,2.5,TRUE,TRUE,1,SSP1_2_6,AM_85,experiment1
11,12.7859820769799,1,83,14.7076149799364,2.5,2.5,TRUE,TRUE,1,SSP1_2_6,AM_85,experiment1
9,14.3314492130285,1,83,14.7076149799364,2.5,2.5,TRUE,TRUE,1,SSP1_2_6,AM_85,experiment1
6,15.3940619896159,1,83,14.7076149799364,2.5,2.5,TRUE,TRUE,1,SSP1_2_6,AM_85,experiment1
8,12.6318357438599,1,83,14.7076149799364,2.5,2.5,TRUE,TRUE,1,SSP1_2_6,AM_85,experiment1
1,15.005419125474,1,83,14.7076149799364,2.5,2.5,TRUE,TRUE,1,SSP1_2_6,AM_85,experiment1
6,15.0682420585567,1,83,14.7076149799364,2.5,2.5,TRUE,TRUE,1,SSP1_2_6,AM_85,experiment1
10,15.4142833189164,1,83,14.7076149799364,2.5,2.5,TRUE,TRUE,1,SSP1_2_6,AM_85,experiment1
2,11.9711880059255,1,83,14.7076149799364,2.5,2.5,TRUE,TRUE,1,SSP1_2_6,AM_85,experiment1
6,12.1669116121219,1,83,14.7076149799364,2.5,2.5,TRUE,TRUE,1,SSP1_2_6,AM_85,experiment1
8,14.596713030705,1,83,14.7076149799364,2.5,2.5,TRUE,TRUE,1,SSP1_2_6,AM_85,experiment1
6,14.5018468503867,1,83,14.7076149799364,2.5,2.5,TRUE,TRUE,1,SSP1_2_6,AM_85,experiment1
9,13.7562839702916,1,83,14.7076149799364,2.5,2.5,TRUE,TRUE,1,SSP1_2_6,AM_85,experiment1
10,11.5268304022328,1,83,14.7076149799364,2.5,2.5,TRUE,TRUE,1,SSP1_2_6,AM_85,experiment1
1,9.48463096183942,1,83,14.7076149799364,2.5,2.5,TRUE,TRUE,1,SSP1_2_6,AM_85,experiment1
11,13.1292400297415,1,83,14.7076149799364,2.5,2.5,TRUE,TRUE,1,SSP1_2_6,AM_85,experiment1
6,12.0645906523211,1,83,14.7076149799364,2.5,2.5,TRUE,TRUE,1,SSP1_2_6,AM_85,experiment1
11,13.404496204518,1,83,14.7076149799364,2.5,2.5,TRUE,TRUE,1,SSP1_2_6,AM_85,experiment1
9,9.755735743411,1,83,14.7076149799364,2.5,2.5,TRUE,TRUE,1,SSP1_2_6,AM_85,experiment1
7,13.8537012932742,1,83,14.7076149799364,2.5,2.5,TRUE,TRUE,1,SSP1_2_6,AM_85,experiment1
1,13.6107232449467,1,83,14.7076149799364,2.5,2.5,TRUE,TRUE,1,SSP1_2_6,AM_85,experiment1
8,12.7038301039305,1,83,14.7076149799364,2.5,2.5,TRUE,TRUE,1,SSP1_2_6,AM_85,experiment1
5,12.6143990215689,1,83,14.7076149799364,2.5,2.5,TRUE,TRUE,1,SSP1_2_6,AM_85,experiment1
7,12.1694778723505,1,83,14.7076149799364,2.5,2.5,TRUE,TRUE,1,SSP1_2_6,AM_85,experiment1
10,14.1471792160848,1,83,14.7076149799364,2.5,2.5,TRUE,TRUE,1,SSP1_2_6,AM_85,experiment1
4,15.4792998670972,1,83,14.7076149799364,2.5,2.5,TRUE,TRUE,1,SSP1_2_6,AM_85,experiment1
8,13.2481388692987,1,83,14.7076149799364,2.5,2.5,TRUE,TRUE,1,SSP1_2_6,AM_85,experiment1
8,13.1476898753109,1,83,14.7076149799364,2.5,2.5,TRUE,TRUE,1,SSP1_2_6,AM_85,experiment1
9,13.6984311521081,1,83,14.7076149799364,2.5,2.5,TRUE,TRUE,1,SSP1_2_6,AM_85,experiment1
7,14.7170231366125,1,83,14.7076149799364,2.5,2.5,TRUE,TRUE,1,SSP1_2_6,AM_85,experiment1
10,14.5441473965539,1,83,14.7076149799364,2.5,2.5,TRUE,TRUE,1,SSP1_2_6,AM_85,experiment1
8,13.2058423565073,1,83,14.7076149799364,2.5,2.5,TRUE,TRUE,1,SSP1_2_6,AM_85,experiment1
9,15.6831796194173,1,83,14.7076149799364,2.5,2.5,TRUE,TRUE,1,SSP1_2_6,AM_85,experiment1
6,13.5210944652687,1,83,14.7076149799364,2.5,2.5,TRUE,TRUE,1,SSP1_2_6,AM_85,experiment1
2,13.2848356051429,1,83,14.7076149799364,2.5,2.5,TRUE,TRUE,1,SSP1_2_6,AM_85,experiment1
8,11.8917519909687,1,83,14.7076149799364,2.5,2.5,TRUE,TRUE,1,SSP1_2_6,AM_85,experiment1
6,14.5005689694771,1,83,14.7076149799364,2.5,2.5,TRUE,TRUE,1,SSP1_2_6,AM_85,experiment1
9,14.1574147579894,1,83,14.7076149799364,2.5,2.5,TRUE,TRUE,1,SSP1_2_6,AM_85,experiment1
9,13.8520240984304,1,83,14.7076149799364,2.5,2.5,TRUE,TRUE,1,SSP1_2_6,AM_85,experiment1
10,14.2566337606815,1,83,14.7076149799364,2.5,2.5,TRUE,TRUE,1,SSP1_2_6,AM_85,experiment1
8,13.6488940564426,1,83,14.7076149799364,2.5,2.5,TRUE,TRUE,1,SSP1_2_6,AM_85,experiment1
9,14.7861851032459,1,83,14.7076149799364,2.5,2.5,TRUE,TRUE,1,SSP1_2_6,AM_85,experiment1
7,15.0352838689235,1,83,14.7076149799364,2.5,2.5,TRUE,TRUE,1,SSP1_2_6,AM_85,experiment1
8,13.6043660628973,1,83,14.7076149799364,2.5,2.5,TRUE,TRUE,1,SSP1_2_6,AM_85,experiment1
1,13.5824734183646,1,83,14.7076149799364,2.5,2.5,TRUE,TRUE,1,SSP1_2_6,AM_85,experiment1
1,12.5940042931082,1,83,14.7076149799364,2.5,2.5,TRUE,TRUE,1,SSP1_2_6,AM_85,experiment1
11,14.8660600669384,1,83,14.7076149799364,2.5,2.5,TRUE,TRUE,1,SSP1_2_6,AM_85,experiment1
9,14.1611542029794,1,83,14.7076149799364,2.5,2.5,TRUE,TRUE,1,SSP1_2_6,AM_85,experiment1
5,13.5210698049515,1,83,14.7076149799364,2.5,2.5,TRUE,TRUE,1,SSP1_2_6,AM_85,experiment1
8,14.1839066979611,1,83,14.7076149799364,2.5,2.5,TRUE,TRUE,1,SSP1_2_6,AM_85,experiment1
8,10.878946994678,1,83,14.7076149799364,2.5,2.5,TRUE,TRUE,1,SSP1_2_6,AM_85,experiment1
6,12.0256437495363,1,83,14.7076149799364,2.5,2.5,TRUE,TRUE,1,SSP1_2_6,AM_85,experiment1
9,14.7934893307158,1,83,14.7076149799364,2.5,2.5,TRUE,TRUE,1,SSP1_2_6,AM_85,experiment1
7,13.6193711492166,1,83,14.7076149799364,2.5,2.5,TRUE,TRUE,1,SSP1_2_6,AM_85,experiment1
11,13.5115343496501,1,83,14.7076149799364,2.5,2.5,TRUE,TRUE,1,SSP1_2_6,AM_85,experiment1
11,12.8831183193112,1,83,14.7076149799364,2.5,2.5,TRUE,TRUE,1,SSP1_2_6,AM_85,experiment1
10,12.4374102053516,1,83,14.7076149799364,2.5,2.5,TRUE,TRUE,1,SSP1_2_6,AM_85,experiment1
9,14.4110094646397,1,83,14.7076149799364,2.5,2.5,TRUE,TRUE,1,SSP1_2_6,AM_85,experiment1
8,13.8840500433182,1,83,14.7076149799364,2.5,2.5,TRUE,TRUE,1,SSP1_2_6,AM_85,experiment1
10,14.5588080082092,1,83,14.7076149799364,2.5,2.5,TRUE,TRUE,1,SSP1_2_6,AM_85,experiment1
9,13.8366825299984,1,83,14.7076149799364,2.5,2.5,TRUE,TRUE,1,SSP1_2_6,AM_85,experiment1
8,12.820746309881,1,83,14.7076149799364,2.5,2.5,TRUE,TRUE,1,SSP1_2_6,AM_85,experiment1
10,11.1909161420491,1,83,14.7076149799364,2.5,2.5,TRUE,TRUE,1,SSP1_2_6,AM_85,experiment1
6,13.5076034673778,1,83,14.7076149799364,2.5,2.5,TRUE,TRUE,1,SSP1_2_6,AM_85,experiment1
8,14.9510385160574,1,83,14.7076149799364,2.5,2.5,TRUE,TRUE,1,SSP1_2_6,AM_85,experiment1
1,5.40411858302568,1,83,14.7076149799364,2.5,2.5,TRUE,TRUE,1,SSP1_2_6,AM_85,experiment1
8,13.1290727013264,1,83,14.7076149799364,2.5,2.5,TRUE,TRUE,1,SSP1_2_6,AM_85,experiment1
1,10.6964486704134,1,83,14.7076149799364,2.5,2.5,TRUE,TRUE,1,SSP1_2_6,AM_85,experiment1
9,15.2408719014972,1,83,14.7076149799364,2.5,2.5,TRUE,TRUE,1,SSP1_2_6,AM_85,experiment1
9,13.4283363638834,1,83,14.7076149799364,2.5,2.5,TRUE,TRUE,1,SSP1_2_6,AM_85,experiment1
10,13.3537417274286,1,83,14.7076149799364,2.5,2.5,TRUE,TRUE,1,SSP1_2_6,AM_85,experiment1
10,12.1771760768522,1,83,14.7076149799364,2.5,2.5,TRUE,TRUE,1,SSP1_2_6,AM_85,experiment1
9,14.3078866480703,1,83,14.7076149799364,2.5,2.5,TRUE,TRUE,1,SSP1_2_6,AM_85,experiment1
8,13.5701085412885,1,83,14.7076149799364,2.5,2.5,TRUE,TRUE,1,SSP1_2_6,AM_85,experiment1
10,13.3861233348502,1,83,14.7076149799364,2.5,2.5,TRUE,TRUE,1,SSP1_2_6,AM_85,experiment1
1,12.8613537499757,1,83,14.7076149799364,2.5,2.5,TRUE,TRUE,1,SSP1_2_6,AM_85,experiment1
11,13.5695020238356,1,83,14.7076149799364,2.5,2.5,TRUE,TRUE,1,SSP1_2_6,AM_85,experiment1
9,12.4472748441688,1,83,14.7076149799364,2.5,2.5,TRUE,TRUE,1,SSP1_2_6,AM_85,experiment1
1,13.8304769356076,1,83,14.7076149799364,2.5,2.5,TRUE,TRUE,1,SSP1_2_6,AM_85,experiment1
10,13.8094025697613,1,83,14.7076149799364,2.5,2.5,TRUE,TRUE,1,SSP1_2_6,AM_85,experiment1
9,8.5865813502472,1,83,14.7076149799364,2.5,2.5,TRUE,TRUE,1,SSP1_2_6,AM_85,experiment1
7,13.604673377521,1,83,14.7076149799364,2.5,2.5,TRUE,TRUE,1,SSP1_2_6,AM_85,experiment1
5,14.9322328043193,1,83,14.7076149799364,2.5,2.5,TRUE,TRUE,1,SSP1_2_6,AM_85,experiment1
11,13.8563478554012,1,83,14.7076149799364,2.5,2.5,TRUE,TRUE,1,SSP1_2_6,AM_85,experiment1
1,8.5884234930606,1,83,14.7076149799364,2.5,2.5,TRUE,TRUE,1,SSP1_2_6,AM_85,experiment1
6,14.4483989033971,1,83,14.7076149799364,2.5,2.5,TRUE,TRUE,1,SSP1_2_6,AM_85,experiment1
10,13.4473475601546,1,83,14.7076149799364,2.5,2.5,TRUE,TRUE,1,SSP1_2_6,AM_85,experiment1
7,12.5687903586609,1,83,14.7076149799364,2.5,2.5,TRUE,TRUE,1,SSP1_2_6,AM_85,experiment1
7,14.2084635180333,1,83,14.7076149799364,2.5,2.5,TRUE,TRUE,1,SSP1_2_6,AM_85,experiment1
8,12.9324792014067,1,83,14.7076149799364,2.5,2.5,TRUE,TRUE,1,SSP1_2_6,AM_85,experiment1
6,14.4418543512469,1,83,14.7076149799364,2.5,2.5,TRUE,TRUE,1,SSP1_2_6,AM_85,experiment1
1,13.8686179338957,1,83,14.7076149799364,2.5,2.5,TRUE,TRUE,1,SSP1_2_6,AM_85,experiment1
6,12.8913019425955,1,83,14.7076149799364,2.5,2.5,TRUE,TRUE,1,SSP1_2_6,AM_85,experiment1
9,12.4459375330912,1,83,14.7076149799364,2.5,2.5,TRUE,TRUE,1,SSP1_2_6,AM_85,experiment1
6,12.3357916086335,1,83,14.7076149799364,2.5,2.5,TRUE,TRUE,1,SSP1_2_6,AM_85,experiment1
11,13.8083009346164,1,83,14.7076149799364,2.5,2.5,TRUE,TRUE,1,SSP1_2_6,AM_85,experiment1
11,11.6714832772262,1,83,14.7076149799364,2.5,2.5,TRUE,TRUE,1,SSP1_2_6,AM_85,experiment1
10,11.610526539891,1,83,14.7076149799364,2.5,2.5,TRUE,TRUE,1,SSP1_2_6,AM_85,experiment1
7,13.5231708263674,1,83,14.7076149799364,2.5,2.5,TRUE,TRUE,1,SSP1_2_6,AM_85,experiment1
1,0.95,1,83,14.7076149799364,2.5,2.5,TRUE,TRUE,1,SSP1_2_6,AM_85,experiment1
10,14.0071481392252,1,83,14.7076149799364,2.5,2.5,TRUE,TRUE,1,SSP1_2_6,AM_85,experiment1
7,11.8175715113656,1,83,14.7076149799364,2.5,2.5,TRUE,TRUE,1,SSP1_2_6,AM_85,experiment1
2,11.678515273147,1,83,14.7076149799364,2.5,2.5,TRUE,TRUE,1,SSP1_2_6,AM_85,experiment1
1,1.807375,1,83,14.7076149799364,2.5,2.5,TRUE,TRUE,1,SSP1_2_6,AM_85,experiment1
6,13.5004692460547,1,83,14.7076149799364,2.5,2.5,TRUE,TRUE,1,SSP1_2_6,AM_85,experiment1
7,13.6880954459629,1,83,14.7076149799364,2.5,2.5,TRUE,TRUE,1,SSP1_2_6,AM_85,experiment1
9,10.8637922202666,1,83,14.7076149799364,2.5,2.5,TRUE,TRUE,1,SSP1_2_6,AM_85,experiment1
8,14.3496998041884,1,83,14.7076149799364,2.5,2.5,TRUE,TRUE,1,SSP1_2_6,AM_85,experiment1
9,10.9781760516019,1,83,14.7076149799364,2.5,2.5,TRUE,TRUE,1,SSP1_2_6,AM_85,experiment1
1,13.0783957080126,1,83,14.7076149799364,2.5,2.5,TRUE,TRUE,1,SSP1_2_6,AM_85,experiment1
10,13.363474271551,1,83,14.7076149799364,2.5,2.5,TRUE,TRUE,1,SSP1_2_6,AM_85,experiment1
7,13.3178838454023,1,83,14.7076149799364,2.5,2.5,TRUE,TRUE,1,SSP1_2_6,AM_85,experiment1
7,10.3749695982321,1,83,14.7076149799364,2.5,2.5,TRUE,TRUE,1,SSP1_2_6,AM_85,experiment1
9,14.3409837721594,1,83,14.7076149799364,2.5,2.5,TRUE,TRUE,1,SSP1_2_6,AM_85,experiment1
10,14.220587687478,1,83,14.7076149799364,2.5,2.5,TRUE,TRUE,1,SSP1_2_6,AM_85,experiment1
6,14.087527281021,1,83,14.7076149799364,2.5,2.5,TRUE,TRUE,1,SSP1_2_6,AM_85,experiment1
7,14.4718770213398,1,83,14.7076149799364,2.5,2.5,TRUE,TRUE,1,SSP1_2_6,AM_85,experiment1
6,14.8275223923965,1,83,14.7076149799364,2.5,2.5,TRUE,TRUE,1,SSP1_2_6,AM_85,experiment1
7,15.3806119333154,1,83,14.7076149799364,2.5,2.5,TRUE,TRUE,1,SSP1_2_6,AM_85,experiment1
10,13.2463394626662,1,83,14.7076149799364,2.5,2.5,TRUE,TRUE,1,SSP1_2_6,AM_85,experiment1
9,14.7713855652083,1,83,14.7076149799364,2.5,2.5,TRUE,TRUE,1,SSP1_2_6,AM_85,experiment1
9,14.3570633554906,1,83,14.7076149799364,2.5,2.5,TRUE,TRUE,1,SSP1_2_6,AM_85,experiment1
11,14.7892845176458,1,83,14.7076149799364,2.5,2.5,TRUE,TRUE,1,SSP1_2_6,AM_85,experiment1
10,14.6334914662922,1,83,14.7076149799364,2.5,2.5,TRUE,TRUE,1,SSP1_2_6,AM_85,experiment1
6,12.872909138747,1,83,14.7076149799364,2.5,2.5,TRUE,TRUE,1,SSP1_2_6,AM_85,experiment1
10,13.6846430202946,1,83,14.7076149799364,2.5,2.5,TRUE,TRUE,1,SSP1_2_6,AM_85,experiment1
8,11.3322916556838,1,83,14.7076149799364,2.5,2.5,TRUE,TRUE,1,SSP1_2_6,AM_85,experiment1
1,3.3956621875,1,83,14.7076149799364,2.5,2.5,TRUE,TRUE,1,SSP1_2_6,AM_85,experiment1
7,13.646557836321,1,83,14.7076149799364,2.5,2.5,TRUE,TRUE,1,SSP1_2_6,AM_85,experiment1
1,10.6875305583771,1,83,14.7076149799364,2.5,2.5,TRUE,TRUE,1,SSP1_2_6,AM_85,experiment1
6,14.0515203957735,1,83,14.7076149799364,2.5,2.5,TRUE,TRUE,1,SSP1_2_6,AM_85,experiment1
8,11.9179271152294,1,83,14.7076149799364,2.5,2.5,TRUE,TRUE,1,SSP1_2_6,AM_85,experiment1
6,13.6038491297274,1,83,14.7076149799364,2.5,2.5,TRUE,TRUE,1,SSP1_2_6,AM_85,experiment1
11,12.347717602476,1,83,14.7076149799364,2.5,2.5,TRUE,TRUE,1,SSP1_2_6,AM_85,experiment1
10,12.148291603996,1,83,14.7076149799364,2.5,2.5,TRUE,TRUE,1,SSP1_2_6,AM_85,experiment1
6,14.5560082315214,1,83,14.7076149799364,2.5,2.5,TRUE,TRUE,1,SSP1_2_6,AM_85,experiment1
10,11.6124154103161,1,83,14.7076149799364,2.5,2.5,TRUE,TRUE,1,SSP1_2_6,AM_85,experiment1
6,14.0963469534327,1,83,14.7076149799364,2.5,2.5,TRUE,TRUE,1,SSP1_2_6,AM_85,experiment1
8,10.5089631873849,1,83,14.7076149799364,2.5,2.5,TRUE,TRUE,1,SSP1_2_6,AM_85,experiment1
7,12.4199119858992,1,83,14.7076149799364,2.5,2.5,TRUE,TRUE,1,SSP1_2_6,AM_85,experiment1
10,12.7486867561949,1,83,14.7076149799364,2.5,2.5,TRUE,TRUE,1,SSP1_2_6,AM_85,experiment1
8,13.4057306017696,1,83,14.7076149799364,2.5,2.5,TRUE,TRUE,1,SSP1_2_6,AM_85,experiment1
8,14.312838585216,1,83,14.7076149799364,2.5,2.5,TRUE,TRUE,1,SSP1_2_6,AM_85,experiment1
8,10.7242975064216,1,83,14.7076149799364,2.5,2.5,TRUE,TRUE,1,SSP1_2_6,AM_85,experiment1
11,13.5323854681063,1,83,14.7076149799364,2.5,2.5,TRUE,TRUE,1,SSP1_2_6,AM_85,experiment1
11,14.5231440019739,1,83,14.7076149799364,2.5,2.5,TRUE,TRUE,1,SSP1_2_6,AM_85,experiment1
9,14.3067374353218,1,83,14.7076149799364,2.5,2.5,TRUE,TRUE,1,SSP1_2_6,AM_85,experiment1
7,11.9104349854149,1,83,14.7076149799364,2.5,2.5,TRUE,TRUE,1,SSP1_2_6,AM_85,experiment1
7,13.0919626789099,1,83,14.7076149799364,2.5,2.5,TRUE,TRUE,1,SSP1_2_6,AM_85,experiment1
11,14.0905589902958,1,83,14.7076149799364,2.5,2.5,TRUE,TRUE,1,SSP1_2_6,AM_85,experiment1
8,14.3495295033491,1,83,14.7076149799364,2.5,2.5,TRUE,TRUE,1,SSP1_2_6,AM_85,experiment1
10,13.3979412322018,1,83,14.7076149799364,2.5,2.5,TRUE,TRUE,1,SSP1_2_6,AM_85,experiment1
8,14.7245453672813,1,83,14.7076149799364,2.5,2.5,TRUE,TRUE,1,SSP1_2_6,AM_85,experiment1
7,15.3649476300479,1,83,14.7076149799364,2.5,2.5,TRUE,TRUE,1,SSP1_2_6,AM_85,experiment1
9,13.644824752404,1,83,14.7076149799364,2.5,2.5,TRUE,TRUE,1,SSP1_2_6,AM_85,experiment1
9,14.2606477243998,1,83,14.7076149799364,2.5,2.5,TRUE,TRUE,1,SSP1_2_6,AM_85,experiment1
11,11.6414813959674,1,83,14.7076149799364,2.5,2.5,TRUE,TRUE,1,SSP1_2_6,AM_85,experiment1
10,14.0459341038266,1,83,14.7076149799364,2.5,2.5,TRUE,TRUE,1,SSP1_2_6,AM_85,experiment1
8,13.0994552420413,1,83,14.7076149799364,2.5,2.5,TRUE,TRUE,1,SSP1_2_6,AM_85,experiment1
7,10.4379797775438,1,83,14.7076149799364,2.5,2.5,TRUE,TRUE,1,SSP1_2_6,AM_85,experiment1
1,1.626875,1,83,14.7076149799364,2.5,2.5,TRUE,TRUE,1,SSP1_2_6,AM_85,experiment1
8,13.9800082831554,1,83,14.7076149799364,2.5,2.5,TRUE,TRUE,1,SSP1_2_6,AM_85,experiment1
8,13.2573235948386,1,83,14.7076149799364,2.5,2.5,TRUE,TRUE,1,SSP1_2_6,AM_85,experiment1
6,14.2985147792617,1,83,14.7076149799364,2.5,2.5,TRUE,TRUE,1,SSP1_2_6,AM_85,experiment1
7,13.4147511808546,1,83,14.7076149799364,2.5,2.5,TRUE,TRUE,1,SSP1_2_6,AM_85,experiment1
6,15.0432352342846,1,83,14.7076149799364,2.5,2.5,TRUE,TRUE,1,SSP1_2_6,AM_85,experiment1
8,13.3439353047771,1,83,14.7076149799364,2.5,2.5,TRUE,TRUE,1,SSP1_2_6,AM_85,experiment1
9,15.1019494982654,1,83,14.7076149799364,2.5,2.5,TRUE,TRUE,1,SSP1_2_6,AM_85,experiment1
11,13.8190659564295,1,83,14.7076149799364,2.5,2.5,TRUE,TRUE,1,SSP1_2_6,AM_85,experiment1
9,13.3155547140777,1,83,14.7076149799364,2.5,2.5,TRUE,TRUE,1,SSP1_2_6,AM_85,experiment1
6,15.0774427294836,1,83,14.7076149799364,2.5,2.5,TRUE,TRUE,1,SSP1_2_6,AM_85,experiment1
6,13.6063935480905,1,83,14.7076149799364,2.5,2.5,TRUE,TRUE,1,SSP1_2_6,AM_85,experiment1
8,12.6654833303508,1,83,14.7076149799364,2.5,2.5,TRUE,TRUE,1,SSP1_2_6,AM_85,experiment1
8,13.1720702371241,1,83,14.7076149799364,2.5,2.5,TRUE,TRUE,1,SSP1_2_6,AM_85,experiment1
8,13.4749042682072,1,83,14.7076149799364,2.5,2.5,TRUE,TRUE,1,SSP1_2_6,AM_85,experiment1
9,15.8688508786164,1,83,14.7076149799364,2.5,2.5,TRUE,TRUE,1,SSP1_2_6,AM_85,experiment1
11,12.2600731537889,1,83,14.7076149799364,2.5,2.5,TRUE,TRUE,1,SSP1_2_6,AM_85,experiment1
7,13.2874887780845,1,83,14.7076149799364,2.5,2.5,TRUE,TRUE,1,SSP1_2_6,AM_85,experiment1
10,12.2331195556987,1,83,14.7076149799364,2.5,2.5,TRUE,TRUE,1,SSP1_2_6,AM_85,experiment1
10,13.1284590968859,1,83,14.7076149799364,2.5,2.5,TRUE,TRUE,1,SSP1_2_6,AM_85,experiment1
6,13.9867984985288,1,83,14.7076149799364,2.5,2.5,TRUE,TRUE,1,SSP1_2_6,AM_85,experiment1
5,13.9742811043723,1,83,14.7076149799364,2.5,2.5,TRUE,TRUE,1,SSP1_2_6,AM_85,experiment1
1,3.71954271503906,1,83,14.7076149799364,2.5,2.5,TRUE,TRUE,1,SSP1_2_6,AM_85,experiment1
11,14.6313146076009,1,83,14.7076149799364,2.5,2.5,TRUE,TRUE,1,SSP1_2_6,AM_85,experiment1
1,8.79004223226374,1,83,14.7076149799364,2.5,2.5,TRUE,TRUE,1,SSP1_2_6,AM_85,experiment1
8,14.9046494450046,1,83,14.7076149799364,2.5,2.5,TRUE,TRUE,1,SSP1_2_6,AM_85,experiment1
10,14.9424586329594,1,83,14.7076149799364,2.5,2.5,TRUE,TRUE,1,SSP1_2_6,AM_85,experiment1
2,14.1992289913353,1,83,14.7076149799364,2.5,2.5,TRUE,TRUE,1,SSP1_2_6,AM_85,experiment1
5,13.2289824864668,1,83,14.7076149799364,2.5,2.5,TRUE,TRUE,1,SSP1_2_6,AM_85,experiment1
1,10.4301447858415,1,83,14.7076149799364,2.5,2.5,TRUE,TRUE,1,SSP1_2_6,AM_85,experiment1
2,12.1685487369298,1,83,14.7076149799364,2.5,2.5,TRUE,TRUE,1,SSP1_2_6,AM_85,experiment1
1,13.2051617686051,1,83,14.7076149799364,2.5,2.5,TRUE,TRUE,1,SSP1_2_6,AM_85,experiment1
10,12.7018698223287,1,83,14.7076149799364,2.5,2.5,TRUE,TRUE,1,SSP1_2_6,AM_85,experiment1
11,13.4836036480909,1,83,14.7076149799364,2.5,2.5,TRUE,TRUE,1,SSP1_2_6,AM_85,experiment1
10,12.1806600487647,1,83,14.7076149799364,2.5,2.5,TRUE,TRUE,1,SSP1_2_6,AM_85,experiment1
11,13.1144742215062,1,83,14.7076149799364,2.5,2.5,TRUE,TRUE,1,SSP1_2_6,AM_85,experiment1
6,13.2590772305859,1,83,14.7076149799364,2.5,2.5,TRUE,TRUE,1,SSP1_2_6,AM_85,experiment1
8,13.7147122730824,1,83,14.7076149799364,2.5,2.5,TRUE,TRUE,1,SSP1_2_6,AM_85,experiment1
9,14.9826176406366,1,83,14.7076149799364,2.5,2.5,TRUE,TRUE,1,SSP1_2_6,AM_85,experiment1
9,14.1386871867575,1,83,14.7076149799364,2.5,2.5,TRUE,TRUE,1,SSP1_2_6,AM_85,experiment1
7,13.629230803309,1,83,14.7076149799364,2.5,2.5,TRUE,TRUE,1,SSP1_2_6,AM_85,experiment1
10,12.5864283040731,1,83,14.7076149799364,2.5,2.5,TRUE,TRUE,1,SSP1_2_6,AM_85,experiment1
7,11.9233087244073,1,83,14.7076149799364,2.5,2.5,TRUE,TRUE,1,SSP1_2_6,AM_85,experiment1
8,14.6279367280007,1,83,14.7076149799364,2.5,2.5,TRUE,TRUE,1,SSP1_2_6,AM_85,experiment1
7,14.4235288085339,1,83,14.7076149799364,2.5,2.5,TRUE,TRUE,1,SSP1_2_6,AM_85,experiment1
7,15.3726173719994,1,83,14.7076149799364,2.5,2.5,TRUE,TRUE,1,SSP1_2_6,AM_85,experiment1
7,12.9266710618684,1,83,14.7076149799364,2.5,2.5,TRUE,TRUE,1,SSP1_2_6,AM_85,experiment1
10,13.3205362623147,1,83,14.7076149799364,2.5,2.5,TRUE,TRUE,1,SSP1_2_6,AM_85,experiment1
5,13.1317189660387,1,83,14.7076149799364,2.5,2.5,TRUE,TRUE,1,SSP1_2_6,AM_85,experiment1
2,16.009891033294,1,83,14.7076149799364,2.5,2.5,TRUE,TRUE,1,SSP1_2_6,AM_85,experiment1
6,11.520013907503,1,83,14.7076149799364,2.5,2.5,TRUE,TRUE,1,SSP1_2_6,AM_85,experiment1
5,14.3033885163785,1,83,14.7076149799364,2.5,2.5,TRUE,TRUE,1,SSP1_2_6,AM_85,experiment1
8,12.474274400144,1,83,14.7076149799364,2.5,2.5,TRUE,TRUE,1,SSP1_2_6,AM_85,experiment1
8,14.2532991178774,1,83,14.7076149799364,2.5,2.5,TRUE,TRUE,1,SSP1_2_6,AM_85,experiment1
4,13.7485051530083,1,83,14.7076149799364,2.5,2.5,TRUE,TRUE,1,SSP1_2_6,AM_85,experiment1
11,13.1761395752032,1,83,14.7076149799364,2.5,2.5,TRUE,TRUE,1,SSP1_2_6,AM_85,experiment1
5,13.0593837235959,1,83,14.7076149799364,2.5,2.5,TRUE,TRUE,1,SSP1_2_6,AM_85,experiment1
10,13.8001825590439,1,83,14.7076149799364,2.5,2.5,TRUE,TRUE,1,SSP1_2_6,AM_85,experiment1
8,14.0776495962173,1,83,14.7076149799364,2.5,2.5,TRUE,TRUE,1,SSP1_2_6,AM_85,experiment1
10,11.358332662519,1,83,14.7076149799364,2.5,2.5,TRUE,TRUE,1,SSP1_2_6,AM_85,experiment1
8,13.0514753468824,1,83,14.7076149799364,2.5,2.5,TRUE,TRUE,1,SSP1_2_6,AM_85,experiment1
10,13.7582544687405,1,83,14.7076149799364,2.5,2.5,TRUE,TRUE,1,SSP1_2_6,AM_85,experiment1
8,11.9905149737405,1,83,14.7076149799364,2.5,2.5,TRUE,TRUE,1,SSP1_2_6,AM_85,experiment1
9,14.5658919139165,1,83,14.7076149799364,2.5,2.5,TRUE,TRUE,1,SSP1_2_6,AM_85,experiment1
6,13.6937787909111,1,83,14.7076149799364,2.5,2.5,TRUE,TRUE,1,SSP1_2_6,AM_85,experiment1
1,6.1424047861647,1,83,14.7076149799364,2.5,2.5,TRUE,TRUE,1,SSP1_2_6,AM_85,experiment1
7,13.3214776041303,1,83,14.7076149799364,2.5,2.5,TRUE,TRUE,1,SSP1_2_6,AM_85,experiment1
7,13.2830182522296,1,83,14.7076149799364,2.5,2.5,TRUE,TRUE,1,SSP1_2_6,AM_85,experiment1
8,12.9436065586455,1,83,14.7076149799364,2.5,2.5,TRUE,TRUE,1,SSP1_2_6,AM_85,experiment1
1,12.0648633909323,1,83,14.7076149799364,2.5,2.5,TRUE,TRUE,1,SSP1_2_6,AM_85,experiment1
8,14.605664622069,1,83,14.7076149799364,2.5,2.5,TRUE,TRUE,1,SSP1_2_6,AM_85,experiment1
6,12.4061691614749,1,83,14.7076149799364,2.5,2.5,TRUE,TRUE,1,SSP1_2_6,AM_85,experiment1
7,14.341491139133,1,83,14.7076149799364,2.5,2.5,TRUE,TRUE,1,SSP1_2_6,AM_85,experiment1
8,12.5904683033289,1,83,14.7076149799364,2.5,2.5,TRUE,TRUE,1,SSP1_2_6,AM_85,experiment1
9,12.5399299028836,1,83,14.7076149799364,2.5,2.5,TRUE,TRUE,1,SSP1_2_6,AM_85,experiment1
11,13.1539531589729,1,83,14.7076149799364,2.5,2.5,TRUE,TRUE,1,SSP1_2_6,AM_85,experiment1
6,14.8692223527248,1,83,14.7076149799364,2.5,2.5,TRUE,TRUE,1,SSP1_2_6,AM_85,experiment1
9,13.5228287253416,1,83,14.7076149799364,2.5,2.5,TRUE,TRUE,1,SSP1_2_6,AM_85,experiment1
7,12.954511599283,1,83,14.7076149799364,2.5,2.5,TRUE,TRUE,1,SSP1_2_6,AM_85,experiment1
6,14.7040416086149,1,83,14.7076149799364,2.5,2.5,TRUE,TRUE,1,SSP1_2_6,AM_85,experiment1
6,12.3783605253255,1,83,14.7076149799364,2.5,2.5,TRUE,TRUE,1,SSP1_2_6,AM_85,experiment1
6,13.0032035201711,1,83,14.7076149799364,2.5,2.5,TRUE,TRUE,1,SSP1_2_6,AM_85,experiment1
9,15.461716683632,1,83,14.7076149799364,2.5,2.5,TRUE,TRUE,1,SSP1_2_6,AM_85,experiment1
4,14.1326441802392,1,83,14.7076149799364,2.5,2.5,TRUE,TRUE,1,SSP1_2_6,AM_85,experiment1
5,12.6649399339735,1,83,14.7076149799364,2.5,2.5,TRUE,TRUE,1,SSP1_2_6,AM_85,experiment1
11,13.2292381184923,1,83,14.7076149799364,2.5,2.5,TRUE,TRUE,1,SSP1_2_6,AM_85,experiment1
7,11.8831016956747,1,83,14.7076149799364,2.5,2.5,TRUE,TRUE,1,SSP1_2_6,AM_85,experiment1
6,13.4037718905295,1,83,14.7076149799364,2.5,2.5,TRUE,TRUE,1,SSP1_2_6,AM_85,experiment1
11,13.2350655824373,1,83,14.7076149799364,2.5,2.5,TRUE,TRUE,1,SSP1_2_6,AM_85,experiment1
7,14.351463314231,1,83,14.7076149799364,2.5,2.5,TRUE,TRUE,1,SSP1_2_6,AM_85,experiment1
11,11.6324898479509,1,83,14.7076149799364,2.5,2.5,TRUE,TRUE,1,SSP1_2_6,AM_85,experiment1
7,14.1119176463245,1,83,14.7076149799364,2.5,2.5,TRUE,TRUE,1,SSP1_2_6,AM_85,experiment1
11,12.8444315088583,1,83,14.7076149799364,2.5,2.5,TRUE,TRUE,1,SSP1_2_6,AM_85,experiment1
7,13.3092274630618,1,83,14.7076149799364,2.5,2.5,TRUE,TRUE,1,SSP1_2_6,AM_85,experiment1
5,14.9071281108025,1,83,14.7076149799364,2.5,2.5,TRUE,TRUE,1,SSP1_2_6,AM_85,experiment1
11,15.2111027419632,1,83,14.7076149799364,2.5,2.5,TRUE,TRUE,1,SSP1_2_6,AM_85,experiment1
10,13.1821947333433,1,83,14.7076149799364,2.5,2.5,TRUE,TRUE,1,SSP1_2_6,AM_85,experiment1
8,13.7601659365101,1,83,14.7076149799364,2.5,2.5,TRUE,TRUE,1,SSP1_2_6,AM_85,experiment1
8,15.2697499822481,1,83,14.7076149799364,2.5,2.5,TRUE,TRUE,1,SSP1_2_6,AM_85,experiment1
10,11.9036332808245,1,83,14.7076149799364,2.5,2.5,TRUE,TRUE,1,SSP1_2_6,AM_85,experiment1
11,12.5972624640314,1,83,14.7076149799364,2.5,2.5,TRUE,TRUE,1,SSP1_2_6,AM_85,experiment1
6,12.9409532737541,1,83,14.7076149799364,2.5,2.5,TRUE,TRUE,1,SSP1_2_6,AM_85,experiment1
7,14.0481361982248,1,83,14.7076149799364,2.5,2.5,TRUE,TRUE,1,SSP1_2_6,AM_85,experiment1
10,14.4387854280509,1,83,14.7076149799364,2.5,2.5,TRUE,TRUE,1,SSP1_2_6,AM_85,experiment1
10,14.597142798942,1,83,14.7076149799364,2.5,2.5,TRUE,TRUE,1,SSP1_2_6,AM_85,experiment1
7,13.2652605781938,1,83,14.7076149799364,2.5,2.5,TRUE,TRUE,1,SSP1_2_6,AM_85,experiment1
9,14.4180106308034,1,83,14.7076149799364,2.5,2.5,TRUE,TRUE,1,SSP1_2_6,AM_85,experiment1
10,13.9756910073101,1,83,14.7076149799364,2.5,2.5,TRUE,TRUE,1,SSP1_2_6,AM_85,experiment1
8,13.8687104295773,1,83,14.7076149799364,2.5,2.5,TRUE,TRUE,1,SSP1_2_6,AM_85,experiment1
10,12.1388474053571,1,83,14.7076149799364,2.5,2.5,TRUE,TRUE,1,SSP1_2_6,AM_85,experiment1
6,13.3569192591033,1,83,14.7076149799364,2.5,2.5,TRUE,TRUE,1,SSP1_2_6,AM_85,experiment1
9,15.0639731093292,1,83,14.7076149799364,2.5,2.5,TRUE,TRUE,1,SSP1_2_6,AM_85,experiment1
11,13.1236487469014,1,83,14.7076149799364,2.5,2.5,TRUE,TRUE,1,SSP1_2_6,AM_85,experiment1
8,13.4065994265209,1,83,14.7076149799364,2.5,2.5,TRUE,TRUE,1,SSP1_2_6,AM_85,experiment1
5,13.5323284165154,1,83,14.7076149799364,2.5,2.5,TRUE,TRUE,1,SSP1_2_6,AM_85,experiment1
1,12.0905915229069,1,83,14.7076149799364,2.5,2.5,TRUE,TRUE,1,SSP1_2_6,AM_85,experiment1
6,13.7064636294357,1,83,14.7076149799364,2.5,2.5,TRUE,TRUE,1,SSP1_2_6,AM_85,experiment1
1,9.01898298751604,1,83,14.7076149799364,2.5,2.5,TRUE,TRUE,1,SSP1_2_6,AM_85,experiment1
5,12.5379638157977,1,83,14.7076149799364,2.5,2.5,TRUE,TRUE,1,SSP1_2_6,AM_85,experiment1
8,12.759624161904,1,83,14.7076149799364,2.5,2.5,TRUE,TRUE,1,SSP1_2_6,AM_85,experiment1
11,13.9282185283616,1,83,14.7076149799364,2.5,2.5,TRUE,TRUE,1,SSP1_2_6,AM_85,experiment1
11,13.5165963205117,1,83,14.7076149799364,2.5,2.5,TRUE,TRUE,1,SSP1_2_6,AM_85,experiment1
11,13.9031938734826,1,83,14.7076149799364,2.5,2.5,TRUE,TRUE,1,SSP1_2_6,AM_85,experiment1
4,14.5249176791283,1,83,14.7076149799364,2.5,2.5,TRUE,TRUE,1,SSP1_2_6,AM_85,experiment1
11,15.20580775682,1,83,14.7076149799364,2.5,2.5,TRUE,TRUE,1,SSP1_2_6,AM_85,experiment1
11,14.9913133694933,1,83,14.7076149799364,2.5,2.5,TRUE,TRUE,1,SSP1_2_6,AM_85,experiment1
11,15.0870520426102,1,83,14.7076149799364,2.5,2.5,TRUE,TRUE,1,SSP1_2_6,AM_85,experiment1
8,12.283831526376,1,83,14.7076149799364,2.5,2.5,TRUE,TRUE,1,SSP1_2_6,AM_85,experiment1
1,3.78397155546875,1,83,14.7076149799364,2.5,2.5,TRUE,TRUE,1,SSP1_2_6,AM_85,experiment1
7,10.3712396796144,1,83,14.7076149799364,2.5,2.5,TRUE,TRUE,1,SSP1_2_6,AM_85,experiment1
7,8.12178163511961,1,83,14.7076149799364,2.5,2.5,TRUE,TRUE,1,SSP1_2_6,AM_85,experiment1
8,12.7613740319463,1,83,14.7076149799364,2.5,2.5,TRUE,TRUE,1,SSP1_2_6,AM_85,experiment1
5,14.1434489157296,1,83,14.7076149799364,2.5,2.5,TRUE,TRUE,1,SSP1_2_6,AM_85,experiment1
11,14.0593665704536,1,83,14.7076149799364,2.5,2.5,TRUE,TRUE,1,SSP1_2_6,AM_85,experiment1
1,12.7575042558298,1,83,14.7076149799364,2.5,2.5,TRUE,TRUE,1,SSP1_2_6,AM_85,experiment1
10,13.5745110790814,1,83,14.7076149799364,2.5,2.5,TRUE,TRUE,1,SSP1_2_6,AM_85,experiment1
7,12.5762967646117,1,83,14.7076149799364,2.5,2.5,TRUE,TRUE,1,SSP1_2_6,AM_85,experiment1
6,14.3554893819102,1,83,14.7076149799364,2.5,2.5,TRUE,TRUE,1,SSP1_2_6,AM_85,experiment1
9,12.1086893690704,1,83,14.7076149799364,2.5,2.5,TRUE,TRUE,1,SSP1_2_6,AM_85,experiment1
11,14.6614714916737,1,83,14.7076149799364,2.5,2.5,TRUE,TRUE,1,SSP1_2_6,AM_85,experiment1
7,14.6395351984149,1,83,14.7076149799364,2.5,2.5,TRUE,TRUE,1,SSP1_2_6,AM_85,experiment1
6,14.4253045225816,1,83,14.7076149799364,2.5,2.5,TRUE,TRUE,1,SSP1_2_6,AM_85,experiment1
11,12.3130949507377,1,83,14.7076149799364,2.5,2.5,TRUE,TRUE,1,SSP1_2_6,AM_85,experiment1
10,14.2638248285023,1,83,14.7076149799364,2.5,2.5,TRUE,TRUE,1,SSP1_2_6,AM_85,experiment1
9,10.9473955622418,1,83,14.7076149799364,2.5,2.5,TRUE,TRUE,1,SSP1_2_6,AM_85,experiment1
7,15.0534601000553,1,83,14.7076149799364,2.5,2.5,TRUE,TRUE,1,SSP1_2_6,AM_85,experiment1
9,15.4273912314297,1,83,14.7076149799364,2.5,2.5,TRUE,TRUE,1,SSP1_2_6,AM_85,experiment1
6,13.5573306986851,1,83,14.7076149799364,2.5,2.5,TRUE,TRUE,1,SSP1_2_6,AM_85,experiment1
1,2.18416875,1,83,14.7076149799364,2.5,2.5,TRUE,TRUE,1,SSP1_2_6,AM_85,experiment1
6,14.9750746145413,1,83,14.7076149799364,2.5,2.5,TRUE,TRUE,1,SSP1_2_6,AM_85,experiment1
7,11.6498499394736,1,83,14.7076149799364,2.5,2.5,TRUE,TRUE,1,SSP1_2_6,AM_85,experiment1
9,14.4426580823311,1,83,14.7076149799364,2.5,2.5,TRUE,TRUE,1,SSP1_2_6,AM_85,experiment1
9,14.1874096921383,1,83,14.7076149799364,2.5,2.5,TRUE,TRUE,1,SSP1_2_6,AM_85,experiment1
9,14.7166605107717,1,83,14.7076149799364,2.5,2.5,TRUE,TRUE,1,SSP1_2_6,AM_85,experiment1
10,14.2096900481977,1,83,14.7076149799364,2.5,2.5,TRUE,TRUE,1,SSP1_2_6,AM_85,experiment1
8,12.8119028314305,1,83,14.7076149799364,2.5,2.5,TRUE,TRUE,1,SSP1_2_6,AM_85,experiment1
1,13.4247169921393,1,83,14.7076149799364,2.5,2.5,TRUE,TRUE,1,SSP1_2_6,AM_85,experiment1
10,12.95726324082,1,83,14.7076149799364,2.5,2.5,TRUE,TRUE,1,SSP1_2_6,AM_85,experiment1
7,12.618187218836,1,83,14.7076149799364,2.5,2.5,TRUE,TRUE,1,SSP1_2_6,AM_85,experiment1
9,12.5562006700607,1,83,14.7076149799364,2.5,2.5,TRUE,TRUE,1,SSP1_2_6,AM_85,experiment1
9,12.3478673858609,1,83,14.7076149799364,2.5,2.5,TRUE,TRUE,1,SSP1_2_6,AM_85,experiment1
9,13.6704600246166,1,83,14.7076149799364,2.5,2.5,TRUE,TRUE,1,SSP1_2_6,AM_85,experiment1
7,13.9527759122804,1,83,14.7076149799364,2.5,2.5,TRUE,TRUE,1,SSP1_2_6,AM_85,experiment1
8,10.9287155849671,1,83,14.7076149799364,2.5,2.5,TRUE,TRUE,1,SSP1_2_6,AM_85,experiment1
9,13.5439164172175,1,83,14.7076149799364,2.5,2.5,TRUE,TRUE,1,SSP1_2_6,AM_85,experiment1
11,13.0792136868638,1,83,14.7076149799364,2.5,2.5,TRUE,TRUE,1,SSP1_2_6,AM_85,experiment1
6,14.592536487228,1,83,14.7076149799364,2.5,2.5,TRUE,TRUE,1,SSP1_2_6,AM_85,experiment1
10,14.4068046846211,1,83,14.7076149799364,2.5,2.5,TRUE,TRUE,1,SSP1_2_6,AM_85,experiment1
8,14.0485978403764,1,83,14.7076149799364,2.5,2.5,TRUE,TRUE,1,SSP1_2_6,AM_85,experiment1
11,14.0271456673549,1,83,14.7076149799364,2.5,2.5,TRUE,TRUE,1,SSP1_2_6,AM_85,experiment1
8,11.9784937770408,1,83,14.7076149799364,2.5,2.5,TRUE,TRUE,1,SSP1_2_6,AM_85,experiment1
11,12.1489328716216,1,83,14.7076149799364,2.5,2.5,TRUE,TRUE,1,SSP1_2_6,AM_85,experiment1
8,14.0838976174985,1,83,14.7076149799364,2.5,2.5,TRUE,TRUE,1,SSP1_2_6,AM_85,experiment1
6,13.00299905951,1,83,14.7076149799364,2.5,2.5,TRUE,TRUE,1,SSP1_2_6,AM_85,experiment1
7,12.8355181777499,1,83,14.7076149799364,2.5,2.5,TRUE,TRUE,1,SSP1_2_6,AM_85,experiment1
7,12.0452849637395,1,83,14.7076149799364,2.5,2.5,TRUE,TRUE,1,SSP1_2_6,AM_85,experiment1
9,15.1448351340654,1,83,14.7076149799364,2.5,2.5,TRUE,TRUE,1,SSP1_2_6,AM_85,experiment1
1,2.44138125,1,83,14.7076149799364,2.5,2.5,TRUE,TRUE,1,SSP1_2_6,AM_85,experiment1
4,13.666277921137,1,83,14.7076149799364,2.5,2.5,TRUE,TRUE,1,SSP1_2_6,AM_85,experiment1
8,14.8188230890539,1,83,14.7076149799364,2.5,2.5,TRUE,TRUE,1,SSP1_2_6,AM_85,experiment1
11,3.36959231523647,1,83,14.7076149799364,2.5,2.5,TRUE,TRUE,1,SSP1_2_6,AM_85,experiment1
9,14.3128453492229,1,83,14.7076149799364,2.5,2.5,TRUE,TRUE,1,SSP1_2_6,AM_85,experiment1
8,13.2331566886898,1,83,14.7076149799364,2.5,2.5,TRUE,TRUE,1,SSP1_2_6,AM_85,experiment1
10,14.5173992311356,1,83,14.7076149799364,2.5,2.5,TRUE,TRUE,1,SSP1_2_6,AM_85,experiment1
10,12.8639655778979,1,83,14.7076149799364,2.5,2.5,TRUE,TRUE,1,SSP1_2_6,AM_85,experiment1
8,15.1432790353805,1,83,14.7076149799364,2.5,2.5,TRUE,TRUE,1,SSP1_2_6,AM_85,experiment1
8,9.1860058270743,1,83,14.7076149799364,2.5,2.5,TRUE,TRUE,1,SSP1_2_6,AM_85,experiment1
9,14.4356230254874,1,83,14.7076149799364,2.5,2.5,TRUE,TRUE,1,SSP1_2_6,AM_85,experiment1
10,13.7461194649934,1,83,14.7076149799364,2.5,2.5,TRUE,TRUE,1,SSP1_2_6,AM_85,experiment1
6,12.8189013829702,1,83,14.7076149799364,2.5,2.5,TRUE,TRUE,1,SSP1_2_6,AM_85,experiment1
10,13.0573580048468,1,83,14.7076149799364,2.5,2.5,TRUE,TRUE,1,SSP1_2_6,AM_85,experiment1
11,14.4617849459187,1,83,14.7076149799364,2.5,2.5,TRUE,TRUE,1,SSP1_2_6,AM_85,experiment1
9,13.3403643143707,1,83,14.7076149799364,2.5,2.5,TRUE,TRUE,1,SSP1_2_6,AM_85,experiment1
10,12.9815053198247,1,83,14.7076149799364,2.5,2.5,TRUE,TRUE,1,SSP1_2_6,AM_85,experiment1
6,13.3546043264854,1,83,14.7076149799364,2.5,2.5,TRUE,TRUE,1,SSP1_2_6,AM_85,experiment1
7,14.4716073229102,1,83,14.7076149799364,2.5,2.5,TRUE,TRUE,1,SSP1_2_6,AM_85,experiment1
9,13.256570701381,1,83,14.7076149799364,2.5,2.5,TRUE,TRUE,1,SSP1_2_6,AM_85,experiment1
8,13.2860830477636,1,83,14.7076149799364,2.5,2.5,TRUE,TRUE,1,SSP1_2_6,AM_85,experiment1
1,11.6381506181654,1,83,14.7076149799364,2.5,2.5,TRUE,TRUE,1,SSP1_2_6,AM_85,experiment1
10,15.1494160326149,1,83,14.7076149799364,2.5,2.5,TRUE,TRUE,1,SSP1_2_6,AM_85,experiment1
10,14.5997142085581,1,83,14.7076149799364,2.5,2.5,TRUE,TRUE,1,SSP1_2_6,AM_85,experiment1
6,14.0214994443698,1,83,14.7076149799364,2.5,2.5,TRUE,TRUE,1,SSP1_2_6,AM_85,experiment1
6,12.750221186851,1,83,14.7076149799364,2.5,2.5,TRUE,TRUE,1,SSP1_2_6,AM_85,experiment1
8,11.1478857595579,1,83,14.7076149799364,2.5,2.5,TRUE,TRUE,1,SSP1_2_6,AM_85,experiment1
1,9.74542652837275,1,83,14.7076149799364,2.5,2.5,TRUE,TRUE,1,SSP1_2_6,AM_85,experiment1
8,15.1805062566965,1,83,14.7076149799364,2.5,2.5,TRUE,TRUE,1,SSP1_2_6,AM_85,experiment1
9,12.4209482588319,1,83,14.7076149799364,2.5,2.5,TRUE,TRUE,1,SSP1_2_6,AM_85,experiment1
9,14.3914537826018,1,83,14.7076149799364,2.5,2.5,TRUE,TRUE,1,SSP1_2_6,AM_85,experiment1
9,11.1023709578932,1,83,14.7076149799364,2.5,2.5,TRUE,TRUE,1,SSP1_2_6,AM_85,experiment1
9,13.7256716594402,1,83,14.7076149799364,2.5,2.5,TRUE,TRUE,1,SSP1_2_6,AM_85,experiment1
6,14.8459062424156,1,83,14.7076149799364,2.5,2.5,TRUE,TRUE,1,SSP1_2_6,AM_85,experiment1
7,9.16986924642892,1,83,14.7076149799364,2.5,2.5,TRUE,TRUE,1,SSP1_2_6,AM_85,experiment1
11,12.3455680802365,1,83,14.7076149799364,2.5,2.5,TRUE,TRUE,1,SSP1_2_6,AM_85,experiment1
11,15.0266976676354,1,83,14.7076149799364,2.5,2.5,TRUE,TRUE,1,SSP1_2_6,AM_85,experiment1
1,11.2202257037752,1,83,14.7076149799364,2.5,2.5,TRUE,TRUE,1,SSP1_2_6,AM_85,experiment1
10,15.1645920947513,1,83,14.7076149799364,2.5,2.5,TRUE,TRUE,1,SSP1_2_6,AM_85,experiment1
6,14.6319684311841,1,83,14.7076149799364,2.5,2.5,TRUE,TRUE,1,SSP1_2_6,AM_85,experiment1
9,13.6269076438885,1,83,14.7076149799364,2.5,2.5,TRUE,TRUE,1,SSP1_2_6,AM_85,experiment1
4,14.0805511167073,1,83,14.7076149799364,2.5,2.5,TRUE,TRUE,1,SSP1_2_6,AM_85,experiment1
7,15.2250422491553,1,83,14.7076149799364,2.5,2.5,TRUE,TRUE,1,SSP1_2_6,AM_85,experiment1
7,13.919115633558,1,83,14.7076149799364,2.5,2.5,TRUE,TRUE,1,SSP1_2_6,AM_85,experiment1
8,14.8272103996188,1,83,14.7076149799364,2.5,2.5,TRUE,TRUE,1,SSP1_2_6,AM_85,experiment1
1,12.083857989347,1,83,14.7076149799364,2.5,2.5,TRUE,TRUE,1,SSP1_2_6,AM_85,experiment1
1,6.77695864386191,1,83,14.7076149799364,2.5,2.5,TRUE,TRUE,1,SSP1_2_6,AM_85,experiment1
9,13.4184530124761,1,83,14.7076149799364,2.5,2.5,TRUE,TRUE,1,SSP1_2_6,AM_85,experiment1
6,13.5722231835328,1,83,14.7076149799364,2.5,2.5,TRUE,TRUE,1,SSP1_2_6,AM_85,experiment1
7,13.4325676883205,1,83,14.7076149799364,2.5,2.5,TRUE,TRUE,1,SSP1_2_6,AM_85,experiment1
9,14.0561475889194,1,83,14.7076149799364,2.5,2.5,TRUE,TRUE,1,SSP1_2_6,AM_85,experiment1
10,9.30758931137648,1,83,14.7076149799364,2.5,2.5,TRUE,TRUE,1,SSP1_2_6,AM_85,experiment1
1,12.5801662536089,1,83,14.7076149799364,2.5,2.5,TRUE,TRUE,1,SSP1_2_6,AM_85,experiment1
11,13.0666911187271,1,83,14.7076149799364,2.5,2.5,TRUE,TRUE,1,SSP1_2_6,AM_85,experiment1
6,12.169579525313,1,83,14.7076149799364,2.5,2.5,TRUE,TRUE,1,SSP1_2_6,AM_85,experiment1
11,11.9539775630418,1,83,14.7076149799364,2.5,2.5,TRUE,TRUE,1,SSP1_2_6,AM_85,experiment1
8,12.892444517863,1,83,14.7076149799364,2.5,2.5,TRUE,TRUE,1,SSP1_2_6,AM_85,experiment1
10,14.9567061756437,1,83,14.7076149799364,2.5,2.5,TRUE,TRUE,1,SSP1_2_6,AM_85,experiment1
11,14.8481526373997,1,83,14.7076149799364,2.5,2.5,TRUE,TRUE,1,SSP1_2_6,AM_85,experiment1
6,13.3205914417292,1,83,14.7076149799364,2.5,2.5,TRUE,TRUE,1,SSP1_2_6,AM_85,experiment1
8,14.4767875378583,1,83,14.7076149799364,2.5,2.5,TRUE,TRUE,1,SSP1_2_6,AM_85,experiment1
9,13.7040740977672,1,83,14.7076149799364,2.5,2.5,TRUE,TRUE,1,SSP1_2_6,AM_85,experiment1
9,13.88155429234,1,83,14.7076149799364,2.5,2.5,TRUE,TRUE,1,SSP1_2_6,AM_85,experiment1
1,5.32045414789794,1,83,14.7076149799364,2.5,2.5,TRUE,TRUE,1,SSP1_2_6,AM_85,experiment1
7,14.3884128171868,1,83,14.7076149799364,2.5,2.5,TRUE,TRUE,1,SSP1_2_6,AM_85,experiment1
11,13.6550919149413,1,83,14.7076149799364,2.5,2.5,TRUE,TRUE,1,SSP1_2_6,AM_85,experiment1
7,12.5337286233795,1,83,14.7076149799364,2.5,2.5,TRUE,TRUE,1,SSP1_2_6,AM_85,experiment1
11,14.0694455781672,1,83,14.7076149799364,2.5,2.5,TRUE,TRUE,1,SSP1_2_6,AM_85,experiment1
10,11.5706867712382,1,83,14.7076149799364,2.5,2.5,TRUE,TRUE,1,SSP1_2_6,AM_85,experiment1
6,12.3586590501477,1,83,14.7076149799364,2.5,2.5,TRUE,TRUE,1,SSP1_2_6,AM_85,experiment1
7,10.6877198114027,1,83,14.7076149799364,2.5,2.5,TRUE,TRUE,1,SSP1_2_6,AM_85,experiment1
7,15.3329898579767,1,83,14.7076149799364,2.5,2.5,TRUE,TRUE,1,SSP1_2_6,AM_85,experiment1
1,12.2300298084928,1,83,14.7076149799364,2.5,2.5,TRUE,TRUE,1,SSP1_2_6,AM_85,experiment1
9,12.4828585644229,1,83,14.7076149799364,2.5,2.5,TRUE,TRUE,1,SSP1_2_6,AM_85,experiment1
10,12.1743393256858,1,83,14.7076149799364,2.5,2.5,TRUE,TRUE,1,SSP1_2_6,AM_85,experiment1
8,10.4744327747741,1,83,14.7076149799364,2.5,2.5,TRUE,TRUE,1,SSP1_2_6,AM_85,experiment1
5,15.4307271310347,1,83,14.7076149799364,2.5,2.5,TRUE,TRUE,1,SSP1_2_6,AM_85,experiment1
8,14.5005623902953,1,83,14.7076149799364,2.5,2.5,TRUE,TRUE,1,SSP1_2_6,AM_85,experiment1
1,14.0436681811341,1,83,14.7076149799364,2.5,2.5,TRUE,TRUE,1,SSP1_2_6,AM_85,experiment1
8,12.9068410778656,1,83,14.7076149799364,2.5,2.5,TRUE,TRUE,1,SSP1_2_6,AM_85,experiment1
9,12.9781697572956,1,83,14.7076149799364,2.5,2.5,TRUE,TRUE,1,SSP1_2_6,AM_85,experiment1
6,13.5197469675996,1,83,14.7076149799364,2.5,2.5,TRUE,TRUE,1,SSP1_2_6,AM_85,experiment1
6,12.2568768710011,1,83,14.7076149799364,2.5,2.5,TRUE,TRUE,1,SSP1_2_6,AM_85,experiment1
5,15.0367918801388,1,83,14.7076149799364,2.5,2.5,TRUE,TRUE,1,SSP1_2_6,AM_85,experiment1
11,13.776263392054,1,83,14.7076149799364,2.5,2.5,TRUE,TRUE,1,SSP1_2_6,AM_85,experiment1
1,10.9171755903032,1,83,14.7076149799364,2.5,2.5,TRUE,TRUE,1,SSP1_2_6,AM_85,experiment1
6,13.9179680596395,1,83,14.7076149799364,2.5,2.5,TRUE,TRUE,1,SSP1_2_6,AM_85,experiment1
4,11.9645267723992,1,83,14.7076149799364,2.5,2.5,TRUE,TRUE,1,SSP1_2_6,AM_85,experiment1
10,13.2378305197288,1,83,14.7076149799364,2.5,2.5,TRUE,TRUE,1,SSP1_2_6,AM_85,experiment1
8,13.5688887596343,1,83,14.7076149799364,2.5,2.5,TRUE,TRUE,1,SSP1_2_6,AM_85,experiment1
8,11.3940742639791,1,83,14.7076149799364,2.5,2.5,TRUE,TRUE,1,SSP1_2_6,AM_85,experiment1
7,13.539808997992,1,83,14.7076149799364,2.5,2.5,TRUE,TRUE,1,SSP1_2_6,AM_85,experiment1
1,8.62900543382317,1,83,14.7076149799364,2.5,2.5,TRUE,TRUE,1,SSP1_2_6,AM_85,experiment1
10,12.7405440137181,1,83,14.7076149799364,2.5,2.5,TRUE,TRUE,1,SSP1_2_6,AM_85,experiment1
8,10.9904633364813,1,83,14.7076149799364,2.5,2.5,TRUE,TRUE,1,SSP1_2_6,AM_85,experiment1
8,13.4803620853322,1,83,14.7076149799364,2.5,2.5,TRUE,TRUE,1,SSP1_2_6,AM_85,experiment1
9,13.953554081968,1,83,14.7076149799364,2.5,2.5,TRUE,TRUE,1,SSP1_2_6,AM_85,experiment1
1,12.9112049199869,1,83,14.7076149799364,2.5,2.5,TRUE,TRUE,1,SSP1_2_6,AM_85,experiment1
11,14.1539421269277,1,83,14.7076149799364,2.5,2.5,TRUE,TRUE,1,SSP1_2_6,AM_85,experiment1
3,14.8782986367654,1,83,14.7076149799364,2.5,2.5,TRUE,TRUE,1,SSP1_2_6,AM_85,experiment1
11,12.284882197766,1,83,14.7076149799364,2.5,2.5,TRUE,TRUE,1,SSP1_2_6,AM_85,experiment1
5,12.7010810687899,1,83,14.7076149799364,2.5,2.5,TRUE,TRUE,1,SSP1_2_6,AM_85,experiment1
8,12.5241479462505,1,83,14.7076149799364,2.5,2.5,TRUE,TRUE,1,SSP1_2_6,AM_85,experiment1
1,11.0239280892444,1,83,14.7076149799364,2.5,2.5,TRUE,TRUE,1,SSP1_2_6,AM_85,experiment1
9,14.1091247317114,1,83,14.7076149799364,2.5,2.5,TRUE,TRUE,1,SSP1_2_6,AM_85,experiment1
9,12.7804821933364,1,83,14.7076149799364,2.5,2.5,TRUE,TRUE,1,SSP1_2_6,AM_85,experiment1
6,13.9404626962483,1,83,14.7076149799364,2.5,2.5,TRUE,TRUE,1,SSP1_2_6,AM_85,experiment1
8,13.5688560786044,1,83,14.7076149799364,2.5,2.5,TRUE,TRUE,1,SSP1_2_6,AM_85,experiment1
10,14.2259119136961,1,83,14.7076149799364,2.5,2.5,TRUE,TRUE,1,SSP1_2_6,AM_85,experiment1
7,14.8443173961223,1,83,14.7076149799364,2.5,2.5,TRUE,TRUE,1,SSP1_2_6,AM_85,experiment1
5,8.93690861174233,1,83,14.7076149799364,2.5,2.5,TRUE,TRUE,1,SSP1_2_6,AM_85,experiment1
9,14.2502273820223,1,83,14.7076149799364,2.5,2.5,TRUE,TRUE,1,SSP1_2_6,AM_85,experiment1
11,13.528957368937,1,83,14.7076149799364,2.5,2.5,TRUE,TRUE,1,SSP1_2_6,AM_85,experiment1
8,14.5195617278516,1,83,14.7076149799364,2.5,2.5,TRUE,TRUE,1,SSP1_2_6,AM_85,experiment1
6,14.7308625393645,1,83,14.7076149799364,2.5,2.5,TRUE,TRUE,1,SSP1_2_6,AM_85,experiment1
3,15.0410721335983,1,83,14.7076149799364,2.5,2.5,TRUE,TRUE,1,SSP1_2_6,AM_85,experiment1
2,14.4557244593381,1,83,14.7076149799364,2.5,2.5,TRUE,TRUE,1,SSP1_2_6,AM_85,experiment1
7,14.6328042142843,1,83,14.7076149799364,2.5,2.5,TRUE,TRUE,1,SSP1_2_6,AM_85,experiment1
1,2.7905359375,1,83,14.7076149799364,2.5,2.5,TRUE,TRUE,1,SSP1_2_6,AM_85,experiment1
9,11.8003654181032,1,83,14.7076149799364,2.5,2.5,TRUE,TRUE,1,SSP1_2_6,AM_85,experiment1
6,14.232476029502,1,83,14.7076149799364,2.5,2.5,TRUE,TRUE,1,SSP1_2_6,AM_85,experiment1
5,14.8712264355844,1,83,14.7076149799364,2.5,2.5,TRUE,TRUE,1,SSP1_2_6,AM_85,experiment1
6,13.3469827571662,1,83,14.7076149799364,2.5,2.5,TRUE,TRUE,1,SSP1_2_6,AM_85,experiment1
11,12.9332671699129,1,83,14.7076149799364,2.5,2.5,TRUE,TRUE,1,SSP1_2_6,AM_85,experiment1
9,12.2049551599285,1,83,14.7076149799364,2.5,2.5,TRUE,TRUE,1,SSP1_2_6,AM_85,experiment1
10,15.2904651766109,1,83,14.7076149799364,2.5,2.5,TRUE,TRUE,1,SSP1_2_6,AM_85,experiment1
8,13.4028400883809,1,83,14.7076149799364,2.5,2.5,TRUE,TRUE,1,SSP1_2_6,AM_85,experiment1
10,15.7400160893477,1,83,14.7076149799364,2.5,2.5,TRUE,TRUE,1,SSP1_2_6,AM_85,experiment1
2,13.0296220963987,1,83,14.7076149799364,2.5,2.5,TRUE,TRUE,1,SSP1_2_6,AM_85,experiment1
8,14.9472095096951,1,83,14.7076149799364,2.5,2.5,TRUE,TRUE,1,SSP1_2_6,AM_85,experiment1
8,12.7215425375452,1,83,14.7076149799364,2.5,2.5,TRUE,TRUE,1,SSP1_2_6,AM_85,experiment1
1,8.72114928881587,1,83,14.7076149799364,2.5,2.5,TRUE,TRUE,1,SSP1_2_6,AM_85,experiment1
9,14.6225196981609,1,83,14.7076149799364,2.5,2.5,TRUE,TRUE,1,SSP1_2_6,AM_85,experiment1
9,14.1164853945631,1,83,14.7076149799364,2.5,2.5,TRUE,TRUE,1,SSP1_2_6,AM_85,experiment1
4,13.7206328236798,1,83,14.7076149799364,2.5,2.5,TRUE,TRUE,1,SSP1_2_6,AM_85,experiment1
10,13.7418608146568,1,83,14.7076149799364,2.5,2.5,TRUE,TRUE,1,SSP1_2_6,AM_85,experiment1
6,14.0543068761897,1,83,14.7076149799364,2.5,2.5,TRUE,TRUE,1,SSP1_2_6,AM_85,experiment1
10,14.3798680145674,1,83,14.7076149799364,2.5,2.5,TRUE,TRUE,1,SSP1_2_6,AM_85,experiment1
6,11.3663687055831,1,83,14.7076149799364,2.5,2.5,TRUE,TRUE,1,SSP1_2_6,AM_85,experiment1
6,9.83455381266222,1,83,14.7076149799364,2.5,2.5,TRUE,TRUE,1,SSP1_2_6,AM_85,experiment1
7,13.9655287504675,1,83,14.7076149799364,2.5,2.5,TRUE,TRUE,1,SSP1_2_6,AM_85,experiment1
9,14.9355202496149,1,83,14.7076149799364,2.5,2.5,TRUE,TRUE,1,SSP1_2_6,AM_85,experiment1
7,14.3752257368258,1,83,14.7076149799364,2.5,2.5,TRUE,TRUE,1,SSP1_2_6,AM_85,experiment1
9,13.1946595186754,1,83,14.7076149799364,2.5,2.5,TRUE,TRUE,1,SSP1_2_6,AM_85,experiment1
8,14.2036302722871,1,83,14.7076149799364,2.5,2.5,TRUE,TRUE,1,SSP1_2_6,AM_85,experiment1
9,12.60091486758,1,83,14.7076149799364,2.5,2.5,TRUE,TRUE,1,SSP1_2_6,AM_85,experiment1
10,14.969633369542,1,83,14.7076149799364,2.5,2.5,TRUE,TRUE,1,SSP1_2_6,AM_85,experiment1
7,13.7196901874314,1,83,14.7076149799364,2.5,2.5,TRUE,TRUE,1,SSP1_2_6,AM_85,experiment1
8,13.3955814198631,1,83,14.7076149799364,2.5,2.5,TRUE,TRUE,1,SSP1_2_6,AM_85,experiment1
9,15.4480371382572,1,83,14.7076149799364,2.5,2.5,TRUE,TRUE,1,SSP1_2_6,AM_85,experiment1
10,12.8901815164633,1,83,14.7076149799364,2.5,2.5,TRUE,TRUE,1,SSP1_2_6,AM_85,experiment1
7,13.4204642933217,1,83,14.7076149799364,2.5,2.5,TRUE,TRUE,1,SSP1_2_6,AM_85,experiment1
6,14.4451750027601,1,83,14.7076149799364,2.5,2.5,TRUE,TRUE,1,SSP1_2_6,AM_85,experiment1
10,13.2904327745838,1,83,14.7076149799364,2.5,2.5,TRUE,TRUE,1,SSP1_2_6,AM_85,experiment1
9,9.83389933593333,1,83,14.7076149799364,2.5,2.5,TRUE,TRUE,1,SSP1_2_6,AM_85,experiment1
9,14.6554635731412,1,83,14.7076149799364,2.5,2.5,TRUE,TRUE,1,SSP1_2_6,AM_85,experiment1
11,15.2540760772667,1,83,14.7076149799364,2.5,2.5,TRUE,TRUE,1,SSP1_2_6,AM_85,experiment1
10,14.9869290237381,1,83,14.7076149799364,2.5,2.5,TRUE,TRUE,1,SSP1_2_6,AM_85,experiment1
8,13.4026754897099,1,83,14.7076149799364,2.5,2.5,TRUE,TRUE,1,SSP1_2_6,AM_85,experiment1
4,13.4312130275144,1,83,14.7076149799364,2.5,2.5,TRUE,TRUE,1,SSP1_2_6,AM_85,experiment1
4,14.5387248086753,1,83,14.7076149799364,2.5,2.5,TRUE,TRUE,1,SSP1_2_6,AM_85,experiment1
7,14.9616393032909,1,83,14.7076149799364,2.5,2.5,TRUE,TRUE,1,SSP1_2_6,AM_85,experiment1
9,15.3924902339844,1,83,14.7076149799364,2.5,2.5,TRUE,TRUE,1,SSP1_2_6,AM_85,experiment1
5,13.5622358083499,1,83,14.7076149799364,2.5,2.5,TRUE,TRUE,1,SSP1_2_6,AM_85,experiment1
6,10.2653114894204,1,83,14.7076149799364,2.5,2.5,TRUE,TRUE,1,SSP1_2_6,AM_85,experiment1
7,13.1957729854844,1,83,14.7076149799364,2.5,2.5,TRUE,TRUE,1,SSP1_2_6,AM_85,experiment1
9,15.7700004423181,1,83,14.7076149799364,2.5,2.5,TRUE,TRUE,1,SSP1_2_6,AM_85,experiment1
8,13.737290913904,1,83,14.7076149799364,2.5,2.5,TRUE,TRUE,1,SSP1_2_6,AM_85,experiment1
8,14.0111615599457,1,83,14.7076149799364,2.5,2.5,TRUE,TRUE,1,SSP1_2_6,AM_85,experiment1
6,11.2088239494793,1,83,14.7076149799364,2.5,2.5,TRUE,TRUE,1,SSP1_2_6,AM_85,experiment1
7,14.9856399947492,1,83,14.7076149799364,2.5,2.5,TRUE,TRUE,1,SSP1_2_6,AM_85,experiment1
8,14.3462359163352,1,83,14.7076149799364,2.5,2.5,TRUE,TRUE,1,SSP1_2_6,AM_85,experiment1
7,10.669373030516,1,83,14.7076149799364,2.5,2.5,TRUE,TRUE,1,SSP1_2_6,AM_85,experiment1
7,13.914155899123,1,83,14.7076149799364,2.5,2.5,TRUE,TRUE,1,SSP1_2_6,AM_85,experiment1
9,15.2361611689744,1,83,14.7076149799364,2.5,2.5,TRUE,TRUE,1,SSP1_2_6,AM_85,experiment1
10,14.6565458054194,1,83,14.7076149799364,2.5,2.5,TRUE,TRUE,1,SSP1_2_6,AM_85,experiment1
10,13.3695431928659,1,83,14.7076149799364,2.5,2.5,TRUE,TRUE,1,SSP1_2_6,AM_85,experiment1
8,13.412602425349,1,83,14.7076149799364,2.5,2.5,TRUE,TRUE,1,SSP1_2_6,AM_85,experiment1
9,13.2225260838521,1,83,14.7076149799364,2.5,2.5,TRUE,TRUE,1,SSP1_2_6,AM_85,experiment1
8,11.8991279834048,1,83,14.7076149799364,2.5,2.5,TRUE,TRUE,1,SSP1_2_6,AM_85,experiment1
10,15.6026458961397,1,83,14.7076149799364,2.5,2.5,TRUE,TRUE,1,SSP1_2_6,AM_85,experiment1
11,14.4921559093214,1,83,14.7076149799364,2.5,2.5,TRUE,TRUE,1,SSP1_2_6,AM_85,experiment1
1,5.70130085655627,1,83,14.7076149799364,2.5,2.5,TRUE,TRUE,1,SSP1_2_6,AM_85,experiment1
7,13.5944760398975,1,83,14.7076149799364,2.5,2.5,TRUE,TRUE,1,SSP1_2_6,AM_85,experiment1
7,14.8782002971512,1,83,14.7076149799364,2.5,2.5,TRUE,TRUE,1,SSP1_2_6,AM_85,experiment1
5,15.052935150732,1,83,14.7076149799364,2.5,2.5,TRUE,TRUE,1,SSP1_2_6,AM_85,experiment1
11,12.946332597803,1,83,14.7076149799364,2.5,2.5,TRUE,TRUE,1,SSP1_2_6,AM_85,experiment1
10,13.2706381910765,1,83,14.7076149799364,2.5,2.5,TRUE,TRUE,1,SSP1_2_6,AM_85,experiment1
11,11.7826753994672,1,83,14.7076149799364,2.5,2.5,TRUE,TRUE,1,SSP1_2_6,AM_85,experiment1
10,13.2219885913499,1,83,14.7076149799364,2.5,2.5,TRUE,TRUE,1,SSP1_2_6,AM_85,experiment1
6,12.3792306539268,1,83,14.7076149799364,2.5,2.5,TRUE,TRUE,1,SSP1_2_6,AM_85,experiment1
7,12.4675550365464,1,83,14.7076149799364,2.5,2.5,TRUE,TRUE,1,SSP1_2_6,AM_85,experiment1
7,13.3064562337713,1,83,14.7076149799364,2.5,2.5,TRUE,TRUE,1,SSP1_2_6,AM_85,experiment1
7,13.7710416857259,1,83,14.7076149799364,2.5,2.5,TRUE,TRUE,1,SSP1_2_6,AM_85,experiment1
1,4.69278783779883,1,83,14.7076149799364,2.5,2.5,TRUE,TRUE,1,SSP1_2_6,AM_85,experiment1
11,13.952250974856,1,83,14.7076149799364,2.5,2.5,TRUE,TRUE,1,SSP1_2_6,AM_85,experiment1
8,13.6004700787696,1,83,14.7076149799364,2.5,2.5,TRUE,TRUE,1,SSP1_2_6,AM_85,experiment1
8,13.985438578793,1,83,14.7076149799364,2.5,2.5,TRUE,TRUE,1,SSP1_2_6,AM_85,experiment1
9,14.3566614208402,1,83,14.7076149799364,2.5,2.5,TRUE,TRUE,1,SSP1_2_6,AM_85,experiment1
9,14.9585859634043,1,83,14.7076149799364,2.5,2.5,TRUE,TRUE,1,SSP1_2_6,AM_85,experiment1
9,11.1773013889788,1,83,14.7076149799364,2.5,2.5,TRUE,TRUE,1,SSP1_2_6,AM_85,experiment1
10,13.512001933462,1,83,14.7076149799364,2.5,2.5,TRUE,TRUE,1,SSP1_2_6,AM_85,experiment1
8,13.6234078402709,1,83,14.7076149799364,2.5,2.5,TRUE,TRUE,1,SSP1_2_6,AM_85,experiment1
9,14.4667068498898,1,83,14.7076149799364,2.5,2.5,TRUE,TRUE,1,SSP1_2_6,AM_85,experiment1
1,13.0257753103801,1,83,14.7076149799364,2.5,2.5,TRUE,TRUE,1,SSP1_2_6,AM_85,experiment1
7,13.6630455478191,1,83,14.7076149799364,2.5,2.5,TRUE,TRUE,1,SSP1_2_6,AM_85,experiment1
5,13.3357674991838,1,83,14.7076149799364,2.5,2.5,TRUE,TRUE,1,SSP1_2_6,AM_85,experiment1
1,11.7611215782072,1,83,14.7076149799364,2.5,2.5,TRUE,TRUE,1,SSP1_2_6,AM_85,experiment1
11,12.5924706682327,1,83,14.7076149799364,2.5,2.5,TRUE,TRUE,1,SSP1_2_6,AM_85,experiment1
8,14.1399463077445,1,83,14.7076149799364,2.5,2.5,TRUE,TRUE,1,SSP1_2_6,AM_85,experiment1
1,9.74716869241821,1,83,14.7076149799364,2.5,2.5,TRUE,TRUE,1,SSP1_2_6,AM_85,experiment1
8,10.7422254437209,1,83,14.7076149799364,2.5,2.5,TRUE,TRUE,1,SSP1_2_6,AM_85,experiment1
7,13.047632280645,1,83,14.7076149799364,2.5,2.5,TRUE,TRUE,1,SSP1_2_6,AM_85,experiment1
11,13.5888324878732,1,83,14.7076149799364,2.5,2.5,TRUE,TRUE,1,SSP1_2_6,AM_85,experiment1
9,13.1978455497122,1,83,14.7076149799364,2.5,2.5,TRUE,TRUE,1,SSP1_2_6,AM_85,experiment1
7,13.7644286976613,1,83,14.7076149799364,2.5,2.5,TRUE,TRUE,1,SSP1_2_6,AM_85,experiment1
8,14.4022777742573,1,83,14.7076149799364,2.5,2.5,TRUE,TRUE,1,SSP1_2_6,AM_85,experiment1
10,14.5520770873027,1,83,14.7076149799364,2.5,2.5,TRUE,TRUE,1,SSP1_2_6,AM_85,experiment1
7,14.322774512172,1,83,14.7076149799364,2.5,2.5,TRUE,TRUE,1,SSP1_2_6,AM_85,experiment1
7,14.5936156418656,1,83,14.7076149799364,2.5,2.5,TRUE,TRUE,1,SSP1_2_6,AM_85,experiment1
8,14.1093055778893,1,83,14.7076149799364,2.5,2.5,TRUE,TRUE,1,SSP1_2_6,AM_85,experiment1
7,13.3709741178896,1,83,14.7076149799364,2.5,2.5,TRUE,TRUE,1,SSP1_2_6,AM_85,experiment1
7,14.5857170225523,1,83,14.7076149799364,2.5,2.5,TRUE,TRUE,1,SSP1_2_6,AM_85,experiment1
8,11.0748573986308,1,83,14.7076149799364,2.5,2.5,TRUE,TRUE,1,SSP1_2_6,AM_85,experiment1
10,13.1046571787792,1,83,14.7076149799364,2.5,2.5,TRUE,TRUE,1,SSP1_2_6,AM_85,experiment1
10,12.1587314801992,1,83,14.7076149799364,2.5,2.5,TRUE,TRUE,1,SSP1_2_6,AM_85,experiment1
10,13.4976617318351,1,83,14.7076149799364,2.5,2.5,TRUE,TRUE,1,SSP1_2_6,AM_85,experiment1
1,11.8925217376422,1,83,14.7076149799364,2.5,2.5,TRUE,TRUE,1,SSP1_2_6,AM_85,experiment1
1,12.8044990602535,1,83,14.7076149799364,2.5,2.5,TRUE,TRUE,1,SSP1_2_6,AM_85,experiment1
10,11.1245928802613,1,83,14.7076149799364,2.5,2.5,TRUE,TRUE,1,SSP1_2_6,AM_85,experiment1
7,13.9227352308675,1,83,14.7076149799364,2.5,2.5,TRUE,TRUE,1,SSP1_2_6,AM_85,experiment1
9,13.393435134149,1,83,14.7076149799364,2.5,2.5,TRUE,TRUE,1,SSP1_2_6,AM_85,experiment1
8,15.6025595954351,1,83,14.7076149799364,2.5,2.5,TRUE,TRUE,1,SSP1_2_6,AM_85,experiment1
8,14.5579089878767,1,83,14.7076149799364,2.5,2.5,TRUE,TRUE,1,SSP1_2_6,AM_85,experiment1
7,14.7499038092078,1,83,14.7076149799364,2.5,2.5,TRUE,TRUE,1,SSP1_2_6,AM_85,experiment1
9,14.511698287931,1,83,14.7076149799364,2.5,2.5,TRUE,TRUE,1,SSP1_2_6,AM_85,experiment1
6,13.5355769134002,1,83,14.7076149799364,2.5,2.5,TRUE,TRUE,1,SSP1_2_6,AM_85,experiment1
1,13.218023842184,1,83,14.7076149799364,2.5,2.5,TRUE,TRUE,1,SSP1_2_6,AM_85,experiment1
11,13.4964613095711,1,83,14.7076149799364,2.5,2.5,TRUE,TRUE,1,SSP1_2_6,AM_85,experiment1
9,12.9505197956402,1,83,14.7076149799364,2.5,2.5,TRUE,TRUE,1,SSP1_2_6,AM_85,experiment1
8,13.520694191157,1,83,14.7076149799364,2.5,2.5,TRUE,TRUE,1,SSP1_2_6,AM_85,experiment1
9,12.7897314158674,1,83,14.7076149799364,2.5,2.5,TRUE,TRUE,1,SSP1_2_6,AM_85,experiment1
5,12.9918212914059,1,83,14.7076149799364,2.5,2.5,TRUE,TRUE,1,SSP1_2_6,AM_85,experiment1
6,14.5551075097747,1,83,14.7076149799364,2.5,2.5,TRUE,TRUE,1,SSP1_2_6,AM_85,experiment1
5,14.0526883678722,1,83,14.7076149799364,2.5,2.5,TRUE,TRUE,1,SSP1_2_6,AM_85,experiment1
11,13.6757499792483,1,83,14.7076149799364,2.5,2.5,TRUE,TRUE,1,SSP1_2_6,AM_85,experiment1
8,13.4539755879684,1,83,14.7076149799364,2.5,2.5,TRUE,TRUE,1,SSP1_2_6,AM_85,experiment1
8,13.9793919160149,1,83,14.7076149799364,2.5,2.5,TRUE,TRUE,1,SSP1_2_6,AM_85,experiment1
11,13.9267923371257,1,83,14.7076149799364,2.5,2.5,TRUE,TRUE,1,SSP1_2_6,AM_85,experiment1
9,15.1353053421689,1,83,14.7076149799364,2.5,2.5,TRUE,TRUE,1,SSP1_2_6,AM_85,experiment1
1,13.7951432321711,1,83,14.7076149799364,2.5,2.5,TRUE,TRUE,1,SSP1_2_6,AM_85,experiment1
10,5.524119666946,1,83,14.7076149799364,2.5,2.5,TRUE,TRUE,1,SSP1_2_6,AM_85,experiment1
11,14.5064089328348,1,83,14.7076149799364,2.5,2.5,TRUE,TRUE,1,SSP1_2_6,AM_85,experiment1
1,10.9345688095391,1,83,14.7076149799364,2.5,2.5,TRUE,TRUE,1,SSP1_2_6,AM_85,experiment1
1,8.82026469126222,1,83,14.7076149799364,2.5,2.5,TRUE,TRUE,1,SSP1_2_6,AM_85,experiment1
7,12.5558195562881,1,83,14.7076149799364,2.5,2.5,TRUE,TRUE,1,SSP1_2_6,AM_85,experiment1
6,14.1241394240252,1,83,14.7076149799364,2.5,2.5,TRUE,TRUE,1,SSP1_2_6,AM_85,experiment1
6,13.4292905313548,1,83,14.7076149799364,2.5,2.5,TRUE,TRUE,1,SSP1_2_6,AM_85,experiment1
10,16.4502679016127,1,83,14.7076149799364,2.5,2.5,TRUE,TRUE,1,SSP1_2_6,AM_85,experiment1
9,14.2371254691257,1,83,14.7076149799364,2.5,2.5,TRUE,TRUE,1,SSP1_2_6,AM_85,experiment1
10,13.7537372901192,1,83,14.7076149799364,2.5,2.5,TRUE,TRUE,1,SSP1_2_6,AM_85,experiment1
9,13.8190581828707,1,83,14.7076149799364,2.5,2.5,TRUE,TRUE,1,SSP1_2_6,AM_85,experiment1
9,12.9331794081118,1,83,14.7076149799364,2.5,2.5,TRUE,TRUE,1,SSP1_2_6,AM_85,experiment1
11,13.3696413244609,1,83,14.7076149799364,2.5,2.5,TRUE,TRUE,1,SSP1_2_6,AM_85,experiment1
9,12.8503426604613,1,83,14.7076149799364,2.5,2.5,TRUE,TRUE,1,SSP1_2_6,AM_85,experiment1
8,8.99891851220389,1,83,14.7076149799364,2.5,2.5,TRUE,TRUE,1,SSP1_2_6,AM_85,experiment1
11,14.1929067028668,1,83,14.7076149799364,2.5,2.5,TRUE,TRUE,1,SSP1_2_6,AM_85,experiment1
4,13.4414166345141,1,83,14.7076149799364,2.5,2.5,TRUE,TRUE,1,SSP1_2_6,AM_85,experiment1
9,13.4210384775163,1,83,14.7076149799364,2.5,2.5,TRUE,TRUE,1,SSP1_2_6,AM_85,experiment1
11,13.9870771914944,1,83,14.7076149799364,2.5,2.5,TRUE,TRUE,1,SSP1_2_6,AM_85,experiment1
10,13.153679896213,1,83,14.7076149799364,2.5,2.5,TRUE,TRUE,1,SSP1_2_6,AM_85,experiment1
1,12.9829871783539,1,83,14.7076149799364,2.5,2.5,TRUE,TRUE,1,SSP1_2_6,AM_85,experiment1
8,12.7816260611503,1,83,14.7076149799364,2.5,2.5,TRUE,TRUE,1,SSP1_2_6,AM_85,experiment1
11,12.5146667018112,1,83,14.7076149799364,2.5,2.5,TRUE,TRUE,1,SSP1_2_6,AM_85,experiment1
6,14.7162964730996,1,83,14.7076149799364,2.5,2.5,TRUE,TRUE,1,SSP1_2_6,AM_85,experiment1
8,12.6604157031236,1,83,14.7076149799364,2.5,2.5,TRUE,TRUE,1,SSP1_2_6,AM_85,experiment1
4,14.6424554693031,1,83,14.7076149799364,2.5,2.5,TRUE,TRUE,1,SSP1_2_6,AM_85,experiment1
2,14.6107062778909,1,83,14.7076149799364,2.5,2.5,TRUE,TRUE,1,SSP1_2_6,AM_85,experiment1
11,13.8834718232157,1,83,14.7076149799364,2.5,2.5,TRUE,TRUE,1,SSP1_2_6,AM_85,experiment1
7,10.3571394820411,1,83,14.7076149799364,2.5,2.5,TRUE,TRUE,1,SSP1_2_6,AM_85,experiment1
11,13.6564387745633,1,83,14.7076149799364,2.5,2.5,TRUE,TRUE,1,SSP1_2_6,AM_85,experiment1
10,13.8266509989168,1,83,14.7076149799364,2.5,2.5,TRUE,TRUE,1,SSP1_2_6,AM_85,experiment1
11,13.4713283777005,1,83,14.7076149799364,2.5,2.5,TRUE,TRUE,1,SSP1_2_6,AM_85,experiment1
11,13.5583586921995,1,83,14.7076149799364,2.5,2.5,TRUE,TRUE,1,SSP1_2_6,AM_85,experiment1
5,13.2113408738327,1,83,14.7076149799364,2.5,2.5,TRUE,TRUE,1,SSP1_2_6,AM_85,experiment1
9,13.5912029677475,1,83,14.7076149799364,2.5,2.5,TRUE,TRUE,1,SSP1_2_6,AM_85,experiment1
9,14.144685335806,1,83,14.7076149799364,2.5,2.5,TRUE,TRUE,1,SSP1_2_6,AM_85,experiment1
9,12.9888976401059,1,83,14.7076149799364,2.5,2.5,TRUE,TRUE,1,SSP1_2_6,AM_85,experiment1
10,13.7794481109277,1,83,14.7076149799364,2.5,2.5,TRUE,TRUE,1,SSP1_2_6,AM_85,experiment1
6,14.1873363335604,1,83,14.7076149799364,2.5,2.5,TRUE,TRUE,1,SSP1_2_6,AM_85,experiment1
7,13.4523312239924,1,83,14.7076149799364,2.5,2.5,TRUE,TRUE,1,SSP1_2_6,AM_85,experiment1
7,12.0422244425252,1,83,14.7076149799364,2.5,2.5,TRUE,TRUE,1,SSP1_2_6,AM_85,experiment1
11,12.5443783831991,1,83,14.7076149799364,2.5,2.5,TRUE,TRUE,1,SSP1_2_6,AM_85,experiment1
11,12.3167959690885,1,83,14.7076149799364,2.5,2.5,TRUE,TRUE,1,SSP1_2_6,AM_85,experiment1
10,12.2653070174829,1,83,14.7076149799364,2.5,2.5,TRUE,TRUE,1,SSP1_2_6,AM_85,experiment1
10,13.3134581796963,1,83,14.7076149799364,2.5,2.5,TRUE,TRUE,1,SSP1_2_6,AM_85,experiment1
5,12.5289435894587,1,83,14.7076149799364,2.5,2.5,TRUE,TRUE,1,SSP1_2_6,AM_85,experiment1
9,14.2385537302115,1,83,14.7076149799364,2.5,2.5,TRUE,TRUE,1,SSP1_2_6,AM_85,experiment1
10,11.7434759539981,1,83,14.7076149799364,2.5,2.5,TRUE,TRUE,1,SSP1_2_6,AM_85,experiment1
9,14.7360615676895,1,83,14.7076149799364,2.5,2.5,TRUE,TRUE,1,SSP1_2_6,AM_85,experiment1
4,13.0096829393801,1,83,14.7076149799364,2.5,2.5,TRUE,TRUE,1,SSP1_2_6,AM_85,experiment1
4,14.4500653629334,1,83,14.7076149799364,2.5,2.5,TRUE,TRUE,1,SSP1_2_6,AM_85,experiment1
7,13.1432825817157,1,83,14.7076149799364,2.5,2.5,TRUE,TRUE,1,SSP1_2_6,AM_85,experiment1
9,14.5009072729256,1,83,14.7076149799364,2.5,2.5,TRUE,TRUE,1,SSP1_2_6,AM_85,experiment1
8,11.9959812888272,1,83,14.7076149799364,2.5,2.5,TRUE,TRUE,1,SSP1_2_6,AM_85,experiment1
8,14.6603200061635,1,83,14.7076149799364,2.5,2.5,TRUE,TRUE,1,SSP1_2_6,AM_85,experiment1
9,14.4447039886034,1,83,14.7076149799364,2.5,2.5,TRUE,TRUE,1,SSP1_2_6,AM_85,experiment1
10,11.6453422703807,1,83,14.7076149799364,2.5,2.5,TRUE,TRUE,1,SSP1_2_6,AM_85,experiment1
10,14.1925857026381,1,83,14.7076149799364,2.5,2.5,TRUE,TRUE,1,SSP1_2_6,AM_85,experiment1
10,14.7401581018128,1,83,14.7076149799364,2.5,2.5,TRUE,TRUE,1,SSP1_2_6,AM_85,experiment1
1,13.95842127162,1,83,14.7076149799364,2.5,2.5,TRUE,TRUE,1,SSP1_2_6,AM_85,experiment1
2,11.4258442872284,1,83,14.7076149799364,2.5,2.5,TRUE,TRUE,1,SSP1_2_6,AM_85,experiment1
8,13.0270914096837,1,83,14.7076149799364,2.5,2.5,TRUE,TRUE,1,SSP1_2_6,AM_85,experiment1
9,15.1291612028064,1,83,14.7076149799364,2.5,2.5,TRUE,TRUE,1,SSP1_2_6,AM_85,experiment1
10,14.0235184301617,1,83,14.7076149799364,2.5,2.5,TRUE,TRUE,1,SSP1_2_6,AM_85,experiment1
10,13.3762578782521,1,83,14.7076149799364,2.5,2.5,TRUE,TRUE,1,SSP1_2_6,AM_85,experiment1
11,15.1457944580785,1,83,14.7076149799364,2.5,2.5,TRUE,TRUE,1,SSP1_2_6,AM_85,experiment1
6,14.5865606812796,1,83,14.7076149799364,2.5,2.5,TRUE,TRUE,1,SSP1_2_6,AM_85,experiment1
11,14.8474543023801,1,83,14.7076149799364,2.5,2.5,TRUE,TRUE,1,SSP1_2_6,AM_85,experiment1
9,11.6899243417677,1,83,14.7076149799364,2.5,2.5,TRUE,TRUE,1,SSP1_2_6,AM_85,experiment1
11,11.9928257593677,1,83,14.7076149799364,2.5,2.5,TRUE,TRUE,1,SSP1_2_6,AM_85,experiment1
7,16.2183058809854,1,83,14.7076149799364,2.5,2.5,TRUE,TRUE,1,SSP1_2_6,AM_85,experiment1
7,14.2181337593153,1,83,14.7076149799364,2.5,2.5,TRUE,TRUE,1,SSP1_2_6,AM_85,experiment1
10,13.894144052702,1,83,14.7076149799364,2.5,2.5,TRUE,TRUE,1,SSP1_2_6,AM_85,experiment1
10,14.4717741891371,1,83,14.7076149799364,2.5,2.5,TRUE,TRUE,1,SSP1_2_6,AM_85,experiment1
1,3.2327609375,1,83,14.7076149799364,2.5,2.5,TRUE,TRUE,1,SSP1_2_6,AM_85,experiment1
9,14.2185340252796,1,83,14.7076149799364,2.5,2.5,TRUE,TRUE,1,SSP1_2_6,AM_85,experiment1
10,12.119619586655,1,83,14.7076149799364,2.5,2.5,TRUE,TRUE,1,SSP1_2_6,AM_85,experiment1
10,13.3320664264523,1,83,14.7076149799364,2.5,2.5,TRUE,TRUE,1,SSP1_2_6,AM_85,experiment1
11,13.8207256851095,1,83,14.7076149799364,2.5,2.5,TRUE,TRUE,1,SSP1_2_6,AM_85,experiment1
7,14.3036104002171,1,83,14.7076149799364,2.5,2.5,TRUE,TRUE,1,SSP1_2_6,AM_85,experiment1
7,15.3626690292022,1,83,14.7076149799364,2.5,2.5,TRUE,TRUE,1,SSP1_2_6,AM_85,experiment1
6,14.002233803054,1,83,14.7076149799364,2.5,2.5,TRUE,TRUE,1,SSP1_2_6,AM_85,experiment1
6,12.3731362371151,1,83,14.7076149799364,2.5,2.5,TRUE,TRUE,1,SSP1_2_6,AM_85,experiment1
9,13.5655871161091,1,83,14.7076149799364,2.5,2.5,TRUE,TRUE,1,SSP1_2_6,AM_85,experiment1
11,13.2717134879108,1,83,14.7076149799364,2.5,2.5,TRUE,TRUE,1,SSP1_2_6,AM_85,experiment1
9,15.0815058643621,1,83,14.7076149799364,2.5,2.5,TRUE,TRUE,1,SSP1_2_6,AM_85,experiment1
10,14.6907931322711,1,83,14.7076149799364,2.5,2.5,TRUE,TRUE,1,SSP1_2_6,AM_85,experiment1
11,14.3503149224455,1,83,14.7076149799364,2.5,2.5,TRUE,TRUE,1,SSP1_2_6,AM_85,experiment1
1,12.0259317091339,1,83,12.8770294248905,2.5,1,TRUE,TRUE,1,SSP2_4_5,AM_85,experiment1
1,10.458718037625,1,83,12.8770294248905,2.5,1,TRUE,TRUE,1,SSP2_4_5,AM_85,experiment1
1,9.05408945010429,1,83,12.8770294248905,2.5,1,TRUE,TRUE,1,SSP2_4_5,AM_85,experiment1
1,12.5358782178007,1,83,12.8770294248905,2.5,1,TRUE,TRUE,1,SSP2_4_5,AM_85,experiment1
1,13.1836922519406,1,83,12.8770294248905,2.5,1,TRUE,TRUE,1,SSP2_4_5,AM_85,experiment1
1,12.1710905926053,1,83,12.8770294248905,2.5,1,TRUE,TRUE,1,SSP2_4_5,AM_85,experiment1
1,12.9530144552791,1,83,12.8770294248905,2.5,1,TRUE,TRUE,1,SSP2_4_5,AM_85,experiment1
1,12.401912857921,1,83,12.8770294248905,2.5,1,TRUE,TRUE,1,SSP2_4_5,AM_85,experiment1
1,11.2343542214931,1,83,12.8770294248905,2.5,1,TRUE,TRUE,1,SSP2_4_5,AM_85,experiment1
1,13.4306100293865,1,83,12.8770294248905,2.5,1,TRUE,TRUE,1,SSP2_4_5,AM_85,experiment1
1,11.9882302658231,1,83,12.8770294248905,2.5,1,TRUE,TRUE,1,SSP2_4_5,AM_85,experiment1
1,14.0086412351873,1,83,12.8770294248905,2.5,1,TRUE,TRUE,1,SSP2_4_5,AM_85,experiment1
9,12.56260019154,1,83,12.8770294248905,2.5,1,TRUE,TRUE,1,SSP2_4_5,AM_85,experiment1
1,13.2280134569512,1,83,12.8770294248905,2.5,1,TRUE,TRUE,1,SSP2_4_5,AM_85,experiment1
5,13.7881226685892,1,83,12.8770294248905,2.5,1,TRUE,TRUE,1,SSP2_4_5,AM_85,experiment1
1,13.6132403610834,1,83,12.8770294248905,2.5,1,TRUE,TRUE,1,SSP2_4_5,AM_85,experiment1
1,11.7371919256447,1,83,12.8770294248905,2.5,1,TRUE,TRUE,1,SSP2_4_5,AM_85,experiment1
1,11.9877686569773,1,83,12.8770294248905,2.5,1,TRUE,TRUE,1,SSP2_4_5,AM_85,experiment1
10,12.9015241029764,1,83,12.8770294248905,2.5,1,TRUE,TRUE,1,SSP2_4_5,AM_85,experiment1
1,13.861813669261,1,83,12.8770294248905,2.5,1,TRUE,TRUE,1,SSP2_4_5,AM_85,experiment1
1,12.2678605154815,1,83,12.8770294248905,2.5,1,TRUE,TRUE,1,SSP2_4_5,AM_85,experiment1
1,13.7366163313768,1,83,12.8770294248905,2.5,1,TRUE,TRUE,1,SSP2_4_5,AM_85,experiment1
1,12.551567961637,1,83,12.8770294248905,2.5,1,TRUE,TRUE,1,SSP2_4_5,AM_85,experiment1
6,11.5493527955909,1,83,12.8770294248905,2.5,1,TRUE,TRUE,1,SSP2_4_5,AM_85,experiment1
1,11.3055678542269,1,83,12.8770294248905,2.5,1,TRUE,TRUE,1,SSP2_4_5,AM_85,experiment1
1,14.1373425618663,1,83,12.8770294248905,2.5,1,TRUE,TRUE,1,SSP2_4_5,AM_85,experiment1
9,13.7607858680999,1,83,12.8770294248905,2.5,1,TRUE,TRUE,1,SSP2_4_5,AM_85,experiment1
11,12.2000873761091,1,83,12.8770294248905,2.5,1,TRUE,TRUE,1,SSP2_4_5,AM_85,experiment1
1,13.1131005573629,1,83,12.8770294248905,2.5,1,TRUE,TRUE,1,SSP2_4_5,AM_85,experiment1
1,12.0025476737934,1,83,12.8770294248905,2.5,1,TRUE,TRUE,1,SSP2_4_5,AM_85,experiment1
10,11.2553720408872,1,83,12.8770294248905,2.5,1,TRUE,TRUE,1,SSP2_4_5,AM_85,experiment1
7,13.0418470228811,1,83,12.8770294248905,2.5,1,TRUE,TRUE,1,SSP2_4_5,AM_85,experiment1
1,13.6534072765222,1,83,12.8770294248905,2.5,1,TRUE,TRUE,1,SSP2_4_5,AM_85,experiment1
1,13.0028346168842,1,83,12.8770294248905,2.5,1,TRUE,TRUE,1,SSP2_4_5,AM_85,experiment1
1,11.7249435029221,1,83,12.8770294248905,2.5,1,TRUE,TRUE,1,SSP2_4_5,AM_85,experiment1
1,12.68958332517,1,83,12.8770294248905,2.5,1,TRUE,TRUE,1,SSP2_4_5,AM_85,experiment1
5,12.4818810215135,1,83,12.8770294248905,2.5,1,TRUE,TRUE,1,SSP2_4_5,AM_85,experiment1
1,10.5062328794239,1,83,12.8770294248905,2.5,1,TRUE,TRUE,1,SSP2_4_5,AM_85,experiment1
1,11.4909730251739,1,83,12.8770294248905,2.5,1,TRUE,TRUE,1,SSP2_4_5,AM_85,experiment1
1,10.9320148561119,1,83,12.8770294248905,2.5,1,TRUE,TRUE,1,SSP2_4_5,AM_85,experiment1
11,13.1207858971042,1,83,12.8770294248905,2.5,1,TRUE,TRUE,1,SSP2_4_5,AM_85,experiment1
10,12.5918418609191,1,83,12.8770294248905,2.5,1,TRUE,TRUE,1,SSP2_4_5,AM_85,experiment1
8,10.9234894314008,1,83,12.8770294248905,2.5,1,TRUE,TRUE,1,SSP2_4_5,AM_85,experiment1
1,8.83740692985264,1,83,12.8770294248905,2.5,1,TRUE,TRUE,1,SSP2_4_5,AM_85,experiment1
6,11.4698552241337,1,83,12.8770294248905,2.5,1,TRUE,TRUE,1,SSP2_4_5,AM_85,experiment1
1,12.2534373337726,1,83,12.8770294248905,2.5,1,TRUE,TRUE,1,SSP2_4_5,AM_85,experiment1
6,12.6192405620162,1,83,12.8770294248905,2.5,1,TRUE,TRUE,1,SSP2_4_5,AM_85,experiment1
1,11.9718158604557,1,83,12.8770294248905,2.5,1,TRUE,TRUE,1,SSP2_4_5,AM_85,experiment1
1,10.1526836347377,1,83,12.8770294248905,2.5,1,TRUE,TRUE,1,SSP2_4_5,AM_85,experiment1
1,12.0552850655484,1,83,12.8770294248905,2.5,1,TRUE,TRUE,1,SSP2_4_5,AM_85,experiment1
9,12.2877514284585,1,83,12.8770294248905,2.5,1,TRUE,TRUE,1,SSP2_4_5,AM_85,experiment1
1,12.7433665269203,1,83,12.8770294248905,2.5,1,TRUE,TRUE,1,SSP2_4_5,AM_85,experiment1
6,10.6092825620052,1,83,12.8770294248905,2.5,1,TRUE,TRUE,1,SSP2_4_5,AM_85,experiment1
7,12.0330330554157,1,83,12.8770294248905,2.5,1,TRUE,TRUE,1,SSP2_4_5,AM_85,experiment1
1,13.4403564955963,1,83,12.8770294248905,2.5,1,TRUE,TRUE,1,SSP2_4_5,AM_85,experiment1
1,12.6735376243971,1,83,12.8770294248905,2.5,1,TRUE,TRUE,1,SSP2_4_5,AM_85,experiment1
1,12.1076125782125,1,83,12.8770294248905,2.5,1,TRUE,TRUE,1,SSP2_4_5,AM_85,experiment1
9,12.6028599510509,1,83,12.8770294248905,2.5,1,TRUE,TRUE,1,SSP2_4_5,AM_85,experiment1
1,12.6624399672136,1,83,12.8770294248905,2.5,1,TRUE,TRUE,1,SSP2_4_5,AM_85,experiment1
1,6.35056687846218,1,83,12.8770294248905,2.5,1,TRUE,TRUE,1,SSP2_4_5,AM_85,experiment1
1,11.6675230327388,1,83,12.8770294248905,2.5,1,TRUE,TRUE,1,SSP2_4_5,AM_85,experiment1
1,12.0676723600511,1,83,12.8770294248905,2.5,1,TRUE,TRUE,1,SSP2_4_5,AM_85,experiment1
6,11.5379752476504,1,83,12.8770294248905,2.5,1,TRUE,TRUE,1,SSP2_4_5,AM_85,experiment1
1,12.8511456393397,1,83,12.8770294248905,2.5,1,TRUE,TRUE,1,SSP2_4_5,AM_85,experiment1
1,11.2725425776607,1,83,12.8770294248905,2.5,1,TRUE,TRUE,1,SSP2_4_5,AM_85,experiment1
1,11.7202925509001,1,83,12.8770294248905,2.5,1,TRUE,TRUE,1,SSP2_4_5,AM_85,experiment1
11,10.8942449904608,1,83,12.8770294248905,2.5,1,TRUE,TRUE,1,SSP2_4_5,AM_85,experiment1
1,12.5323200716336,1,83,12.8770294248905,2.5,1,TRUE,TRUE,1,SSP2_4_5,AM_85,experiment1
7,14.1196408503026,1,83,12.8770294248905,2.5,1,TRUE,TRUE,1,SSP2_4_5,AM_85,experiment1
1,12.9494808267797,1,83,12.8770294248905,2.5,1,TRUE,TRUE,1,SSP2_4_5,AM_85,experiment1
1,12.5696885258283,1,83,12.8770294248905,2.5,1,TRUE,TRUE,1,SSP2_4_5,AM_85,experiment1
1,11.8950369692724,1,83,12.8770294248905,2.5,1,TRUE,TRUE,1,SSP2_4_5,AM_85,experiment1
1,11.8136494697844,1,83,12.8770294248905,2.5,1,TRUE,TRUE,1,SSP2_4_5,AM_85,experiment1
11,11.3212173404921,1,83,12.8770294248905,2.5,1,TRUE,TRUE,1,SSP2_4_5,AM_85,experiment1
7,12.2493537468973,1,83,12.8770294248905,2.5,1,TRUE,TRUE,1,SSP2_4_5,AM_85,experiment1
1,12.9327248101323,1,83,12.8770294248905,2.5,1,TRUE,TRUE,1,SSP2_4_5,AM_85,experiment1
1,9.96927498251472,1,83,12.8770294248905,2.5,1,TRUE,TRUE,1,SSP2_4_5,AM_85,experiment1
1,12.4931135054349,1,83,12.8770294248905,2.5,1,TRUE,TRUE,1,SSP2_4_5,AM_85,experiment1
1,12.8186455398857,1,83,12.8770294248905,2.5,1,TRUE,TRUE,1,SSP2_4_5,AM_85,experiment1
1,7.04573202799726,1,83,12.8770294248905,2.5,1,TRUE,TRUE,1,SSP2_4_5,AM_85,experiment1
4,12.6114976722651,1,83,12.8770294248905,2.5,1,TRUE,TRUE,1,SSP2_4_5,AM_85,experiment1
1,12.1615379305828,1,83,12.8770294248905,2.5,1,TRUE,TRUE,1,SSP2_4_5,AM_85,experiment1
1,12.5175735369632,1,83,12.8770294248905,2.5,1,TRUE,TRUE,1,SSP2_4_5,AM_85,experiment1
1,14.2754328971055,1,83,12.8770294248905,2.5,1,TRUE,TRUE,1,SSP2_4_5,AM_85,experiment1
1,13.3049077635893,1,83,12.8770294248905,2.5,1,TRUE,TRUE,1,SSP2_4_5,AM_85,experiment1
1,11.1559930498612,1,83,12.8770294248905,2.5,1,TRUE,TRUE,1,SSP2_4_5,AM_85,experiment1
1,6.82699270439884,1,83,12.8770294248905,2.5,1,TRUE,TRUE,1,SSP2_4_5,AM_85,experiment1
1,10.6428809921257,1,83,12.8770294248905,2.5,1,TRUE,TRUE,1,SSP2_4_5,AM_85,experiment1
6,12.6747648265494,1,83,12.8770294248905,2.5,1,TRUE,TRUE,1,SSP2_4_5,AM_85,experiment1
11,11.4491454711187,1,83,12.8770294248905,2.5,1,TRUE,TRUE,1,SSP2_4_5,AM_85,experiment1
1,12.3940051312888,1,83,12.8770294248905,2.5,1,TRUE,TRUE,1,SSP2_4_5,AM_85,experiment1
5,13.5871407025946,1,83,12.8770294248905,2.5,1,TRUE,TRUE,1,SSP2_4_5,AM_85,experiment1
7,11.9608814048968,1,83,12.8770294248905,2.5,1,TRUE,TRUE,1,SSP2_4_5,AM_85,experiment1
1,12.5413554844241,1,83,12.8770294248905,2.5,1,TRUE,TRUE,1,SSP2_4_5,AM_85,experiment1
1,12.3582553276115,1,83,12.8770294248905,2.5,1,TRUE,TRUE,1,SSP2_4_5,AM_85,experiment1
1,12.4373265503401,1,83,12.8770294248905,2.5,1,TRUE,TRUE,1,SSP2_4_5,AM_85,experiment1
1,13.871917220603,1,83,12.8770294248905,2.5,1,TRUE,TRUE,1,SSP2_4_5,AM_85,experiment1
1,12.1486070742032,1,83,12.8770294248905,2.5,1,TRUE,TRUE,1,SSP2_4_5,AM_85,experiment1
1,9.39924272138753,1,83,12.8770294248905,2.5,1,TRUE,TRUE,1,SSP2_4_5,AM_85,experiment1
1,12.7538254692512,1,83,12.8770294248905,2.5,1,TRUE,TRUE,1,SSP2_4_5,AM_85,experiment1
6,12.7827707407073,1,83,12.8770294248905,2.5,1,TRUE,TRUE,1,SSP2_4_5,AM_85,experiment1
1,14.5000898237956,1,83,12.8770294248905,2.5,1,TRUE,TRUE,1,SSP2_4_5,AM_85,experiment1
7,12.9584744310215,1,83,12.8770294248905,2.5,1,TRUE,TRUE,1,SSP2_4_5,AM_85,experiment1
1,14.2004051414675,1,83,12.8770294248905,2.5,1,TRUE,TRUE,1,SSP2_4_5,AM_85,experiment1
1,10.8933429948481,1,83,12.8770294248905,2.5,1,TRUE,TRUE,1,SSP2_4_5,AM_85,experiment1
5,13.2836250170831,1,83,12.8770294248905,2.5,1,TRUE,TRUE,1,SSP2_4_5,AM_85,experiment1
5,12.6289326460515,1,83,12.8770294248905,2.5,1,TRUE,TRUE,1,SSP2_4_5,AM_85,experiment1
1,6.91333813673758,1,83,12.8770294248905,2.5,1,TRUE,TRUE,1,SSP2_4_5,AM_85,experiment1
1,12.2237641975509,1,83,12.8770294248905,2.5,1,TRUE,TRUE,1,SSP2_4_5,AM_85,experiment1
1,12.53155690786,1,83,12.8770294248905,2.5,1,TRUE,TRUE,1,SSP2_4_5,AM_85,experiment1
1,12.3870432314679,1,83,12.8770294248905,2.5,1,TRUE,TRUE,1,SSP2_4_5,AM_85,experiment1
1,12.9231664104037,1,83,12.8770294248905,2.5,1,TRUE,TRUE,1,SSP2_4_5,AM_85,experiment1
1,12.2099236823435,1,83,12.8770294248905,2.5,1,TRUE,TRUE,1,SSP2_4_5,AM_85,experiment1
1,13.5483361410545,1,83,12.8770294248905,2.5,1,TRUE,TRUE,1,SSP2_4_5,AM_85,experiment1
8,11.8637510865218,1,83,12.8770294248905,2.5,1,TRUE,TRUE,1,SSP2_4_5,AM_85,experiment1
1,12.1079840195494,1,83,12.8770294248905,2.5,1,TRUE,TRUE,1,SSP2_4_5,AM_85,experiment1
1,13.3650703203469,1,83,12.8770294248905,2.5,1,TRUE,TRUE,1,SSP2_4_5,AM_85,experiment1
1,12.3988367932838,1,83,12.8770294248905,2.5,1,TRUE,TRUE,1,SSP2_4_5,AM_85,experiment1
1,13.5887329692662,1,83,12.8770294248905,2.5,1,TRUE,TRUE,1,SSP2_4_5,AM_85,experiment1
1,12.5580572418653,1,83,12.8770294248905,2.5,1,TRUE,TRUE,1,SSP2_4_5,AM_85,experiment1
1,14.33379385252,1,83,12.8770294248905,2.5,1,TRUE,TRUE,1,SSP2_4_5,AM_85,experiment1
7,13.0558297096312,1,83,12.8770294248905,2.5,1,TRUE,TRUE,1,SSP2_4_5,AM_85,experiment1
1,13.4184210926187,1,83,12.8770294248905,2.5,1,TRUE,TRUE,1,SSP2_4_5,AM_85,experiment1
6,12.9627866499363,1,83,12.8770294248905,2.5,1,TRUE,TRUE,1,SSP2_4_5,AM_85,experiment1
8,13.1644318317569,1,83,12.8770294248905,2.5,1,TRUE,TRUE,1,SSP2_4_5,AM_85,experiment1
7,12.8438175273503,1,83,12.8770294248905,2.5,1,TRUE,TRUE,1,SSP2_4_5,AM_85,experiment1
1,10.8417958519632,1,83,12.8770294248905,2.5,1,TRUE,TRUE,1,SSP2_4_5,AM_85,experiment1
1,12.6763057774831,1,83,12.8770294248905,2.5,1,TRUE,TRUE,1,SSP2_4_5,AM_85,experiment1
10,10.0023619576675,1,83,12.8770294248905,2.5,1,TRUE,TRUE,1,SSP2_4_5,AM_85,experiment1
1,10.8724920778991,1,83,12.8770294248905,2.5,1,TRUE,TRUE,1,SSP2_4_5,AM_85,experiment1
1,10.7975343654325,1,83,12.8770294248905,2.5,1,TRUE,TRUE,1,SSP2_4_5,AM_85,experiment1
1,10.4422066875908,1,83,12.8770294248905,2.5,1,TRUE,TRUE,1,SSP2_4_5,AM_85,experiment1
1,13.1439027704291,1,83,12.8770294248905,2.5,1,TRUE,TRUE,1,SSP2_4_5,AM_85,experiment1
1,13.4352536701356,1,83,12.8770294248905,2.5,1,TRUE,TRUE,1,SSP2_4_5,AM_85,experiment1
8,11.3547136745687,1,83,12.8770294248905,2.5,1,TRUE,TRUE,1,SSP2_4_5,AM_85,experiment1
1,12.9574362540567,1,83,12.8770294248905,2.5,1,TRUE,TRUE,1,SSP2_4_5,AM_85,experiment1
1,11.9112830689886,1,83,12.8770294248905,2.5,1,TRUE,TRUE,1,SSP2_4_5,AM_85,experiment1
6,13.4656261096283,1,83,12.8770294248905,2.5,1,TRUE,TRUE,1,SSP2_4_5,AM_85,experiment1
1,11.0388239913132,1,83,12.8770294248905,2.5,1,TRUE,TRUE,1,SSP2_4_5,AM_85,experiment1
1,11.8857939844028,1,83,12.8770294248905,2.5,1,TRUE,TRUE,1,SSP2_4_5,AM_85,experiment1
1,11.7513493255885,1,83,12.8770294248905,2.5,1,TRUE,TRUE,1,SSP2_4_5,AM_85,experiment1
11,12.9597468328067,1,83,12.8770294248905,2.5,1,TRUE,TRUE,1,SSP2_4_5,AM_85,experiment1
7,13.7389179675307,1,83,12.8770294248905,2.5,1,TRUE,TRUE,1,SSP2_4_5,AM_85,experiment1
1,10.0629712733639,1,83,12.8770294248905,2.5,1,TRUE,TRUE,1,SSP2_4_5,AM_85,experiment1
9,11.8949487661987,1,83,12.8770294248905,2.5,1,TRUE,TRUE,1,SSP2_4_5,AM_85,experiment1
5,11.6686284503229,1,83,12.8770294248905,2.5,1,TRUE,TRUE,1,SSP2_4_5,AM_85,experiment1
7,12.502825390626,1,83,12.8770294248905,2.5,1,TRUE,TRUE,1,SSP2_4_5,AM_85,experiment1
10,12.7548365476575,1,83,12.8770294248905,2.5,1,TRUE,TRUE,1,SSP2_4_5,AM_85,experiment1
10,11.1813066654671,1,83,12.8770294248905,2.5,1,TRUE,TRUE,1,SSP2_4_5,AM_85,experiment1
7,13.4847801104066,1,83,12.8770294248905,2.5,1,TRUE,TRUE,1,SSP2_4_5,AM_85,experiment1
1,11.5164782593895,1,83,12.8770294248905,2.5,1,TRUE,TRUE,1,SSP2_4_5,AM_85,experiment1
1,12.5326388170993,1,83,12.8770294248905,2.5,1,TRUE,TRUE,1,SSP2_4_5,AM_85,experiment1
1,12.2350717025261,1,83,12.8770294248905,2.5,1,TRUE,TRUE,1,SSP2_4_5,AM_85,experiment1
1,13.6743291224911,1,83,12.8770294248905,2.5,1,TRUE,TRUE,1,SSP2_4_5,AM_85,experiment1
1,13.1679686298676,1,83,12.8770294248905,2.5,1,TRUE,TRUE,1,SSP2_4_5,AM_85,experiment1
1,12.4958506060114,1,83,12.8770294248905,2.5,1,TRUE,TRUE,1,SSP2_4_5,AM_85,experiment1
7,12.9533306350236,1,83,12.8770294248905,2.5,1,TRUE,TRUE,1,SSP2_4_5,AM_85,experiment1
1,12.3883814207745,1,83,12.8770294248905,2.5,1,TRUE,TRUE,1,SSP2_4_5,AM_85,experiment1
1,11.6733526264668,1,83,12.8770294248905,2.5,1,TRUE,TRUE,1,SSP2_4_5,AM_85,experiment1
7,11.7155291941031,1,83,12.8770294248905,2.5,1,TRUE,TRUE,1,SSP2_4_5,AM_85,experiment1
1,12.3416666804873,1,83,12.8770294248905,2.5,1,TRUE,TRUE,1,SSP2_4_5,AM_85,experiment1
1,13.3806588978831,1,83,12.8770294248905,2.5,1,TRUE,TRUE,1,SSP2_4_5,AM_85,experiment1
3,12.5997237556046,1,83,12.8770294248905,2.5,1,TRUE,TRUE,1,SSP2_4_5,AM_85,experiment1
1,11.97539539359,1,83,12.8770294248905,2.5,1,TRUE,TRUE,1,SSP2_4_5,AM_85,experiment1
6,13.1239971951335,1,83,12.8770294248905,2.5,1,TRUE,TRUE,1,SSP2_4_5,AM_85,experiment1
5,13.0590405251318,1,83,12.8770294248905,2.5,1,TRUE,TRUE,1,SSP2_4_5,AM_85,experiment1
8,11.0617612469305,1,83,12.8770294248905,2.5,1,TRUE,TRUE,1,SSP2_4_5,AM_85,experiment1
1,12.3617373837415,1,83,12.8770294248905,2.5,1,TRUE,TRUE,1,SSP2_4_5,AM_85,experiment1
1,13.7955573617734,1,83,12.8770294248905,2.5,1,TRUE,TRUE,1,SSP2_4_5,AM_85,experiment1
1,12.3485687707861,1,83,12.8770294248905,2.5,1,TRUE,TRUE,1,SSP2_4_5,AM_85,experiment1
1,11.6294153341427,1,83,12.8770294248905,2.5,1,TRUE,TRUE,1,SSP2_4_5,AM_85,experiment1
1,12.7913352550077,1,83,12.8770294248905,2.5,1,TRUE,TRUE,1,SSP2_4_5,AM_85,experiment1
1,11.5474083557047,1,83,12.8770294248905,2.5,1,TRUE,TRUE,1,SSP2_4_5,AM_85,experiment1
1,10.9970747882136,1,83,12.8770294248905,2.5,1,TRUE,TRUE,1,SSP2_4_5,AM_85,experiment1
8,13.596820015514,1,83,12.8770294248905,2.5,1,TRUE,TRUE,1,SSP2_4_5,AM_85,experiment1
1,11.6816018788657,1,83,12.8770294248905,2.5,1,TRUE,TRUE,1,SSP2_4_5,AM_85,experiment1
1,12.3747286559789,1,83,12.8770294248905,2.5,1,TRUE,TRUE,1,SSP2_4_5,AM_85,experiment1
1,14.348981817645,1,83,12.8770294248905,2.5,1,TRUE,TRUE,1,SSP2_4_5,AM_85,experiment1
11,13.3296103013215,1,83,12.8770294248905,2.5,1,TRUE,TRUE,1,SSP2_4_5,AM_85,experiment1
1,10.5911119202268,1,83,12.8770294248905,2.5,1,TRUE,TRUE,1,SSP2_4_5,AM_85,experiment1
2,11.4260032779768,1,83,12.8770294248905,2.5,1,TRUE,TRUE,1,SSP2_4_5,AM_85,experiment1
7,13.8209785872607,1,83,12.8770294248905,2.5,1,TRUE,TRUE,1,SSP2_4_5,AM_85,experiment1
8,12.6764747405874,1,83,12.8770294248905,2.5,1,TRUE,TRUE,1,SSP2_4_5,AM_85,experiment1
1,9.96427046147843,1,83,12.8770294248905,2.5,1,TRUE,TRUE,1,SSP2_4_5,AM_85,experiment1
1,11.2943230864814,1,83,12.8770294248905,2.5,1,TRUE,TRUE,1,SSP2_4_5,AM_85,experiment1
1,11.5572926908834,1,83,12.8770294248905,2.5,1,TRUE,TRUE,1,SSP2_4_5,AM_85,experiment1
5,11.6753604134415,1,83,12.8770294248905,2.5,1,TRUE,TRUE,1,SSP2_4_5,AM_85,experiment1
1,10.9355246622008,1,83,12.8770294248905,2.5,1,TRUE,TRUE,1,SSP2_4_5,AM_85,experiment1
1,13.1042738095999,1,83,12.8770294248905,2.5,1,TRUE,TRUE,1,SSP2_4_5,AM_85,experiment1
7,13.3213694162534,1,83,12.8770294248905,2.5,1,TRUE,TRUE,1,SSP2_4_5,AM_85,experiment1
1,10.5223959164678,1,83,12.8770294248905,2.5,1,TRUE,TRUE,1,SSP2_4_5,AM_85,experiment1
1,10.9399296687987,1,83,12.8770294248905,2.5,1,TRUE,TRUE,1,SSP2_4_5,AM_85,experiment1
1,12.5894302289153,1,83,12.8770294248905,2.5,1,TRUE,TRUE,1,SSP2_4_5,AM_85,experiment1
6,11.9317204768893,1,83,12.8770294248905,2.5,1,TRUE,TRUE,1,SSP2_4_5,AM_85,experiment1
9,11.81543814749,1,83,12.8770294248905,2.5,1,TRUE,TRUE,1,SSP2_4_5,AM_85,experiment1
1,12.2780202295745,1,83,12.8770294248905,2.5,1,TRUE,TRUE,1,SSP2_4_5,AM_85,experiment1
1,13.7311248114679,1,83,12.8770294248905,2.5,1,TRUE,TRUE,1,SSP2_4_5,AM_85,experiment1
1,9.73493989185991,1,83,12.8770294248905,2.5,1,TRUE,TRUE,1,SSP2_4_5,AM_85,experiment1
6,9.5829640861501,1,83,12.8770294248905,2.5,1,TRUE,TRUE,1,SSP2_4_5,AM_85,experiment1
1,12.229596058383,1,83,12.8770294248905,2.5,1,TRUE,TRUE,1,SSP2_4_5,AM_85,experiment1
4,13.2946001170699,1,83,12.8770294248905,2.5,1,TRUE,TRUE,1,SSP2_4_5,AM_85,experiment1
1,12.0880357324863,1,83,12.8770294248905,2.5,1,TRUE,TRUE,1,SSP2_4_5,AM_85,experiment1
1,12.896435890722,1,83,12.8770294248905,2.5,1,TRUE,TRUE,1,SSP2_4_5,AM_85,experiment1
1,10.2886879261314,1,83,12.8770294248905,2.5,1,TRUE,TRUE,1,SSP2_4_5,AM_85,experiment1
1,9.76259622972412,1,83,12.8770294248905,2.5,1,TRUE,TRUE,1,SSP2_4_5,AM_85,experiment1
1,12.7867511656057,1,83,12.8770294248905,2.5,1,TRUE,TRUE,1,SSP2_4_5,AM_85,experiment1
1,7.17084444231278,1,83,12.8770294248905,2.5,1,TRUE,TRUE,1,SSP2_4_5,AM_85,experiment1
5,13.0881411949318,1,83,12.8770294248905,2.5,1,TRUE,TRUE,1,SSP2_4_5,AM_85,experiment1
1,11.2976546508987,1,83,12.8770294248905,2.5,1,TRUE,TRUE,1,SSP2_4_5,AM_85,experiment1
1,9.08161050464989,1,83,12.8770294248905,2.5,1,TRUE,TRUE,1,SSP2_4_5,AM_85,experiment1
8,11.809125677313,1,83,12.8770294248905,2.5,1,TRUE,TRUE,1,SSP2_4_5,AM_85,experiment1
1,9.83308638018974,1,83,12.8770294248905,2.5,1,TRUE,TRUE,1,SSP2_4_5,AM_85,experiment1
8,11.6187309724191,1,83,12.8770294248905,2.5,1,TRUE,TRUE,1,SSP2_4_5,AM_85,experiment1
1,12.1224118835322,1,83,12.8770294248905,2.5,1,TRUE,TRUE,1,SSP2_4_5,AM_85,experiment1
1,9.11814759906747,1,83,12.8770294248905,2.5,1,TRUE,TRUE,1,SSP2_4_5,AM_85,experiment1
1,12.2444198479081,1,83,12.8770294248905,2.5,1,TRUE,TRUE,1,SSP2_4_5,AM_85,experiment1
1,13.0604304442017,1,83,12.8770294248905,2.5,1,TRUE,TRUE,1,SSP2_4_5,AM_85,experiment1
1,13.16346075178,1,83,12.8770294248905,2.5,1,TRUE,TRUE,1,SSP2_4_5,AM_85,experiment1
1,11.3756519430866,1,83,12.8770294248905,2.5,1,TRUE,TRUE,1,SSP2_4_5,AM_85,experiment1
6,10.343152873767,1,83,12.8770294248905,2.5,1,TRUE,TRUE,1,SSP2_4_5,AM_85,experiment1
1,14.1809885049827,1,83,12.8770294248905,2.5,1,TRUE,TRUE,1,SSP2_4_5,AM_85,experiment1
7,12.6990939752677,1,83,12.8770294248905,2.5,1,TRUE,TRUE,1,SSP2_4_5,AM_85,experiment1
1,12.7724523162837,1,83,12.8770294248905,2.5,1,TRUE,TRUE,1,SSP2_4_5,AM_85,experiment1
8,13.0695907952669,1,83,12.8770294248905,2.5,1,TRUE,TRUE,1,SSP2_4_5,AM_85,experiment1
1,13.1522521277296,1,83,12.8770294248905,2.5,1,TRUE,TRUE,1,SSP2_4_5,AM_85,experiment1
1,10.8713200823727,1,83,12.8770294248905,2.5,1,TRUE,TRUE,1,SSP2_4_5,AM_85,experiment1
1,12.355888049385,1,83,12.8770294248905,2.5,1,TRUE,TRUE,1,SSP2_4_5,AM_85,experiment1
1,14.6683080488664,1,83,12.8770294248905,2.5,1,TRUE,TRUE,1,SSP2_4_5,AM_85,experiment1
1,10.8216051814627,1,83,12.8770294248905,2.5,1,TRUE,TRUE,1,SSP2_4_5,AM_85,experiment1
1,13.0838884999621,1,83,12.8770294248905,2.5,1,TRUE,TRUE,1,SSP2_4_5,AM_85,experiment1
1,14.3235511312821,1,83,12.8770294248905,2.5,1,TRUE,TRUE,1,SSP2_4_5,AM_85,experiment1
8,11.6755331506812,1,83,12.8770294248905,2.5,1,TRUE,TRUE,1,SSP2_4_5,AM_85,experiment1
1,12.8676396835838,1,83,12.8770294248905,2.5,1,TRUE,TRUE,1,SSP2_4_5,AM_85,experiment1
1,10.2428074553468,1,83,12.8770294248905,2.5,1,TRUE,TRUE,1,SSP2_4_5,AM_85,experiment1
6,14.0150324892785,1,83,12.8770294248905,2.5,1,TRUE,TRUE,1,SSP2_4_5,AM_85,experiment1
1,12.035613590411,1,83,12.8770294248905,2.5,1,TRUE,TRUE,1,SSP2_4_5,AM_85,experiment1
7,10.9468533761844,1,83,12.8770294248905,2.5,1,TRUE,TRUE,1,SSP2_4_5,AM_85,experiment1
1,12.9775539971018,1,83,12.8770294248905,2.5,1,TRUE,TRUE,1,SSP2_4_5,AM_85,experiment1
1,12.7616898532977,1,83,12.8770294248905,2.5,1,TRUE,TRUE,1,SSP2_4_5,AM_85,experiment1
6,14.2002329465222,1,83,12.8770294248905,2.5,1,TRUE,TRUE,1,SSP2_4_5,AM_85,experiment1
1,13.2921886682123,1,83,12.8770294248905,2.5,1,TRUE,TRUE,1,SSP2_4_5,AM_85,experiment1
1,11.4628239435434,1,83,12.8770294248905,2.5,1,TRUE,TRUE,1,SSP2_4_5,AM_85,experiment1
1,13.5111120540155,1,83,12.8770294248905,2.5,1,TRUE,TRUE,1,SSP2_4_5,AM_85,experiment1
6,12.0700490137423,1,83,12.8770294248905,2.5,1,TRUE,TRUE,1,SSP2_4_5,AM_85,experiment1
7,12.0976408809944,1,83,12.8770294248905,2.5,1,TRUE,TRUE,1,SSP2_4_5,AM_85,experiment1
7,13.4886774506749,1,83,12.8770294248905,2.5,1,TRUE,TRUE,1,SSP2_4_5,AM_85,experiment1
1,12.3109309051029,1,83,12.8770294248905,2.5,1,TRUE,TRUE,1,SSP2_4_5,AM_85,experiment1
9,12.3900747384824,1,83,12.8770294248905,2.5,1,TRUE,TRUE,1,SSP2_4_5,AM_85,experiment1
6,9.81650495729921,1,83,12.8770294248905,2.5,1,TRUE,TRUE,1,SSP2_4_5,AM_85,experiment1
1,13.0032722056876,1,83,12.8770294248905,2.5,1,TRUE,TRUE,1,SSP2_4_5,AM_85,experiment1
1,13.2001971340951,1,83,12.8770294248905,2.5,1,TRUE,TRUE,1,SSP2_4_5,AM_85,experiment1
1,14.2282430463563,1,83,12.8770294248905,2.5,1,TRUE,TRUE,1,SSP2_4_5,AM_85,experiment1
1,13.0938170961806,1,83,12.8770294248905,2.5,1,TRUE,TRUE,1,SSP2_4_5,AM_85,experiment1
6,10.6126214114318,1,83,12.8770294248905,2.5,1,TRUE,TRUE,1,SSP2_4_5,AM_85,experiment1
1,12.7115318956218,1,83,12.8770294248905,2.5,1,TRUE,TRUE,1,SSP2_4_5,AM_85,experiment1
1,12.671343267606,1,83,12.8770294248905,2.5,1,TRUE,TRUE,1,SSP2_4_5,AM_85,experiment1
1,11.0138702496077,1,83,12.8770294248905,2.5,1,TRUE,TRUE,1,SSP2_4_5,AM_85,experiment1
1,12.5448541571753,1,83,12.8770294248905,2.5,1,TRUE,TRUE,1,SSP2_4_5,AM_85,experiment1
8,13.8019875501329,1,83,12.8770294248905,2.5,1,TRUE,TRUE,1,SSP2_4_5,AM_85,experiment1
2,13.4998599307495,1,83,12.8770294248905,2.5,1,TRUE,TRUE,1,SSP2_4_5,AM_85,experiment1
7,10.9173753816618,1,83,12.8770294248905,2.5,1,TRUE,TRUE,1,SSP2_4_5,AM_85,experiment1
7,12.9056754823296,1,83,12.8770294248905,2.5,1,TRUE,TRUE,1,SSP2_4_5,AM_85,experiment1
5,13.1322658372815,1,83,12.8770294248905,2.5,1,TRUE,TRUE,1,SSP2_4_5,AM_85,experiment1
1,13.7552031319027,1,83,12.8770294248905,2.5,1,TRUE,TRUE,1,SSP2_4_5,AM_85,experiment1
1,7.98321925632382,1,83,12.8770294248905,2.5,1,TRUE,TRUE,1,SSP2_4_5,AM_85,experiment1
1,12.3413119155535,1,83,12.8770294248905,2.5,1,TRUE,TRUE,1,SSP2_4_5,AM_85,experiment1
1,11.5759273424383,1,83,12.8770294248905,2.5,1,TRUE,TRUE,1,SSP2_4_5,AM_85,experiment1
1,11.8757885218083,1,83,12.8770294248905,2.5,1,TRUE,TRUE,1,SSP2_4_5,AM_85,experiment1
6,12.5457371609354,1,83,12.8770294248905,2.5,1,TRUE,TRUE,1,SSP2_4_5,AM_85,experiment1
2,11.6644166994749,1,83,12.8770294248905,2.5,1,TRUE,TRUE,1,SSP2_4_5,AM_85,experiment1
5,13.0169802119676,1,83,12.8770294248905,2.5,1,TRUE,TRUE,1,SSP2_4_5,AM_85,experiment1
1,11.5696605130382,1,83,12.8770294248905,2.5,1,TRUE,TRUE,1,SSP2_4_5,AM_85,experiment1
1,12.9734088306659,1,83,12.8770294248905,2.5,1,TRUE,TRUE,1,SSP2_4_5,AM_85,experiment1
9,12.8884100931109,1,83,12.8770294248905,2.5,1,TRUE,TRUE,1,SSP2_4_5,AM_85,experiment1
1,13.5999064632599,1,83,12.8770294248905,2.5,1,TRUE,TRUE,1,SSP2_4_5,AM_85,experiment1
1,6.88037699826115,1,83,12.8770294248905,2.5,1,TRUE,TRUE,1,SSP2_4_5,AM_85,experiment1
8,11.8366278241577,1,83,12.8770294248905,2.5,1,TRUE,TRUE,1,SSP2_4_5,AM_85,experiment1
1,10.0815122092892,1,83,12.8770294248905,2.5,1,TRUE,TRUE,1,SSP2_4_5,AM_85,experiment1
1,10.5783420551457,1,83,12.8770294248905,2.5,1,TRUE,TRUE,1,SSP2_4_5,AM_85,experiment1
1,12.7871552721263,1,83,12.8770294248905,2.5,1,TRUE,TRUE,1,SSP2_4_5,AM_85,experiment1
8,12.1975747424808,1,83,12.8770294248905,2.5,1,TRUE,TRUE,1,SSP2_4_5,AM_85,experiment1
1,12.3163070537858,1,83,12.8770294248905,2.5,1,TRUE,TRUE,1,SSP2_4_5,AM_85,experiment1
1,10.0328766821467,1,83,12.8770294248905,2.5,1,TRUE,TRUE,1,SSP2_4_5,AM_85,experiment1
1,13.2436054107561,1,83,12.8770294248905,2.5,1,TRUE,TRUE,1,SSP2_4_5,AM_85,experiment1
1,12.648496202992,1,83,12.8770294248905,2.5,1,TRUE,TRUE,1,SSP2_4_5,AM_85,experiment1
1,13.5700433647452,1,83,12.8770294248905,2.5,1,TRUE,TRUE,1,SSP2_4_5,AM_85,experiment1
6,13.9658582076108,1,83,12.8770294248905,2.5,1,TRUE,TRUE,1,SSP2_4_5,AM_85,experiment1
1,12.870141231944,1,83,12.8770294248905,2.5,1,TRUE,TRUE,1,SSP2_4_5,AM_85,experiment1
8,10.4395306029722,1,83,12.8770294248905,2.5,1,TRUE,TRUE,1,SSP2_4_5,AM_85,experiment1
1,11.9483767464794,1,83,12.8770294248905,2.5,1,TRUE,TRUE,1,SSP2_4_5,AM_85,experiment1
1,13.0181409864479,1,83,12.8770294248905,2.5,1,TRUE,TRUE,1,SSP2_4_5,AM_85,experiment1
2,10.813065147136,1,83,12.8770294248905,2.5,1,TRUE,TRUE,1,SSP2_4_5,AM_85,experiment1
7,13.8601515253185,1,83,12.8770294248905,2.5,1,TRUE,TRUE,1,SSP2_4_5,AM_85,experiment1
1,12.5668048015986,1,83,12.8770294248905,2.5,1,TRUE,TRUE,1,SSP2_4_5,AM_85,experiment1
1,9.18352059231445,1,83,12.8770294248905,2.5,1,TRUE,TRUE,1,SSP2_4_5,AM_85,experiment1
1,3.1425109375,1,83,12.8770294248905,2.5,1,TRUE,TRUE,1,SSP2_4_5,AM_85,experiment1
1,13.2400600992427,1,83,12.8770294248905,2.5,1,TRUE,TRUE,1,SSP2_4_5,AM_85,experiment1
1,11.9212180527387,1,83,12.8770294248905,2.5,1,TRUE,TRUE,1,SSP2_4_5,AM_85,experiment1
1,13.077893309802,1,83,12.8770294248905,2.5,1,TRUE,TRUE,1,SSP2_4_5,AM_85,experiment1
1,11.3377358978335,1,83,12.8770294248905,2.5,1,TRUE,TRUE,1,SSP2_4_5,AM_85,experiment1
1,13.5653619318186,1,83,12.8770294248905,2.5,1,TRUE,TRUE,1,SSP2_4_5,AM_85,experiment1
9,10.0177887180993,1,83,12.8770294248905,2.5,1,TRUE,TRUE,1,SSP2_4_5,AM_85,experiment1
1,13.1277412455481,1,83,12.8770294248905,2.5,1,TRUE,TRUE,1,SSP2_4_5,AM_85,experiment1
1,8.70768485808752,1,83,12.8770294248905,2.5,1,TRUE,TRUE,1,SSP2_4_5,AM_85,experiment1
1,5.39386038901984,1,83,12.8770294248905,2.5,1,TRUE,TRUE,1,SSP2_4_5,AM_85,experiment1
1,13.577767898023,1,83,12.8770294248905,2.5,1,TRUE,TRUE,1,SSP2_4_5,AM_85,experiment1
1,12.7806059084515,1,83,12.8770294248905,2.5,1,TRUE,TRUE,1,SSP2_4_5,AM_85,experiment1
5,12.2006106231791,1,83,12.8770294248905,2.5,1,TRUE,TRUE,1,SSP2_4_5,AM_85,experiment1
1,12.5264666834785,1,83,12.8770294248905,2.5,1,TRUE,TRUE,1,SSP2_4_5,AM_85,experiment1
1,13.3284170000531,1,83,12.8770294248905,2.5,1,TRUE,TRUE,1,SSP2_4_5,AM_85,experiment1
6,11.4941746078634,1,83,12.8770294248905,2.5,1,TRUE,TRUE,1,SSP2_4_5,AM_85,experiment1
1,13.8638168202328,1,83,12.8770294248905,2.5,1,TRUE,TRUE,1,SSP2_4_5,AM_85,experiment1
9,12.0538545082265,1,83,12.8770294248905,2.5,1,TRUE,TRUE,1,SSP2_4_5,AM_85,experiment1
1,13.1928443481036,1,83,12.8770294248905,2.5,1,TRUE,TRUE,1,SSP2_4_5,AM_85,experiment1
1,12.4506529667533,1,83,12.8770294248905,2.5,1,TRUE,TRUE,1,SSP2_4_5,AM_85,experiment1
1,12.613682736712,1,83,12.8770294248905,2.5,1,TRUE,TRUE,1,SSP2_4_5,AM_85,experiment1
5,11.0076913355456,1,83,12.8770294248905,2.5,1,TRUE,TRUE,1,SSP2_4_5,AM_85,experiment1
1,13.158619724275,1,83,12.8770294248905,2.5,1,TRUE,TRUE,1,SSP2_4_5,AM_85,experiment1
1,12.3625165666433,1,83,12.8770294248905,2.5,1,TRUE,TRUE,1,SSP2_4_5,AM_85,experiment1
1,12.8517273091454,1,83,12.8770294248905,2.5,1,TRUE,TRUE,1,SSP2_4_5,AM_85,experiment1
1,11.5204236803754,1,83,12.8770294248905,2.5,1,TRUE,TRUE,1,SSP2_4_5,AM_85,experiment1
1,12.9704670484756,1,83,12.8770294248905,2.5,1,TRUE,TRUE,1,SSP2_4_5,AM_85,experiment1
1,10.7412797382716,1,83,12.8770294248905,2.5,1,TRUE,TRUE,1,SSP2_4_5,AM_85,experiment1
1,11.6144603526107,1,83,12.8770294248905,2.5,1,TRUE,TRUE,1,SSP2_4_5,AM_85,experiment1
7,13.8091280275428,1,83,12.8770294248905,2.5,1,TRUE,TRUE,1,SSP2_4_5,AM_85,experiment1
1,12.5087106915917,1,83,12.8770294248905,2.5,1,TRUE,TRUE,1,SSP2_4_5,AM_85,experiment1
1,9.00336329015741,1,83,12.8770294248905,2.5,1,TRUE,TRUE,1,SSP2_4_5,AM_85,experiment1
1,11.803426631247,1,83,12.8770294248905,2.5,1,TRUE,TRUE,1,SSP2_4_5,AM_85,experiment1
1,11.8234242094764,1,83,12.8770294248905,2.5,1,TRUE,TRUE,1,SSP2_4_5,AM_85,experiment1
1,10.0604201880082,1,83,12.8770294248905,2.5,1,TRUE,TRUE,1,SSP2_4_5,AM_85,experiment1
1,11.7829771597947,1,83,12.8770294248905,2.5,1,TRUE,TRUE,1,SSP2_4_5,AM_85,experiment1
1,9.85838088009335,1,83,12.8770294248905,2.5,1,TRUE,TRUE,1,SSP2_4_5,AM_85,experiment1
1,12.4849460261129,1,83,12.8770294248905,2.5,1,TRUE,TRUE,1,SSP2_4_5,AM_85,experiment1
1,12.4670821639292,1,83,12.8770294248905,2.5,1,TRUE,TRUE,1,SSP2_4_5,AM_85,experiment1
4,12.7040100789121,1,83,12.8770294248905,2.5,1,TRUE,TRUE,1,SSP2_4_5,AM_85,experiment1
1,11.3837582040794,1,83,12.8770294248905,2.5,1,TRUE,TRUE,1,SSP2_4_5,AM_85,experiment1
1,12.1703454678071,1,83,12.8770294248905,2.5,1,TRUE,TRUE,1,SSP2_4_5,AM_85,experiment1
6,12.789641192554,1,83,12.8770294248905,2.5,1,TRUE,TRUE,1,SSP2_4_5,AM_85,experiment1
7,13.7204416233454,1,83,12.8770294248905,2.5,1,TRUE,TRUE,1,SSP2_4_5,AM_85,experiment1
4,12.1235616672323,1,83,12.8770294248905,2.5,1,TRUE,TRUE,1,SSP2_4_5,AM_85,experiment1
1,11.8835553588577,1,83,12.8770294248905,2.5,1,TRUE,TRUE,1,SSP2_4_5,AM_85,experiment1
1,3.2196746875,1,83,12.8770294248905,2.5,1,TRUE,TRUE,1,SSP2_4_5,AM_85,experiment1
1,12.0484370516562,1,83,12.8770294248905,2.5,1,TRUE,TRUE,1,SSP2_4_5,AM_85,experiment1
7,13.0841026696221,1,83,12.8770294248905,2.5,1,TRUE,TRUE,1,SSP2_4_5,AM_85,experiment1
1,11.8763923821227,1,83,12.8770294248905,2.5,1,TRUE,TRUE,1,SSP2_4_5,AM_85,experiment1
1,10.7985039357728,1,83,12.8770294248905,2.5,1,TRUE,TRUE,1,SSP2_4_5,AM_85,experiment1
4,11.7868945673644,1,83,12.8770294248905,2.5,1,TRUE,TRUE,1,SSP2_4_5,AM_85,experiment1
1,13.426456948106,1,83,12.8770294248905,2.5,1,TRUE,TRUE,1,SSP2_4_5,AM_85,experiment1
1,11.5433681028716,1,83,12.8770294248905,2.5,1,TRUE,TRUE,1,SSP2_4_5,AM_85,experiment1
1,12.646842586909,1,83,12.8770294248905,2.5,1,TRUE,TRUE,1,SSP2_4_5,AM_85,experiment1
7,11.0114648040283,1,83,12.8770294248905,2.5,1,TRUE,TRUE,1,SSP2_4_5,AM_85,experiment1
1,11.5121357025331,1,83,12.8770294248905,2.5,1,TRUE,TRUE,1,SSP2_4_5,AM_85,experiment1
1,13.3766852957037,1,83,12.8770294248905,2.5,1,TRUE,TRUE,1,SSP2_4_5,AM_85,experiment1
7,13.7815378999609,1,83,12.8770294248905,2.5,1,TRUE,TRUE,1,SSP2_4_5,AM_85,experiment1
5,12.1302434635566,1,83,12.8770294248905,2.5,1,TRUE,TRUE,1,SSP2_4_5,AM_85,experiment1
1,13.1432296381017,1,83,12.8770294248905,2.5,1,TRUE,TRUE,1,SSP2_4_5,AM_85,experiment1
1,14.3340935854533,1,83,12.8770294248905,2.5,1,TRUE,TRUE,1,SSP2_4_5,AM_85,experiment1
1,11.9675483107298,1,83,12.8770294248905,2.5,1,TRUE,TRUE,1,SSP2_4_5,AM_85,experiment1
8,13.4285547744379,1,83,12.8770294248905,2.5,1,TRUE,TRUE,1,SSP2_4_5,AM_85,experiment1
6,12.3456310964029,1,83,12.8770294248905,2.5,1,TRUE,TRUE,1,SSP2_4_5,AM_85,experiment1
10,12.9719344013279,1,83,12.8770294248905,2.5,1,TRUE,TRUE,1,SSP2_4_5,AM_85,experiment1
1,12.301137449013,1,83,12.8770294248905,2.5,1,TRUE,TRUE,1,SSP2_4_5,AM_85,experiment1
7,12.9737291531739,1,83,12.8770294248905,2.5,1,TRUE,TRUE,1,SSP2_4_5,AM_85,experiment1
5,12.0176087989396,1,83,12.8770294248905,2.5,1,TRUE,TRUE,1,SSP2_4_5,AM_85,experiment1
1,12.6510690177542,1,83,12.8770294248905,2.5,1,TRUE,TRUE,1,SSP2_4_5,AM_85,experiment1
1,9.4816957038727,1,83,12.8770294248905,2.5,1,TRUE,TRUE,1,SSP2_4_5,AM_85,experiment1
5,12.2384619315234,1,83,12.8770294248905,2.5,1,TRUE,TRUE,1,SSP2_4_5,AM_85,experiment1
8,10.8991628972263,1,83,12.8770294248905,2.5,1,TRUE,TRUE,1,SSP2_4_5,AM_85,experiment1
7,13.4142053800598,1,83,12.8770294248905,2.5,1,TRUE,TRUE,1,SSP2_4_5,AM_85,experiment1
1,13.9188367355844,1,83,12.8770294248905,2.5,1,TRUE,TRUE,1,SSP2_4_5,AM_85,experiment1
1,12.7337563493572,1,83,12.8770294248905,2.5,1,TRUE,TRUE,1,SSP2_4_5,AM_85,experiment1
9,10.6730282440079,1,83,12.8770294248905,2.5,1,TRUE,TRUE,1,SSP2_4_5,AM_85,experiment1
9,11.6320352940294,1,83,12.8770294248905,2.5,1,TRUE,TRUE,1,SSP2_4_5,AM_85,experiment1
1,12.50656535583,1,83,12.8770294248905,2.5,1,TRUE,TRUE,1,SSP2_4_5,AM_85,experiment1
1,11.8665688922883,1,83,12.8770294248905,2.5,1,TRUE,TRUE,1,SSP2_4_5,AM_85,experiment1
7,13.05491160248,1,83,12.8770294248905,2.5,1,TRUE,TRUE,1,SSP2_4_5,AM_85,experiment1
7,13.5974570049911,1,83,12.8770294248905,2.5,1,TRUE,TRUE,1,SSP2_4_5,AM_85,experiment1
10,10.8122347022693,1,83,12.8770294248905,2.5,1,TRUE,TRUE,1,SSP2_4_5,AM_85,experiment1
1,10.7509685610366,1,83,12.8770294248905,2.5,1,TRUE,TRUE,1,SSP2_4_5,AM_85,experiment1
9,12.6907633359962,1,83,12.8770294248905,2.5,1,TRUE,TRUE,1,SSP2_4_5,AM_85,experiment1
1,13.359065956044,1,83,12.8770294248905,2.5,1,TRUE,TRUE,1,SSP2_4_5,AM_85,experiment1
1,12.8428199112531,1,83,12.8770294248905,2.5,1,TRUE,TRUE,1,SSP2_4_5,AM_85,experiment1
1,10.920848085463,1,83,12.8770294248905,2.5,1,TRUE,TRUE,1,SSP2_4_5,AM_85,experiment1
1,9.24563189370365,1,83,12.8770294248905,2.5,1,TRUE,TRUE,1,SSP2_4_5,AM_85,experiment1
3,12.7130894629512,1,83,12.8770294248905,2.5,1,TRUE,TRUE,1,SSP2_4_5,AM_85,experiment1
6,12.8765442301757,1,83,12.8770294248905,2.5,1,TRUE,TRUE,1,SSP2_4_5,AM_85,experiment1
1,13.835082807491,1,83,12.8770294248905,2.5,1,TRUE,TRUE,1,SSP2_4_5,AM_85,experiment1
4,11.1593621893367,1,83,12.8770294248905,2.5,1,TRUE,TRUE,1,SSP2_4_5,AM_85,experiment1
1,10.7710683085279,1,83,12.8770294248905,2.5,1,TRUE,TRUE,1,SSP2_4_5,AM_85,experiment1
1,14.0933061647375,1,83,12.8770294248905,2.5,1,TRUE,TRUE,1,SSP2_4_5,AM_85,experiment1
1,11.4104014396065,1,83,12.8770294248905,2.5,1,TRUE,TRUE,1,SSP2_4_5,AM_85,experiment1
1,10.8204899793681,1,83,12.8770294248905,2.5,1,TRUE,TRUE,1,SSP2_4_5,AM_85,experiment1
1,13.1523727295937,1,83,12.8770294248905,2.5,1,TRUE,TRUE,1,SSP2_4_5,AM_85,experiment1
5,13.6855372313151,1,83,12.8770294248905,2.5,1,TRUE,TRUE,1,SSP2_4_5,AM_85,experiment1
1,12.9586665759585,1,83,12.8770294248905,2.5,1,TRUE,TRUE,1,SSP2_4_5,AM_85,experiment1
1,12.5547198322797,1,83,12.8770294248905,2.5,1,TRUE,TRUE,1,SSP2_4_5,AM_85,experiment1
1,13.2526500763068,1,83,12.8770294248905,2.5,1,TRUE,TRUE,1,SSP2_4_5,AM_85,experiment1
8,14.0048191821279,1,83,12.8770294248905,2.5,1,TRUE,TRUE,1,SSP2_4_5,AM_85,experiment1
1,11.9692561705489,1,83,12.8770294248905,2.5,1,TRUE,TRUE,1,SSP2_4_5,AM_85,experiment1
1,11.3570642037283,1,83,12.8770294248905,2.5,1,TRUE,TRUE,1,SSP2_4_5,AM_85,experiment1
1,11.8523589016904,1,83,12.8770294248905,2.5,1,TRUE,TRUE,1,SSP2_4_5,AM_85,experiment1
1,13.0739853310728,1,83,12.8770294248905,2.5,1,TRUE,TRUE,1,SSP2_4_5,AM_85,experiment1
11,11.808497662237,1,83,12.8770294248905,2.5,1,TRUE,TRUE,1,SSP2_4_5,AM_85,experiment1
1,12.3843835845186,1,83,12.8770294248905,2.5,1,TRUE,TRUE,1,SSP2_4_5,AM_85,experiment1
1,12.5781793051892,1,83,12.8770294248905,2.5,1,TRUE,TRUE,1,SSP2_4_5,AM_85,experiment1
3,12.8372011604175,1,83,12.8770294248905,2.5,1,TRUE,TRUE,1,SSP2_4_5,AM_85,experiment1
1,12.023692447058,1,83,12.8770294248905,2.5,1,TRUE,TRUE,1,SSP2_4_5,AM_85,experiment1
1,8.77549212647206,1,83,12.8770294248905,2.5,1,TRUE,TRUE,1,SSP2_4_5,AM_85,experiment1
1,11.0385211609855,1,83,12.8770294248905,2.5,1,TRUE,TRUE,1,SSP2_4_5,AM_85,experiment1
10,11.9491077902484,1,83,12.8770294248905,2.5,1,TRUE,TRUE,1,SSP2_4_5,AM_85,experiment1
8,10.7994490727222,1,83,12.8770294248905,2.5,1,TRUE,TRUE,1,SSP2_4_5,AM_85,experiment1
1,12.5399391757194,1,83,12.8770294248905,2.5,1,TRUE,TRUE,1,SSP2_4_5,AM_85,experiment1
8,12.7151936828389,1,83,12.8770294248905,2.5,1,TRUE,TRUE,1,SSP2_4_5,AM_85,experiment1
1,14.2682496398793,1,83,12.8770294248905,2.5,1,TRUE,TRUE,1,SSP2_4_5,AM_85,experiment1
8,13.9692982333242,1,83,12.8770294248905,2.5,1,TRUE,TRUE,1,SSP2_4_5,AM_85,experiment1
8,13.0528597858286,1,83,12.8770294248905,2.5,1,TRUE,TRUE,1,SSP2_4_5,AM_85,experiment1
8,13.9181651927266,1,83,12.8770294248905,2.5,1,TRUE,TRUE,1,SSP2_4_5,AM_85,experiment1
1,13.3901733522014,1,83,12.8770294248905,2.5,1,TRUE,TRUE,1,SSP2_4_5,AM_85,experiment1
1,13.9068355149598,1,83,12.8770294248905,2.5,1,TRUE,TRUE,1,SSP2_4_5,AM_85,experiment1
10,12.431199736028,1,83,12.8770294248905,2.5,1,TRUE,TRUE,1,SSP2_4_5,AM_85,experiment1
7,12.6244563909181,1,83,12.8770294248905,2.5,1,TRUE,TRUE,1,SSP2_4_5,AM_85,experiment1
1,10.6055239558395,1,83,12.8770294248905,2.5,1,TRUE,TRUE,1,SSP2_4_5,AM_85,experiment1
1,11.9119362308535,1,83,12.8770294248905,2.5,1,TRUE,TRUE,1,SSP2_4_5,AM_85,experiment1
1,12.4241277590241,1,83,12.8770294248905,2.5,1,TRUE,TRUE,1,SSP2_4_5,AM_85,experiment1
9,12.536617353992,1,83,12.8770294248905,2.5,1,TRUE,TRUE,1,SSP2_4_5,AM_85,experiment1
1,11.0138926970923,1,83,12.8770294248905,2.5,1,TRUE,TRUE,1,SSP2_4_5,AM_85,experiment1
1,6.42782695899618,1,83,12.8770294248905,2.5,1,TRUE,TRUE,1,SSP2_4_5,AM_85,experiment1
1,9.72322588793475,1,83,12.8770294248905,2.5,1,TRUE,TRUE,1,SSP2_4_5,AM_85,experiment1
1,11.9129389530344,1,83,12.8770294248905,2.5,1,TRUE,TRUE,1,SSP2_4_5,AM_85,experiment1
1,13.5069006507087,1,83,12.8770294248905,2.5,1,TRUE,TRUE,1,SSP2_4_5,AM_85,experiment1
1,12.6323287080793,1,83,12.8770294248905,2.5,1,TRUE,TRUE,1,SSP2_4_5,AM_85,experiment1
1,12.4577633580747,1,83,12.8770294248905,2.5,1,TRUE,TRUE,1,SSP2_4_5,AM_85,experiment1
1,13.8986030650341,1,83,12.8770294248905,2.5,1,TRUE,TRUE,1,SSP2_4_5,AM_85,experiment1
1,10.4477208210286,1,83,12.8770294248905,2.5,1,TRUE,TRUE,1,SSP2_4_5,AM_85,experiment1
1,9.94327808221758,1,83,12.8770294248905,2.5,1,TRUE,TRUE,1,SSP2_4_5,AM_85,experiment1
1,12.2351537719758,1,83,12.8770294248905,2.5,1,TRUE,TRUE,1,SSP2_4_5,AM_85,experiment1
7,12.9760054731597,1,83,12.8770294248905,2.5,1,TRUE,TRUE,1,SSP2_4_5,AM_85,experiment1
1,13.7257933705167,1,83,12.8770294248905,2.5,1,TRUE,TRUE,1,SSP2_4_5,AM_85,experiment1
1,11.5841364743865,1,83,12.8770294248905,2.5,1,TRUE,TRUE,1,SSP2_4_5,AM_85,experiment1
6,12.949499037768,1,83,12.8770294248905,2.5,1,TRUE,TRUE,1,SSP2_4_5,AM_85,experiment1
6,12.2365291775039,1,83,12.8770294248905,2.5,1,TRUE,TRUE,1,SSP2_4_5,AM_85,experiment1
1,12.3428711714679,1,83,12.8770294248905,2.5,1,TRUE,TRUE,1,SSP2_4_5,AM_85,experiment1
1,11.592182235845,1,83,12.8770294248905,2.5,1,TRUE,TRUE,1,SSP2_4_5,AM_85,experiment1
5,10.4415129866083,1,83,12.8770294248905,2.5,1,TRUE,TRUE,1,SSP2_4_5,AM_85,experiment1
5,11.7367761873455,1,83,12.8770294248905,2.5,1,TRUE,TRUE,1,SSP2_4_5,AM_85,experiment1
1,12.7292422572064,1,83,12.8770294248905,2.5,1,TRUE,TRUE,1,SSP2_4_5,AM_85,experiment1
5,13.5316969086581,1,83,12.8770294248905,2.5,1,TRUE,TRUE,1,SSP2_4_5,AM_85,experiment1
1,11.0890959462233,1,83,12.8770294248905,2.5,1,TRUE,TRUE,1,SSP2_4_5,AM_85,experiment1
1,8.71936808522888,1,83,12.8770294248905,2.5,1,TRUE,TRUE,1,SSP2_4_5,AM_85,experiment1
1,14.6258747815703,1,83,12.8770294248905,2.5,1,TRUE,TRUE,1,SSP2_4_5,AM_85,experiment1
1,3.3956621875,1,83,12.8770294248905,2.5,1,TRUE,TRUE,1,SSP2_4_5,AM_85,experiment1
7,12.7824707238293,1,83,12.8770294248905,2.5,1,TRUE,TRUE,1,SSP2_4_5,AM_85,experiment1
1,8.79934884356832,1,83,12.8770294248905,2.5,1,TRUE,TRUE,1,SSP2_4_5,AM_85,experiment1
1,12.3423736597805,1,83,12.8770294248905,2.5,1,TRUE,TRUE,1,SSP2_4_5,AM_85,experiment1
7,13.8610125576191,1,83,12.8770294248905,2.5,1,TRUE,TRUE,1,SSP2_4_5,AM_85,experiment1
5,13.4197555797331,1,83,12.8770294248905,2.5,1,TRUE,TRUE,1,SSP2_4_5,AM_85,experiment1
1,13.3483138007876,1,83,12.8770294248905,2.5,1,TRUE,TRUE,1,SSP2_4_5,AM_85,experiment1
7,14.1185726373902,1,83,12.8770294248905,2.5,1,TRUE,TRUE,1,SSP2_4_5,AM_85,experiment1
7,12.469502969798,1,83,12.8770294248905,2.5,1,TRUE,TRUE,1,SSP2_4_5,AM_85,experiment1
7,13.1956885989554,1,83,12.8770294248905,2.5,1,TRUE,TRUE,1,SSP2_4_5,AM_85,experiment1
8,10.2616482325802,1,83,12.8770294248905,2.5,1,TRUE,TRUE,1,SSP2_4_5,AM_85,experiment1
1,7.69576996142519,1,83,12.8770294248905,2.5,1,TRUE,TRUE,1,SSP2_4_5,AM_85,experiment1
5,13.9570886930026,1,83,12.8770294248905,2.5,1,TRUE,TRUE,1,SSP2_4_5,AM_85,experiment1
5,12.6218446070771,1,83,12.8770294248905,2.5,1,TRUE,TRUE,1,SSP2_4_5,AM_85,experiment1
1,10.8563217331126,1,83,12.8770294248905,2.5,1,TRUE,TRUE,1,SSP2_4_5,AM_85,experiment1
1,13.5690904826825,1,83,12.8770294248905,2.5,1,TRUE,TRUE,1,SSP2_4_5,AM_85,experiment1
6,10.2519010625212,1,83,12.8770294248905,2.5,1,TRUE,TRUE,1,SSP2_4_5,AM_85,experiment1
8,9.00360924883055,1,83,12.8770294248905,2.5,1,TRUE,TRUE,1,SSP2_4_5,AM_85,experiment1
6,12.6802686933099,1,83,12.8770294248905,2.5,1,TRUE,TRUE,1,SSP2_4_5,AM_85,experiment1
6,11.8851641643384,1,83,12.8770294248905,2.5,1,TRUE,TRUE,1,SSP2_4_5,AM_85,experiment1
3,11.6018584033522,1,83,12.8770294248905,2.5,1,TRUE,TRUE,1,SSP2_4_5,AM_85,experiment1
10,13.3679356921506,1,83,12.8770294248905,2.5,1,TRUE,TRUE,1,SSP2_4_5,AM_85,experiment1
1,11.596720263923,1,83,12.8770294248905,2.5,1,TRUE,TRUE,1,SSP2_4_5,AM_85,experiment1
1,12.8235628571689,1,83,12.8770294248905,2.5,1,TRUE,TRUE,1,SSP2_4_5,AM_85,experiment1
1,13.2448452297816,1,83,12.8770294248905,2.5,1,TRUE,TRUE,1,SSP2_4_5,AM_85,experiment1
2,12.0631628200711,1,83,12.8770294248905,2.5,1,TRUE,TRUE,1,SSP2_4_5,AM_85,experiment1
3,13.6271122379182,1,83,12.8770294248905,2.5,1,TRUE,TRUE,1,SSP2_4_5,AM_85,experiment1
1,10.7207471756555,1,83,12.8770294248905,2.5,1,TRUE,TRUE,1,SSP2_4_5,AM_85,experiment1
1,12.174388239022,1,83,12.8770294248905,2.5,1,TRUE,TRUE,1,SSP2_4_5,AM_85,experiment1
1,13.206370613375,1,83,12.8770294248905,2.5,1,TRUE,TRUE,1,SSP2_4_5,AM_85,experiment1
1,12.2442096166114,1,83,12.8770294248905,2.5,1,TRUE,TRUE,1,SSP2_4_5,AM_85,experiment1
1,10.0653071826182,1,83,12.8770294248905,2.5,1,TRUE,TRUE,1,SSP2_4_5,AM_85,experiment1
1,12.1911619538983,1,83,12.8770294248905,2.5,1,TRUE,TRUE,1,SSP2_4_5,AM_85,experiment1
1,12.8318013684112,1,83,12.8770294248905,2.5,1,TRUE,TRUE,1,SSP2_4_5,AM_85,experiment1
8,10.6437158490276,1,83,12.8770294248905,2.5,1,TRUE,TRUE,1,SSP2_4_5,AM_85,experiment1
1,13.0608099976537,1,83,12.8770294248905,2.5,1,TRUE,TRUE,1,SSP2_4_5,AM_85,experiment1
1,11.8474132119282,1,83,12.8770294248905,2.5,1,TRUE,TRUE,1,SSP2_4_5,AM_85,experiment1
1,10.7383364846583,1,83,12.8770294248905,2.5,1,TRUE,TRUE,1,SSP2_4_5,AM_85,experiment1
9,12.5864485540041,1,83,12.8770294248905,2.5,1,TRUE,TRUE,1,SSP2_4_5,AM_85,experiment1
1,10.6501174171175,1,83,12.8770294248905,2.5,1,TRUE,TRUE,1,SSP2_4_5,AM_85,experiment1
1,13.9679842024631,1,83,12.8770294248905,2.5,1,TRUE,TRUE,1,SSP2_4_5,AM_85,experiment1
10,11.4622190193017,1,83,12.8770294248905,2.5,1,TRUE,TRUE,1,SSP2_4_5,AM_85,experiment1
1,12.2564704199428,1,83,12.8770294248905,2.5,1,TRUE,TRUE,1,SSP2_4_5,AM_85,experiment1
1,12.3822596594206,1,83,12.8770294248905,2.5,1,TRUE,TRUE,1,SSP2_4_5,AM_85,experiment1
1,9.55723620393858,1,83,12.8770294248905,2.5,1,TRUE,TRUE,1,SSP2_4_5,AM_85,experiment1
1,11.888858004663,1,83,12.8770294248905,2.5,1,TRUE,TRUE,1,SSP2_4_5,AM_85,experiment1
1,10.5872267326821,1,83,12.8770294248905,2.5,1,TRUE,TRUE,1,SSP2_4_5,AM_85,experiment1
1,13.0477218759777,1,83,12.8770294248905,2.5,1,TRUE,TRUE,1,SSP2_4_5,AM_85,experiment1
1,10.7341025251105,1,83,12.8770294248905,2.5,1,TRUE,TRUE,1,SSP2_4_5,AM_85,experiment1
1,12.4205636943083,1,83,12.8770294248905,2.5,1,TRUE,TRUE,1,SSP2_4_5,AM_85,experiment1
7,11.6900987173944,1,83,12.8770294248905,2.5,1,TRUE,TRUE,1,SSP2_4_5,AM_85,experiment1
10,12.4116630104612,1,83,12.8770294248905,2.5,1,TRUE,TRUE,1,SSP2_4_5,AM_85,experiment1
9,11.778792403225,1,83,12.8770294248905,2.5,1,TRUE,TRUE,1,SSP2_4_5,AM_85,experiment1
1,13.0271304343218,1,83,12.8770294248905,2.5,1,TRUE,TRUE,1,SSP2_4_5,AM_85,experiment1
5,11.5116624768684,1,83,12.8770294248905,2.5,1,TRUE,TRUE,1,SSP2_4_5,AM_85,experiment1
1,12.4906679064018,1,83,12.8770294248905,2.5,1,TRUE,TRUE,1,SSP2_4_5,AM_85,experiment1
1,9.45013369035455,1,83,12.8770294248905,2.5,1,TRUE,TRUE,1,SSP2_4_5,AM_85,experiment1
1,12.0122720510088,1,83,12.8770294248905,2.5,1,TRUE,TRUE,1,SSP2_4_5,AM_85,experiment1
1,11.8554837669097,1,83,12.8770294248905,2.5,1,TRUE,TRUE,1,SSP2_4_5,AM_85,experiment1
8,12.8937307544546,1,83,12.8770294248905,2.5,1,TRUE,TRUE,1,SSP2_4_5,AM_85,experiment1
1,13.1003340595804,1,83,12.8770294248905,2.5,1,TRUE,TRUE,1,SSP2_4_5,AM_85,experiment1
1,9.78595037617656,1,83,12.8770294248905,2.5,1,TRUE,TRUE,1,SSP2_4_5,AM_85,experiment1
7,14.2576541395951,1,83,12.8770294248905,2.5,1,TRUE,TRUE,1,SSP2_4_5,AM_85,experiment1
1,13.6074956533568,1,83,12.8770294248905,2.5,1,TRUE,TRUE,1,SSP2_4_5,AM_85,experiment1
1,12.2492141918721,1,83,12.8770294248905,2.5,1,TRUE,TRUE,1,SSP2_4_5,AM_85,experiment1
1,11.5202446101702,1,83,12.8770294248905,2.5,1,TRUE,TRUE,1,SSP2_4_5,AM_85,experiment1
1,12.2689843775923,1,83,12.8770294248905,2.5,1,TRUE,TRUE,1,SSP2_4_5,AM_85,experiment1
1,13.4054584588886,1,83,12.8770294248905,2.5,1,TRUE,TRUE,1,SSP2_4_5,AM_85,experiment1
1,10.7662988440916,1,83,12.8770294248905,2.5,1,TRUE,TRUE,1,SSP2_4_5,AM_85,experiment1
1,12.8210022507707,1,83,12.8770294248905,2.5,1,TRUE,TRUE,1,SSP2_4_5,AM_85,experiment1
1,12.7985773964161,1,83,12.8770294248905,2.5,1,TRUE,TRUE,1,SSP2_4_5,AM_85,experiment1
1,10.6797512987509,1,83,12.8770294248905,2.5,1,TRUE,TRUE,1,SSP2_4_5,AM_85,experiment1
1,13.1499755721092,1,83,12.8770294248905,2.5,1,TRUE,TRUE,1,SSP2_4_5,AM_85,experiment1
1,11.7367181313926,1,83,12.8770294248905,2.5,1,TRUE,TRUE,1,SSP2_4_5,AM_85,experiment1
8,11.7982401971448,1,83,12.8770294248905,2.5,1,TRUE,TRUE,1,SSP2_4_5,AM_85,experiment1
1,13.4731705608452,1,83,12.8770294248905,2.5,1,TRUE,TRUE,1,SSP2_4_5,AM_85,experiment1
1,13.6771232308032,1,83,12.8770294248905,2.5,1,TRUE,TRUE,1,SSP2_4_5,AM_85,experiment1
1,12.4201559708928,1,83,12.8770294248905,2.5,1,TRUE,TRUE,1,SSP2_4_5,AM_85,experiment1
1,12.6207798196063,1,83,12.8770294248905,2.5,1,TRUE,TRUE,1,SSP2_4_5,AM_85,experiment1
1,11.0437153462814,1,83,12.8770294248905,2.5,1,TRUE,TRUE,1,SSP2_4_5,AM_85,experiment1
5,12.4181900012326,1,83,12.8770294248905,2.5,1,TRUE,TRUE,1,SSP2_4_5,AM_85,experiment1
8,13.0547430005585,1,83,12.8770294248905,2.5,1,TRUE,TRUE,1,SSP2_4_5,AM_85,experiment1
1,14.3636371265763,1,83,12.8770294248905,2.5,1,TRUE,TRUE,1,SSP2_4_5,AM_85,experiment1
1,9.52847852297402,1,83,12.8770294248905,2.5,1,TRUE,TRUE,1,SSP2_4_5,AM_85,experiment1
7,13.4192071320459,1,83,12.8770294248905,2.5,1,TRUE,TRUE,1,SSP2_4_5,AM_85,experiment1
1,11.15810092935,1,83,12.8770294248905,2.5,1,TRUE,TRUE,1,SSP2_4_5,AM_85,experiment1
9,9.06411018260527,1,83,12.8770294248905,2.5,1,TRUE,TRUE,1,SSP2_4_5,AM_85,experiment1
7,12.978570468272,1,83,12.8770294248905,2.5,1,TRUE,TRUE,1,SSP2_4_5,AM_85,experiment1
1,13.0951162759566,1,83,12.8770294248905,2.5,1,TRUE,TRUE,1,SSP2_4_5,AM_85,experiment1
1,13.6703733033695,1,83,12.8770294248905,2.5,1,TRUE,TRUE,1,SSP2_4_5,AM_85,experiment1
1,13.8253120274756,1,83,12.8770294248905,2.5,1,TRUE,TRUE,1,SSP2_4_5,AM_85,experiment1
5,14.213483642667,1,83,12.8770294248905,2.5,1,TRUE,TRUE,1,SSP2_4_5,AM_85,experiment1
9,12.0272042571998,1,83,12.8770294248905,2.5,1,TRUE,TRUE,1,SSP2_4_5,AM_85,experiment1
7,12.2077220507478,1,83,12.8770294248905,2.5,1,TRUE,TRUE,1,SSP2_4_5,AM_85,experiment1
1,11.6809935436107,1,83,12.8770294248905,2.5,1,TRUE,TRUE,1,SSP2_4_5,AM_85,experiment1
1,12.2757612916459,1,83,12.8770294248905,2.5,1,TRUE,TRUE,1,SSP2_4_5,AM_85,experiment1
5,10.2786940364435,1,83,12.8770294248905,2.5,1,TRUE,TRUE,1,SSP2_4_5,AM_85,experiment1
6,13.2476137424855,1,83,12.8770294248905,2.5,1,TRUE,TRUE,1,SSP2_4_5,AM_85,experiment1
1,11.7227376161649,1,83,12.8770294248905,2.5,1,TRUE,TRUE,1,SSP2_4_5,AM_85,experiment1
1,10.588013732195,1,83,12.8770294248905,2.5,1,TRUE,TRUE,1,SSP2_4_5,AM_85,experiment1
1,13.6438628775401,1,83,12.8770294248905,2.5,1,TRUE,TRUE,1,SSP2_4_5,AM_85,experiment1
10,12.1655914348302,1,83,12.8770294248905,2.5,1,TRUE,TRUE,1,SSP2_4_5,AM_85,experiment1
1,9.67596424637733,1,83,12.8770294248905,2.5,1,TRUE,TRUE,1,SSP2_4_5,AM_85,experiment1
3,12.0331004098327,1,83,12.8770294248905,2.5,1,TRUE,TRUE,1,SSP2_4_5,AM_85,experiment1
1,5.92136118530232,1,83,12.8770294248905,2.5,1,TRUE,TRUE,1,SSP2_4_5,AM_85,experiment1
7,12.9862709104158,1,83,12.8770294248905,2.5,1,TRUE,TRUE,1,SSP2_4_5,AM_85,experiment1
1,11.9033556135994,1,83,12.8770294248905,2.5,1,TRUE,TRUE,1,SSP2_4_5,AM_85,experiment1
1,14.3188111292275,1,83,12.8770294248905,2.5,1,TRUE,TRUE,1,SSP2_4_5,AM_85,experiment1
9,11.3680119405752,1,83,12.8770294248905,2.5,1,TRUE,TRUE,1,SSP2_4_5,AM_85,experiment1
1,13.6806709748161,1,83,12.8770294248905,2.5,1,TRUE,TRUE,1,SSP2_4_5,AM_85,experiment1
1,13.5070376437204,1,83,12.8770294248905,2.5,1,TRUE,TRUE,1,SSP2_4_5,AM_85,experiment1
1,14.7852816857586,1,83,12.8770294248905,2.5,1,TRUE,TRUE,1,SSP2_4_5,AM_85,experiment1
1,12.2790262729032,1,83,12.8770294248905,2.5,1,TRUE,TRUE,1,SSP2_4_5,AM_85,experiment1
7,12.5978653482661,1,83,12.8770294248905,2.5,1,TRUE,TRUE,1,SSP2_4_5,AM_85,experiment1
1,12.3257292227288,1,83,12.8770294248905,2.5,1,TRUE,TRUE,1,SSP2_4_5,AM_85,experiment1
1,12.544301003539,1,83,12.8770294248905,2.5,1,TRUE,TRUE,1,SSP2_4_5,AM_85,experiment1
1,10.7722065820576,1,83,12.8770294248905,2.5,1,TRUE,TRUE,1,SSP2_4_5,AM_85,experiment1
1,13.5205877488232,1,83,12.8770294248905,2.5,1,TRUE,TRUE,1,SSP2_4_5,AM_85,experiment1
6,12.934455556659,1,83,12.8770294248905,2.5,1,TRUE,TRUE,1,SSP2_4_5,AM_85,experiment1
1,11.2512387378151,1,83,12.8770294248905,2.5,1,TRUE,TRUE,1,SSP2_4_5,AM_85,experiment1
1,11.7484168696296,1,83,12.8770294248905,2.5,1,TRUE,TRUE,1,SSP2_4_5,AM_85,experiment1
1,10.7411499313553,1,83,12.8770294248905,2.5,1,TRUE,TRUE,1,SSP2_4_5,AM_85,experiment1
1,12.1591091928698,1,83,12.8770294248905,2.5,1,TRUE,TRUE,1,SSP2_4_5,AM_85,experiment1
1,11.2499042426488,1,83,12.8770294248905,2.5,1,TRUE,TRUE,1,SSP2_4_5,AM_85,experiment1
1,14.0168509179281,1,83,12.8770294248905,2.5,1,TRUE,TRUE,1,SSP2_4_5,AM_85,experiment1
1,14.2610883589601,1,83,12.8770294248905,2.5,1,TRUE,TRUE,1,SSP2_4_5,AM_85,experiment1
1,11.9737969670974,1,83,12.8770294248905,2.5,1,TRUE,TRUE,1,SSP2_4_5,AM_85,experiment1
1,11.6764982148264,1,83,12.8770294248905,2.5,1,TRUE,TRUE,1,SSP2_4_5,AM_85,experiment1
8,10.3498250028849,1,83,12.8770294248905,2.5,1,TRUE,TRUE,1,SSP2_4_5,AM_85,experiment1
1,12.5787055722128,1,83,12.8770294248905,2.5,1,TRUE,TRUE,1,SSP2_4_5,AM_85,experiment1
1,13.9630817877258,1,83,12.8770294248905,2.5,1,TRUE,TRUE,1,SSP2_4_5,AM_85,experiment1
1,8.54690238767528,1,83,12.8770294248905,2.5,1,TRUE,TRUE,1,SSP2_4_5,AM_85,experiment1
6,12.1662844647974,1,83,12.8770294248905,2.5,1,TRUE,TRUE,1,SSP2_4_5,AM_85,experiment1
1,11.6234676825238,1,83,12.8770294248905,2.5,1,TRUE,TRUE,1,SSP2_4_5,AM_85,experiment1
1,12.1503417730975,1,83,12.8770294248905,2.5,1,TRUE,TRUE,1,SSP2_4_5,AM_85,experiment1
1,11.7730565483938,1,83,12.8770294248905,2.5,1,TRUE,TRUE,1,SSP2_4_5,AM_85,experiment1
9,11.8776906067424,1,83,12.8770294248905,2.5,1,TRUE,TRUE,1,SSP2_4_5,AM_85,experiment1
5,12.2582548145429,1,83,12.8770294248905,2.5,1,TRUE,TRUE,1,SSP2_4_5,AM_85,experiment1
1,12.1710362099476,1,83,12.8770294248905,2.5,1,TRUE,TRUE,1,SSP2_4_5,AM_85,experiment1
1,11.4872610003907,1,83,12.8770294248905,2.5,1,TRUE,TRUE,1,SSP2_4_5,AM_85,experiment1
1,13.9214818331636,1,83,12.8770294248905,2.5,1,TRUE,TRUE,1,SSP2_4_5,AM_85,experiment1
6,12.5112675825851,1,83,12.8770294248905,2.5,1,TRUE,TRUE,1,SSP2_4_5,AM_85,experiment1
10,10.6446241170865,1,83,12.8770294248905,2.5,1,TRUE,TRUE,1,SSP2_4_5,AM_85,experiment1
6,11.9161776980343,1,83,12.8770294248905,2.5,1,TRUE,TRUE,1,SSP2_4_5,AM_85,experiment1
1,13.185269228553,1,83,12.8770294248905,2.5,1,TRUE,TRUE,1,SSP2_4_5,AM_85,experiment1
1,11.2645804345296,1,83,12.8770294248905,2.5,1,TRUE,TRUE,1,SSP2_4_5,AM_85,experiment1
9,13.3963200421372,1,83,12.8770294248905,2.5,1,TRUE,TRUE,1,SSP2_4_5,AM_85,experiment1
1,12.9576246438737,1,83,12.8770294248905,2.5,1,TRUE,TRUE,1,SSP2_4_5,AM_85,experiment1
10,12.8039187217933,1,83,12.8770294248905,2.5,1,TRUE,TRUE,1,SSP2_4_5,AM_85,experiment1
3,12.9148634513749,1,83,12.8770294248905,2.5,1,TRUE,TRUE,1,SSP2_4_5,AM_85,experiment1
4,12.3181494907177,1,83,12.8770294248905,2.5,1,TRUE,TRUE,1,SSP2_4_5,AM_85,experiment1
1,13.7329090899129,1,83,12.8770294248905,2.5,1,TRUE,TRUE,1,SSP2_4_5,AM_85,experiment1
8,12.7482922113035,1,83,12.8770294248905,2.5,1,TRUE,TRUE,1,SSP2_4_5,AM_85,experiment1
7,12.3761603182163,1,83,12.8770294248905,2.5,1,TRUE,TRUE,1,SSP2_4_5,AM_85,experiment1
1,8.15661626461216,1,83,12.8770294248905,2.5,1,TRUE,TRUE,1,SSP2_4_5,AM_85,experiment1
5,11.1679385310447,1,83,12.8770294248905,2.5,1,TRUE,TRUE,1,SSP2_4_5,AM_85,experiment1
6,14.7919217405013,1,83,12.8770294248905,2.5,1,TRUE,TRUE,1,SSP2_4_5,AM_85,experiment1
1,11.8180739159595,1,83,12.8770294248905,2.5,1,TRUE,TRUE,1,SSP2_4_5,AM_85,experiment1
9,13.2129970974764,1,83,12.8770294248905,2.5,1,TRUE,TRUE,1,SSP2_4_5,AM_85,experiment1
1,11.2751192095347,1,83,12.8770294248905,2.5,1,TRUE,TRUE,1,SSP2_4_5,AM_85,experiment1
7,13.1835944093421,1,83,12.8770294248905,2.5,1,TRUE,TRUE,1,SSP2_4_5,AM_85,experiment1
1,11.7989129989915,1,83,12.8770294248905,2.5,1,TRUE,TRUE,1,SSP2_4_5,AM_85,experiment1
1,11.0043489673867,1,83,12.8770294248905,2.5,1,TRUE,TRUE,1,SSP2_4_5,AM_85,experiment1
1,11.9846262363276,1,83,12.8770294248905,2.5,1,TRUE,TRUE,1,SSP2_4_5,AM_85,experiment1
1,13.6014011917998,1,83,12.8770294248905,2.5,1,TRUE,TRUE,1,SSP2_4_5,AM_85,experiment1
1,14.7255523453065,1,83,12.8770294248905,2.5,1,TRUE,TRUE,1,SSP2_4_5,AM_85,experiment1
1,7.76995732012506,1,83,12.8770294248905,2.5,1,TRUE,TRUE,1,SSP2_4_5,AM_85,experiment1
1,13.0836093838399,1,83,12.8770294248905,2.5,1,TRUE,TRUE,1,SSP2_4_5,AM_85,experiment1
1,9.16258660798484,1,83,12.8770294248905,2.5,1,TRUE,TRUE,1,SSP2_4_5,AM_85,experiment1
5,10.6149822323604,1,83,12.8770294248905,2.5,1,TRUE,TRUE,1,SSP2_4_5,AM_85,experiment1
1,11.5369347196842,1,83,12.8770294248905,2.5,1,TRUE,TRUE,1,SSP2_4_5,AM_85,experiment1
1,11.211697594484,1,83,12.8770294248905,2.5,1,TRUE,TRUE,1,SSP2_4_5,AM_85,experiment1
1,12.056708945479,1,83,12.8770294248905,2.5,1,TRUE,TRUE,1,SSP2_4_5,AM_85,experiment1
1,12.2986998972021,1,83,12.8770294248905,2.5,1,TRUE,TRUE,1,SSP2_4_5,AM_85,experiment1
1,12.8760589274442,1,83,12.8770294248905,2.5,1,TRUE,TRUE,1,SSP2_4_5,AM_85,experiment1
1,13.8798157793944,1,83,12.8770294248905,2.5,1,TRUE,TRUE,1,SSP2_4_5,AM_85,experiment1
1,3.89116599296875,1,83,12.8770294248905,2.5,1,TRUE,TRUE,1,SSP2_4_5,AM_85,experiment1
6,13.1627827696074,1,83,12.8770294248905,2.5,1,TRUE,TRUE,1,SSP2_4_5,AM_85,experiment1
11,10.4322168042799,1,83,12.8770294248905,2.5,1,TRUE,TRUE,1,SSP2_4_5,AM_85,experiment1
1,7.46865881071298,1,83,12.8770294248905,2.5,1,TRUE,TRUE,1,SSP2_4_5,AM_85,experiment1
7,13.2411496415448,1,83,12.8770294248905,2.5,1,TRUE,TRUE,1,SSP2_4_5,AM_85,experiment1
1,12.4970081239932,1,83,12.8770294248905,2.5,1,TRUE,TRUE,1,SSP2_4_5,AM_85,experiment1
1,12.1965712825568,1,83,12.8770294248905,2.5,1,TRUE,TRUE,1,SSP2_4_5,AM_85,experiment1
7,14.0380853875287,1,83,12.8770294248905,2.5,1,TRUE,TRUE,1,SSP2_4_5,AM_85,experiment1
1,12.353652876638,1,83,12.8770294248905,2.5,1,TRUE,TRUE,1,SSP2_4_5,AM_85,experiment1
2,12.4512190229932,1,83,12.8770294248905,2.5,1,TRUE,TRUE,1,SSP2_4_5,AM_85,experiment1
1,11.3562522938704,1,83,12.8770294248905,2.5,1,TRUE,TRUE,1,SSP2_4_5,AM_85,experiment1
1,10.4749750611545,1,83,12.8770294248905,2.5,1,TRUE,TRUE,1,SSP2_4_5,AM_85,experiment1
7,13.198532733347,1,83,12.8770294248905,2.5,1,TRUE,TRUE,1,SSP2_4_5,AM_85,experiment1
6,9.62834609463579,1,83,12.8770294248905,2.5,1,TRUE,TRUE,1,SSP2_4_5,AM_85,experiment1
4,13.6133901636535,1,83,12.8770294248905,2.5,1,TRUE,TRUE,1,SSP2_4_5,AM_85,experiment1
8,12.326188130882,1,83,12.8770294248905,2.5,1,TRUE,TRUE,1,SSP2_4_5,AM_85,experiment1
6,8.98011037959198,1,83,12.8770294248905,2.5,1,TRUE,TRUE,1,SSP2_4_5,AM_85,experiment1
1,9.6076313808023,1,83,12.8770294248905,2.5,1,TRUE,TRUE,1,SSP2_4_5,AM_85,experiment1
8,10.8001834253568,1,83,12.8770294248905,2.5,1,TRUE,TRUE,1,SSP2_4_5,AM_85,experiment1
7,11.5337717079882,1,83,12.8770294248905,2.5,1,TRUE,TRUE,1,SSP2_4_5,AM_85,experiment1
1,13.2273223789505,1,83,12.8770294248905,2.5,1,TRUE,TRUE,1,SSP2_4_5,AM_85,experiment1
1,11.7089419005652,1,83,12.8770294248905,2.5,1,TRUE,TRUE,1,SSP2_4_5,AM_85,experiment1
1,13.5997277908752,1,83,12.8770294248905,2.5,1,TRUE,TRUE,1,SSP2_4_5,AM_85,experiment1
9,11.5171280121601,1,83,12.8770294248905,2.5,1,TRUE,TRUE,1,SSP2_4_5,AM_85,experiment1
1,12.7903294414985,1,83,12.8770294248905,2.5,1,TRUE,TRUE,1,SSP2_4_5,AM_85,experiment1
7,11.3903358663252,1,83,12.8770294248905,2.5,1,TRUE,TRUE,1,SSP2_4_5,AM_85,experiment1
1,13.7565179149559,1,83,12.8770294248905,2.5,1,TRUE,TRUE,1,SSP2_4_5,AM_85,experiment1
1,14.3927088766219,1,83,12.8770294248905,2.5,1,TRUE,TRUE,1,SSP2_4_5,AM_85,experiment1
1,12.0624567279982,1,83,12.8770294248905,2.5,1,TRUE,TRUE,1,SSP2_4_5,AM_85,experiment1
1,12.5900426962732,1,83,12.8770294248905,2.5,1,TRUE,TRUE,1,SSP2_4_5,AM_85,experiment1
9,13.4908477025004,1,83,12.8770294248905,2.5,1,TRUE,TRUE,1,SSP2_4_5,AM_85,experiment1
1,12.0021146007164,1,83,12.8770294248905,2.5,1,TRUE,TRUE,1,SSP2_4_5,AM_85,experiment1
7,13.4787477368378,1,83,12.8770294248905,2.5,1,TRUE,TRUE,1,SSP2_4_5,AM_85,experiment1
1,9.58705646083539,1,83,12.8770294248905,2.5,1,TRUE,TRUE,1,SSP2_4_5,AM_85,experiment1
1,14.1501414589925,1,83,12.8770294248905,2.5,1,TRUE,TRUE,1,SSP2_4_5,AM_85,experiment1
1,13.0472997658055,1,83,12.8770294248905,2.5,1,TRUE,TRUE,1,SSP2_4_5,AM_85,experiment1
1,12.3900738063619,1,83,12.8770294248905,2.5,1,TRUE,TRUE,1,SSP2_4_5,AM_85,experiment1
1,12.903257619644,1,83,12.8770294248905,2.5,1,TRUE,TRUE,1,SSP2_4_5,AM_85,experiment1
6,12.7156173152791,1,83,12.8770294248905,2.5,1,TRUE,TRUE,1,SSP2_4_5,AM_85,experiment1
6,13.0907691159138,1,83,12.8770294248905,2.5,1,TRUE,TRUE,1,SSP2_4_5,AM_85,experiment1
1,11.0804678105385,1,83,12.8770294248905,2.5,1,TRUE,TRUE,1,SSP2_4_5,AM_85,experiment1
1,12.2822320739424,1,83,12.8770294248905,2.5,1,TRUE,TRUE,1,SSP2_4_5,AM_85,experiment1
1,4.03371715121094,1,83,12.8770294248905,2.5,1,TRUE,TRUE,1,SSP2_4_5,AM_85,experiment1
1,9.7424294295663,1,83,12.8770294248905,2.5,1,TRUE,TRUE,1,SSP2_4_5,AM_85,experiment1
1,11.6964153300445,1,83,12.8770294248905,2.5,1,TRUE,TRUE,1,SSP2_4_5,AM_85,experiment1
1,10.9721289838131,1,83,12.8770294248905,2.5,1,TRUE,TRUE,1,SSP2_4_5,AM_85,experiment1
1,13.4588064585789,1,83,12.8770294248905,2.5,1,TRUE,TRUE,1,SSP2_4_5,AM_85,experiment1
1,10.9619365691717,1,83,12.8770294248905,2.5,1,TRUE,TRUE,1,SSP2_4_5,AM_85,experiment1
7,12.1376050733084,1,83,12.8770294248905,2.5,1,TRUE,TRUE,1,SSP2_4_5,AM_85,experiment1
1,13.2059015915607,1,83,12.8770294248905,2.5,1,TRUE,TRUE,1,SSP2_4_5,AM_85,experiment1
1,11.1287831301531,1,83,12.8770294248905,2.5,1,TRUE,TRUE,1,SSP2_4_5,AM_85,experiment1
8,11.850333424035,1,83,12.8770294248905,2.5,1,TRUE,TRUE,1,SSP2_4_5,AM_85,experiment1
1,11.1535558273105,1,83,12.8770294248905,2.5,1,TRUE,TRUE,1,SSP2_4_5,AM_85,experiment1
7,10.9744647939685,1,83,12.8770294248905,2.5,1,TRUE,TRUE,1,SSP2_4_5,AM_85,experiment1
1,10.6664740322877,1,83,12.8770294248905,2.5,1,TRUE,TRUE,1,SSP2_4_5,AM_85,experiment1
1,11.546589143391,1,83,12.8770294248905,2.5,1,TRUE,TRUE,1,SSP2_4_5,AM_85,experiment1
1,12.107311562349,1,83,12.8770294248905,2.5,1,TRUE,TRUE,1,SSP2_4_5,AM_85,experiment1
3,14.2569170315848,1,83,12.8770294248905,2.5,1,TRUE,TRUE,1,SSP2_4_5,AM_85,experiment1
1,11.6456166594772,1,83,12.8770294248905,2.5,1,TRUE,TRUE,1,SSP2_4_5,AM_85,experiment1
1,11.4594226297556,1,83,12.8770294248905,2.5,1,TRUE,TRUE,1,SSP2_4_5,AM_85,experiment1
1,10.8556822792204,1,83,12.8770294248905,2.5,1,TRUE,TRUE,1,SSP2_4_5,AM_85,experiment1
1,2.35564375,1,83,12.8770294248905,2.5,1,TRUE,TRUE,1,SSP2_4_5,AM_85,experiment1
1,12.1527289712528,1,83,12.8770294248905,2.5,1,TRUE,TRUE,1,SSP2_4_5,AM_85,experiment1
1,13.0760826466847,1,83,12.8770294248905,2.5,1,TRUE,TRUE,1,SSP2_4_5,AM_85,experiment1
1,12.9677105483938,1,83,12.8770294248905,2.5,1,TRUE,TRUE,1,SSP2_4_5,AM_85,experiment1
10,9.68440408565342,1,83,12.8770294248905,2.5,1,TRUE,TRUE,1,SSP2_4_5,AM_85,experiment1
10,12.1636769222052,1,83,12.8770294248905,2.5,1,TRUE,TRUE,1,SSP2_4_5,AM_85,experiment1
1,10.0085458620836,1,83,12.8770294248905,2.5,1,TRUE,TRUE,1,SSP2_4_5,AM_85,experiment1
1,8.63662944689036,1,83,12.8770294248905,2.5,1,TRUE,TRUE,1,SSP2_4_5,AM_85,experiment1
1,13.9306639245469,1,83,12.8770294248905,2.5,1,TRUE,TRUE,1,SSP2_4_5,AM_85,experiment1
8,11.0124192040466,1,83,12.8770294248905,2.5,1,TRUE,TRUE,1,SSP2_4_5,AM_85,experiment1
1,11.1938616026916,1,83,12.8770294248905,2.5,1,TRUE,TRUE,1,SSP2_4_5,AM_85,experiment1
1,12.4089411992409,1,83,12.8770294248905,2.5,1,TRUE,TRUE,1,SSP2_4_5,AM_85,experiment1
1,13.427769214002,1,83,12.8770294248905,2.5,1,TRUE,TRUE,1,SSP2_4_5,AM_85,experiment1
7,13.1282495019803,1,83,12.8770294248905,2.5,1,TRUE,TRUE,1,SSP2_4_5,AM_85,experiment1
1,13.2617311988624,1,83,12.8770294248905,2.5,1,TRUE,TRUE,1,SSP2_4_5,AM_85,experiment1
1,13.9944951294526,1,83,12.8770294248905,2.5,1,TRUE,TRUE,1,SSP2_4_5,AM_85,experiment1
1,11.3577012996549,1,83,12.8770294248905,2.5,1,TRUE,TRUE,1,SSP2_4_5,AM_85,experiment1
10,13.5970857873208,1,83,12.8770294248905,2.5,1,TRUE,TRUE,1,SSP2_4_5,AM_85,experiment1
1,12.7222930771902,1,83,12.8770294248905,2.5,1,TRUE,TRUE,1,SSP2_4_5,AM_85,experiment1
1,12.6823352643464,1,83,12.8770294248905,2.5,1,TRUE,TRUE,1,SSP2_4_5,AM_85,experiment1
1,13.4334092755706,1,83,12.8770294248905,2.5,1,TRUE,TRUE,1,SSP2_4_5,AM_85,experiment1
7,10.6044797483235,1,83,12.8770294248905,2.5,1,TRUE,TRUE,1,SSP2_4_5,AM_85,experiment1
8,10.8872559530952,1,83,12.8770294248905,2.5,1,TRUE,TRUE,1,SSP2_4_5,AM_85,experiment1
1,11.595694078876,1,83,12.8770294248905,2.5,1,TRUE,TRUE,1,SSP2_4_5,AM_85,experiment1
1,11.6331997873394,1,83,12.8770294248905,2.5,1,TRUE,TRUE,1,SSP2_4_5,AM_85,experiment1
1,9.55840858017789,1,83,12.8770294248905,2.5,1,TRUE,TRUE,1,SSP2_4_5,AM_85,experiment1
5,14.6946401294273,1,83,12.8770294248905,2.5,1,TRUE,TRUE,1,SSP2_4_5,AM_85,experiment1
1,10.4776195274249,1,83,12.8770294248905,2.5,1,TRUE,TRUE,1,SSP2_4_5,AM_85,experiment1
7,14.1583498693604,1,83,12.8770294248905,2.5,1,TRUE,TRUE,1,SSP2_4_5,AM_85,experiment1
1,13.7227182454379,1,83,12.8770294248905,2.5,1,TRUE,TRUE,1,SSP2_4_5,AM_85,experiment1
7,12.5263213674865,1,83,12.8770294248905,2.5,1,TRUE,TRUE,1,SSP2_4_5,AM_85,experiment1
1,10.9046710022148,1,83,12.8770294248905,2.5,1,TRUE,TRUE,1,SSP2_4_5,AM_85,experiment1
1,12.4136653376879,1,83,12.8770294248905,2.5,1,TRUE,TRUE,1,SSP2_4_5,AM_85,experiment1
7,9.84022050940163,1,83,12.8770294248905,2.5,1,TRUE,TRUE,1,SSP2_4_5,AM_85,experiment1
1,12.6264399560682,1,83,12.8770294248905,2.5,1,TRUE,TRUE,1,SSP2_4_5,AM_85,experiment1
1,11.8586576845829,1,83,12.8770294248905,2.5,1,TRUE,TRUE,1,SSP2_4_5,AM_85,experiment1
11,12.4051990820424,1,83,12.8770294248905,2.5,1,TRUE,TRUE,1,SSP2_4_5,AM_85,experiment1
1,12.4531649225328,1,83,12.8770294248905,2.5,1,TRUE,TRUE,1,SSP2_4_5,AM_85,experiment1
3,10.3025998162338,1,83,12.8770294248905,2.5,1,TRUE,TRUE,1,SSP2_4_5,AM_85,experiment1
6,12.417200034771,1,83,12.8770294248905,2.5,1,TRUE,TRUE,1,SSP2_4_5,AM_85,experiment1
1,12.3353086711398,1,83,12.8770294248905,2.5,1,TRUE,TRUE,1,SSP2_4_5,AM_85,experiment1
1,5.00497699082982,1,83,12.8770294248905,2.5,1,TRUE,TRUE,1,SSP2_4_5,AM_85,experiment1
7,14.594408723169,1,83,12.8770294248905,2.5,1,TRUE,TRUE,1,SSP2_4_5,AM_85,experiment1
3,10.9962045597316,1,83,12.8770294248905,2.5,1,TRUE,TRUE,1,SSP2_4_5,AM_85,experiment1
1,10.8375524218993,1,83,12.8770294248905,2.5,1,TRUE,TRUE,1,SSP2_4_5,AM_85,experiment1
1,12.445360798476,1,83,12.8770294248905,2.5,1,TRUE,TRUE,1,SSP2_4_5,AM_85,experiment1
1,9.92850623768988,1,83,12.8770294248905,2.5,1,TRUE,TRUE,1,SSP2_4_5,AM_85,experiment1
1,12.0605536751032,1,83,12.8770294248905,2.5,1,TRUE,TRUE,1,SSP2_4_5,AM_85,experiment1
1,12.7612180228664,1,83,12.8770294248905,2.5,1,TRUE,TRUE,1,SSP2_4_5,AM_85,experiment1
1,11.4809496768221,1,83,12.8770294248905,2.5,1,TRUE,TRUE,1,SSP2_4_5,AM_85,experiment1
1,12.3396858770263,1,83,12.8770294248905,2.5,1,TRUE,TRUE,1,SSP2_4_5,AM_85,experiment1
1,12.9676698373575,1,83,12.8770294248905,2.5,1,TRUE,TRUE,1,SSP2_4_5,AM_85,experiment1
1,9.48870903596523,1,83,12.8770294248905,2.5,1,TRUE,TRUE,1,SSP2_4_5,AM_85,experiment1
1,12.5329556758688,1,83,12.8770294248905,2.5,1,TRUE,TRUE,1,SSP2_4_5,AM_85,experiment1
1,12.6314236618511,1,83,12.8770294248905,2.5,1,TRUE,TRUE,1,SSP2_4_5,AM_85,experiment1
1,9.9614273580926,1,83,12.8770294248905,2.5,1,TRUE,TRUE,1,SSP2_4_5,AM_85,experiment1
7,11.1717037421048,1,83,12.8770294248905,2.5,1,TRUE,TRUE,1,SSP2_4_5,AM_85,experiment1
6,11.2027054802105,1,83,12.8770294248905,2.5,1,TRUE,TRUE,1,SSP2_4_5,AM_85,experiment1
1,12.2434813454913,1,83,12.8770294248905,2.5,1,TRUE,TRUE,1,SSP2_4_5,AM_85,experiment1
6,12.2753909154413,1,83,12.8770294248905,2.5,1,TRUE,TRUE,1,SSP2_4_5,AM_85,experiment1
1,11.400943142946,1,83,12.8770294248905,2.5,1,TRUE,TRUE,1,SSP2_4_5,AM_85,experiment1
1,12.4311767352904,1,83,12.8770294248905,2.5,1,TRUE,TRUE,1,SSP2_4_5,AM_85,experiment1
6,9.88031723428424,1,83,12.8770294248905,2.5,1,TRUE,TRUE,1,SSP2_4_5,AM_85,experiment1
7,11.789553912373,1,83,12.8770294248905,2.5,1,TRUE,TRUE,1,SSP2_4_5,AM_85,experiment1
1,13.8566404792359,1,83,12.8770294248905,2.5,1,TRUE,TRUE,1,SSP2_4_5,AM_85,experiment1
1,11.451416359629,1,83,12.8770294248905,2.5,1,TRUE,TRUE,1,SSP2_4_5,AM_85,experiment1
8,13.2718560941087,1,83,12.8770294248905,2.5,1,TRUE,TRUE,1,SSP2_4_5,AM_85,experiment1
1,8.31522403083211,1,83,12.8770294248905,2.5,1,TRUE,TRUE,1,SSP2_4_5,AM_85,experiment1
1,10.176887625404,1,83,12.8770294248905,2.5,1,TRUE,TRUE,1,SSP2_4_5,AM_85,experiment1
1,13.1038334371825,1,83,12.8770294248905,2.5,1,TRUE,TRUE,1,SSP2_4_5,AM_85,experiment1
9,13.3556797354494,1,83,12.8770294248905,2.5,1,TRUE,TRUE,1,SSP2_4_5,AM_85,experiment1
4,11.7145032091848,1,83,12.8770294248905,2.5,1,TRUE,TRUE,1,SSP2_4_5,AM_85,experiment1
1,13.3938987715081,1,83,12.8770294248905,2.5,1,TRUE,TRUE,1,SSP2_4_5,AM_85,experiment1
9,10.967386208991,1,83,12.8770294248905,2.5,1,TRUE,TRUE,1,SSP2_4_5,AM_85,experiment1
1,1.74194375,1,83,12.8770294248905,2.5,1,TRUE,TRUE,1,SSP2_4_5,AM_85,experiment1
1,7.89610644294232,1,83,12.8770294248905,2.5,1,TRUE,TRUE,1,SSP2_4_5,AM_85,experiment1
6,10.5108258267278,1,83,12.8770294248905,2.5,1,TRUE,TRUE,1,SSP2_4_5,AM_85,experiment1
1,13.6665180010696,1,83,12.8770294248905,2.5,1,TRUE,TRUE,1,SSP2_4_5,AM_85,experiment1
1,13.283718967524,1,83,12.8770294248905,2.5,1,TRUE,TRUE,1,SSP2_4_5,AM_85,experiment1
1,11.0672060176451,1,83,12.8770294248905,2.5,1,TRUE,TRUE,1,SSP2_4_5,AM_85,experiment1
1,11.4562417052294,1,83,12.8770294248905,2.5,1,TRUE,TRUE,1,SSP2_4_5,AM_85,experiment1
1,11.1839512853481,1,83,12.8770294248905,2.5,1,TRUE,TRUE,1,SSP2_4_5,AM_85,experiment1
1,11.2601121752164,1,83,12.8770294248905,2.5,1,TRUE,TRUE,1,SSP2_4_5,AM_85,experiment1
5,13.0526763180236,1,83,12.8770294248905,2.5,1,TRUE,TRUE,1,SSP2_4_5,AM_85,experiment1
8,12.7869636070407,1,83,12.8770294248905,2.5,1,TRUE,TRUE,1,SSP2_4_5,AM_85,experiment1
10,11.7722553742354,1,83,12.8770294248905,2.5,1,TRUE,TRUE,1,SSP2_4_5,AM_85,experiment1
7,13.2116811719893,1,83,12.8770294248905,2.5,1,TRUE,TRUE,1,SSP2_4_5,AM_85,experiment1
5,12.9272025348905,1,83,12.8770294248905,2.5,1,TRUE,TRUE,1,SSP2_4_5,AM_85,experiment1
5,12.4005326702314,1,83,12.8770294248905,2.5,1,TRUE,TRUE,1,SSP2_4_5,AM_85,experiment1
1,11.2913817275373,1,83,12.8770294248905,2.5,1,TRUE,TRUE,1,SSP2_4_5,AM_85,experiment1
1,13.2585278795711,1,83,12.8770294248905,2.5,1,TRUE,TRUE,1,SSP2_4_5,AM_85,experiment1
1,9.10554815983974,1,83,12.8770294248905,2.5,1,TRUE,TRUE,1,SSP2_4_5,AM_85,experiment1
1,12.7815033510418,1,83,12.8770294248905,2.5,1,TRUE,TRUE,1,SSP2_4_5,AM_85,experiment1
1,12.3606022540122,1,83,12.8770294248905,2.5,1,TRUE,TRUE,1,SSP2_4_5,AM_85,experiment1
1,14.3616975620803,1,83,12.8770294248905,2.5,1,TRUE,TRUE,1,SSP2_4_5,AM_85,experiment1
6,14.0430349274585,1,83,12.8770294248905,2.5,1,TRUE,TRUE,1,SSP2_4_5,AM_85,experiment1
8,13.598439674901,1,83,12.8770294248905,2.5,1,TRUE,TRUE,1,SSP2_4_5,AM_85,experiment1
5,13.9416288228477,1,83,12.8770294248905,2.5,1,TRUE,TRUE,1,SSP2_4_5,AM_85,experiment1
1,13.124328883305,1,83,12.8770294248905,2.5,1,TRUE,TRUE,1,SSP2_4_5,AM_85,experiment1
1,11.3760384058578,1,83,12.8770294248905,2.5,1,TRUE,TRUE,1,SSP2_4_5,AM_85,experiment1
1,11.9851414300488,1,83,12.8770294248905,2.5,1,TRUE,TRUE,1,SSP2_4_5,AM_85,experiment1
7,13.5042904134193,1,83,12.8770294248905,2.5,1,TRUE,TRUE,1,SSP2_4_5,AM_85,experiment1
6,11.9750888475013,1,83,12.8770294248905,2.5,1,TRUE,TRUE,1,SSP2_4_5,AM_85,experiment1
1,12.3718856611361,1,83,12.8770294248905,2.5,1,TRUE,TRUE,1,SSP2_4_5,AM_85,experiment1
9,12.2621066221814,1,83,12.8770294248905,2.5,1,TRUE,TRUE,1,SSP2_4_5,AM_85,experiment1
1,12.3294841328999,1,83,12.8770294248905,2.5,1,TRUE,TRUE,1,SSP2_4_5,AM_85,experiment1
1,13.8069683063197,1,83,12.8770294248905,2.5,1,TRUE,TRUE,1,SSP2_4_5,AM_85,experiment1
10,13.9095226234222,1,83,12.8770294248905,2.5,1,TRUE,TRUE,1,SSP2_4_5,AM_85,experiment1
1,12.4962158757396,1,83,12.8770294248905,2.5,1,TRUE,TRUE,1,SSP2_4_5,AM_85,experiment1
1,11.3044656009145,1,83,12.8770294248905,2.5,1,TRUE,TRUE,1,SSP2_4_5,AM_85,experiment1
6,12.6447452729375,1,83,12.8770294248905,2.5,1,TRUE,TRUE,1,SSP2_4_5,AM_85,experiment1
1,11.0041228642558,1,83,12.8770294248905,2.5,1,TRUE,TRUE,1,SSP2_4_5,AM_85,experiment1
1,14.1833068994808,1,83,12.8770294248905,2.5,1,TRUE,TRUE,1,SSP2_4_5,AM_85,experiment1
1,13.6492467634989,1,83,12.8770294248905,2.5,1,TRUE,TRUE,1,SSP2_4_5,AM_85,experiment1
6,13.2949757713914,1,83,12.8770294248905,2.5,1,TRUE,TRUE,1,SSP2_4_5,AM_85,experiment1
1,11.0015228656207,1,83,12.8770294248905,2.5,1,TRUE,TRUE,1,SSP2_4_5,AM_85,experiment1
1,12.203746934619,1,83,12.8770294248905,2.5,1,TRUE,TRUE,1,SSP2_4_5,AM_85,experiment1
1,12.4517412723702,1,83,12.8770294248905,2.5,1,TRUE,TRUE,1,SSP2_4_5,AM_85,experiment1
7,12.6070083581842,1,83,12.8770294248905,2.5,1,TRUE,TRUE,1,SSP2_4_5,AM_85,experiment1
4,12.1184420628293,1,83,12.8770294248905,2.5,1,TRUE,TRUE,1,SSP2_4_5,AM_85,experiment1
1,13.113147867545,1,83,12.8770294248905,2.5,1,TRUE,TRUE,1,SSP2_4_5,AM_85,experiment1
1,13.1887182325195,1,83,12.8770294248905,2.5,1,TRUE,TRUE,1,SSP2_4_5,AM_85,experiment1
4,12.4938615577114,1,83,12.8770294248905,2.5,1,TRUE,TRUE,1,SSP2_4_5,AM_85,experiment1
1,12.9817513942784,1,83,12.8770294248905,2.5,1,TRUE,TRUE,1,SSP2_4_5,AM_85,experiment1
4,12.0170933003845,1,83,12.8770294248905,2.5,1,TRUE,TRUE,1,SSP2_4_5,AM_85,experiment1
1,13.4554011981401,1,83,12.8770294248905,2.5,1,TRUE,TRUE,1,SSP2_4_5,AM_85,experiment1
5,11.1670470880316,1,83,12.8770294248905,2.5,1,TRUE,TRUE,1,SSP2_4_5,AM_85,experiment1
10,13.0210143923527,1,83,12.8770294248905,2.5,1,TRUE,TRUE,1,SSP2_4_5,AM_85,experiment1
1,12.2689256069739,1,83,12.8770294248905,2.5,1,TRUE,TRUE,1,SSP2_4_5,AM_85,experiment1
1,12.2596790178954,1,83,12.8770294248905,2.5,1,TRUE,TRUE,1,SSP2_4_5,AM_85,experiment1
6,12.797183942872,1,83,12.8770294248905,2.5,1,TRUE,TRUE,1,SSP2_4_5,AM_85,experiment1
1,11.118165424446,1,83,12.8770294248905,2.5,1,TRUE,TRUE,1,SSP2_4_5,AM_85,experiment1
5,11.6211632971849,1,83,12.8770294248905,2.5,1,TRUE,TRUE,1,SSP2_4_5,AM_85,experiment1
1,11.3688646329999,1,83,12.8770294248905,2.5,1,TRUE,TRUE,1,SSP2_4_5,AM_85,experiment1
10,12.6112245808462,1,83,12.8770294248905,2.5,1,TRUE,TRUE,1,SSP2_4_5,AM_85,experiment1
8,13.2703730033566,1,83,12.8770294248905,2.5,1,TRUE,TRUE,1,SSP2_4_5,AM_85,experiment1
1,10.6287121047587,1,83,12.8770294248905,2.5,1,TRUE,TRUE,1,SSP2_4_5,AM_85,experiment1
1,12.2481663944669,1,83,12.8770294248905,2.5,1,TRUE,TRUE,1,SSP2_4_5,AM_85,experiment1
1,14.4070128972464,1,83,12.8770294248905,2.5,1,TRUE,TRUE,1,SSP2_4_5,AM_85,experiment1
1,9.81747118048287,1,83,12.8770294248905,2.5,1,TRUE,TRUE,1,SSP2_4_5,AM_85,experiment1
8,12.0372021914067,1,83,12.8770294248905,2.5,1,TRUE,TRUE,1,SSP2_4_5,AM_85,experiment1
1,13.4814714640605,1,83,12.8770294248905,2.5,1,TRUE,TRUE,1,SSP2_4_5,AM_85,experiment1
5,12.0139471266263,1,83,12.8770294248905,2.5,1,TRUE,TRUE,1,SSP2_4_5,AM_85,experiment1
1,11.3556893333088,1,83,12.8770294248905,2.5,1,TRUE,TRUE,1,SSP2_4_5,AM_85,experiment1
1,13.8776601063286,1,83,12.8770294248905,2.5,1,TRUE,TRUE,1,SSP2_4_5,AM_85,experiment1
1,11.116322672657,1,83,12.8770294248905,2.5,1,TRUE,TRUE,1,SSP2_4_5,AM_85,experiment1
1,10.6220756335479,1,83,12.8770294248905,2.5,1,TRUE,TRUE,1,SSP2_4_5,AM_85,experiment1
1,13.4136447179495,1,83,12.8770294248905,2.5,1,TRUE,TRUE,1,SSP2_4_5,AM_85,experiment1
1,12.622713283645,1,83,12.8770294248905,2.5,1,TRUE,TRUE,1,SSP2_4_5,AM_85,experiment1
10,11.9497853640947,1,83,12.8770294248905,2.5,1,TRUE,TRUE,1,SSP2_4_5,AM_85,experiment1
1,11.1268417376386,1,83,12.8770294248905,2.5,1,TRUE,TRUE,1,SSP2_4_5,AM_85,experiment1
1,12.8854062679847,1,83,12.8770294248905,2.5,1,TRUE,TRUE,1,SSP2_4_5,AM_85,experiment1
1,8.37929847941925,1,83,12.8770294248905,2.5,1,TRUE,TRUE,1,SSP2_4_5,AM_85,experiment1
1,14.1280346629942,1,83,12.8770294248905,2.5,1,TRUE,TRUE,1,SSP2_4_5,AM_85,experiment1
1,13.3280581640366,1,83,12.8770294248905,2.5,1,TRUE,TRUE,1,SSP2_4_5,AM_85,experiment1
6,12.2430053547739,1,83,12.8770294248905,2.5,1,TRUE,TRUE,1,SSP2_4_5,AM_85,experiment1
1,9.88880102958167,1,83,12.8770294248905,2.5,1,TRUE,TRUE,1,SSP2_4_5,AM_85,experiment1
1,13.1265380814239,1,83,12.8770294248905,2.5,1,TRUE,TRUE,1,SSP2_4_5,AM_85,experiment1
1,11.8268257139485,1,83,12.8770294248905,2.5,1,TRUE,TRUE,1,SSP2_4_5,AM_85,experiment1
6,10.6889688266359,1,83,12.8770294248905,2.5,1,TRUE,TRUE,1,SSP2_4_5,AM_85,experiment1
5,12.4537790029159,1,83,12.8770294248905,2.5,1,TRUE,TRUE,1,SSP2_4_5,AM_85,experiment1
10,12.4565572352606,1,83,12.8770294248905,2.5,1,TRUE,TRUE,1,SSP2_4_5,AM_85,experiment1
8,11.0596065321931,1,83,12.8770294248905,2.5,1,TRUE,TRUE,1,SSP2_4_5,AM_85,experiment1
1,12.2392001843115,1,83,12.8770294248905,2.5,1,TRUE,TRUE,1,SSP2_4_5,AM_85,experiment1
1,11.481063261199,1,83,12.8770294248905,2.5,1,TRUE,TRUE,1,SSP2_4_5,AM_85,experiment1
1,12.1576570135056,1,83,12.8770294248905,2.5,1,TRUE,TRUE,1,SSP2_4_5,AM_85,experiment1
1,11.6043307844354,1,83,12.8770294248905,2.5,1,TRUE,TRUE,1,SSP2_4_5,AM_85,experiment1
1,12.5076581097847,1,83,12.8770294248905,2.5,1,TRUE,TRUE,1,SSP2_4_5,AM_85,experiment1
9,12.748833663178,1,83,12.8770294248905,2.5,1,TRUE,TRUE,1,SSP2_4_5,AM_85,experiment1
7,12.1696051344474,1,83,12.8770294248905,2.5,1,TRUE,TRUE,1,SSP2_4_5,AM_85,experiment1
1,11.5313040539332,1,83,12.8770294248905,2.5,1,TRUE,TRUE,1,SSP2_4_5,AM_85,experiment1
6,12.1542794715061,1,83,12.8770294248905,2.5,1,TRUE,TRUE,1,SSP2_4_5,AM_85,experiment1
1,13.1847025945283,1,83,12.8770294248905,2.5,1,TRUE,TRUE,1,SSP2_4_5,AM_85,experiment1
6,12.3871287501779,1,83,12.8770294248905,2.5,1,TRUE,TRUE,1,SSP2_4_5,AM_85,experiment1
1,11.8019755215481,1,83,12.8770294248905,2.5,1,TRUE,TRUE,1,SSP2_4_5,AM_85,experiment1
11,11.8262519545725,1,83,12.8770294248905,2.5,1,TRUE,TRUE,1,SSP2_4_5,AM_85,experiment1
6,12.2340644085987,1,83,12.8770294248905,2.5,1,TRUE,TRUE,1,SSP2_4_5,AM_85,experiment1
1,9.87471078990751,1,83,12.8770294248905,2.5,1,TRUE,TRUE,1,SSP2_4_5,AM_85,experiment1
1,12.1698762964651,1,83,12.8770294248905,2.5,1,TRUE,TRUE,1,SSP2_4_5,AM_85,experiment1
4,7.71232944211268,1,83,12.8770294248905,2.5,1,TRUE,TRUE,1,SSP2_4_5,AM_85,experiment1
1,11.002778050653,1,83,12.8770294248905,2.5,1,TRUE,TRUE,1,SSP2_4_5,AM_85,experiment1
1,12.9412441056614,1,83,12.8770294248905,2.5,1,TRUE,TRUE,1,SSP2_4_5,AM_85,experiment1
5,10.6346260739827,1,83,12.8770294248905,2.5,1,TRUE,TRUE,1,SSP2_4_5,AM_85,experiment1
7,12.3132369606896,1,83,12.8770294248905,2.5,1,TRUE,TRUE,1,SSP2_4_5,AM_85,experiment1
1,12.2187769301929,1,83,12.8770294248905,2.5,1,TRUE,TRUE,1,SSP2_4_5,AM_85,experiment1
9,11.313321757061,1,83,12.8770294248905,2.5,1,TRUE,TRUE,1,SSP2_4_5,AM_85,experiment1
1,11.3149523990672,1,83,12.8770294248905,2.5,1,TRUE,TRUE,1,SSP2_4_5,AM_85,experiment1
1,13.2136586703291,1,83,12.8770294248905,2.5,1,TRUE,TRUE,1,SSP2_4_5,AM_85,experiment1
1,10.3679882079549,1,83,12.8770294248905,2.5,1,TRUE,TRUE,1,SSP2_4_5,AM_85,experiment1
6,13.3340864448805,1,83,12.8770294248905,2.5,1,TRUE,TRUE,1,SSP2_4_5,AM_85,experiment1
1,13.9781178643477,1,83,12.8770294248905,2.5,1,TRUE,TRUE,1,SSP2_4_5,AM_85,experiment1
1,12.7942529187333,1,83,12.8770294248905,2.5,1,TRUE,TRUE,1,SSP2_4_5,AM_85,experiment1
6,13.3423254876026,1,83,12.8770294248905,2.5,1,TRUE,TRUE,1,SSP2_4_5,AM_85,experiment1
8,10.7719911101387,1,83,12.8770294248905,2.5,1,TRUE,TRUE,1,SSP2_4_5,AM_85,experiment1
6,9.90306649799459,1,83,12.8770294248905,2.5,1,TRUE,TRUE,1,SSP2_4_5,AM_85,experiment1
1,12.5021500606029,1,83,12.8770294248905,2.5,1,TRUE,TRUE,1,SSP2_4_5,AM_85,experiment1
8,12.8436986643489,1,83,12.8770294248905,2.5,1,TRUE,TRUE,1,SSP2_4_5,AM_85,experiment1
6,11.4586593361958,1,83,12.8770294248905,2.5,1,TRUE,TRUE,1,SSP2_4_5,AM_85,experiment1
1,11.2807314948596,1,83,12.8770294248905,2.5,1,TRUE,TRUE,1,SSP2_4_5,AM_85,experiment1
1,13.2977484406916,1,83,12.8770294248905,2.5,1,TRUE,TRUE,1,SSP2_4_5,AM_85,experiment1
1,14.3136465948256,1,83,12.8770294248905,2.5,1,TRUE,TRUE,1,SSP2_4_5,AM_85,experiment1
1,13.0897297392558,1,83,12.8770294248905,2.5,1,TRUE,TRUE,1,SSP2_4_5,AM_85,experiment1
6,13.5949006947524,1,83,12.8770294248905,2.5,1,TRUE,TRUE,1,SSP2_4_5,AM_85,experiment1
6,12.8168823990298,1,83,12.8770294248905,2.5,1,TRUE,TRUE,1,SSP2_4_5,AM_85,experiment1
1,13.9003426396618,1,83,12.8770294248905,2.5,1,TRUE,TRUE,1,SSP2_4_5,AM_85,experiment1
5,12.6119185783803,1,83,12.8770294248905,2.5,1,TRUE,TRUE,1,SSP2_4_5,AM_85,experiment1
1,13.2173973403939,1,83,12.8770294248905,2.5,1,TRUE,TRUE,1,SSP2_4_5,AM_85,experiment1
11,13.2848730519815,1,83,12.8770294248905,2.5,1,TRUE,TRUE,1,SSP2_4_5,AM_85,experiment1
1,11.3152500535812,1,83,12.8770294248905,2.5,1,TRUE,TRUE,1,SSP2_4_5,AM_85,experiment1
1,12.030533126789,1,83,12.8770294248905,2.5,1,TRUE,TRUE,1,SSP2_4_5,AM_85,experiment1
1,11.5017337937779,1,83,12.8770294248905,2.5,1,TRUE,TRUE,1,SSP2_4_5,AM_85,experiment1
1,12.1969818476364,1,83,12.8770294248905,2.5,1,TRUE,TRUE,1,SSP2_4_5,AM_85,experiment1
1,13.7028503791607,1,83,12.8770294248905,2.5,1,TRUE,TRUE,1,SSP2_4_5,AM_85,experiment1
7,11.7856833755816,1,83,12.8770294248905,2.5,1,TRUE,TRUE,1,SSP2_4_5,AM_85,experiment1
1,13.1940467684559,1,83,12.8770294248905,2.5,1,TRUE,TRUE,1,SSP2_4_5,AM_85,experiment1
1,12.9695019202161,1,83,12.8770294248905,2.5,1,TRUE,TRUE,1,SSP2_4_5,AM_85,experiment1
1,12.678975305394,1,83,12.8770294248905,2.5,1,TRUE,TRUE,1,SSP2_4_5,AM_85,experiment1
8,11.8494881092155,1,83,12.8770294248905,2.5,1,TRUE,TRUE,1,SSP2_4_5,AM_85,experiment1
1,5.12951580575504,1,83,12.8770294248905,2.5,1,TRUE,TRUE,1,SSP2_4_5,AM_85,experiment1
1,8.62238589724442,1,83,12.8770294248905,2.5,1,TRUE,TRUE,1,SSP2_4_5,AM_85,experiment1
1,11.3398435932956,1,83,12.8770294248905,2.5,1,TRUE,TRUE,1,SSP2_4_5,AM_85,experiment1
6,13.8195060648123,1,83,12.8770294248905,2.5,1,TRUE,TRUE,1,SSP2_4_5,AM_85,experiment1
1,11.4137610518764,1,83,12.8770294248905,2.5,1,TRUE,TRUE,1,SSP2_4_5,AM_85,experiment1
6,13.498984198701,1,83,12.8770294248905,2.5,1,TRUE,TRUE,1,SSP2_4_5,AM_85,experiment1
1,12.8391185997063,1,83,12.8770294248905,2.5,1,TRUE,TRUE,1,SSP2_4_5,AM_85,experiment1
7,11.451412223629,1,83,12.8770294248905,2.5,1,TRUE,TRUE,1,SSP2_4_5,AM_85,experiment1
1,13.3638584449181,1,83,12.8770294248905,2.5,1,TRUE,TRUE,1,SSP2_4_5,AM_85,experiment1
8,13.8037992702659,1,83,12.8770294248905,2.5,1,TRUE,TRUE,1,SSP2_4_5,AM_85,experiment1
1,12.5261282333024,1,83,12.8770294248905,2.5,1,TRUE,TRUE,1,SSP2_4_5,AM_85,experiment1
1,10.1827997698657,1,83,12.8770294248905,2.5,1,TRUE,TRUE,1,SSP2_4_5,AM_85,experiment1
1,9.77613807536748,1,83,12.8770294248905,2.5,1,TRUE,TRUE,1,SSP2_4_5,AM_85,experiment1
1,11.1587206721546,1,83,12.8770294248905,2.5,1,TRUE,TRUE,1,SSP2_4_5,AM_85,experiment1
8,13.2639286825897,1,83,12.8770294248905,2.5,1,TRUE,TRUE,1,SSP2_4_5,AM_85,experiment1
1,11.6752293998035,1,83,12.8770294248905,2.5,1,TRUE,TRUE,1,SSP2_4_5,AM_85,experiment1
1,13.7930056911483,1,83,12.8770294248905,2.5,1,TRUE,TRUE,1,SSP2_4_5,AM_85,experiment1
10,13.3690236610195,1,83,12.8770294248905,2.5,1,TRUE,TRUE,1,SSP2_4_5,AM_85,experiment1
1,11.5525901797226,1,83,12.8770294248905,2.5,1,TRUE,TRUE,1,SSP2_4_5,AM_85,experiment1
1,12.3687562755847,1,83,12.8770294248905,2.5,1,TRUE,TRUE,1,SSP2_4_5,AM_85,experiment1
1,14.2387221271044,1,83,12.8770294248905,2.5,1,TRUE,TRUE,1,SSP2_4_5,AM_85,experiment1
1,10.9593214073017,1,83,12.8770294248905,2.5,1,TRUE,TRUE,1,SSP2_4_5,AM_85,experiment1
5,10.6147675720036,1,83,12.8770294248905,2.5,1,TRUE,TRUE,1,SSP2_4_5,AM_85,experiment1
1,11.5395558354751,1,83,12.8770294248905,2.5,1,TRUE,TRUE,1,SSP2_4_5,AM_85,experiment1
8,11.9952087202446,1,83,12.8770294248905,2.5,1,TRUE,TRUE,1,SSP2_4_5,AM_85,experiment1
5,11.2408533776633,1,83,12.8770294248905,2.5,1,TRUE,TRUE,1,SSP2_4_5,AM_85,experiment1
1,11.3725845741777,1,83,12.8770294248905,2.5,1,TRUE,TRUE,1,SSP2_4_5,AM_85,experiment1
1,8.41257142263472,1,83,12.8770294248905,2.5,1,TRUE,TRUE,1,SSP2_4_5,AM_85,experiment1
1,11.6909930173336,1,83,12.8770294248905,2.5,1,TRUE,TRUE,1,SSP2_4_5,AM_85,experiment1
5,12.8663716820812,1,83,12.8770294248905,2.5,1,TRUE,TRUE,1,SSP2_4_5,AM_85,experiment1
1,13.2979514149069,1,83,12.8770294248905,2.5,1,TRUE,TRUE,1,SSP2_4_5,AM_85,experiment1
1,11.6636325189176,1,83,12.8770294248905,2.5,1,TRUE,TRUE,1,SSP2_4_5,AM_85,experiment1
1,12.3867635990656,1,83,12.8770294248905,2.5,1,TRUE,TRUE,1,SSP2_4_5,AM_85,experiment1
1,11.5629395990763,1,83,12.8770294248905,2.5,1,TRUE,TRUE,1,SSP2_4_5,AM_85,experiment1
6,13.0657332800527,1,83,12.8770294248905,2.5,1,TRUE,TRUE,1,SSP2_4_5,AM_85,experiment1
7,12.0171978239934,1,83,12.8770294248905,2.5,1,TRUE,TRUE,1,SSP2_4_5,AM_85,experiment1
1,13.0221359749464,1,83,12.8770294248905,2.5,1,TRUE,TRUE,1,SSP2_4_5,AM_85,experiment1
7,14.0069366097446,1,83,12.8770294248905,2.5,1,TRUE,TRUE,1,SSP2_4_5,AM_85,experiment1
1,8.9599478597353,1,83,12.8770294248905,2.5,1,TRUE,TRUE,1,SSP2_4_5,AM_85,experiment1
10,11.1645271645516,1,83,12.8770294248905,2.5,1,TRUE,TRUE,1,SSP2_4_5,AM_85,experiment1
1,13.3511708870178,1,83,12.8770294248905,2.5,1,TRUE,TRUE,1,SSP2_4_5,AM_85,experiment1
6,12.8682622230252,1,83,12.8770294248905,2.5,1,TRUE,TRUE,1,SSP2_4_5,AM_85,experiment1
9,13.6074379984243,1,83,12.8770294248905,2.5,1,TRUE,TRUE,1,SSP2_4_5,AM_85,experiment1
1,11.6397864164177,1,83,12.8770294248905,2.5,1,TRUE,TRUE,1,SSP2_4_5,AM_85,experiment1
7,13.652502303807,1,83,12.8770294248905,2.5,1,TRUE,TRUE,1,SSP2_4_5,AM_85,experiment1
6,11.8277211919643,1,83,12.8770294248905,2.5,1,TRUE,TRUE,1,SSP2_4_5,AM_85,experiment1
6,11.8707654013957,1,83,12.8770294248905,2.5,1,TRUE,TRUE,1,SSP2_4_5,AM_85,experiment1
6,13.4536212434554,1,83,12.8770294248905,2.5,1,TRUE,TRUE,1,SSP2_4_5,AM_85,experiment1
1,11.7902361645777,1,83,12.8770294248905,2.5,1,TRUE,TRUE,1,SSP2_4_5,AM_85,experiment1
1,13.3818499836387,1,83,12.8770294248905,2.5,1,TRUE,TRUE,1,SSP2_4_5,AM_85,experiment1
9,12.2219436620795,1,83,12.8770294248905,2.5,1,TRUE,TRUE,1,SSP2_4_5,AM_85,experiment1
1,12.5984823545105,1,83,12.8770294248905,2.5,1,TRUE,TRUE,1,SSP2_4_5,AM_85,experiment1
1,12.9468759013782,1,83,12.8770294248905,2.5,1,TRUE,TRUE,1,SSP2_4_5,AM_85,experiment1
7,13.7498036075634,1,83,12.8770294248905,2.5,1,TRUE,TRUE,1,SSP2_4_5,AM_85,experiment1
7,11.2410705018847,1,83,12.8770294248905,2.5,1,TRUE,TRUE,1,SSP2_4_5,AM_85,experiment1
5,12.4841205581333,1,83,12.8770294248905,2.5,1,TRUE,TRUE,1,SSP2_4_5,AM_85,experiment1
1,13.060155367914,1,83,12.8770294248905,2.5,1,TRUE,TRUE,1,SSP2_4_5,AM_85,experiment1
1,11.9741094606795,1,83,12.8770294248905,2.5,1,TRUE,TRUE,1,SSP2_4_5,AM_85,experiment1
1,12.6966175142325,1,83,12.8770294248905,2.5,1,TRUE,TRUE,1,SSP2_4_5,AM_85,experiment1
1,13.963244675491,1,83,12.8770294248905,2.5,1,TRUE,TRUE,1,SSP2_4_5,AM_85,experiment1
1,11.9933526444395,1,83,12.8770294248905,2.5,1,TRUE,TRUE,1,SSP2_4_5,AM_85,experiment1
1,13.6382363664984,1,83,12.8770294248905,2.5,1,TRUE,TRUE,1,SSP2_4_5,AM_85,experiment1
5,13.7425282983864,1,83,12.8770294248905,2.5,1,TRUE,TRUE,1,SSP2_4_5,AM_85,experiment1
5,12.4521609285658,1,83,12.8770294248905,2.5,1,TRUE,TRUE,1,SSP2_4_5,AM_85,experiment1
1,13.5153791539627,1,83,12.8770294248905,2.5,1,TRUE,TRUE,1,SSP2_4_5,AM_85,experiment1
1,11.8846199514877,1,83,12.8770294248905,2.5,1,TRUE,TRUE,1,SSP2_4_5,AM_85,experiment1
1,11.507066220349,1,83,12.8770294248905,2.5,1,TRUE,TRUE,1,SSP2_4_5,AM_85,experiment1
1,13.6350555888261,1,83,12.8770294248905,2.5,1,TRUE,TRUE,1,SSP2_4_5,AM_85,experiment1
1,13.2314213295028,1,83,12.8770294248905,2.5,1,TRUE,TRUE,1,SSP2_4_5,AM_85,experiment1
7,12.1036170703872,1,83,12.8770294248905,2.5,1,TRUE,TRUE,1,SSP2_4_5,AM_85,experiment1
1,12.8514647217653,1,83,12.8770294248905,2.5,1,TRUE,TRUE,1,SSP2_4_5,AM_85,experiment1
1,12.6207639868188,1,83,12.8770294248905,2.5,1,TRUE,TRUE,1,SSP2_4_5,AM_85,experiment1
1,12.1486962828023,1,83,12.8770294248905,2.5,1,TRUE,TRUE,1,SSP2_4_5,AM_85,experiment1
4,11.8424810263461,1,83,12.8770294248905,2.5,1,TRUE,TRUE,1,SSP2_4_5,AM_85,experiment1
2,11.4149887198777,1,83,12.8770294248905,2.5,1,TRUE,TRUE,1,SSP2_4_5,AM_85,experiment1
1,14.0281919250097,1,83,12.8770294248905,2.5,1,TRUE,TRUE,1,SSP2_4_5,AM_85,experiment1
8,11.6954507776324,1,83,12.8770294248905,2.5,1,TRUE,TRUE,1,SSP2_4_5,AM_85,experiment1
1,11.0129098924544,1,83,12.8770294248905,2.5,1,TRUE,TRUE,1,SSP2_4_5,AM_85,experiment1
1,11.6986736018018,1,83,12.8770294248905,2.5,1,TRUE,TRUE,1,SSP2_4_5,AM_85,experiment1
1,13.0342719247889,1,83,12.8770294248905,2.5,1,TRUE,TRUE,1,SSP2_4_5,AM_85,experiment1
1,12.8852420037113,1,83,12.8770294248905,2.5,1,TRUE,TRUE,1,SSP2_4_5,AM_85,experiment1
6,12.7948978413165,1,83,12.8770294248905,2.5,1,TRUE,TRUE,1,SSP2_4_5,AM_85,experiment1
1,13.7970881255053,1,83,12.8770294248905,2.5,1,TRUE,TRUE,1,SSP2_4_5,AM_85,experiment1
5,12.6375846909711,1,83,12.8770294248905,2.5,1,TRUE,TRUE,1,SSP2_4_5,AM_85,experiment1
4,12.2024422303971,1,83,12.8770294248905,2.5,1,TRUE,TRUE,1,SSP2_4_5,AM_85,experiment1
1,12.7929705482033,1,83,12.8770294248905,2.5,1,TRUE,TRUE,1,SSP2_4_5,AM_85,experiment1
1,11.5043901452683,1,83,12.8770294248905,2.5,1,TRUE,TRUE,1,SSP2_4_5,AM_85,experiment1
1,11.848968487263,1,83,12.8770294248905,2.5,1,TRUE,TRUE,1,SSP2_4_5,AM_85,experiment1
1,13.9084147326786,1,83,12.8770294248905,2.5,1,TRUE,TRUE,1,SSP2_4_5,AM_85,experiment1
1,11.7416503297779,1,83,12.8770294248905,2.5,1,TRUE,TRUE,1,SSP2_4_5,AM_85,experiment1
1,12.9956158863466,1,83,12.8770294248905,2.5,1,TRUE,TRUE,1,SSP2_4_5,AM_85,experiment1
5,12.008934104544,1,83,12.8770294248905,2.5,1,TRUE,TRUE,1,SSP2_4_5,AM_85,experiment1
1,12.9683312484631,1,83,12.8770294248905,2.5,1,TRUE,TRUE,1,SSP2_4_5,AM_85,experiment1
1,13.041261904938,1,83,12.8770294248905,2.5,1,TRUE,TRUE,1,SSP2_4_5,AM_85,experiment1
9,11.5321343903132,1,83,12.8770294248905,2.5,1,TRUE,TRUE,1,SSP2_4_5,AM_85,experiment1
1,14.273114595677,1,83,14.5968387019918,2.5,2.5,TRUE,TRUE,1,SSP2_4_5,AM_85,experiment1
10,13.5026928206574,1,83,14.5968387019918,2.5,2.5,TRUE,TRUE,1,SSP2_4_5,AM_85,experiment1
9,13.5430375742455,1,83,14.5968387019918,2.5,2.5,TRUE,TRUE,1,SSP2_4_5,AM_85,experiment1
7,12.4512008865078,1,83,14.5968387019918,2.5,2.5,TRUE,TRUE,1,SSP2_4_5,AM_85,experiment1
8,12.9496250285596,1,83,14.5968387019918,2.5,2.5,TRUE,TRUE,1,SSP2_4_5,AM_85,experiment1
8,12.8342681300366,1,83,14.5968387019918,2.5,2.5,TRUE,TRUE,1,SSP2_4_5,AM_85,experiment1
6,7.70502828051623,1,83,14.5968387019918,2.5,2.5,TRUE,TRUE,1,SSP2_4_5,AM_85,experiment1
10,12.9746743026978,1,83,14.5968387019918,2.5,2.5,TRUE,TRUE,1,SSP2_4_5,AM_85,experiment1
6,14.4961664453054,1,83,14.5968387019918,2.5,2.5,TRUE,TRUE,1,SSP2_4_5,AM_85,experiment1
1,5.92771894216527,1,83,14.5968387019918,2.5,2.5,TRUE,TRUE,1,SSP2_4_5,AM_85,experiment1
5,14.3699989076413,1,83,14.5968387019918,2.5,2.5,TRUE,TRUE,1,SSP2_4_5,AM_85,experiment1
7,13.6548656904806,1,83,14.5968387019918,2.5,2.5,TRUE,TRUE,1,SSP2_4_5,AM_85,experiment1
7,14.449437605042,1,83,14.5968387019918,2.5,2.5,TRUE,TRUE,1,SSP2_4_5,AM_85,experiment1
1,10.4697507537417,1,83,14.5968387019918,2.5,2.5,TRUE,TRUE,1,SSP2_4_5,AM_85,experiment1
7,14.7174740885236,1,83,14.5968387019918,2.5,2.5,TRUE,TRUE,1,SSP2_4_5,AM_85,experiment1
5,14.3752367689237,1,83,14.5968387019918,2.5,2.5,TRUE,TRUE,1,SSP2_4_5,AM_85,experiment1
6,13.0025960663396,1,83,14.5968387019918,2.5,2.5,TRUE,TRUE,1,SSP2_4_5,AM_85,experiment1
7,14.6717407835135,1,83,14.5968387019918,2.5,2.5,TRUE,TRUE,1,SSP2_4_5,AM_85,experiment1
7,12.344926718471,1,83,14.5968387019918,2.5,2.5,TRUE,TRUE,1,SSP2_4_5,AM_85,experiment1
9,10.232669576557,1,83,14.5968387019918,2.5,2.5,TRUE,TRUE,1,SSP2_4_5,AM_85,experiment1
8,13.5161784878778,1,83,14.5968387019918,2.5,2.5,TRUE,TRUE,1,SSP2_4_5,AM_85,experiment1
6,10.7385960173631,1,83,14.5968387019918,2.5,2.5,TRUE,TRUE,1,SSP2_4_5,AM_85,experiment1
8,14.6962443658565,1,83,14.5968387019918,2.5,2.5,TRUE,TRUE,1,SSP2_4_5,AM_85,experiment1
10,13.6203149729269,1,83,14.5968387019918,2.5,2.5,TRUE,TRUE,1,SSP2_4_5,AM_85,experiment1
6,13.2823194404961,1,83,14.5968387019918,2.5,2.5,TRUE,TRUE,1,SSP2_4_5,AM_85,experiment1
11,13.3674214433055,1,83,14.5968387019918,2.5,2.5,TRUE,TRUE,1,SSP2_4_5,AM_85,experiment1
9,12.079939947095,1,83,14.5968387019918,2.5,2.5,TRUE,TRUE,1,SSP2_4_5,AM_85,experiment1
5,14.4779372852634,1,83,14.5968387019918,2.5,2.5,TRUE,TRUE,1,SSP2_4_5,AM_85,experiment1
8,13.5085027475145,1,83,14.5968387019918,2.5,2.5,TRUE,TRUE,1,SSP2_4_5,AM_85,experiment1
7,13.3830998615529,1,83,14.5968387019918,2.5,2.5,TRUE,TRUE,1,SSP2_4_5,AM_85,experiment1
2,13.4304559741088,1,83,14.5968387019918,2.5,2.5,TRUE,TRUE,1,SSP2_4_5,AM_85,experiment1
10,11.9955472738924,1,83,14.5968387019918,2.5,2.5,TRUE,TRUE,1,SSP2_4_5,AM_85,experiment1
5,13.4857871944847,1,83,14.5968387019918,2.5,2.5,TRUE,TRUE,1,SSP2_4_5,AM_85,experiment1
9,14.5764118013111,1,83,14.5968387019918,2.5,2.5,TRUE,TRUE,1,SSP2_4_5,AM_85,experiment1
6,14.5223766747659,1,83,14.5968387019918,2.5,2.5,TRUE,TRUE,1,SSP2_4_5,AM_85,experiment1
10,12.878893054772,1,83,14.5968387019918,2.5,2.5,TRUE,TRUE,1,SSP2_4_5,AM_85,experiment1
6,13.7673488483003,1,83,14.5968387019918,2.5,2.5,TRUE,TRUE,1,SSP2_4_5,AM_85,experiment1
7,13.8048729501459,1,83,14.5968387019918,2.5,2.5,TRUE,TRUE,1,SSP2_4_5,AM_85,experiment1
8,14.571199451228,1,83,14.5968387019918,2.5,2.5,TRUE,TRUE,1,SSP2_4_5,AM_85,experiment1
1,10.408888079155,1,83,14.5968387019918,2.5,2.5,TRUE,TRUE,1,SSP2_4_5,AM_85,experiment1
7,14.4130498724607,1,83,14.5968387019918,2.5,2.5,TRUE,TRUE,1,SSP2_4_5,AM_85,experiment1
11,13.2744688178493,1,83,14.5968387019918,2.5,2.5,TRUE,TRUE,1,SSP2_4_5,AM_85,experiment1
7,14.0012802036269,1,83,14.5968387019918,2.5,2.5,TRUE,TRUE,1,SSP2_4_5,AM_85,experiment1
5,12.7817191348023,1,83,14.5968387019918,2.5,2.5,TRUE,TRUE,1,SSP2_4_5,AM_85,experiment1
9,12.9326719585773,1,83,14.5968387019918,2.5,2.5,TRUE,TRUE,1,SSP2_4_5,AM_85,experiment1
8,15.6749346445581,1,83,14.5968387019918,2.5,2.5,TRUE,TRUE,1,SSP2_4_5,AM_85,experiment1
1,9.31181402525094,1,83,14.5968387019918,2.5,2.5,TRUE,TRUE,1,SSP2_4_5,AM_85,experiment1
7,13.2806882817575,1,83,14.5968387019918,2.5,2.5,TRUE,TRUE,1,SSP2_4_5,AM_85,experiment1
1,13.6097916932001,1,83,14.5968387019918,2.5,2.5,TRUE,TRUE,1,SSP2_4_5,AM_85,experiment1
9,15.4514120600446,1,83,14.5968387019918,2.5,2.5,TRUE,TRUE,1,SSP2_4_5,AM_85,experiment1
7,13.5270605139884,1,83,14.5968387019918,2.5,2.5,TRUE,TRUE,1,SSP2_4_5,AM_85,experiment1
6,14.4661191315405,1,83,14.5968387019918,2.5,2.5,TRUE,TRUE,1,SSP2_4_5,AM_85,experiment1
10,14.8358302357848,1,83,14.5968387019918,2.5,2.5,TRUE,TRUE,1,SSP2_4_5,AM_85,experiment1
7,14.172568723167,1,83,14.5968387019918,2.5,2.5,TRUE,TRUE,1,SSP2_4_5,AM_85,experiment1
7,14.8059846782611,1,83,14.5968387019918,2.5,2.5,TRUE,TRUE,1,SSP2_4_5,AM_85,experiment1
5,15.0730802639709,1,83,14.5968387019918,2.5,2.5,TRUE,TRUE,1,SSP2_4_5,AM_85,experiment1
6,11.4428335005903,1,83,14.5968387019918,2.5,2.5,TRUE,TRUE,1,SSP2_4_5,AM_85,experiment1
1,14.9812572294673,1,83,14.5968387019918,2.5,2.5,TRUE,TRUE,1,SSP2_4_5,AM_85,experiment1
7,12.4721814888286,1,83,14.5968387019918,2.5,2.5,TRUE,TRUE,1,SSP2_4_5,AM_85,experiment1
8,12.9217183353171,1,83,14.5968387019918,2.5,2.5,TRUE,TRUE,1,SSP2_4_5,AM_85,experiment1
9,13.6819530563496,1,83,14.5968387019918,2.5,2.5,TRUE,TRUE,1,SSP2_4_5,AM_85,experiment1
11,14.597186634755,1,83,14.5968387019918,2.5,2.5,TRUE,TRUE,1,SSP2_4_5,AM_85,experiment1
4,14.1070160291387,1,83,14.5968387019918,2.5,2.5,TRUE,TRUE,1,SSP2_4_5,AM_85,experiment1
7,14.8464427509151,1,83,14.5968387019918,2.5,2.5,TRUE,TRUE,1,SSP2_4_5,AM_85,experiment1
4,13.550213475194,1,83,14.5968387019918,2.5,2.5,TRUE,TRUE,1,SSP2_4_5,AM_85,experiment1
1,10.6317292498375,1,83,14.5968387019918,2.5,2.5,TRUE,TRUE,1,SSP2_4_5,AM_85,experiment1
11,13.060837279771,1,83,14.5968387019918,2.5,2.5,TRUE,TRUE,1,SSP2_4_5,AM_85,experiment1
7,13.8878977798105,1,83,14.5968387019918,2.5,2.5,TRUE,TRUE,1,SSP2_4_5,AM_85,experiment1
8,14.5614285764145,1,83,14.5968387019918,2.5,2.5,TRUE,TRUE,1,SSP2_4_5,AM_85,experiment1
1,9.88949933064005,1,83,14.5968387019918,2.5,2.5,TRUE,TRUE,1,SSP2_4_5,AM_85,experiment1
5,13.8615424452732,1,83,14.5968387019918,2.5,2.5,TRUE,TRUE,1,SSP2_4_5,AM_85,experiment1
9,10.1504276213708,1,83,14.5968387019918,2.5,2.5,TRUE,TRUE,1,SSP2_4_5,AM_85,experiment1
1,2.62188125,1,83,14.5968387019918,2.5,2.5,TRUE,TRUE,1,SSP2_4_5,AM_85,experiment1
1,11.7368402209237,1,83,14.5968387019918,2.5,2.5,TRUE,TRUE,1,SSP2_4_5,AM_85,experiment1
9,14.5654412245541,1,83,14.5968387019918,2.5,2.5,TRUE,TRUE,1,SSP2_4_5,AM_85,experiment1
10,14.079849776369,1,83,14.5968387019918,2.5,2.5,TRUE,TRUE,1,SSP2_4_5,AM_85,experiment1
10,14.4215198469724,1,83,14.5968387019918,2.5,2.5,TRUE,TRUE,1,SSP2_4_5,AM_85,experiment1
9,12.8031449666332,1,83,14.5968387019918,2.5,2.5,TRUE,TRUE,1,SSP2_4_5,AM_85,experiment1
9,14.2802803290364,1,83,14.5968387019918,2.5,2.5,TRUE,TRUE,1,SSP2_4_5,AM_85,experiment1
4,13.9887940235169,1,83,14.5968387019918,2.5,2.5,TRUE,TRUE,1,SSP2_4_5,AM_85,experiment1
5,11.4992381320065,1,83,14.5968387019918,2.5,2.5,TRUE,TRUE,1,SSP2_4_5,AM_85,experiment1
1,13.7326183491196,1,83,14.5968387019918,2.5,2.5,TRUE,TRUE,1,SSP2_4_5,AM_85,experiment1
3,15.0663137584685,1,83,14.5968387019918,2.5,2.5,TRUE,TRUE,1,SSP2_4_5,AM_85,experiment1
10,14.9002687848951,1,83,14.5968387019918,2.5,2.5,TRUE,TRUE,1,SSP2_4_5,AM_85,experiment1
10,12.6039039490298,1,83,14.5968387019918,2.5,2.5,TRUE,TRUE,1,SSP2_4_5,AM_85,experiment1
7,15.2847048693155,1,83,14.5968387019918,2.5,2.5,TRUE,TRUE,1,SSP2_4_5,AM_85,experiment1
1,14.7910353772118,1,83,14.5968387019918,2.5,2.5,TRUE,TRUE,1,SSP2_4_5,AM_85,experiment1
7,13.5797831936014,1,83,14.5968387019918,2.5,2.5,TRUE,TRUE,1,SSP2_4_5,AM_85,experiment1
10,14.0649646077752,1,83,14.5968387019918,2.5,2.5,TRUE,TRUE,1,SSP2_4_5,AM_85,experiment1
4,14.4717476962972,1,83,14.5968387019918,2.5,2.5,TRUE,TRUE,1,SSP2_4_5,AM_85,experiment1
11,11.6957414038756,1,83,14.5968387019918,2.5,2.5,TRUE,TRUE,1,SSP2_4_5,AM_85,experiment1
5,14.9587762214304,1,83,14.5968387019918,2.5,2.5,TRUE,TRUE,1,SSP2_4_5,AM_85,experiment1
9,13.9309629140707,1,83,14.5968387019918,2.5,2.5,TRUE,TRUE,1,SSP2_4_5,AM_85,experiment1
1,14.7193257498773,1,83,14.5968387019918,2.5,2.5,TRUE,TRUE,1,SSP2_4_5,AM_85,experiment1
8,12.6483078450886,1,83,14.5968387019918,2.5,2.5,TRUE,TRUE,1,SSP2_4_5,AM_85,experiment1
7,11.1961942577683,1,83,14.5968387019918,2.5,2.5,TRUE,TRUE,1,SSP2_4_5,AM_85,experiment1
4,13.9344449048857,1,83,14.5968387019918,2.5,2.5,TRUE,TRUE,1,SSP2_4_5,AM_85,experiment1
8,12.063071673921,1,83,14.5968387019918,2.5,2.5,TRUE,TRUE,1,SSP2_4_5,AM_85,experiment1
6,11.5733952929796,1,83,14.5968387019918,2.5,2.5,TRUE,TRUE,1,SSP2_4_5,AM_85,experiment1
11,14.7919738753603,1,83,14.5968387019918,2.5,2.5,TRUE,TRUE,1,SSP2_4_5,AM_85,experiment1
6,12.6497088962634,1,83,14.5968387019918,2.5,2.5,TRUE,TRUE,1,SSP2_4_5,AM_85,experiment1
6,13.358902926207,1,83,14.5968387019918,2.5,2.5,TRUE,TRUE,1,SSP2_4_5,AM_85,experiment1
3,12.4784135291954,1,83,14.5968387019918,2.5,2.5,TRUE,TRUE,1,SSP2_4_5,AM_85,experiment1
8,11.4815782400506,1,83,14.5968387019918,2.5,2.5,TRUE,TRUE,1,SSP2_4_5,AM_85,experiment1
5,15.115274861866,1,83,14.5968387019918,2.5,2.5,TRUE,TRUE,1,SSP2_4_5,AM_85,experiment1
11,12.9446846446215,1,83,14.5968387019918,2.5,2.5,TRUE,TRUE,1,SSP2_4_5,AM_85,experiment1
8,12.8216165931393,1,83,14.5968387019918,2.5,2.5,TRUE,TRUE,1,SSP2_4_5,AM_85,experiment1
5,13.3035060855035,1,83,14.5968387019918,2.5,2.5,TRUE,TRUE,1,SSP2_4_5,AM_85,experiment1
8,12.4227189113309,1,83,14.5968387019918,2.5,2.5,TRUE,TRUE,1,SSP2_4_5,AM_85,experiment1
9,13.089136292363,1,83,14.5968387019918,2.5,2.5,TRUE,TRUE,1,SSP2_4_5,AM_85,experiment1
7,12.9844296353177,1,83,14.5968387019918,2.5,2.5,TRUE,TRUE,1,SSP2_4_5,AM_85,experiment1
7,13.8198214395691,1,83,14.5968387019918,2.5,2.5,TRUE,TRUE,1,SSP2_4_5,AM_85,experiment1
10,14.3209189412397,1,83,14.5968387019918,2.5,2.5,TRUE,TRUE,1,SSP2_4_5,AM_85,experiment1
9,15.2147692186263,1,83,14.5968387019918,2.5,2.5,TRUE,TRUE,1,SSP2_4_5,AM_85,experiment1
11,13.9221133537635,1,83,14.5968387019918,2.5,2.5,TRUE,TRUE,1,SSP2_4_5,AM_85,experiment1
8,11.1436154807784,1,83,14.5968387019918,2.5,2.5,TRUE,TRUE,1,SSP2_4_5,AM_85,experiment1
6,14.0597392753515,1,83,14.5968387019918,2.5,2.5,TRUE,TRUE,1,SSP2_4_5,AM_85,experiment1
7,14.1783423877455,1,83,14.5968387019918,2.5,2.5,TRUE,TRUE,1,SSP2_4_5,AM_85,experiment1
7,14.2403576546852,1,83,14.5968387019918,2.5,2.5,TRUE,TRUE,1,SSP2_4_5,AM_85,experiment1
9,11.5512223870304,1,83,14.5968387019918,2.5,2.5,TRUE,TRUE,1,SSP2_4_5,AM_85,experiment1
6,12.5329404359514,1,83,14.5968387019918,2.5,2.5,TRUE,TRUE,1,SSP2_4_5,AM_85,experiment1
9,14.5144621257647,1,83,14.5968387019918,2.5,2.5,TRUE,TRUE,1,SSP2_4_5,AM_85,experiment1
11,12.8534832981117,1,83,14.5968387019918,2.5,2.5,TRUE,TRUE,1,SSP2_4_5,AM_85,experiment1
10,9.64458903947185,1,83,14.5968387019918,2.5,2.5,TRUE,TRUE,1,SSP2_4_5,AM_85,experiment1
7,12.9342227184703,1,83,14.5968387019918,2.5,2.5,TRUE,TRUE,1,SSP2_4_5,AM_85,experiment1
9,13.3920306745597,1,83,14.5968387019918,2.5,2.5,TRUE,TRUE,1,SSP2_4_5,AM_85,experiment1
6,14.1273799172085,1,83,14.5968387019918,2.5,2.5,TRUE,TRUE,1,SSP2_4_5,AM_85,experiment1
7,14.181534327848,1,83,14.5968387019918,2.5,2.5,TRUE,TRUE,1,SSP2_4_5,AM_85,experiment1
5,11.9495292991768,1,83,14.5968387019918,2.5,2.5,TRUE,TRUE,1,SSP2_4_5,AM_85,experiment1
6,12.9623264915872,1,83,14.5968387019918,2.5,2.5,TRUE,TRUE,1,SSP2_4_5,AM_85,experiment1
8,13.9681035304612,1,83,14.5968387019918,2.5,2.5,TRUE,TRUE,1,SSP2_4_5,AM_85,experiment1
8,13.2040348535913,1,83,14.5968387019918,2.5,2.5,TRUE,TRUE,1,SSP2_4_5,AM_85,experiment1
1,13.5326840084791,1,83,14.5968387019918,2.5,2.5,TRUE,TRUE,1,SSP2_4_5,AM_85,experiment1
10,13.6092317072849,1,83,14.5968387019918,2.5,2.5,TRUE,TRUE,1,SSP2_4_5,AM_85,experiment1
7,14.2144259018445,1,83,14.5968387019918,2.5,2.5,TRUE,TRUE,1,SSP2_4_5,AM_85,experiment1
9,13.3315524815239,1,83,14.5968387019918,2.5,2.5,TRUE,TRUE,1,SSP2_4_5,AM_85,experiment1
1,9.90813759495899,1,83,14.5968387019918,2.5,2.5,TRUE,TRUE,1,SSP2_4_5,AM_85,experiment1
3,14.5083722784036,1,83,14.5968387019918,2.5,2.5,TRUE,TRUE,1,SSP2_4_5,AM_85,experiment1
8,14.9326289464589,1,83,14.5968387019918,2.5,2.5,TRUE,TRUE,1,SSP2_4_5,AM_85,experiment1
3,12.4865244068669,1,83,14.5968387019918,2.5,2.5,TRUE,TRUE,1,SSP2_4_5,AM_85,experiment1
3,14.5809402446186,1,83,14.5968387019918,2.5,2.5,TRUE,TRUE,1,SSP2_4_5,AM_85,experiment1
7,13.5158272790112,1,83,14.5968387019918,2.5,2.5,TRUE,TRUE,1,SSP2_4_5,AM_85,experiment1
8,13.8563850061822,1,83,14.5968387019918,2.5,2.5,TRUE,TRUE,1,SSP2_4_5,AM_85,experiment1
7,14.4735549711039,1,83,14.5968387019918,2.5,2.5,TRUE,TRUE,1,SSP2_4_5,AM_85,experiment1
6,13.4423921021896,1,83,14.5968387019918,2.5,2.5,TRUE,TRUE,1,SSP2_4_5,AM_85,experiment1
1,10.0246854739618,1,83,14.5968387019918,2.5,2.5,TRUE,TRUE,1,SSP2_4_5,AM_85,experiment1
8,13.1519254772217,1,83,14.5968387019918,2.5,2.5,TRUE,TRUE,1,SSP2_4_5,AM_85,experiment1
10,14.9559417237341,1,83,14.5968387019918,2.5,2.5,TRUE,TRUE,1,SSP2_4_5,AM_85,experiment1
8,13.719136402531,1,83,14.5968387019918,2.5,2.5,TRUE,TRUE,1,SSP2_4_5,AM_85,experiment1
6,14.7038523547442,1,83,14.5968387019918,2.5,2.5,TRUE,TRUE,1,SSP2_4_5,AM_85,experiment1
6,13.0502806690694,1,83,14.5968387019918,2.5,2.5,TRUE,TRUE,1,SSP2_4_5,AM_85,experiment1
6,12.9836435148422,1,83,14.5968387019918,2.5,2.5,TRUE,TRUE,1,SSP2_4_5,AM_85,experiment1
6,14.297826180122,1,83,14.5968387019918,2.5,2.5,TRUE,TRUE,1,SSP2_4_5,AM_85,experiment1
7,9.27694194344278,1,83,14.5968387019918,2.5,2.5,TRUE,TRUE,1,SSP2_4_5,AM_85,experiment1
4,14.0195643991816,1,83,14.5968387019918,2.5,2.5,TRUE,TRUE,1,SSP2_4_5,AM_85,experiment1
10,13.6019191465425,1,83,14.5968387019918,2.5,2.5,TRUE,TRUE,1,SSP2_4_5,AM_85,experiment1
11,13.5218406363157,1,83,14.5968387019918,2.5,2.5,TRUE,TRUE,1,SSP2_4_5,AM_85,experiment1
9,11.0810485714686,1,83,14.5968387019918,2.5,2.5,TRUE,TRUE,1,SSP2_4_5,AM_85,experiment1
8,13.774927637803,1,83,14.5968387019918,2.5,2.5,TRUE,TRUE,1,SSP2_4_5,AM_85,experiment1
5,13.3587942884743,1,83,14.5968387019918,2.5,2.5,TRUE,TRUE,1,SSP2_4_5,AM_85,experiment1
9,11.6041346669662,1,83,14.5968387019918,2.5,2.5,TRUE,TRUE,1,SSP2_4_5,AM_85,experiment1
8,14.5107822138498,1,83,14.5968387019918,2.5,2.5,TRUE,TRUE,1,SSP2_4_5,AM_85,experiment1
7,13.1648653004977,1,83,14.5968387019918,2.5,2.5,TRUE,TRUE,1,SSP2_4_5,AM_85,experiment1
7,14.6075964895614,1,83,14.5968387019918,2.5,2.5,TRUE,TRUE,1,SSP2_4_5,AM_85,experiment1
8,13.6032835124779,1,83,14.5968387019918,2.5,2.5,TRUE,TRUE,1,SSP2_4_5,AM_85,experiment1
6,14.5342808023197,1,83,14.5968387019918,2.5,2.5,TRUE,TRUE,1,SSP2_4_5,AM_85,experiment1
7,13.0188040076126,1,83,14.5968387019918,2.5,2.5,TRUE,TRUE,1,SSP2_4_5,AM_85,experiment1
9,13.272501219939,1,83,14.5968387019918,2.5,2.5,TRUE,TRUE,1,SSP2_4_5,AM_85,experiment1
9,14.667437382469,1,83,14.5968387019918,2.5,2.5,TRUE,TRUE,1,SSP2_4_5,AM_85,experiment1
6,14.7746945795493,1,83,14.5968387019918,2.5,2.5,TRUE,TRUE,1,SSP2_4_5,AM_85,experiment1
4,12.4881524116115,1,83,14.5968387019918,2.5,2.5,TRUE,TRUE,1,SSP2_4_5,AM_85,experiment1
6,11.804646243128,1,83,14.5968387019918,2.5,2.5,TRUE,TRUE,1,SSP2_4_5,AM_85,experiment1
9,14.1024198084196,1,83,14.5968387019918,2.5,2.5,TRUE,TRUE,1,SSP2_4_5,AM_85,experiment1
9,11.4434113628987,1,83,14.5968387019918,2.5,2.5,TRUE,TRUE,1,SSP2_4_5,AM_85,experiment1
8,12.8575275992612,1,83,14.5968387019918,2.5,2.5,TRUE,TRUE,1,SSP2_4_5,AM_85,experiment1
2,13.9645508868551,1,83,14.5968387019918,2.5,2.5,TRUE,TRUE,1,SSP2_4_5,AM_85,experiment1
7,13.5486582109639,1,83,14.5968387019918,2.5,2.5,TRUE,TRUE,1,SSP2_4_5,AM_85,experiment1
6,12.4274931874044,1,83,14.5968387019918,2.5,2.5,TRUE,TRUE,1,SSP2_4_5,AM_85,experiment1
7,12.9361776038996,1,83,14.5968387019918,2.5,2.5,TRUE,TRUE,1,SSP2_4_5,AM_85,experiment1
4,12.4699176527405,1,83,14.5968387019918,2.5,2.5,TRUE,TRUE,1,SSP2_4_5,AM_85,experiment1
10,12.6170436030711,1,83,14.5968387019918,2.5,2.5,TRUE,TRUE,1,SSP2_4_5,AM_85,experiment1
6,13.7773367252918,1,83,14.5968387019918,2.5,2.5,TRUE,TRUE,1,SSP2_4_5,AM_85,experiment1
8,14.4620016161072,1,83,14.5968387019918,2.5,2.5,TRUE,TRUE,1,SSP2_4_5,AM_85,experiment1
8,13.2941000841292,1,83,14.5968387019918,2.5,2.5,TRUE,TRUE,1,SSP2_4_5,AM_85,experiment1
8,14.6910509533553,1,83,14.5968387019918,2.5,2.5,TRUE,TRUE,1,SSP2_4_5,AM_85,experiment1
7,14.6843380017201,1,83,14.5968387019918,2.5,2.5,TRUE,TRUE,1,SSP2_4_5,AM_85,experiment1
8,14.7802831841849,1,83,14.5968387019918,2.5,2.5,TRUE,TRUE,1,SSP2_4_5,AM_85,experiment1
9,12.8030524263416,1,83,14.5968387019918,2.5,2.5,TRUE,TRUE,1,SSP2_4_5,AM_85,experiment1
7,12.5272847493385,1,83,14.5968387019918,2.5,2.5,TRUE,TRUE,1,SSP2_4_5,AM_85,experiment1
1,10.2462279512455,1,83,14.5968387019918,2.5,2.5,TRUE,TRUE,1,SSP2_4_5,AM_85,experiment1
9,13.0472155776749,1,83,14.5968387019918,2.5,2.5,TRUE,TRUE,1,SSP2_4_5,AM_85,experiment1
4,12.8932640806309,1,83,14.5968387019918,2.5,2.5,TRUE,TRUE,1,SSP2_4_5,AM_85,experiment1
6,13.5194536233214,1,83,14.5968387019918,2.5,2.5,TRUE,TRUE,1,SSP2_4_5,AM_85,experiment1
5,13.9164235759422,1,83,14.5968387019918,2.5,2.5,TRUE,TRUE,1,SSP2_4_5,AM_85,experiment1
7,12.5796618215915,1,83,14.5968387019918,2.5,2.5,TRUE,TRUE,1,SSP2_4_5,AM_85,experiment1
7,14.1267943185687,1,83,14.5968387019918,2.5,2.5,TRUE,TRUE,1,SSP2_4_5,AM_85,experiment1
7,13.4135388114595,1,83,14.5968387019918,2.5,2.5,TRUE,TRUE,1,SSP2_4_5,AM_85,experiment1
10,13.9231377294465,1,83,14.5968387019918,2.5,2.5,TRUE,TRUE,1,SSP2_4_5,AM_85,experiment1
7,15.0187549531637,1,83,14.5968387019918,2.5,2.5,TRUE,TRUE,1,SSP2_4_5,AM_85,experiment1
9,13.5417427065725,1,83,14.5968387019918,2.5,2.5,TRUE,TRUE,1,SSP2_4_5,AM_85,experiment1
6,14.243599005794,1,83,14.5968387019918,2.5,2.5,TRUE,TRUE,1,SSP2_4_5,AM_85,experiment1
5,13.4345574884672,1,83,14.5968387019918,2.5,2.5,TRUE,TRUE,1,SSP2_4_5,AM_85,experiment1
6,13.1471538012988,1,83,14.5968387019918,2.5,2.5,TRUE,TRUE,1,SSP2_4_5,AM_85,experiment1
4,15.1484573827771,1,83,14.5968387019918,2.5,2.5,TRUE,TRUE,1,SSP2_4_5,AM_85,experiment1
11,14.4556835663078,1,83,14.5968387019918,2.5,2.5,TRUE,TRUE,1,SSP2_4_5,AM_85,experiment1
6,14.3462350544423,1,83,14.5968387019918,2.5,2.5,TRUE,TRUE,1,SSP2_4_5,AM_85,experiment1
8,14.9392609214324,1,83,14.5968387019918,2.5,2.5,TRUE,TRUE,1,SSP2_4_5,AM_85,experiment1
5,14.176473952046,1,83,14.5968387019918,2.5,2.5,TRUE,TRUE,1,SSP2_4_5,AM_85,experiment1
7,14.1508606536753,1,83,14.5968387019918,2.5,2.5,TRUE,TRUE,1,SSP2_4_5,AM_85,experiment1
9,12.7596751169949,1,83,14.5968387019918,2.5,2.5,TRUE,TRUE,1,SSP2_4_5,AM_85,experiment1
9,13.0732945954189,1,83,14.5968387019918,2.5,2.5,TRUE,TRUE,1,SSP2_4_5,AM_85,experiment1
8,13.8082276814797,1,83,14.5968387019918,2.5,2.5,TRUE,TRUE,1,SSP2_4_5,AM_85,experiment1
1,12.6768549988576,1,83,14.5968387019918,2.5,2.5,TRUE,TRUE,1,SSP2_4_5,AM_85,experiment1
11,14.5714618402414,1,83,14.5968387019918,2.5,2.5,TRUE,TRUE,1,SSP2_4_5,AM_85,experiment1
11,12.274715432939,1,83,14.5968387019918,2.5,2.5,TRUE,TRUE,1,SSP2_4_5,AM_85,experiment1
1,0.95,1,83,14.5968387019918,2.5,2.5,TRUE,TRUE,1,SSP2_4_5,AM_85,experiment1
7,13.0878013088987,1,83,14.5968387019918,2.5,2.5,TRUE,TRUE,1,SSP2_4_5,AM_85,experiment1
8,13.7937794611541,1,83,14.5968387019918,2.5,2.5,TRUE,TRUE,1,SSP2_4_5,AM_85,experiment1
9,14.5194741735588,1,83,14.5968387019918,2.5,2.5,TRUE,TRUE,1,SSP2_4_5,AM_85,experiment1
1,8.68521432384852,1,83,14.5968387019918,2.5,2.5,TRUE,TRUE,1,SSP2_4_5,AM_85,experiment1
9,11.2732173638702,1,83,14.5968387019918,2.5,2.5,TRUE,TRUE,1,SSP2_4_5,AM_85,experiment1
9,13.6379569889842,1,83,14.5968387019918,2.5,2.5,TRUE,TRUE,1,SSP2_4_5,AM_85,experiment1
8,11.0327349652262,1,83,14.5968387019918,2.5,2.5,TRUE,TRUE,1,SSP2_4_5,AM_85,experiment1
10,13.4197205363163,1,83,14.5968387019918,2.5,2.5,TRUE,TRUE,1,SSP2_4_5,AM_85,experiment1
1,10.1331758127724,1,83,14.5968387019918,2.5,2.5,TRUE,TRUE,1,SSP2_4_5,AM_85,experiment1
11,9.38224329522116,1,83,14.5968387019918,2.5,2.5,TRUE,TRUE,1,SSP2_4_5,AM_85,experiment1
6,13.7988119301811,1,83,14.5968387019918,2.5,2.5,TRUE,TRUE,1,SSP2_4_5,AM_85,experiment1
10,12.4484235481588,1,83,14.5968387019918,2.5,2.5,TRUE,TRUE,1,SSP2_4_5,AM_85,experiment1
1,3.1382240625,1,83,14.5968387019918,2.5,2.5,TRUE,TRUE,1,SSP2_4_5,AM_85,experiment1
4,14.7182088601439,1,83,14.5968387019918,2.5,2.5,TRUE,TRUE,1,SSP2_4_5,AM_85,experiment1
5,13.095635623618,1,83,14.5968387019918,2.5,2.5,TRUE,TRUE,1,SSP2_4_5,AM_85,experiment1
7,13.9796950638398,1,83,14.5968387019918,2.5,2.5,TRUE,TRUE,1,SSP2_4_5,AM_85,experiment1
1,13.9633714146866,1,83,14.5968387019918,2.5,2.5,TRUE,TRUE,1,SSP2_4_5,AM_85,experiment1
9,12.9622978840828,1,83,14.5968387019918,2.5,2.5,TRUE,TRUE,1,SSP2_4_5,AM_85,experiment1
11,14.3030084279981,1,83,14.5968387019918,2.5,2.5,TRUE,TRUE,1,SSP2_4_5,AM_85,experiment1
7,15.6412933202558,1,83,14.5968387019918,2.5,2.5,TRUE,TRUE,1,SSP2_4_5,AM_85,experiment1
8,13.8707533189345,1,83,14.5968387019918,2.5,2.5,TRUE,TRUE,1,SSP2_4_5,AM_85,experiment1
1,9.43864214204786,1,83,14.5968387019918,2.5,2.5,TRUE,TRUE,1,SSP2_4_5,AM_85,experiment1
10,14.5788525719135,1,83,14.5968387019918,2.5,2.5,TRUE,TRUE,1,SSP2_4_5,AM_85,experiment1
10,13.3486287994713,1,83,14.5968387019918,2.5,2.5,TRUE,TRUE,1,SSP2_4_5,AM_85,experiment1
8,14.1118651378648,1,83,14.5968387019918,2.5,2.5,TRUE,TRUE,1,SSP2_4_5,AM_85,experiment1
10,12.7840376945101,1,83,14.5968387019918,2.5,2.5,TRUE,TRUE,1,SSP2_4_5,AM_85,experiment1
8,13.7988286228605,1,83,14.5968387019918,2.5,2.5,TRUE,TRUE,1,SSP2_4_5,AM_85,experiment1
5,15.1839271716899,1,83,14.5968387019918,2.5,2.5,TRUE,TRUE,1,SSP2_4_5,AM_85,experiment1
5,15.1320373917047,1,83,14.5968387019918,2.5,2.5,TRUE,TRUE,1,SSP2_4_5,AM_85,experiment1
6,11.0270636008349,1,83,14.5968387019918,2.5,2.5,TRUE,TRUE,1,SSP2_4_5,AM_85,experiment1
7,14.6996586778723,1,83,14.5968387019918,2.5,2.5,TRUE,TRUE,1,SSP2_4_5,AM_85,experiment1
8,14.3667461462814,1,83,14.5968387019918,2.5,2.5,TRUE,TRUE,1,SSP2_4_5,AM_85,experiment1
8,13.0025178935374,1,83,14.5968387019918,2.5,2.5,TRUE,TRUE,1,SSP2_4_5,AM_85,experiment1
8,12.8958053662006,1,83,14.5968387019918,2.5,2.5,TRUE,TRUE,1,SSP2_4_5,AM_85,experiment1
9,13.2299538924554,1,83,14.5968387019918,2.5,2.5,TRUE,TRUE,1,SSP2_4_5,AM_85,experiment1
9,14.0377490351927,1,83,14.5968387019918,2.5,2.5,TRUE,TRUE,1,SSP2_4_5,AM_85,experiment1
1,5.44315925415781,1,83,14.5968387019918,2.5,2.5,TRUE,TRUE,1,SSP2_4_5,AM_85,experiment1
8,13.2842707171361,1,83,14.5968387019918,2.5,2.5,TRUE,TRUE,1,SSP2_4_5,AM_85,experiment1
10,13.8723731256649,1,83,14.5968387019918,2.5,2.5,TRUE,TRUE,1,SSP2_4_5,AM_85,experiment1
7,14.9313649402315,1,83,14.5968387019918,2.5,2.5,TRUE,TRUE,1,SSP2_4_5,AM_85,experiment1
7,14.2319343452715,1,83,14.5968387019918,2.5,2.5,TRUE,TRUE,1,SSP2_4_5,AM_85,experiment1
7,12.8667503203857,1,83,14.5968387019918,2.5,2.5,TRUE,TRUE,1,SSP2_4_5,AM_85,experiment1
6,12.8159568265423,1,83,14.5968387019918,2.5,2.5,TRUE,TRUE,1,SSP2_4_5,AM_85,experiment1
9,14.0174494790198,1,83,14.5968387019918,2.5,2.5,TRUE,TRUE,1,SSP2_4_5,AM_85,experiment1
10,14.728324236143,1,83,14.5968387019918,2.5,2.5,TRUE,TRUE,1,SSP2_4_5,AM_85,experiment1
7,13.0481096804433,1,83,14.5968387019918,2.5,2.5,TRUE,TRUE,1,SSP2_4_5,AM_85,experiment1
10,14.6761914854256,1,83,14.5968387019918,2.5,2.5,TRUE,TRUE,1,SSP2_4_5,AM_85,experiment1
1,5.07334406804346,1,83,14.5968387019918,2.5,2.5,TRUE,TRUE,1,SSP2_4_5,AM_85,experiment1
1,13.3402974705388,1,83,14.5968387019918,2.5,2.5,TRUE,TRUE,1,SSP2_4_5,AM_85,experiment1
10,10.8356427815341,1,83,14.5968387019918,2.5,2.5,TRUE,TRUE,1,SSP2_4_5,AM_85,experiment1
7,11.507783408092,1,83,14.5968387019918,2.5,2.5,TRUE,TRUE,1,SSP2_4_5,AM_85,experiment1
10,12.6152320513671,1,83,14.5968387019918,2.5,2.5,TRUE,TRUE,1,SSP2_4_5,AM_85,experiment1
1,13.9810138467317,1,83,14.5968387019918,2.5,2.5,TRUE,TRUE,1,SSP2_4_5,AM_85,experiment1
5,13.7515894156415,1,83,14.5968387019918,2.5,2.5,TRUE,TRUE,1,SSP2_4_5,AM_85,experiment1
7,12.9935834220952,1,83,14.5968387019918,2.5,2.5,TRUE,TRUE,1,SSP2_4_5,AM_85,experiment1
7,12.5096499557985,1,83,14.5968387019918,2.5,2.5,TRUE,TRUE,1,SSP2_4_5,AM_85,experiment1
9,12.9392398143824,1,83,14.5968387019918,2.5,2.5,TRUE,TRUE,1,SSP2_4_5,AM_85,experiment1
6,14.8577807449018,1,83,14.5968387019918,2.5,2.5,TRUE,TRUE,1,SSP2_4_5,AM_85,experiment1
10,14.4976528884367,1,83,14.5968387019918,2.5,2.5,TRUE,TRUE,1,SSP2_4_5,AM_85,experiment1
7,13.9702104360608,1,83,14.5968387019918,2.5,2.5,TRUE,TRUE,1,SSP2_4_5,AM_85,experiment1
5,11.9916202734691,1,83,14.5968387019918,2.5,2.5,TRUE,TRUE,1,SSP2_4_5,AM_85,experiment1
10,10.6684548000509,1,83,14.5968387019918,2.5,2.5,TRUE,TRUE,1,SSP2_4_5,AM_85,experiment1
9,14.0780708522728,1,83,14.5968387019918,2.5,2.5,TRUE,TRUE,1,SSP2_4_5,AM_85,experiment1
4,13.042805247127,1,83,14.5968387019918,2.5,2.5,TRUE,TRUE,1,SSP2_4_5,AM_85,experiment1
8,13.5128077225409,1,83,14.5968387019918,2.5,2.5,TRUE,TRUE,1,SSP2_4_5,AM_85,experiment1
9,11.8186247860053,1,83,14.5968387019918,2.5,2.5,TRUE,TRUE,1,SSP2_4_5,AM_85,experiment1
6,13.5143325486419,1,83,14.5968387019918,2.5,2.5,TRUE,TRUE,1,SSP2_4_5,AM_85,experiment1
8,12.9618632377007,1,83,14.5968387019918,2.5,2.5,TRUE,TRUE,1,SSP2_4_5,AM_85,experiment1
5,11.5531735114699,1,83,14.5968387019918,2.5,2.5,TRUE,TRUE,1,SSP2_4_5,AM_85,experiment1
9,6.47842641882765,1,83,14.5968387019918,2.5,2.5,TRUE,TRUE,1,SSP2_4_5,AM_85,experiment1
7,13.4320798008163,1,83,14.5968387019918,2.5,2.5,TRUE,TRUE,1,SSP2_4_5,AM_85,experiment1
7,12.6602274411578,1,83,14.5968387019918,2.5,2.5,TRUE,TRUE,1,SSP2_4_5,AM_85,experiment1
7,11.9787353729481,1,83,14.5968387019918,2.5,2.5,TRUE,TRUE,1,SSP2_4_5,AM_85,experiment1
8,10.2484913742733,1,83,14.5968387019918,2.5,2.5,TRUE,TRUE,1,SSP2_4_5,AM_85,experiment1
8,14.5104098473011,1,83,14.5968387019918,2.5,2.5,TRUE,TRUE,1,SSP2_4_5,AM_85,experiment1
7,13.325280896347,1,83,14.5968387019918,2.5,2.5,TRUE,TRUE,1,SSP2_4_5,AM_85,experiment1
7,14.5469748005317,1,83,14.5968387019918,2.5,2.5,TRUE,TRUE,1,SSP2_4_5,AM_85,experiment1
9,13.460475649945,1,83,14.5968387019918,2.5,2.5,TRUE,TRUE,1,SSP2_4_5,AM_85,experiment1
7,14.418829758771,1,83,14.5968387019918,2.5,2.5,TRUE,TRUE,1,SSP2_4_5,AM_85,experiment1
7,14.7661884166617,1,83,14.5968387019918,2.5,2.5,TRUE,TRUE,1,SSP2_4_5,AM_85,experiment1
7,14.23139953208,1,83,14.5968387019918,2.5,2.5,TRUE,TRUE,1,SSP2_4_5,AM_85,experiment1
9,14.4720114538683,1,83,14.5968387019918,2.5,2.5,TRUE,TRUE,1,SSP2_4_5,AM_85,experiment1
10,11.6331864708611,1,83,14.5968387019918,2.5,2.5,TRUE,TRUE,1,SSP2_4_5,AM_85,experiment1
8,11.7185968802313,1,83,14.5968387019918,2.5,2.5,TRUE,TRUE,1,SSP2_4_5,AM_85,experiment1
7,14.239834034259,1,83,14.5968387019918,2.5,2.5,TRUE,TRUE,1,SSP2_4_5,AM_85,experiment1
6,12.8134224014741,1,83,14.5968387019918,2.5,2.5,TRUE,TRUE,1,SSP2_4_5,AM_85,experiment1
10,12.3443366345702,1,83,14.5968387019918,2.5,2.5,TRUE,TRUE,1,SSP2_4_5,AM_85,experiment1
10,12.5199755156836,1,83,14.5968387019918,2.5,2.5,TRUE,TRUE,1,SSP2_4_5,AM_85,experiment1
8,11.8811319350291,1,83,14.5968387019918,2.5,2.5,TRUE,TRUE,1,SSP2_4_5,AM_85,experiment1
11,14.0189713706226,1,83,14.5968387019918,2.5,2.5,TRUE,TRUE,1,SSP2_4_5,AM_85,experiment1
7,9.94693257505806,1,83,14.5968387019918,2.5,2.5,TRUE,TRUE,1,SSP2_4_5,AM_85,experiment1
6,14.103271209789,1,83,14.5968387019918,2.5,2.5,TRUE,TRUE,1,SSP2_4_5,AM_85,experiment1
1,9.04294472004299,1,83,14.5968387019918,2.5,2.5,TRUE,TRUE,1,SSP2_4_5,AM_85,experiment1
7,12.7121493679501,1,83,14.5968387019918,2.5,2.5,TRUE,TRUE,1,SSP2_4_5,AM_85,experiment1
8,12.276376965416,1,83,14.5968387019918,2.5,2.5,TRUE,TRUE,1,SSP2_4_5,AM_85,experiment1
6,14.0787357102697,1,83,14.5968387019918,2.5,2.5,TRUE,TRUE,1,SSP2_4_5,AM_85,experiment1
11,13.65284811045,1,83,14.5968387019918,2.5,2.5,TRUE,TRUE,1,SSP2_4_5,AM_85,experiment1
7,12.7890222507589,1,83,14.5968387019918,2.5,2.5,TRUE,TRUE,1,SSP2_4_5,AM_85,experiment1
10,13.683639353589,1,83,14.5968387019918,2.5,2.5,TRUE,TRUE,1,SSP2_4_5,AM_85,experiment1
9,9.80594776944416,1,83,14.5968387019918,2.5,2.5,TRUE,TRUE,1,SSP2_4_5,AM_85,experiment1
9,13.1026702384255,1,83,14.5968387019918,2.5,2.5,TRUE,TRUE,1,SSP2_4_5,AM_85,experiment1
8,13.6037803976359,1,83,14.5968387019918,2.5,2.5,TRUE,TRUE,1,SSP2_4_5,AM_85,experiment1
10,13.1064031649319,1,83,14.5968387019918,2.5,2.5,TRUE,TRUE,1,SSP2_4_5,AM_85,experiment1
10,13.4808114474814,1,83,14.5968387019918,2.5,2.5,TRUE,TRUE,1,SSP2_4_5,AM_85,experiment1
6,12.9864878183328,1,83,14.5968387019918,2.5,2.5,TRUE,TRUE,1,SSP2_4_5,AM_85,experiment1
8,12.9311008469936,1,83,14.5968387019918,2.5,2.5,TRUE,TRUE,1,SSP2_4_5,AM_85,experiment1
6,14.4360159078027,1,83,14.5968387019918,2.5,2.5,TRUE,TRUE,1,SSP2_4_5,AM_85,experiment1
8,13.1298390197112,1,83,14.5968387019918,2.5,2.5,TRUE,TRUE,1,SSP2_4_5,AM_85,experiment1
8,14.2042590500456,1,83,14.5968387019918,2.5,2.5,TRUE,TRUE,1,SSP2_4_5,AM_85,experiment1
7,12.098340171353,1,83,14.5968387019918,2.5,2.5,TRUE,TRUE,1,SSP2_4_5,AM_85,experiment1
1,14.4281401287242,1,83,14.5968387019918,2.5,2.5,TRUE,TRUE,1,SSP2_4_5,AM_85,experiment1
10,15.0620002106212,1,83,14.5968387019918,2.5,2.5,TRUE,TRUE,1,SSP2_4_5,AM_85,experiment1
7,13.4361745264593,1,83,14.5968387019918,2.5,2.5,TRUE,TRUE,1,SSP2_4_5,AM_85,experiment1
1,11.9099550055257,1,83,14.5968387019918,2.5,2.5,TRUE,TRUE,1,SSP2_4_5,AM_85,experiment1
10,13.6537731506712,1,83,14.5968387019918,2.5,2.5,TRUE,TRUE,1,SSP2_4_5,AM_85,experiment1
6,15.0794466488835,1,83,14.5968387019918,2.5,2.5,TRUE,TRUE,1,SSP2_4_5,AM_85,experiment1
1,9.4561001069575,1,83,14.5968387019918,2.5,2.5,TRUE,TRUE,1,SSP2_4_5,AM_85,experiment1
7,13.2658934986971,1,83,14.5968387019918,2.5,2.5,TRUE,TRUE,1,SSP2_4_5,AM_85,experiment1
8,12.3862200732935,1,83,14.5968387019918,2.5,2.5,TRUE,TRUE,1,SSP2_4_5,AM_85,experiment1
8,13.0634725354772,1,83,14.5968387019918,2.5,2.5,TRUE,TRUE,1,SSP2_4_5,AM_85,experiment1
8,15.2432812879129,1,83,14.5968387019918,2.5,2.5,TRUE,TRUE,1,SSP2_4_5,AM_85,experiment1
9,13.6718271273307,1,83,14.5968387019918,2.5,2.5,TRUE,TRUE,1,SSP2_4_5,AM_85,experiment1
9,15.4468141309343,1,83,14.5968387019918,2.5,2.5,TRUE,TRUE,1,SSP2_4_5,AM_85,experiment1
5,13.6423529377109,1,83,14.5968387019918,2.5,2.5,TRUE,TRUE,1,SSP2_4_5,AM_85,experiment1
8,14.122778930261,1,83,14.5968387019918,2.5,2.5,TRUE,TRUE,1,SSP2_4_5,AM_85,experiment1
7,14.5801388642005,1,83,14.5968387019918,2.5,2.5,TRUE,TRUE,1,SSP2_4_5,AM_85,experiment1
7,13.1037610202305,1,83,14.5968387019918,2.5,2.5,TRUE,TRUE,1,SSP2_4_5,AM_85,experiment1
7,11.8208490418453,1,83,14.5968387019918,2.5,2.5,TRUE,TRUE,1,SSP2_4_5,AM_85,experiment1
8,12.7201250584131,1,83,14.5968387019918,2.5,2.5,TRUE,TRUE,1,SSP2_4_5,AM_85,experiment1
5,11.1840774564276,1,83,14.5968387019918,2.5,2.5,TRUE,TRUE,1,SSP2_4_5,AM_85,experiment1
6,15.2049692586455,1,83,14.5968387019918,2.5,2.5,TRUE,TRUE,1,SSP2_4_5,AM_85,experiment1
8,13.0693325960581,1,83,14.5968387019918,2.5,2.5,TRUE,TRUE,1,SSP2_4_5,AM_85,experiment1
1,14.2669489152325,1,83,14.5968387019918,2.5,2.5,TRUE,TRUE,1,SSP2_4_5,AM_85,experiment1
8,12.8294841226928,1,83,14.5968387019918,2.5,2.5,TRUE,TRUE,1,SSP2_4_5,AM_85,experiment1
8,12.7138698296417,1,83,14.5968387019918,2.5,2.5,TRUE,TRUE,1,SSP2_4_5,AM_85,experiment1
6,8.88473415347504,1,83,14.5968387019918,2.5,2.5,TRUE,TRUE,1,SSP2_4_5,AM_85,experiment1
9,14.6522977139407,1,83,14.5968387019918,2.5,2.5,TRUE,TRUE,1,SSP2_4_5,AM_85,experiment1
6,11.5835792444168,1,83,14.5968387019918,2.5,2.5,TRUE,TRUE,1,SSP2_4_5,AM_85,experiment1
5,14.1417066356968,1,83,14.5968387019918,2.5,2.5,TRUE,TRUE,1,SSP2_4_5,AM_85,experiment1
9,13.8773878097571,1,83,14.5968387019918,2.5,2.5,TRUE,TRUE,1,SSP2_4_5,AM_85,experiment1
10,14.031270562953,1,83,14.5968387019918,2.5,2.5,TRUE,TRUE,1,SSP2_4_5,AM_85,experiment1
9,12.8512785711125,1,83,14.5968387019918,2.5,2.5,TRUE,TRUE,1,SSP2_4_5,AM_85,experiment1
4,13.0910801018894,1,83,14.5968387019918,2.5,2.5,TRUE,TRUE,1,SSP2_4_5,AM_85,experiment1
9,14.4506211883084,1,83,14.5968387019918,2.5,2.5,TRUE,TRUE,1,SSP2_4_5,AM_85,experiment1
10,12.3464617375915,1,83,14.5968387019918,2.5,2.5,TRUE,TRUE,1,SSP2_4_5,AM_85,experiment1
6,13.7758460971201,1,83,14.5968387019918,2.5,2.5,TRUE,TRUE,1,SSP2_4_5,AM_85,experiment1
8,10.8736730595332,1,83,14.5968387019918,2.5,2.5,TRUE,TRUE,1,SSP2_4_5,AM_85,experiment1
6,13.2097515703193,1,83,14.5968387019918,2.5,2.5,TRUE,TRUE,1,SSP2_4_5,AM_85,experiment1
8,14.1332792813224,1,83,14.5968387019918,2.5,2.5,TRUE,TRUE,1,SSP2_4_5,AM_85,experiment1
7,12.0332362784623,1,83,14.5968387019918,2.5,2.5,TRUE,TRUE,1,SSP2_4_5,AM_85,experiment1
9,14.0383332761282,1,83,14.5968387019918,2.5,2.5,TRUE,TRUE,1,SSP2_4_5,AM_85,experiment1
8,11.4803303745704,1,83,14.5968387019918,2.5,2.5,TRUE,TRUE,1,SSP2_4_5,AM_85,experiment1
10,13.3515636054924,1,83,14.5968387019918,2.5,2.5,TRUE,TRUE,1,SSP2_4_5,AM_85,experiment1
5,12.7513877102554,1,83,14.5968387019918,2.5,2.5,TRUE,TRUE,1,SSP2_4_5,AM_85,experiment1
7,14.1342761797739,1,83,14.5968387019918,2.5,2.5,TRUE,TRUE,1,SSP2_4_5,AM_85,experiment1
8,14.6640330468849,1,83,14.5968387019918,2.5,2.5,TRUE,TRUE,1,SSP2_4_5,AM_85,experiment1
9,15.0769327843336,1,83,14.5968387019918,2.5,2.5,TRUE,TRUE,1,SSP2_4_5,AM_85,experiment1
8,9.91018223010281,1,83,14.5968387019918,2.5,2.5,TRUE,TRUE,1,SSP2_4_5,AM_85,experiment1
7,14.066946479031,1,83,14.5968387019918,2.5,2.5,TRUE,TRUE,1,SSP2_4_5,AM_85,experiment1
1,9.57629979324427,1,83,14.5968387019918,2.5,2.5,TRUE,TRUE,1,SSP2_4_5,AM_85,experiment1
8,13.1275207399366,1,83,14.5968387019918,2.5,2.5,TRUE,TRUE,1,SSP2_4_5,AM_85,experiment1
2,13.1764896784437,1,83,14.5968387019918,2.5,2.5,TRUE,TRUE,1,SSP2_4_5,AM_85,experiment1
10,15.5161558361626,1,83,14.5968387019918,2.5,2.5,TRUE,TRUE,1,SSP2_4_5,AM_85,experiment1
6,13.4857740605017,1,83,14.5968387019918,2.5,2.5,TRUE,TRUE,1,SSP2_4_5,AM_85,experiment1
11,13.8418788558444,1,83,14.5968387019918,2.5,2.5,TRUE,TRUE,1,SSP2_4_5,AM_85,experiment1
11,13.1522055400026,1,83,14.5968387019918,2.5,2.5,TRUE,TRUE,1,SSP2_4_5,AM_85,experiment1
7,11.032239080796,1,83,14.5968387019918,2.5,2.5,TRUE,TRUE,1,SSP2_4_5,AM_85,experiment1
6,13.0760489879568,1,83,14.5968387019918,2.5,2.5,TRUE,TRUE,1,SSP2_4_5,AM_85,experiment1
10,14.6836176227826,1,83,14.5968387019918,2.5,2.5,TRUE,TRUE,1,SSP2_4_5,AM_85,experiment1
6,12.7440891246149,1,83,14.5968387019918,2.5,2.5,TRUE,TRUE,1,SSP2_4_5,AM_85,experiment1
7,14.813275707134,1,83,14.5968387019918,2.5,2.5,TRUE,TRUE,1,SSP2_4_5,AM_85,experiment1
5,13.756135411617,1,83,14.5968387019918,2.5,2.5,TRUE,TRUE,1,SSP2_4_5,AM_85,experiment1
7,12.7260314342899,1,83,14.5968387019918,2.5,2.5,TRUE,TRUE,1,SSP2_4_5,AM_85,experiment1
9,14.6189022820206,1,83,14.5968387019918,2.5,2.5,TRUE,TRUE,1,SSP2_4_5,AM_85,experiment1
3,13.3285829623279,1,83,14.5968387019918,2.5,2.5,TRUE,TRUE,1,SSP2_4_5,AM_85,experiment1
5,14.0511416225486,1,83,14.5968387019918,2.5,2.5,TRUE,TRUE,1,SSP2_4_5,AM_85,experiment1
1,11.8980759263223,1,83,14.5968387019918,2.5,2.5,TRUE,TRUE,1,SSP2_4_5,AM_85,experiment1
6,13.1929629986887,1,83,14.5968387019918,2.5,2.5,TRUE,TRUE,1,SSP2_4_5,AM_85,experiment1
8,14.9655522162579,1,83,14.5968387019918,2.5,2.5,TRUE,TRUE,1,SSP2_4_5,AM_85,experiment1
9,13.5829255539667,1,83,14.5968387019918,2.5,2.5,TRUE,TRUE,1,SSP2_4_5,AM_85,experiment1
8,13.9903855832001,1,83,14.5968387019918,2.5,2.5,TRUE,TRUE,1,SSP2_4_5,AM_85,experiment1
8,12.2918183222144,1,83,14.5968387019918,2.5,2.5,TRUE,TRUE,1,SSP2_4_5,AM_85,experiment1
6,13.4120100672804,1,83,14.5968387019918,2.5,2.5,TRUE,TRUE,1,SSP2_4_5,AM_85,experiment1
6,11.506804667373,1,83,14.5968387019918,2.5,2.5,TRUE,TRUE,1,SSP2_4_5,AM_85,experiment1
1,13.727477419006,1,83,14.5968387019918,2.5,2.5,TRUE,TRUE,1,SSP2_4_5,AM_85,experiment1
8,14.2515072879704,1,83,14.5968387019918,2.5,2.5,TRUE,TRUE,1,SSP2_4_5,AM_85,experiment1
6,13.207812242227,1,83,14.5968387019918,2.5,2.5,TRUE,TRUE,1,SSP2_4_5,AM_85,experiment1
5,13.3946783821492,1,83,14.5968387019918,2.5,2.5,TRUE,TRUE,1,SSP2_4_5,AM_85,experiment1
6,11.1034873605282,1,83,14.5968387019918,2.5,2.5,TRUE,TRUE,1,SSP2_4_5,AM_85,experiment1
4,13.031280483934,1,83,14.5968387019918,2.5,2.5,TRUE,TRUE,1,SSP2_4_5,AM_85,experiment1
9,8.59979418090529,1,83,14.5968387019918,2.5,2.5,TRUE,TRUE,1,SSP2_4_5,AM_85,experiment1
11,12.405544976388,1,83,14.5968387019918,2.5,2.5,TRUE,TRUE,1,SSP2_4_5,AM_85,experiment1
7,13.6156835590804,1,83,14.5968387019918,2.5,2.5,TRUE,TRUE,1,SSP2_4_5,AM_85,experiment1
1,14.6749456759533,1,83,14.5968387019918,2.5,2.5,TRUE,TRUE,1,SSP2_4_5,AM_85,experiment1
6,13.6667067839025,1,83,14.5968387019918,2.5,2.5,TRUE,TRUE,1,SSP2_4_5,AM_85,experiment1
7,13.2414314991824,1,83,14.5968387019918,2.5,2.5,TRUE,TRUE,1,SSP2_4_5,AM_85,experiment1
7,12.7589135192263,1,83,14.5968387019918,2.5,2.5,TRUE,TRUE,1,SSP2_4_5,AM_85,experiment1
7,13.8633945308899,1,83,14.5968387019918,2.5,2.5,TRUE,TRUE,1,SSP2_4_5,AM_85,experiment1
7,13.492115563386,1,83,14.5968387019918,2.5,2.5,TRUE,TRUE,1,SSP2_4_5,AM_85,experiment1
6,15.5325540482402,1,83,14.5968387019918,2.5,2.5,TRUE,TRUE,1,SSP2_4_5,AM_85,experiment1
7,13.3693870383701,1,83,14.5968387019918,2.5,2.5,TRUE,TRUE,1,SSP2_4_5,AM_85,experiment1
6,14.3695712809933,1,83,14.5968387019918,2.5,2.5,TRUE,TRUE,1,SSP2_4_5,AM_85,experiment1
9,14.251118960197,1,83,14.5968387019918,2.5,2.5,TRUE,TRUE,1,SSP2_4_5,AM_85,experiment1
7,12.7158958196941,1,83,14.5968387019918,2.5,2.5,TRUE,TRUE,1,SSP2_4_5,AM_85,experiment1
6,14.3030787980672,1,83,14.5968387019918,2.5,2.5,TRUE,TRUE,1,SSP2_4_5,AM_85,experiment1
8,14.5570042215641,1,83,14.5968387019918,2.5,2.5,TRUE,TRUE,1,SSP2_4_5,AM_85,experiment1
10,13.9121333633295,1,83,14.5968387019918,2.5,2.5,TRUE,TRUE,1,SSP2_4_5,AM_85,experiment1
9,14.2430985081874,1,83,14.5968387019918,2.5,2.5,TRUE,TRUE,1,SSP2_4_5,AM_85,experiment1
7,13.029313487285,1,83,14.5968387019918,2.5,2.5,TRUE,TRUE,1,SSP2_4_5,AM_85,experiment1
6,11.0375515495069,1,83,14.5968387019918,2.5,2.5,TRUE,TRUE,1,SSP2_4_5,AM_85,experiment1
7,12.6345345491478,1,83,14.5968387019918,2.5,2.5,TRUE,TRUE,1,SSP2_4_5,AM_85,experiment1
7,11.9865776068775,1,83,14.5968387019918,2.5,2.5,TRUE,TRUE,1,SSP2_4_5,AM_85,experiment1
6,14.4634131022071,1,83,14.5968387019918,2.5,2.5,TRUE,TRUE,1,SSP2_4_5,AM_85,experiment1
6,14.0287829179856,1,83,14.5968387019918,2.5,2.5,TRUE,TRUE,1,SSP2_4_5,AM_85,experiment1
11,13.4288614044537,1,83,14.5968387019918,2.5,2.5,TRUE,TRUE,1,SSP2_4_5,AM_85,experiment1
10,13.6465059932826,1,83,14.5968387019918,2.5,2.5,TRUE,TRUE,1,SSP2_4_5,AM_85,experiment1
9,14.8548973874312,1,83,14.5968387019918,2.5,2.5,TRUE,TRUE,1,SSP2_4_5,AM_85,experiment1
8,10.9946522788205,1,83,14.5968387019918,2.5,2.5,TRUE,TRUE,1,SSP2_4_5,AM_85,experiment1
9,12.7030272896678,1,83,14.5968387019918,2.5,2.5,TRUE,TRUE,1,SSP2_4_5,AM_85,experiment1
8,14.3872618590209,1,83,14.5968387019918,2.5,2.5,TRUE,TRUE,1,SSP2_4_5,AM_85,experiment1
4,14.2574933709184,1,83,14.5968387019918,2.5,2.5,TRUE,TRUE,1,SSP2_4_5,AM_85,experiment1
9,12.1819038219783,1,83,14.5968387019918,2.5,2.5,TRUE,TRUE,1,SSP2_4_5,AM_85,experiment1
9,12.9945054531284,1,83,14.5968387019918,2.5,2.5,TRUE,TRUE,1,SSP2_4_5,AM_85,experiment1
8,13.5596119171465,1,83,14.5968387019918,2.5,2.5,TRUE,TRUE,1,SSP2_4_5,AM_85,experiment1
11,15.5852532469369,1,83,14.5968387019918,2.5,2.5,TRUE,TRUE,1,SSP2_4_5,AM_85,experiment1
9,14.0064925026967,1,83,14.5968387019918,2.5,2.5,TRUE,TRUE,1,SSP2_4_5,AM_85,experiment1
9,13.0544863554997,1,83,14.5968387019918,2.5,2.5,TRUE,TRUE,1,SSP2_4_5,AM_85,experiment1
9,13.3403952253302,1,83,14.5968387019918,2.5,2.5,TRUE,TRUE,1,SSP2_4_5,AM_85,experiment1
7,12.0585153679128,1,83,14.5968387019918,2.5,2.5,TRUE,TRUE,1,SSP2_4_5,AM_85,experiment1
6,12.0277717844488,1,83,14.5968387019918,2.5,2.5,TRUE,TRUE,1,SSP2_4_5,AM_85,experiment1
7,13.4581020796916,1,83,14.5968387019918,2.5,2.5,TRUE,TRUE,1,SSP2_4_5,AM_85,experiment1
6,13.9279708058482,1,83,14.5968387019918,2.5,2.5,TRUE,TRUE,1,SSP2_4_5,AM_85,experiment1
7,13.3958838866185,1,83,14.5968387019918,2.5,2.5,TRUE,TRUE,1,SSP2_4_5,AM_85,experiment1
4,13.9170018722706,1,83,14.5968387019918,2.5,2.5,TRUE,TRUE,1,SSP2_4_5,AM_85,experiment1
7,12.7620070993933,1,83,14.5968387019918,2.5,2.5,TRUE,TRUE,1,SSP2_4_5,AM_85,experiment1
7,12.8350514726706,1,83,14.5968387019918,2.5,2.5,TRUE,TRUE,1,SSP2_4_5,AM_85,experiment1
7,12.2086702470689,1,83,14.5968387019918,2.5,2.5,TRUE,TRUE,1,SSP2_4_5,AM_85,experiment1
8,13.2236159762026,1,83,14.5968387019918,2.5,2.5,TRUE,TRUE,1,SSP2_4_5,AM_85,experiment1
8,13.0686557667091,1,83,14.5968387019918,2.5,2.5,TRUE,TRUE,1,SSP2_4_5,AM_85,experiment1
6,13.6722073219174,1,83,14.5968387019918,2.5,2.5,TRUE,TRUE,1,SSP2_4_5,AM_85,experiment1
8,12.4002359702004,1,83,14.5968387019918,2.5,2.5,TRUE,TRUE,1,SSP2_4_5,AM_85,experiment1
7,12.0254744263667,1,83,14.5968387019918,2.5,2.5,TRUE,TRUE,1,SSP2_4_5,AM_85,experiment1
1,14.7707491497402,1,83,14.5968387019918,2.5,2.5,TRUE,TRUE,1,SSP2_4_5,AM_85,experiment1
8,14.2685351311789,1,83,14.5968387019918,2.5,2.5,TRUE,TRUE,1,SSP2_4_5,AM_85,experiment1
8,11.4440763474308,1,83,14.5968387019918,2.5,2.5,TRUE,TRUE,1,SSP2_4_5,AM_85,experiment1
1,12.3395927280027,1,83,14.5968387019918,2.5,2.5,TRUE,TRUE,1,SSP2_4_5,AM_85,experiment1
8,14.6907559324626,1,83,14.5968387019918,2.5,2.5,TRUE,TRUE,1,SSP2_4_5,AM_85,experiment1
7,9.1926138235145,1,83,14.5968387019918,2.5,2.5,TRUE,TRUE,1,SSP2_4_5,AM_85,experiment1
10,13.3231191588449,1,83,14.5968387019918,2.5,2.5,TRUE,TRUE,1,SSP2_4_5,AM_85,experiment1
8,14.0673561828586,1,83,14.5968387019918,2.5,2.5,TRUE,TRUE,1,SSP2_4_5,AM_85,experiment1
8,14.1444816360069,1,83,14.5968387019918,2.5,2.5,TRUE,TRUE,1,SSP2_4_5,AM_85,experiment1
9,14.9321154830326,1,83,14.5968387019918,2.5,2.5,TRUE,TRUE,1,SSP2_4_5,AM_85,experiment1
10,14.1489552380097,1,83,14.5968387019918,2.5,2.5,TRUE,TRUE,1,SSP2_4_5,AM_85,experiment1
6,12.9054759024283,1,83,14.5968387019918,2.5,2.5,TRUE,TRUE,1,SSP2_4_5,AM_85,experiment1
7,10.2808565662157,1,83,14.5968387019918,2.5,2.5,TRUE,TRUE,1,SSP2_4_5,AM_85,experiment1
6,13.954327541356,1,83,14.5968387019918,2.5,2.5,TRUE,TRUE,1,SSP2_4_5,AM_85,experiment1
7,13.4557404782744,1,83,14.5968387019918,2.5,2.5,TRUE,TRUE,1,SSP2_4_5,AM_85,experiment1
7,9.51928865398199,1,83,14.5968387019918,2.5,2.5,TRUE,TRUE,1,SSP2_4_5,AM_85,experiment1
5,10.7615998010625,1,83,14.5968387019918,2.5,2.5,TRUE,TRUE,1,SSP2_4_5,AM_85,experiment1
4,13.6515891690675,1,83,14.5968387019918,2.5,2.5,TRUE,TRUE,1,SSP2_4_5,AM_85,experiment1
8,13.7910638509818,1,83,14.5968387019918,2.5,2.5,TRUE,TRUE,1,SSP2_4_5,AM_85,experiment1
8,12.0779536931785,1,83,14.5968387019918,2.5,2.5,TRUE,TRUE,1,SSP2_4_5,AM_85,experiment1
6,15.0450241565728,1,83,14.5968387019918,2.5,2.5,TRUE,TRUE,1,SSP2_4_5,AM_85,experiment1
7,14.4352951932585,1,83,14.5968387019918,2.5,2.5,TRUE,TRUE,1,SSP2_4_5,AM_85,experiment1
8,13.4091704070681,1,83,14.5968387019918,2.5,2.5,TRUE,TRUE,1,SSP2_4_5,AM_85,experiment1
9,14.6345465872889,1,83,14.5968387019918,2.5,2.5,TRUE,TRUE,1,SSP2_4_5,AM_85,experiment1
7,14.2810562287151,1,83,14.5968387019918,2.5,2.5,TRUE,TRUE,1,SSP2_4_5,AM_85,experiment1
6,13.5627954561652,1,83,14.5968387019918,2.5,2.5,TRUE,TRUE,1,SSP2_4_5,AM_85,experiment1
6,13.8634112779065,1,83,14.5968387019918,2.5,2.5,TRUE,TRUE,1,SSP2_4_5,AM_85,experiment1
10,14.6408119520045,1,83,14.5968387019918,2.5,2.5,TRUE,TRUE,1,SSP2_4_5,AM_85,experiment1
7,13.4422481193429,1,83,14.5968387019918,2.5,2.5,TRUE,TRUE,1,SSP2_4_5,AM_85,experiment1
8,13.2554372133428,1,83,14.5968387019918,2.5,2.5,TRUE,TRUE,1,SSP2_4_5,AM_85,experiment1
7,14.0298909094497,1,83,14.5968387019918,2.5,2.5,TRUE,TRUE,1,SSP2_4_5,AM_85,experiment1
6,12.2812812035594,1,83,14.5968387019918,2.5,2.5,TRUE,TRUE,1,SSP2_4_5,AM_85,experiment1
10,10.778224280963,1,83,14.5968387019918,2.5,2.5,TRUE,TRUE,1,SSP2_4_5,AM_85,experiment1
7,13.3333073626621,1,83,14.5968387019918,2.5,2.5,TRUE,TRUE,1,SSP2_4_5,AM_85,experiment1
7,14.7242010479441,1,83,14.5968387019918,2.5,2.5,TRUE,TRUE,1,SSP2_4_5,AM_85,experiment1
7,13.0145105792637,1,83,14.5968387019918,2.5,2.5,TRUE,TRUE,1,SSP2_4_5,AM_85,experiment1
1,10.8166599681096,1,83,14.5968387019918,2.5,2.5,TRUE,TRUE,1,SSP2_4_5,AM_85,experiment1
11,14.0321643119478,1,83,14.5968387019918,2.5,2.5,TRUE,TRUE,1,SSP2_4_5,AM_85,experiment1
10,12.1504048020205,1,83,14.5968387019918,2.5,2.5,TRUE,TRUE,1,SSP2_4_5,AM_85,experiment1
3,14.2959153718976,1,83,14.5968387019918,2.5,2.5,TRUE,TRUE,1,SSP2_4_5,AM_85,experiment1
8,12.8513512947243,1,83,14.5968387019918,2.5,2.5,TRUE,TRUE,1,SSP2_4_5,AM_85,experiment1
7,10.5900323507344,1,83,14.5968387019918,2.5,2.5,TRUE,TRUE,1,SSP2_4_5,AM_85,experiment1
7,13.300851463215,1,83,14.5968387019918,2.5,2.5,TRUE,TRUE,1,SSP2_4_5,AM_85,experiment1
7,12.7500817830195,1,83,14.5968387019918,2.5,2.5,TRUE,TRUE,1,SSP2_4_5,AM_85,experiment1
6,13.5058559943304,1,83,14.5968387019918,2.5,2.5,TRUE,TRUE,1,SSP2_4_5,AM_85,experiment1
6,14.5655675112417,1,83,14.5968387019918,2.5,2.5,TRUE,TRUE,1,SSP2_4_5,AM_85,experiment1
6,12.4487565719874,1,83,14.5968387019918,2.5,2.5,TRUE,TRUE,1,SSP2_4_5,AM_85,experiment1
11,12.646696706458,1,83,14.5968387019918,2.5,2.5,TRUE,TRUE,1,SSP2_4_5,AM_85,experiment1
8,12.7305327121959,1,83,14.5968387019918,2.5,2.5,TRUE,TRUE,1,SSP2_4_5,AM_85,experiment1
9,11.5215746531709,1,83,14.5968387019918,2.5,2.5,TRUE,TRUE,1,SSP2_4_5,AM_85,experiment1
5,14.6993795092462,1,83,14.5968387019918,2.5,2.5,TRUE,TRUE,1,SSP2_4_5,AM_85,experiment1
7,13.5576521796028,1,83,14.5968387019918,2.5,2.5,TRUE,TRUE,1,SSP2_4_5,AM_85,experiment1
6,12.834174687838,1,83,14.5968387019918,2.5,2.5,TRUE,TRUE,1,SSP2_4_5,AM_85,experiment1
11,14.2276758307343,1,83,14.5968387019918,2.5,2.5,TRUE,TRUE,1,SSP2_4_5,AM_85,experiment1
9,14.7191336688781,1,83,14.5968387019918,2.5,2.5,TRUE,TRUE,1,SSP2_4_5,AM_85,experiment1
7,13.6270784516022,1,83,14.5968387019918,2.5,2.5,TRUE,TRUE,1,SSP2_4_5,AM_85,experiment1
6,13.2776113193122,1,83,14.5968387019918,2.5,2.5,TRUE,TRUE,1,SSP2_4_5,AM_85,experiment1
4,14.6605150515624,1,83,14.5968387019918,2.5,2.5,TRUE,TRUE,1,SSP2_4_5,AM_85,experiment1
9,13.4886175120802,1,83,14.5968387019918,2.5,2.5,TRUE,TRUE,1,SSP2_4_5,AM_85,experiment1
6,13.7915089619009,1,83,14.5968387019918,2.5,2.5,TRUE,TRUE,1,SSP2_4_5,AM_85,experiment1
1,13.7963120199117,1,83,14.5968387019918,2.5,2.5,TRUE,TRUE,1,SSP2_4_5,AM_85,experiment1
5,14.9225118772233,1,83,14.5968387019918,2.5,2.5,TRUE,TRUE,1,SSP2_4_5,AM_85,experiment1
8,12.5771935590874,1,83,14.5968387019918,2.5,2.5,TRUE,TRUE,1,SSP2_4_5,AM_85,experiment1
1,13.3837894625555,1,83,14.5968387019918,2.5,2.5,TRUE,TRUE,1,SSP2_4_5,AM_85,experiment1
6,12.5063525638616,1,83,14.5968387019918,2.5,2.5,TRUE,TRUE,1,SSP2_4_5,AM_85,experiment1
11,13.9807062649052,1,83,14.5968387019918,2.5,2.5,TRUE,TRUE,1,SSP2_4_5,AM_85,experiment1
6,14.0815681716382,1,83,14.5968387019918,2.5,2.5,TRUE,TRUE,1,SSP2_4_5,AM_85,experiment1
7,12.1662761589086,1,83,14.5968387019918,2.5,2.5,TRUE,TRUE,1,SSP2_4_5,AM_85,experiment1
4,14.6181104582811,1,83,14.5968387019918,2.5,2.5,TRUE,TRUE,1,SSP2_4_5,AM_85,experiment1
6,14.560701057342,1,83,14.5968387019918,2.5,2.5,TRUE,TRUE,1,SSP2_4_5,AM_85,experiment1
8,10.2249073177052,1,83,14.5968387019918,2.5,2.5,TRUE,TRUE,1,SSP2_4_5,AM_85,experiment1
5,11.5814528590966,1,83,14.5968387019918,2.5,2.5,TRUE,TRUE,1,SSP2_4_5,AM_85,experiment1
9,12.5683518932262,1,83,14.5968387019918,2.5,2.5,TRUE,TRUE,1,SSP2_4_5,AM_85,experiment1
5,13.3783459847966,1,83,14.5968387019918,2.5,2.5,TRUE,TRUE,1,SSP2_4_5,AM_85,experiment1
7,15.2863435885267,1,83,14.5968387019918,2.5,2.5,TRUE,TRUE,1,SSP2_4_5,AM_85,experiment1
6,13.4685617436358,1,83,14.5968387019918,2.5,2.5,TRUE,TRUE,1,SSP2_4_5,AM_85,experiment1
9,12.4182352292514,1,83,14.5968387019918,2.5,2.5,TRUE,TRUE,1,SSP2_4_5,AM_85,experiment1
9,15.5492419881655,1,83,14.5968387019918,2.5,2.5,TRUE,TRUE,1,SSP2_4_5,AM_85,experiment1
11,12.3713730238457,1,83,14.5968387019918,2.5,2.5,TRUE,TRUE,1,SSP2_4_5,AM_85,experiment1
9,13.0436915634808,1,83,14.5968387019918,2.5,2.5,TRUE,TRUE,1,SSP2_4_5,AM_85,experiment1
7,13.1340919988887,1,83,14.5968387019918,2.5,2.5,TRUE,TRUE,1,SSP2_4_5,AM_85,experiment1
8,10.4916968821312,1,83,14.5968387019918,2.5,2.5,TRUE,TRUE,1,SSP2_4_5,AM_85,experiment1
2,12.8477326049751,1,83,14.5968387019918,2.5,2.5,TRUE,TRUE,1,SSP2_4_5,AM_85,experiment1
9,12.4570433058141,1,83,14.5968387019918,2.5,2.5,TRUE,TRUE,1,SSP2_4_5,AM_85,experiment1
4,12.0923823481257,1,83,14.5968387019918,2.5,2.5,TRUE,TRUE,1,SSP2_4_5,AM_85,experiment1
11,11.2991318239936,1,83,14.5968387019918,2.5,2.5,TRUE,TRUE,1,SSP2_4_5,AM_85,experiment1
1,8.71324807555821,1,83,14.5968387019918,2.5,2.5,TRUE,TRUE,1,SSP2_4_5,AM_85,experiment1
1,8.99747410536959,1,83,14.5968387019918,2.5,2.5,TRUE,TRUE,1,SSP2_4_5,AM_85,experiment1
6,12.3338332359058,1,83,14.5968387019918,2.5,2.5,TRUE,TRUE,1,SSP2_4_5,AM_85,experiment1
8,15.0703815786154,1,83,14.5968387019918,2.5,2.5,TRUE,TRUE,1,SSP2_4_5,AM_85,experiment1
6,14.2729350071002,1,83,14.5968387019918,2.5,2.5,TRUE,TRUE,1,SSP2_4_5,AM_85,experiment1
8,13.7042465835118,1,83,14.5968387019918,2.5,2.5,TRUE,TRUE,1,SSP2_4_5,AM_85,experiment1
4,12.7917289425166,1,83,14.5968387019918,2.5,2.5,TRUE,TRUE,1,SSP2_4_5,AM_85,experiment1
10,15.0069964364323,1,83,14.5968387019918,2.5,2.5,TRUE,TRUE,1,SSP2_4_5,AM_85,experiment1
6,13.8501523641954,1,83,14.5968387019918,2.5,2.5,TRUE,TRUE,1,SSP2_4_5,AM_85,experiment1
6,12.3790834985191,1,83,14.5968387019918,2.5,2.5,TRUE,TRUE,1,SSP2_4_5,AM_85,experiment1
9,10.6913594276982,1,83,14.5968387019918,2.5,2.5,TRUE,TRUE,1,SSP2_4_5,AM_85,experiment1
8,12.5292088919682,1,83,14.5968387019918,2.5,2.5,TRUE,TRUE,1,SSP2_4_5,AM_85,experiment1
2,12.9968239256764,1,83,14.5968387019918,2.5,2.5,TRUE,TRUE,1,SSP2_4_5,AM_85,experiment1
8,12.3581934158912,1,83,14.5968387019918,2.5,2.5,TRUE,TRUE,1,SSP2_4_5,AM_85,experiment1
11,11.3034410916616,1,83,14.5968387019918,2.5,2.5,TRUE,TRUE,1,SSP2_4_5,AM_85,experiment1
9,12.7822062785481,1,83,14.5968387019918,2.5,2.5,TRUE,TRUE,1,SSP2_4_5,AM_85,experiment1
1,9.34153373030041,1,83,14.5968387019918,2.5,2.5,TRUE,TRUE,1,SSP2_4_5,AM_85,experiment1
4,13.6985634353423,1,83,14.5968387019918,2.5,2.5,TRUE,TRUE,1,SSP2_4_5,AM_85,experiment1
10,5.93678853466457,1,83,14.5968387019918,2.5,2.5,TRUE,TRUE,1,SSP2_4_5,AM_85,experiment1
7,12.5900046228016,1,83,14.5968387019918,2.5,2.5,TRUE,TRUE,1,SSP2_4_5,AM_85,experiment1
8,14.2129138541221,1,83,14.5968387019918,2.5,2.5,TRUE,TRUE,1,SSP2_4_5,AM_85,experiment1
9,14.2352803465424,1,83,14.5968387019918,2.5,2.5,TRUE,TRUE,1,SSP2_4_5,AM_85,experiment1
8,14.0914567719957,1,83,14.5968387019918,2.5,2.5,TRUE,TRUE,1,SSP2_4_5,AM_85,experiment1
8,15.3238228476678,1,83,14.5968387019918,2.5,2.5,TRUE,TRUE,1,SSP2_4_5,AM_85,experiment1
7,13.6319456124878,1,83,14.5968387019918,2.5,2.5,TRUE,TRUE,1,SSP2_4_5,AM_85,experiment1
7,11.1893935492292,1,83,14.5968387019918,2.5,2.5,TRUE,TRUE,1,SSP2_4_5,AM_85,experiment1
10,14.5535798029042,1,83,14.5968387019918,2.5,2.5,TRUE,TRUE,1,SSP2_4_5,AM_85,experiment1
9,13.2024333276042,1,83,14.5968387019918,2.5,2.5,TRUE,TRUE,1,SSP2_4_5,AM_85,experiment1
6,14.2894817058542,1,83,14.5968387019918,2.5,2.5,TRUE,TRUE,1,SSP2_4_5,AM_85,experiment1
8,13.9836310392394,1,83,14.5968387019918,2.5,2.5,TRUE,TRUE,1,SSP2_4_5,AM_85,experiment1
7,13.8706583212522,1,83,14.5968387019918,2.5,2.5,TRUE,TRUE,1,SSP2_4_5,AM_85,experiment1
9,13.038276175174,1,83,14.5968387019918,2.5,2.5,TRUE,TRUE,1,SSP2_4_5,AM_85,experiment1
7,13.3889312852135,1,83,14.5968387019918,2.5,2.5,TRUE,TRUE,1,SSP2_4_5,AM_85,experiment1
6,12.8045769145994,1,83,14.5968387019918,2.5,2.5,TRUE,TRUE,1,SSP2_4_5,AM_85,experiment1
7,11.6779385899758,1,83,14.5968387019918,2.5,2.5,TRUE,TRUE,1,SSP2_4_5,AM_85,experiment1
8,12.3145374894024,1,83,14.5968387019918,2.5,2.5,TRUE,TRUE,1,SSP2_4_5,AM_85,experiment1
10,13.2041011349735,1,83,14.5968387019918,2.5,2.5,TRUE,TRUE,1,SSP2_4_5,AM_85,experiment1
6,14.3693081423214,1,83,14.5968387019918,2.5,2.5,TRUE,TRUE,1,SSP2_4_5,AM_85,experiment1
11,14.1984035522656,1,83,14.5968387019918,2.5,2.5,TRUE,TRUE,1,SSP2_4_5,AM_85,experiment1
6,12.2025516567459,1,83,14.5968387019918,2.5,2.5,TRUE,TRUE,1,SSP2_4_5,AM_85,experiment1
10,12.4125406492113,1,83,14.5968387019918,2.5,2.5,TRUE,TRUE,1,SSP2_4_5,AM_85,experiment1
1,12.4980828524506,1,83,14.5968387019918,2.5,2.5,TRUE,TRUE,1,SSP2_4_5,AM_85,experiment1
5,14.1533690636442,1,83,14.5968387019918,2.5,2.5,TRUE,TRUE,1,SSP2_4_5,AM_85,experiment1
10,14.1995986433697,1,83,14.5968387019918,2.5,2.5,TRUE,TRUE,1,SSP2_4_5,AM_85,experiment1
7,13.8281439620006,1,83,14.5968387019918,2.5,2.5,TRUE,TRUE,1,SSP2_4_5,AM_85,experiment1
8,14.2310616958968,1,83,14.5968387019918,2.5,2.5,TRUE,TRUE,1,SSP2_4_5,AM_85,experiment1
7,14.7171058592835,1,83,14.5968387019918,2.5,2.5,TRUE,TRUE,1,SSP2_4_5,AM_85,experiment1
9,15.6414613141442,1,83,14.5968387019918,2.5,2.5,TRUE,TRUE,1,SSP2_4_5,AM_85,experiment1
6,15.0610445447949,1,83,14.5968387019918,2.5,2.5,TRUE,TRUE,1,SSP2_4_5,AM_85,experiment1
1,5.09883515722656,1,83,14.5968387019918,2.5,2.5,TRUE,TRUE,1,SSP2_4_5,AM_85,experiment1
6,14.5580411315427,1,83,14.5968387019918,2.5,2.5,TRUE,TRUE,1,SSP2_4_5,AM_85,experiment1
7,11.9521681458944,1,83,14.5968387019918,2.5,2.5,TRUE,TRUE,1,SSP2_4_5,AM_85,experiment1
8,12.8585455762885,1,83,14.5968387019918,2.5,2.5,TRUE,TRUE,1,SSP2_4_5,AM_85,experiment1
8,12.6731338579114,1,83,14.5968387019918,2.5,2.5,TRUE,TRUE,1,SSP2_4_5,AM_85,experiment1
11,14.3188555957583,1,83,14.5968387019918,2.5,2.5,TRUE,TRUE,1,SSP2_4_5,AM_85,experiment1
8,13.0728959010115,1,83,14.5968387019918,2.5,2.5,TRUE,TRUE,1,SSP2_4_5,AM_85,experiment1
7,12.9797802406401,1,83,14.5968387019918,2.5,2.5,TRUE,TRUE,1,SSP2_4_5,AM_85,experiment1
1,12.9063441284863,1,83,14.5968387019918,2.5,2.5,TRUE,TRUE,1,SSP2_4_5,AM_85,experiment1
9,12.9787015387328,1,83,14.5968387019918,2.5,2.5,TRUE,TRUE,1,SSP2_4_5,AM_85,experiment1
6,13.4854979568925,1,83,14.5968387019918,2.5,2.5,TRUE,TRUE,1,SSP2_4_5,AM_85,experiment1
8,14.5545462781251,1,83,14.5968387019918,2.5,2.5,TRUE,TRUE,1,SSP2_4_5,AM_85,experiment1
8,5.05495596008277,1,83,14.5968387019918,2.5,2.5,TRUE,TRUE,1,SSP2_4_5,AM_85,experiment1
9,13.445854503373,1,83,14.5968387019918,2.5,2.5,TRUE,TRUE,1,SSP2_4_5,AM_85,experiment1
11,13.3097070561375,1,83,14.5968387019918,2.5,2.5,TRUE,TRUE,1,SSP2_4_5,AM_85,experiment1
7,14.8567810826924,1,83,14.5968387019918,2.5,2.5,TRUE,TRUE,1,SSP2_4_5,AM_85,experiment1
7,11.8841173335612,1,83,14.5968387019918,2.5,2.5,TRUE,TRUE,1,SSP2_4_5,AM_85,experiment1
9,11.6857545631478,1,83,14.5968387019918,2.5,2.5,TRUE,TRUE,1,SSP2_4_5,AM_85,experiment1
8,15.0290802597293,1,83,14.5968387019918,2.5,2.5,TRUE,TRUE,1,SSP2_4_5,AM_85,experiment1
7,12.4249757995837,1,83,14.5968387019918,2.5,2.5,TRUE,TRUE,1,SSP2_4_5,AM_85,experiment1
8,13.8033541129551,1,83,14.5968387019918,2.5,2.5,TRUE,TRUE,1,SSP2_4_5,AM_85,experiment1
6,14.5926441423435,1,83,14.5968387019918,2.5,2.5,TRUE,TRUE,1,SSP2_4_5,AM_85,experiment1
8,7.85789179989859,1,83,14.5968387019918,2.5,2.5,TRUE,TRUE,1,SSP2_4_5,AM_85,experiment1
7,14.9037680300803,1,83,14.5968387019918,2.5,2.5,TRUE,TRUE,1,SSP2_4_5,AM_85,experiment1
7,14.0729238606649,1,83,14.5968387019918,2.5,2.5,TRUE,TRUE,1,SSP2_4_5,AM_85,experiment1
11,11.9365504413687,1,83,14.5968387019918,2.5,2.5,TRUE,TRUE,1,SSP2_4_5,AM_85,experiment1
6,11.7279921849314,1,83,14.5968387019918,2.5,2.5,TRUE,TRUE,1,SSP2_4_5,AM_85,experiment1
9,13.7491583094612,1,83,14.5968387019918,2.5,2.5,TRUE,TRUE,1,SSP2_4_5,AM_85,experiment1
6,14.0962639626062,1,83,14.5968387019918,2.5,2.5,TRUE,TRUE,1,SSP2_4_5,AM_85,experiment1
1,12.2269911976758,1,83,14.5968387019918,2.5,2.5,TRUE,TRUE,1,SSP2_4_5,AM_85,experiment1
6,13.7773361817631,1,83,14.5968387019918,2.5,2.5,TRUE,TRUE,1,SSP2_4_5,AM_85,experiment1
9,13.349320694005,1,83,14.5968387019918,2.5,2.5,TRUE,TRUE,1,SSP2_4_5,AM_85,experiment1
1,10.1222894685223,1,83,14.5968387019918,2.5,2.5,TRUE,TRUE,1,SSP2_4_5,AM_85,experiment1
9,14.3767004428597,1,83,14.5968387019918,2.5,2.5,TRUE,TRUE,1,SSP2_4_5,AM_85,experiment1
11,11.6848216416074,1,83,14.5968387019918,2.5,2.5,TRUE,TRUE,1,SSP2_4_5,AM_85,experiment1
7,12.9108850999208,1,83,14.5968387019918,2.5,2.5,TRUE,TRUE,1,SSP2_4_5,AM_85,experiment1
5,13.0199245082436,1,83,14.5968387019918,2.5,2.5,TRUE,TRUE,1,SSP2_4_5,AM_85,experiment1
7,14.6169573777347,1,83,14.5968387019918,2.5,2.5,TRUE,TRUE,1,SSP2_4_5,AM_85,experiment1
11,10.0782149394322,1,83,14.5968387019918,2.5,2.5,TRUE,TRUE,1,SSP2_4_5,AM_85,experiment1
8,13.1358273930356,1,83,14.5968387019918,2.5,2.5,TRUE,TRUE,1,SSP2_4_5,AM_85,experiment1
1,13.2555730829485,1,83,14.5968387019918,2.5,2.5,TRUE,TRUE,1,SSP2_4_5,AM_85,experiment1
9,13.8242283004748,1,83,14.5968387019918,2.5,2.5,TRUE,TRUE,1,SSP2_4_5,AM_85,experiment1
8,14.5035655838032,1,83,14.5968387019918,2.5,2.5,TRUE,TRUE,1,SSP2_4_5,AM_85,experiment1
8,14.5194345385707,1,83,14.5968387019918,2.5,2.5,TRUE,TRUE,1,SSP2_4_5,AM_85,experiment1
10,12.4065969818752,1,83,14.5968387019918,2.5,2.5,TRUE,TRUE,1,SSP2_4_5,AM_85,experiment1
5,14.4905765264396,1,83,14.5968387019918,2.5,2.5,TRUE,TRUE,1,SSP2_4_5,AM_85,experiment1
8,10.7866822238953,1,83,14.5968387019918,2.5,2.5,TRUE,TRUE,1,SSP2_4_5,AM_85,experiment1
3,14.106999840475,1,83,14.5968387019918,2.5,2.5,TRUE,TRUE,1,SSP2_4_5,AM_85,experiment1
9,13.5338755272913,1,83,14.5968387019918,2.5,2.5,TRUE,TRUE,1,SSP2_4_5,AM_85,experiment1
7,14.7103142761592,1,83,14.5968387019918,2.5,2.5,TRUE,TRUE,1,SSP2_4_5,AM_85,experiment1
9,13.3984649060246,1,83,14.5968387019918,2.5,2.5,TRUE,TRUE,1,SSP2_4_5,AM_85,experiment1
9,14.3470407330752,1,83,14.5968387019918,2.5,2.5,TRUE,TRUE,1,SSP2_4_5,AM_85,experiment1
6,13.3787000088717,1,83,14.5968387019918,2.5,2.5,TRUE,TRUE,1,SSP2_4_5,AM_85,experiment1
1,6.66510210852851,1,83,14.5968387019918,2.5,2.5,TRUE,TRUE,1,SSP2_4_5,AM_85,experiment1
10,8.52276638488442,1,83,14.5968387019918,2.5,2.5,TRUE,TRUE,1,SSP2_4_5,AM_85,experiment1
5,12.3746501545389,1,83,14.5968387019918,2.5,2.5,TRUE,TRUE,1,SSP2_4_5,AM_85,experiment1
8,13.0074611232891,1,83,14.5968387019918,2.5,2.5,TRUE,TRUE,1,SSP2_4_5,AM_85,experiment1
5,14.6434722654533,1,83,14.5968387019918,2.5,2.5,TRUE,TRUE,1,SSP2_4_5,AM_85,experiment1
4,13.2454004588063,1,83,14.5968387019918,2.5,2.5,TRUE,TRUE,1,SSP2_4_5,AM_85,experiment1
10,13.5026377424991,1,83,14.5968387019918,2.5,2.5,TRUE,TRUE,1,SSP2_4_5,AM_85,experiment1
9,14.5781449957205,1,83,14.5968387019918,2.5,2.5,TRUE,TRUE,1,SSP2_4_5,AM_85,experiment1
7,13.5268737831263,1,83,14.5968387019918,2.5,2.5,TRUE,TRUE,1,SSP2_4_5,AM_85,experiment1
8,11.789924940329,1,83,14.5968387019918,2.5,2.5,TRUE,TRUE,1,SSP2_4_5,AM_85,experiment1
5,10.5248454096143,1,83,14.5968387019918,2.5,2.5,TRUE,TRUE,1,SSP2_4_5,AM_85,experiment1
7,13.10432764194,1,83,14.5968387019918,2.5,2.5,TRUE,TRUE,1,SSP2_4_5,AM_85,experiment1
11,15.2538090699644,1,83,14.5968387019918,2.5,2.5,TRUE,TRUE,1,SSP2_4_5,AM_85,experiment1
7,12.2677571628978,1,83,14.5968387019918,2.5,2.5,TRUE,TRUE,1,SSP2_4_5,AM_85,experiment1
4,13.4234595416643,1,83,14.5968387019918,2.5,2.5,TRUE,TRUE,1,SSP2_4_5,AM_85,experiment1
7,12.9104527494844,1,83,14.5968387019918,2.5,2.5,TRUE,TRUE,1,SSP2_4_5,AM_85,experiment1
8,12.0791707276779,1,83,14.5968387019918,2.5,2.5,TRUE,TRUE,1,SSP2_4_5,AM_85,experiment1
7,10.8529985703116,1,83,14.5968387019918,2.5,2.5,TRUE,TRUE,1,SSP2_4_5,AM_85,experiment1
7,12.1365927460101,1,83,14.5968387019918,2.5,2.5,TRUE,TRUE,1,SSP2_4_5,AM_85,experiment1
5,11.6929386449994,1,83,14.5968387019918,2.5,2.5,TRUE,TRUE,1,SSP2_4_5,AM_85,experiment1
5,11.0755756971321,1,83,14.5968387019918,2.5,2.5,TRUE,TRUE,1,SSP2_4_5,AM_85,experiment1
11,13.1849731428148,1,83,14.5968387019918,2.5,2.5,TRUE,TRUE,1,SSP2_4_5,AM_85,experiment1
9,14.155482154314,1,83,14.5968387019918,2.5,2.5,TRUE,TRUE,1,SSP2_4_5,AM_85,experiment1
8,14.8594173756551,1,83,14.5968387019918,2.5,2.5,TRUE,TRUE,1,SSP2_4_5,AM_85,experiment1
7,15.0257202224936,1,83,14.5968387019918,2.5,2.5,TRUE,TRUE,1,SSP2_4_5,AM_85,experiment1
5,12.9453126895951,1,83,14.5968387019918,2.5,2.5,TRUE,TRUE,1,SSP2_4_5,AM_85,experiment1
5,14.597666668476,1,83,14.5968387019918,2.5,2.5,TRUE,TRUE,1,SSP2_4_5,AM_85,experiment1
8,14.6444366809636,1,83,14.5968387019918,2.5,2.5,TRUE,TRUE,1,SSP2_4_5,AM_85,experiment1
5,14.2164337685258,1,83,14.5968387019918,2.5,2.5,TRUE,TRUE,1,SSP2_4_5,AM_85,experiment1
6,9.92057810627727,1,83,14.5968387019918,2.5,2.5,TRUE,TRUE,1,SSP2_4_5,AM_85,experiment1
9,12.4742835790722,1,83,14.5968387019918,2.5,2.5,TRUE,TRUE,1,SSP2_4_5,AM_85,experiment1
4,13.9428924703036,1,83,14.5968387019918,2.5,2.5,TRUE,TRUE,1,SSP2_4_5,AM_85,experiment1
7,14.2758353988121,1,83,14.5968387019918,2.5,2.5,TRUE,TRUE,1,SSP2_4_5,AM_85,experiment1
1,12.9042366955723,1,83,14.5968387019918,2.5,2.5,TRUE,TRUE,1,SSP2_4_5,AM_85,experiment1
2,13.7103549946893,1,83,14.5968387019918,2.5,2.5,TRUE,TRUE,1,SSP2_4_5,AM_85,experiment1
8,14.1439982240365,1,83,14.5968387019918,2.5,2.5,TRUE,TRUE,1,SSP2_4_5,AM_85,experiment1
6,12.3112676542332,1,83,14.5968387019918,2.5,2.5,TRUE,TRUE,1,SSP2_4_5,AM_85,experiment1
7,14.4889336925324,1,83,14.5968387019918,2.5,2.5,TRUE,TRUE,1,SSP2_4_5,AM_85,experiment1
8,13.6587745827877,1,83,14.5968387019918,2.5,2.5,TRUE,TRUE,1,SSP2_4_5,AM_85,experiment1
6,13.8977718679015,1,83,14.5968387019918,2.5,2.5,TRUE,TRUE,1,SSP2_4_5,AM_85,experiment1
6,12.3026517172878,1,83,14.5968387019918,2.5,2.5,TRUE,TRUE,1,SSP2_4_5,AM_85,experiment1
11,13.8295049627475,1,83,14.5968387019918,2.5,2.5,TRUE,TRUE,1,SSP2_4_5,AM_85,experiment1
1,13.6612561682436,1,83,14.5968387019918,2.5,2.5,TRUE,TRUE,1,SSP2_4_5,AM_85,experiment1
8,11.1626108131976,1,83,14.5968387019918,2.5,2.5,TRUE,TRUE,1,SSP2_4_5,AM_85,experiment1
8,14.003783436251,1,83,14.5968387019918,2.5,2.5,TRUE,TRUE,1,SSP2_4_5,AM_85,experiment1
10,12.2922333354419,1,83,14.5968387019918,2.5,2.5,TRUE,TRUE,1,SSP2_4_5,AM_85,experiment1
10,13.7757110082935,1,83,14.5968387019918,2.5,2.5,TRUE,TRUE,1,SSP2_4_5,AM_85,experiment1
1,8.1865134265881,1,83,14.5968387019918,2.5,2.5,TRUE,TRUE,1,SSP2_4_5,AM_85,experiment1
5,13.9793964173084,1,83,14.5968387019918,2.5,2.5,TRUE,TRUE,1,SSP2_4_5,AM_85,experiment1
9,14.8604512165302,1,83,14.5968387019918,2.5,2.5,TRUE,TRUE,1,SSP2_4_5,AM_85,experiment1
10,12.0693986997514,1,83,14.5968387019918,2.5,2.5,TRUE,TRUE,1,SSP2_4_5,AM_85,experiment1
8,14.2765531011878,1,83,14.5968387019918,2.5,2.5,TRUE,TRUE,1,SSP2_4_5,AM_85,experiment1
8,14.3187104193016,1,83,14.5968387019918,2.5,2.5,TRUE,TRUE,1,SSP2_4_5,AM_85,experiment1
5,14.432704473691,1,83,14.5968387019918,2.5,2.5,TRUE,TRUE,1,SSP2_4_5,AM_85,experiment1
3,15.0796842782438,1,83,14.5968387019918,2.5,2.5,TRUE,TRUE,1,SSP2_4_5,AM_85,experiment1
3,13.7439333252103,1,83,14.5968387019918,2.5,2.5,TRUE,TRUE,1,SSP2_4_5,AM_85,experiment1
6,12.540800177984,1,83,14.5968387019918,2.5,2.5,TRUE,TRUE,1,SSP2_4_5,AM_85,experiment1
10,13.290650049547,1,83,14.5968387019918,2.5,2.5,TRUE,TRUE,1,SSP2_4_5,AM_85,experiment1
11,12.0830734052371,1,83,14.5968387019918,2.5,2.5,TRUE,TRUE,1,SSP2_4_5,AM_85,experiment1
7,13.4446962398324,1,83,14.5968387019918,2.5,2.5,TRUE,TRUE,1,SSP2_4_5,AM_85,experiment1
7,13.8283655386645,1,83,14.5968387019918,2.5,2.5,TRUE,TRUE,1,SSP2_4_5,AM_85,experiment1
5,13.1713776098383,1,83,14.5968387019918,2.5,2.5,TRUE,TRUE,1,SSP2_4_5,AM_85,experiment1
8,14.6747493708336,1,83,14.5968387019918,2.5,2.5,TRUE,TRUE,1,SSP2_4_5,AM_85,experiment1
8,13.8680827231758,1,83,14.5968387019918,2.5,2.5,TRUE,TRUE,1,SSP2_4_5,AM_85,experiment1
7,13.2152142370545,1,83,14.5968387019918,2.5,2.5,TRUE,TRUE,1,SSP2_4_5,AM_85,experiment1
4,7.46606385301983,1,83,14.5968387019918,2.5,2.5,TRUE,TRUE,1,SSP2_4_5,AM_85,experiment1
1,13.4143369117234,1,83,14.5968387019918,2.5,2.5,TRUE,TRUE,1,SSP2_4_5,AM_85,experiment1
11,12.0450393254136,1,83,14.5968387019918,2.5,2.5,TRUE,TRUE,1,SSP2_4_5,AM_85,experiment1
9,12.7398444147516,1,83,14.5968387019918,2.5,2.5,TRUE,TRUE,1,SSP2_4_5,AM_85,experiment1
7,11.0898642912662,1,83,14.5968387019918,2.5,2.5,TRUE,TRUE,1,SSP2_4_5,AM_85,experiment1
7,14.4371685467999,1,83,14.5968387019918,2.5,2.5,TRUE,TRUE,1,SSP2_4_5,AM_85,experiment1
10,12.62095909979,1,83,14.5968387019918,2.5,2.5,TRUE,TRUE,1,SSP2_4_5,AM_85,experiment1
8,11.6936019543208,1,83,14.5968387019918,2.5,2.5,TRUE,TRUE,1,SSP2_4_5,AM_85,experiment1
8,12.3592434953696,1,83,14.5968387019918,2.5,2.5,TRUE,TRUE,1,SSP2_4_5,AM_85,experiment1
7,10.6016540823794,1,83,14.5968387019918,2.5,2.5,TRUE,TRUE,1,SSP2_4_5,AM_85,experiment1
8,13.6803285967686,1,83,14.5968387019918,2.5,2.5,TRUE,TRUE,1,SSP2_4_5,AM_85,experiment1
10,14.6610879358421,1,83,14.5968387019918,2.5,2.5,TRUE,TRUE,1,SSP2_4_5,AM_85,experiment1
7,12.4530122745172,1,83,14.5968387019918,2.5,2.5,TRUE,TRUE,1,SSP2_4_5,AM_85,experiment1
9,12.8042380804759,1,83,14.5968387019918,2.5,2.5,TRUE,TRUE,1,SSP2_4_5,AM_85,experiment1
1,12.4757539026293,1,83,14.5968387019918,2.5,2.5,TRUE,TRUE,1,SSP2_4_5,AM_85,experiment1
4,14.1726188875964,1,83,14.5968387019918,2.5,2.5,TRUE,TRUE,1,SSP2_4_5,AM_85,experiment1
10,14.938375656871,1,83,14.5968387019918,2.5,2.5,TRUE,TRUE,1,SSP2_4_5,AM_85,experiment1
7,14.1358652893021,1,83,14.5968387019918,2.5,2.5,TRUE,TRUE,1,SSP2_4_5,AM_85,experiment1
8,14.1737414979918,1,83,14.5968387019918,2.5,2.5,TRUE,TRUE,1,SSP2_4_5,AM_85,experiment1
2,12.7665394206547,1,83,14.5968387019918,2.5,2.5,TRUE,TRUE,1,SSP2_4_5,AM_85,experiment1
9,12.3173801327087,1,83,14.5968387019918,2.5,2.5,TRUE,TRUE,1,SSP2_4_5,AM_85,experiment1
11,10.6313692993476,1,83,14.5968387019918,2.5,2.5,TRUE,TRUE,1,SSP2_4_5,AM_85,experiment1
5,12.9233742600355,1,83,14.5968387019918,2.5,2.5,TRUE,TRUE,1,SSP2_4_5,AM_85,experiment1
10,14.8485245209164,1,83,14.5968387019918,2.5,2.5,TRUE,TRUE,1,SSP2_4_5,AM_85,experiment1
9,6.9319508244663,1,83,14.5968387019918,2.5,2.5,TRUE,TRUE,1,SSP2_4_5,AM_85,experiment1
10,13.4813196716736,1,83,14.5968387019918,2.5,2.5,TRUE,TRUE,1,SSP2_4_5,AM_85,experiment1
7,13.570699790662,1,83,14.5968387019918,2.5,2.5,TRUE,TRUE,1,SSP2_4_5,AM_85,experiment1
8,13.1650729051123,1,83,14.5968387019918,2.5,2.5,TRUE,TRUE,1,SSP2_4_5,AM_85,experiment1
1,7.58950129976235,1,83,14.5968387019918,2.5,2.5,TRUE,TRUE,1,SSP2_4_5,AM_85,experiment1
7,10.8134644351532,1,83,14.5968387019918,2.5,2.5,TRUE,TRUE,1,SSP2_4_5,AM_85,experiment1
10,14.0445195854683,1,83,14.5968387019918,2.5,2.5,TRUE,TRUE,1,SSP2_4_5,AM_85,experiment1
8,11.1917519902499,1,83,14.5968387019918,2.5,2.5,TRUE,TRUE,1,SSP2_4_5,AM_85,experiment1
1,6.02155481029802,1,83,14.5968387019918,2.5,2.5,TRUE,TRUE,1,SSP2_4_5,AM_85,experiment1
11,14.0841876723705,1,83,14.5968387019918,2.5,2.5,TRUE,TRUE,1,SSP2_4_5,AM_85,experiment1
7,14.3548977638291,1,83,14.5968387019918,2.5,2.5,TRUE,TRUE,1,SSP2_4_5,AM_85,experiment1
8,14.2057085434504,1,83,14.5968387019918,2.5,2.5,TRUE,TRUE,1,SSP2_4_5,AM_85,experiment1
8,14.0341086964104,1,83,14.5968387019918,2.5,2.5,TRUE,TRUE,1,SSP2_4_5,AM_85,experiment1
10,15.074357586486,1,83,14.5968387019918,2.5,2.5,TRUE,TRUE,1,SSP2_4_5,AM_85,experiment1
3,14.2739458573898,1,83,14.5968387019918,2.5,2.5,TRUE,TRUE,1,SSP2_4_5,AM_85,experiment1
9,11.0883400759192,1,83,14.5968387019918,2.5,2.5,TRUE,TRUE,1,SSP2_4_5,AM_85,experiment1
8,10.1753628146157,1,83,14.5968387019918,2.5,2.5,TRUE,TRUE,1,SSP2_4_5,AM_85,experiment1
2,12.3420974050454,1,83,14.5968387019918,2.5,2.5,TRUE,TRUE,1,SSP2_4_5,AM_85,experiment1
4,12.8605795901454,1,83,14.5968387019918,2.5,2.5,TRUE,TRUE,1,SSP2_4_5,AM_85,experiment1
8,13.5223551248941,1,83,14.5968387019918,2.5,2.5,TRUE,TRUE,1,SSP2_4_5,AM_85,experiment1
10,14.4219549905035,1,83,14.5968387019918,2.5,2.5,TRUE,TRUE,1,SSP2_4_5,AM_85,experiment1
9,13.5596729433947,1,83,14.5968387019918,2.5,2.5,TRUE,TRUE,1,SSP2_4_5,AM_85,experiment1
9,9.85720788746208,1,83,14.5968387019918,2.5,2.5,TRUE,TRUE,1,SSP2_4_5,AM_85,experiment1
7,13.1598768393744,1,83,14.5968387019918,2.5,2.5,TRUE,TRUE,1,SSP2_4_5,AM_85,experiment1
8,11.4087999439024,1,83,14.5968387019918,2.5,2.5,TRUE,TRUE,1,SSP2_4_5,AM_85,experiment1
7,14.0282881744571,1,83,14.5968387019918,2.5,2.5,TRUE,TRUE,1,SSP2_4_5,AM_85,experiment1
10,13.6084822650389,1,83,14.5968387019918,2.5,2.5,TRUE,TRUE,1,SSP2_4_5,AM_85,experiment1
4,14.494983743362,1,83,14.5968387019918,2.5,2.5,TRUE,TRUE,1,SSP2_4_5,AM_85,experiment1
9,13.6982182926533,1,83,14.5968387019918,2.5,2.5,TRUE,TRUE,1,SSP2_4_5,AM_85,experiment1
8,12.3808699826252,1,83,14.5968387019918,2.5,2.5,TRUE,TRUE,1,SSP2_4_5,AM_85,experiment1
1,9.20620145231572,1,83,14.5968387019918,2.5,2.5,TRUE,TRUE,1,SSP2_4_5,AM_85,experiment1
6,13.1204417181078,1,83,14.5968387019918,2.5,2.5,TRUE,TRUE,1,SSP2_4_5,AM_85,experiment1
6,13.1305642331797,1,83,14.5968387019918,2.5,2.5,TRUE,TRUE,1,SSP2_4_5,AM_85,experiment1
7,12.6222046056693,1,83,14.5968387019918,2.5,2.5,TRUE,TRUE,1,SSP2_4_5,AM_85,experiment1
11,14.0388617814938,1,83,14.5968387019918,2.5,2.5,TRUE,TRUE,1,SSP2_4_5,AM_85,experiment1
3,9.8810360508631,1,83,14.5968387019918,2.5,2.5,TRUE,TRUE,1,SSP2_4_5,AM_85,experiment1
6,12.7042335038527,1,83,14.5968387019918,2.5,2.5,TRUE,TRUE,1,SSP2_4_5,AM_85,experiment1
7,13.7655818644025,1,83,14.5968387019918,2.5,2.5,TRUE,TRUE,1,SSP2_4_5,AM_85,experiment1
7,11.7619013460172,1,83,14.5968387019918,2.5,2.5,TRUE,TRUE,1,SSP2_4_5,AM_85,experiment1
7,14.8880297967877,1,83,14.5968387019918,2.5,2.5,TRUE,TRUE,1,SSP2_4_5,AM_85,experiment1
4,13.7110136100551,1,83,14.5968387019918,2.5,2.5,TRUE,TRUE,1,SSP2_4_5,AM_85,experiment1
6,12.6772504292654,1,83,14.5968387019918,2.5,2.5,TRUE,TRUE,1,SSP2_4_5,AM_85,experiment1
8,14.4011445756429,1,83,14.5968387019918,2.5,2.5,TRUE,TRUE,1,SSP2_4_5,AM_85,experiment1
7,14.2963226013656,1,83,14.5968387019918,2.5,2.5,TRUE,TRUE,1,SSP2_4_5,AM_85,experiment1
8,14.5612607480798,1,83,14.5968387019918,2.5,2.5,TRUE,TRUE,1,SSP2_4_5,AM_85,experiment1
6,12.8606736129221,1,83,14.5968387019918,2.5,2.5,TRUE,TRUE,1,SSP2_4_5,AM_85,experiment1
9,15.0665575162631,1,83,14.5968387019918,2.5,2.5,TRUE,TRUE,1,SSP2_4_5,AM_85,experiment1
7,11.0629102018776,1,83,14.5968387019918,2.5,2.5,TRUE,TRUE,1,SSP2_4_5,AM_85,experiment1
5,15.3092704148329,1,83,14.5968387019918,2.5,2.5,TRUE,TRUE,1,SSP2_4_5,AM_85,experiment1
10,11.1046637861652,1,83,14.5968387019918,2.5,2.5,TRUE,TRUE,1,SSP2_4_5,AM_85,experiment1
7,13.5520357289899,1,83,14.5968387019918,2.5,2.5,TRUE,TRUE,1,SSP2_4_5,AM_85,experiment1
10,12.0484417758981,1,83,14.5968387019918,2.5,2.5,TRUE,TRUE,1,SSP2_4_5,AM_85,experiment1
1,9.62587341114394,1,83,14.5968387019918,2.5,2.5,TRUE,TRUE,1,SSP2_4_5,AM_85,experiment1
9,13.3988424551829,1,83,14.5968387019918,2.5,2.5,TRUE,TRUE,1,SSP2_4_5,AM_85,experiment1
9,6.53870889596554,1,83,14.5968387019918,2.5,2.5,TRUE,TRUE,1,SSP2_4_5,AM_85,experiment1
7,14.3458933943628,1,83,14.5968387019918,2.5,2.5,TRUE,TRUE,1,SSP2_4_5,AM_85,experiment1
6,13.0283638555699,1,83,14.5968387019918,2.5,2.5,TRUE,TRUE,1,SSP2_4_5,AM_85,experiment1
8,12.5839000801012,1,83,14.5968387019918,2.5,2.5,TRUE,TRUE,1,SSP2_4_5,AM_85,experiment1
11,13.9731847405092,1,83,14.5968387019918,2.5,2.5,TRUE,TRUE,1,SSP2_4_5,AM_85,experiment1
9,11.3224164297701,1,83,14.5968387019918,2.5,2.5,TRUE,TRUE,1,SSP2_4_5,AM_85,experiment1
9,12.911679814627,1,83,14.5968387019918,2.5,2.5,TRUE,TRUE,1,SSP2_4_5,AM_85,experiment1
6,15.2595688326391,1,83,14.5968387019918,2.5,2.5,TRUE,TRUE,1,SSP2_4_5,AM_85,experiment1
7,13.7090067047278,1,83,14.5968387019918,2.5,2.5,TRUE,TRUE,1,SSP2_4_5,AM_85,experiment1
7,14.3246011104791,1,83,14.5968387019918,2.5,2.5,TRUE,TRUE,1,SSP2_4_5,AM_85,experiment1
7,13.1225060418175,1,83,14.5968387019918,2.5,2.5,TRUE,TRUE,1,SSP2_4_5,AM_85,experiment1
1,14.3320086518204,1,83,14.5968387019918,2.5,2.5,TRUE,TRUE,1,SSP2_4_5,AM_85,experiment1
8,13.7189416646546,1,83,14.5968387019918,2.5,2.5,TRUE,TRUE,1,SSP2_4_5,AM_85,experiment1
6,12.7087035585172,1,83,14.5968387019918,2.5,2.5,TRUE,TRUE,1,SSP2_4_5,AM_85,experiment1
7,15.5486221891249,1,83,14.5968387019918,2.5,2.5,TRUE,TRUE,1,SSP2_4_5,AM_85,experiment1
5,11.9959354748736,1,83,14.5968387019918,2.5,2.5,TRUE,TRUE,1,SSP2_4_5,AM_85,experiment1
7,14.4269484987392,1,83,14.5968387019918,2.5,2.5,TRUE,TRUE,1,SSP2_4_5,AM_85,experiment1
7,11.6005002512467,1,83,14.5968387019918,2.5,2.5,TRUE,TRUE,1,SSP2_4_5,AM_85,experiment1
6,12.2754231212558,1,83,14.5968387019918,2.5,2.5,TRUE,TRUE,1,SSP2_4_5,AM_85,experiment1
10,12.7602148473824,1,83,14.5968387019918,2.5,2.5,TRUE,TRUE,1,SSP2_4_5,AM_85,experiment1
11,15.0207618475695,1,83,14.5968387019918,2.5,2.5,TRUE,TRUE,1,SSP2_4_5,AM_85,experiment1
11,13.5184908885152,1,83,14.5968387019918,2.5,2.5,TRUE,TRUE,1,SSP2_4_5,AM_85,experiment1
10,14.4421187059684,1,83,14.5968387019918,2.5,2.5,TRUE,TRUE,1,SSP2_4_5,AM_85,experiment1
8,9.32640857254867,1,83,14.5968387019918,2.5,2.5,TRUE,TRUE,1,SSP2_4_5,AM_85,experiment1
7,14.6598265071862,1,83,14.5968387019918,2.5,2.5,TRUE,TRUE,1,SSP2_4_5,AM_85,experiment1
7,14.007544462118,1,83,14.5968387019918,2.5,2.5,TRUE,TRUE,1,SSP2_4_5,AM_85,experiment1
7,13.8033772621217,1,83,14.5968387019918,2.5,2.5,TRUE,TRUE,1,SSP2_4_5,AM_85,experiment1
6,15.3574060963415,1,83,14.5968387019918,2.5,2.5,TRUE,TRUE,1,SSP2_4_5,AM_85,experiment1
6,12.5141240294853,1,83,14.5968387019918,2.5,2.5,TRUE,TRUE,1,SSP2_4_5,AM_85,experiment1
11,12.5087001882877,1,83,14.5968387019918,2.5,2.5,TRUE,TRUE,1,SSP2_4_5,AM_85,experiment1
9,13.7455221617202,1,83,14.5968387019918,2.5,2.5,TRUE,TRUE,1,SSP2_4_5,AM_85,experiment1
1,12.3453651728479,1,83,14.5968387019918,2.5,2.5,TRUE,TRUE,1,SSP2_4_5,AM_85,experiment1
7,14.3763249427368,1,83,14.5968387019918,2.5,2.5,TRUE,TRUE,1,SSP2_4_5,AM_85,experiment1
1,5.33298462992806,1,83,14.5968387019918,2.5,2.5,TRUE,TRUE,1,SSP2_4_5,AM_85,experiment1
8,12.8859668364837,1,83,14.5968387019918,2.5,2.5,TRUE,TRUE,1,SSP2_4_5,AM_85,experiment1
9,12.8450624867888,1,83,14.5968387019918,2.5,2.5,TRUE,TRUE,1,SSP2_4_5,AM_85,experiment1
9,14.2664449645708,1,83,14.5968387019918,2.5,2.5,TRUE,TRUE,1,SSP2_4_5,AM_85,experiment1
10,13.0189945832792,1,83,14.5968387019918,2.5,2.5,TRUE,TRUE,1,SSP2_4_5,AM_85,experiment1
2,14.9000464879875,1,83,14.5968387019918,2.5,2.5,TRUE,TRUE,1,SSP2_4_5,AM_85,experiment1
8,13.6631430917995,1,83,14.5968387019918,2.5,2.5,TRUE,TRUE,1,SSP2_4_5,AM_85,experiment1
8,12.8941379156188,1,83,14.5968387019918,2.5,2.5,TRUE,TRUE,1,SSP2_4_5,AM_85,experiment1
4,14.3297229389949,1,83,14.5968387019918,2.5,2.5,TRUE,TRUE,1,SSP2_4_5,AM_85,experiment1
8,13.7354498890703,1,83,14.5968387019918,2.5,2.5,TRUE,TRUE,1,SSP2_4_5,AM_85,experiment1
9,11.5080022210322,1,83,14.5968387019918,2.5,2.5,TRUE,TRUE,1,SSP2_4_5,AM_85,experiment1
8,14.078792718791,1,83,14.5968387019918,2.5,2.5,TRUE,TRUE,1,SSP2_4_5,AM_85,experiment1
7,14.1843606100261,1,83,14.5968387019918,2.5,2.5,TRUE,TRUE,1,SSP2_4_5,AM_85,experiment1
2,14.4889830934348,1,83,14.5968387019918,2.5,2.5,TRUE,TRUE,1,SSP2_4_5,AM_85,experiment1
6,13.5906025354644,1,83,14.5968387019918,2.5,2.5,TRUE,TRUE,1,SSP2_4_5,AM_85,experiment1
1,12.2070673978316,1,83,14.5968387019918,2.5,2.5,TRUE,TRUE,1,SSP2_4_5,AM_85,experiment1
8,15.2534041734052,1,83,14.5968387019918,2.5,2.5,TRUE,TRUE,1,SSP2_4_5,AM_85,experiment1
9,11.7741531498021,1,83,14.5968387019918,2.5,2.5,TRUE,TRUE,1,SSP2_4_5,AM_85,experiment1
6,14.2471549233359,1,83,14.5968387019918,2.5,2.5,TRUE,TRUE,1,SSP2_4_5,AM_85,experiment1
1,10.9457340027394,1,83,14.5968387019918,2.5,2.5,TRUE,TRUE,1,SSP2_4_5,AM_85,experiment1
10,12.6529870901837,1,83,14.5968387019918,2.5,2.5,TRUE,TRUE,1,SSP2_4_5,AM_85,experiment1
9,13.1747860250906,1,83,14.5968387019918,2.5,2.5,TRUE,TRUE,1,SSP2_4_5,AM_85,experiment1
10,13.5904784555786,1,83,14.5968387019918,2.5,2.5,TRUE,TRUE,1,SSP2_4_5,AM_85,experiment1
7,14.8400241589818,1,83,14.5968387019918,2.5,2.5,TRUE,TRUE,1,SSP2_4_5,AM_85,experiment1
1,4.19636949453125,1,83,14.5968387019918,2.5,2.5,TRUE,TRUE,1,SSP2_4_5,AM_85,experiment1
6,14.0442421164719,1,83,14.5968387019918,2.5,2.5,TRUE,TRUE,1,SSP2_4_5,AM_85,experiment1
5,13.2890061248004,1,83,14.5968387019918,2.5,2.5,TRUE,TRUE,1,SSP2_4_5,AM_85,experiment1
8,11.2950241031069,1,83,14.5968387019918,2.5,2.5,TRUE,TRUE,1,SSP2_4_5,AM_85,experiment1
9,12.4989412901758,1,83,14.5968387019918,2.5,2.5,TRUE,TRUE,1,SSP2_4_5,AM_85,experiment1
10,12.9578679322414,1,83,14.5968387019918,2.5,2.5,TRUE,TRUE,1,SSP2_4_5,AM_85,experiment1
9,13.7497129564325,1,83,14.5968387019918,2.5,2.5,TRUE,TRUE,1,SSP2_4_5,AM_85,experiment1
9,12.4947903842131,1,83,14.5968387019918,2.5,2.5,TRUE,TRUE,1,SSP2_4_5,AM_85,experiment1
7,13.1819544422486,1,83,14.5968387019918,2.5,2.5,TRUE,TRUE,1,SSP2_4_5,AM_85,experiment1
8,12.1109957322983,1,83,14.5968387019918,2.5,2.5,TRUE,TRUE,1,SSP2_4_5,AM_85,experiment1
11,12.5101838296069,1,83,14.5968387019918,2.5,2.5,TRUE,TRUE,1,SSP2_4_5,AM_85,experiment1
1,11.0648100027821,1,83,14.5968387019918,2.5,2.5,TRUE,TRUE,1,SSP2_4_5,AM_85,experiment1
6,13.3189468940105,1,83,14.5968387019918,2.5,2.5,TRUE,TRUE,1,SSP2_4_5,AM_85,experiment1
1,6.70511264518884,1,83,14.5968387019918,2.5,2.5,TRUE,TRUE,1,SSP2_4_5,AM_85,experiment1
7,14.1594322334893,1,83,14.5968387019918,2.5,2.5,TRUE,TRUE,1,SSP2_4_5,AM_85,experiment1
10,13.4054376667926,1,83,14.5968387019918,2.5,2.5,TRUE,TRUE,1,SSP2_4_5,AM_85,experiment1
1,11.0382175692771,1,83,14.5968387019918,2.5,2.5,TRUE,TRUE,1,SSP2_4_5,AM_85,experiment1
6,12.3959391516148,1,83,14.5968387019918,2.5,2.5,TRUE,TRUE,1,SSP2_4_5,AM_85,experiment1
5,13.7349137048649,1,83,14.5968387019918,2.5,2.5,TRUE,TRUE,1,SSP2_4_5,AM_85,experiment1
7,12.3314183245256,1,83,14.5968387019918,2.5,2.5,TRUE,TRUE,1,SSP2_4_5,AM_85,experiment1
9,14.754732913803,1,83,14.5968387019918,2.5,2.5,TRUE,TRUE,1,SSP2_4_5,AM_85,experiment1
9,13.4162459669519,1,83,14.5968387019918,2.5,2.5,TRUE,TRUE,1,SSP2_4_5,AM_85,experiment1
6,13.7381029709149,1,83,14.5968387019918,2.5,2.5,TRUE,TRUE,1,SSP2_4_5,AM_85,experiment1
11,15.6927265163192,1,83,14.5968387019918,2.5,2.5,TRUE,TRUE,1,SSP2_4_5,AM_85,experiment1
9,13.684122385876,1,83,14.5968387019918,2.5,2.5,TRUE,TRUE,1,SSP2_4_5,AM_85,experiment1
10,13.5972264883095,1,83,14.5968387019918,2.5,2.5,TRUE,TRUE,1,SSP2_4_5,AM_85,experiment1
10,13.4633710215078,1,83,14.5968387019918,2.5,2.5,TRUE,TRUE,1,SSP2_4_5,AM_85,experiment1
8,13.6432244706107,1,83,14.5968387019918,2.5,2.5,TRUE,TRUE,1,SSP2_4_5,AM_85,experiment1
9,12.9418204812907,1,83,14.5968387019918,2.5,2.5,TRUE,TRUE,1,SSP2_4_5,AM_85,experiment1
10,12.9668192971726,1,83,14.5968387019918,2.5,2.5,TRUE,TRUE,1,SSP2_4_5,AM_85,experiment1
5,13.1154905238199,1,83,14.5968387019918,2.5,2.5,TRUE,TRUE,1,SSP2_4_5,AM_85,experiment1
6,14.668790667973,1,83,14.5968387019918,2.5,2.5,TRUE,TRUE,1,SSP2_4_5,AM_85,experiment1
6,13.5457726963519,1,83,14.5968387019918,2.5,2.5,TRUE,TRUE,1,SSP2_4_5,AM_85,experiment1
6,14.4398328192711,1,83,14.5968387019918,2.5,2.5,TRUE,TRUE,1,SSP2_4_5,AM_85,experiment1
8,14.159480020647,1,83,14.5968387019918,2.5,2.5,TRUE,TRUE,1,SSP2_4_5,AM_85,experiment1
5,13.1011501534085,1,83,14.5968387019918,2.5,2.5,TRUE,TRUE,1,SSP2_4_5,AM_85,experiment1
10,13.8909748587128,1,83,14.5968387019918,2.5,2.5,TRUE,TRUE,1,SSP2_4_5,AM_85,experiment1
7,12.1195825412764,1,83,14.5968387019918,2.5,2.5,TRUE,TRUE,1,SSP2_4_5,AM_85,experiment1
1,14.6547426271442,1,83,14.5968387019918,2.5,2.5,TRUE,TRUE,1,SSP2_4_5,AM_85,experiment1
5,14.5825929833399,1,83,14.5968387019918,2.5,2.5,TRUE,TRUE,1,SSP2_4_5,AM_85,experiment1
7,15.1841004146166,1,83,14.5968387019918,2.5,2.5,TRUE,TRUE,1,SSP2_4_5,AM_85,experiment1
7,11.7226128322807,1,83,14.5968387019918,2.5,2.5,TRUE,TRUE,1,SSP2_4_5,AM_85,experiment1
5,10.893704605691,1,83,14.5968387019918,2.5,2.5,TRUE,TRUE,1,SSP2_4_5,AM_85,experiment1
1,2.53163125,1,83,14.5968387019918,2.5,2.5,TRUE,TRUE,1,SSP2_4_5,AM_85,experiment1
8,14.408222125577,1,83,14.5968387019918,2.5,2.5,TRUE,TRUE,1,SSP2_4_5,AM_85,experiment1
9,13.229144571166,1,83,14.5968387019918,2.5,2.5,TRUE,TRUE,1,SSP2_4_5,AM_85,experiment1
9,13.4180001084154,1,83,14.5968387019918,2.5,2.5,TRUE,TRUE,1,SSP2_4_5,AM_85,experiment1
8,12.0601103425246,1,83,14.5968387019918,2.5,2.5,TRUE,TRUE,1,SSP2_4_5,AM_85,experiment1
9,10.9146932285376,1,83,14.5968387019918,2.5,2.5,TRUE,TRUE,1,SSP2_4_5,AM_85,experiment1
8,12.3462825641922,1,83,14.5968387019918,2.5,2.5,TRUE,TRUE,1,SSP2_4_5,AM_85,experiment1
7,12.1241464558642,1,83,14.5968387019918,2.5,2.5,TRUE,TRUE,1,SSP2_4_5,AM_85,experiment1
5,13.1489083470039,1,83,14.5968387019918,2.5,2.5,TRUE,TRUE,1,SSP2_4_5,AM_85,experiment1
10,13.4040584886912,1,83,14.5968387019918,2.5,2.5,TRUE,TRUE,1,SSP2_4_5,AM_85,experiment1
4,12.9379540154815,1,83,14.5968387019918,2.5,2.5,TRUE,TRUE,1,SSP2_4_5,AM_85,experiment1
7,13.9965004686704,1,83,14.5968387019918,2.5,2.5,TRUE,TRUE,1,SSP2_4_5,AM_85,experiment1
9,12.2895717947939,1,83,14.5968387019918,2.5,2.5,TRUE,TRUE,1,SSP2_4_5,AM_85,experiment1
1,12.1239091516008,1,83,14.5968387019918,2.5,2.5,TRUE,TRUE,1,SSP2_4_5,AM_85,experiment1
8,12.8860568975337,1,83,14.5968387019918,2.5,2.5,TRUE,TRUE,1,SSP2_4_5,AM_85,experiment1
7,10.9851121621987,1,83,14.5968387019918,2.5,2.5,TRUE,TRUE,1,SSP2_4_5,AM_85,experiment1
10,14.5610519520675,1,83,14.5968387019918,2.5,2.5,TRUE,TRUE,1,SSP2_4_5,AM_85,experiment1
9,14.1631458280894,1,83,14.5968387019918,2.5,2.5,TRUE,TRUE,1,SSP2_4_5,AM_85,experiment1
2,13.4677990958676,1,83,14.5968387019918,2.5,2.5,TRUE,TRUE,1,SSP2_4_5,AM_85,experiment1
10,14.2004851803387,1,83,14.5968387019918,2.5,2.5,TRUE,TRUE,1,SSP2_4_5,AM_85,experiment1
3,13.4101009111242,1,83,14.5968387019918,2.5,2.5,TRUE,TRUE,1,SSP2_4_5,AM_85,experiment1
8,12.9587787439811,1,83,14.5968387019918,2.5,2.5,TRUE,TRUE,1,SSP2_4_5,AM_85,experiment1
9,14.0067076026728,1,83,14.5968387019918,2.5,2.5,TRUE,TRUE,1,SSP2_4_5,AM_85,experiment1
6,13.9250129495029,1,83,14.5968387019918,2.5,2.5,TRUE,TRUE,1,SSP2_4_5,AM_85,experiment1
5,12.1628973662654,1,83,14.5968387019918,2.5,2.5,TRUE,TRUE,1,SSP2_4_5,AM_85,experiment1
7,12.3862591977277,1,83,14.5968387019918,2.5,2.5,TRUE,TRUE,1,SSP2_4_5,AM_85,experiment1
8,13.9206203896283,1,83,14.5968387019918,2.5,2.5,TRUE,TRUE,1,SSP2_4_5,AM_85,experiment1
5,14.6584916722331,1,83,14.5968387019918,2.5,2.5,TRUE,TRUE,1,SSP2_4_5,AM_85,experiment1
6,14.3582167101997,1,83,14.5968387019918,2.5,2.5,TRUE,TRUE,1,SSP2_4_5,AM_85,experiment1
8,12.2077928350537,1,83,14.5968387019918,2.5,2.5,TRUE,TRUE,1,SSP2_4_5,AM_85,experiment1
9,13.9412891006846,1,83,14.5968387019918,2.5,2.5,TRUE,TRUE,1,SSP2_4_5,AM_85,experiment1
11,13.3438918043123,1,83,14.5968387019918,2.5,2.5,TRUE,TRUE,1,SSP2_4_5,AM_85,experiment1
8,13.585401207212,1,83,14.5968387019918,2.5,2.5,TRUE,TRUE,1,SSP2_4_5,AM_85,experiment1
11,13.7488168406973,1,83,14.5968387019918,2.5,2.5,TRUE,TRUE,1,SSP2_4_5,AM_85,experiment1
2,12.8302221716852,1,83,14.5968387019918,2.5,2.5,TRUE,TRUE,1,SSP2_4_5,AM_85,experiment1
7,13.8065981230933,1,83,14.5968387019918,2.5,2.5,TRUE,TRUE,1,SSP2_4_5,AM_85,experiment1
11,11.4376149831999,1,83,14.5968387019918,2.5,2.5,TRUE,TRUE,1,SSP2_4_5,AM_85,experiment1
11,14.1321960760865,1,83,14.5968387019918,2.5,2.5,TRUE,TRUE,1,SSP2_4_5,AM_85,experiment1
9,14.5756660705084,1,83,14.5968387019918,2.5,2.5,TRUE,TRUE,1,SSP2_4_5,AM_85,experiment1
7,13.6450913825379,1,83,14.5968387019918,2.5,2.5,TRUE,TRUE,1,SSP2_4_5,AM_85,experiment1
7,10.3121304305669,1,83,14.5968387019918,2.5,2.5,TRUE,TRUE,1,SSP2_4_5,AM_85,experiment1
10,13.6019408107639,1,83,14.5968387019918,2.5,2.5,TRUE,TRUE,1,SSP2_4_5,AM_85,experiment1
8,12.6111126830661,1,83,14.5968387019918,2.5,2.5,TRUE,TRUE,1,SSP2_4_5,AM_85,experiment1
9,10.8586373988499,1,83,14.5968387019918,2.5,2.5,TRUE,TRUE,1,SSP2_4_5,AM_85,experiment1
8,14.264845836673,1,83,14.5968387019918,2.5,2.5,TRUE,TRUE,1,SSP2_4_5,AM_85,experiment1
4,13.8704913712284,1,83,14.5968387019918,2.5,2.5,TRUE,TRUE,1,SSP2_4_5,AM_85,experiment1
4,13.4584889302194,1,83,14.5968387019918,2.5,2.5,TRUE,TRUE,1,SSP2_4_5,AM_85,experiment1
8,11.5908846308682,1,83,14.5968387019918,2.5,2.5,TRUE,TRUE,1,SSP2_4_5,AM_85,experiment1
5,14.2315529927908,1,83,14.5968387019918,2.5,2.5,TRUE,TRUE,1,SSP2_4_5,AM_85,experiment1
8,14.9419474632268,1,83,14.5968387019918,2.5,2.5,TRUE,TRUE,1,SSP2_4_5,AM_85,experiment1
7,15.5955112119213,1,83,14.5968387019918,2.5,2.5,TRUE,TRUE,1,SSP2_4_5,AM_85,experiment1
9,15.0876987452251,1,83,14.5968387019918,2.5,2.5,TRUE,TRUE,1,SSP2_4_5,AM_85,experiment1
7,15.0695754866671,1,83,14.5968387019918,2.5,2.5,TRUE,TRUE,1,SSP2_4_5,AM_85,experiment1
1,11.3193742762957,1,83,14.5968387019918,2.5,2.5,TRUE,TRUE,1,SSP2_4_5,AM_85,experiment1
8,13.3271254066712,1,83,14.5968387019918,2.5,2.5,TRUE,TRUE,1,SSP2_4_5,AM_85,experiment1
8,12.2600336840949,1,83,14.5968387019918,2.5,2.5,TRUE,TRUE,1,SSP2_4_5,AM_85,experiment1
8,11.9277661606262,1,83,14.5968387019918,2.5,2.5,TRUE,TRUE,1,SSP2_4_5,AM_85,experiment1
8,9.96165090036636,1,83,14.5968387019918,2.5,2.5,TRUE,TRUE,1,SSP2_4_5,AM_85,experiment1
5,13.518008163754,1,83,14.5968387019918,2.5,2.5,TRUE,TRUE,1,SSP2_4_5,AM_85,experiment1
8,15.2086025358367,1,83,14.5968387019918,2.5,2.5,TRUE,TRUE,1,SSP2_4_5,AM_85,experiment1
1,7.285381633263,1,83,14.5968387019918,2.5,2.5,TRUE,TRUE,1,SSP2_4_5,AM_85,experiment1
10,13.8295770684803,1,83,14.5968387019918,2.5,2.5,TRUE,TRUE,1,SSP2_4_5,AM_85,experiment1
9,12.9398773465201,1,83,14.5968387019918,2.5,2.5,TRUE,TRUE,1,SSP2_4_5,AM_85,experiment1
6,12.0326758303174,1,83,14.5968387019918,2.5,2.5,TRUE,TRUE,1,SSP2_4_5,AM_85,experiment1
7,15.4036677157329,1,83,14.5968387019918,2.5,2.5,TRUE,TRUE,1,SSP2_4_5,AM_85,experiment1
7,14.230355819421,1,83,14.5968387019918,2.5,2.5,TRUE,TRUE,1,SSP2_4_5,AM_85,experiment1
9,13.3971790232646,1,83,14.5968387019918,2.5,2.5,TRUE,TRUE,1,SSP2_4_5,AM_85,experiment1
5,13.4248646235848,1,83,14.5968387019918,2.5,2.5,TRUE,TRUE,1,SSP2_4_5,AM_85,experiment1
9,13.8047431218563,1,83,14.5968387019918,2.5,2.5,TRUE,TRUE,1,SSP2_4_5,AM_85,experiment1
6,12.6786145897384,1,83,14.5968387019918,2.5,2.5,TRUE,TRUE,1,SSP2_4_5,AM_85,experiment1
7,13.1498174016498,1,83,14.5968387019918,2.5,2.5,TRUE,TRUE,1,SSP2_4_5,AM_85,experiment1
8,10.1029821832601,1,83,14.5968387019918,2.5,2.5,TRUE,TRUE,1,SSP2_4_5,AM_85,experiment1
9,13.9685093514829,1,83,14.5968387019918,2.5,2.5,TRUE,TRUE,1,SSP2_4_5,AM_85,experiment1
9,12.2322250723162,1,83,14.5968387019918,2.5,2.5,TRUE,TRUE,1,SSP2_4_5,AM_85,experiment1
6,10.3067346043795,1,83,14.5968387019918,2.5,2.5,TRUE,TRUE,1,SSP2_4_5,AM_85,experiment1
7,12.8752247237008,1,83,14.5968387019918,2.5,2.5,TRUE,TRUE,1,SSP2_4_5,AM_85,experiment1
9,12.8149261279384,1,83,14.5968387019918,2.5,2.5,TRUE,TRUE,1,SSP2_4_5,AM_85,experiment1
10,12.957954109299,1,83,14.5968387019918,2.5,2.5,TRUE,TRUE,1,SSP2_4_5,AM_85,experiment1
9,12.7607879088318,1,83,14.5968387019918,2.5,2.5,TRUE,TRUE,1,SSP2_4_5,AM_85,experiment1
8,14.219460198345,1,83,14.5968387019918,2.5,2.5,TRUE,TRUE,1,SSP2_4_5,AM_85,experiment1
8,13.811722753507,1,83,14.5968387019918,2.5,2.5,TRUE,TRUE,1,SSP2_4_5,AM_85,experiment1
8,15.1128134592341,1,83,14.5968387019918,2.5,2.5,TRUE,TRUE,1,SSP2_4_5,AM_85,experiment1
7,13.9620765030184,1,83,14.5968387019918,2.5,2.5,TRUE,TRUE,1,SSP2_4_5,AM_85,experiment1
11,13.6690992165358,1,83,14.5968387019918,2.5,2.5,TRUE,TRUE,1,SSP2_4_5,AM_85,experiment1
10,12.2427258094444,1,83,14.5968387019918,2.5,2.5,TRUE,TRUE,1,SSP2_4_5,AM_85,experiment1
11,12.86492885692,1,83,14.5968387019918,2.5,2.5,TRUE,TRUE,1,SSP2_4_5,AM_85,experiment1
10,14.9958181106358,1,83,14.5968387019918,2.5,2.5,TRUE,TRUE,1,SSP2_4_5,AM_85,experiment1
6,14.595200785603,1,83,14.5968387019918,2.5,2.5,TRUE,TRUE,1,SSP2_4_5,AM_85,experiment1
6,11.1113279846856,1,83,14.5968387019918,2.5,2.5,TRUE,TRUE,1,SSP2_4_5,AM_85,experiment1
5,14.1644307103093,1,83,14.5968387019918,2.5,2.5,TRUE,TRUE,1,SSP2_4_5,AM_85,experiment1
6,13.7995189083378,1,83,14.5968387019918,2.5,2.5,TRUE,TRUE,1,SSP2_4_5,AM_85,experiment1
8,14.2507451461071,1,83,14.5968387019918,2.5,2.5,TRUE,TRUE,1,SSP2_4_5,AM_85,experiment1
8,15.1354153385342,1,83,14.5968387019918,2.5,2.5,TRUE,TRUE,1,SSP2_4_5,AM_85,experiment1
5,12.582183072568,1,83,14.5968387019918,2.5,2.5,TRUE,TRUE,1,SSP2_4_5,AM_85,experiment1
10,11.4323950100476,1,83,14.5968387019918,2.5,2.5,TRUE,TRUE,1,SSP2_4_5,AM_85,experiment1
8,14.3830170482712,1,83,14.5968387019918,2.5,2.5,TRUE,TRUE,1,SSP2_4_5,AM_85,experiment1
8,14.5898269078777,1,83,14.5968387019918,2.5,2.5,TRUE,TRUE,1,SSP2_4_5,AM_85,experiment1
7,12.6037558753834,1,83,14.5968387019918,2.5,2.5,TRUE,TRUE,1,SSP2_4_5,AM_85,experiment1
7,11.281586150864,1,83,14.5968387019918,2.5,2.5,TRUE,TRUE,1,SSP2_4_5,AM_85,experiment1
9,13.1579139215643,1,83,14.5968387019918,2.5,2.5,TRUE,TRUE,1,SSP2_4_5,AM_85,experiment1
11,12.9766293929778,1,83,14.5968387019918,2.5,2.5,TRUE,TRUE,1,SSP2_4_5,AM_85,experiment1
1,8.20421477943668,1,83,14.5968387019918,2.5,2.5,TRUE,TRUE,1,SSP2_4_5,AM_85,experiment1
6,13.2256622929365,1,83,14.5968387019918,2.5,2.5,TRUE,TRUE,1,SSP2_4_5,AM_85,experiment1
5,11.7023120196103,1,83,14.5968387019918,2.5,2.5,TRUE,TRUE,1,SSP2_4_5,AM_85,experiment1
9,12.5138135897218,1,83,14.5968387019918,2.5,2.5,TRUE,TRUE,1,SSP2_4_5,AM_85,experiment1
10,13.5568399193195,1,83,14.5968387019918,2.5,2.5,TRUE,TRUE,1,SSP2_4_5,AM_85,experiment1
6,14.3677178665699,1,83,14.5968387019918,2.5,2.5,TRUE,TRUE,1,SSP2_4_5,AM_85,experiment1
6,14.5909784942578,1,83,14.5968387019918,2.5,2.5,TRUE,TRUE,1,SSP2_4_5,AM_85,experiment1
7,14.4992387605126,1,83,14.5968387019918,2.5,2.5,TRUE,TRUE,1,SSP2_4_5,AM_85,experiment1
8,12.6774490621958,1,83,14.5968387019918,2.5,2.5,TRUE,TRUE,1,SSP2_4_5,AM_85,experiment1
9,12.8277843835612,1,83,14.5968387019918,2.5,2.5,TRUE,TRUE,1,SSP2_4_5,AM_85,experiment1
1,12.7194452199534,1,83,12.4534803045134,2.5,1,TRUE,TRUE,1,SSP3_7_0,AM_85,experiment1
1,11.8245102440813,1,83,12.4534803045134,2.5,1,TRUE,TRUE,1,SSP3_7_0,AM_85,experiment1
1,12.1711967645203,1,83,12.4534803045134,2.5,1,TRUE,TRUE,1,SSP3_7_0,AM_85,experiment1
1,11.1615609056962,1,83,12.4534803045134,2.5,1,TRUE,TRUE,1,SSP3_7_0,AM_85,experiment1
1,12.8475609649188,1,83,12.4534803045134,2.5,1,TRUE,TRUE,1,SSP3_7_0,AM_85,experiment1
1,12.3166762803622,1,83,12.4534803045134,2.5,1,TRUE,TRUE,1,SSP3_7_0,AM_85,experiment1
1,11.7075494863658,1,83,12.4534803045134,2.5,1,TRUE,TRUE,1,SSP3_7_0,AM_85,experiment1
1,11.8138563244495,1,83,12.4534803045134,2.5,1,TRUE,TRUE,1,SSP3_7_0,AM_85,experiment1
1,12.7014451586595,1,83,12.4534803045134,2.5,1,TRUE,TRUE,1,SSP3_7_0,AM_85,experiment1
1,12.4877822944913,1,83,12.4534803045134,2.5,1,TRUE,TRUE,1,SSP3_7_0,AM_85,experiment1
1,5.54146795819726,1,83,12.4534803045134,2.5,1,TRUE,TRUE,1,SSP3_7_0,AM_85,experiment1
1,13.6316145664763,1,83,12.4534803045134,2.5,1,TRUE,TRUE,1,SSP3_7_0,AM_85,experiment1
1,13.0031114262333,1,83,12.4534803045134,2.5,1,TRUE,TRUE,1,SSP3_7_0,AM_85,experiment1
1,12.6098474609465,1,83,12.4534803045134,2.5,1,TRUE,TRUE,1,SSP3_7_0,AM_85,experiment1
1,12.2703441927984,1,83,12.4534803045134,2.5,1,TRUE,TRUE,1,SSP3_7_0,AM_85,experiment1
1,11.3660571665788,1,83,12.4534803045134,2.5,1,TRUE,TRUE,1,SSP3_7_0,AM_85,experiment1
1,11.5613855698623,1,83,12.4534803045134,2.5,1,TRUE,TRUE,1,SSP3_7_0,AM_85,experiment1
1,11.9207430737379,1,83,12.4534803045134,2.5,1,TRUE,TRUE,1,SSP3_7_0,AM_85,experiment1
1,11.5975487877449,1,83,12.4534803045134,2.5,1,TRUE,TRUE,1,SSP3_7_0,AM_85,experiment1
1,11.5382485839269,1,83,12.4534803045134,2.5,1,TRUE,TRUE,1,SSP3_7_0,AM_85,experiment1
1,7.72968919659562,1,83,12.4534803045134,2.5,1,TRUE,TRUE,1,SSP3_7_0,AM_85,experiment1
1,12.8381868157015,1,83,12.4534803045134,2.5,1,TRUE,TRUE,1,SSP3_7_0,AM_85,experiment1
1,12.0400495383839,1,83,12.4534803045134,2.5,1,TRUE,TRUE,1,SSP3_7_0,AM_85,experiment1
1,11.042860479781,1,83,12.4534803045134,2.5,1,TRUE,TRUE,1,SSP3_7_0,AM_85,experiment1
1,14.1256092170777,1,83,12.4534803045134,2.5,1,TRUE,TRUE,1,SSP3_7_0,AM_85,experiment1
1,12.4926271372862,1,83,12.4534803045134,2.5,1,TRUE,TRUE,1,SSP3_7_0,AM_85,experiment1
1,12.3004356520698,1,83,12.4534803045134,2.5,1,TRUE,TRUE,1,SSP3_7_0,AM_85,experiment1
1,12.1943157334879,1,83,12.4534803045134,2.5,1,TRUE,TRUE,1,SSP3_7_0,AM_85,experiment1
1,9.32616504772745,1,83,12.4534803045134,2.5,1,TRUE,TRUE,1,SSP3_7_0,AM_85,experiment1
1,13.7634509901282,1,83,12.4534803045134,2.5,1,TRUE,TRUE,1,SSP3_7_0,AM_85,experiment1
1,11.7852907018501,1,83,12.4534803045134,2.5,1,TRUE,TRUE,1,SSP3_7_0,AM_85,experiment1
1,11.5015264563621,1,83,12.4534803045134,2.5,1,TRUE,TRUE,1,SSP3_7_0,AM_85,experiment1
1,11.8213577384809,1,83,12.4534803045134,2.5,1,TRUE,TRUE,1,SSP3_7_0,AM_85,experiment1
1,12.3606709941143,1,83,12.4534803045134,2.5,1,TRUE,TRUE,1,SSP3_7_0,AM_85,experiment1
1,10.7148334560381,1,83,12.4534803045134,2.5,1,TRUE,TRUE,1,SSP3_7_0,AM_85,experiment1
1,12.4690838616449,1,83,12.4534803045134,2.5,1,TRUE,TRUE,1,SSP3_7_0,AM_85,experiment1
1,12.4560689484569,1,83,12.4534803045134,2.5,1,TRUE,TRUE,1,SSP3_7_0,AM_85,experiment1
1,12.9688016710872,1,83,12.4534803045134,2.5,1,TRUE,TRUE,1,SSP3_7_0,AM_85,experiment1
1,12.4617940362198,1,83,12.4534803045134,2.5,1,TRUE,TRUE,1,SSP3_7_0,AM_85,experiment1
1,12.4463955563989,1,83,12.4534803045134,2.5,1,TRUE,TRUE,1,SSP3_7_0,AM_85,experiment1
1,12.0004651679495,1,83,12.4534803045134,2.5,1,TRUE,TRUE,1,SSP3_7_0,AM_85,experiment1
1,4.72344742412767,1,83,12.4534803045134,2.5,1,TRUE,TRUE,1,SSP3_7_0,AM_85,experiment1
1,12.7560045002685,1,83,12.4534803045134,2.5,1,TRUE,TRUE,1,SSP3_7_0,AM_85,experiment1
1,2.39450516806915,1,83,12.4534803045134,2.5,1,TRUE,TRUE,1,SSP3_7_0,AM_85,experiment1
1,12.7339642031054,1,83,12.4534803045134,2.5,1,TRUE,TRUE,1,SSP3_7_0,AM_85,experiment1
1,12.110699706978,1,83,12.4534803045134,2.5,1,TRUE,TRUE,1,SSP3_7_0,AM_85,experiment1
1,11.5718344895069,1,83,12.4534803045134,2.5,1,TRUE,TRUE,1,SSP3_7_0,AM_85,experiment1
1,12.592420029745,1,83,12.4534803045134,2.5,1,TRUE,TRUE,1,SSP3_7_0,AM_85,experiment1
1,11.7479696629476,1,83,12.4534803045134,2.5,1,TRUE,TRUE,1,SSP3_7_0,AM_85,experiment1
1,13.1174166858671,1,83,12.4534803045134,2.5,1,TRUE,TRUE,1,SSP3_7_0,AM_85,experiment1
1,12.5374447365762,1,83,12.4534803045134,2.5,1,TRUE,TRUE,1,SSP3_7_0,AM_85,experiment1
1,11.517742643462,1,83,12.4534803045134,2.5,1,TRUE,TRUE,1,SSP3_7_0,AM_85,experiment1
1,12.5714911861923,1,83,12.4534803045134,2.5,1,TRUE,TRUE,1,SSP3_7_0,AM_85,experiment1
1,11.4066440199363,1,83,12.4534803045134,2.5,1,TRUE,TRUE,1,SSP3_7_0,AM_85,experiment1
1,12.3338435223113,1,83,12.4534803045134,2.5,1,TRUE,TRUE,1,SSP3_7_0,AM_85,experiment1
1,11.4042911903227,1,83,12.4534803045134,2.5,1,TRUE,TRUE,1,SSP3_7_0,AM_85,experiment1
1,10.9726881316299,1,83,12.4534803045134,2.5,1,TRUE,TRUE,1,SSP3_7_0,AM_85,experiment1
1,9.76847442523894,1,83,12.4534803045134,2.5,1,TRUE,TRUE,1,SSP3_7_0,AM_85,experiment1
1,12.6881211276594,1,83,12.4534803045134,2.5,1,TRUE,TRUE,1,SSP3_7_0,AM_85,experiment1
1,12.9199054099935,1,83,12.4534803045134,2.5,1,TRUE,TRUE,1,SSP3_7_0,AM_85,experiment1
1,12.0034880028934,1,83,12.4534803045134,2.5,1,TRUE,TRUE,1,SSP3_7_0,AM_85,experiment1
1,12.6638211247625,1,83,12.4534803045134,2.5,1,TRUE,TRUE,1,SSP3_7_0,AM_85,experiment1
1,11.8777667228432,1,83,12.4534803045134,2.5,1,TRUE,TRUE,1,SSP3_7_0,AM_85,experiment1
1,13.3993925615585,1,83,12.4534803045134,2.5,1,TRUE,TRUE,1,SSP3_7_0,AM_85,experiment1
1,10.9545122535195,1,83,12.4534803045134,2.5,1,TRUE,TRUE,1,SSP3_7_0,AM_85,experiment1
1,12.5445722586842,1,83,12.4534803045134,2.5,1,TRUE,TRUE,1,SSP3_7_0,AM_85,experiment1
1,13.4631968154126,1,83,12.4534803045134,2.5,1,TRUE,TRUE,1,SSP3_7_0,AM_85,experiment1
1,12.7189724227498,1,83,12.4534803045134,2.5,1,TRUE,TRUE,1,SSP3_7_0,AM_85,experiment1
1,11.454251443409,1,83,12.4534803045134,2.5,1,TRUE,TRUE,1,SSP3_7_0,AM_85,experiment1
1,0.95,1,83,12.4534803045134,2.5,1,TRUE,TRUE,1,SSP3_7_0,AM_85,experiment1
1,12.9170995362943,1,83,12.4534803045134,2.5,1,TRUE,TRUE,1,SSP3_7_0,AM_85,experiment1
1,13.0266658790713,1,83,12.4534803045134,2.5,1,TRUE,TRUE,1,SSP3_7_0,AM_85,experiment1
1,10.7313109338078,1,83,12.4534803045134,2.5,1,TRUE,TRUE,1,SSP3_7_0,AM_85,experiment1
1,12.3355876906343,1,83,12.4534803045134,2.5,1,TRUE,TRUE,1,SSP3_7_0,AM_85,experiment1
1,13.619078471864,1,83,12.4534803045134,2.5,1,TRUE,TRUE,1,SSP3_7_0,AM_85,experiment1
1,13.8610999923186,1,83,12.4534803045134,2.5,1,TRUE,TRUE,1,SSP3_7_0,AM_85,experiment1
1,11.1660691498535,1,83,12.4534803045134,2.5,1,TRUE,TRUE,1,SSP3_7_0,AM_85,experiment1
1,11.7402224569731,1,83,12.4534803045134,2.5,1,TRUE,TRUE,1,SSP3_7_0,AM_85,experiment1
1,12.6061275654672,1,83,12.4534803045134,2.5,1,TRUE,TRUE,1,SSP3_7_0,AM_85,experiment1
1,11.8759457520124,1,83,12.4534803045134,2.5,1,TRUE,TRUE,1,SSP3_7_0,AM_85,experiment1
1,11.7671317735897,1,83,12.4534803045134,2.5,1,TRUE,TRUE,1,SSP3_7_0,AM_85,experiment1
1,12.0569914985329,1,83,12.4534803045134,2.5,1,TRUE,TRUE,1,SSP3_7_0,AM_85,experiment1
1,11.3427235510465,1,83,12.4534803045134,2.5,1,TRUE,TRUE,1,SSP3_7_0,AM_85,experiment1
1,10.1403497018715,1,83,12.4534803045134,2.5,1,TRUE,TRUE,1,SSP3_7_0,AM_85,experiment1
1,9.7388452906122,1,83,12.4534803045134,2.5,1,TRUE,TRUE,1,SSP3_7_0,AM_85,experiment1
1,11.2800900621395,1,83,12.4534803045134,2.5,1,TRUE,TRUE,1,SSP3_7_0,AM_85,experiment1
1,12.391956476394,1,83,12.4534803045134,2.5,1,TRUE,TRUE,1,SSP3_7_0,AM_85,experiment1
1,11.3855480260375,1,83,12.4534803045134,2.5,1,TRUE,TRUE,1,SSP3_7_0,AM_85,experiment1
1,10.4740513453737,1,83,12.4534803045134,2.5,1,TRUE,TRUE,1,SSP3_7_0,AM_85,experiment1
1,12.7904766922273,1,83,12.4534803045134,2.5,1,TRUE,TRUE,1,SSP3_7_0,AM_85,experiment1
1,10.6466835972121,1,83,12.4534803045134,2.5,1,TRUE,TRUE,1,SSP3_7_0,AM_85,experiment1
1,11.7255891261107,1,83,12.4534803045134,2.5,1,TRUE,TRUE,1,SSP3_7_0,AM_85,experiment1
1,10.5154238035545,1,83,12.4534803045134,2.5,1,TRUE,TRUE,1,SSP3_7_0,AM_85,experiment1
1,11.3729434023905,1,83,12.4534803045134,2.5,1,TRUE,TRUE,1,SSP3_7_0,AM_85,experiment1
1,10.6218304712304,1,83,12.4534803045134,2.5,1,TRUE,TRUE,1,SSP3_7_0,AM_85,experiment1
1,10.6601167903106,1,83,12.4534803045134,2.5,1,TRUE,TRUE,1,SSP3_7_0,AM_85,experiment1
1,9.69812439608553,1,83,12.4534803045134,2.5,1,TRUE,TRUE,1,SSP3_7_0,AM_85,experiment1
1,13.1712179507278,1,83,12.4534803045134,2.5,1,TRUE,TRUE,1,SSP3_7_0,AM_85,experiment1
1,12.174929053299,1,83,12.4534803045134,2.5,1,TRUE,TRUE,1,SSP3_7_0,AM_85,experiment1
1,8.40067690093705,1,83,12.4534803045134,2.5,1,TRUE,TRUE,1,SSP3_7_0,AM_85,experiment1
1,12.0092456892084,1,83,12.4534803045134,2.5,1,TRUE,TRUE,1,SSP3_7_0,AM_85,experiment1
1,11.6924463211663,1,83,12.4534803045134,2.5,1,TRUE,TRUE,1,SSP3_7_0,AM_85,experiment1
1,11.5049278568711,1,83,12.4534803045134,2.5,1,TRUE,TRUE,1,SSP3_7_0,AM_85,experiment1
1,11.0796435045815,1,83,12.4534803045134,2.5,1,TRUE,TRUE,1,SSP3_7_0,AM_85,experiment1
1,12.5748577069969,1,83,12.4534803045134,2.5,1,TRUE,TRUE,1,SSP3_7_0,AM_85,experiment1
1,12.5694118635231,1,83,12.4534803045134,2.5,1,TRUE,TRUE,1,SSP3_7_0,AM_85,experiment1
1,12.1363634311242,1,83,12.4534803045134,2.5,1,TRUE,TRUE,1,SSP3_7_0,AM_85,experiment1
1,9.50385617695386,1,83,12.4534803045134,2.5,1,TRUE,TRUE,1,SSP3_7_0,AM_85,experiment1
1,11.3781219242038,1,83,12.4534803045134,2.5,1,TRUE,TRUE,1,SSP3_7_0,AM_85,experiment1
1,13.0000333956849,1,83,12.4534803045134,2.5,1,TRUE,TRUE,1,SSP3_7_0,AM_85,experiment1
1,11.7502368908194,1,83,12.4534803045134,2.5,1,TRUE,TRUE,1,SSP3_7_0,AM_85,experiment1
1,13.4490368093726,1,83,12.4534803045134,2.5,1,TRUE,TRUE,1,SSP3_7_0,AM_85,experiment1
1,12.3293776355713,1,83,12.4534803045134,2.5,1,TRUE,TRUE,1,SSP3_7_0,AM_85,experiment1
1,12.4780498328513,1,83,12.4534803045134,2.5,1,TRUE,TRUE,1,SSP3_7_0,AM_85,experiment1
1,12.1205281764051,1,83,12.4534803045134,2.5,1,TRUE,TRUE,1,SSP3_7_0,AM_85,experiment1
1,13.6472474394934,1,83,12.4534803045134,2.5,1,TRUE,TRUE,1,SSP3_7_0,AM_85,experiment1
1,6.1063549098256,1,83,12.4534803045134,2.5,1,TRUE,TRUE,1,SSP3_7_0,AM_85,experiment1
1,11.6233946616741,1,83,12.4534803045134,2.5,1,TRUE,TRUE,1,SSP3_7_0,AM_85,experiment1
1,10.9950954279671,1,83,12.4534803045134,2.5,1,TRUE,TRUE,1,SSP3_7_0,AM_85,experiment1
1,13.0322569389909,1,83,12.4534803045134,2.5,1,TRUE,TRUE,1,SSP3_7_0,AM_85,experiment1
1,11.3776781212014,1,83,12.4534803045134,2.5,1,TRUE,TRUE,1,SSP3_7_0,AM_85,experiment1
1,11.6224122510401,1,83,12.4534803045134,2.5,1,TRUE,TRUE,1,SSP3_7_0,AM_85,experiment1
1,10.7565087840246,1,83,12.4534803045134,2.5,1,TRUE,TRUE,1,SSP3_7_0,AM_85,experiment1
1,3.1470234375,1,83,12.4534803045134,2.5,1,TRUE,TRUE,1,SSP3_7_0,AM_85,experiment1
1,12.5708208062417,1,83,12.4534803045134,2.5,1,TRUE,TRUE,1,SSP3_7_0,AM_85,experiment1
1,11.1466502786726,1,83,12.4534803045134,2.5,1,TRUE,TRUE,1,SSP3_7_0,AM_85,experiment1
1,10.5100947937134,1,83,12.4534803045134,2.5,1,TRUE,TRUE,1,SSP3_7_0,AM_85,experiment1
1,10.9397750045182,1,83,12.4534803045134,2.5,1,TRUE,TRUE,1,SSP3_7_0,AM_85,experiment1
1,13.1791191542552,1,83,12.4534803045134,2.5,1,TRUE,TRUE,1,SSP3_7_0,AM_85,experiment1
1,12.0040932528235,1,83,12.4534803045134,2.5,1,TRUE,TRUE,1,SSP3_7_0,AM_85,experiment1
1,13.0289840526931,1,83,12.4534803045134,2.5,1,TRUE,TRUE,1,SSP3_7_0,AM_85,experiment1
1,11.763056040461,1,83,12.4534803045134,2.5,1,TRUE,TRUE,1,SSP3_7_0,AM_85,experiment1
1,12.5304624242457,1,83,12.4534803045134,2.5,1,TRUE,TRUE,1,SSP3_7_0,AM_85,experiment1
1,11.5045732737039,1,83,12.4534803045134,2.5,1,TRUE,TRUE,1,SSP3_7_0,AM_85,experiment1
1,11.1511068908667,1,83,12.4534803045134,2.5,1,TRUE,TRUE,1,SSP3_7_0,AM_85,experiment1
1,11.9860512228822,1,83,12.4534803045134,2.5,1,TRUE,TRUE,1,SSP3_7_0,AM_85,experiment1
1,12.2965609700535,1,83,12.4534803045134,2.5,1,TRUE,TRUE,1,SSP3_7_0,AM_85,experiment1
1,12.493898050652,1,83,12.4534803045134,2.5,1,TRUE,TRUE,1,SSP3_7_0,AM_85,experiment1
1,11.0313718845056,1,83,12.4534803045134,2.5,1,TRUE,TRUE,1,SSP3_7_0,AM_85,experiment1
1,12.8580126413373,1,83,12.4534803045134,2.5,1,TRUE,TRUE,1,SSP3_7_0,AM_85,experiment1
1,12.4871213414334,1,83,12.4534803045134,2.5,1,TRUE,TRUE,1,SSP3_7_0,AM_85,experiment1
1,12.637985263664,1,83,12.4534803045134,2.5,1,TRUE,TRUE,1,SSP3_7_0,AM_85,experiment1
1,13.0395454379707,1,83,12.4534803045134,2.5,1,TRUE,TRUE,1,SSP3_7_0,AM_85,experiment1
1,6.57106345685672,1,83,12.4534803045134,2.5,1,TRUE,TRUE,1,SSP3_7_0,AM_85,experiment1
1,12.6536765174751,1,83,12.4534803045134,2.5,1,TRUE,TRUE,1,SSP3_7_0,AM_85,experiment1
1,13.2490655708341,1,83,12.4534803045134,2.5,1,TRUE,TRUE,1,SSP3_7_0,AM_85,experiment1
1,10.8555325159647,1,83,12.4534803045134,2.5,1,TRUE,TRUE,1,SSP3_7_0,AM_85,experiment1
1,12.1198234363796,1,83,12.4534803045134,2.5,1,TRUE,TRUE,1,SSP3_7_0,AM_85,experiment1
1,11.7100558190778,1,83,12.4534803045134,2.5,1,TRUE,TRUE,1,SSP3_7_0,AM_85,experiment1
1,12.5448509932012,1,83,12.4534803045134,2.5,1,TRUE,TRUE,1,SSP3_7_0,AM_85,experiment1
1,12.5635903267912,1,83,12.4534803045134,2.5,1,TRUE,TRUE,1,SSP3_7_0,AM_85,experiment1
1,11.7689407998409,1,83,12.4534803045134,2.5,1,TRUE,TRUE,1,SSP3_7_0,AM_85,experiment1
1,12.027096027724,1,83,12.4534803045134,2.5,1,TRUE,TRUE,1,SSP3_7_0,AM_85,experiment1
1,12.12352211408,1,83,12.4534803045134,2.5,1,TRUE,TRUE,1,SSP3_7_0,AM_85,experiment1
1,12.0789664113485,1,83,12.4534803045134,2.5,1,TRUE,TRUE,1,SSP3_7_0,AM_85,experiment1
1,10.6761210831954,1,83,12.4534803045134,2.5,1,TRUE,TRUE,1,SSP3_7_0,AM_85,experiment1
1,11.8371206056364,1,83,12.4534803045134,2.5,1,TRUE,TRUE,1,SSP3_7_0,AM_85,experiment1
1,12.3246038801403,1,83,12.4534803045134,2.5,1,TRUE,TRUE,1,SSP3_7_0,AM_85,experiment1
1,12.6463890521908,1,83,12.4534803045134,2.5,1,TRUE,TRUE,1,SSP3_7_0,AM_85,experiment1
1,12.2671217389214,1,83,12.4534803045134,2.5,1,TRUE,TRUE,1,SSP3_7_0,AM_85,experiment1
1,9.72870667879579,1,83,12.4534803045134,2.5,1,TRUE,TRUE,1,SSP3_7_0,AM_85,experiment1
1,12.8951248385249,1,83,12.4534803045134,2.5,1,TRUE,TRUE,1,SSP3_7_0,AM_85,experiment1
1,11.0415891972825,1,83,12.4534803045134,2.5,1,TRUE,TRUE,1,SSP3_7_0,AM_85,experiment1
1,12.8777962610157,1,83,12.4534803045134,2.5,1,TRUE,TRUE,1,SSP3_7_0,AM_85,experiment1
1,5.40883523406055,1,83,12.4534803045134,2.5,1,TRUE,TRUE,1,SSP3_7_0,AM_85,experiment1
1,13.2652145030984,1,83,12.4534803045134,2.5,1,TRUE,TRUE,1,SSP3_7_0,AM_85,experiment1
1,10.9736072662176,1,83,12.4534803045134,2.5,1,TRUE,TRUE,1,SSP3_7_0,AM_85,experiment1
1,12.6550969402162,1,83,12.4534803045134,2.5,1,TRUE,TRUE,1,SSP3_7_0,AM_85,experiment1
1,13.9699530864392,1,83,12.4534803045134,2.5,1,TRUE,TRUE,1,SSP3_7_0,AM_85,experiment1
1,12.9554157839197,1,83,12.4534803045134,2.5,1,TRUE,TRUE,1,SSP3_7_0,AM_85,experiment1
1,12.3076885473997,1,83,12.4534803045134,2.5,1,TRUE,TRUE,1,SSP3_7_0,AM_85,experiment1
1,9.56607813764924,1,83,12.4534803045134,2.5,1,TRUE,TRUE,1,SSP3_7_0,AM_85,experiment1
1,10.0958047947638,1,83,12.4534803045134,2.5,1,TRUE,TRUE,1,SSP3_7_0,AM_85,experiment1
1,12.948834088594,1,83,12.4534803045134,2.5,1,TRUE,TRUE,1,SSP3_7_0,AM_85,experiment1
1,12.2335561366593,1,83,12.4534803045134,2.5,1,TRUE,TRUE,1,SSP3_7_0,AM_85,experiment1
1,10.8704008658029,1,83,12.4534803045134,2.5,1,TRUE,TRUE,1,SSP3_7_0,AM_85,experiment1
1,12.88497361622,1,83,12.4534803045134,2.5,1,TRUE,TRUE,1,SSP3_7_0,AM_85,experiment1
1,9.64480568031808,1,83,12.4534803045134,2.5,1,TRUE,TRUE,1,SSP3_7_0,AM_85,experiment1
1,11.6806680490123,1,83,12.4534803045134,2.5,1,TRUE,TRUE,1,SSP3_7_0,AM_85,experiment1
1,11.7249560657913,1,83,12.4534803045134,2.5,1,TRUE,TRUE,1,SSP3_7_0,AM_85,experiment1
1,12.6024677258087,1,83,12.4534803045134,2.5,1,TRUE,TRUE,1,SSP3_7_0,AM_85,experiment1
1,13.2524174906792,1,83,12.4534803045134,2.5,1,TRUE,TRUE,1,SSP3_7_0,AM_85,experiment1
1,12.6745883555797,1,83,12.4534803045134,2.5,1,TRUE,TRUE,1,SSP3_7_0,AM_85,experiment1
1,12.241720566478,1,83,12.4534803045134,2.5,1,TRUE,TRUE,1,SSP3_7_0,AM_85,experiment1
1,9.45712420389776,1,83,12.4534803045134,2.5,1,TRUE,TRUE,1,SSP3_7_0,AM_85,experiment1
1,14.2497796610266,1,83,12.4534803045134,2.5,1,TRUE,TRUE,1,SSP3_7_0,AM_85,experiment1
1,10.8538084225783,1,83,12.4534803045134,2.5,1,TRUE,TRUE,1,SSP3_7_0,AM_85,experiment1
1,13.0395748574649,1,83,12.4534803045134,2.5,1,TRUE,TRUE,1,SSP3_7_0,AM_85,experiment1
1,11.7766789094987,1,83,12.4534803045134,2.5,1,TRUE,TRUE,1,SSP3_7_0,AM_85,experiment1
1,11.398886389655,1,83,12.4534803045134,2.5,1,TRUE,TRUE,1,SSP3_7_0,AM_85,experiment1
1,11.3432601402154,1,83,12.4534803045134,2.5,1,TRUE,TRUE,1,SSP3_7_0,AM_85,experiment1
1,13.1090130597415,1,83,12.4534803045134,2.5,1,TRUE,TRUE,1,SSP3_7_0,AM_85,experiment1
1,13.4244465533877,1,83,12.4534803045134,2.5,1,TRUE,TRUE,1,SSP3_7_0,AM_85,experiment1
1,11.1858919193665,1,83,12.4534803045134,2.5,1,TRUE,TRUE,1,SSP3_7_0,AM_85,experiment1
1,9.65643991492781,1,83,12.4534803045134,2.5,1,TRUE,TRUE,1,SSP3_7_0,AM_85,experiment1
1,13.5837993859979,1,83,12.4534803045134,2.5,1,TRUE,TRUE,1,SSP3_7_0,AM_85,experiment1
1,13.0608909801253,1,83,12.4534803045134,2.5,1,TRUE,TRUE,1,SSP3_7_0,AM_85,experiment1
1,12.7235929381788,1,83,12.4534803045134,2.5,1,TRUE,TRUE,1,SSP3_7_0,AM_85,experiment1
1,11.4057052573565,1,83,12.4534803045134,2.5,1,TRUE,TRUE,1,SSP3_7_0,AM_85,experiment1
1,11.8074161661055,1,83,12.4534803045134,2.5,1,TRUE,TRUE,1,SSP3_7_0,AM_85,experiment1
1,11.047356105596,1,83,12.4534803045134,2.5,1,TRUE,TRUE,1,SSP3_7_0,AM_85,experiment1
1,12.5874746252157,1,83,12.4534803045134,2.5,1,TRUE,TRUE,1,SSP3_7_0,AM_85,experiment1
1,12.4710140961515,1,83,12.4534803045134,2.5,1,TRUE,TRUE,1,SSP3_7_0,AM_85,experiment1
1,13.3852852896253,1,83,12.4534803045134,2.5,1,TRUE,TRUE,1,SSP3_7_0,AM_85,experiment1
1,12.5721945505554,1,83,12.4534803045134,2.5,1,TRUE,TRUE,1,SSP3_7_0,AM_85,experiment1
1,11.8053200845832,1,83,12.4534803045134,2.5,1,TRUE,TRUE,1,SSP3_7_0,AM_85,experiment1
1,12.1345190018125,1,83,12.4534803045134,2.5,1,TRUE,TRUE,1,SSP3_7_0,AM_85,experiment1
1,12.6099679975677,1,83,12.4534803045134,2.5,1,TRUE,TRUE,1,SSP3_7_0,AM_85,experiment1
1,13.0239008138009,1,83,12.4534803045134,2.5,1,TRUE,TRUE,1,SSP3_7_0,AM_85,experiment1
1,12.3238779191532,1,83,12.4534803045134,2.5,1,TRUE,TRUE,1,SSP3_7_0,AM_85,experiment1
1,14.0568442961743,1,83,12.4534803045134,2.5,1,TRUE,TRUE,1,SSP3_7_0,AM_85,experiment1
1,11.4576060971907,1,83,12.4534803045134,2.5,1,TRUE,TRUE,1,SSP3_7_0,AM_85,experiment1
1,12.428297234655,1,83,12.4534803045134,2.5,1,TRUE,TRUE,1,SSP3_7_0,AM_85,experiment1
1,12.8673456716605,1,83,12.4534803045134,2.5,1,TRUE,TRUE,1,SSP3_7_0,AM_85,experiment1
1,12.9977963174142,1,83,12.4534803045134,2.5,1,TRUE,TRUE,1,SSP3_7_0,AM_85,experiment1
1,9.72364590606487,1,83,12.4534803045134,2.5,1,TRUE,TRUE,1,SSP3_7_0,AM_85,experiment1
1,13.188821909967,1,83,12.4534803045134,2.5,1,TRUE,TRUE,1,SSP3_7_0,AM_85,experiment1
1,11.1691245272758,1,83,12.4534803045134,2.5,1,TRUE,TRUE,1,SSP3_7_0,AM_85,experiment1
1,2.53163125,1,83,12.4534803045134,2.5,1,TRUE,TRUE,1,SSP3_7_0,AM_85,experiment1
1,8.9024810955661,1,83,12.4534803045134,2.5,1,TRUE,TRUE,1,SSP3_7_0,AM_85,experiment1
1,12.0468087340311,1,83,12.4534803045134,2.5,1,TRUE,TRUE,1,SSP3_7_0,AM_85,experiment1
1,10.9648673642432,1,83,12.4534803045134,2.5,1,TRUE,TRUE,1,SSP3_7_0,AM_85,experiment1
1,10.4985651912166,1,83,12.4534803045134,2.5,1,TRUE,TRUE,1,SSP3_7_0,AM_85,experiment1
1,11.2823563732901,1,83,12.4534803045134,2.5,1,TRUE,TRUE,1,SSP3_7_0,AM_85,experiment1
1,11.9631920712784,1,83,12.4534803045134,2.5,1,TRUE,TRUE,1,SSP3_7_0,AM_85,experiment1
1,10.4978222852455,1,83,12.4534803045134,2.5,1,TRUE,TRUE,1,SSP3_7_0,AM_85,experiment1
1,12.4088043571968,1,83,12.4534803045134,2.5,1,TRUE,TRUE,1,SSP3_7_0,AM_85,experiment1
1,9.26469843567749,1,83,12.4534803045134,2.5,1,TRUE,TRUE,1,SSP3_7_0,AM_85,experiment1
1,13.0525535007131,1,83,12.4534803045134,2.5,1,TRUE,TRUE,1,SSP3_7_0,AM_85,experiment1
1,12.9302650285825,1,83,12.4534803045134,2.5,1,TRUE,TRUE,1,SSP3_7_0,AM_85,experiment1
1,12.5368925020688,1,83,12.4534803045134,2.5,1,TRUE,TRUE,1,SSP3_7_0,AM_85,experiment1
1,5.76137649222847,1,83,12.4534803045134,2.5,1,TRUE,TRUE,1,SSP3_7_0,AM_85,experiment1
1,10.5804657694684,1,83,12.4534803045134,2.5,1,TRUE,TRUE,1,SSP3_7_0,AM_85,experiment1
1,12.0116447138727,1,83,12.4534803045134,2.5,1,TRUE,TRUE,1,SSP3_7_0,AM_85,experiment1
1,12.1605470237065,1,83,12.4534803045134,2.5,1,TRUE,TRUE,1,SSP3_7_0,AM_85,experiment1
1,12.0714597455416,1,83,12.4534803045134,2.5,1,TRUE,TRUE,1,SSP3_7_0,AM_85,experiment1
1,12.4812172359256,1,83,12.4534803045134,2.5,1,TRUE,TRUE,1,SSP3_7_0,AM_85,experiment1
1,11.2614843923855,1,83,12.4534803045134,2.5,1,TRUE,TRUE,1,SSP3_7_0,AM_85,experiment1
1,12.1667496341288,1,83,12.4534803045134,2.5,1,TRUE,TRUE,1,SSP3_7_0,AM_85,experiment1
1,11.6168303824336,1,83,12.4534803045134,2.5,1,TRUE,TRUE,1,SSP3_7_0,AM_85,experiment1
1,10.7726643929216,1,83,12.4534803045134,2.5,1,TRUE,TRUE,1,SSP3_7_0,AM_85,experiment1
1,13.5235862543478,1,83,12.4534803045134,2.5,1,TRUE,TRUE,1,SSP3_7_0,AM_85,experiment1
1,11.4855854149631,1,83,12.4534803045134,2.5,1,TRUE,TRUE,1,SSP3_7_0,AM_85,experiment1
1,11.0232613201908,1,83,12.4534803045134,2.5,1,TRUE,TRUE,1,SSP3_7_0,AM_85,experiment1
1,12.036443477427,1,83,12.4534803045134,2.5,1,TRUE,TRUE,1,SSP3_7_0,AM_85,experiment1
1,13.0990307444541,1,83,12.4534803045134,2.5,1,TRUE,TRUE,1,SSP3_7_0,AM_85,experiment1
1,11.0080946518133,1,83,12.4534803045134,2.5,1,TRUE,TRUE,1,SSP3_7_0,AM_85,experiment1
1,11.8895017370366,1,83,12.4534803045134,2.5,1,TRUE,TRUE,1,SSP3_7_0,AM_85,experiment1
1,12.6902051173634,1,83,12.4534803045134,2.5,1,TRUE,TRUE,1,SSP3_7_0,AM_85,experiment1
1,11.5573650972961,1,83,12.4534803045134,2.5,1,TRUE,TRUE,1,SSP3_7_0,AM_85,experiment1
1,11.5195690023211,1,83,12.4534803045134,2.5,1,TRUE,TRUE,1,SSP3_7_0,AM_85,experiment1
1,13.4081905248164,1,83,12.4534803045134,2.5,1,TRUE,TRUE,1,SSP3_7_0,AM_85,experiment1
1,13.5217897390221,1,83,12.4534803045134,2.5,1,TRUE,TRUE,1,SSP3_7_0,AM_85,experiment1
1,8.87466833724365,1,83,12.4534803045134,2.5,1,TRUE,TRUE,1,SSP3_7_0,AM_85,experiment1
1,12.3321105634639,1,83,12.4534803045134,2.5,1,TRUE,TRUE,1,SSP3_7_0,AM_85,experiment1
1,11.9334226466027,1,83,12.4534803045134,2.5,1,TRUE,TRUE,1,SSP3_7_0,AM_85,experiment1
1,10.5386626912208,1,83,12.4534803045134,2.5,1,TRUE,TRUE,1,SSP3_7_0,AM_85,experiment1
1,10.1477056601461,1,83,12.4534803045134,2.5,1,TRUE,TRUE,1,SSP3_7_0,AM_85,experiment1
1,11.8110409510205,1,83,12.4534803045134,2.5,1,TRUE,TRUE,1,SSP3_7_0,AM_85,experiment1
1,12.7418287536461,1,83,12.4534803045134,2.5,1,TRUE,TRUE,1,SSP3_7_0,AM_85,experiment1
1,11.4313205522684,1,83,12.4534803045134,2.5,1,TRUE,TRUE,1,SSP3_7_0,AM_85,experiment1
1,10.9810880027871,1,83,12.4534803045134,2.5,1,TRUE,TRUE,1,SSP3_7_0,AM_85,experiment1
1,11.3351489922281,1,83,12.4534803045134,2.5,1,TRUE,TRUE,1,SSP3_7_0,AM_85,experiment1
1,13.4348008527218,1,83,12.4534803045134,2.5,1,TRUE,TRUE,1,SSP3_7_0,AM_85,experiment1
1,11.4437700856325,1,83,12.4534803045134,2.5,1,TRUE,TRUE,1,SSP3_7_0,AM_85,experiment1
1,12.4739887511197,1,83,12.4534803045134,2.5,1,TRUE,TRUE,1,SSP3_7_0,AM_85,experiment1
1,13.3809387522249,1,83,12.4534803045134,2.5,1,TRUE,TRUE,1,SSP3_7_0,AM_85,experiment1
1,12.9780099351425,1,83,12.4534803045134,2.5,1,TRUE,TRUE,1,SSP3_7_0,AM_85,experiment1
1,10.9986272407008,1,83,12.4534803045134,2.5,1,TRUE,TRUE,1,SSP3_7_0,AM_85,experiment1
1,10.6644713368597,1,83,12.4534803045134,2.5,1,TRUE,TRUE,1,SSP3_7_0,AM_85,experiment1
1,11.9889935189555,1,83,12.4534803045134,2.5,1,TRUE,TRUE,1,SSP3_7_0,AM_85,experiment1
1,11.3047644928928,1,83,12.4534803045134,2.5,1,TRUE,TRUE,1,SSP3_7_0,AM_85,experiment1
1,13.5055736127942,1,83,12.4534803045134,2.5,1,TRUE,TRUE,1,SSP3_7_0,AM_85,experiment1
1,12.6483561109486,1,83,12.4534803045134,2.5,1,TRUE,TRUE,1,SSP3_7_0,AM_85,experiment1
1,12.4979018005284,1,83,12.4534803045134,2.5,1,TRUE,TRUE,1,SSP3_7_0,AM_85,experiment1
1,12.6702297877893,1,83,12.4534803045134,2.5,1,TRUE,TRUE,1,SSP3_7_0,AM_85,experiment1
1,11.2227027359212,1,83,12.4534803045134,2.5,1,TRUE,TRUE,1,SSP3_7_0,AM_85,experiment1
1,10.4213697809711,1,83,12.4534803045134,2.5,1,TRUE,TRUE,1,SSP3_7_0,AM_85,experiment1
1,9.00969746453111,1,83,12.4534803045134,2.5,1,TRUE,TRUE,1,SSP3_7_0,AM_85,experiment1
1,12.1969182341786,1,83,12.4534803045134,2.5,1,TRUE,TRUE,1,SSP3_7_0,AM_85,experiment1
1,8.0871865338364,1,83,12.4534803045134,2.5,1,TRUE,TRUE,1,SSP3_7_0,AM_85,experiment1
1,12.4175113092107,1,83,12.4534803045134,2.5,1,TRUE,TRUE,1,SSP3_7_0,AM_85,experiment1
1,9.39962176568345,1,83,12.4534803045134,2.5,1,TRUE,TRUE,1,SSP3_7_0,AM_85,experiment1
1,12.1259048394746,1,83,12.4534803045134,2.5,1,TRUE,TRUE,1,SSP3_7_0,AM_85,experiment1
1,12.5925631068314,1,83,12.4534803045134,2.5,1,TRUE,TRUE,1,SSP3_7_0,AM_85,experiment1
1,12.3147982225917,1,83,12.4534803045134,2.5,1,TRUE,TRUE,1,SSP3_7_0,AM_85,experiment1
1,13.0567342038781,1,83,12.4534803045134,2.5,1,TRUE,TRUE,1,SSP3_7_0,AM_85,experiment1
1,12.3619117874261,1,83,12.4534803045134,2.5,1,TRUE,TRUE,1,SSP3_7_0,AM_85,experiment1
1,11.1635127016124,1,83,12.4534803045134,2.5,1,TRUE,TRUE,1,SSP3_7_0,AM_85,experiment1
1,7.57631597186376,1,83,12.4534803045134,2.5,1,TRUE,TRUE,1,SSP3_7_0,AM_85,experiment1
1,12.7609221458921,1,83,12.4534803045134,2.5,1,TRUE,TRUE,1,SSP3_7_0,AM_85,experiment1
1,14.2847794136291,1,83,12.4534803045134,2.5,1,TRUE,TRUE,1,SSP3_7_0,AM_85,experiment1
1,11.9452451439634,1,83,12.4534803045134,2.5,1,TRUE,TRUE,1,SSP3_7_0,AM_85,experiment1
1,8.59745326912939,1,83,12.4534803045134,2.5,1,TRUE,TRUE,1,SSP3_7_0,AM_85,experiment1
1,11.1757692954976,1,83,12.4534803045134,2.5,1,TRUE,TRUE,1,SSP3_7_0,AM_85,experiment1
1,13.1664490271485,1,83,12.4534803045134,2.5,1,TRUE,TRUE,1,SSP3_7_0,AM_85,experiment1
1,11.0176702034314,1,83,12.4534803045134,2.5,1,TRUE,TRUE,1,SSP3_7_0,AM_85,experiment1
1,9.27281011905469,1,83,12.4534803045134,2.5,1,TRUE,TRUE,1,SSP3_7_0,AM_85,experiment1
1,13.062013832604,1,83,12.4534803045134,2.5,1,TRUE,TRUE,1,SSP3_7_0,AM_85,experiment1
1,11.1724613829299,1,83,12.4534803045134,2.5,1,TRUE,TRUE,1,SSP3_7_0,AM_85,experiment1
1,10.4317533537096,1,83,12.4534803045134,2.5,1,TRUE,TRUE,1,SSP3_7_0,AM_85,experiment1
1,10.1964306349202,1,83,12.4534803045134,2.5,1,TRUE,TRUE,1,SSP3_7_0,AM_85,experiment1
1,11.4532239749716,1,83,12.4534803045134,2.5,1,TRUE,TRUE,1,SSP3_7_0,AM_85,experiment1
1,13.1337529324618,1,83,12.4534803045134,2.5,1,TRUE,TRUE,1,SSP3_7_0,AM_85,experiment1
1,8.46339289166073,1,83,12.4534803045134,2.5,1,TRUE,TRUE,1,SSP3_7_0,AM_85,experiment1
1,12.6566344001147,1,83,12.4534803045134,2.5,1,TRUE,TRUE,1,SSP3_7_0,AM_85,experiment1
1,11.2532062473555,1,83,12.4534803045134,2.5,1,TRUE,TRUE,1,SSP3_7_0,AM_85,experiment1
1,12.188373368227,1,83,12.4534803045134,2.5,1,TRUE,TRUE,1,SSP3_7_0,AM_85,experiment1
1,12.529235191038,1,83,12.4534803045134,2.5,1,TRUE,TRUE,1,SSP3_7_0,AM_85,experiment1
1,13.7092607036531,1,83,12.4534803045134,2.5,1,TRUE,TRUE,1,SSP3_7_0,AM_85,experiment1
1,13.1522248474285,1,83,12.4534803045134,2.5,1,TRUE,TRUE,1,SSP3_7_0,AM_85,experiment1
1,12.6330799809735,1,83,12.4534803045134,2.5,1,TRUE,TRUE,1,SSP3_7_0,AM_85,experiment1
1,10.9085423224661,1,83,12.4534803045134,2.5,1,TRUE,TRUE,1,SSP3_7_0,AM_85,experiment1
1,8.76611567206071,1,83,12.4534803045134,2.5,1,TRUE,TRUE,1,SSP3_7_0,AM_85,experiment1
1,5.98060978948268,1,83,12.4534803045134,2.5,1,TRUE,TRUE,1,SSP3_7_0,AM_85,experiment1
1,11.5586839777681,1,83,12.4534803045134,2.5,1,TRUE,TRUE,1,SSP3_7_0,AM_85,experiment1
1,12.6753699879267,1,83,12.4534803045134,2.5,1,TRUE,TRUE,1,SSP3_7_0,AM_85,experiment1
1,11.2288988827556,1,83,12.4534803045134,2.5,1,TRUE,TRUE,1,SSP3_7_0,AM_85,experiment1
1,9.78823854988802,1,83,12.4534803045134,2.5,1,TRUE,TRUE,1,SSP3_7_0,AM_85,experiment1
1,13.9619816875724,1,83,12.4534803045134,2.5,1,TRUE,TRUE,1,SSP3_7_0,AM_85,experiment1
1,11.2484226312989,1,83,12.4534803045134,2.5,1,TRUE,TRUE,1,SSP3_7_0,AM_85,experiment1
1,11.8702926366373,1,83,12.4534803045134,2.5,1,TRUE,TRUE,1,SSP3_7_0,AM_85,experiment1
1,12.5500001465867,1,83,12.4534803045134,2.5,1,TRUE,TRUE,1,SSP3_7_0,AM_85,experiment1
1,10.7619037016323,1,83,12.4534803045134,2.5,1,TRUE,TRUE,1,SSP3_7_0,AM_85,experiment1
1,11.7641758886041,1,83,12.4534803045134,2.5,1,TRUE,TRUE,1,SSP3_7_0,AM_85,experiment1
1,12.3454118174627,1,83,12.4534803045134,2.5,1,TRUE,TRUE,1,SSP3_7_0,AM_85,experiment1
1,11.5521077784218,1,83,12.4534803045134,2.5,1,TRUE,TRUE,1,SSP3_7_0,AM_85,experiment1
1,12.787760805276,1,83,12.4534803045134,2.5,1,TRUE,TRUE,1,SSP3_7_0,AM_85,experiment1
1,10.4115952560236,1,83,12.4534803045134,2.5,1,TRUE,TRUE,1,SSP3_7_0,AM_85,experiment1
1,11.4879336564949,1,83,12.4534803045134,2.5,1,TRUE,TRUE,1,SSP3_7_0,AM_85,experiment1
1,10.1360148533707,1,83,12.4534803045134,2.5,1,TRUE,TRUE,1,SSP3_7_0,AM_85,experiment1
1,9.34529849259849,1,83,12.4534803045134,2.5,1,TRUE,TRUE,1,SSP3_7_0,AM_85,experiment1
1,10.634830666465,1,83,12.4534803045134,2.5,1,TRUE,TRUE,1,SSP3_7_0,AM_85,experiment1
1,12.5218473944107,1,83,12.4534803045134,2.5,1,TRUE,TRUE,1,SSP3_7_0,AM_85,experiment1
1,13.9297689025788,1,83,12.4534803045134,2.5,1,TRUE,TRUE,1,SSP3_7_0,AM_85,experiment1
1,12.3321586401434,1,83,12.4534803045134,2.5,1,TRUE,TRUE,1,SSP3_7_0,AM_85,experiment1
1,10.7465357994517,1,83,12.4534803045134,2.5,1,TRUE,TRUE,1,SSP3_7_0,AM_85,experiment1
1,11.1794421703898,1,83,12.4534803045134,2.5,1,TRUE,TRUE,1,SSP3_7_0,AM_85,experiment1
1,11.172733266208,1,83,12.4534803045134,2.5,1,TRUE,TRUE,1,SSP3_7_0,AM_85,experiment1
1,12.3057013370622,1,83,12.4534803045134,2.5,1,TRUE,TRUE,1,SSP3_7_0,AM_85,experiment1
1,12.3272817703224,1,83,12.4534803045134,2.5,1,TRUE,TRUE,1,SSP3_7_0,AM_85,experiment1
1,13.1764634753358,1,83,12.4534803045134,2.5,1,TRUE,TRUE,1,SSP3_7_0,AM_85,experiment1
1,14.1280594053847,1,83,12.4534803045134,2.5,1,TRUE,TRUE,1,SSP3_7_0,AM_85,experiment1
1,12.9768873979029,1,83,12.4534803045134,2.5,1,TRUE,TRUE,1,SSP3_7_0,AM_85,experiment1
1,12.287399727442,1,83,12.4534803045134,2.5,1,TRUE,TRUE,1,SSP3_7_0,AM_85,experiment1
1,13.7203655689064,1,83,12.4534803045134,2.5,1,TRUE,TRUE,1,SSP3_7_0,AM_85,experiment1
1,11.6095467979957,1,83,12.4534803045134,2.5,1,TRUE,TRUE,1,SSP3_7_0,AM_85,experiment1
1,13.3091179422619,1,83,12.4534803045134,2.5,1,TRUE,TRUE,1,SSP3_7_0,AM_85,experiment1
1,12.9456113941668,1,83,12.4534803045134,2.5,1,TRUE,TRUE,1,SSP3_7_0,AM_85,experiment1
1,11.8449560256371,1,83,12.4534803045134,2.5,1,TRUE,TRUE,1,SSP3_7_0,AM_85,experiment1
1,11.7663815955095,1,83,12.4534803045134,2.5,1,TRUE,TRUE,1,SSP3_7_0,AM_85,experiment1
1,9.64788791370902,1,83,12.4534803045134,2.5,1,TRUE,TRUE,1,SSP3_7_0,AM_85,experiment1
1,11.1097790277905,1,83,12.4534803045134,2.5,1,TRUE,TRUE,1,SSP3_7_0,AM_85,experiment1
1,10.8035767070561,1,83,12.4534803045134,2.5,1,TRUE,TRUE,1,SSP3_7_0,AM_85,experiment1
1,13.5370207880732,1,83,12.4534803045134,2.5,1,TRUE,TRUE,1,SSP3_7_0,AM_85,experiment1
1,13.1941556241171,1,83,12.4534803045134,2.5,1,TRUE,TRUE,1,SSP3_7_0,AM_85,experiment1
1,12.4767018303952,1,83,12.4534803045134,2.5,1,TRUE,TRUE,1,SSP3_7_0,AM_85,experiment1
1,12.3494025249977,1,83,12.4534803045134,2.5,1,TRUE,TRUE,1,SSP3_7_0,AM_85,experiment1
1,9.34078217925966,1,83,12.4534803045134,2.5,1,TRUE,TRUE,1,SSP3_7_0,AM_85,experiment1
1,11.4008304320757,1,83,12.4534803045134,2.5,1,TRUE,TRUE,1,SSP3_7_0,AM_85,experiment1
1,13.5428472919539,1,83,12.4534803045134,2.5,1,TRUE,TRUE,1,SSP3_7_0,AM_85,experiment1
1,12.6437781301834,1,83,12.4534803045134,2.5,1,TRUE,TRUE,1,SSP3_7_0,AM_85,experiment1
1,12.9727202171676,1,83,12.4534803045134,2.5,1,TRUE,TRUE,1,SSP3_7_0,AM_85,experiment1
1,9.96316618007104,1,83,12.4534803045134,2.5,1,TRUE,TRUE,1,SSP3_7_0,AM_85,experiment1
1,12.271107806363,1,83,12.4534803045134,2.5,1,TRUE,TRUE,1,SSP3_7_0,AM_85,experiment1
1,12.7873092991126,1,83,12.4534803045134,2.5,1,TRUE,TRUE,1,SSP3_7_0,AM_85,experiment1
1,7.30235070777938,1,83,12.4534803045134,2.5,1,TRUE,TRUE,1,SSP3_7_0,AM_85,experiment1
1,8.48591821021393,1,83,12.4534803045134,2.5,1,TRUE,TRUE,1,SSP3_7_0,AM_85,experiment1
1,13.0670177342694,1,83,12.4534803045134,2.5,1,TRUE,TRUE,1,SSP3_7_0,AM_85,experiment1
1,9.96402571315038,1,83,12.4534803045134,2.5,1,TRUE,TRUE,1,SSP3_7_0,AM_85,experiment1
1,11.0224653048457,1,83,12.4534803045134,2.5,1,TRUE,TRUE,1,SSP3_7_0,AM_85,experiment1
1,4.09753446328125,1,83,12.4534803045134,2.5,1,TRUE,TRUE,1,SSP3_7_0,AM_85,experiment1
1,11.2362217290353,1,83,12.4534803045134,2.5,1,TRUE,TRUE,1,SSP3_7_0,AM_85,experiment1
1,12.373487393393,1,83,12.4534803045134,2.5,1,TRUE,TRUE,1,SSP3_7_0,AM_85,experiment1
1,10.7372056952549,1,83,12.4534803045134,2.5,1,TRUE,TRUE,1,SSP3_7_0,AM_85,experiment1
1,10.7851435057414,1,83,12.4534803045134,2.5,1,TRUE,TRUE,1,SSP3_7_0,AM_85,experiment1
1,12.5711956752687,1,83,12.4534803045134,2.5,1,TRUE,TRUE,1,SSP3_7_0,AM_85,experiment1
1,12.2767617908207,1,83,12.4534803045134,2.5,1,TRUE,TRUE,1,SSP3_7_0,AM_85,experiment1
1,10.3902319525646,1,83,12.4534803045134,2.5,1,TRUE,TRUE,1,SSP3_7_0,AM_85,experiment1
1,13.2652376098744,1,83,12.4534803045134,2.5,1,TRUE,TRUE,1,SSP3_7_0,AM_85,experiment1
1,12.5647479622907,1,83,12.4534803045134,2.5,1,TRUE,TRUE,1,SSP3_7_0,AM_85,experiment1
1,12.7255903400165,1,83,12.4534803045134,2.5,1,TRUE,TRUE,1,SSP3_7_0,AM_85,experiment1
1,8.57418925994939,1,83,12.4534803045134,2.5,1,TRUE,TRUE,1,SSP3_7_0,AM_85,experiment1
1,10.8133231557524,1,83,12.4534803045134,2.5,1,TRUE,TRUE,1,SSP3_7_0,AM_85,experiment1
1,11.3175095340551,1,83,12.4534803045134,2.5,1,TRUE,TRUE,1,SSP3_7_0,AM_85,experiment1
1,9.88903793285776,1,83,12.4534803045134,2.5,1,TRUE,TRUE,1,SSP3_7_0,AM_85,experiment1
1,9.34770030031319,1,83,12.4534803045134,2.5,1,TRUE,TRUE,1,SSP3_7_0,AM_85,experiment1
1,11.2741197240172,1,83,12.4534803045134,2.5,1,TRUE,TRUE,1,SSP3_7_0,AM_85,experiment1
1,9.35972339433286,1,83,12.4534803045134,2.5,1,TRUE,TRUE,1,SSP3_7_0,AM_85,experiment1
1,10.9165966290602,1,83,12.4534803045134,2.5,1,TRUE,TRUE,1,SSP3_7_0,AM_85,experiment1
1,12.6598504651953,1,83,12.4534803045134,2.5,1,TRUE,TRUE,1,SSP3_7_0,AM_85,experiment1
1,12.4971247117372,1,83,12.4534803045134,2.5,1,TRUE,TRUE,1,SSP3_7_0,AM_85,experiment1
1,11.9190688662516,1,83,12.4534803045134,2.5,1,TRUE,TRUE,1,SSP3_7_0,AM_85,experiment1
1,13.1963783300867,1,83,12.4534803045134,2.5,1,TRUE,TRUE,1,SSP3_7_0,AM_85,experiment1
1,12.2205530037704,1,83,12.4534803045134,2.5,1,TRUE,TRUE,1,SSP3_7_0,AM_85,experiment1
1,12.9537554199117,1,83,12.4534803045134,2.5,1,TRUE,TRUE,1,SSP3_7_0,AM_85,experiment1
1,11.7795762988714,1,83,12.4534803045134,2.5,1,TRUE,TRUE,1,SSP3_7_0,AM_85,experiment1
1,12.6395120087845,1,83,12.4534803045134,2.5,1,TRUE,TRUE,1,SSP3_7_0,AM_85,experiment1
1,11.9815098667949,1,83,12.4534803045134,2.5,1,TRUE,TRUE,1,SSP3_7_0,AM_85,experiment1
1,11.1617391554311,1,83,12.4534803045134,2.5,1,TRUE,TRUE,1,SSP3_7_0,AM_85,experiment1
1,12.5329233456451,1,83,12.4534803045134,2.5,1,TRUE,TRUE,1,SSP3_7_0,AM_85,experiment1
1,10.582314964637,1,83,12.4534803045134,2.5,1,TRUE,TRUE,1,SSP3_7_0,AM_85,experiment1
1,13.1835948985559,1,83,12.4534803045134,2.5,1,TRUE,TRUE,1,SSP3_7_0,AM_85,experiment1
1,12.4887638684501,1,83,12.4534803045134,2.5,1,TRUE,TRUE,1,SSP3_7_0,AM_85,experiment1
1,12.7165488518173,1,83,12.4534803045134,2.5,1,TRUE,TRUE,1,SSP3_7_0,AM_85,experiment1
1,11.7532842602013,1,83,12.4534803045134,2.5,1,TRUE,TRUE,1,SSP3_7_0,AM_85,experiment1
1,11.4893482480815,1,83,12.4534803045134,2.5,1,TRUE,TRUE,1,SSP3_7_0,AM_85,experiment1
1,13.2056896022212,1,83,12.4534803045134,2.5,1,TRUE,TRUE,1,SSP3_7_0,AM_85,experiment1
1,11.4180975144829,1,83,12.4534803045134,2.5,1,TRUE,TRUE,1,SSP3_7_0,AM_85,experiment1
1,12.3335059909603,1,83,12.4534803045134,2.5,1,TRUE,TRUE,1,SSP3_7_0,AM_85,experiment1
1,11.3903785999334,1,83,12.4534803045134,2.5,1,TRUE,TRUE,1,SSP3_7_0,AM_85,experiment1
1,11.9056371488516,1,83,12.4534803045134,2.5,1,TRUE,TRUE,1,SSP3_7_0,AM_85,experiment1
1,13.2577667551169,1,83,12.4534803045134,2.5,1,TRUE,TRUE,1,SSP3_7_0,AM_85,experiment1
1,10.7661963628185,1,83,12.4534803045134,2.5,1,TRUE,TRUE,1,SSP3_7_0,AM_85,experiment1
1,9.44340237373754,1,83,12.4534803045134,2.5,1,TRUE,TRUE,1,SSP3_7_0,AM_85,experiment1
1,7.61772555293638,1,83,12.4534803045134,2.5,1,TRUE,TRUE,1,SSP3_7_0,AM_85,experiment1
1,13.2286998008774,1,83,12.4534803045134,2.5,1,TRUE,TRUE,1,SSP3_7_0,AM_85,experiment1
1,10.7087013676351,1,83,12.4534803045134,2.5,1,TRUE,TRUE,1,SSP3_7_0,AM_85,experiment1
1,12.3132489611268,1,83,12.4534803045134,2.5,1,TRUE,TRUE,1,SSP3_7_0,AM_85,experiment1
1,12.8487334449082,1,83,12.4534803045134,2.5,1,TRUE,TRUE,1,SSP3_7_0,AM_85,experiment1
1,12.6635724661224,1,83,12.4534803045134,2.5,1,TRUE,TRUE,1,SSP3_7_0,AM_85,experiment1
1,12.6080415770791,1,83,12.4534803045134,2.5,1,TRUE,TRUE,1,SSP3_7_0,AM_85,experiment1
1,11.9603607545495,1,83,12.4534803045134,2.5,1,TRUE,TRUE,1,SSP3_7_0,AM_85,experiment1
1,12.2397795466559,1,83,12.4534803045134,2.5,1,TRUE,TRUE,1,SSP3_7_0,AM_85,experiment1
1,12.9751351169438,1,83,12.4534803045134,2.5,1,TRUE,TRUE,1,SSP3_7_0,AM_85,experiment1
1,13.2847081884425,1,83,12.4534803045134,2.5,1,TRUE,TRUE,1,SSP3_7_0,AM_85,experiment1
1,11.392699916134,1,83,12.4534803045134,2.5,1,TRUE,TRUE,1,SSP3_7_0,AM_85,experiment1
1,12.7261618068575,1,83,12.4534803045134,2.5,1,TRUE,TRUE,1,SSP3_7_0,AM_85,experiment1
1,13.3908939706003,1,83,12.4534803045134,2.5,1,TRUE,TRUE,1,SSP3_7_0,AM_85,experiment1
1,10.9565048230699,1,83,12.4534803045134,2.5,1,TRUE,TRUE,1,SSP3_7_0,AM_85,experiment1
1,12.2055581658319,1,83,12.4534803045134,2.5,1,TRUE,TRUE,1,SSP3_7_0,AM_85,experiment1
1,13.1190105525331,1,83,12.4534803045134,2.5,1,TRUE,TRUE,1,SSP3_7_0,AM_85,experiment1
1,11.9618377265988,1,83,12.4534803045134,2.5,1,TRUE,TRUE,1,SSP3_7_0,AM_85,experiment1
1,13.2969510171369,1,83,12.4534803045134,2.5,1,TRUE,TRUE,1,SSP3_7_0,AM_85,experiment1
1,12.4632100969077,1,83,12.4534803045134,2.5,1,TRUE,TRUE,1,SSP3_7_0,AM_85,experiment1
1,10.4165866102571,1,83,12.4534803045134,2.5,1,TRUE,TRUE,1,SSP3_7_0,AM_85,experiment1
1,9.47141570078808,1,83,12.4534803045134,2.5,1,TRUE,TRUE,1,SSP3_7_0,AM_85,experiment1
1,10.6261478415008,1,83,12.4534803045134,2.5,1,TRUE,TRUE,1,SSP3_7_0,AM_85,experiment1
1,12.889408195422,1,83,12.4534803045134,2.5,1,TRUE,TRUE,1,SSP3_7_0,AM_85,experiment1
1,6.51778943424586,1,83,12.4534803045134,2.5,1,TRUE,TRUE,1,SSP3_7_0,AM_85,experiment1
1,12.0125401136074,1,83,12.4534803045134,2.5,1,TRUE,TRUE,1,SSP3_7_0,AM_85,experiment1
1,10.3569277258839,1,83,12.4534803045134,2.5,1,TRUE,TRUE,1,SSP3_7_0,AM_85,experiment1
1,11.9319466199935,1,83,12.4534803045134,2.5,1,TRUE,TRUE,1,SSP3_7_0,AM_85,experiment1
1,11.3000536893467,1,83,12.4534803045134,2.5,1,TRUE,TRUE,1,SSP3_7_0,AM_85,experiment1
1,1.626875,1,83,12.4534803045134,2.5,1,TRUE,TRUE,1,SSP3_7_0,AM_85,experiment1
1,12.202077114805,1,83,12.4534803045134,2.5,1,TRUE,TRUE,1,SSP3_7_0,AM_85,experiment1
1,4.85207411488281,1,83,12.4534803045134,2.5,1,TRUE,TRUE,1,SSP3_7_0,AM_85,experiment1
1,13.4830278391981,1,83,12.4534803045134,2.5,1,TRUE,TRUE,1,SSP3_7_0,AM_85,experiment1
1,12.1526262982019,1,83,12.4534803045134,2.5,1,TRUE,TRUE,1,SSP3_7_0,AM_85,experiment1
1,12.3229784735638,1,83,12.4534803045134,2.5,1,TRUE,TRUE,1,SSP3_7_0,AM_85,experiment1
1,11.6959288899891,1,83,12.4534803045134,2.5,1,TRUE,TRUE,1,SSP3_7_0,AM_85,experiment1
1,12.3867507995013,1,83,12.4534803045134,2.5,1,TRUE,TRUE,1,SSP3_7_0,AM_85,experiment1
1,11.6892615369765,1,83,12.4534803045134,2.5,1,TRUE,TRUE,1,SSP3_7_0,AM_85,experiment1
1,11.4956518615617,1,83,12.4534803045134,2.5,1,TRUE,TRUE,1,SSP3_7_0,AM_85,experiment1
1,12.5187286290627,1,83,12.4534803045134,2.5,1,TRUE,TRUE,1,SSP3_7_0,AM_85,experiment1
1,9.85817588635419,1,83,12.4534803045134,2.5,1,TRUE,TRUE,1,SSP3_7_0,AM_85,experiment1
1,1.807375,1,83,12.4534803045134,2.5,1,TRUE,TRUE,1,SSP3_7_0,AM_85,experiment1
1,11.6734738932333,1,83,12.4534803045134,2.5,1,TRUE,TRUE,1,SSP3_7_0,AM_85,experiment1
1,11.6219981147091,1,83,12.4534803045134,2.5,1,TRUE,TRUE,1,SSP3_7_0,AM_85,experiment1
1,13.7308908059269,1,83,12.4534803045134,2.5,1,TRUE,TRUE,1,SSP3_7_0,AM_85,experiment1
1,11.5963613416822,1,83,12.4534803045134,2.5,1,TRUE,TRUE,1,SSP3_7_0,AM_85,experiment1
1,10.9755325595253,1,83,12.4534803045134,2.5,1,TRUE,TRUE,1,SSP3_7_0,AM_85,experiment1
1,11.0500406141581,1,83,12.4534803045134,2.5,1,TRUE,TRUE,1,SSP3_7_0,AM_85,experiment1
1,10.9935034317484,1,83,12.4534803045134,2.5,1,TRUE,TRUE,1,SSP3_7_0,AM_85,experiment1
1,12.3396301665751,1,83,12.4534803045134,2.5,1,TRUE,TRUE,1,SSP3_7_0,AM_85,experiment1
1,11.3470943893232,1,83,12.4534803045134,2.5,1,TRUE,TRUE,1,SSP3_7_0,AM_85,experiment1
1,12.2808902251003,1,83,12.4534803045134,2.5,1,TRUE,TRUE,1,SSP3_7_0,AM_85,experiment1
1,13.677394396449,1,83,12.4534803045134,2.5,1,TRUE,TRUE,1,SSP3_7_0,AM_85,experiment1
1,11.0154863134907,1,83,12.4534803045134,2.5,1,TRUE,TRUE,1,SSP3_7_0,AM_85,experiment1
1,12.6514943261827,1,83,12.4534803045134,2.5,1,TRUE,TRUE,1,SSP3_7_0,AM_85,experiment1
1,11.9459443592024,1,83,12.4534803045134,2.5,1,TRUE,TRUE,1,SSP3_7_0,AM_85,experiment1
1,12.4575375643667,1,83,12.4534803045134,2.5,1,TRUE,TRUE,1,SSP3_7_0,AM_85,experiment1
1,13.2224950018437,1,83,12.4534803045134,2.5,1,TRUE,TRUE,1,SSP3_7_0,AM_85,experiment1
1,5.32875261644531,1,83,12.4534803045134,2.5,1,TRUE,TRUE,1,SSP3_7_0,AM_85,experiment1
1,13.4680907903863,1,83,12.4534803045134,2.5,1,TRUE,TRUE,1,SSP3_7_0,AM_85,experiment1
1,2.62188125,1,83,12.4534803045134,2.5,1,TRUE,TRUE,1,SSP3_7_0,AM_85,experiment1
1,13.0881710503088,1,83,12.4534803045134,2.5,1,TRUE,TRUE,1,SSP3_7_0,AM_85,experiment1
1,11.5108663839178,1,83,12.4534803045134,2.5,1,TRUE,TRUE,1,SSP3_7_0,AM_85,experiment1
1,8.69820664753548,1,83,12.4534803045134,2.5,1,TRUE,TRUE,1,SSP3_7_0,AM_85,experiment1
1,11.5975878730886,1,83,12.4534803045134,2.5,1,TRUE,TRUE,1,SSP3_7_0,AM_85,experiment1
1,12.9606326077732,1,83,12.4534803045134,2.5,1,TRUE,TRUE,1,SSP3_7_0,AM_85,experiment1
1,11.9820788437728,1,83,12.4534803045134,2.5,1,TRUE,TRUE,1,SSP3_7_0,AM_85,experiment1
1,12.2891261374326,1,83,12.4534803045134,2.5,1,TRUE,TRUE,1,SSP3_7_0,AM_85,experiment1
1,13.5042143090654,1,83,12.4534803045134,2.5,1,TRUE,TRUE,1,SSP3_7_0,AM_85,experiment1
1,12.4681443885809,1,83,12.4534803045134,2.5,1,TRUE,TRUE,1,SSP3_7_0,AM_85,experiment1
1,13.0388011709192,1,83,12.4534803045134,2.5,1,TRUE,TRUE,1,SSP3_7_0,AM_85,experiment1
1,12.3042322952725,1,83,12.4534803045134,2.5,1,TRUE,TRUE,1,SSP3_7_0,AM_85,experiment1
1,11.434218582229,1,83,12.4534803045134,2.5,1,TRUE,TRUE,1,SSP3_7_0,AM_85,experiment1
1,11.0677336768436,1,83,12.4534803045134,2.5,1,TRUE,TRUE,1,SSP3_7_0,AM_85,experiment1
1,11.3251432201945,1,83,12.4534803045134,2.5,1,TRUE,TRUE,1,SSP3_7_0,AM_85,experiment1
1,8.73236893602735,1,83,12.4534803045134,2.5,1,TRUE,TRUE,1,SSP3_7_0,AM_85,experiment1
1,13.5209897595509,1,83,12.4534803045134,2.5,1,TRUE,TRUE,1,SSP3_7_0,AM_85,experiment1
1,13.7858857683256,1,83,12.4534803045134,2.5,1,TRUE,TRUE,1,SSP3_7_0,AM_85,experiment1
1,13.151900710215,1,83,12.4534803045134,2.5,1,TRUE,TRUE,1,SSP3_7_0,AM_85,experiment1
1,12.5832578862775,1,83,12.4534803045134,2.5,1,TRUE,TRUE,1,SSP3_7_0,AM_85,experiment1
1,11.4322842605417,1,83,12.4534803045134,2.5,1,TRUE,TRUE,1,SSP3_7_0,AM_85,experiment1
1,11.0381615079452,1,83,12.4534803045134,2.5,1,TRUE,TRUE,1,SSP3_7_0,AM_85,experiment1
1,12.777568809899,1,83,12.4534803045134,2.5,1,TRUE,TRUE,1,SSP3_7_0,AM_85,experiment1
1,9.5682309562166,1,83,12.4534803045134,2.5,1,TRUE,TRUE,1,SSP3_7_0,AM_85,experiment1
1,11.3272607926769,1,83,12.4534803045134,2.5,1,TRUE,TRUE,1,SSP3_7_0,AM_85,experiment1
1,11.491215563328,1,83,12.4534803045134,2.5,1,TRUE,TRUE,1,SSP3_7_0,AM_85,experiment1
1,13.1234236498551,1,83,12.4534803045134,2.5,1,TRUE,TRUE,1,SSP3_7_0,AM_85,experiment1
1,11.0325079953924,1,83,12.4534803045134,2.5,1,TRUE,TRUE,1,SSP3_7_0,AM_85,experiment1
1,11.2091842732334,1,83,12.4534803045134,2.5,1,TRUE,TRUE,1,SSP3_7_0,AM_85,experiment1
1,12.4636290065814,1,83,12.4534803045134,2.5,1,TRUE,TRUE,1,SSP3_7_0,AM_85,experiment1
1,8.92900295167756,1,83,12.4534803045134,2.5,1,TRUE,TRUE,1,SSP3_7_0,AM_85,experiment1
1,12.2155822855675,1,83,12.4534803045134,2.5,1,TRUE,TRUE,1,SSP3_7_0,AM_85,experiment1
1,10.9311730290133,1,83,12.4534803045134,2.5,1,TRUE,TRUE,1,SSP3_7_0,AM_85,experiment1
1,13.275112723841,1,83,12.4534803045134,2.5,1,TRUE,TRUE,1,SSP3_7_0,AM_85,experiment1
1,12.2013768661108,1,83,12.4534803045134,2.5,1,TRUE,TRUE,1,SSP3_7_0,AM_85,experiment1
1,10.8351938346754,1,83,12.4534803045134,2.5,1,TRUE,TRUE,1,SSP3_7_0,AM_85,experiment1
1,12.8427403359999,1,83,12.4534803045134,2.5,1,TRUE,TRUE,1,SSP3_7_0,AM_85,experiment1
1,10.7778211758723,1,83,12.4534803045134,2.5,1,TRUE,TRUE,1,SSP3_7_0,AM_85,experiment1
1,12.0878203068866,1,83,12.4534803045134,2.5,1,TRUE,TRUE,1,SSP3_7_0,AM_85,experiment1
1,12.4074561037801,1,83,12.4534803045134,2.5,1,TRUE,TRUE,1,SSP3_7_0,AM_85,experiment1
1,10.6602981611761,1,83,12.4534803045134,2.5,1,TRUE,TRUE,1,SSP3_7_0,AM_85,experiment1
1,12.6650660375846,1,83,12.4534803045134,2.5,1,TRUE,TRUE,1,SSP3_7_0,AM_85,experiment1
1,13.1838013321063,1,83,12.4534803045134,2.5,1,TRUE,TRUE,1,SSP3_7_0,AM_85,experiment1
1,12.448906025105,1,83,12.4534803045134,2.5,1,TRUE,TRUE,1,SSP3_7_0,AM_85,experiment1
1,11.9442631980772,1,83,12.4534803045134,2.5,1,TRUE,TRUE,1,SSP3_7_0,AM_85,experiment1
1,12.5198681810008,1,83,12.4534803045134,2.5,1,TRUE,TRUE,1,SSP3_7_0,AM_85,experiment1
1,9.88272495752926,1,83,12.4534803045134,2.5,1,TRUE,TRUE,1,SSP3_7_0,AM_85,experiment1
1,11.7340662495809,1,83,12.4534803045134,2.5,1,TRUE,TRUE,1,SSP3_7_0,AM_85,experiment1
1,11.8152064834833,1,83,12.4534803045134,2.5,1,TRUE,TRUE,1,SSP3_7_0,AM_85,experiment1
1,12.6786234816264,1,83,12.4534803045134,2.5,1,TRUE,TRUE,1,SSP3_7_0,AM_85,experiment1
1,12.1007954631952,1,83,12.4534803045134,2.5,1,TRUE,TRUE,1,SSP3_7_0,AM_85,experiment1
1,11.0416642667745,1,83,12.4534803045134,2.5,1,TRUE,TRUE,1,SSP3_7_0,AM_85,experiment1
1,10.8979951547937,1,83,12.4534803045134,2.5,1,TRUE,TRUE,1,SSP3_7_0,AM_85,experiment1
1,13.8572472062773,1,83,12.4534803045134,2.5,1,TRUE,TRUE,1,SSP3_7_0,AM_85,experiment1
1,11.6918444069442,1,83,12.4534803045134,2.5,1,TRUE,TRUE,1,SSP3_7_0,AM_85,experiment1
1,10.6204440946821,1,83,12.4534803045134,2.5,1,TRUE,TRUE,1,SSP3_7_0,AM_85,experiment1
1,8.60303140144627,1,83,12.4534803045134,2.5,1,TRUE,TRUE,1,SSP3_7_0,AM_85,experiment1
1,12.8494076179841,1,83,12.4534803045134,2.5,1,TRUE,TRUE,1,SSP3_7_0,AM_85,experiment1
1,12.790302066681,1,83,12.4534803045134,2.5,1,TRUE,TRUE,1,SSP3_7_0,AM_85,experiment1
1,11.957170251251,1,83,12.4534803045134,2.5,1,TRUE,TRUE,1,SSP3_7_0,AM_85,experiment1
1,11.7841856327675,1,83,12.4534803045134,2.5,1,TRUE,TRUE,1,SSP3_7_0,AM_85,experiment1
1,12.6016605630174,1,83,12.4534803045134,2.5,1,TRUE,TRUE,1,SSP3_7_0,AM_85,experiment1
1,12.5970856774602,1,83,12.4534803045134,2.5,1,TRUE,TRUE,1,SSP3_7_0,AM_85,experiment1
1,11.4839256351877,1,83,12.4534803045134,2.5,1,TRUE,TRUE,1,SSP3_7_0,AM_85,experiment1
1,10.4958625758193,1,83,12.4534803045134,2.5,1,TRUE,TRUE,1,SSP3_7_0,AM_85,experiment1
1,13.1339853160097,1,83,12.4534803045134,2.5,1,TRUE,TRUE,1,SSP3_7_0,AM_85,experiment1
1,12.1978480436101,1,83,12.4534803045134,2.5,1,TRUE,TRUE,1,SSP3_7_0,AM_85,experiment1
1,12.6878975801517,1,83,12.4534803045134,2.5,1,TRUE,TRUE,1,SSP3_7_0,AM_85,experiment1
1,9.66391157531149,1,83,12.4534803045134,2.5,1,TRUE,TRUE,1,SSP3_7_0,AM_85,experiment1
1,10.2717563088486,1,83,12.4534803045134,2.5,1,TRUE,TRUE,1,SSP3_7_0,AM_85,experiment1
1,10.4192714288933,1,83,12.4534803045134,2.5,1,TRUE,TRUE,1,SSP3_7_0,AM_85,experiment1
1,9.75637249820804,1,83,12.4534803045134,2.5,1,TRUE,TRUE,1,SSP3_7_0,AM_85,experiment1
1,11.1884669657418,1,83,12.4534803045134,2.5,1,TRUE,TRUE,1,SSP3_7_0,AM_85,experiment1
1,13.0614454471595,1,83,12.4534803045134,2.5,1,TRUE,TRUE,1,SSP3_7_0,AM_85,experiment1
1,8.0908615331518,1,83,12.4534803045134,2.5,1,TRUE,TRUE,1,SSP3_7_0,AM_85,experiment1
1,10.7953741113164,1,83,12.4534803045134,2.5,1,TRUE,TRUE,1,SSP3_7_0,AM_85,experiment1
1,10.7263637336563,1,83,12.4534803045134,2.5,1,TRUE,TRUE,1,SSP3_7_0,AM_85,experiment1
1,12.9727152119119,1,83,12.4534803045134,2.5,1,TRUE,TRUE,1,SSP3_7_0,AM_85,experiment1
1,12.4185792337884,1,83,12.4534803045134,2.5,1,TRUE,TRUE,1,SSP3_7_0,AM_85,experiment1
1,11.7681705038798,1,83,12.4534803045134,2.5,1,TRUE,TRUE,1,SSP3_7_0,AM_85,experiment1
1,10.3149219203597,1,83,12.4534803045134,2.5,1,TRUE,TRUE,1,SSP3_7_0,AM_85,experiment1
1,12.1834837169964,1,83,12.4534803045134,2.5,1,TRUE,TRUE,1,SSP3_7_0,AM_85,experiment1
1,10.8185745325136,1,83,12.4534803045134,2.5,1,TRUE,TRUE,1,SSP3_7_0,AM_85,experiment1
1,11.1917852110305,1,83,12.4534803045134,2.5,1,TRUE,TRUE,1,SSP3_7_0,AM_85,experiment1
1,11.7091346828014,1,83,12.4534803045134,2.5,1,TRUE,TRUE,1,SSP3_7_0,AM_85,experiment1
1,13.3552303059857,1,83,12.4534803045134,2.5,1,TRUE,TRUE,1,SSP3_7_0,AM_85,experiment1
1,8.45757375875466,1,83,12.4534803045134,2.5,1,TRUE,TRUE,1,SSP3_7_0,AM_85,experiment1
1,12.6639679062123,1,83,12.4534803045134,2.5,1,TRUE,TRUE,1,SSP3_7_0,AM_85,experiment1
1,7.94205306981871,1,83,12.4534803045134,2.5,1,TRUE,TRUE,1,SSP3_7_0,AM_85,experiment1
1,9.00924750587803,1,83,12.4534803045134,2.5,1,TRUE,TRUE,1,SSP3_7_0,AM_85,experiment1
1,11.3640282333061,1,83,12.4534803045134,2.5,1,TRUE,TRUE,1,SSP3_7_0,AM_85,experiment1
1,9.67466285586696,1,83,12.4534803045134,2.5,1,TRUE,TRUE,1,SSP3_7_0,AM_85,experiment1
1,12.7916269988316,1,83,12.4534803045134,2.5,1,TRUE,TRUE,1,SSP3_7_0,AM_85,experiment1
1,8.44456274063021,1,83,12.4534803045134,2.5,1,TRUE,TRUE,1,SSP3_7_0,AM_85,experiment1
1,11.1701111332356,1,83,12.4534803045134,2.5,1,TRUE,TRUE,1,SSP3_7_0,AM_85,experiment1
1,13.6986036106142,1,83,12.4534803045134,2.5,1,TRUE,TRUE,1,SSP3_7_0,AM_85,experiment1
1,12.2030408204023,1,83,12.4534803045134,2.5,1,TRUE,TRUE,1,SSP3_7_0,AM_85,experiment1
1,10.727513540637,1,83,12.4534803045134,2.5,1,TRUE,TRUE,1,SSP3_7_0,AM_85,experiment1
1,13.5081932499978,1,83,12.4534803045134,2.5,1,TRUE,TRUE,1,SSP3_7_0,AM_85,experiment1
1,12.2144744151531,1,83,12.4534803045134,2.5,1,TRUE,TRUE,1,SSP3_7_0,AM_85,experiment1
1,3.1339371875,1,83,12.4534803045134,2.5,1,TRUE,TRUE,1,SSP3_7_0,AM_85,experiment1
1,12.4132928893585,1,83,12.4534803045134,2.5,1,TRUE,TRUE,1,SSP3_7_0,AM_85,experiment1
1,12.8147766589459,1,83,12.4534803045134,2.5,1,TRUE,TRUE,1,SSP3_7_0,AM_85,experiment1
1,11.8737906288256,1,83,12.4534803045134,2.5,1,TRUE,TRUE,1,SSP3_7_0,AM_85,experiment1
1,11.9276918621949,1,83,12.4534803045134,2.5,1,TRUE,TRUE,1,SSP3_7_0,AM_85,experiment1
1,12.584909348138,1,83,12.4534803045134,2.5,1,TRUE,TRUE,1,SSP3_7_0,AM_85,experiment1
1,11.9634923112082,1,83,12.4534803045134,2.5,1,TRUE,TRUE,1,SSP3_7_0,AM_85,experiment1
1,13.6977815442166,1,83,12.4534803045134,2.5,1,TRUE,TRUE,1,SSP3_7_0,AM_85,experiment1
1,10.5439432266801,1,83,12.4534803045134,2.5,1,TRUE,TRUE,1,SSP3_7_0,AM_85,experiment1
1,10.4940665538011,1,83,12.4534803045134,2.5,1,TRUE,TRUE,1,SSP3_7_0,AM_85,experiment1
1,11.362923501093,1,83,12.4534803045134,2.5,1,TRUE,TRUE,1,SSP3_7_0,AM_85,experiment1
1,11.9126843878039,1,83,12.4534803045134,2.5,1,TRUE,TRUE,1,SSP3_7_0,AM_85,experiment1
1,12.5773955169495,1,83,12.4534803045134,2.5,1,TRUE,TRUE,1,SSP3_7_0,AM_85,experiment1
1,13.2711025412265,1,83,12.4534803045134,2.5,1,TRUE,TRUE,1,SSP3_7_0,AM_85,experiment1
1,11.5592238541937,1,83,12.4534803045134,2.5,1,TRUE,TRUE,1,SSP3_7_0,AM_85,experiment1
1,12.0694698146875,1,83,12.4534803045134,2.5,1,TRUE,TRUE,1,SSP3_7_0,AM_85,experiment1
1,11.9559894579278,1,83,12.4534803045134,2.5,1,TRUE,TRUE,1,SSP3_7_0,AM_85,experiment1
1,12.2992929785513,1,83,12.4534803045134,2.5,1,TRUE,TRUE,1,SSP3_7_0,AM_85,experiment1
1,11.2241541171746,1,83,12.4534803045134,2.5,1,TRUE,TRUE,1,SSP3_7_0,AM_85,experiment1
1,11.5843901009789,1,83,12.4534803045134,2.5,1,TRUE,TRUE,1,SSP3_7_0,AM_85,experiment1
1,11.4644321696677,1,83,12.4534803045134,2.5,1,TRUE,TRUE,1,SSP3_7_0,AM_85,experiment1
1,11.004695312419,1,83,12.4534803045134,2.5,1,TRUE,TRUE,1,SSP3_7_0,AM_85,experiment1
1,10.8367813678613,1,83,12.4534803045134,2.5,1,TRUE,TRUE,1,SSP3_7_0,AM_85,experiment1
1,10.6486702219994,1,83,12.4534803045134,2.5,1,TRUE,TRUE,1,SSP3_7_0,AM_85,experiment1
1,13.0488772106208,1,83,12.4534803045134,2.5,1,TRUE,TRUE,1,SSP3_7_0,AM_85,experiment1
1,13.3383159856914,1,83,12.4534803045134,2.5,1,TRUE,TRUE,1,SSP3_7_0,AM_85,experiment1
1,12.8643947132299,1,83,12.4534803045134,2.5,1,TRUE,TRUE,1,SSP3_7_0,AM_85,experiment1
1,9.29135161649538,1,83,12.4534803045134,2.5,1,TRUE,TRUE,1,SSP3_7_0,AM_85,experiment1
1,11.5339455690627,1,83,12.4534803045134,2.5,1,TRUE,TRUE,1,SSP3_7_0,AM_85,experiment1
1,10.9756786770874,1,83,12.4534803045134,2.5,1,TRUE,TRUE,1,SSP3_7_0,AM_85,experiment1
1,12.868725130582,1,83,12.4534803045134,2.5,1,TRUE,TRUE,1,SSP3_7_0,AM_85,experiment1
1,7.63692587730647,1,83,12.4534803045134,2.5,1,TRUE,TRUE,1,SSP3_7_0,AM_85,experiment1
1,12.0492684986019,1,83,12.4534803045134,2.5,1,TRUE,TRUE,1,SSP3_7_0,AM_85,experiment1
1,12.2921451004128,1,83,12.4534803045134,2.5,1,TRUE,TRUE,1,SSP3_7_0,AM_85,experiment1
1,12.6192290928947,1,83,12.4534803045134,2.5,1,TRUE,TRUE,1,SSP3_7_0,AM_85,experiment1
1,12.663741398918,1,83,12.4534803045134,2.5,1,TRUE,TRUE,1,SSP3_7_0,AM_85,experiment1
1,10.3702916551427,1,83,12.4534803045134,2.5,1,TRUE,TRUE,1,SSP3_7_0,AM_85,experiment1
1,11.2214912424016,1,83,12.4534803045134,2.5,1,TRUE,TRUE,1,SSP3_7_0,AM_85,experiment1
1,11.7226400093839,1,83,12.4534803045134,2.5,1,TRUE,TRUE,1,SSP3_7_0,AM_85,experiment1
1,11.9799873416701,1,83,12.4534803045134,2.5,1,TRUE,TRUE,1,SSP3_7_0,AM_85,experiment1
1,11.4649820697462,1,83,12.4534803045134,2.5,1,TRUE,TRUE,1,SSP3_7_0,AM_85,experiment1
1,12.4853049809943,1,83,12.4534803045134,2.5,1,TRUE,TRUE,1,SSP3_7_0,AM_85,experiment1
1,12.2256287977238,1,83,12.4534803045134,2.5,1,TRUE,TRUE,1,SSP3_7_0,AM_85,experiment1
1,10.4865238451037,1,83,12.4534803045134,2.5,1,TRUE,TRUE,1,SSP3_7_0,AM_85,experiment1
1,13.3196484555957,1,83,12.4534803045134,2.5,1,TRUE,TRUE,1,SSP3_7_0,AM_85,experiment1
1,11.4460112888539,1,83,12.4534803045134,2.5,1,TRUE,TRUE,1,SSP3_7_0,AM_85,experiment1
1,13.6341511017531,1,83,12.4534803045134,2.5,1,TRUE,TRUE,1,SSP3_7_0,AM_85,experiment1
1,10.9723218215107,1,83,12.4534803045134,2.5,1,TRUE,TRUE,1,SSP3_7_0,AM_85,experiment1
1,10.3028700938415,1,83,12.4534803045134,2.5,1,TRUE,TRUE,1,SSP3_7_0,AM_85,experiment1
1,11.5200659105159,1,83,12.4534803045134,2.5,1,TRUE,TRUE,1,SSP3_7_0,AM_85,experiment1
1,12.518251773297,1,83,12.4534803045134,2.5,1,TRUE,TRUE,1,SSP3_7_0,AM_85,experiment1
1,12.9398571919622,1,83,12.4534803045134,2.5,1,TRUE,TRUE,1,SSP3_7_0,AM_85,experiment1
1,11.5140911086512,1,83,12.4534803045134,2.5,1,TRUE,TRUE,1,SSP3_7_0,AM_85,experiment1
1,8.90975610331703,1,83,12.4534803045134,2.5,1,TRUE,TRUE,1,SSP3_7_0,AM_85,experiment1
1,6.49862364553527,1,83,12.4534803045134,2.5,1,TRUE,TRUE,1,SSP3_7_0,AM_85,experiment1
1,11.383342880081,1,83,12.4534803045134,2.5,1,TRUE,TRUE,1,SSP3_7_0,AM_85,experiment1
1,10.1034633122339,1,83,12.4534803045134,2.5,1,TRUE,TRUE,1,SSP3_7_0,AM_85,experiment1
1,8.91706980102398,1,83,12.4534803045134,2.5,1,TRUE,TRUE,1,SSP3_7_0,AM_85,experiment1
1,10.7008137850237,1,83,12.4534803045134,2.5,1,TRUE,TRUE,1,SSP3_7_0,AM_85,experiment1
1,13.5443242586315,1,83,12.4534803045134,2.5,1,TRUE,TRUE,1,SSP3_7_0,AM_85,experiment1
1,10.2536282304563,1,83,12.4534803045134,2.5,1,TRUE,TRUE,1,SSP3_7_0,AM_85,experiment1
1,12.1407514024838,1,83,12.4534803045134,2.5,1,TRUE,TRUE,1,SSP3_7_0,AM_85,experiment1
1,12.3687943165092,1,83,12.4534803045134,2.5,1,TRUE,TRUE,1,SSP3_7_0,AM_85,experiment1
1,11.6557297114697,1,83,12.4534803045134,2.5,1,TRUE,TRUE,1,SSP3_7_0,AM_85,experiment1
1,12.2294950390855,1,83,12.4534803045134,2.5,1,TRUE,TRUE,1,SSP3_7_0,AM_85,experiment1
1,13.5373333845557,1,83,12.4534803045134,2.5,1,TRUE,TRUE,1,SSP3_7_0,AM_85,experiment1
1,12.0793298742558,1,83,12.4534803045134,2.5,1,TRUE,TRUE,1,SSP3_7_0,AM_85,experiment1
1,11.7289101100244,1,83,12.4534803045134,2.5,1,TRUE,TRUE,1,SSP3_7_0,AM_85,experiment1
1,12.4183758091431,1,83,12.4534803045134,2.5,1,TRUE,TRUE,1,SSP3_7_0,AM_85,experiment1
1,13.0486778196276,1,83,12.4534803045134,2.5,1,TRUE,TRUE,1,SSP3_7_0,AM_85,experiment1
1,11.788086286469,1,83,12.4534803045134,2.5,1,TRUE,TRUE,1,SSP3_7_0,AM_85,experiment1
1,11.5069460896017,1,83,12.4534803045134,2.5,1,TRUE,TRUE,1,SSP3_7_0,AM_85,experiment1
1,11.8377130566053,1,83,12.4534803045134,2.5,1,TRUE,TRUE,1,SSP3_7_0,AM_85,experiment1
1,9.96327139188763,1,83,12.4534803045134,2.5,1,TRUE,TRUE,1,SSP3_7_0,AM_85,experiment1
1,12.403453898528,1,83,12.4534803045134,2.5,1,TRUE,TRUE,1,SSP3_7_0,AM_85,experiment1
1,12.980170292946,1,83,12.4534803045134,2.5,1,TRUE,TRUE,1,SSP3_7_0,AM_85,experiment1
1,9.47529357575504,1,83,12.4534803045134,2.5,1,TRUE,TRUE,1,SSP3_7_0,AM_85,experiment1
1,8.34970746673141,1,83,12.4534803045134,2.5,1,TRUE,TRUE,1,SSP3_7_0,AM_85,experiment1
1,12.1521733977438,1,83,12.4534803045134,2.5,1,TRUE,TRUE,1,SSP3_7_0,AM_85,experiment1
1,11.4277934450457,1,83,12.4534803045134,2.5,1,TRUE,TRUE,1,SSP3_7_0,AM_85,experiment1
1,13.1855089490645,1,83,12.4534803045134,2.5,1,TRUE,TRUE,1,SSP3_7_0,AM_85,experiment1
1,12.3122167645728,1,83,12.4534803045134,2.5,1,TRUE,TRUE,1,SSP3_7_0,AM_85,experiment1
1,13.6564362955109,1,83,12.4534803045134,2.5,1,TRUE,TRUE,1,SSP3_7_0,AM_85,experiment1
1,12.8884095087348,1,83,12.4534803045134,2.5,1,TRUE,TRUE,1,SSP3_7_0,AM_85,experiment1
1,13.4230569862758,1,83,12.4534803045134,2.5,1,TRUE,TRUE,1,SSP3_7_0,AM_85,experiment1
1,12.0462562699517,1,83,12.4534803045134,2.5,1,TRUE,TRUE,1,SSP3_7_0,AM_85,experiment1
1,10.7896920559475,1,83,12.4534803045134,2.5,1,TRUE,TRUE,1,SSP3_7_0,AM_85,experiment1
1,13.1939493083849,1,83,12.4534803045134,2.5,1,TRUE,TRUE,1,SSP3_7_0,AM_85,experiment1
1,12.7438429812906,1,83,12.4534803045134,2.5,1,TRUE,TRUE,1,SSP3_7_0,AM_85,experiment1
1,11.0357529469069,1,83,12.4534803045134,2.5,1,TRUE,TRUE,1,SSP3_7_0,AM_85,experiment1
1,10.4226260750915,1,83,12.4534803045134,2.5,1,TRUE,TRUE,1,SSP3_7_0,AM_85,experiment1
1,11.7761465563303,1,83,12.4534803045134,2.5,1,TRUE,TRUE,1,SSP3_7_0,AM_85,experiment1
1,12.0401879797138,1,83,12.4534803045134,2.5,1,TRUE,TRUE,1,SSP3_7_0,AM_85,experiment1
1,10.5751715614303,1,83,12.4534803045134,2.5,1,TRUE,TRUE,1,SSP3_7_0,AM_85,experiment1
1,12.1576797585063,1,83,12.4534803045134,2.5,1,TRUE,TRUE,1,SSP3_7_0,AM_85,experiment1
1,13.139950787616,1,83,12.4534803045134,2.5,1,TRUE,TRUE,1,SSP3_7_0,AM_85,experiment1
1,14.010762922491,1,83,12.4534803045134,2.5,1,TRUE,TRUE,1,SSP3_7_0,AM_85,experiment1
1,12.7571474749949,1,83,12.4534803045134,2.5,1,TRUE,TRUE,1,SSP3_7_0,AM_85,experiment1
1,12.1532856939385,1,83,12.4534803045134,2.5,1,TRUE,TRUE,1,SSP3_7_0,AM_85,experiment1
1,10.9215207657082,1,83,12.4534803045134,2.5,1,TRUE,TRUE,1,SSP3_7_0,AM_85,experiment1
1,11.5169830934388,1,83,12.4534803045134,2.5,1,TRUE,TRUE,1,SSP3_7_0,AM_85,experiment1
1,12.110816912415,1,83,12.4534803045134,2.5,1,TRUE,TRUE,1,SSP3_7_0,AM_85,experiment1
1,11.2574447585847,1,83,12.4534803045134,2.5,1,TRUE,TRUE,1,SSP3_7_0,AM_85,experiment1
1,10.7620749230925,1,83,12.4534803045134,2.5,1,TRUE,TRUE,1,SSP3_7_0,AM_85,experiment1
1,10.093334764175,1,83,12.4534803045134,2.5,1,TRUE,TRUE,1,SSP3_7_0,AM_85,experiment1
1,13.6735927029992,1,83,12.4534803045134,2.5,1,TRUE,TRUE,1,SSP3_7_0,AM_85,experiment1
1,11.9698963807451,1,83,12.4534803045134,2.5,1,TRUE,TRUE,1,SSP3_7_0,AM_85,experiment1
1,11.7759449707332,1,83,12.4534803045134,2.5,1,TRUE,TRUE,1,SSP3_7_0,AM_85,experiment1
1,12.2248648640832,1,83,12.4534803045134,2.5,1,TRUE,TRUE,1,SSP3_7_0,AM_85,experiment1
1,13.4616246151245,1,83,12.4534803045134,2.5,1,TRUE,TRUE,1,SSP3_7_0,AM_85,experiment1
1,10.9785078423736,1,83,12.4534803045134,2.5,1,TRUE,TRUE,1,SSP3_7_0,AM_85,experiment1
1,12.6318296291106,1,83,12.4534803045134,2.5,1,TRUE,TRUE,1,SSP3_7_0,AM_85,experiment1
1,10.7735377740805,1,83,12.4534803045134,2.5,1,TRUE,TRUE,1,SSP3_7_0,AM_85,experiment1
1,13.1809844511761,1,83,12.4534803045134,2.5,1,TRUE,TRUE,1,SSP3_7_0,AM_85,experiment1
1,11.7215407043542,1,83,12.4534803045134,2.5,1,TRUE,TRUE,1,SSP3_7_0,AM_85,experiment1
1,11.3236679001116,1,83,12.4534803045134,2.5,1,TRUE,TRUE,1,SSP3_7_0,AM_85,experiment1
1,13.9040587606853,1,83,12.4534803045134,2.5,1,TRUE,TRUE,1,SSP3_7_0,AM_85,experiment1
1,10.7998165028604,1,83,12.4534803045134,2.5,1,TRUE,TRUE,1,SSP3_7_0,AM_85,experiment1
1,11.3840783497463,1,83,12.4534803045134,2.5,1,TRUE,TRUE,1,SSP3_7_0,AM_85,experiment1
1,11.3843200723074,1,83,12.4534803045134,2.5,1,TRUE,TRUE,1,SSP3_7_0,AM_85,experiment1
1,12.3920226203495,1,83,12.4534803045134,2.5,1,TRUE,TRUE,1,SSP3_7_0,AM_85,experiment1
1,10.9714123197511,1,83,12.4534803045134,2.5,1,TRUE,TRUE,1,SSP3_7_0,AM_85,experiment1
1,12.5853064820635,1,83,12.4534803045134,2.5,1,TRUE,TRUE,1,SSP3_7_0,AM_85,experiment1
1,12.5554175950714,1,83,12.4534803045134,2.5,1,TRUE,TRUE,1,SSP3_7_0,AM_85,experiment1
1,13.0487927493748,1,83,12.4534803045134,2.5,1,TRUE,TRUE,1,SSP3_7_0,AM_85,experiment1
1,12.6817248144614,1,83,12.4534803045134,2.5,1,TRUE,TRUE,1,SSP3_7_0,AM_85,experiment1
1,12.4553759293102,1,83,12.4534803045134,2.5,1,TRUE,TRUE,1,SSP3_7_0,AM_85,experiment1
1,12.6850366636248,1,83,12.4534803045134,2.5,1,TRUE,TRUE,1,SSP3_7_0,AM_85,experiment1
1,12.6090097337923,1,83,12.4534803045134,2.5,1,TRUE,TRUE,1,SSP3_7_0,AM_85,experiment1
1,11.8024232585173,1,83,12.4534803045134,2.5,1,TRUE,TRUE,1,SSP3_7_0,AM_85,experiment1
1,12.4431443174659,1,83,12.4534803045134,2.5,1,TRUE,TRUE,1,SSP3_7_0,AM_85,experiment1
1,11.1872761119252,1,83,12.4534803045134,2.5,1,TRUE,TRUE,1,SSP3_7_0,AM_85,experiment1
1,13.239919597834,1,83,12.4534803045134,2.5,1,TRUE,TRUE,1,SSP3_7_0,AM_85,experiment1
1,11.9460407644838,1,83,12.4534803045134,2.5,1,TRUE,TRUE,1,SSP3_7_0,AM_85,experiment1
1,12.9626233461266,1,83,12.4534803045134,2.5,1,TRUE,TRUE,1,SSP3_7_0,AM_85,experiment1
1,12.0747805331567,1,83,12.4534803045134,2.5,1,TRUE,TRUE,1,SSP3_7_0,AM_85,experiment1
1,10.9843155598335,1,83,12.4534803045134,2.5,1,TRUE,TRUE,1,SSP3_7_0,AM_85,experiment1
1,11.7756796183718,1,83,12.4534803045134,2.5,1,TRUE,TRUE,1,SSP3_7_0,AM_85,experiment1
1,11.6740693396574,1,83,12.4534803045134,2.5,1,TRUE,TRUE,1,SSP3_7_0,AM_85,experiment1
1,11.167106337209,1,83,12.4534803045134,2.5,1,TRUE,TRUE,1,SSP3_7_0,AM_85,experiment1
1,11.9676062359838,1,83,12.4534803045134,2.5,1,TRUE,TRUE,1,SSP3_7_0,AM_85,experiment1
1,12.27839298742,1,83,12.4534803045134,2.5,1,TRUE,TRUE,1,SSP3_7_0,AM_85,experiment1
1,10.2051708814314,1,83,12.4534803045134,2.5,1,TRUE,TRUE,1,SSP3_7_0,AM_85,experiment1
1,10.794287409596,1,83,12.4534803045134,2.5,1,TRUE,TRUE,1,SSP3_7_0,AM_85,experiment1
1,12.9238952824456,1,83,12.4534803045134,2.5,1,TRUE,TRUE,1,SSP3_7_0,AM_85,experiment1
1,9.08775692546459,1,83,12.4534803045134,2.5,1,TRUE,TRUE,1,SSP3_7_0,AM_85,experiment1
1,10.0183458160108,1,83,12.4534803045134,2.5,1,TRUE,TRUE,1,SSP3_7_0,AM_85,experiment1
1,10.8103650143096,1,83,12.4534803045134,2.5,1,TRUE,TRUE,1,SSP3_7_0,AM_85,experiment1
1,12.8704385227013,1,83,12.4534803045134,2.5,1,TRUE,TRUE,1,SSP3_7_0,AM_85,experiment1
1,12.0184051014356,1,83,12.4534803045134,2.5,1,TRUE,TRUE,1,SSP3_7_0,AM_85,experiment1
1,12.6517158256152,1,83,12.4534803045134,2.5,1,TRUE,TRUE,1,SSP3_7_0,AM_85,experiment1
1,11.9265222331199,1,83,12.4534803045134,2.5,1,TRUE,TRUE,1,SSP3_7_0,AM_85,experiment1
1,12.8628595800128,1,83,12.4534803045134,2.5,1,TRUE,TRUE,1,SSP3_7_0,AM_85,experiment1
1,12.9337160069107,1,83,12.4534803045134,2.5,1,TRUE,TRUE,1,SSP3_7_0,AM_85,experiment1
1,12.9037713699318,1,83,12.4534803045134,2.5,1,TRUE,TRUE,1,SSP3_7_0,AM_85,experiment1
1,10.9547742195866,1,83,12.4534803045134,2.5,1,TRUE,TRUE,1,SSP3_7_0,AM_85,experiment1
1,10.2349428104579,1,83,12.4534803045134,2.5,1,TRUE,TRUE,1,SSP3_7_0,AM_85,experiment1
1,12.1136745325389,1,83,12.4534803045134,2.5,1,TRUE,TRUE,1,SSP3_7_0,AM_85,experiment1
1,12.7977769300613,1,83,12.4534803045134,2.5,1,TRUE,TRUE,1,SSP3_7_0,AM_85,experiment1
1,12.6146858457433,1,83,12.4534803045134,2.5,1,TRUE,TRUE,1,SSP3_7_0,AM_85,experiment1
1,11.6889050810716,1,83,12.4534803045134,2.5,1,TRUE,TRUE,1,SSP3_7_0,AM_85,experiment1
1,11.3941218426896,1,83,12.4534803045134,2.5,1,TRUE,TRUE,1,SSP3_7_0,AM_85,experiment1
1,12.5367943205987,1,83,12.4534803045134,2.5,1,TRUE,TRUE,1,SSP3_7_0,AM_85,experiment1
1,10.5162990594848,1,83,12.4534803045134,2.5,1,TRUE,TRUE,1,SSP3_7_0,AM_85,experiment1
1,0.95,1,83,12.4534803045134,2.5,1,TRUE,TRUE,1,SSP3_7_0,AM_85,experiment1
1,11.912264592066,1,83,12.4534803045134,2.5,1,TRUE,TRUE,1,SSP3_7_0,AM_85,experiment1
1,12.2645351431815,1,83,12.4534803045134,2.5,1,TRUE,TRUE,1,SSP3_7_0,AM_85,experiment1
1,10.3973913786865,1,83,12.4534803045134,2.5,1,TRUE,TRUE,1,SSP3_7_0,AM_85,experiment1
1,12.7929337290191,1,83,12.4534803045134,2.5,1,TRUE,TRUE,1,SSP3_7_0,AM_85,experiment1
1,13.2349920532191,1,83,12.4534803045134,2.5,1,TRUE,TRUE,1,SSP3_7_0,AM_85,experiment1
1,10.9596177229796,1,83,12.4534803045134,2.5,1,TRUE,TRUE,1,SSP3_7_0,AM_85,experiment1
1,11.4889223928206,1,83,12.4534803045134,2.5,1,TRUE,TRUE,1,SSP3_7_0,AM_85,experiment1
1,11.6722751776686,1,83,12.4534803045134,2.5,1,TRUE,TRUE,1,SSP3_7_0,AM_85,experiment1
1,12.4964123834653,1,83,12.4534803045134,2.5,1,TRUE,TRUE,1,SSP3_7_0,AM_85,experiment1
1,11.617726168468,1,83,12.4534803045134,2.5,1,TRUE,TRUE,1,SSP3_7_0,AM_85,experiment1
1,11.9560245810757,1,83,12.4534803045134,2.5,1,TRUE,TRUE,1,SSP3_7_0,AM_85,experiment1
1,8.94277757959032,1,83,12.4534803045134,2.5,1,TRUE,TRUE,1,SSP3_7_0,AM_85,experiment1
1,10.8159725382542,1,83,12.4534803045134,2.5,1,TRUE,TRUE,1,SSP3_7_0,AM_85,experiment1
1,9.56194553963574,1,83,12.4534803045134,2.5,1,TRUE,TRUE,1,SSP3_7_0,AM_85,experiment1
1,10.9537303258253,1,83,12.4534803045134,2.5,1,TRUE,TRUE,1,SSP3_7_0,AM_85,experiment1
1,12.3709366482138,1,83,12.4534803045134,2.5,1,TRUE,TRUE,1,SSP3_7_0,AM_85,experiment1
1,9.95671812205705,1,83,12.4534803045134,2.5,1,TRUE,TRUE,1,SSP3_7_0,AM_85,experiment1
1,12.1552214654377,1,83,12.4534803045134,2.5,1,TRUE,TRUE,1,SSP3_7_0,AM_85,experiment1
1,3.1425109375,1,83,12.4534803045134,2.5,1,TRUE,TRUE,1,SSP3_7_0,AM_85,experiment1
1,12.2573529919456,1,83,12.4534803045134,2.5,1,TRUE,TRUE,1,SSP3_7_0,AM_85,experiment1
1,12.6137698834773,1,83,12.4534803045134,2.5,1,TRUE,TRUE,1,SSP3_7_0,AM_85,experiment1
1,13.139887265735,1,83,12.4534803045134,2.5,1,TRUE,TRUE,1,SSP3_7_0,AM_85,experiment1
1,11.938444533039,1,83,12.4534803045134,2.5,1,TRUE,TRUE,1,SSP3_7_0,AM_85,experiment1
1,12.4100434889938,1,83,12.4534803045134,2.5,1,TRUE,TRUE,1,SSP3_7_0,AM_85,experiment1
1,12.3296696257867,1,83,12.4534803045134,2.5,1,TRUE,TRUE,1,SSP3_7_0,AM_85,experiment1
1,8.33072738516896,1,83,12.4534803045134,2.5,1,TRUE,TRUE,1,SSP3_7_0,AM_85,experiment1
1,13.7454464074297,1,83,12.4534803045134,2.5,1,TRUE,TRUE,1,SSP3_7_0,AM_85,experiment1
1,13.4183571542494,1,83,12.4534803045134,2.5,1,TRUE,TRUE,1,SSP3_7_0,AM_85,experiment1
1,12.4347976785553,1,83,12.4534803045134,2.5,1,TRUE,TRUE,1,SSP3_7_0,AM_85,experiment1
1,13.7214368597818,1,83,12.4534803045134,2.5,1,TRUE,TRUE,1,SSP3_7_0,AM_85,experiment1
1,12.1369672012662,1,83,12.4534803045134,2.5,1,TRUE,TRUE,1,SSP3_7_0,AM_85,experiment1
1,9.37736501316901,1,83,12.4534803045134,2.5,1,TRUE,TRUE,1,SSP3_7_0,AM_85,experiment1
1,12.2086051084039,1,83,12.4534803045134,2.5,1,TRUE,TRUE,1,SSP3_7_0,AM_85,experiment1
1,10.2130103917927,1,83,12.4534803045134,2.5,1,TRUE,TRUE,1,SSP3_7_0,AM_85,experiment1
1,0.95,1,83,12.4534803045134,2.5,1,TRUE,TRUE,1,SSP3_7_0,AM_85,experiment1
1,13.5167768509537,1,83,12.4534803045134,2.5,1,TRUE,TRUE,1,SSP3_7_0,AM_85,experiment1
1,12.7958447512584,1,83,12.4534803045134,2.5,1,TRUE,TRUE,1,SSP3_7_0,AM_85,experiment1
1,12.8230749306912,1,83,12.4534803045134,2.5,1,TRUE,TRUE,1,SSP3_7_0,AM_85,experiment1
1,11.6855512958054,1,83,12.4534803045134,2.5,1,TRUE,TRUE,1,SSP3_7_0,AM_85,experiment1
1,10.9546422658651,1,83,12.4534803045134,2.5,1,TRUE,TRUE,1,SSP3_7_0,AM_85,experiment1
1,11.4223246748919,1,83,12.4534803045134,2.5,1,TRUE,TRUE,1,SSP3_7_0,AM_85,experiment1
1,11.7410578288125,1,83,12.4534803045134,2.5,1,TRUE,TRUE,1,SSP3_7_0,AM_85,experiment1
1,11.2797724941793,1,83,12.4534803045134,2.5,1,TRUE,TRUE,1,SSP3_7_0,AM_85,experiment1
1,11.9021595085168,1,83,12.4534803045134,2.5,1,TRUE,TRUE,1,SSP3_7_0,AM_85,experiment1
1,10.8254662546432,1,83,12.4534803045134,2.5,1,TRUE,TRUE,1,SSP3_7_0,AM_85,experiment1
1,12.0746626031414,1,83,12.4534803045134,2.5,1,TRUE,TRUE,1,SSP3_7_0,AM_85,experiment1
1,10.5362901210044,1,83,12.4534803045134,2.5,1,TRUE,TRUE,1,SSP3_7_0,AM_85,experiment1
1,13.5089935909674,1,83,12.4534803045134,2.5,1,TRUE,TRUE,1,SSP3_7_0,AM_85,experiment1
1,9.56930354848549,1,83,12.4534803045134,2.5,1,TRUE,TRUE,1,SSP3_7_0,AM_85,experiment1
1,12.8137206772225,1,83,12.4534803045134,2.5,1,TRUE,TRUE,1,SSP3_7_0,AM_85,experiment1
1,11.7465781232733,1,83,12.4534803045134,2.5,1,TRUE,TRUE,1,SSP3_7_0,AM_85,experiment1
1,8.19320273245265,1,83,12.4534803045134,2.5,1,TRUE,TRUE,1,SSP3_7_0,AM_85,experiment1
1,12.2571108135317,1,83,12.4534803045134,2.5,1,TRUE,TRUE,1,SSP3_7_0,AM_85,experiment1
1,13.3707507928611,1,83,12.4534803045134,2.5,1,TRUE,TRUE,1,SSP3_7_0,AM_85,experiment1
1,9.77136388896169,1,83,12.4534803045134,2.5,1,TRUE,TRUE,1,SSP3_7_0,AM_85,experiment1
1,12.3204232659128,1,83,12.4534803045134,2.5,1,TRUE,TRUE,1,SSP3_7_0,AM_85,experiment1
1,13.62353111223,1,83,12.4534803045134,2.5,1,TRUE,TRUE,1,SSP3_7_0,AM_85,experiment1
1,11.21507356739,1,83,12.4534803045134,2.5,1,TRUE,TRUE,1,SSP3_7_0,AM_85,experiment1
1,13.9064687723323,1,83,12.4534803045134,2.5,1,TRUE,TRUE,1,SSP3_7_0,AM_85,experiment1
1,13.4927863944558,1,83,12.4534803045134,2.5,1,TRUE,TRUE,1,SSP3_7_0,AM_85,experiment1
1,11.3230636761332,1,83,12.4534803045134,2.5,1,TRUE,TRUE,1,SSP3_7_0,AM_85,experiment1
1,12.0335587921394,1,83,12.4534803045134,2.5,1,TRUE,TRUE,1,SSP3_7_0,AM_85,experiment1
1,12.9118835481357,1,83,12.4534803045134,2.5,1,TRUE,TRUE,1,SSP3_7_0,AM_85,experiment1
1,11.9776872418957,1,83,12.4534803045134,2.5,1,TRUE,TRUE,1,SSP3_7_0,AM_85,experiment1
1,11.5205161949292,1,83,12.4534803045134,2.5,1,TRUE,TRUE,1,SSP3_7_0,AM_85,experiment1
1,10.078329321063,1,83,12.4534803045134,2.5,1,TRUE,TRUE,1,SSP3_7_0,AM_85,experiment1
1,11.3299153064845,1,83,12.4534803045134,2.5,1,TRUE,TRUE,1,SSP3_7_0,AM_85,experiment1
1,9.45397332010436,1,83,12.4534803045134,2.5,1,TRUE,TRUE,1,SSP3_7_0,AM_85,experiment1
1,11.3036231848529,1,83,12.4534803045134,2.5,1,TRUE,TRUE,1,SSP3_7_0,AM_85,experiment1
1,12.8153612318644,1,83,12.4534803045134,2.5,1,TRUE,TRUE,1,SSP3_7_0,AM_85,experiment1
1,12.7761152707818,1,83,12.4534803045134,2.5,1,TRUE,TRUE,1,SSP3_7_0,AM_85,experiment1
1,11.010674076825,1,83,12.4534803045134,2.5,1,TRUE,TRUE,1,SSP3_7_0,AM_85,experiment1
1,12.0856018633734,1,83,12.4534803045134,2.5,1,TRUE,TRUE,1,SSP3_7_0,AM_85,experiment1
1,12.4803522394133,1,83,12.4534803045134,2.5,1,TRUE,TRUE,1,SSP3_7_0,AM_85,experiment1
1,11.8764884632901,1,83,12.4534803045134,2.5,1,TRUE,TRUE,1,SSP3_7_0,AM_85,experiment1
1,12.3439310636781,1,83,12.4534803045134,2.5,1,TRUE,TRUE,1,SSP3_7_0,AM_85,experiment1
1,13.2185071480267,1,83,12.4534803045134,2.5,1,TRUE,TRUE,1,SSP3_7_0,AM_85,experiment1
1,11.2360214875008,1,83,12.4534803045134,2.5,1,TRUE,TRUE,1,SSP3_7_0,AM_85,experiment1
1,3.12723302265625,1,83,12.4534803045134,2.5,1,TRUE,TRUE,1,SSP3_7_0,AM_85,experiment1
1,12.3882111741605,1,83,12.4534803045134,2.5,1,TRUE,TRUE,1,SSP3_7_0,AM_85,experiment1
1,13.2638169581685,1,83,12.4534803045134,2.5,1,TRUE,TRUE,1,SSP3_7_0,AM_85,experiment1
1,10.186215697686,1,83,12.4534803045134,2.5,1,TRUE,TRUE,1,SSP3_7_0,AM_85,experiment1
1,12.2650355058723,1,83,12.4534803045134,2.5,1,TRUE,TRUE,1,SSP3_7_0,AM_85,experiment1
1,12.5915258463875,1,83,12.4534803045134,2.5,1,TRUE,TRUE,1,SSP3_7_0,AM_85,experiment1
1,11.5116747254611,1,83,12.4534803045134,2.5,1,TRUE,TRUE,1,SSP3_7_0,AM_85,experiment1
1,11.2146022691187,1,83,12.4534803045134,2.5,1,TRUE,TRUE,1,SSP3_7_0,AM_85,experiment1
1,11.1094847143649,1,83,12.4534803045134,2.5,1,TRUE,TRUE,1,SSP3_7_0,AM_85,experiment1
1,11.1295548965957,1,83,12.4534803045134,2.5,1,TRUE,TRUE,1,SSP3_7_0,AM_85,experiment1
1,12.5876698181407,1,83,12.4534803045134,2.5,1,TRUE,TRUE,1,SSP3_7_0,AM_85,experiment1
1,12.9863677561965,1,83,12.4534803045134,2.5,1,TRUE,TRUE,1,SSP3_7_0,AM_85,experiment1
1,12.3521641481498,1,83,12.4534803045134,2.5,1,TRUE,TRUE,1,SSP3_7_0,AM_85,experiment1
1,12.8607466890075,1,83,12.4534803045134,2.5,1,TRUE,TRUE,1,SSP3_7_0,AM_85,experiment1
1,9.91008308088598,1,83,12.4534803045134,2.5,1,TRUE,TRUE,1,SSP3_7_0,AM_85,experiment1
1,13.0932215703402,1,83,12.4534803045134,2.5,1,TRUE,TRUE,1,SSP3_7_0,AM_85,experiment1
1,12.4934645162924,1,83,12.4534803045134,2.5,1,TRUE,TRUE,1,SSP3_7_0,AM_85,experiment1
1,10.6317644372608,1,83,12.4534803045134,2.5,1,TRUE,TRUE,1,SSP3_7_0,AM_85,experiment1
1,11.9615888588072,1,83,12.4534803045134,2.5,1,TRUE,TRUE,1,SSP3_7_0,AM_85,experiment1
1,12.3985782430464,1,83,12.4534803045134,2.5,1,TRUE,TRUE,1,SSP3_7_0,AM_85,experiment1
1,12.665799558496,1,83,12.4534803045134,2.5,1,TRUE,TRUE,1,SSP3_7_0,AM_85,experiment1
1,13.4724908476952,1,83,12.4534803045134,2.5,1,TRUE,TRUE,1,SSP3_7_0,AM_85,experiment1
1,13.1809558824533,1,83,12.4534803045134,2.5,1,TRUE,TRUE,1,SSP3_7_0,AM_85,experiment1
1,13.360219497616,1,83,12.4534803045134,2.5,1,TRUE,TRUE,1,SSP3_7_0,AM_85,experiment1
1,11.8994757852699,1,83,12.4534803045134,2.5,1,TRUE,TRUE,1,SSP3_7_0,AM_85,experiment1
1,9.44531616517241,1,83,12.4534803045134,2.5,1,TRUE,TRUE,1,SSP3_7_0,AM_85,experiment1
1,13.678110279809,1,83,12.4534803045134,2.5,1,TRUE,TRUE,1,SSP3_7_0,AM_85,experiment1
1,11.6004248259601,1,83,12.4534803045134,2.5,1,TRUE,TRUE,1,SSP3_7_0,AM_85,experiment1
1,12.7471279654808,1,83,12.4534803045134,2.5,1,TRUE,TRUE,1,SSP3_7_0,AM_85,experiment1
1,12.4063048485247,1,83,12.4534803045134,2.5,1,TRUE,TRUE,1,SSP3_7_0,AM_85,experiment1
1,11.3012099749447,1,83,12.4534803045134,2.5,1,TRUE,TRUE,1,SSP3_7_0,AM_85,experiment1
1,12.8094964378296,1,83,12.4534803045134,2.5,1,TRUE,TRUE,1,SSP3_7_0,AM_85,experiment1
1,12.167567662634,1,83,12.4534803045134,2.5,1,TRUE,TRUE,1,SSP3_7_0,AM_85,experiment1
1,9.78831003017472,1,83,12.4534803045134,2.5,1,TRUE,TRUE,1,SSP3_7_0,AM_85,experiment1
1,13.1717625352994,1,83,12.4534803045134,2.5,1,TRUE,TRUE,1,SSP3_7_0,AM_85,experiment1
1,13.1458641645289,1,83,12.4534803045134,2.5,1,TRUE,TRUE,1,SSP3_7_0,AM_85,experiment1
1,12.7366133054336,1,83,12.4534803045134,2.5,1,TRUE,TRUE,1,SSP3_7_0,AM_85,experiment1
1,13.2191382096936,1,83,12.4534803045134,2.5,1,TRUE,TRUE,1,SSP3_7_0,AM_85,experiment1
1,11.3252371154067,1,83,12.4534803045134,2.5,1,TRUE,TRUE,1,SSP3_7_0,AM_85,experiment1
1,13.6666608335611,1,83,12.4534803045134,2.5,1,TRUE,TRUE,1,SSP3_7_0,AM_85,experiment1
1,13.557836711618,1,83,12.4534803045134,2.5,1,TRUE,TRUE,1,SSP3_7_0,AM_85,experiment1
1,9.99321615035567,1,83,12.4534803045134,2.5,1,TRUE,TRUE,1,SSP3_7_0,AM_85,experiment1
1,12.7268301748301,1,83,12.4534803045134,2.5,1,TRUE,TRUE,1,SSP3_7_0,AM_85,experiment1
1,11.5951365699802,1,83,12.4534803045134,2.5,1,TRUE,TRUE,1,SSP3_7_0,AM_85,experiment1
1,12.3121713274767,1,83,12.4534803045134,2.5,1,TRUE,TRUE,1,SSP3_7_0,AM_85,experiment1
1,11.9615097396885,1,83,12.4534803045134,2.5,1,TRUE,TRUE,1,SSP3_7_0,AM_85,experiment1
1,12.8692543533308,1,83,12.4534803045134,2.5,1,TRUE,TRUE,1,SSP3_7_0,AM_85,experiment1
1,11.5968794574855,1,83,12.4534803045134,2.5,1,TRUE,TRUE,1,SSP3_7_0,AM_85,experiment1
1,10.7871465196438,1,83,12.4534803045134,2.5,1,TRUE,TRUE,1,SSP3_7_0,AM_85,experiment1
1,10.94532212344,1,83,12.4534803045134,2.5,1,TRUE,TRUE,1,SSP3_7_0,AM_85,experiment1
1,12.0732277121764,1,83,12.4534803045134,2.5,1,TRUE,TRUE,1,SSP3_7_0,AM_85,experiment1
1,10.2935911366702,1,83,12.4534803045134,2.5,1,TRUE,TRUE,1,SSP3_7_0,AM_85,experiment1
1,11.2189862152937,1,83,12.4534803045134,2.5,1,TRUE,TRUE,1,SSP3_7_0,AM_85,experiment1
1,11.6979480590127,1,83,12.4534803045134,2.5,1,TRUE,TRUE,1,SSP3_7_0,AM_85,experiment1
1,11.664115203366,1,83,12.4534803045134,2.5,1,TRUE,TRUE,1,SSP3_7_0,AM_85,experiment1
1,11.1758117336414,1,83,12.4534803045134,2.5,1,TRUE,TRUE,1,SSP3_7_0,AM_85,experiment1
1,12.4798136394976,1,83,12.4534803045134,2.5,1,TRUE,TRUE,1,SSP3_7_0,AM_85,experiment1
1,10.9058507580128,1,83,12.4534803045134,2.5,1,TRUE,TRUE,1,SSP3_7_0,AM_85,experiment1
1,11.7670858448278,1,83,12.4534803045134,2.5,1,TRUE,TRUE,1,SSP3_7_0,AM_85,experiment1
1,11.5495936815972,1,83,12.4534803045134,2.5,1,TRUE,TRUE,1,SSP3_7_0,AM_85,experiment1
1,13.7456462524379,1,83,12.4534803045134,2.5,1,TRUE,TRUE,1,SSP3_7_0,AM_85,experiment1
1,11.7785740874628,1,83,12.4534803045134,2.5,1,TRUE,TRUE,1,SSP3_7_0,AM_85,experiment1
1,11.9057475517221,1,83,12.4534803045134,2.5,1,TRUE,TRUE,1,SSP3_7_0,AM_85,experiment1
1,11.6128629802395,1,83,12.4534803045134,2.5,1,TRUE,TRUE,1,SSP3_7_0,AM_85,experiment1
1,12.9398103950988,1,83,12.4534803045134,2.5,1,TRUE,TRUE,1,SSP3_7_0,AM_85,experiment1
1,12.008155867324,1,83,12.4534803045134,2.5,1,TRUE,TRUE,1,SSP3_7_0,AM_85,experiment1
1,10.7844917145195,1,83,12.4534803045134,2.5,1,TRUE,TRUE,1,SSP3_7_0,AM_85,experiment1
1,12.4990674181921,1,83,12.4534803045134,2.5,1,TRUE,TRUE,1,SSP3_7_0,AM_85,experiment1
1,11.6321032928071,1,83,12.4534803045134,2.5,1,TRUE,TRUE,1,SSP3_7_0,AM_85,experiment1
1,8.91616384276212,1,83,12.4534803045134,2.5,1,TRUE,TRUE,1,SSP3_7_0,AM_85,experiment1
1,12.367166675256,1,83,12.4534803045134,2.5,1,TRUE,TRUE,1,SSP3_7_0,AM_85,experiment1
1,6.60839527573135,1,83,12.4534803045134,2.5,1,TRUE,TRUE,1,SSP3_7_0,AM_85,experiment1
1,11.532324841898,1,83,12.4534803045134,2.5,1,TRUE,TRUE,1,SSP3_7_0,AM_85,experiment1
1,10.5017606230996,1,83,12.4534803045134,2.5,1,TRUE,TRUE,1,SSP3_7_0,AM_85,experiment1
1,10.3062723357332,1,83,12.4534803045134,2.5,1,TRUE,TRUE,1,SSP3_7_0,AM_85,experiment1
1,12.1091954150397,1,83,12.4534803045134,2.5,1,TRUE,TRUE,1,SSP3_7_0,AM_85,experiment1
1,10.9000524374756,1,83,12.4534803045134,2.5,1,TRUE,TRUE,1,SSP3_7_0,AM_85,experiment1
1,13.4107632233936,1,83,12.4534803045134,2.5,1,TRUE,TRUE,1,SSP3_7_0,AM_85,experiment1
1,10.2342902101121,1,83,12.4534803045134,2.5,1,TRUE,TRUE,1,SSP3_7_0,AM_85,experiment1
1,12.3891773366648,1,83,12.4534803045134,2.5,1,TRUE,TRUE,1,SSP3_7_0,AM_85,experiment1
1,12.4673426401734,1,83,12.4534803045134,2.5,1,TRUE,TRUE,1,SSP3_7_0,AM_85,experiment1
1,12.3314846272073,1,83,12.4534803045134,2.5,1,TRUE,TRUE,1,SSP3_7_0,AM_85,experiment1
1,13.0508014508516,1,83,12.4534803045134,2.5,1,TRUE,TRUE,1,SSP3_7_0,AM_85,experiment1
1,10.8467988125616,1,83,12.4534803045134,2.5,1,TRUE,TRUE,1,SSP3_7_0,AM_85,experiment1
1,12.2168008410198,1,83,12.4534803045134,2.5,1,TRUE,TRUE,1,SSP3_7_0,AM_85,experiment1
1,10.6945081830892,1,83,12.4534803045134,2.5,1,TRUE,TRUE,1,SSP3_7_0,AM_85,experiment1
1,13.1399596508536,1,83,12.4534803045134,2.5,1,TRUE,TRUE,1,SSP3_7_0,AM_85,experiment1
1,11.8509261812888,1,83,12.4534803045134,2.5,1,TRUE,TRUE,1,SSP3_7_0,AM_85,experiment1
1,10.5891706271284,1,83,12.4534803045134,2.5,1,TRUE,TRUE,1,SSP3_7_0,AM_85,experiment1
1,9.52080463338539,1,83,12.4534803045134,2.5,1,TRUE,TRUE,1,SSP3_7_0,AM_85,experiment1
1,12.8286747542127,1,83,12.4534803045134,2.5,1,TRUE,TRUE,1,SSP3_7_0,AM_85,experiment1
1,12.3310123429859,1,83,12.4534803045134,2.5,1,TRUE,TRUE,1,SSP3_7_0,AM_85,experiment1
1,12.4479120647317,1,83,12.4534803045134,2.5,1,TRUE,TRUE,1,SSP3_7_0,AM_85,experiment1
1,12.1862261299368,1,83,12.4534803045134,2.5,1,TRUE,TRUE,1,SSP3_7_0,AM_85,experiment1
1,9.78942457342681,1,83,12.4534803045134,2.5,1,TRUE,TRUE,1,SSP3_7_0,AM_85,experiment1
1,11.6431312805462,1,83,12.4534803045134,2.5,1,TRUE,TRUE,1,SSP3_7_0,AM_85,experiment1
1,12.3515387378039,1,83,12.4534803045134,2.5,1,TRUE,TRUE,1,SSP3_7_0,AM_85,experiment1
1,11.6841430279724,1,83,12.4534803045134,2.5,1,TRUE,TRUE,1,SSP3_7_0,AM_85,experiment1
1,13.6268363176382,1,83,12.4534803045134,2.5,1,TRUE,TRUE,1,SSP3_7_0,AM_85,experiment1
1,11.4023814578289,1,83,12.4534803045134,2.5,1,TRUE,TRUE,1,SSP3_7_0,AM_85,experiment1
1,9.72670249114274,1,83,12.4534803045134,2.5,1,TRUE,TRUE,1,SSP3_7_0,AM_85,experiment1
1,11.8872418015618,1,83,12.4534803045134,2.5,1,TRUE,TRUE,1,SSP3_7_0,AM_85,experiment1
1,12.1024849021102,1,83,12.4534803045134,2.5,1,TRUE,TRUE,1,SSP3_7_0,AM_85,experiment1
1,11.3053558985047,1,83,12.4534803045134,2.5,1,TRUE,TRUE,1,SSP3_7_0,AM_85,experiment1
1,13.733516408957,1,83,12.4534803045134,2.5,1,TRUE,TRUE,1,SSP3_7_0,AM_85,experiment1
1,11.2974622876537,1,83,12.4534803045134,2.5,1,TRUE,TRUE,1,SSP3_7_0,AM_85,experiment1
1,11.283541621495,1,83,12.4534803045134,2.5,1,TRUE,TRUE,1,SSP3_7_0,AM_85,experiment1
1,11.9190998761913,1,83,12.4534803045134,2.5,1,TRUE,TRUE,1,SSP3_7_0,AM_85,experiment1
1,11.8604043646037,1,83,12.4534803045134,2.5,1,TRUE,TRUE,1,SSP3_7_0,AM_85,experiment1
1,12.0553764890429,1,83,12.4534803045134,2.5,1,TRUE,TRUE,1,SSP3_7_0,AM_85,experiment1
1,12.6522226941513,1,83,12.4534803045134,2.5,1,TRUE,TRUE,1,SSP3_7_0,AM_85,experiment1
1,12.0827155684856,1,83,12.4534803045134,2.5,1,TRUE,TRUE,1,SSP3_7_0,AM_85,experiment1
1,11.6157351539319,1,83,12.4534803045134,2.5,1,TRUE,TRUE,1,SSP3_7_0,AM_85,experiment1
1,11.1862712800975,1,83,12.4534803045134,2.5,1,TRUE,TRUE,1,SSP3_7_0,AM_85,experiment1
1,10.44303853217,1,83,12.4534803045134,2.5,1,TRUE,TRUE,1,SSP3_7_0,AM_85,experiment1
1,13.9257075572869,1,83,12.4534803045134,2.5,1,TRUE,TRUE,1,SSP3_7_0,AM_85,experiment1
1,11.0569182962273,1,83,12.4534803045134,2.5,1,TRUE,TRUE,1,SSP3_7_0,AM_85,experiment1
1,13.3818000302293,1,83,12.4534803045134,2.5,1,TRUE,TRUE,1,SSP3_7_0,AM_85,experiment1
1,11.3525709642286,1,83,12.4534803045134,2.5,1,TRUE,TRUE,1,SSP3_7_0,AM_85,experiment1
1,11.8214564805573,1,83,12.4534803045134,2.5,1,TRUE,TRUE,1,SSP3_7_0,AM_85,experiment1
1,13.12820234133,1,83,12.4534803045134,2.5,1,TRUE,TRUE,1,SSP3_7_0,AM_85,experiment1
1,13.7863026768034,1,83,12.4534803045134,2.5,1,TRUE,TRUE,1,SSP3_7_0,AM_85,experiment1
1,11.3754617640859,1,83,12.4534803045134,2.5,1,TRUE,TRUE,1,SSP3_7_0,AM_85,experiment1
1,11.2717372532645,1,83,12.4534803045134,2.5,1,TRUE,TRUE,1,SSP3_7_0,AM_85,experiment1
1,13.1778258019312,1,83,12.4534803045134,2.5,1,TRUE,TRUE,1,SSP3_7_0,AM_85,experiment1
1,9.60965367203264,1,83,12.4534803045134,2.5,1,TRUE,TRUE,1,SSP3_7_0,AM_85,experiment1
1,10.2972476568545,1,83,12.4534803045134,2.5,1,TRUE,TRUE,1,SSP3_7_0,AM_85,experiment1
1,7.28439985407627,1,83,12.4534803045134,2.5,1,TRUE,TRUE,1,SSP3_7_0,AM_85,experiment1
1,11.4690126584048,1,83,12.4534803045134,2.5,1,TRUE,TRUE,1,SSP3_7_0,AM_85,experiment1
1,11.099608861721,1,83,12.4534803045134,2.5,1,TRUE,TRUE,1,SSP3_7_0,AM_85,experiment1
1,9.97423659158705,1,83,12.4534803045134,2.5,1,TRUE,TRUE,1,SSP3_7_0,AM_85,experiment1
1,13.1678880597315,1,83,12.4534803045134,2.5,1,TRUE,TRUE,1,SSP3_7_0,AM_85,experiment1
1,11.836068776986,1,83,12.4534803045134,2.5,1,TRUE,TRUE,1,SSP3_7_0,AM_85,experiment1
1,12.6659820353689,1,83,12.4534803045134,2.5,1,TRUE,TRUE,1,SSP3_7_0,AM_85,experiment1
1,10.2888890875277,1,83,12.4534803045134,2.5,1,TRUE,TRUE,1,SSP3_7_0,AM_85,experiment1
1,12.2980886643042,1,83,12.4534803045134,2.5,1,TRUE,TRUE,1,SSP3_7_0,AM_85,experiment1
1,12.3867083418463,1,83,12.4534803045134,2.5,1,TRUE,TRUE,1,SSP3_7_0,AM_85,experiment1
1,10.9468563719413,1,83,12.4534803045134,2.5,1,TRUE,TRUE,1,SSP3_7_0,AM_85,experiment1
1,13.0303837086817,1,83,12.4534803045134,2.5,1,TRUE,TRUE,1,SSP3_7_0,AM_85,experiment1
1,10.0779548881772,1,83,12.4534803045134,2.5,1,TRUE,TRUE,1,SSP3_7_0,AM_85,experiment1
1,12.5144944416814,1,83,12.4534803045134,2.5,1,TRUE,TRUE,1,SSP3_7_0,AM_85,experiment1
1,10.8761494698445,1,83,12.4534803045134,2.5,1,TRUE,TRUE,1,SSP3_7_0,AM_85,experiment1
1,12.7512381514064,1,83,12.4534803045134,2.5,1,TRUE,TRUE,1,SSP3_7_0,AM_85,experiment1
1,8.27626532753925,1,83,12.4534803045134,2.5,1,TRUE,TRUE,1,SSP3_7_0,AM_85,experiment1
1,13.2284967931801,1,83,12.4534803045134,2.5,1,TRUE,TRUE,1,SSP3_7_0,AM_85,experiment1
1,13.5899842668491,1,83,12.4534803045134,2.5,1,TRUE,TRUE,1,SSP3_7_0,AM_85,experiment1
1,13.265518217024,1,83,12.4534803045134,2.5,1,TRUE,TRUE,1,SSP3_7_0,AM_85,experiment1
1,10.1657464207384,1,83,12.4534803045134,2.5,1,TRUE,TRUE,1,SSP3_7_0,AM_85,experiment1
1,12.3947707960671,1,83,12.4534803045134,2.5,1,TRUE,TRUE,1,SSP3_7_0,AM_85,experiment1
1,13.592060009534,1,83,12.4534803045134,2.5,1,TRUE,TRUE,1,SSP3_7_0,AM_85,experiment1
1,9.60484989365465,1,83,12.4534803045134,2.5,1,TRUE,TRUE,1,SSP3_7_0,AM_85,experiment1
1,13.6097419195146,1,83,12.4534803045134,2.5,1,TRUE,TRUE,1,SSP3_7_0,AM_85,experiment1
1,11.8125875384118,1,83,12.4534803045134,2.5,1,TRUE,TRUE,1,SSP3_7_0,AM_85,experiment1
1,11.3888422706405,1,83,12.4534803045134,2.5,1,TRUE,TRUE,1,SSP3_7_0,AM_85,experiment1
1,11.7879466248991,1,83,12.4534803045134,2.5,1,TRUE,TRUE,1,SSP3_7_0,AM_85,experiment1
1,13.5129891920739,1,83,12.4534803045134,2.5,1,TRUE,TRUE,1,SSP3_7_0,AM_85,experiment1
1,12.0737915048549,1,83,12.4534803045134,2.5,1,TRUE,TRUE,1,SSP3_7_0,AM_85,experiment1
1,8.98414352680127,1,83,12.4534803045134,2.5,1,TRUE,TRUE,1,SSP3_7_0,AM_85,experiment1
1,11.3073101169188,1,83,12.4534803045134,2.5,1,TRUE,TRUE,1,SSP3_7_0,AM_85,experiment1
1,10.5176508621533,1,83,12.4534803045134,2.5,1,TRUE,TRUE,1,SSP3_7_0,AM_85,experiment1
1,11.5445181637084,1,83,12.4534803045134,2.5,1,TRUE,TRUE,1,SSP3_7_0,AM_85,experiment1
1,12.301159305221,1,83,12.4534803045134,2.5,1,TRUE,TRUE,1,SSP3_7_0,AM_85,experiment1
1,12.5305700947197,1,83,12.4534803045134,2.5,1,TRUE,TRUE,1,SSP3_7_0,AM_85,experiment1
1,9.98849896411073,1,83,12.4534803045134,2.5,1,TRUE,TRUE,1,SSP3_7_0,AM_85,experiment1
1,12.7118449295781,1,83,12.4534803045134,2.5,1,TRUE,TRUE,1,SSP3_7_0,AM_85,experiment1
1,12.0492847385073,1,83,12.4534803045134,2.5,1,TRUE,TRUE,1,SSP3_7_0,AM_85,experiment1
1,11.3462839079595,1,83,12.4534803045134,2.5,1,TRUE,TRUE,1,SSP3_7_0,AM_85,experiment1
1,12.3011319000423,1,83,12.4534803045134,2.5,1,TRUE,TRUE,1,SSP3_7_0,AM_85,experiment1
1,11.1489235637443,1,83,12.4534803045134,2.5,1,TRUE,TRUE,1,SSP3_7_0,AM_85,experiment1
1,10.7040328079431,1,83,12.4534803045134,2.5,1,TRUE,TRUE,1,SSP3_7_0,AM_85,experiment1
1,12.2180069458272,1,83,12.4534803045134,2.5,1,TRUE,TRUE,1,SSP3_7_0,AM_85,experiment1
1,11.9030618762297,1,83,12.4534803045134,2.5,1,TRUE,TRUE,1,SSP3_7_0,AM_85,experiment1
1,11.9289187136532,1,83,12.4534803045134,2.5,1,TRUE,TRUE,1,SSP3_7_0,AM_85,experiment1
1,10.418072756844,1,83,12.4534803045134,2.5,1,TRUE,TRUE,1,SSP3_7_0,AM_85,experiment1
1,11.3217247264586,1,83,12.4534803045134,2.5,1,TRUE,TRUE,1,SSP3_7_0,AM_85,experiment1
1,13.0856219662465,1,83,12.4534803045134,2.5,1,TRUE,TRUE,1,SSP3_7_0,AM_85,experiment1
1,11.4003013752675,1,83,12.4534803045134,2.5,1,TRUE,TRUE,1,SSP3_7_0,AM_85,experiment1
1,11.6605641878426,1,83,12.4534803045134,2.5,1,TRUE,TRUE,1,SSP3_7_0,AM_85,experiment1
1,12.3617380535342,1,83,12.4534803045134,2.5,1,TRUE,TRUE,1,SSP3_7_0,AM_85,experiment1
1,11.3286967117364,1,83,12.4534803045134,2.5,1,TRUE,TRUE,1,SSP3_7_0,AM_85,experiment1
1,11.9368317011396,1,83,12.4534803045134,2.5,1,TRUE,TRUE,1,SSP3_7_0,AM_85,experiment1
1,10.6677017843672,1,83,12.4534803045134,2.5,1,TRUE,TRUE,1,SSP3_7_0,AM_85,experiment1
4,8.53946694743551,1,83,14.4845650956494,2.5,2.5,TRUE,TRUE,1,SSP3_7_0,AM_85,experiment1
2,14.1979600509052,1,83,14.4845650956494,2.5,2.5,TRUE,TRUE,1,SSP3_7_0,AM_85,experiment1
2,11.3225431661931,1,83,14.4845650956494,2.5,2.5,TRUE,TRUE,1,SSP3_7_0,AM_85,experiment1
4,14.3042897866106,1,83,14.4845650956494,2.5,2.5,TRUE,TRUE,1,SSP3_7_0,AM_85,experiment1
3,13.4735613766948,1,83,14.4845650956494,2.5,2.5,TRUE,TRUE,1,SSP3_7_0,AM_85,experiment1
4,13.2067525663046,1,83,14.4845650956494,2.5,2.5,TRUE,TRUE,1,SSP3_7_0,AM_85,experiment1
6,14.0890688895635,1,83,14.4845650956494,2.5,2.5,TRUE,TRUE,1,SSP3_7_0,AM_85,experiment1
5,12.6281454593427,1,83,14.4845650956494,2.5,2.5,TRUE,TRUE,1,SSP3_7_0,AM_85,experiment1
4,11.852975914183,1,83,14.4845650956494,2.5,2.5,TRUE,TRUE,1,SSP3_7_0,AM_85,experiment1
2,12.8159361079788,1,83,14.4845650956494,2.5,2.5,TRUE,TRUE,1,SSP3_7_0,AM_85,experiment1
5,14.9736914963907,1,83,14.4845650956494,2.5,2.5,TRUE,TRUE,1,SSP3_7_0,AM_85,experiment1
6,14.2146302918032,1,83,14.4845650956494,2.5,2.5,TRUE,TRUE,1,SSP3_7_0,AM_85,experiment1
6,14.1538886777167,1,83,14.4845650956494,2.5,2.5,TRUE,TRUE,1,SSP3_7_0,AM_85,experiment1
3,14.5111974715929,1,83,14.4845650956494,2.5,2.5,TRUE,TRUE,1,SSP3_7_0,AM_85,experiment1
2,14.4165272004276,1,83,14.4845650956494,2.5,2.5,TRUE,TRUE,1,SSP3_7_0,AM_85,experiment1
4,13.7266672762273,1,83,14.4845650956494,2.5,2.5,TRUE,TRUE,1,SSP3_7_0,AM_85,experiment1
3,12.3881490768472,1,83,14.4845650956494,2.5,2.5,TRUE,TRUE,1,SSP3_7_0,AM_85,experiment1
4,10.8652871374755,1,83,14.4845650956494,2.5,2.5,TRUE,TRUE,1,SSP3_7_0,AM_85,experiment1
6,11.4717201777873,1,83,14.4845650956494,2.5,2.5,TRUE,TRUE,1,SSP3_7_0,AM_85,experiment1
5,13.8837454828693,1,83,14.4845650956494,2.5,2.5,TRUE,TRUE,1,SSP3_7_0,AM_85,experiment1
7,14.3589439197928,1,83,14.4845650956494,2.5,2.5,TRUE,TRUE,1,SSP3_7_0,AM_85,experiment1
6,14.0376902563441,1,83,14.4845650956494,2.5,2.5,TRUE,TRUE,1,SSP3_7_0,AM_85,experiment1
6,13.6210993992131,1,83,14.4845650956494,2.5,2.5,TRUE,TRUE,1,SSP3_7_0,AM_85,experiment1
5,11.1314172608953,1,83,14.4845650956494,2.5,2.5,TRUE,TRUE,1,SSP3_7_0,AM_85,experiment1
3,14.3981404537151,1,83,14.4845650956494,2.5,2.5,TRUE,TRUE,1,SSP3_7_0,AM_85,experiment1
5,13.882288554915,1,83,14.4845650956494,2.5,2.5,TRUE,TRUE,1,SSP3_7_0,AM_85,experiment1
5,13.4919258716315,1,83,14.4845650956494,2.5,2.5,TRUE,TRUE,1,SSP3_7_0,AM_85,experiment1
3,12.7464786755427,1,83,14.4845650956494,2.5,2.5,TRUE,TRUE,1,SSP3_7_0,AM_85,experiment1
4,13.2405668884571,1,83,14.4845650956494,2.5,2.5,TRUE,TRUE,1,SSP3_7_0,AM_85,experiment1
2,12.9631792942555,1,83,14.4845650956494,2.5,2.5,TRUE,TRUE,1,SSP3_7_0,AM_85,experiment1
2,12.5775915885138,1,83,14.4845650956494,2.5,2.5,TRUE,TRUE,1,SSP3_7_0,AM_85,experiment1
3,14.9244240753785,1,83,14.4845650956494,2.5,2.5,TRUE,TRUE,1,SSP3_7_0,AM_85,experiment1
1,14.2907004614351,1,83,14.4845650956494,2.5,2.5,TRUE,TRUE,1,SSP3_7_0,AM_85,experiment1
10,11.7462782789278,1,83,14.4845650956494,2.5,2.5,TRUE,TRUE,1,SSP3_7_0,AM_85,experiment1
5,14.286400714677,1,83,14.4845650956494,2.5,2.5,TRUE,TRUE,1,SSP3_7_0,AM_85,experiment1
6,13.7755886215318,1,83,14.4845650956494,2.5,2.5,TRUE,TRUE,1,SSP3_7_0,AM_85,experiment1
3,14.2275739505112,1,83,14.4845650956494,2.5,2.5,TRUE,TRUE,1,SSP3_7_0,AM_85,experiment1
3,12.9882852844826,1,83,14.4845650956494,2.5,2.5,TRUE,TRUE,1,SSP3_7_0,AM_85,experiment1
1,15.1047931970268,1,83,14.4845650956494,2.5,2.5,TRUE,TRUE,1,SSP3_7_0,AM_85,experiment1
2,14.6825328543044,1,83,14.4845650956494,2.5,2.5,TRUE,TRUE,1,SSP3_7_0,AM_85,experiment1
4,10.4166557709867,1,83,14.4845650956494,2.5,2.5,TRUE,TRUE,1,SSP3_7_0,AM_85,experiment1
2,11.9730975578489,1,83,14.4845650956494,2.5,2.5,TRUE,TRUE,1,SSP3_7_0,AM_85,experiment1
5,11.7845211848549,1,83,14.4845650956494,2.5,2.5,TRUE,TRUE,1,SSP3_7_0,AM_85,experiment1
4,14.2918723161829,1,83,14.4845650956494,2.5,2.5,TRUE,TRUE,1,SSP3_7_0,AM_85,experiment1
6,13.7143456511121,1,83,14.4845650956494,2.5,2.5,TRUE,TRUE,1,SSP3_7_0,AM_85,experiment1
6,13.5636307753482,1,83,14.4845650956494,2.5,2.5,TRUE,TRUE,1,SSP3_7_0,AM_85,experiment1
3,14.5678672252782,1,83,14.4845650956494,2.5,2.5,TRUE,TRUE,1,SSP3_7_0,AM_85,experiment1
3,10.9388527647986,1,83,14.4845650956494,2.5,2.5,TRUE,TRUE,1,SSP3_7_0,AM_85,experiment1
3,13.1801139225336,1,83,14.4845650956494,2.5,2.5,TRUE,TRUE,1,SSP3_7_0,AM_85,experiment1
3,14.6044037791863,1,83,14.4845650956494,2.5,2.5,TRUE,TRUE,1,SSP3_7_0,AM_85,experiment1
4,14.5636955846368,1,83,14.4845650956494,2.5,2.5,TRUE,TRUE,1,SSP3_7_0,AM_85,experiment1
5,14.7083124470584,1,83,14.4845650956494,2.5,2.5,TRUE,TRUE,1,SSP3_7_0,AM_85,experiment1
5,12.0750028313637,1,83,14.4845650956494,2.5,2.5,TRUE,TRUE,1,SSP3_7_0,AM_85,experiment1
5,10.4187333808686,1,83,14.4845650956494,2.5,2.5,TRUE,TRUE,1,SSP3_7_0,AM_85,experiment1
2,8.47572848388522,1,83,14.4845650956494,2.5,2.5,TRUE,TRUE,1,SSP3_7_0,AM_85,experiment1
8,15.2567615241601,1,83,14.4845650956494,2.5,2.5,TRUE,TRUE,1,SSP3_7_0,AM_85,experiment1
3,12.3328056224925,1,83,14.4845650956494,2.5,2.5,TRUE,TRUE,1,SSP3_7_0,AM_85,experiment1
4,12.5264291304992,1,83,14.4845650956494,2.5,2.5,TRUE,TRUE,1,SSP3_7_0,AM_85,experiment1
1,11.7936972070231,1,83,14.4845650956494,2.5,2.5,TRUE,TRUE,1,SSP3_7_0,AM_85,experiment1
6,12.4717926174997,1,83,14.4845650956494,2.5,2.5,TRUE,TRUE,1,SSP3_7_0,AM_85,experiment1
7,15.2627649506312,1,83,14.4845650956494,2.5,2.5,TRUE,TRUE,1,SSP3_7_0,AM_85,experiment1
8,13.3650609392772,1,83,14.4845650956494,2.5,2.5,TRUE,TRUE,1,SSP3_7_0,AM_85,experiment1
3,13.7567824574851,1,83,14.4845650956494,2.5,2.5,TRUE,TRUE,1,SSP3_7_0,AM_85,experiment1
3,11.8096269977015,1,83,14.4845650956494,2.5,2.5,TRUE,TRUE,1,SSP3_7_0,AM_85,experiment1
3,15.3881763654185,1,83,14.4845650956494,2.5,2.5,TRUE,TRUE,1,SSP3_7_0,AM_85,experiment1
3,12.6470163156394,1,83,14.4845650956494,2.5,2.5,TRUE,TRUE,1,SSP3_7_0,AM_85,experiment1
5,15.0765080976124,1,83,14.4845650956494,2.5,2.5,TRUE,TRUE,1,SSP3_7_0,AM_85,experiment1
1,0.95,1,83,14.4845650956494,2.5,2.5,TRUE,TRUE,1,SSP3_7_0,AM_85,experiment1
4,11.8400072875514,1,83,14.4845650956494,2.5,2.5,TRUE,TRUE,1,SSP3_7_0,AM_85,experiment1
4,13.5385161929035,1,83,14.4845650956494,2.5,2.5,TRUE,TRUE,1,SSP3_7_0,AM_85,experiment1
7,14.5783827309886,1,83,14.4845650956494,2.5,2.5,TRUE,TRUE,1,SSP3_7_0,AM_85,experiment1
5,13.4224615540264,1,83,14.4845650956494,2.5,2.5,TRUE,TRUE,1,SSP3_7_0,AM_85,experiment1
2,14.0929822367337,1,83,14.4845650956494,2.5,2.5,TRUE,TRUE,1,SSP3_7_0,AM_85,experiment1
6,14.3559165347236,1,83,14.4845650956494,2.5,2.5,TRUE,TRUE,1,SSP3_7_0,AM_85,experiment1
1,14.0853362197675,1,83,14.4845650956494,2.5,2.5,TRUE,TRUE,1,SSP3_7_0,AM_85,experiment1
8,14.2755939451923,1,83,14.4845650956494,2.5,2.5,TRUE,TRUE,1,SSP3_7_0,AM_85,experiment1
3,13.6386323989335,1,83,14.4845650956494,2.5,2.5,TRUE,TRUE,1,SSP3_7_0,AM_85,experiment1
4,14.2039952777366,1,83,14.4845650956494,2.5,2.5,TRUE,TRUE,1,SSP3_7_0,AM_85,experiment1
8,13.7956815471338,1,83,14.4845650956494,2.5,2.5,TRUE,TRUE,1,SSP3_7_0,AM_85,experiment1
4,13.2792196236087,1,83,14.4845650956494,2.5,2.5,TRUE,TRUE,1,SSP3_7_0,AM_85,experiment1
4,14.6195483635653,1,83,14.4845650956494,2.5,2.5,TRUE,TRUE,1,SSP3_7_0,AM_85,experiment1
3,14.4696526295535,1,83,14.4845650956494,2.5,2.5,TRUE,TRUE,1,SSP3_7_0,AM_85,experiment1
4,12.1780078732958,1,83,14.4845650956494,2.5,2.5,TRUE,TRUE,1,SSP3_7_0,AM_85,experiment1
3,14.7433943311569,1,83,14.4845650956494,2.5,2.5,TRUE,TRUE,1,SSP3_7_0,AM_85,experiment1
4,14.44462673691,1,83,14.4845650956494,2.5,2.5,TRUE,TRUE,1,SSP3_7_0,AM_85,experiment1
6,13.7474479389422,1,83,14.4845650956494,2.5,2.5,TRUE,TRUE,1,SSP3_7_0,AM_85,experiment1
5,13.6293090255805,1,83,14.4845650956494,2.5,2.5,TRUE,TRUE,1,SSP3_7_0,AM_85,experiment1
6,11.0915806458353,1,83,14.4845650956494,2.5,2.5,TRUE,TRUE,1,SSP3_7_0,AM_85,experiment1
7,12.7536065310678,1,83,14.4845650956494,2.5,2.5,TRUE,TRUE,1,SSP3_7_0,AM_85,experiment1
7,14.6787944850322,1,83,14.4845650956494,2.5,2.5,TRUE,TRUE,1,SSP3_7_0,AM_85,experiment1
2,13.1374805801385,1,83,14.4845650956494,2.5,2.5,TRUE,TRUE,1,SSP3_7_0,AM_85,experiment1
2,13.6716274193124,1,83,14.4845650956494,2.5,2.5,TRUE,TRUE,1,SSP3_7_0,AM_85,experiment1
3,13.887549771218,1,83,14.4845650956494,2.5,2.5,TRUE,TRUE,1,SSP3_7_0,AM_85,experiment1
4,14.1422181953573,1,83,14.4845650956494,2.5,2.5,TRUE,TRUE,1,SSP3_7_0,AM_85,experiment1
6,14.8699778482391,1,83,14.4845650956494,2.5,2.5,TRUE,TRUE,1,SSP3_7_0,AM_85,experiment1
5,14.7734688160778,1,83,14.4845650956494,2.5,2.5,TRUE,TRUE,1,SSP3_7_0,AM_85,experiment1
3,13.302466520394,1,83,14.4845650956494,2.5,2.5,TRUE,TRUE,1,SSP3_7_0,AM_85,experiment1
5,11.9301043846993,1,83,14.4845650956494,2.5,2.5,TRUE,TRUE,1,SSP3_7_0,AM_85,experiment1
5,14.6345024168471,1,83,14.4845650956494,2.5,2.5,TRUE,TRUE,1,SSP3_7_0,AM_85,experiment1
5,14.3657044564978,1,83,14.4845650956494,2.5,2.5,TRUE,TRUE,1,SSP3_7_0,AM_85,experiment1
3,14.6531389074228,1,83,14.4845650956494,2.5,2.5,TRUE,TRUE,1,SSP3_7_0,AM_85,experiment1
1,9.59181091776285,1,83,14.4845650956494,2.5,2.5,TRUE,TRUE,1,SSP3_7_0,AM_85,experiment1
4,13.6193406757306,1,83,14.4845650956494,2.5,2.5,TRUE,TRUE,1,SSP3_7_0,AM_85,experiment1
5,14.5499724750883,1,83,14.4845650956494,2.5,2.5,TRUE,TRUE,1,SSP3_7_0,AM_85,experiment1
7,10.7927561305718,1,83,14.4845650956494,2.5,2.5,TRUE,TRUE,1,SSP3_7_0,AM_85,experiment1
3,14.3836071045804,1,83,14.4845650956494,2.5,2.5,TRUE,TRUE,1,SSP3_7_0,AM_85,experiment1
1,9.81947943437425,1,83,14.4845650956494,2.5,2.5,TRUE,TRUE,1,SSP3_7_0,AM_85,experiment1
3,12.9632596773729,1,83,14.4845650956494,2.5,2.5,TRUE,TRUE,1,SSP3_7_0,AM_85,experiment1
3,11.453279674724,1,83,14.4845650956494,2.5,2.5,TRUE,TRUE,1,SSP3_7_0,AM_85,experiment1
5,14.5533533669938,1,83,14.4845650956494,2.5,2.5,TRUE,TRUE,1,SSP3_7_0,AM_85,experiment1
5,12.654545849393,1,83,14.4845650956494,2.5,2.5,TRUE,TRUE,1,SSP3_7_0,AM_85,experiment1
3,11.9609532330854,1,83,14.4845650956494,2.5,2.5,TRUE,TRUE,1,SSP3_7_0,AM_85,experiment1
1,4.44696296716601,1,83,14.4845650956494,2.5,2.5,TRUE,TRUE,1,SSP3_7_0,AM_85,experiment1
5,12.9961974562694,1,83,14.4845650956494,2.5,2.5,TRUE,TRUE,1,SSP3_7_0,AM_85,experiment1
4,14.4683099460148,1,83,14.4845650956494,2.5,2.5,TRUE,TRUE,1,SSP3_7_0,AM_85,experiment1
3,14.8734672113889,1,83,14.4845650956494,2.5,2.5,TRUE,TRUE,1,SSP3_7_0,AM_85,experiment1
2,9.77309283211787,1,83,14.4845650956494,2.5,2.5,TRUE,TRUE,1,SSP3_7_0,AM_85,experiment1
2,11.8328151533309,1,83,14.4845650956494,2.5,2.5,TRUE,TRUE,1,SSP3_7_0,AM_85,experiment1
4,14.9583363596694,1,83,14.4845650956494,2.5,2.5,TRUE,TRUE,1,SSP3_7_0,AM_85,experiment1
4,13.0376047684065,1,83,14.4845650956494,2.5,2.5,TRUE,TRUE,1,SSP3_7_0,AM_85,experiment1
4,14.5695958940007,1,83,14.4845650956494,2.5,2.5,TRUE,TRUE,1,SSP3_7_0,AM_85,experiment1
2,14.5284729928836,1,83,14.4845650956494,2.5,2.5,TRUE,TRUE,1,SSP3_7_0,AM_85,experiment1
1,6.88484778066506,1,83,14.4845650956494,2.5,2.5,TRUE,TRUE,1,SSP3_7_0,AM_85,experiment1
4,13.5201110473721,1,83,14.4845650956494,2.5,2.5,TRUE,TRUE,1,SSP3_7_0,AM_85,experiment1
4,9.43375390574165,1,83,14.4845650956494,2.5,2.5,TRUE,TRUE,1,SSP3_7_0,AM_85,experiment1
4,12.2651332979711,1,83,14.4845650956494,2.5,2.5,TRUE,TRUE,1,SSP3_7_0,AM_85,experiment1
4,10.3269628494572,1,83,14.4845650956494,2.5,2.5,TRUE,TRUE,1,SSP3_7_0,AM_85,experiment1
3,14.5146811091101,1,83,14.4845650956494,2.5,2.5,TRUE,TRUE,1,SSP3_7_0,AM_85,experiment1
4,14.5498734828712,1,83,14.4845650956494,2.5,2.5,TRUE,TRUE,1,SSP3_7_0,AM_85,experiment1
3,13.747897318416,1,83,14.4845650956494,2.5,2.5,TRUE,TRUE,1,SSP3_7_0,AM_85,experiment1
6,11.7402597236274,1,83,14.4845650956494,2.5,2.5,TRUE,TRUE,1,SSP3_7_0,AM_85,experiment1
5,11.4702709312281,1,83,14.4845650956494,2.5,2.5,TRUE,TRUE,1,SSP3_7_0,AM_85,experiment1
3,14.7625683342871,1,83,14.4845650956494,2.5,2.5,TRUE,TRUE,1,SSP3_7_0,AM_85,experiment1
4,14.5328456896066,1,83,14.4845650956494,2.5,2.5,TRUE,TRUE,1,SSP3_7_0,AM_85,experiment1
2,10.2589115470554,1,83,14.4845650956494,2.5,2.5,TRUE,TRUE,1,SSP3_7_0,AM_85,experiment1
6,13.276000619455,1,83,14.4845650956494,2.5,2.5,TRUE,TRUE,1,SSP3_7_0,AM_85,experiment1
7,11.589942287833,1,83,14.4845650956494,2.5,2.5,TRUE,TRUE,1,SSP3_7_0,AM_85,experiment1
1,13.4131434419953,1,83,14.4845650956494,2.5,2.5,TRUE,TRUE,1,SSP3_7_0,AM_85,experiment1
2,11.9000142458435,1,83,14.4845650956494,2.5,2.5,TRUE,TRUE,1,SSP3_7_0,AM_85,experiment1
1,9.98389229951908,1,83,14.4845650956494,2.5,2.5,TRUE,TRUE,1,SSP3_7_0,AM_85,experiment1
2,13.6470491000207,1,83,14.4845650956494,2.5,2.5,TRUE,TRUE,1,SSP3_7_0,AM_85,experiment1
5,14.0223668419221,1,83,14.4845650956494,2.5,2.5,TRUE,TRUE,1,SSP3_7_0,AM_85,experiment1
6,11.3125360481941,1,83,14.4845650956494,2.5,2.5,TRUE,TRUE,1,SSP3_7_0,AM_85,experiment1
4,12.0210556350265,1,83,14.4845650956494,2.5,2.5,TRUE,TRUE,1,SSP3_7_0,AM_85,experiment1
5,13.8823980694081,1,83,14.4845650956494,2.5,2.5,TRUE,TRUE,1,SSP3_7_0,AM_85,experiment1
5,11.9112550397028,1,83,14.4845650956494,2.5,2.5,TRUE,TRUE,1,SSP3_7_0,AM_85,experiment1
3,10.8624955578679,1,83,14.4845650956494,2.5,2.5,TRUE,TRUE,1,SSP3_7_0,AM_85,experiment1
11,12.140408253615,1,83,14.4845650956494,2.5,2.5,TRUE,TRUE,1,SSP3_7_0,AM_85,experiment1
6,14.6303931089988,1,83,14.4845650956494,2.5,2.5,TRUE,TRUE,1,SSP3_7_0,AM_85,experiment1
5,14.499271374803,1,83,14.4845650956494,2.5,2.5,TRUE,TRUE,1,SSP3_7_0,AM_85,experiment1
7,12.4559459858883,1,83,14.4845650956494,2.5,2.5,TRUE,TRUE,1,SSP3_7_0,AM_85,experiment1
5,13.7392176706361,1,83,14.4845650956494,2.5,2.5,TRUE,TRUE,1,SSP3_7_0,AM_85,experiment1
3,14.5291506144761,1,83,14.4845650956494,2.5,2.5,TRUE,TRUE,1,SSP3_7_0,AM_85,experiment1
4,14.7308442455981,1,83,14.4845650956494,2.5,2.5,TRUE,TRUE,1,SSP3_7_0,AM_85,experiment1
4,14.602160565021,1,83,14.4845650956494,2.5,2.5,TRUE,TRUE,1,SSP3_7_0,AM_85,experiment1
5,12.6529662983451,1,83,14.4845650956494,2.5,2.5,TRUE,TRUE,1,SSP3_7_0,AM_85,experiment1
7,14.2385081985173,1,83,14.4845650956494,2.5,2.5,TRUE,TRUE,1,SSP3_7_0,AM_85,experiment1
6,14.3536269649068,1,83,14.4845650956494,2.5,2.5,TRUE,TRUE,1,SSP3_7_0,AM_85,experiment1
1,11.6575851486739,1,83,14.4845650956494,2.5,2.5,TRUE,TRUE,1,SSP3_7_0,AM_85,experiment1
5,13.7187674625585,1,83,14.4845650956494,2.5,2.5,TRUE,TRUE,1,SSP3_7_0,AM_85,experiment1
5,14.1647296262447,1,83,14.4845650956494,2.5,2.5,TRUE,TRUE,1,SSP3_7_0,AM_85,experiment1
4,10.4638420151374,1,83,14.4845650956494,2.5,2.5,TRUE,TRUE,1,SSP3_7_0,AM_85,experiment1
5,14.7038841426158,1,83,14.4845650956494,2.5,2.5,TRUE,TRUE,1,SSP3_7_0,AM_85,experiment1
3,12.3603050381182,1,83,14.4845650956494,2.5,2.5,TRUE,TRUE,1,SSP3_7_0,AM_85,experiment1
4,14.4602998643689,1,83,14.4845650956494,2.5,2.5,TRUE,TRUE,1,SSP3_7_0,AM_85,experiment1
3,14.9502736480958,1,83,14.4845650956494,2.5,2.5,TRUE,TRUE,1,SSP3_7_0,AM_85,experiment1
3,9.94164605705956,1,83,14.4845650956494,2.5,2.5,TRUE,TRUE,1,SSP3_7_0,AM_85,experiment1
3,12.7464300051749,1,83,14.4845650956494,2.5,2.5,TRUE,TRUE,1,SSP3_7_0,AM_85,experiment1
6,13.7746316374561,1,83,14.4845650956494,2.5,2.5,TRUE,TRUE,1,SSP3_7_0,AM_85,experiment1
1,6.96389583882115,1,83,14.4845650956494,2.5,2.5,TRUE,TRUE,1,SSP3_7_0,AM_85,experiment1
5,14.4562837682625,1,83,14.4845650956494,2.5,2.5,TRUE,TRUE,1,SSP3_7_0,AM_85,experiment1
6,12.6797810555544,1,83,14.4845650956494,2.5,2.5,TRUE,TRUE,1,SSP3_7_0,AM_85,experiment1
4,10.6492931229263,1,83,14.4845650956494,2.5,2.5,TRUE,TRUE,1,SSP3_7_0,AM_85,experiment1
6,13.4125382456633,1,83,14.4845650956494,2.5,2.5,TRUE,TRUE,1,SSP3_7_0,AM_85,experiment1
6,13.6181624150801,1,83,14.4845650956494,2.5,2.5,TRUE,TRUE,1,SSP3_7_0,AM_85,experiment1
5,13.0927281490726,1,83,14.4845650956494,2.5,2.5,TRUE,TRUE,1,SSP3_7_0,AM_85,experiment1
3,14.9662071711886,1,83,14.4845650956494,2.5,2.5,TRUE,TRUE,1,SSP3_7_0,AM_85,experiment1
5,15.0299841025719,1,83,14.4845650956494,2.5,2.5,TRUE,TRUE,1,SSP3_7_0,AM_85,experiment1
7,13.797251569899,1,83,14.4845650956494,2.5,2.5,TRUE,TRUE,1,SSP3_7_0,AM_85,experiment1
3,12.2709914793169,1,83,14.4845650956494,2.5,2.5,TRUE,TRUE,1,SSP3_7_0,AM_85,experiment1
7,14.0096194874121,1,83,14.4845650956494,2.5,2.5,TRUE,TRUE,1,SSP3_7_0,AM_85,experiment1
3,14.3454021278216,1,83,14.4845650956494,2.5,2.5,TRUE,TRUE,1,SSP3_7_0,AM_85,experiment1
4,11.9871910947857,1,83,14.4845650956494,2.5,2.5,TRUE,TRUE,1,SSP3_7_0,AM_85,experiment1
2,13.3640295389732,1,83,14.4845650956494,2.5,2.5,TRUE,TRUE,1,SSP3_7_0,AM_85,experiment1
6,14.4267889896204,1,83,14.4845650956494,2.5,2.5,TRUE,TRUE,1,SSP3_7_0,AM_85,experiment1
3,12.8431681633209,1,83,14.4845650956494,2.5,2.5,TRUE,TRUE,1,SSP3_7_0,AM_85,experiment1
5,15.8416775232699,1,83,14.4845650956494,2.5,2.5,TRUE,TRUE,1,SSP3_7_0,AM_85,experiment1
7,11.0026343599531,1,83,14.4845650956494,2.5,2.5,TRUE,TRUE,1,SSP3_7_0,AM_85,experiment1
3,13.6684431828466,1,83,14.4845650956494,2.5,2.5,TRUE,TRUE,1,SSP3_7_0,AM_85,experiment1
1,12.4502321314366,1,83,14.4845650956494,2.5,2.5,TRUE,TRUE,1,SSP3_7_0,AM_85,experiment1
1,12.796502377948,1,83,14.4845650956494,2.5,2.5,TRUE,TRUE,1,SSP3_7_0,AM_85,experiment1
4,13.4649923745802,1,83,14.4845650956494,2.5,2.5,TRUE,TRUE,1,SSP3_7_0,AM_85,experiment1
4,11.1028084760006,1,83,14.4845650956494,2.5,2.5,TRUE,TRUE,1,SSP3_7_0,AM_85,experiment1
4,14.0358595029869,1,83,14.4845650956494,2.5,2.5,TRUE,TRUE,1,SSP3_7_0,AM_85,experiment1
8,12.8128486797949,1,83,14.4845650956494,2.5,2.5,TRUE,TRUE,1,SSP3_7_0,AM_85,experiment1
4,13.7936659001156,1,83,14.4845650956494,2.5,2.5,TRUE,TRUE,1,SSP3_7_0,AM_85,experiment1
6,12.5018446826864,1,83,14.4845650956494,2.5,2.5,TRUE,TRUE,1,SSP3_7_0,AM_85,experiment1
5,14.6866838980241,1,83,14.4845650956494,2.5,2.5,TRUE,TRUE,1,SSP3_7_0,AM_85,experiment1
6,12.9226265718397,1,83,14.4845650956494,2.5,2.5,TRUE,TRUE,1,SSP3_7_0,AM_85,experiment1
2,11.1532309258853,1,83,14.4845650956494,2.5,2.5,TRUE,TRUE,1,SSP3_7_0,AM_85,experiment1
6,8.05068815880752,1,83,14.4845650956494,2.5,2.5,TRUE,TRUE,1,SSP3_7_0,AM_85,experiment1
6,14.7717063903267,1,83,14.4845650956494,2.5,2.5,TRUE,TRUE,1,SSP3_7_0,AM_85,experiment1
3,12.8533097519517,1,83,14.4845650956494,2.5,2.5,TRUE,TRUE,1,SSP3_7_0,AM_85,experiment1
5,10.6279807522585,1,83,14.4845650956494,2.5,2.5,TRUE,TRUE,1,SSP3_7_0,AM_85,experiment1
4,13.7248666087553,1,83,14.4845650956494,2.5,2.5,TRUE,TRUE,1,SSP3_7_0,AM_85,experiment1
6,13.4679013215477,1,83,14.4845650956494,2.5,2.5,TRUE,TRUE,1,SSP3_7_0,AM_85,experiment1
3,12.3866307935182,1,83,14.4845650956494,2.5,2.5,TRUE,TRUE,1,SSP3_7_0,AM_85,experiment1
2,12.5028620747589,1,83,14.4845650956494,2.5,2.5,TRUE,TRUE,1,SSP3_7_0,AM_85,experiment1
11,11.5296597014032,1,83,14.4845650956494,2.5,2.5,TRUE,TRUE,1,SSP3_7_0,AM_85,experiment1
3,12.8533049041271,1,83,14.4845650956494,2.5,2.5,TRUE,TRUE,1,SSP3_7_0,AM_85,experiment1
8,12.5661584800671,1,83,14.4845650956494,2.5,2.5,TRUE,TRUE,1,SSP3_7_0,AM_85,experiment1
7,14.8906029717507,1,83,14.4845650956494,2.5,2.5,TRUE,TRUE,1,SSP3_7_0,AM_85,experiment1
8,12.3899210471395,1,83,14.4845650956494,2.5,2.5,TRUE,TRUE,1,SSP3_7_0,AM_85,experiment1
6,13.9571006610598,1,83,14.4845650956494,2.5,2.5,TRUE,TRUE,1,SSP3_7_0,AM_85,experiment1
6,13.2687612601282,1,83,14.4845650956494,2.5,2.5,TRUE,TRUE,1,SSP3_7_0,AM_85,experiment1
3,13.442527699899,1,83,14.4845650956494,2.5,2.5,TRUE,TRUE,1,SSP3_7_0,AM_85,experiment1
1,12.4649979677092,1,83,14.4845650956494,2.5,2.5,TRUE,TRUE,1,SSP3_7_0,AM_85,experiment1
5,12.9062840578967,1,83,14.4845650956494,2.5,2.5,TRUE,TRUE,1,SSP3_7_0,AM_85,experiment1
10,13.1742987105288,1,83,14.4845650956494,2.5,2.5,TRUE,TRUE,1,SSP3_7_0,AM_85,experiment1
2,10.8434274766386,1,83,14.4845650956494,2.5,2.5,TRUE,TRUE,1,SSP3_7_0,AM_85,experiment1
2,12.834764113535,1,83,14.4845650956494,2.5,2.5,TRUE,TRUE,1,SSP3_7_0,AM_85,experiment1
6,12.6730870407259,1,83,14.4845650956494,2.5,2.5,TRUE,TRUE,1,SSP3_7_0,AM_85,experiment1
2,13.70202234508,1,83,14.4845650956494,2.5,2.5,TRUE,TRUE,1,SSP3_7_0,AM_85,experiment1
1,9.24426576068138,1,83,14.4845650956494,2.5,2.5,TRUE,TRUE,1,SSP3_7_0,AM_85,experiment1
5,13.9479443678605,1,83,14.4845650956494,2.5,2.5,TRUE,TRUE,1,SSP3_7_0,AM_85,experiment1
2,13.5440967355465,1,83,14.4845650956494,2.5,2.5,TRUE,TRUE,1,SSP3_7_0,AM_85,experiment1
2,12.7242234842054,1,83,14.4845650956494,2.5,2.5,TRUE,TRUE,1,SSP3_7_0,AM_85,experiment1
4,11.2490590270114,1,83,14.4845650956494,2.5,2.5,TRUE,TRUE,1,SSP3_7_0,AM_85,experiment1
2,14.2747908016128,1,83,14.4845650956494,2.5,2.5,TRUE,TRUE,1,SSP3_7_0,AM_85,experiment1
1,13.0064013143854,1,83,14.4845650956494,2.5,2.5,TRUE,TRUE,1,SSP3_7_0,AM_85,experiment1
3,13.6033601021881,1,83,14.4845650956494,2.5,2.5,TRUE,TRUE,1,SSP3_7_0,AM_85,experiment1
6,14.2482891651922,1,83,14.4845650956494,2.5,2.5,TRUE,TRUE,1,SSP3_7_0,AM_85,experiment1
5,13.4189539781337,1,83,14.4845650956494,2.5,2.5,TRUE,TRUE,1,SSP3_7_0,AM_85,experiment1
4,13.8401153139563,1,83,14.4845650956494,2.5,2.5,TRUE,TRUE,1,SSP3_7_0,AM_85,experiment1
8,12.8109010140759,1,83,14.4845650956494,2.5,2.5,TRUE,TRUE,1,SSP3_7_0,AM_85,experiment1
6,14.2789159362735,1,83,14.4845650956494,2.5,2.5,TRUE,TRUE,1,SSP3_7_0,AM_85,experiment1
3,12.2538675332306,1,83,14.4845650956494,2.5,2.5,TRUE,TRUE,1,SSP3_7_0,AM_85,experiment1
4,12.6811944949808,1,83,14.4845650956494,2.5,2.5,TRUE,TRUE,1,SSP3_7_0,AM_85,experiment1
4,14.1424018392828,1,83,14.4845650956494,2.5,2.5,TRUE,TRUE,1,SSP3_7_0,AM_85,experiment1
5,12.3294424404804,1,83,14.4845650956494,2.5,2.5,TRUE,TRUE,1,SSP3_7_0,AM_85,experiment1
8,12.7358270846511,1,83,14.4845650956494,2.5,2.5,TRUE,TRUE,1,SSP3_7_0,AM_85,experiment1
6,12.6322027286953,1,83,14.4845650956494,2.5,2.5,TRUE,TRUE,1,SSP3_7_0,AM_85,experiment1
3,10.8606596055139,1,83,14.4845650956494,2.5,2.5,TRUE,TRUE,1,SSP3_7_0,AM_85,experiment1
4,14.604681954089,1,83,14.4845650956494,2.5,2.5,TRUE,TRUE,1,SSP3_7_0,AM_85,experiment1
7,13.0177876160296,1,83,14.4845650956494,2.5,2.5,TRUE,TRUE,1,SSP3_7_0,AM_85,experiment1
2,14.9619823859541,1,83,14.4845650956494,2.5,2.5,TRUE,TRUE,1,SSP3_7_0,AM_85,experiment1
6,12.9968405255831,1,83,14.4845650956494,2.5,2.5,TRUE,TRUE,1,SSP3_7_0,AM_85,experiment1
6,11.9855483746868,1,83,14.4845650956494,2.5,2.5,TRUE,TRUE,1,SSP3_7_0,AM_85,experiment1
6,12.7803922123136,1,83,14.4845650956494,2.5,2.5,TRUE,TRUE,1,SSP3_7_0,AM_85,experiment1
6,13.7569931830389,1,83,14.4845650956494,2.5,2.5,TRUE,TRUE,1,SSP3_7_0,AM_85,experiment1
7,14.7687945902264,1,83,14.4845650956494,2.5,2.5,TRUE,TRUE,1,SSP3_7_0,AM_85,experiment1
4,13.1823978354183,1,83,14.4845650956494,2.5,2.5,TRUE,TRUE,1,SSP3_7_0,AM_85,experiment1
5,11.2471195258527,1,83,14.4845650956494,2.5,2.5,TRUE,TRUE,1,SSP3_7_0,AM_85,experiment1
2,11.8671931088414,1,83,14.4845650956494,2.5,2.5,TRUE,TRUE,1,SSP3_7_0,AM_85,experiment1
9,12.598310242585,1,83,14.4845650956494,2.5,2.5,TRUE,TRUE,1,SSP3_7_0,AM_85,experiment1
5,14.0223137639753,1,83,14.4845650956494,2.5,2.5,TRUE,TRUE,1,SSP3_7_0,AM_85,experiment1
4,13.9392600399556,1,83,14.4845650956494,2.5,2.5,TRUE,TRUE,1,SSP3_7_0,AM_85,experiment1
5,14.9023732464339,1,83,14.4845650956494,2.5,2.5,TRUE,TRUE,1,SSP3_7_0,AM_85,experiment1
6,7.90802729740614,1,83,14.4845650956494,2.5,2.5,TRUE,TRUE,1,SSP3_7_0,AM_85,experiment1
5,12.5481382821146,1,83,14.4845650956494,2.5,2.5,TRUE,TRUE,1,SSP3_7_0,AM_85,experiment1
5,13.628608417951,1,83,14.4845650956494,2.5,2.5,TRUE,TRUE,1,SSP3_7_0,AM_85,experiment1
5,12.1979267659834,1,83,14.4845650956494,2.5,2.5,TRUE,TRUE,1,SSP3_7_0,AM_85,experiment1
7,12.6115072469666,1,83,14.4845650956494,2.5,2.5,TRUE,TRUE,1,SSP3_7_0,AM_85,experiment1
2,11.9378605359135,1,83,14.4845650956494,2.5,2.5,TRUE,TRUE,1,SSP3_7_0,AM_85,experiment1
3,14.8126341243914,1,83,14.4845650956494,2.5,2.5,TRUE,TRUE,1,SSP3_7_0,AM_85,experiment1
4,13.6956733044399,1,83,14.4845650956494,2.5,2.5,TRUE,TRUE,1,SSP3_7_0,AM_85,experiment1
5,13.0461548876916,1,83,14.4845650956494,2.5,2.5,TRUE,TRUE,1,SSP3_7_0,AM_85,experiment1
3,14.3093355379633,1,83,14.4845650956494,2.5,2.5,TRUE,TRUE,1,SSP3_7_0,AM_85,experiment1
8,9.98543934078794,1,83,14.4845650956494,2.5,2.5,TRUE,TRUE,1,SSP3_7_0,AM_85,experiment1
3,12.7986283308688,1,83,14.4845650956494,2.5,2.5,TRUE,TRUE,1,SSP3_7_0,AM_85,experiment1
1,13.1365257062876,1,83,14.4845650956494,2.5,2.5,TRUE,TRUE,1,SSP3_7_0,AM_85,experiment1
3,13.6946414229424,1,83,14.4845650956494,2.5,2.5,TRUE,TRUE,1,SSP3_7_0,AM_85,experiment1
2,13.4621136190273,1,83,14.4845650956494,2.5,2.5,TRUE,TRUE,1,SSP3_7_0,AM_85,experiment1
5,13.8813577062696,1,83,14.4845650956494,2.5,2.5,TRUE,TRUE,1,SSP3_7_0,AM_85,experiment1
3,14.4409361869642,1,83,14.4845650956494,2.5,2.5,TRUE,TRUE,1,SSP3_7_0,AM_85,experiment1
4,13.2064239452328,1,83,14.4845650956494,2.5,2.5,TRUE,TRUE,1,SSP3_7_0,AM_85,experiment1
4,12.9913275039961,1,83,14.4845650956494,2.5,2.5,TRUE,TRUE,1,SSP3_7_0,AM_85,experiment1
11,12.0526647477913,1,83,14.4845650956494,2.5,2.5,TRUE,TRUE,1,SSP3_7_0,AM_85,experiment1
3,13.9616460084396,1,83,14.4845650956494,2.5,2.5,TRUE,TRUE,1,SSP3_7_0,AM_85,experiment1
1,12.8863140633518,1,83,14.4845650956494,2.5,2.5,TRUE,TRUE,1,SSP3_7_0,AM_85,experiment1
1,13.5418281829548,1,83,14.4845650956494,2.5,2.5,TRUE,TRUE,1,SSP3_7_0,AM_85,experiment1
3,15.0835559556951,1,83,14.4845650956494,2.5,2.5,TRUE,TRUE,1,SSP3_7_0,AM_85,experiment1
6,11.3952393951844,1,83,14.4845650956494,2.5,2.5,TRUE,TRUE,1,SSP3_7_0,AM_85,experiment1
3,14.6003963997022,1,83,14.4845650956494,2.5,2.5,TRUE,TRUE,1,SSP3_7_0,AM_85,experiment1
2,12.8757124550541,1,83,14.4845650956494,2.5,2.5,TRUE,TRUE,1,SSP3_7_0,AM_85,experiment1
8,14.8649830260098,1,83,14.4845650956494,2.5,2.5,TRUE,TRUE,1,SSP3_7_0,AM_85,experiment1
5,11.846631521375,1,83,14.4845650956494,2.5,2.5,TRUE,TRUE,1,SSP3_7_0,AM_85,experiment1
4,13.1564051334381,1,83,14.4845650956494,2.5,2.5,TRUE,TRUE,1,SSP3_7_0,AM_85,experiment1
5,11.880339216551,1,83,14.4845650956494,2.5,2.5,TRUE,TRUE,1,SSP3_7_0,AM_85,experiment1
3,13.3467943618316,1,83,14.4845650956494,2.5,2.5,TRUE,TRUE,1,SSP3_7_0,AM_85,experiment1
5,12.985950598651,1,83,14.4845650956494,2.5,2.5,TRUE,TRUE,1,SSP3_7_0,AM_85,experiment1
4,10.1589717693814,1,83,14.4845650956494,2.5,2.5,TRUE,TRUE,1,SSP3_7_0,AM_85,experiment1
4,15.1417688755227,1,83,14.4845650956494,2.5,2.5,TRUE,TRUE,1,SSP3_7_0,AM_85,experiment1
3,12.3943873470967,1,83,14.4845650956494,2.5,2.5,TRUE,TRUE,1,SSP3_7_0,AM_85,experiment1
6,13.2552601207333,1,83,14.4845650956494,2.5,2.5,TRUE,TRUE,1,SSP3_7_0,AM_85,experiment1
3,14.2602157116809,1,83,14.4845650956494,2.5,2.5,TRUE,TRUE,1,SSP3_7_0,AM_85,experiment1
4,14.248154625067,1,83,14.4845650956494,2.5,2.5,TRUE,TRUE,1,SSP3_7_0,AM_85,experiment1
4,12.6613052933698,1,83,14.4845650956494,2.5,2.5,TRUE,TRUE,1,SSP3_7_0,AM_85,experiment1
3,12.7400498959749,1,83,14.4845650956494,2.5,2.5,TRUE,TRUE,1,SSP3_7_0,AM_85,experiment1
1,2.7993353125,1,83,14.4845650956494,2.5,2.5,TRUE,TRUE,1,SSP3_7_0,AM_85,experiment1
5,13.1430086832338,1,83,14.4845650956494,2.5,2.5,TRUE,TRUE,1,SSP3_7_0,AM_85,experiment1
7,14.7903987586835,1,83,14.4845650956494,2.5,2.5,TRUE,TRUE,1,SSP3_7_0,AM_85,experiment1
3,12.9160016692787,1,83,14.4845650956494,2.5,2.5,TRUE,TRUE,1,SSP3_7_0,AM_85,experiment1
7,14.7535334896664,1,83,14.4845650956494,2.5,2.5,TRUE,TRUE,1,SSP3_7_0,AM_85,experiment1
4,14.5086688884209,1,83,14.4845650956494,2.5,2.5,TRUE,TRUE,1,SSP3_7_0,AM_85,experiment1
9,13.1809359158022,1,83,14.4845650956494,2.5,2.5,TRUE,TRUE,1,SSP3_7_0,AM_85,experiment1
2,12.4805577526707,1,83,14.4845650956494,2.5,2.5,TRUE,TRUE,1,SSP3_7_0,AM_85,experiment1
6,14.5371530900433,1,83,14.4845650956494,2.5,2.5,TRUE,TRUE,1,SSP3_7_0,AM_85,experiment1
2,14.0848685664778,1,83,14.4845650956494,2.5,2.5,TRUE,TRUE,1,SSP3_7_0,AM_85,experiment1
6,13.2710356528548,1,83,14.4845650956494,2.5,2.5,TRUE,TRUE,1,SSP3_7_0,AM_85,experiment1
3,14.6058212024455,1,83,14.4845650956494,2.5,2.5,TRUE,TRUE,1,SSP3_7_0,AM_85,experiment1
3,12.7302533475466,1,83,14.4845650956494,2.5,2.5,TRUE,TRUE,1,SSP3_7_0,AM_85,experiment1
3,11.929564407033,1,83,14.4845650956494,2.5,2.5,TRUE,TRUE,1,SSP3_7_0,AM_85,experiment1
8,12.1073103080002,1,83,14.4845650956494,2.5,2.5,TRUE,TRUE,1,SSP3_7_0,AM_85,experiment1
2,12.1925013136921,1,83,14.4845650956494,2.5,2.5,TRUE,TRUE,1,SSP3_7_0,AM_85,experiment1
5,13.3120470062179,1,83,14.4845650956494,2.5,2.5,TRUE,TRUE,1,SSP3_7_0,AM_85,experiment1
3,13.0701940506105,1,83,14.4845650956494,2.5,2.5,TRUE,TRUE,1,SSP3_7_0,AM_85,experiment1
2,14.7503888858501,1,83,14.4845650956494,2.5,2.5,TRUE,TRUE,1,SSP3_7_0,AM_85,experiment1
5,15.0129969354713,1,83,14.4845650956494,2.5,2.5,TRUE,TRUE,1,SSP3_7_0,AM_85,experiment1
7,13.863280301934,1,83,14.4845650956494,2.5,2.5,TRUE,TRUE,1,SSP3_7_0,AM_85,experiment1
4,13.3736684123646,1,83,14.4845650956494,2.5,2.5,TRUE,TRUE,1,SSP3_7_0,AM_85,experiment1
5,13.7719442681432,1,83,14.4845650956494,2.5,2.5,TRUE,TRUE,1,SSP3_7_0,AM_85,experiment1
3,14.7440413805271,1,83,14.4845650956494,2.5,2.5,TRUE,TRUE,1,SSP3_7_0,AM_85,experiment1
2,11.9277858846618,1,83,14.4845650956494,2.5,2.5,TRUE,TRUE,1,SSP3_7_0,AM_85,experiment1
1,13.3840387824308,1,83,14.4845650956494,2.5,2.5,TRUE,TRUE,1,SSP3_7_0,AM_85,experiment1
5,14.9007399554819,1,83,14.4845650956494,2.5,2.5,TRUE,TRUE,1,SSP3_7_0,AM_85,experiment1
5,11.9093781536998,1,83,14.4845650956494,2.5,2.5,TRUE,TRUE,1,SSP3_7_0,AM_85,experiment1
6,14.7877540562845,1,83,14.4845650956494,2.5,2.5,TRUE,TRUE,1,SSP3_7_0,AM_85,experiment1
3,13.89177460355,1,83,14.4845650956494,2.5,2.5,TRUE,TRUE,1,SSP3_7_0,AM_85,experiment1
5,13.0505157626844,1,83,14.4845650956494,2.5,2.5,TRUE,TRUE,1,SSP3_7_0,AM_85,experiment1
6,15.5357016561283,1,83,14.4845650956494,2.5,2.5,TRUE,TRUE,1,SSP3_7_0,AM_85,experiment1
4,13.3774297052755,1,83,14.4845650956494,2.5,2.5,TRUE,TRUE,1,SSP3_7_0,AM_85,experiment1
3,14.5083008042649,1,83,14.4845650956494,2.5,2.5,TRUE,TRUE,1,SSP3_7_0,AM_85,experiment1
1,7.52877435643203,1,83,14.4845650956494,2.5,2.5,TRUE,TRUE,1,SSP3_7_0,AM_85,experiment1
1,8.5272909083303,1,83,14.4845650956494,2.5,2.5,TRUE,TRUE,1,SSP3_7_0,AM_85,experiment1
6,13.3963468966299,1,83,14.4845650956494,2.5,2.5,TRUE,TRUE,1,SSP3_7_0,AM_85,experiment1
1,12.2805531939515,1,83,14.4845650956494,2.5,2.5,TRUE,TRUE,1,SSP3_7_0,AM_85,experiment1
5,11.4228875968552,1,83,14.4845650956494,2.5,2.5,TRUE,TRUE,1,SSP3_7_0,AM_85,experiment1
5,12.7197752175853,1,83,14.4845650956494,2.5,2.5,TRUE,TRUE,1,SSP3_7_0,AM_85,experiment1
4,13.870982142441,1,83,14.4845650956494,2.5,2.5,TRUE,TRUE,1,SSP3_7_0,AM_85,experiment1
4,14.1159794285132,1,83,14.4845650956494,2.5,2.5,TRUE,TRUE,1,SSP3_7_0,AM_85,experiment1
7,12.8369076239784,1,83,14.4845650956494,2.5,2.5,TRUE,TRUE,1,SSP3_7_0,AM_85,experiment1
5,14.1860232553128,1,83,14.4845650956494,2.5,2.5,TRUE,TRUE,1,SSP3_7_0,AM_85,experiment1
4,13.9571171011323,1,83,14.4845650956494,2.5,2.5,TRUE,TRUE,1,SSP3_7_0,AM_85,experiment1
2,13.6488671515959,1,83,14.4845650956494,2.5,2.5,TRUE,TRUE,1,SSP3_7_0,AM_85,experiment1
3,13.6961567840484,1,83,14.4845650956494,2.5,2.5,TRUE,TRUE,1,SSP3_7_0,AM_85,experiment1
7,13.7483213896982,1,83,14.4845650956494,2.5,2.5,TRUE,TRUE,1,SSP3_7_0,AM_85,experiment1
2,12.6081022100884,1,83,14.4845650956494,2.5,2.5,TRUE,TRUE,1,SSP3_7_0,AM_85,experiment1
3,13.1427520181182,1,83,14.4845650956494,2.5,2.5,TRUE,TRUE,1,SSP3_7_0,AM_85,experiment1
4,13.4300162847217,1,83,14.4845650956494,2.5,2.5,TRUE,TRUE,1,SSP3_7_0,AM_85,experiment1
4,12.6230316348952,1,83,14.4845650956494,2.5,2.5,TRUE,TRUE,1,SSP3_7_0,AM_85,experiment1
4,14.1359219969386,1,83,14.4845650956494,2.5,2.5,TRUE,TRUE,1,SSP3_7_0,AM_85,experiment1
7,11.3692799184534,1,83,14.4845650956494,2.5,2.5,TRUE,TRUE,1,SSP3_7_0,AM_85,experiment1
3,12.818827150493,1,83,14.4845650956494,2.5,2.5,TRUE,TRUE,1,SSP3_7_0,AM_85,experiment1
4,13.3712916016717,1,83,14.4845650956494,2.5,2.5,TRUE,TRUE,1,SSP3_7_0,AM_85,experiment1
1,12.553735540968,1,83,14.4845650956494,2.5,2.5,TRUE,TRUE,1,SSP3_7_0,AM_85,experiment1
1,10.1988440685686,1,83,14.4845650956494,2.5,2.5,TRUE,TRUE,1,SSP3_7_0,AM_85,experiment1
1,6.11834477681798,1,83,14.4845650956494,2.5,2.5,TRUE,TRUE,1,SSP3_7_0,AM_85,experiment1
5,13.5373597009892,1,83,14.4845650956494,2.5,2.5,TRUE,TRUE,1,SSP3_7_0,AM_85,experiment1
5,13.0863358552834,1,83,14.4845650956494,2.5,2.5,TRUE,TRUE,1,SSP3_7_0,AM_85,experiment1
3,14.0447076952893,1,83,14.4845650956494,2.5,2.5,TRUE,TRUE,1,SSP3_7_0,AM_85,experiment1
3,13.1582202763482,1,83,14.4845650956494,2.5,2.5,TRUE,TRUE,1,SSP3_7_0,AM_85,experiment1
2,14.8521605650118,1,83,14.4845650956494,2.5,2.5,TRUE,TRUE,1,SSP3_7_0,AM_85,experiment1
1,4.42870740234375,1,83,14.4845650956494,2.5,2.5,TRUE,TRUE,1,SSP3_7_0,AM_85,experiment1
2,14.620778833616,1,83,14.4845650956494,2.5,2.5,TRUE,TRUE,1,SSP3_7_0,AM_85,experiment1
5,13.9253154991224,1,83,14.4845650956494,2.5,2.5,TRUE,TRUE,1,SSP3_7_0,AM_85,experiment1
4,13.7566459530866,1,83,14.4845650956494,2.5,2.5,TRUE,TRUE,1,SSP3_7_0,AM_85,experiment1
3,13.466476271303,1,83,14.4845650956494,2.5,2.5,TRUE,TRUE,1,SSP3_7_0,AM_85,experiment1
1,11.3495950781349,1,83,14.4845650956494,2.5,2.5,TRUE,TRUE,1,SSP3_7_0,AM_85,experiment1
5,12.2358799184037,1,83,14.4845650956494,2.5,2.5,TRUE,TRUE,1,SSP3_7_0,AM_85,experiment1
3,14.3865137220266,1,83,14.4845650956494,2.5,2.5,TRUE,TRUE,1,SSP3_7_0,AM_85,experiment1
6,13.7791728864875,1,83,14.4845650956494,2.5,2.5,TRUE,TRUE,1,SSP3_7_0,AM_85,experiment1
1,12.1408677855844,1,83,14.4845650956494,2.5,2.5,TRUE,TRUE,1,SSP3_7_0,AM_85,experiment1
7,12.5873051651622,1,83,14.4845650956494,2.5,2.5,TRUE,TRUE,1,SSP3_7_0,AM_85,experiment1
8,14.2063912876964,1,83,14.4845650956494,2.5,2.5,TRUE,TRUE,1,SSP3_7_0,AM_85,experiment1
9,13.5535220990126,1,83,14.4845650956494,2.5,2.5,TRUE,TRUE,1,SSP3_7_0,AM_85,experiment1
8,14.2004803512255,1,83,14.4845650956494,2.5,2.5,TRUE,TRUE,1,SSP3_7_0,AM_85,experiment1
5,13.1527112566745,1,83,14.4845650956494,2.5,2.5,TRUE,TRUE,1,SSP3_7_0,AM_85,experiment1
5,12.6616700921372,1,83,14.4845650956494,2.5,2.5,TRUE,TRUE,1,SSP3_7_0,AM_85,experiment1
6,14.7867717035445,1,83,14.4845650956494,2.5,2.5,TRUE,TRUE,1,SSP3_7_0,AM_85,experiment1
5,12.7554537292949,1,83,14.4845650956494,2.5,2.5,TRUE,TRUE,1,SSP3_7_0,AM_85,experiment1
4,11.5326840906744,1,83,14.4845650956494,2.5,2.5,TRUE,TRUE,1,SSP3_7_0,AM_85,experiment1
7,13.8231891336335,1,83,14.4845650956494,2.5,2.5,TRUE,TRUE,1,SSP3_7_0,AM_85,experiment1
6,9.62345519319456,1,83,14.4845650956494,2.5,2.5,TRUE,TRUE,1,SSP3_7_0,AM_85,experiment1
3,14.9736318935266,1,83,14.4845650956494,2.5,2.5,TRUE,TRUE,1,SSP3_7_0,AM_85,experiment1
5,11.5792329397908,1,83,14.4845650956494,2.5,2.5,TRUE,TRUE,1,SSP3_7_0,AM_85,experiment1
6,12.7544306872424,1,83,14.4845650956494,2.5,2.5,TRUE,TRUE,1,SSP3_7_0,AM_85,experiment1
6,9.28931643308841,1,83,14.4845650956494,2.5,2.5,TRUE,TRUE,1,SSP3_7_0,AM_85,experiment1
7,11.1884678829747,1,83,14.4845650956494,2.5,2.5,TRUE,TRUE,1,SSP3_7_0,AM_85,experiment1
6,14.9753195974776,1,83,14.4845650956494,2.5,2.5,TRUE,TRUE,1,SSP3_7_0,AM_85,experiment1
2,11.8811318778801,1,83,14.4845650956494,2.5,2.5,TRUE,TRUE,1,SSP3_7_0,AM_85,experiment1
5,13.3235451056215,1,83,14.4845650956494,2.5,2.5,TRUE,TRUE,1,SSP3_7_0,AM_85,experiment1
6,12.5283015007469,1,83,14.4845650956494,2.5,2.5,TRUE,TRUE,1,SSP3_7_0,AM_85,experiment1
2,12.8248074434981,1,83,14.4845650956494,2.5,2.5,TRUE,TRUE,1,SSP3_7_0,AM_85,experiment1
1,11.4111443487084,1,83,14.4845650956494,2.5,2.5,TRUE,TRUE,1,SSP3_7_0,AM_85,experiment1
3,12.6752580086548,1,83,14.4845650956494,2.5,2.5,TRUE,TRUE,1,SSP3_7_0,AM_85,experiment1
6,14.2171926406973,1,83,14.4845650956494,2.5,2.5,TRUE,TRUE,1,SSP3_7_0,AM_85,experiment1
4,11.8422169149441,1,83,14.4845650956494,2.5,2.5,TRUE,TRUE,1,SSP3_7_0,AM_85,experiment1
1,11.2264995511346,1,83,14.4845650956494,2.5,2.5,TRUE,TRUE,1,SSP3_7_0,AM_85,experiment1
5,13.9661482236776,1,83,14.4845650956494,2.5,2.5,TRUE,TRUE,1,SSP3_7_0,AM_85,experiment1
6,14.004027448237,1,83,14.4845650956494,2.5,2.5,TRUE,TRUE,1,SSP3_7_0,AM_85,experiment1
3,13.9749502006984,1,83,14.4845650956494,2.5,2.5,TRUE,TRUE,1,SSP3_7_0,AM_85,experiment1
3,14.6064882079953,1,83,14.4845650956494,2.5,2.5,TRUE,TRUE,1,SSP3_7_0,AM_85,experiment1
5,12.8792215486221,1,83,14.4845650956494,2.5,2.5,TRUE,TRUE,1,SSP3_7_0,AM_85,experiment1
3,11.5820518843633,1,83,14.4845650956494,2.5,2.5,TRUE,TRUE,1,SSP3_7_0,AM_85,experiment1
7,15.0480932958491,1,83,14.4845650956494,2.5,2.5,TRUE,TRUE,1,SSP3_7_0,AM_85,experiment1
2,14.3194111858035,1,83,14.4845650956494,2.5,2.5,TRUE,TRUE,1,SSP3_7_0,AM_85,experiment1
6,14.0122688394955,1,83,14.4845650956494,2.5,2.5,TRUE,TRUE,1,SSP3_7_0,AM_85,experiment1
1,14.2801309408668,1,83,14.4845650956494,2.5,2.5,TRUE,TRUE,1,SSP3_7_0,AM_85,experiment1
6,13.9838824600797,1,83,14.4845650956494,2.5,2.5,TRUE,TRUE,1,SSP3_7_0,AM_85,experiment1
5,12.8932570647421,1,83,14.4845650956494,2.5,2.5,TRUE,TRUE,1,SSP3_7_0,AM_85,experiment1
2,11.9955062617007,1,83,14.4845650956494,2.5,2.5,TRUE,TRUE,1,SSP3_7_0,AM_85,experiment1
2,12.717936067608,1,83,14.4845650956494,2.5,2.5,TRUE,TRUE,1,SSP3_7_0,AM_85,experiment1
5,13.9837146301786,1,83,14.4845650956494,2.5,2.5,TRUE,TRUE,1,SSP3_7_0,AM_85,experiment1
7,12.3091236489998,1,83,14.4845650956494,2.5,2.5,TRUE,TRUE,1,SSP3_7_0,AM_85,experiment1
6,13.8396783063986,1,83,14.4845650956494,2.5,2.5,TRUE,TRUE,1,SSP3_7_0,AM_85,experiment1
3,13.7558278403871,1,83,14.4845650956494,2.5,2.5,TRUE,TRUE,1,SSP3_7_0,AM_85,experiment1
6,11.133746538981,1,83,14.4845650956494,2.5,2.5,TRUE,TRUE,1,SSP3_7_0,AM_85,experiment1
4,14.6872861361048,1,83,14.4845650956494,2.5,2.5,TRUE,TRUE,1,SSP3_7_0,AM_85,experiment1
1,12.0681959720384,1,83,14.4845650956494,2.5,2.5,TRUE,TRUE,1,SSP3_7_0,AM_85,experiment1
2,13.8296499625307,1,83,14.4845650956494,2.5,2.5,TRUE,TRUE,1,SSP3_7_0,AM_85,experiment1
3,12.5001755410581,1,83,14.4845650956494,2.5,2.5,TRUE,TRUE,1,SSP3_7_0,AM_85,experiment1
1,7.74063906536661,1,83,14.4845650956494,2.5,2.5,TRUE,TRUE,1,SSP3_7_0,AM_85,experiment1
4,13.5093730612576,1,83,14.4845650956494,2.5,2.5,TRUE,TRUE,1,SSP3_7_0,AM_85,experiment1
5,13.9144960813999,1,83,14.4845650956494,2.5,2.5,TRUE,TRUE,1,SSP3_7_0,AM_85,experiment1
3,13.4666766390169,1,83,14.4845650956494,2.5,2.5,TRUE,TRUE,1,SSP3_7_0,AM_85,experiment1
7,14.9649749521256,1,83,14.4845650956494,2.5,2.5,TRUE,TRUE,1,SSP3_7_0,AM_85,experiment1
5,14.2035780644291,1,83,14.4845650956494,2.5,2.5,TRUE,TRUE,1,SSP3_7_0,AM_85,experiment1
5,14.1158294991961,1,83,14.4845650956494,2.5,2.5,TRUE,TRUE,1,SSP3_7_0,AM_85,experiment1
3,13.5285249649454,1,83,14.4845650956494,2.5,2.5,TRUE,TRUE,1,SSP3_7_0,AM_85,experiment1
3,14.3103604441384,1,83,14.4845650956494,2.5,2.5,TRUE,TRUE,1,SSP3_7_0,AM_85,experiment1
4,14.5782127387507,1,83,14.4845650956494,2.5,2.5,TRUE,TRUE,1,SSP3_7_0,AM_85,experiment1
5,11.8868201654261,1,83,14.4845650956494,2.5,2.5,TRUE,TRUE,1,SSP3_7_0,AM_85,experiment1
7,14.1703602184967,1,83,14.4845650956494,2.5,2.5,TRUE,TRUE,1,SSP3_7_0,AM_85,experiment1
6,14.6177497286922,1,83,14.4845650956494,2.5,2.5,TRUE,TRUE,1,SSP3_7_0,AM_85,experiment1
3,12.0817784854492,1,83,14.4845650956494,2.5,2.5,TRUE,TRUE,1,SSP3_7_0,AM_85,experiment1
3,14.9317466171098,1,83,14.4845650956494,2.5,2.5,TRUE,TRUE,1,SSP3_7_0,AM_85,experiment1
4,13.9992650637547,1,83,14.4845650956494,2.5,2.5,TRUE,TRUE,1,SSP3_7_0,AM_85,experiment1
4,14.9683073474819,1,83,14.4845650956494,2.5,2.5,TRUE,TRUE,1,SSP3_7_0,AM_85,experiment1
5,12.2955565383421,1,83,14.4845650956494,2.5,2.5,TRUE,TRUE,1,SSP3_7_0,AM_85,experiment1
6,14.5140205757941,1,83,14.4845650956494,2.5,2.5,TRUE,TRUE,1,SSP3_7_0,AM_85,experiment1
7,11.5115984487654,1,83,14.4845650956494,2.5,2.5,TRUE,TRUE,1,SSP3_7_0,AM_85,experiment1
6,15.4768839148183,1,83,14.4845650956494,2.5,2.5,TRUE,TRUE,1,SSP3_7_0,AM_85,experiment1
4,14.423042042129,1,83,14.4845650956494,2.5,2.5,TRUE,TRUE,1,SSP3_7_0,AM_85,experiment1
9,12.7875440906387,1,83,14.4845650956494,2.5,2.5,TRUE,TRUE,1,SSP3_7_0,AM_85,experiment1
4,14.5623447596756,1,83,14.4845650956494,2.5,2.5,TRUE,TRUE,1,SSP3_7_0,AM_85,experiment1
9,11.7483226349317,1,83,14.4845650956494,2.5,2.5,TRUE,TRUE,1,SSP3_7_0,AM_85,experiment1
8,10.6935110644134,1,83,14.4845650956494,2.5,2.5,TRUE,TRUE,1,SSP3_7_0,AM_85,experiment1
5,11.7635757129159,1,83,14.4845650956494,2.5,2.5,TRUE,TRUE,1,SSP3_7_0,AM_85,experiment1
1,12.8545669330737,1,83,14.4845650956494,2.5,2.5,TRUE,TRUE,1,SSP3_7_0,AM_85,experiment1
3,13.6948131356668,1,83,14.4845650956494,2.5,2.5,TRUE,TRUE,1,SSP3_7_0,AM_85,experiment1
5,11.9146642354681,1,83,14.4845650956494,2.5,2.5,TRUE,TRUE,1,SSP3_7_0,AM_85,experiment1
3,13.1578189546869,1,83,14.4845650956494,2.5,2.5,TRUE,TRUE,1,SSP3_7_0,AM_85,experiment1
3,13.1806068008055,1,83,14.4845650956494,2.5,2.5,TRUE,TRUE,1,SSP3_7_0,AM_85,experiment1
5,13.5984266262392,1,83,14.4845650956494,2.5,2.5,TRUE,TRUE,1,SSP3_7_0,AM_85,experiment1
4,15.1694005566768,1,83,14.4845650956494,2.5,2.5,TRUE,TRUE,1,SSP3_7_0,AM_85,experiment1
1,12.4180492562405,1,83,14.4845650956494,2.5,2.5,TRUE,TRUE,1,SSP3_7_0,AM_85,experiment1
6,11.4204211876536,1,83,14.4845650956494,2.5,2.5,TRUE,TRUE,1,SSP3_7_0,AM_85,experiment1
2,11.7296385183581,1,83,14.4845650956494,2.5,2.5,TRUE,TRUE,1,SSP3_7_0,AM_85,experiment1
5,13.5848408193587,1,83,14.4845650956494,2.5,2.5,TRUE,TRUE,1,SSP3_7_0,AM_85,experiment1
1,10.256560992378,1,83,14.4845650956494,2.5,2.5,TRUE,TRUE,1,SSP3_7_0,AM_85,experiment1
7,12.6870157483531,1,83,14.4845650956494,2.5,2.5,TRUE,TRUE,1,SSP3_7_0,AM_85,experiment1
3,12.9610232604064,1,83,14.4845650956494,2.5,2.5,TRUE,TRUE,1,SSP3_7_0,AM_85,experiment1
4,12.4043254786896,1,83,14.4845650956494,2.5,2.5,TRUE,TRUE,1,SSP3_7_0,AM_85,experiment1
1,12.6318417515751,1,83,14.4845650956494,2.5,2.5,TRUE,TRUE,1,SSP3_7_0,AM_85,experiment1
6,12.8041517952581,1,83,14.4845650956494,2.5,2.5,TRUE,TRUE,1,SSP3_7_0,AM_85,experiment1
3,13.2270150010041,1,83,14.4845650956494,2.5,2.5,TRUE,TRUE,1,SSP3_7_0,AM_85,experiment1
5,14.7680745168556,1,83,14.4845650956494,2.5,2.5,TRUE,TRUE,1,SSP3_7_0,AM_85,experiment1
4,10.0974839440099,1,83,14.4845650956494,2.5,2.5,TRUE,TRUE,1,SSP3_7_0,AM_85,experiment1
4,14.0777620701698,1,83,14.4845650956494,2.5,2.5,TRUE,TRUE,1,SSP3_7_0,AM_85,experiment1
1,14.3057746180826,1,83,14.4845650956494,2.5,2.5,TRUE,TRUE,1,SSP3_7_0,AM_85,experiment1
3,12.166550704486,1,83,14.4845650956494,2.5,2.5,TRUE,TRUE,1,SSP3_7_0,AM_85,experiment1
2,13.6812436504299,1,83,14.4845650956494,2.5,2.5,TRUE,TRUE,1,SSP3_7_0,AM_85,experiment1
11,11.5494232469669,1,83,14.4845650956494,2.5,2.5,TRUE,TRUE,1,SSP3_7_0,AM_85,experiment1
4,13.2372743779494,1,83,14.4845650956494,2.5,2.5,TRUE,TRUE,1,SSP3_7_0,AM_85,experiment1
3,14.1790944170297,1,83,14.4845650956494,2.5,2.5,TRUE,TRUE,1,SSP3_7_0,AM_85,experiment1
4,13.9395473249052,1,83,14.4845650956494,2.5,2.5,TRUE,TRUE,1,SSP3_7_0,AM_85,experiment1
6,14.5465621146746,1,83,14.4845650956494,2.5,2.5,TRUE,TRUE,1,SSP3_7_0,AM_85,experiment1
9,12.0913279638706,1,83,14.4845650956494,2.5,2.5,TRUE,TRUE,1,SSP3_7_0,AM_85,experiment1
5,13.5943253937106,1,83,14.4845650956494,2.5,2.5,TRUE,TRUE,1,SSP3_7_0,AM_85,experiment1
3,13.0729859335005,1,83,14.4845650956494,2.5,2.5,TRUE,TRUE,1,SSP3_7_0,AM_85,experiment1
1,8.63019668574896,1,83,14.4845650956494,2.5,2.5,TRUE,TRUE,1,SSP3_7_0,AM_85,experiment1
3,12.8224264853385,1,83,14.4845650956494,2.5,2.5,TRUE,TRUE,1,SSP3_7_0,AM_85,experiment1
7,14.6468081534272,1,83,14.4845650956494,2.5,2.5,TRUE,TRUE,1,SSP3_7_0,AM_85,experiment1
5,12.6255965698978,1,83,14.4845650956494,2.5,2.5,TRUE,TRUE,1,SSP3_7_0,AM_85,experiment1
7,14.1646571561369,1,83,14.4845650956494,2.5,2.5,TRUE,TRUE,1,SSP3_7_0,AM_85,experiment1
5,12.5727285306448,1,83,14.4845650956494,2.5,2.5,TRUE,TRUE,1,SSP3_7_0,AM_85,experiment1
2,13.4687845079339,1,83,14.4845650956494,2.5,2.5,TRUE,TRUE,1,SSP3_7_0,AM_85,experiment1
5,14.4289220422625,1,83,14.4845650956494,2.5,2.5,TRUE,TRUE,1,SSP3_7_0,AM_85,experiment1
5,14.7592159280676,1,83,14.4845650956494,2.5,2.5,TRUE,TRUE,1,SSP3_7_0,AM_85,experiment1
4,12.7108778263662,1,83,14.4845650956494,2.5,2.5,TRUE,TRUE,1,SSP3_7_0,AM_85,experiment1
4,13.5626526817637,1,83,14.4845650956494,2.5,2.5,TRUE,TRUE,1,SSP3_7_0,AM_85,experiment1
9,12.5168544140693,1,83,14.4845650956494,2.5,2.5,TRUE,TRUE,1,SSP3_7_0,AM_85,experiment1
6,14.4167620257047,1,83,14.4845650956494,2.5,2.5,TRUE,TRUE,1,SSP3_7_0,AM_85,experiment1
4,12.0619055032172,1,83,14.4845650956494,2.5,2.5,TRUE,TRUE,1,SSP3_7_0,AM_85,experiment1
2,13.3949496816439,1,83,14.4845650956494,2.5,2.5,TRUE,TRUE,1,SSP3_7_0,AM_85,experiment1
3,12.4281981764267,1,83,14.4845650956494,2.5,2.5,TRUE,TRUE,1,SSP3_7_0,AM_85,experiment1
5,15.0873797561454,1,83,14.4845650956494,2.5,2.5,TRUE,TRUE,1,SSP3_7_0,AM_85,experiment1
5,14.7276136064259,1,83,14.4845650956494,2.5,2.5,TRUE,TRUE,1,SSP3_7_0,AM_85,experiment1
3,13.5121390605048,1,83,14.4845650956494,2.5,2.5,TRUE,TRUE,1,SSP3_7_0,AM_85,experiment1
5,12.0740835389,1,83,14.4845650956494,2.5,2.5,TRUE,TRUE,1,SSP3_7_0,AM_85,experiment1
4,14.7876274208629,1,83,14.4845650956494,2.5,2.5,TRUE,TRUE,1,SSP3_7_0,AM_85,experiment1
8,13.1612652597987,1,83,14.4845650956494,2.5,2.5,TRUE,TRUE,1,SSP3_7_0,AM_85,experiment1
1,8.63214459732553,1,83,14.4845650956494,2.5,2.5,TRUE,TRUE,1,SSP3_7_0,AM_85,experiment1
4,9.08177002970082,1,83,14.4845650956494,2.5,2.5,TRUE,TRUE,1,SSP3_7_0,AM_85,experiment1
5,14.9409668068499,1,83,14.4845650956494,2.5,2.5,TRUE,TRUE,1,SSP3_7_0,AM_85,experiment1
5,13.1786299877559,1,83,14.4845650956494,2.5,2.5,TRUE,TRUE,1,SSP3_7_0,AM_85,experiment1
2,12.7563491378226,1,83,14.4845650956494,2.5,2.5,TRUE,TRUE,1,SSP3_7_0,AM_85,experiment1
2,13.9362909440724,1,83,14.4845650956494,2.5,2.5,TRUE,TRUE,1,SSP3_7_0,AM_85,experiment1
2,13.3393941385541,1,83,14.4845650956494,2.5,2.5,TRUE,TRUE,1,SSP3_7_0,AM_85,experiment1
3,13.0815068467063,1,83,14.4845650956494,2.5,2.5,TRUE,TRUE,1,SSP3_7_0,AM_85,experiment1
3,13.012957913904,1,83,14.4845650956494,2.5,2.5,TRUE,TRUE,1,SSP3_7_0,AM_85,experiment1
3,13.5417469661,1,83,14.4845650956494,2.5,2.5,TRUE,TRUE,1,SSP3_7_0,AM_85,experiment1
4,12.2635871467429,1,83,14.4845650956494,2.5,2.5,TRUE,TRUE,1,SSP3_7_0,AM_85,experiment1
3,11.7733369971201,1,83,14.4845650956494,2.5,2.5,TRUE,TRUE,1,SSP3_7_0,AM_85,experiment1
4,11.6747572910422,1,83,14.4845650956494,2.5,2.5,TRUE,TRUE,1,SSP3_7_0,AM_85,experiment1
4,13.590835737026,1,83,14.4845650956494,2.5,2.5,TRUE,TRUE,1,SSP3_7_0,AM_85,experiment1
3,12.0475967611909,1,83,14.4845650956494,2.5,2.5,TRUE,TRUE,1,SSP3_7_0,AM_85,experiment1
1,12.0431529441174,1,83,14.4845650956494,2.5,2.5,TRUE,TRUE,1,SSP3_7_0,AM_85,experiment1
4,12.0435919582989,1,83,14.4845650956494,2.5,2.5,TRUE,TRUE,1,SSP3_7_0,AM_85,experiment1
5,13.9854656122094,1,83,14.4845650956494,2.5,2.5,TRUE,TRUE,1,SSP3_7_0,AM_85,experiment1
4,13.0610259140387,1,83,14.4845650956494,2.5,2.5,TRUE,TRUE,1,SSP3_7_0,AM_85,experiment1
1,12.7027965631158,1,83,14.4845650956494,2.5,2.5,TRUE,TRUE,1,SSP3_7_0,AM_85,experiment1
3,13.1207494174756,1,83,14.4845650956494,2.5,2.5,TRUE,TRUE,1,SSP3_7_0,AM_85,experiment1
3,11.561181217586,1,83,14.4845650956494,2.5,2.5,TRUE,TRUE,1,SSP3_7_0,AM_85,experiment1
3,13.8465414199048,1,83,14.4845650956494,2.5,2.5,TRUE,TRUE,1,SSP3_7_0,AM_85,experiment1
6,11.2857871739621,1,83,14.4845650956494,2.5,2.5,TRUE,TRUE,1,SSP3_7_0,AM_85,experiment1
5,12.3765582410304,1,83,14.4845650956494,2.5,2.5,TRUE,TRUE,1,SSP3_7_0,AM_85,experiment1
2,14.7437027076673,1,83,14.4845650956494,2.5,2.5,TRUE,TRUE,1,SSP3_7_0,AM_85,experiment1
3,11.1266313297163,1,83,14.4845650956494,2.5,2.5,TRUE,TRUE,1,SSP3_7_0,AM_85,experiment1
3,13.7512265046858,1,83,14.4845650956494,2.5,2.5,TRUE,TRUE,1,SSP3_7_0,AM_85,experiment1
7,13.8977267255507,1,83,14.4845650956494,2.5,2.5,TRUE,TRUE,1,SSP3_7_0,AM_85,experiment1
5,14.1841935441969,1,83,14.4845650956494,2.5,2.5,TRUE,TRUE,1,SSP3_7_0,AM_85,experiment1
4,11.8815256302397,1,83,14.4845650956494,2.5,2.5,TRUE,TRUE,1,SSP3_7_0,AM_85,experiment1
5,14.9109558928973,1,83,14.4845650956494,2.5,2.5,TRUE,TRUE,1,SSP3_7_0,AM_85,experiment1
6,13.2254742992127,1,83,14.4845650956494,2.5,2.5,TRUE,TRUE,1,SSP3_7_0,AM_85,experiment1
3,12.6959109677612,1,83,14.4845650956494,2.5,2.5,TRUE,TRUE,1,SSP3_7_0,AM_85,experiment1
7,12.289616688059,1,83,14.4845650956494,2.5,2.5,TRUE,TRUE,1,SSP3_7_0,AM_85,experiment1
5,12.4802663387038,1,83,14.4845650956494,2.5,2.5,TRUE,TRUE,1,SSP3_7_0,AM_85,experiment1
6,12.7134538387995,1,83,14.4845650956494,2.5,2.5,TRUE,TRUE,1,SSP3_7_0,AM_85,experiment1
1,0.95,1,83,14.4845650956494,2.5,2.5,TRUE,TRUE,1,SSP3_7_0,AM_85,experiment1
3,14.3913815877413,1,83,14.4845650956494,2.5,2.5,TRUE,TRUE,1,SSP3_7_0,AM_85,experiment1
5,13.2511488017508,1,83,14.4845650956494,2.5,2.5,TRUE,TRUE,1,SSP3_7_0,AM_85,experiment1
4,13.9881060807117,1,83,14.4845650956494,2.5,2.5,TRUE,TRUE,1,SSP3_7_0,AM_85,experiment1
5,13.4170526228877,1,83,14.4845650956494,2.5,2.5,TRUE,TRUE,1,SSP3_7_0,AM_85,experiment1
3,11.790035419354,1,83,14.4845650956494,2.5,2.5,TRUE,TRUE,1,SSP3_7_0,AM_85,experiment1
5,14.73728320663,1,83,14.4845650956494,2.5,2.5,TRUE,TRUE,1,SSP3_7_0,AM_85,experiment1
2,14.6223780660681,1,83,14.4845650956494,2.5,2.5,TRUE,TRUE,1,SSP3_7_0,AM_85,experiment1
6,13.3594876663415,1,83,14.4845650956494,2.5,2.5,TRUE,TRUE,1,SSP3_7_0,AM_85,experiment1
7,11.4765499255869,1,83,14.4845650956494,2.5,2.5,TRUE,TRUE,1,SSP3_7_0,AM_85,experiment1
6,13.5243128767878,1,83,14.4845650956494,2.5,2.5,TRUE,TRUE,1,SSP3_7_0,AM_85,experiment1
6,14.5275435635279,1,83,14.4845650956494,2.5,2.5,TRUE,TRUE,1,SSP3_7_0,AM_85,experiment1
5,11.0453573090589,1,83,14.4845650956494,2.5,2.5,TRUE,TRUE,1,SSP3_7_0,AM_85,experiment1
4,12.0988102105621,1,83,14.4845650956494,2.5,2.5,TRUE,TRUE,1,SSP3_7_0,AM_85,experiment1
9,13.0923485853475,1,83,14.4845650956494,2.5,2.5,TRUE,TRUE,1,SSP3_7_0,AM_85,experiment1
3,13.2170865535276,1,83,14.4845650956494,2.5,2.5,TRUE,TRUE,1,SSP3_7_0,AM_85,experiment1
7,11.3559177976928,1,83,14.4845650956494,2.5,2.5,TRUE,TRUE,1,SSP3_7_0,AM_85,experiment1
3,14.2163182752687,1,83,14.4845650956494,2.5,2.5,TRUE,TRUE,1,SSP3_7_0,AM_85,experiment1
3,13.3371620171782,1,83,14.4845650956494,2.5,2.5,TRUE,TRUE,1,SSP3_7_0,AM_85,experiment1
3,13.9983639604731,1,83,14.4845650956494,2.5,2.5,TRUE,TRUE,1,SSP3_7_0,AM_85,experiment1
2,11.3396030718237,1,83,14.4845650956494,2.5,2.5,TRUE,TRUE,1,SSP3_7_0,AM_85,experiment1
5,13.3803103521925,1,83,14.4845650956494,2.5,2.5,TRUE,TRUE,1,SSP3_7_0,AM_85,experiment1
1,15.5903689780423,1,83,14.4845650956494,2.5,2.5,TRUE,TRUE,1,SSP3_7_0,AM_85,experiment1
4,12.8212215229073,1,83,14.4845650956494,2.5,2.5,TRUE,TRUE,1,SSP3_7_0,AM_85,experiment1
4,13.3822756051881,1,83,14.4845650956494,2.5,2.5,TRUE,TRUE,1,SSP3_7_0,AM_85,experiment1
3,12.9755991761472,1,83,14.4845650956494,2.5,2.5,TRUE,TRUE,1,SSP3_7_0,AM_85,experiment1
5,12.6852652125826,1,83,14.4845650956494,2.5,2.5,TRUE,TRUE,1,SSP3_7_0,AM_85,experiment1
4,12.8759905922534,1,83,14.4845650956494,2.5,2.5,TRUE,TRUE,1,SSP3_7_0,AM_85,experiment1
4,14.3980736925116,1,83,14.4845650956494,2.5,2.5,TRUE,TRUE,1,SSP3_7_0,AM_85,experiment1
2,13.847719916431,1,83,14.4845650956494,2.5,2.5,TRUE,TRUE,1,SSP3_7_0,AM_85,experiment1
3,12.6007713791141,1,83,14.4845650956494,2.5,2.5,TRUE,TRUE,1,SSP3_7_0,AM_85,experiment1
2,14.3967573052537,1,83,14.4845650956494,2.5,2.5,TRUE,TRUE,1,SSP3_7_0,AM_85,experiment1
9,12.4778589844637,1,83,14.4845650956494,2.5,2.5,TRUE,TRUE,1,SSP3_7_0,AM_85,experiment1
3,14.9939783024257,1,83,14.4845650956494,2.5,2.5,TRUE,TRUE,1,SSP3_7_0,AM_85,experiment1
2,13.1444235536734,1,83,14.4845650956494,2.5,2.5,TRUE,TRUE,1,SSP3_7_0,AM_85,experiment1
5,13.1227807823947,1,83,14.4845650956494,2.5,2.5,TRUE,TRUE,1,SSP3_7_0,AM_85,experiment1
3,14.441645578212,1,83,14.4845650956494,2.5,2.5,TRUE,TRUE,1,SSP3_7_0,AM_85,experiment1
5,13.4789151847918,1,83,14.4845650956494,2.5,2.5,TRUE,TRUE,1,SSP3_7_0,AM_85,experiment1
2,13.0131273044688,1,83,14.4845650956494,2.5,2.5,TRUE,TRUE,1,SSP3_7_0,AM_85,experiment1
5,13.1448806662124,1,83,14.4845650956494,2.5,2.5,TRUE,TRUE,1,SSP3_7_0,AM_85,experiment1
3,10.9129809487706,1,83,14.4845650956494,2.5,2.5,TRUE,TRUE,1,SSP3_7_0,AM_85,experiment1
5,10.6087420895739,1,83,14.4845650956494,2.5,2.5,TRUE,TRUE,1,SSP3_7_0,AM_85,experiment1
6,13.7504060633054,1,83,14.4845650956494,2.5,2.5,TRUE,TRUE,1,SSP3_7_0,AM_85,experiment1
6,13.3684638749049,1,83,14.4845650956494,2.5,2.5,TRUE,TRUE,1,SSP3_7_0,AM_85,experiment1
4,11.6657345339169,1,83,14.4845650956494,2.5,2.5,TRUE,TRUE,1,SSP3_7_0,AM_85,experiment1
4,13.9819952601743,1,83,14.4845650956494,2.5,2.5,TRUE,TRUE,1,SSP3_7_0,AM_85,experiment1
1,13.9470560661106,1,83,14.4845650956494,2.5,2.5,TRUE,TRUE,1,SSP3_7_0,AM_85,experiment1
4,14.1211027583533,1,83,14.4845650956494,2.5,2.5,TRUE,TRUE,1,SSP3_7_0,AM_85,experiment1
3,10.6025094038535,1,83,14.4845650956494,2.5,2.5,TRUE,TRUE,1,SSP3_7_0,AM_85,experiment1
3,14.3055010820105,1,83,14.4845650956494,2.5,2.5,TRUE,TRUE,1,SSP3_7_0,AM_85,experiment1
3,11.9901408557142,1,83,14.4845650956494,2.5,2.5,TRUE,TRUE,1,SSP3_7_0,AM_85,experiment1
4,12.6830171893631,1,83,14.4845650956494,2.5,2.5,TRUE,TRUE,1,SSP3_7_0,AM_85,experiment1
3,12.8125435352476,1,83,14.4845650956494,2.5,2.5,TRUE,TRUE,1,SSP3_7_0,AM_85,experiment1
5,13.8809109969431,1,83,14.4845650956494,2.5,2.5,TRUE,TRUE,1,SSP3_7_0,AM_85,experiment1
4,14.1048881706766,1,83,14.4845650956494,2.5,2.5,TRUE,TRUE,1,SSP3_7_0,AM_85,experiment1
7,13.1512016427173,1,83,14.4845650956494,2.5,2.5,TRUE,TRUE,1,SSP3_7_0,AM_85,experiment1
5,10.2188428337433,1,83,14.4845650956494,2.5,2.5,TRUE,TRUE,1,SSP3_7_0,AM_85,experiment1
1,13.3596198456957,1,83,14.4845650956494,2.5,2.5,TRUE,TRUE,1,SSP3_7_0,AM_85,experiment1
3,13.6569846345226,1,83,14.4845650956494,2.5,2.5,TRUE,TRUE,1,SSP3_7_0,AM_85,experiment1
7,13.3234884048824,1,83,14.4845650956494,2.5,2.5,TRUE,TRUE,1,SSP3_7_0,AM_85,experiment1
4,14.4466814240584,1,83,14.4845650956494,2.5,2.5,TRUE,TRUE,1,SSP3_7_0,AM_85,experiment1
5,13.9920291010996,1,83,14.4845650956494,2.5,2.5,TRUE,TRUE,1,SSP3_7_0,AM_85,experiment1
2,15.2266360393447,1,83,14.4845650956494,2.5,2.5,TRUE,TRUE,1,SSP3_7_0,AM_85,experiment1
2,15.1590733450378,1,83,14.4845650956494,2.5,2.5,TRUE,TRUE,1,SSP3_7_0,AM_85,experiment1
3,12.9092451780397,1,83,14.4845650956494,2.5,2.5,TRUE,TRUE,1,SSP3_7_0,AM_85,experiment1
5,12.8111763633911,1,83,14.4845650956494,2.5,2.5,TRUE,TRUE,1,SSP3_7_0,AM_85,experiment1
3,13.4959375721684,1,83,14.4845650956494,2.5,2.5,TRUE,TRUE,1,SSP3_7_0,AM_85,experiment1
3,14.5565013159183,1,83,14.4845650956494,2.5,2.5,TRUE,TRUE,1,SSP3_7_0,AM_85,experiment1
2,14.571074811718,1,83,14.4845650956494,2.5,2.5,TRUE,TRUE,1,SSP3_7_0,AM_85,experiment1
3,12.7313244282549,1,83,14.4845650956494,2.5,2.5,TRUE,TRUE,1,SSP3_7_0,AM_85,experiment1
4,15.5323616095366,1,83,14.4845650956494,2.5,2.5,TRUE,TRUE,1,SSP3_7_0,AM_85,experiment1
3,13.6655580639318,1,83,14.4845650956494,2.5,2.5,TRUE,TRUE,1,SSP3_7_0,AM_85,experiment1
3,13.3724491759451,1,83,14.4845650956494,2.5,2.5,TRUE,TRUE,1,SSP3_7_0,AM_85,experiment1
3,11.438397556612,1,83,14.4845650956494,2.5,2.5,TRUE,TRUE,1,SSP3_7_0,AM_85,experiment1
6,12.588608124851,1,83,14.4845650956494,2.5,2.5,TRUE,TRUE,1,SSP3_7_0,AM_85,experiment1
7,12.9474811492977,1,83,14.4845650956494,2.5,2.5,TRUE,TRUE,1,SSP3_7_0,AM_85,experiment1
3,13.9239946083544,1,83,14.4845650956494,2.5,2.5,TRUE,TRUE,1,SSP3_7_0,AM_85,experiment1
7,11.6330526844543,1,83,14.4845650956494,2.5,2.5,TRUE,TRUE,1,SSP3_7_0,AM_85,experiment1
4,13.8060557419931,1,83,14.4845650956494,2.5,2.5,TRUE,TRUE,1,SSP3_7_0,AM_85,experiment1
3,13.4149285177317,1,83,14.4845650956494,2.5,2.5,TRUE,TRUE,1,SSP3_7_0,AM_85,experiment1
7,13.6238028418784,1,83,14.4845650956494,2.5,2.5,TRUE,TRUE,1,SSP3_7_0,AM_85,experiment1
5,13.1295993760975,1,83,14.4845650956494,2.5,2.5,TRUE,TRUE,1,SSP3_7_0,AM_85,experiment1
5,11.8443676001772,1,83,14.4845650956494,2.5,2.5,TRUE,TRUE,1,SSP3_7_0,AM_85,experiment1
6,11.4020959565371,1,83,14.4845650956494,2.5,2.5,TRUE,TRUE,1,SSP3_7_0,AM_85,experiment1
6,14.6225908856843,1,83,14.4845650956494,2.5,2.5,TRUE,TRUE,1,SSP3_7_0,AM_85,experiment1
6,13.7027670762963,1,83,14.4845650956494,2.5,2.5,TRUE,TRUE,1,SSP3_7_0,AM_85,experiment1
3,12.7289129324869,1,83,14.4845650956494,2.5,2.5,TRUE,TRUE,1,SSP3_7_0,AM_85,experiment1
8,12.4936698122882,1,83,14.4845650956494,2.5,2.5,TRUE,TRUE,1,SSP3_7_0,AM_85,experiment1
1,12.4098107475271,1,83,14.4845650956494,2.5,2.5,TRUE,TRUE,1,SSP3_7_0,AM_85,experiment1
7,12.2359274294839,1,83,14.4845650956494,2.5,2.5,TRUE,TRUE,1,SSP3_7_0,AM_85,experiment1
5,13.58845631002,1,83,14.4845650956494,2.5,2.5,TRUE,TRUE,1,SSP3_7_0,AM_85,experiment1
5,15.2178103616677,1,83,14.4845650956494,2.5,2.5,TRUE,TRUE,1,SSP3_7_0,AM_85,experiment1
4,11.981829900869,1,83,14.4845650956494,2.5,2.5,TRUE,TRUE,1,SSP3_7_0,AM_85,experiment1
5,13.7813696751463,1,83,14.4845650956494,2.5,2.5,TRUE,TRUE,1,SSP3_7_0,AM_85,experiment1
5,12.5941637640524,1,83,14.4845650956494,2.5,2.5,TRUE,TRUE,1,SSP3_7_0,AM_85,experiment1
1,11.4254247737354,1,83,14.4845650956494,2.5,2.5,TRUE,TRUE,1,SSP3_7_0,AM_85,experiment1
6,14.3368611004811,1,83,14.4845650956494,2.5,2.5,TRUE,TRUE,1,SSP3_7_0,AM_85,experiment1
4,13.7691777499723,1,83,14.4845650956494,2.5,2.5,TRUE,TRUE,1,SSP3_7_0,AM_85,experiment1
11,14.6455803870307,1,83,14.4845650956494,2.5,2.5,TRUE,TRUE,1,SSP3_7_0,AM_85,experiment1
9,11.9300412232671,1,83,14.4845650956494,2.5,2.5,TRUE,TRUE,1,SSP3_7_0,AM_85,experiment1
3,14.6314941486625,1,83,14.4845650956494,2.5,2.5,TRUE,TRUE,1,SSP3_7_0,AM_85,experiment1
3,12.5409771670313,1,83,14.4845650956494,2.5,2.5,TRUE,TRUE,1,SSP3_7_0,AM_85,experiment1
5,14.334799663439,1,83,14.4845650956494,2.5,2.5,TRUE,TRUE,1,SSP3_7_0,AM_85,experiment1
4,12.7718119186492,1,83,14.4845650956494,2.5,2.5,TRUE,TRUE,1,SSP3_7_0,AM_85,experiment1
4,14.7915753847296,1,83,14.4845650956494,2.5,2.5,TRUE,TRUE,1,SSP3_7_0,AM_85,experiment1
7,14.8379241110238,1,83,14.4845650956494,2.5,2.5,TRUE,TRUE,1,SSP3_7_0,AM_85,experiment1
7,11.7616866693829,1,83,14.4845650956494,2.5,2.5,TRUE,TRUE,1,SSP3_7_0,AM_85,experiment1
7,11.8006200339984,1,83,14.4845650956494,2.5,2.5,TRUE,TRUE,1,SSP3_7_0,AM_85,experiment1
1,10.7675215329939,1,83,14.4845650956494,2.5,2.5,TRUE,TRUE,1,SSP3_7_0,AM_85,experiment1
1,11.9489512828445,1,83,14.4845650956494,2.5,2.5,TRUE,TRUE,1,SSP3_7_0,AM_85,experiment1
1,3.0522609375,1,83,14.4845650956494,2.5,2.5,TRUE,TRUE,1,SSP3_7_0,AM_85,experiment1
6,14.3110558703094,1,83,14.4845650956494,2.5,2.5,TRUE,TRUE,1,SSP3_7_0,AM_85,experiment1
6,15.2945619780209,1,83,14.4845650956494,2.5,2.5,TRUE,TRUE,1,SSP3_7_0,AM_85,experiment1
1,15.7483012593609,1,83,14.4845650956494,2.5,2.5,TRUE,TRUE,1,SSP3_7_0,AM_85,experiment1
6,14.6186786458125,1,83,14.4845650956494,2.5,2.5,TRUE,TRUE,1,SSP3_7_0,AM_85,experiment1
7,14.6329000934416,1,83,14.4845650956494,2.5,2.5,TRUE,TRUE,1,SSP3_7_0,AM_85,experiment1
4,14.7449882223755,1,83,14.4845650956494,2.5,2.5,TRUE,TRUE,1,SSP3_7_0,AM_85,experiment1
7,12.3772320118442,1,83,14.4845650956494,2.5,2.5,TRUE,TRUE,1,SSP3_7_0,AM_85,experiment1
7,13.7055372816701,1,83,14.4845650956494,2.5,2.5,TRUE,TRUE,1,SSP3_7_0,AM_85,experiment1
3,12.048742136348,1,83,14.4845650956494,2.5,2.5,TRUE,TRUE,1,SSP3_7_0,AM_85,experiment1
5,9.81045035006007,1,83,14.4845650956494,2.5,2.5,TRUE,TRUE,1,SSP3_7_0,AM_85,experiment1
3,13.7854610254567,1,83,14.4845650956494,2.5,2.5,TRUE,TRUE,1,SSP3_7_0,AM_85,experiment1
2,13.7836465641614,1,83,14.4845650956494,2.5,2.5,TRUE,TRUE,1,SSP3_7_0,AM_85,experiment1
5,12.4707445997871,1,83,14.4845650956494,2.5,2.5,TRUE,TRUE,1,SSP3_7_0,AM_85,experiment1
8,5.79631840704415,1,83,14.4845650956494,2.5,2.5,TRUE,TRUE,1,SSP3_7_0,AM_85,experiment1
1,11.9495234236389,1,83,14.4845650956494,2.5,2.5,TRUE,TRUE,1,SSP3_7_0,AM_85,experiment1
3,14.6791543284994,1,83,14.4845650956494,2.5,2.5,TRUE,TRUE,1,SSP3_7_0,AM_85,experiment1
1,12.6655551760162,1,83,14.4845650956494,2.5,2.5,TRUE,TRUE,1,SSP3_7_0,AM_85,experiment1
1,12.1637971079162,1,83,14.4845650956494,2.5,2.5,TRUE,TRUE,1,SSP3_7_0,AM_85,experiment1
5,10.5463128164651,1,83,14.4845650956494,2.5,2.5,TRUE,TRUE,1,SSP3_7_0,AM_85,experiment1
3,9.7404124002975,1,83,14.4845650956494,2.5,2.5,TRUE,TRUE,1,SSP3_7_0,AM_85,experiment1
4,13.3387140976274,1,83,14.4845650956494,2.5,2.5,TRUE,TRUE,1,SSP3_7_0,AM_85,experiment1
7,13.9321091347575,1,83,14.4845650956494,2.5,2.5,TRUE,TRUE,1,SSP3_7_0,AM_85,experiment1
5,13.107151443693,1,83,14.4845650956494,2.5,2.5,TRUE,TRUE,1,SSP3_7_0,AM_85,experiment1
1,14.0017363086351,1,83,14.4845650956494,2.5,2.5,TRUE,TRUE,1,SSP3_7_0,AM_85,experiment1
2,15.3372452866479,1,83,14.4845650956494,2.5,2.5,TRUE,TRUE,1,SSP3_7_0,AM_85,experiment1
9,11.6388848571823,1,83,14.4845650956494,2.5,2.5,TRUE,TRUE,1,SSP3_7_0,AM_85,experiment1
2,14.2799412186328,1,83,14.4845650956494,2.5,2.5,TRUE,TRUE,1,SSP3_7_0,AM_85,experiment1
3,12.9643243546217,1,83,14.4845650956494,2.5,2.5,TRUE,TRUE,1,SSP3_7_0,AM_85,experiment1
3,12.3338209790407,1,83,14.4845650956494,2.5,2.5,TRUE,TRUE,1,SSP3_7_0,AM_85,experiment1
4,7.68416232764864,1,83,14.4845650956494,2.5,2.5,TRUE,TRUE,1,SSP3_7_0,AM_85,experiment1
4,14.5422516323043,1,83,14.4845650956494,2.5,2.5,TRUE,TRUE,1,SSP3_7_0,AM_85,experiment1
8,12.6724461135193,1,83,14.4845650956494,2.5,2.5,TRUE,TRUE,1,SSP3_7_0,AM_85,experiment1
5,11.6059714124844,1,83,14.4845650956494,2.5,2.5,TRUE,TRUE,1,SSP3_7_0,AM_85,experiment1
2,13.0576049056034,1,83,14.4845650956494,2.5,2.5,TRUE,TRUE,1,SSP3_7_0,AM_85,experiment1
1,4.24433849765625,1,83,14.4845650956494,2.5,2.5,TRUE,TRUE,1,SSP3_7_0,AM_85,experiment1
6,15.6100206038978,1,83,14.4845650956494,2.5,2.5,TRUE,TRUE,1,SSP3_7_0,AM_85,experiment1
4,12.9264392846384,1,83,14.4845650956494,2.5,2.5,TRUE,TRUE,1,SSP3_7_0,AM_85,experiment1
4,11.6508210114076,1,83,14.4845650956494,2.5,2.5,TRUE,TRUE,1,SSP3_7_0,AM_85,experiment1
3,14.7548836101013,1,83,14.4845650956494,2.5,2.5,TRUE,TRUE,1,SSP3_7_0,AM_85,experiment1
7,14.7909971382519,1,83,14.4845650956494,2.5,2.5,TRUE,TRUE,1,SSP3_7_0,AM_85,experiment1
7,12.8730197258437,1,83,14.4845650956494,2.5,2.5,TRUE,TRUE,1,SSP3_7_0,AM_85,experiment1
4,14.1330042211083,1,83,14.4845650956494,2.5,2.5,TRUE,TRUE,1,SSP3_7_0,AM_85,experiment1
6,13.7965984622201,1,83,14.4845650956494,2.5,2.5,TRUE,TRUE,1,SSP3_7_0,AM_85,experiment1
4,13.728266038883,1,83,14.4845650956494,2.5,2.5,TRUE,TRUE,1,SSP3_7_0,AM_85,experiment1
6,10.2730334637603,1,83,14.4845650956494,2.5,2.5,TRUE,TRUE,1,SSP3_7_0,AM_85,experiment1
2,15.4541971608565,1,83,14.4845650956494,2.5,2.5,TRUE,TRUE,1,SSP3_7_0,AM_85,experiment1
3,14.5553420638484,1,83,14.4845650956494,2.5,2.5,TRUE,TRUE,1,SSP3_7_0,AM_85,experiment1
1,10.399799211705,1,83,14.4845650956494,2.5,2.5,TRUE,TRUE,1,SSP3_7_0,AM_85,experiment1
3,10.192383635504,1,83,14.4845650956494,2.5,2.5,TRUE,TRUE,1,SSP3_7_0,AM_85,experiment1
3,13.3047403120185,1,83,14.4845650956494,2.5,2.5,TRUE,TRUE,1,SSP3_7_0,AM_85,experiment1
5,12.7481275945963,1,83,14.4845650956494,2.5,2.5,TRUE,TRUE,1,SSP3_7_0,AM_85,experiment1
6,13.9629833492335,1,83,14.4845650956494,2.5,2.5,TRUE,TRUE,1,SSP3_7_0,AM_85,experiment1
4,10.9053270665934,1,83,14.4845650956494,2.5,2.5,TRUE,TRUE,1,SSP3_7_0,AM_85,experiment1
4,15.5041864468811,1,83,14.4845650956494,2.5,2.5,TRUE,TRUE,1,SSP3_7_0,AM_85,experiment1
3,14.3239350941988,1,83,14.4845650956494,2.5,2.5,TRUE,TRUE,1,SSP3_7_0,AM_85,experiment1
1,13.865960082175,1,83,14.4845650956494,2.5,2.5,TRUE,TRUE,1,SSP3_7_0,AM_85,experiment1
1,4.03798074453125,1,83,14.4845650956494,2.5,2.5,TRUE,TRUE,1,SSP3_7_0,AM_85,experiment1
8,9.94733833643197,1,83,14.4845650956494,2.5,2.5,TRUE,TRUE,1,SSP3_7_0,AM_85,experiment1
6,11.6454391689881,1,83,14.4845650956494,2.5,2.5,TRUE,TRUE,1,SSP3_7_0,AM_85,experiment1
3,11.6038004040739,1,83,14.4845650956494,2.5,2.5,TRUE,TRUE,1,SSP3_7_0,AM_85,experiment1
4,10.7684481957878,1,83,14.4845650956494,2.5,2.5,TRUE,TRUE,1,SSP3_7_0,AM_85,experiment1
6,13.9887602142376,1,83,14.4845650956494,2.5,2.5,TRUE,TRUE,1,SSP3_7_0,AM_85,experiment1
4,14.1742590915609,1,83,14.4845650956494,2.5,2.5,TRUE,TRUE,1,SSP3_7_0,AM_85,experiment1
4,13.0958996197398,1,83,14.4845650956494,2.5,2.5,TRUE,TRUE,1,SSP3_7_0,AM_85,experiment1
2,11.6425550517007,1,83,14.4845650956494,2.5,2.5,TRUE,TRUE,1,SSP3_7_0,AM_85,experiment1
7,13.3035670407974,1,83,14.4845650956494,2.5,2.5,TRUE,TRUE,1,SSP3_7_0,AM_85,experiment1
5,12.8520298944319,1,83,14.4845650956494,2.5,2.5,TRUE,TRUE,1,SSP3_7_0,AM_85,experiment1
1,11.5543526342631,1,83,14.4845650956494,2.5,2.5,TRUE,TRUE,1,SSP3_7_0,AM_85,experiment1
4,15.384301229458,1,83,14.4845650956494,2.5,2.5,TRUE,TRUE,1,SSP3_7_0,AM_85,experiment1
5,8.59633798567881,1,83,14.4845650956494,2.5,2.5,TRUE,TRUE,1,SSP3_7_0,AM_85,experiment1
3,13.2761125585397,1,83,14.4845650956494,2.5,2.5,TRUE,TRUE,1,SSP3_7_0,AM_85,experiment1
1,13.3926083774953,1,83,14.4845650956494,2.5,2.5,TRUE,TRUE,1,SSP3_7_0,AM_85,experiment1
5,6.56479976071213,1,83,14.4845650956494,2.5,2.5,TRUE,TRUE,1,SSP3_7_0,AM_85,experiment1
4,14.8376781088061,1,83,14.4845650956494,2.5,2.5,TRUE,TRUE,1,SSP3_7_0,AM_85,experiment1
4,14.4545763045792,1,83,14.4845650956494,2.5,2.5,TRUE,TRUE,1,SSP3_7_0,AM_85,experiment1
7,13.8381874822176,1,83,14.4845650956494,2.5,2.5,TRUE,TRUE,1,SSP3_7_0,AM_85,experiment1
6,15.4434419966025,1,83,14.4845650956494,2.5,2.5,TRUE,TRUE,1,SSP3_7_0,AM_85,experiment1
2,14.0767946239599,1,83,14.4845650956494,2.5,2.5,TRUE,TRUE,1,SSP3_7_0,AM_85,experiment1
2,12.7998458402207,1,83,14.4845650956494,2.5,2.5,TRUE,TRUE,1,SSP3_7_0,AM_85,experiment1
7,13.2011158809751,1,83,14.4845650956494,2.5,2.5,TRUE,TRUE,1,SSP3_7_0,AM_85,experiment1
3,11.7268498887309,1,83,14.4845650956494,2.5,2.5,TRUE,TRUE,1,SSP3_7_0,AM_85,experiment1
3,12.732179370422,1,83,14.4845650956494,2.5,2.5,TRUE,TRUE,1,SSP3_7_0,AM_85,experiment1
4,12.6084934402068,1,83,14.4845650956494,2.5,2.5,TRUE,TRUE,1,SSP3_7_0,AM_85,experiment1
3,11.5382054323114,1,83,14.4845650956494,2.5,2.5,TRUE,TRUE,1,SSP3_7_0,AM_85,experiment1
1,13.9216244717511,1,83,14.4845650956494,2.5,2.5,TRUE,TRUE,1,SSP3_7_0,AM_85,experiment1
4,9.86952002846778,1,83,14.4845650956494,2.5,2.5,TRUE,TRUE,1,SSP3_7_0,AM_85,experiment1
7,13.3942680466731,1,83,14.4845650956494,2.5,2.5,TRUE,TRUE,1,SSP3_7_0,AM_85,experiment1
2,13.9438229422205,1,83,14.4845650956494,2.5,2.5,TRUE,TRUE,1,SSP3_7_0,AM_85,experiment1
4,14.0891026453401,1,83,14.4845650956494,2.5,2.5,TRUE,TRUE,1,SSP3_7_0,AM_85,experiment1
4,13.9753551066214,1,83,14.4845650956494,2.5,2.5,TRUE,TRUE,1,SSP3_7_0,AM_85,experiment1
3,13.08778255316,1,83,14.4845650956494,2.5,2.5,TRUE,TRUE,1,SSP3_7_0,AM_85,experiment1
3,13.8733173660761,1,83,14.4845650956494,2.5,2.5,TRUE,TRUE,1,SSP3_7_0,AM_85,experiment1
5,11.4347763087239,1,83,14.4845650956494,2.5,2.5,TRUE,TRUE,1,SSP3_7_0,AM_85,experiment1
6,14.2009223686501,1,83,14.4845650956494,2.5,2.5,TRUE,TRUE,1,SSP3_7_0,AM_85,experiment1
5,12.0559854549861,1,83,14.4845650956494,2.5,2.5,TRUE,TRUE,1,SSP3_7_0,AM_85,experiment1
9,12.8755189439131,1,83,14.4845650956494,2.5,2.5,TRUE,TRUE,1,SSP3_7_0,AM_85,experiment1
1,9.1783390621011,1,83,14.4845650956494,2.5,2.5,TRUE,TRUE,1,SSP3_7_0,AM_85,experiment1
4,13.5650813371318,1,83,14.4845650956494,2.5,2.5,TRUE,TRUE,1,SSP3_7_0,AM_85,experiment1
4,12.6650516090583,1,83,14.4845650956494,2.5,2.5,TRUE,TRUE,1,SSP3_7_0,AM_85,experiment1
3,13.431176229781,1,83,14.4845650956494,2.5,2.5,TRUE,TRUE,1,SSP3_7_0,AM_85,experiment1
5,11.4736553963049,1,83,14.4845650956494,2.5,2.5,TRUE,TRUE,1,SSP3_7_0,AM_85,experiment1
5,12.754916016944,1,83,14.4845650956494,2.5,2.5,TRUE,TRUE,1,SSP3_7_0,AM_85,experiment1
3,12.4860807868879,1,83,14.4845650956494,2.5,2.5,TRUE,TRUE,1,SSP3_7_0,AM_85,experiment1
7,14.2857332113019,1,83,14.4845650956494,2.5,2.5,TRUE,TRUE,1,SSP3_7_0,AM_85,experiment1
3,14.3623466356673,1,83,14.4845650956494,2.5,2.5,TRUE,TRUE,1,SSP3_7_0,AM_85,experiment1
6,13.8819820790615,1,83,14.4845650956494,2.5,2.5,TRUE,TRUE,1,SSP3_7_0,AM_85,experiment1
3,12.1318409227733,1,83,14.4845650956494,2.5,2.5,TRUE,TRUE,1,SSP3_7_0,AM_85,experiment1
2,13.9004588814452,1,83,14.4845650956494,2.5,2.5,TRUE,TRUE,1,SSP3_7_0,AM_85,experiment1
3,13.9549093903086,1,83,14.4845650956494,2.5,2.5,TRUE,TRUE,1,SSP3_7_0,AM_85,experiment1
5,14.8763225883719,1,83,14.4845650956494,2.5,2.5,TRUE,TRUE,1,SSP3_7_0,AM_85,experiment1
4,12.9374353587854,1,83,14.4845650956494,2.5,2.5,TRUE,TRUE,1,SSP3_7_0,AM_85,experiment1
3,11.4310494675074,1,83,14.4845650956494,2.5,2.5,TRUE,TRUE,1,SSP3_7_0,AM_85,experiment1
3,14.286412124743,1,83,14.4845650956494,2.5,2.5,TRUE,TRUE,1,SSP3_7_0,AM_85,experiment1
10,13.9474099754598,1,83,14.4845650956494,2.5,2.5,TRUE,TRUE,1,SSP3_7_0,AM_85,experiment1
4,10.7398421236195,1,83,14.4845650956494,2.5,2.5,TRUE,TRUE,1,SSP3_7_0,AM_85,experiment1
2,13.2626794245481,1,83,14.4845650956494,2.5,2.5,TRUE,TRUE,1,SSP3_7_0,AM_85,experiment1
4,13.1116073796981,1,83,14.4845650956494,2.5,2.5,TRUE,TRUE,1,SSP3_7_0,AM_85,experiment1
3,14.4198036438898,1,83,14.4845650956494,2.5,2.5,TRUE,TRUE,1,SSP3_7_0,AM_85,experiment1
6,13.8567494559944,1,83,14.4845650956494,2.5,2.5,TRUE,TRUE,1,SSP3_7_0,AM_85,experiment1
7,13.5121192628701,1,83,14.4845650956494,2.5,2.5,TRUE,TRUE,1,SSP3_7_0,AM_85,experiment1
8,12.5293773538412,1,83,14.4845650956494,2.5,2.5,TRUE,TRUE,1,SSP3_7_0,AM_85,experiment1
3,15.0475070109633,1,83,14.4845650956494,2.5,2.5,TRUE,TRUE,1,SSP3_7_0,AM_85,experiment1
6,13.6765206484892,1,83,14.4845650956494,2.5,2.5,TRUE,TRUE,1,SSP3_7_0,AM_85,experiment1
4,14.3588992342213,1,83,14.4845650956494,2.5,2.5,TRUE,TRUE,1,SSP3_7_0,AM_85,experiment1
6,14.3029761845447,1,83,14.4845650956494,2.5,2.5,TRUE,TRUE,1,SSP3_7_0,AM_85,experiment1
4,11.6457159706451,1,83,14.4845650956494,2.5,2.5,TRUE,TRUE,1,SSP3_7_0,AM_85,experiment1
1,2.27893125,1,83,14.4845650956494,2.5,2.5,TRUE,TRUE,1,SSP3_7_0,AM_85,experiment1
5,13.4171291650616,1,83,14.4845650956494,2.5,2.5,TRUE,TRUE,1,SSP3_7_0,AM_85,experiment1
3,9.53929948757414,1,83,14.4845650956494,2.5,2.5,TRUE,TRUE,1,SSP3_7_0,AM_85,experiment1
2,13.8334514384476,1,83,14.4845650956494,2.5,2.5,TRUE,TRUE,1,SSP3_7_0,AM_85,experiment1
5,14.8053752627742,1,83,14.4845650956494,2.5,2.5,TRUE,TRUE,1,SSP3_7_0,AM_85,experiment1
4,13.0996377008304,1,83,14.4845650956494,2.5,2.5,TRUE,TRUE,1,SSP3_7_0,AM_85,experiment1
6,14.3052655021036,1,83,14.4845650956494,2.5,2.5,TRUE,TRUE,1,SSP3_7_0,AM_85,experiment1
1,12.2836007269125,1,83,14.4845650956494,2.5,2.5,TRUE,TRUE,1,SSP3_7_0,AM_85,experiment1
2,13.1150202260872,1,83,14.4845650956494,2.5,2.5,TRUE,TRUE,1,SSP3_7_0,AM_85,experiment1
2,12.8068221032191,1,83,14.4845650956494,2.5,2.5,TRUE,TRUE,1,SSP3_7_0,AM_85,experiment1
5,10.9623193010669,1,83,14.4845650956494,2.5,2.5,TRUE,TRUE,1,SSP3_7_0,AM_85,experiment1
3,9.60388093575854,1,83,14.4845650956494,2.5,2.5,TRUE,TRUE,1,SSP3_7_0,AM_85,experiment1
3,14.9412457175793,1,83,14.4845650956494,2.5,2.5,TRUE,TRUE,1,SSP3_7_0,AM_85,experiment1
7,13.020593320334,1,83,14.4845650956494,2.5,2.5,TRUE,TRUE,1,SSP3_7_0,AM_85,experiment1
3,13.4398522454292,1,83,14.4845650956494,2.5,2.5,TRUE,TRUE,1,SSP3_7_0,AM_85,experiment1
8,12.7807723833843,1,83,14.4845650956494,2.5,2.5,TRUE,TRUE,1,SSP3_7_0,AM_85,experiment1
5,11.9964147879423,1,83,14.4845650956494,2.5,2.5,TRUE,TRUE,1,SSP3_7_0,AM_85,experiment1
3,12.6509631683478,1,83,14.4845650956494,2.5,2.5,TRUE,TRUE,1,SSP3_7_0,AM_85,experiment1
3,15.160456399588,1,83,14.4845650956494,2.5,2.5,TRUE,TRUE,1,SSP3_7_0,AM_85,experiment1
2,12.8599117270888,1,83,14.4845650956494,2.5,2.5,TRUE,TRUE,1,SSP3_7_0,AM_85,experiment1
3,14.3196971990174,1,83,14.4845650956494,2.5,2.5,TRUE,TRUE,1,SSP3_7_0,AM_85,experiment1
1,9.45408643837299,1,83,14.4845650956494,2.5,2.5,TRUE,TRUE,1,SSP3_7_0,AM_85,experiment1
6,13.4623870803184,1,83,14.4845650956494,2.5,2.5,TRUE,TRUE,1,SSP3_7_0,AM_85,experiment1
7,12.7895491388359,1,83,14.4845650956494,2.5,2.5,TRUE,TRUE,1,SSP3_7_0,AM_85,experiment1
9,13.3096913847776,1,83,14.4845650956494,2.5,2.5,TRUE,TRUE,1,SSP3_7_0,AM_85,experiment1
3,13.3165108314601,1,83,14.4845650956494,2.5,2.5,TRUE,TRUE,1,SSP3_7_0,AM_85,experiment1
5,13.1390550445546,1,83,14.4845650956494,2.5,2.5,TRUE,TRUE,1,SSP3_7_0,AM_85,experiment1
5,11.1782017417702,1,83,14.4845650956494,2.5,2.5,TRUE,TRUE,1,SSP3_7_0,AM_85,experiment1
5,10.1048170755014,1,83,14.4845650956494,2.5,2.5,TRUE,TRUE,1,SSP3_7_0,AM_85,experiment1
4,13.5749812754392,1,83,14.4845650956494,2.5,2.5,TRUE,TRUE,1,SSP3_7_0,AM_85,experiment1
3,13.5610381670079,1,83,14.4845650956494,2.5,2.5,TRUE,TRUE,1,SSP3_7_0,AM_85,experiment1
5,13.4181394052293,1,83,14.4845650956494,2.5,2.5,TRUE,TRUE,1,SSP3_7_0,AM_85,experiment1
3,12.5994867596467,1,83,14.4845650956494,2.5,2.5,TRUE,TRUE,1,SSP3_7_0,AM_85,experiment1
3,13.9383291076586,1,83,14.4845650956494,2.5,2.5,TRUE,TRUE,1,SSP3_7_0,AM_85,experiment1
4,15.0573390922161,1,83,14.4845650956494,2.5,2.5,TRUE,TRUE,1,SSP3_7_0,AM_85,experiment1
2,14.4752577706641,1,83,14.4845650956494,2.5,2.5,TRUE,TRUE,1,SSP3_7_0,AM_85,experiment1
1,1.626875,1,83,14.4845650956494,2.5,2.5,TRUE,TRUE,1,SSP3_7_0,AM_85,experiment1
7,13.4483020421895,1,83,14.4845650956494,2.5,2.5,TRUE,TRUE,1,SSP3_7_0,AM_85,experiment1
4,14.8394651236126,1,83,14.4845650956494,2.5,2.5,TRUE,TRUE,1,SSP3_7_0,AM_85,experiment1
1,7.02748304235633,1,83,14.4845650956494,2.5,2.5,TRUE,TRUE,1,SSP3_7_0,AM_85,experiment1
7,13.6401717034738,1,83,14.4845650956494,2.5,2.5,TRUE,TRUE,1,SSP3_7_0,AM_85,experiment1
6,15.1450092270056,1,83,14.4845650956494,2.5,2.5,TRUE,TRUE,1,SSP3_7_0,AM_85,experiment1
1,4.55708183675781,1,83,14.4845650956494,2.5,2.5,TRUE,TRUE,1,SSP3_7_0,AM_85,experiment1
1,13.1956772984428,1,83,14.4845650956494,2.5,2.5,TRUE,TRUE,1,SSP3_7_0,AM_85,experiment1
4,13.8314401682255,1,83,14.4845650956494,2.5,2.5,TRUE,TRUE,1,SSP3_7_0,AM_85,experiment1
6,13.9048759307403,1,83,14.4845650956494,2.5,2.5,TRUE,TRUE,1,SSP3_7_0,AM_85,experiment1
2,11.5605729443528,1,83,14.4845650956494,2.5,2.5,TRUE,TRUE,1,SSP3_7_0,AM_85,experiment1
6,12.8526673318414,1,83,14.4845650956494,2.5,2.5,TRUE,TRUE,1,SSP3_7_0,AM_85,experiment1
4,13.8933066710621,1,83,14.4845650956494,2.5,2.5,TRUE,TRUE,1,SSP3_7_0,AM_85,experiment1
4,12.4552852887325,1,83,14.4845650956494,2.5,2.5,TRUE,TRUE,1,SSP3_7_0,AM_85,experiment1
7,13.9117413223358,1,83,14.4845650956494,2.5,2.5,TRUE,TRUE,1,SSP3_7_0,AM_85,experiment1
4,14.1401509278443,1,83,14.4845650956494,2.5,2.5,TRUE,TRUE,1,SSP3_7_0,AM_85,experiment1
4,13.0515733052523,1,83,14.4845650956494,2.5,2.5,TRUE,TRUE,1,SSP3_7_0,AM_85,experiment1
3,14.56849236916,1,83,14.4845650956494,2.5,2.5,TRUE,TRUE,1,SSP3_7_0,AM_85,experiment1
6,14.4290652237496,1,83,14.4845650956494,2.5,2.5,TRUE,TRUE,1,SSP3_7_0,AM_85,experiment1
6,13.6234881757053,1,83,14.4845650956494,2.5,2.5,TRUE,TRUE,1,SSP3_7_0,AM_85,experiment1
3,13.3952632525184,1,83,14.4845650956494,2.5,2.5,TRUE,TRUE,1,SSP3_7_0,AM_85,experiment1
5,13.9572436053681,1,83,14.4845650956494,2.5,2.5,TRUE,TRUE,1,SSP3_7_0,AM_85,experiment1
3,14.5901650971323,1,83,14.4845650956494,2.5,2.5,TRUE,TRUE,1,SSP3_7_0,AM_85,experiment1
2,13.110008365658,1,83,14.4845650956494,2.5,2.5,TRUE,TRUE,1,SSP3_7_0,AM_85,experiment1
5,14.5802007972734,1,83,14.4845650956494,2.5,2.5,TRUE,TRUE,1,SSP3_7_0,AM_85,experiment1
6,12.6309028472365,1,83,14.4845650956494,2.5,2.5,TRUE,TRUE,1,SSP3_7_0,AM_85,experiment1
6,12.3471786925067,1,83,14.4845650956494,2.5,2.5,TRUE,TRUE,1,SSP3_7_0,AM_85,experiment1
5,13.862312756665,1,83,14.4845650956494,2.5,2.5,TRUE,TRUE,1,SSP3_7_0,AM_85,experiment1
4,13.6540876488995,1,83,14.4845650956494,2.5,2.5,TRUE,TRUE,1,SSP3_7_0,AM_85,experiment1
6,12.4760728449203,1,83,14.4845650956494,2.5,2.5,TRUE,TRUE,1,SSP3_7_0,AM_85,experiment1
6,14.610645494403,1,83,14.4845650956494,2.5,2.5,TRUE,TRUE,1,SSP3_7_0,AM_85,experiment1
4,14.0315054870623,1,83,14.4845650956494,2.5,2.5,TRUE,TRUE,1,SSP3_7_0,AM_85,experiment1
8,13.5463460594647,1,83,14.4845650956494,2.5,2.5,TRUE,TRUE,1,SSP3_7_0,AM_85,experiment1
4,13.462816196221,1,83,14.4845650956494,2.5,2.5,TRUE,TRUE,1,SSP3_7_0,AM_85,experiment1
2,14.2813223100911,1,83,14.4845650956494,2.5,2.5,TRUE,TRUE,1,SSP3_7_0,AM_85,experiment1
3,14.2952116104507,1,83,14.4845650956494,2.5,2.5,TRUE,TRUE,1,SSP3_7_0,AM_85,experiment1
5,13.9765476423124,1,83,14.4845650956494,2.5,2.5,TRUE,TRUE,1,SSP3_7_0,AM_85,experiment1
1,10.8934150344078,1,83,14.4845650956494,2.5,2.5,TRUE,TRUE,1,SSP3_7_0,AM_85,experiment1
3,13.2047469022867,1,83,14.4845650956494,2.5,2.5,TRUE,TRUE,1,SSP3_7_0,AM_85,experiment1
10,13.7404998168922,1,83,14.4845650956494,2.5,2.5,TRUE,TRUE,1,SSP3_7_0,AM_85,experiment1
4,13.7400407748754,1,83,14.4845650956494,2.5,2.5,TRUE,TRUE,1,SSP3_7_0,AM_85,experiment1
4,10.7448840963941,1,83,14.4845650956494,2.5,2.5,TRUE,TRUE,1,SSP3_7_0,AM_85,experiment1
3,13.2255530348104,1,83,14.4845650956494,2.5,2.5,TRUE,TRUE,1,SSP3_7_0,AM_85,experiment1
4,14.8974735026135,1,83,14.4845650956494,2.5,2.5,TRUE,TRUE,1,SSP3_7_0,AM_85,experiment1
5,12.5053031776117,1,83,14.4845650956494,2.5,2.5,TRUE,TRUE,1,SSP3_7_0,AM_85,experiment1
1,11.0172186131247,1,83,14.4845650956494,2.5,2.5,TRUE,TRUE,1,SSP3_7_0,AM_85,experiment1
2,12.8676596992405,1,83,14.4845650956494,2.5,2.5,TRUE,TRUE,1,SSP3_7_0,AM_85,experiment1
2,8.18412580997099,1,83,14.4845650956494,2.5,2.5,TRUE,TRUE,1,SSP3_7_0,AM_85,experiment1
4,13.1010961658794,1,83,14.4845650956494,2.5,2.5,TRUE,TRUE,1,SSP3_7_0,AM_85,experiment1
6,14.9020447991329,1,83,14.4845650956494,2.5,2.5,TRUE,TRUE,1,SSP3_7_0,AM_85,experiment1
5,12.9816936702685,1,83,14.4845650956494,2.5,2.5,TRUE,TRUE,1,SSP3_7_0,AM_85,experiment1
3,13.088682994019,1,83,14.4845650956494,2.5,2.5,TRUE,TRUE,1,SSP3_7_0,AM_85,experiment1
4,14.1596162544357,1,83,14.4845650956494,2.5,2.5,TRUE,TRUE,1,SSP3_7_0,AM_85,experiment1
4,14.5667048599993,1,83,14.4845650956494,2.5,2.5,TRUE,TRUE,1,SSP3_7_0,AM_85,experiment1
5,12.0329606227687,1,83,14.4845650956494,2.5,2.5,TRUE,TRUE,1,SSP3_7_0,AM_85,experiment1
3,14.543956808353,1,83,14.4845650956494,2.5,2.5,TRUE,TRUE,1,SSP3_7_0,AM_85,experiment1
3,13.3061446176837,1,83,14.4845650956494,2.5,2.5,TRUE,TRUE,1,SSP3_7_0,AM_85,experiment1
4,12.3878099785732,1,83,14.4845650956494,2.5,2.5,TRUE,TRUE,1,SSP3_7_0,AM_85,experiment1
5,12.63745347695,1,83,14.4845650956494,2.5,2.5,TRUE,TRUE,1,SSP3_7_0,AM_85,experiment1
6,12.7793517104434,1,83,14.4845650956494,2.5,2.5,TRUE,TRUE,1,SSP3_7_0,AM_85,experiment1
2,13.3641853409535,1,83,14.4845650956494,2.5,2.5,TRUE,TRUE,1,SSP3_7_0,AM_85,experiment1
1,12.4587860649294,1,83,14.4845650956494,2.5,2.5,TRUE,TRUE,1,SSP3_7_0,AM_85,experiment1
2,14.510750977495,1,83,14.4845650956494,2.5,2.5,TRUE,TRUE,1,SSP3_7_0,AM_85,experiment1
3,12.1236636881289,1,83,14.4845650956494,2.5,2.5,TRUE,TRUE,1,SSP3_7_0,AM_85,experiment1
4,14.6090252593359,1,83,14.4845650956494,2.5,2.5,TRUE,TRUE,1,SSP3_7_0,AM_85,experiment1
4,13.1726403400263,1,83,14.4845650956494,2.5,2.5,TRUE,TRUE,1,SSP3_7_0,AM_85,experiment1
5,15.3422753401895,1,83,14.4845650956494,2.5,2.5,TRUE,TRUE,1,SSP3_7_0,AM_85,experiment1
7,13.2643942328275,1,83,14.4845650956494,2.5,2.5,TRUE,TRUE,1,SSP3_7_0,AM_85,experiment1
1,15.3969289559793,1,83,14.4845650956494,2.5,2.5,TRUE,TRUE,1,SSP3_7_0,AM_85,experiment1
4,14.1906220517173,1,83,14.4845650956494,2.5,2.5,TRUE,TRUE,1,SSP3_7_0,AM_85,experiment1
2,12.51195889867,1,83,14.4845650956494,2.5,2.5,TRUE,TRUE,1,SSP3_7_0,AM_85,experiment1
2,13.8692441484109,1,83,14.4845650956494,2.5,2.5,TRUE,TRUE,1,SSP3_7_0,AM_85,experiment1
4,12.8234159637556,1,83,14.4845650956494,2.5,2.5,TRUE,TRUE,1,SSP3_7_0,AM_85,experiment1
4,13.8974728649576,1,83,14.4845650956494,2.5,2.5,TRUE,TRUE,1,SSP3_7_0,AM_85,experiment1
4,10.9584455863841,1,83,14.4845650956494,2.5,2.5,TRUE,TRUE,1,SSP3_7_0,AM_85,experiment1
7,12.3039873789389,1,83,14.4845650956494,2.5,2.5,TRUE,TRUE,1,SSP3_7_0,AM_85,experiment1
4,13.849152948971,1,83,14.4845650956494,2.5,2.5,TRUE,TRUE,1,SSP3_7_0,AM_85,experiment1
5,13.0141974644589,1,83,14.4845650956494,2.5,2.5,TRUE,TRUE,1,SSP3_7_0,AM_85,experiment1
1,12.676660305449,1,83,14.4845650956494,2.5,2.5,TRUE,TRUE,1,SSP3_7_0,AM_85,experiment1
5,14.5061644991348,1,83,14.4845650956494,2.5,2.5,TRUE,TRUE,1,SSP3_7_0,AM_85,experiment1
2,14.4307362476866,1,83,14.4845650956494,2.5,2.5,TRUE,TRUE,1,SSP3_7_0,AM_85,experiment1
7,12.3209412396943,1,83,14.4845650956494,2.5,2.5,TRUE,TRUE,1,SSP3_7_0,AM_85,experiment1
2,11.3073076522374,1,83,14.4845650956494,2.5,2.5,TRUE,TRUE,1,SSP3_7_0,AM_85,experiment1
2,13.9160730285573,1,83,14.4845650956494,2.5,2.5,TRUE,TRUE,1,SSP3_7_0,AM_85,experiment1
4,12.6543327211282,1,83,14.4845650956494,2.5,2.5,TRUE,TRUE,1,SSP3_7_0,AM_85,experiment1
2,13.1599521233833,1,83,14.4845650956494,2.5,2.5,TRUE,TRUE,1,SSP3_7_0,AM_85,experiment1
6,15.0565766335526,1,83,14.4845650956494,2.5,2.5,TRUE,TRUE,1,SSP3_7_0,AM_85,experiment1
4,12.0427102389741,1,83,14.4845650956494,2.5,2.5,TRUE,TRUE,1,SSP3_7_0,AM_85,experiment1
2,14.3540201627092,1,83,14.4845650956494,2.5,2.5,TRUE,TRUE,1,SSP3_7_0,AM_85,experiment1
2,13.7158629809909,1,83,14.4845650956494,2.5,2.5,TRUE,TRUE,1,SSP3_7_0,AM_85,experiment1
5,14.7947662608159,1,83,14.4845650956494,2.5,2.5,TRUE,TRUE,1,SSP3_7_0,AM_85,experiment1
6,14.5820583049788,1,83,14.4845650956494,2.5,2.5,TRUE,TRUE,1,SSP3_7_0,AM_85,experiment1
3,13.1102696423885,1,83,14.4845650956494,2.5,2.5,TRUE,TRUE,1,SSP3_7_0,AM_85,experiment1
6,14.6182534969759,1,83,14.4845650956494,2.5,2.5,TRUE,TRUE,1,SSP3_7_0,AM_85,experiment1
7,8.12117401097198,1,83,14.4845650956494,2.5,2.5,TRUE,TRUE,1,SSP3_7_0,AM_85,experiment1
1,11.9423724406673,1,83,14.4845650956494,2.5,2.5,TRUE,TRUE,1,SSP3_7_0,AM_85,experiment1
2,13.1559093570814,1,83,14.4845650956494,2.5,2.5,TRUE,TRUE,1,SSP3_7_0,AM_85,experiment1
4,13.4803437382636,1,83,14.4845650956494,2.5,2.5,TRUE,TRUE,1,SSP3_7_0,AM_85,experiment1
4,13.9386071863739,1,83,14.4845650956494,2.5,2.5,TRUE,TRUE,1,SSP3_7_0,AM_85,experiment1
5,12.791051522353,1,83,14.4845650956494,2.5,2.5,TRUE,TRUE,1,SSP3_7_0,AM_85,experiment1
4,12.1490310753435,1,83,14.4845650956494,2.5,2.5,TRUE,TRUE,1,SSP3_7_0,AM_85,experiment1
3,13.1602197293658,1,83,14.4845650956494,2.5,2.5,TRUE,TRUE,1,SSP3_7_0,AM_85,experiment1
2,12.8495488329803,1,83,14.4845650956494,2.5,2.5,TRUE,TRUE,1,SSP3_7_0,AM_85,experiment1
3,13.901223152875,1,83,14.4845650956494,2.5,2.5,TRUE,TRUE,1,SSP3_7_0,AM_85,experiment1
3,13.76978130929,1,83,14.4845650956494,2.5,2.5,TRUE,TRUE,1,SSP3_7_0,AM_85,experiment1
6,13.1987743745289,1,83,14.4845650956494,2.5,2.5,TRUE,TRUE,1,SSP3_7_0,AM_85,experiment1
4,11.9383852617784,1,83,14.4845650956494,2.5,2.5,TRUE,TRUE,1,SSP3_7_0,AM_85,experiment1
3,14.8708553919416,1,83,14.4845650956494,2.5,2.5,TRUE,TRUE,1,SSP3_7_0,AM_85,experiment1
1,8.64999229310779,1,83,14.4845650956494,2.5,2.5,TRUE,TRUE,1,SSP3_7_0,AM_85,experiment1
5,12.9541548776214,1,83,14.4845650956494,2.5,2.5,TRUE,TRUE,1,SSP3_7_0,AM_85,experiment1
1,8.71820685826276,1,83,14.4845650956494,2.5,2.5,TRUE,TRUE,1,SSP3_7_0,AM_85,experiment1
3,13.1868727254755,1,83,14.4845650956494,2.5,2.5,TRUE,TRUE,1,SSP3_7_0,AM_85,experiment1
6,14.0705144682216,1,83,14.4845650956494,2.5,2.5,TRUE,TRUE,1,SSP3_7_0,AM_85,experiment1
3,10.8122873133102,1,83,14.4845650956494,2.5,2.5,TRUE,TRUE,1,SSP3_7_0,AM_85,experiment1
3,14.33881192318,1,83,14.4845650956494,2.5,2.5,TRUE,TRUE,1,SSP3_7_0,AM_85,experiment1
4,13.6413679822962,1,83,14.4845650956494,2.5,2.5,TRUE,TRUE,1,SSP3_7_0,AM_85,experiment1
1,13.6022787303679,1,83,14.4845650956494,2.5,2.5,TRUE,TRUE,1,SSP3_7_0,AM_85,experiment1
8,13.1397266949266,1,83,14.4845650956494,2.5,2.5,TRUE,TRUE,1,SSP3_7_0,AM_85,experiment1
7,10.7393384166385,1,83,14.4845650956494,2.5,2.5,TRUE,TRUE,1,SSP3_7_0,AM_85,experiment1
11,14.0229405189824,1,83,14.4845650956494,2.5,2.5,TRUE,TRUE,1,SSP3_7_0,AM_85,experiment1
5,14.2680749311401,1,83,14.4845650956494,2.5,2.5,TRUE,TRUE,1,SSP3_7_0,AM_85,experiment1
3,13.4028054290586,1,83,14.4845650956494,2.5,2.5,TRUE,TRUE,1,SSP3_7_0,AM_85,experiment1
8,13.9451671406222,1,83,14.4845650956494,2.5,2.5,TRUE,TRUE,1,SSP3_7_0,AM_85,experiment1
5,14.9283761029493,1,83,14.4845650956494,2.5,2.5,TRUE,TRUE,1,SSP3_7_0,AM_85,experiment1
7,13.8403770832754,1,83,14.4845650956494,2.5,2.5,TRUE,TRUE,1,SSP3_7_0,AM_85,experiment1
3,13.0802936985687,1,83,14.4845650956494,2.5,2.5,TRUE,TRUE,1,SSP3_7_0,AM_85,experiment1
3,12.0840388357106,1,83,14.4845650956494,2.5,2.5,TRUE,TRUE,1,SSP3_7_0,AM_85,experiment1
8,14.3280432006445,1,83,14.4845650956494,2.5,2.5,TRUE,TRUE,1,SSP3_7_0,AM_85,experiment1
7,12.3947676279358,1,83,14.4845650956494,2.5,2.5,TRUE,TRUE,1,SSP3_7_0,AM_85,experiment1
4,13.8700628749495,1,83,14.4845650956494,2.5,2.5,TRUE,TRUE,1,SSP3_7_0,AM_85,experiment1
6,14.5742943170559,1,83,14.4845650956494,2.5,2.5,TRUE,TRUE,1,SSP3_7_0,AM_85,experiment1
3,14.6148778893456,1,83,14.4845650956494,2.5,2.5,TRUE,TRUE,1,SSP3_7_0,AM_85,experiment1
4,13.0800115688621,1,83,14.4845650956494,2.5,2.5,TRUE,TRUE,1,SSP3_7_0,AM_85,experiment1
4,14.2608481854818,1,83,14.4845650956494,2.5,2.5,TRUE,TRUE,1,SSP3_7_0,AM_85,experiment1
9,14.0797066129304,1,83,14.4845650956494,2.5,2.5,TRUE,TRUE,1,SSP3_7_0,AM_85,experiment1
4,14.4263429872504,1,83,14.4845650956494,2.5,2.5,TRUE,TRUE,1,SSP3_7_0,AM_85,experiment1
1,3.0479740625,1,83,14.4845650956494,2.5,2.5,TRUE,TRUE,1,SSP3_7_0,AM_85,experiment1
6,11.9412646988154,1,83,14.4845650956494,2.5,2.5,TRUE,TRUE,1,SSP3_7_0,AM_85,experiment1
4,12.9903944430869,1,83,14.4845650956494,2.5,2.5,TRUE,TRUE,1,SSP3_7_0,AM_85,experiment1
3,13.1675672135993,1,83,14.4845650956494,2.5,2.5,TRUE,TRUE,1,SSP3_7_0,AM_85,experiment1
3,11.8488129204258,1,83,14.4845650956494,2.5,2.5,TRUE,TRUE,1,SSP3_7_0,AM_85,experiment1
2,14.8970930306513,1,83,14.4845650956494,2.5,2.5,TRUE,TRUE,1,SSP3_7_0,AM_85,experiment1
4,12.4280064566673,1,83,14.4845650956494,2.5,2.5,TRUE,TRUE,1,SSP3_7_0,AM_85,experiment1
6,13.1358886012431,1,83,14.4845650956494,2.5,2.5,TRUE,TRUE,1,SSP3_7_0,AM_85,experiment1
6,14.4097841475941,1,83,14.4845650956494,2.5,2.5,TRUE,TRUE,1,SSP3_7_0,AM_85,experiment1
1,10.5134646976048,1,83,14.4845650956494,2.5,2.5,TRUE,TRUE,1,SSP3_7_0,AM_85,experiment1
1,14.2898284879313,1,83,14.4845650956494,2.5,2.5,TRUE,TRUE,1,SSP3_7_0,AM_85,experiment1
7,13.2619544902263,1,83,14.4845650956494,2.5,2.5,TRUE,TRUE,1,SSP3_7_0,AM_85,experiment1
1,13.6595649380549,1,83,14.4845650956494,2.5,2.5,TRUE,TRUE,1,SSP3_7_0,AM_85,experiment1
3,12.8228773543074,1,83,14.4845650956494,2.5,2.5,TRUE,TRUE,1,SSP3_7_0,AM_85,experiment1
4,13.2555029084034,1,83,14.4845650956494,2.5,2.5,TRUE,TRUE,1,SSP3_7_0,AM_85,experiment1
5,13.6655853711012,1,83,14.4845650956494,2.5,2.5,TRUE,TRUE,1,SSP3_7_0,AM_85,experiment1
6,13.8621629168488,1,83,14.4845650956494,2.5,2.5,TRUE,TRUE,1,SSP3_7_0,AM_85,experiment1
6,12.7826777428913,1,83,14.4845650956494,2.5,2.5,TRUE,TRUE,1,SSP3_7_0,AM_85,experiment1
4,12.9250212256464,1,83,14.4845650956494,2.5,2.5,TRUE,TRUE,1,SSP3_7_0,AM_85,experiment1
3,15.2996017148486,1,83,14.4845650956494,2.5,2.5,TRUE,TRUE,1,SSP3_7_0,AM_85,experiment1
3,14.7324028211985,1,83,14.4845650956494,2.5,2.5,TRUE,TRUE,1,SSP3_7_0,AM_85,experiment1
4,12.9424137441335,1,83,14.4845650956494,2.5,2.5,TRUE,TRUE,1,SSP3_7_0,AM_85,experiment1
7,14.2630845055356,1,83,14.4845650956494,2.5,2.5,TRUE,TRUE,1,SSP3_7_0,AM_85,experiment1
3,8.78626450932416,1,83,14.4845650956494,2.5,2.5,TRUE,TRUE,1,SSP3_7_0,AM_85,experiment1
4,14.7934814563968,1,83,14.4845650956494,2.5,2.5,TRUE,TRUE,1,SSP3_7_0,AM_85,experiment1
4,11.3125892374998,1,83,14.4845650956494,2.5,2.5,TRUE,TRUE,1,SSP3_7_0,AM_85,experiment1
5,13.6955122438849,1,83,14.4845650956494,2.5,2.5,TRUE,TRUE,1,SSP3_7_0,AM_85,experiment1
3,14.3222321212092,1,83,14.4845650956494,2.5,2.5,TRUE,TRUE,1,SSP3_7_0,AM_85,experiment1
4,9.95393838058292,1,83,14.4845650956494,2.5,2.5,TRUE,TRUE,1,SSP3_7_0,AM_85,experiment1
3,13.4011822685309,1,83,14.4845650956494,2.5,2.5,TRUE,TRUE,1,SSP3_7_0,AM_85,experiment1
4,11.7505198247275,1,83,14.4845650956494,2.5,2.5,TRUE,TRUE,1,SSP3_7_0,AM_85,experiment1
5,12.6346063506208,1,83,14.4845650956494,2.5,2.5,TRUE,TRUE,1,SSP3_7_0,AM_85,experiment1
6,13.4731458241515,1,83,14.4845650956494,2.5,2.5,TRUE,TRUE,1,SSP3_7_0,AM_85,experiment1
3,14.4007360034098,1,83,14.4845650956494,2.5,2.5,TRUE,TRUE,1,SSP3_7_0,AM_85,experiment1
3,13.9523600823935,1,83,14.4845650956494,2.5,2.5,TRUE,TRUE,1,SSP3_7_0,AM_85,experiment1
6,13.6746949294482,1,83,14.4845650956494,2.5,2.5,TRUE,TRUE,1,SSP3_7_0,AM_85,experiment1
2,14.0339971002123,1,83,14.4845650956494,2.5,2.5,TRUE,TRUE,1,SSP3_7_0,AM_85,experiment1
3,11.6231565883858,1,83,14.4845650956494,2.5,2.5,TRUE,TRUE,1,SSP3_7_0,AM_85,experiment1
5,13.9628681746516,1,83,14.4845650956494,2.5,2.5,TRUE,TRUE,1,SSP3_7_0,AM_85,experiment1
5,11.8294767062948,1,83,14.4845650956494,2.5,2.5,TRUE,TRUE,1,SSP3_7_0,AM_85,experiment1
4,12.0845681867805,1,83,14.4845650956494,2.5,2.5,TRUE,TRUE,1,SSP3_7_0,AM_85,experiment1
4,12.8250639927377,1,83,14.4845650956494,2.5,2.5,TRUE,TRUE,1,SSP3_7_0,AM_85,experiment1
7,11.5261058930392,1,83,14.4845650956494,2.5,2.5,TRUE,TRUE,1,SSP3_7_0,AM_85,experiment1
1,13.3049411290624,1,83,14.4845650956494,2.5,2.5,TRUE,TRUE,1,SSP3_7_0,AM_85,experiment1
4,11.8022324895931,1,83,14.4845650956494,2.5,2.5,TRUE,TRUE,1,SSP3_7_0,AM_85,experiment1
5,12.2675466205215,1,83,14.4845650956494,2.5,2.5,TRUE,TRUE,1,SSP3_7_0,AM_85,experiment1
5,10.6058198905011,1,83,14.4845650956494,2.5,2.5,TRUE,TRUE,1,SSP3_7_0,AM_85,experiment1
4,14.6393937825989,1,83,14.4845650956494,2.5,2.5,TRUE,TRUE,1,SSP3_7_0,AM_85,experiment1
1,13.6645880368023,1,83,14.4845650956494,2.5,2.5,TRUE,TRUE,1,SSP3_7_0,AM_85,experiment1
5,12.8446404007739,1,83,14.4845650956494,2.5,2.5,TRUE,TRUE,1,SSP3_7_0,AM_85,experiment1
2,15.2461912143992,1,83,14.4845650956494,2.5,2.5,TRUE,TRUE,1,SSP3_7_0,AM_85,experiment1
1,12.0140863252346,1,83,11.9132393748186,2.5,1,TRUE,TRUE,1,SSP5_8_5,AM_85,experiment1
1,10.8531957845,1,83,11.9132393748186,2.5,1,TRUE,TRUE,1,SSP5_8_5,AM_85,experiment1
1,10.6399367720089,1,83,11.9132393748186,2.5,1,TRUE,TRUE,1,SSP5_8_5,AM_85,experiment1
1,11.1256105861713,1,83,11.9132393748186,2.5,1,TRUE,TRUE,1,SSP5_8_5,AM_85,experiment1
1,9.2174748906205,1,83,11.9132393748186,2.5,1,TRUE,TRUE,1,SSP5_8_5,AM_85,experiment1
1,12.5845760048339,1,83,11.9132393748186,2.5,1,TRUE,TRUE,1,SSP5_8_5,AM_85,experiment1
1,12.0726305225951,1,83,11.9132393748186,2.5,1,TRUE,TRUE,1,SSP5_8_5,AM_85,experiment1
1,11.3255020937248,1,83,11.9132393748186,2.5,1,TRUE,TRUE,1,SSP5_8_5,AM_85,experiment1
1,12.5750497852944,1,83,11.9132393748186,2.5,1,TRUE,TRUE,1,SSP5_8_5,AM_85,experiment1
1,12.0830976445637,1,83,11.9132393748186,2.5,1,TRUE,TRUE,1,SSP5_8_5,AM_85,experiment1
1,12.5433934125245,1,83,11.9132393748186,2.5,1,TRUE,TRUE,1,SSP5_8_5,AM_85,experiment1
1,11.9358274077866,1,83,11.9132393748186,2.5,1,TRUE,TRUE,1,SSP5_8_5,AM_85,experiment1
1,12.2454227104363,1,83,11.9132393748186,2.5,1,TRUE,TRUE,1,SSP5_8_5,AM_85,experiment1
1,11.5329370334515,1,83,11.9132393748186,2.5,1,TRUE,TRUE,1,SSP5_8_5,AM_85,experiment1
1,11.3515063909261,1,83,11.9132393748186,2.5,1,TRUE,TRUE,1,SSP5_8_5,AM_85,experiment1
1,12.2071365420152,1,83,11.9132393748186,2.5,1,TRUE,TRUE,1,SSP5_8_5,AM_85,experiment1
1,12.9074150723897,1,83,11.9132393748186,2.5,1,TRUE,TRUE,1,SSP5_8_5,AM_85,experiment1
1,11.8675137814631,1,83,11.9132393748186,2.5,1,TRUE,TRUE,1,SSP5_8_5,AM_85,experiment1
1,11.8332355810677,1,83,11.9132393748186,2.5,1,TRUE,TRUE,1,SSP5_8_5,AM_85,experiment1
1,13.1725709217626,1,83,11.9132393748186,2.5,1,TRUE,TRUE,1,SSP5_8_5,AM_85,experiment1
1,11.5837066338214,1,83,11.9132393748186,2.5,1,TRUE,TRUE,1,SSP5_8_5,AM_85,experiment1
1,12.6253346193963,1,83,11.9132393748186,2.5,1,TRUE,TRUE,1,SSP5_8_5,AM_85,experiment1
1,10.6661055952558,1,83,11.9132393748186,2.5,1,TRUE,TRUE,1,SSP5_8_5,AM_85,experiment1
1,11.5440805783243,1,83,11.9132393748186,2.5,1,TRUE,TRUE,1,SSP5_8_5,AM_85,experiment1
1,11.4724884313441,1,83,11.9132393748186,2.5,1,TRUE,TRUE,1,SSP5_8_5,AM_85,experiment1
1,11.7015633424875,1,83,11.9132393748186,2.5,1,TRUE,TRUE,1,SSP5_8_5,AM_85,experiment1
1,11.8895872638403,1,83,11.9132393748186,2.5,1,TRUE,TRUE,1,SSP5_8_5,AM_85,experiment1
1,8.23851229252263,1,83,11.9132393748186,2.5,1,TRUE,TRUE,1,SSP5_8_5,AM_85,experiment1
1,9.81430712033197,1,83,11.9132393748186,2.5,1,TRUE,TRUE,1,SSP5_8_5,AM_85,experiment1
1,10.4268013301783,1,83,11.9132393748186,2.5,1,TRUE,TRUE,1,SSP5_8_5,AM_85,experiment1
1,12.6127343609736,1,83,11.9132393748186,2.5,1,TRUE,TRUE,1,SSP5_8_5,AM_85,experiment1
1,11.3617654098896,1,83,11.9132393748186,2.5,1,TRUE,TRUE,1,SSP5_8_5,AM_85,experiment1
1,11.3801766482348,1,83,11.9132393748186,2.5,1,TRUE,TRUE,1,SSP5_8_5,AM_85,experiment1
1,10.7251338693922,1,83,11.9132393748186,2.5,1,TRUE,TRUE,1,SSP5_8_5,AM_85,experiment1
1,12.1138852681433,1,83,11.9132393748186,2.5,1,TRUE,TRUE,1,SSP5_8_5,AM_85,experiment1
1,13.2495642349493,1,83,11.9132393748186,2.5,1,TRUE,TRUE,1,SSP5_8_5,AM_85,experiment1
1,12.1119379715322,1,83,11.9132393748186,2.5,1,TRUE,TRUE,1,SSP5_8_5,AM_85,experiment1
1,11.4547270915642,1,83,11.9132393748186,2.5,1,TRUE,TRUE,1,SSP5_8_5,AM_85,experiment1
1,9.3398294476994,1,83,11.9132393748186,2.5,1,TRUE,TRUE,1,SSP5_8_5,AM_85,experiment1
1,9.80665050522118,1,83,11.9132393748186,2.5,1,TRUE,TRUE,1,SSP5_8_5,AM_85,experiment1
1,11.0859766225781,1,83,11.9132393748186,2.5,1,TRUE,TRUE,1,SSP5_8_5,AM_85,experiment1
1,10.4584731762529,1,83,11.9132393748186,2.5,1,TRUE,TRUE,1,SSP5_8_5,AM_85,experiment1
1,13.3487304447915,1,83,11.9132393748186,2.5,1,TRUE,TRUE,1,SSP5_8_5,AM_85,experiment1
1,10.3912360277851,1,83,11.9132393748186,2.5,1,TRUE,TRUE,1,SSP5_8_5,AM_85,experiment1
1,9.93840441756849,1,83,11.9132393748186,2.5,1,TRUE,TRUE,1,SSP5_8_5,AM_85,experiment1
1,11.9965671185193,1,83,11.9132393748186,2.5,1,TRUE,TRUE,1,SSP5_8_5,AM_85,experiment1
1,9.65191834117684,1,83,11.9132393748186,2.5,1,TRUE,TRUE,1,SSP5_8_5,AM_85,experiment1
1,11.3989056509121,1,83,11.9132393748186,2.5,1,TRUE,TRUE,1,SSP5_8_5,AM_85,experiment1
1,11.154553125261,1,83,11.9132393748186,2.5,1,TRUE,TRUE,1,SSP5_8_5,AM_85,experiment1
1,9.69028159820528,1,83,11.9132393748186,2.5,1,TRUE,TRUE,1,SSP5_8_5,AM_85,experiment1
1,10.9167774173873,1,83,11.9132393748186,2.5,1,TRUE,TRUE,1,SSP5_8_5,AM_85,experiment1
1,11.598795883159,1,83,11.9132393748186,2.5,1,TRUE,TRUE,1,SSP5_8_5,AM_85,experiment1
1,9.63768994991024,1,83,11.9132393748186,2.5,1,TRUE,TRUE,1,SSP5_8_5,AM_85,experiment1
1,11.9654190914557,1,83,11.9132393748186,2.5,1,TRUE,TRUE,1,SSP5_8_5,AM_85,experiment1
1,12.1694628692961,1,83,11.9132393748186,2.5,1,TRUE,TRUE,1,SSP5_8_5,AM_85,experiment1
1,12.0846682819756,1,83,11.9132393748186,2.5,1,TRUE,TRUE,1,SSP5_8_5,AM_85,experiment1
1,12.4584189409937,1,83,11.9132393748186,2.5,1,TRUE,TRUE,1,SSP5_8_5,AM_85,experiment1
1,11.952723629703,1,83,11.9132393748186,2.5,1,TRUE,TRUE,1,SSP5_8_5,AM_85,experiment1
1,12.9421019645039,1,83,11.9132393748186,2.5,1,TRUE,TRUE,1,SSP5_8_5,AM_85,experiment1
1,10.451046680469,1,83,11.9132393748186,2.5,1,TRUE,TRUE,1,SSP5_8_5,AM_85,experiment1
1,12.3577762396823,1,83,11.9132393748186,2.5,1,TRUE,TRUE,1,SSP5_8_5,AM_85,experiment1
1,11.8118790214333,1,83,11.9132393748186,2.5,1,TRUE,TRUE,1,SSP5_8_5,AM_85,experiment1
1,13.2472203176865,1,83,11.9132393748186,2.5,1,TRUE,TRUE,1,SSP5_8_5,AM_85,experiment1
1,10.7146139461336,1,83,11.9132393748186,2.5,1,TRUE,TRUE,1,SSP5_8_5,AM_85,experiment1
1,10.5706574363356,1,83,11.9132393748186,2.5,1,TRUE,TRUE,1,SSP5_8_5,AM_85,experiment1
1,11.4270300893375,1,83,11.9132393748186,2.5,1,TRUE,TRUE,1,SSP5_8_5,AM_85,experiment1
1,13.4703721737909,1,83,11.9132393748186,2.5,1,TRUE,TRUE,1,SSP5_8_5,AM_85,experiment1
1,12.1430156585877,1,83,11.9132393748186,2.5,1,TRUE,TRUE,1,SSP5_8_5,AM_85,experiment1
1,10.7802156195536,1,83,11.9132393748186,2.5,1,TRUE,TRUE,1,SSP5_8_5,AM_85,experiment1
1,10.9454509397634,1,83,11.9132393748186,2.5,1,TRUE,TRUE,1,SSP5_8_5,AM_85,experiment1
1,12.6514164014086,1,83,11.9132393748186,2.5,1,TRUE,TRUE,1,SSP5_8_5,AM_85,experiment1
1,12.3317358593867,1,83,11.9132393748186,2.5,1,TRUE,TRUE,1,SSP5_8_5,AM_85,experiment1
1,11.2703007222458,1,83,11.9132393748186,2.5,1,TRUE,TRUE,1,SSP5_8_5,AM_85,experiment1
1,11.6326797115482,1,83,11.9132393748186,2.5,1,TRUE,TRUE,1,SSP5_8_5,AM_85,experiment1
1,10.047256782714,1,83,11.9132393748186,2.5,1,TRUE,TRUE,1,SSP5_8_5,AM_85,experiment1
1,9.73315884148241,1,83,11.9132393748186,2.5,1,TRUE,TRUE,1,SSP5_8_5,AM_85,experiment1
1,11.193254659269,1,83,11.9132393748186,2.5,1,TRUE,TRUE,1,SSP5_8_5,AM_85,experiment1
1,11.3013498344416,1,83,11.9132393748186,2.5,1,TRUE,TRUE,1,SSP5_8_5,AM_85,experiment1
1,11.3127435813403,1,83,11.9132393748186,2.5,1,TRUE,TRUE,1,SSP5_8_5,AM_85,experiment1
1,12.3643152111077,1,83,11.9132393748186,2.5,1,TRUE,TRUE,1,SSP5_8_5,AM_85,experiment1
1,9.97570689961269,1,83,11.9132393748186,2.5,1,TRUE,TRUE,1,SSP5_8_5,AM_85,experiment1
1,11.3767487937075,1,83,11.9132393748186,2.5,1,TRUE,TRUE,1,SSP5_8_5,AM_85,experiment1
1,12.2862155877601,1,83,11.9132393748186,2.5,1,TRUE,TRUE,1,SSP5_8_5,AM_85,experiment1
1,12.0333482192022,1,83,11.9132393748186,2.5,1,TRUE,TRUE,1,SSP5_8_5,AM_85,experiment1
1,11.2646621896197,1,83,11.9132393748186,2.5,1,TRUE,TRUE,1,SSP5_8_5,AM_85,experiment1
1,11.7255801480036,1,83,11.9132393748186,2.5,1,TRUE,TRUE,1,SSP5_8_5,AM_85,experiment1
1,12.5186636507056,1,83,11.9132393748186,2.5,1,TRUE,TRUE,1,SSP5_8_5,AM_85,experiment1
1,8.11753005387843,1,83,11.9132393748186,2.5,1,TRUE,TRUE,1,SSP5_8_5,AM_85,experiment1
1,11.0420898068561,1,83,11.9132393748186,2.5,1,TRUE,TRUE,1,SSP5_8_5,AM_85,experiment1
1,11.3660605473127,1,83,11.9132393748186,2.5,1,TRUE,TRUE,1,SSP5_8_5,AM_85,experiment1
1,12.1901039636767,1,83,11.9132393748186,2.5,1,TRUE,TRUE,1,SSP5_8_5,AM_85,experiment1
1,12.2951223961478,1,83,11.9132393748186,2.5,1,TRUE,TRUE,1,SSP5_8_5,AM_85,experiment1
1,12.0693760453354,1,83,11.9132393748186,2.5,1,TRUE,TRUE,1,SSP5_8_5,AM_85,experiment1
1,11.673052072192,1,83,11.9132393748186,2.5,1,TRUE,TRUE,1,SSP5_8_5,AM_85,experiment1
1,12.1020411362533,1,83,11.9132393748186,2.5,1,TRUE,TRUE,1,SSP5_8_5,AM_85,experiment1
1,11.3698234571169,1,83,11.9132393748186,2.5,1,TRUE,TRUE,1,SSP5_8_5,AM_85,experiment1
1,8.55282946310796,1,83,11.9132393748186,2.5,1,TRUE,TRUE,1,SSP5_8_5,AM_85,experiment1
1,12.6091447028781,1,83,11.9132393748186,2.5,1,TRUE,TRUE,1,SSP5_8_5,AM_85,experiment1
1,12.5007971219708,1,83,11.9132393748186,2.5,1,TRUE,TRUE,1,SSP5_8_5,AM_85,experiment1
1,12.7614717269978,1,83,11.9132393748186,2.5,1,TRUE,TRUE,1,SSP5_8_5,AM_85,experiment1
1,12.0859892739533,1,83,11.9132393748186,2.5,1,TRUE,TRUE,1,SSP5_8_5,AM_85,experiment1
1,12.1206137096165,1,83,11.9132393748186,2.5,1,TRUE,TRUE,1,SSP5_8_5,AM_85,experiment1
1,12.5637174822175,1,83,11.9132393748186,2.5,1,TRUE,TRUE,1,SSP5_8_5,AM_85,experiment1
1,9.90250883431842,1,83,11.9132393748186,2.5,1,TRUE,TRUE,1,SSP5_8_5,AM_85,experiment1
1,12.8107607900087,1,83,11.9132393748186,2.5,1,TRUE,TRUE,1,SSP5_8_5,AM_85,experiment1
1,11.1806973277435,1,83,11.9132393748186,2.5,1,TRUE,TRUE,1,SSP5_8_5,AM_85,experiment1
1,10.1543059414071,1,83,11.9132393748186,2.5,1,TRUE,TRUE,1,SSP5_8_5,AM_85,experiment1
1,10.3183502534441,1,83,11.9132393748186,2.5,1,TRUE,TRUE,1,SSP5_8_5,AM_85,experiment1
1,10.7650665847243,1,83,11.9132393748186,2.5,1,TRUE,TRUE,1,SSP5_8_5,AM_85,experiment1
1,11.2235355676858,1,83,11.9132393748186,2.5,1,TRUE,TRUE,1,SSP5_8_5,AM_85,experiment1
1,12.0793742322635,1,83,11.9132393748186,2.5,1,TRUE,TRUE,1,SSP5_8_5,AM_85,experiment1
1,12.8966787232734,1,83,11.9132393748186,2.5,1,TRUE,TRUE,1,SSP5_8_5,AM_85,experiment1
1,10.6800778145496,1,83,11.9132393748186,2.5,1,TRUE,TRUE,1,SSP5_8_5,AM_85,experiment1
1,11.3880525047021,1,83,11.9132393748186,2.5,1,TRUE,TRUE,1,SSP5_8_5,AM_85,experiment1
1,12.5389082319671,1,83,11.9132393748186,2.5,1,TRUE,TRUE,1,SSP5_8_5,AM_85,experiment1
1,11.5049484909167,1,83,11.9132393748186,2.5,1,TRUE,TRUE,1,SSP5_8_5,AM_85,experiment1
1,10.0286422405819,1,83,11.9132393748186,2.5,1,TRUE,TRUE,1,SSP5_8_5,AM_85,experiment1
1,12.8625227498718,1,83,11.9132393748186,2.5,1,TRUE,TRUE,1,SSP5_8_5,AM_85,experiment1
1,11.798641484668,1,83,11.9132393748186,2.5,1,TRUE,TRUE,1,SSP5_8_5,AM_85,experiment1
1,11.8694168370346,1,83,11.9132393748186,2.5,1,TRUE,TRUE,1,SSP5_8_5,AM_85,experiment1
1,12.2875082219064,1,83,11.9132393748186,2.5,1,TRUE,TRUE,1,SSP5_8_5,AM_85,experiment1
1,8.70236157134806,1,83,11.9132393748186,2.5,1,TRUE,TRUE,1,SSP5_8_5,AM_85,experiment1
1,11.2181625551629,1,83,11.9132393748186,2.5,1,TRUE,TRUE,1,SSP5_8_5,AM_85,experiment1
1,12.7963379873847,1,83,11.9132393748186,2.5,1,TRUE,TRUE,1,SSP5_8_5,AM_85,experiment1
1,10.3767917383456,1,83,11.9132393748186,2.5,1,TRUE,TRUE,1,SSP5_8_5,AM_85,experiment1
1,12.0842834514479,1,83,11.9132393748186,2.5,1,TRUE,TRUE,1,SSP5_8_5,AM_85,experiment1
1,12.7981177374197,1,83,11.9132393748186,2.5,1,TRUE,TRUE,1,SSP5_8_5,AM_85,experiment1
1,10.314158444097,1,83,11.9132393748186,2.5,1,TRUE,TRUE,1,SSP5_8_5,AM_85,experiment1
1,9.61426200763065,1,83,11.9132393748186,2.5,1,TRUE,TRUE,1,SSP5_8_5,AM_85,experiment1
1,9.89148599635466,1,83,11.9132393748186,2.5,1,TRUE,TRUE,1,SSP5_8_5,AM_85,experiment1
1,10.8670482667652,1,83,11.9132393748186,2.5,1,TRUE,TRUE,1,SSP5_8_5,AM_85,experiment1
1,12.4510422163626,1,83,11.9132393748186,2.5,1,TRUE,TRUE,1,SSP5_8_5,AM_85,experiment1
1,12.3003436057949,1,83,11.9132393748186,2.5,1,TRUE,TRUE,1,SSP5_8_5,AM_85,experiment1
1,10.7595244686163,1,83,11.9132393748186,2.5,1,TRUE,TRUE,1,SSP5_8_5,AM_85,experiment1
1,12.3221705435357,1,83,11.9132393748186,2.5,1,TRUE,TRUE,1,SSP5_8_5,AM_85,experiment1
1,13.0282579483697,1,83,11.9132393748186,2.5,1,TRUE,TRUE,1,SSP5_8_5,AM_85,experiment1
1,12.8357329833251,1,83,11.9132393748186,2.5,1,TRUE,TRUE,1,SSP5_8_5,AM_85,experiment1
1,12.4140431257797,1,83,11.9132393748186,2.5,1,TRUE,TRUE,1,SSP5_8_5,AM_85,experiment1
1,11.9605370265849,1,83,11.9132393748186,2.5,1,TRUE,TRUE,1,SSP5_8_5,AM_85,experiment1
1,10.7802391930562,1,83,11.9132393748186,2.5,1,TRUE,TRUE,1,SSP5_8_5,AM_85,experiment1
1,11.0674247486371,1,83,11.9132393748186,2.5,1,TRUE,TRUE,1,SSP5_8_5,AM_85,experiment1
1,10.0549165818744,1,83,11.9132393748186,2.5,1,TRUE,TRUE,1,SSP5_8_5,AM_85,experiment1
1,9.35218210386923,1,83,11.9132393748186,2.5,1,TRUE,TRUE,1,SSP5_8_5,AM_85,experiment1
1,12.2287020365715,1,83,11.9132393748186,2.5,1,TRUE,TRUE,1,SSP5_8_5,AM_85,experiment1
1,10.4543466529107,1,83,11.9132393748186,2.5,1,TRUE,TRUE,1,SSP5_8_5,AM_85,experiment1
1,11.3109207757683,1,83,11.9132393748186,2.5,1,TRUE,TRUE,1,SSP5_8_5,AM_85,experiment1
1,12.2510863990322,1,83,11.9132393748186,2.5,1,TRUE,TRUE,1,SSP5_8_5,AM_85,experiment1
1,9.6131440787886,1,83,11.9132393748186,2.5,1,TRUE,TRUE,1,SSP5_8_5,AM_85,experiment1
1,11.4047968083981,1,83,11.9132393748186,2.5,1,TRUE,TRUE,1,SSP5_8_5,AM_85,experiment1
1,12.4591387074368,1,83,11.9132393748186,2.5,1,TRUE,TRUE,1,SSP5_8_5,AM_85,experiment1
1,11.0373333153308,1,83,11.9132393748186,2.5,1,TRUE,TRUE,1,SSP5_8_5,AM_85,experiment1
1,11.8147411839564,1,83,11.9132393748186,2.5,1,TRUE,TRUE,1,SSP5_8_5,AM_85,experiment1
1,12.3172440334699,1,83,11.9132393748186,2.5,1,TRUE,TRUE,1,SSP5_8_5,AM_85,experiment1
1,11.2291005739288,1,83,11.9132393748186,2.5,1,TRUE,TRUE,1,SSP5_8_5,AM_85,experiment1
1,10.3999305234382,1,83,11.9132393748186,2.5,1,TRUE,TRUE,1,SSP5_8_5,AM_85,experiment1
1,12.2547096016207,1,83,11.9132393748186,2.5,1,TRUE,TRUE,1,SSP5_8_5,AM_85,experiment1
1,8.90402862649042,1,83,11.9132393748186,2.5,1,TRUE,TRUE,1,SSP5_8_5,AM_85,experiment1
1,12.6255671728199,1,83,11.9132393748186,2.5,1,TRUE,TRUE,1,SSP5_8_5,AM_85,experiment1
1,10.4762159771296,1,83,11.9132393748186,2.5,1,TRUE,TRUE,1,SSP5_8_5,AM_85,experiment1
1,10.068564827327,1,83,11.9132393748186,2.5,1,TRUE,TRUE,1,SSP5_8_5,AM_85,experiment1
1,11.9614181645536,1,83,11.9132393748186,2.5,1,TRUE,TRUE,1,SSP5_8_5,AM_85,experiment1
1,12.2905200684645,1,83,11.9132393748186,2.5,1,TRUE,TRUE,1,SSP5_8_5,AM_85,experiment1
1,11.3046763034768,1,83,11.9132393748186,2.5,1,TRUE,TRUE,1,SSP5_8_5,AM_85,experiment1
1,7.16827905116865,1,83,11.9132393748186,2.5,1,TRUE,TRUE,1,SSP5_8_5,AM_85,experiment1
1,11.8039482009497,1,83,11.9132393748186,2.5,1,TRUE,TRUE,1,SSP5_8_5,AM_85,experiment1
1,9.84740819346189,1,83,11.9132393748186,2.5,1,TRUE,TRUE,1,SSP5_8_5,AM_85,experiment1
1,11.73976178503,1,83,11.9132393748186,2.5,1,TRUE,TRUE,1,SSP5_8_5,AM_85,experiment1
1,8.89631051362275,1,83,11.9132393748186,2.5,1,TRUE,TRUE,1,SSP5_8_5,AM_85,experiment1
1,5.00253083022588,1,83,11.9132393748186,2.5,1,TRUE,TRUE,1,SSP5_8_5,AM_85,experiment1
1,11.3136876723415,1,83,11.9132393748186,2.5,1,TRUE,TRUE,1,SSP5_8_5,AM_85,experiment1
1,10.1313295456918,1,83,11.9132393748186,2.5,1,TRUE,TRUE,1,SSP5_8_5,AM_85,experiment1
1,11.2626189543005,1,83,11.9132393748186,2.5,1,TRUE,TRUE,1,SSP5_8_5,AM_85,experiment1
1,11.3399045180165,1,83,11.9132393748186,2.5,1,TRUE,TRUE,1,SSP5_8_5,AM_85,experiment1
1,10.9788113279987,1,83,11.9132393748186,2.5,1,TRUE,TRUE,1,SSP5_8_5,AM_85,experiment1
1,11.864010125479,1,83,11.9132393748186,2.5,1,TRUE,TRUE,1,SSP5_8_5,AM_85,experiment1
1,10.3858413097249,1,83,11.9132393748186,2.5,1,TRUE,TRUE,1,SSP5_8_5,AM_85,experiment1
1,2.44589375,1,83,11.9132393748186,2.5,1,TRUE,TRUE,1,SSP5_8_5,AM_85,experiment1
1,12.1823417550519,1,83,11.9132393748186,2.5,1,TRUE,TRUE,1,SSP5_8_5,AM_85,experiment1
1,11.5611633243625,1,83,11.9132393748186,2.5,1,TRUE,TRUE,1,SSP5_8_5,AM_85,experiment1
1,12.5507918390977,1,83,11.9132393748186,2.5,1,TRUE,TRUE,1,SSP5_8_5,AM_85,experiment1
1,11.1124513875371,1,83,11.9132393748186,2.5,1,TRUE,TRUE,1,SSP5_8_5,AM_85,experiment1
1,12.1555359264954,1,83,11.9132393748186,2.5,1,TRUE,TRUE,1,SSP5_8_5,AM_85,experiment1
1,10.4029642060302,1,83,11.9132393748186,2.5,1,TRUE,TRUE,1,SSP5_8_5,AM_85,experiment1
1,11.7299805266525,1,83,11.9132393748186,2.5,1,TRUE,TRUE,1,SSP5_8_5,AM_85,experiment1
1,12.528322255847,1,83,11.9132393748186,2.5,1,TRUE,TRUE,1,SSP5_8_5,AM_85,experiment1
1,11.3620138995008,1,83,11.9132393748186,2.5,1,TRUE,TRUE,1,SSP5_8_5,AM_85,experiment1
1,12.1931151990625,1,83,11.9132393748186,2.5,1,TRUE,TRUE,1,SSP5_8_5,AM_85,experiment1
1,10.7349263146394,1,83,11.9132393748186,2.5,1,TRUE,TRUE,1,SSP5_8_5,AM_85,experiment1
1,9.80341917995452,1,83,11.9132393748186,2.5,1,TRUE,TRUE,1,SSP5_8_5,AM_85,experiment1
1,8.77475276338443,1,83,11.9132393748186,2.5,1,TRUE,TRUE,1,SSP5_8_5,AM_85,experiment1
1,10.0004256333659,1,83,11.9132393748186,2.5,1,TRUE,TRUE,1,SSP5_8_5,AM_85,experiment1
1,12.3334487884428,1,83,11.9132393748186,2.5,1,TRUE,TRUE,1,SSP5_8_5,AM_85,experiment1
1,12.6653429778623,1,83,11.9132393748186,2.5,1,TRUE,TRUE,1,SSP5_8_5,AM_85,experiment1
1,10.4684896800109,1,83,11.9132393748186,2.5,1,TRUE,TRUE,1,SSP5_8_5,AM_85,experiment1
1,13.2114974984855,1,83,11.9132393748186,2.5,1,TRUE,TRUE,1,SSP5_8_5,AM_85,experiment1
1,10.0699636965242,1,83,11.9132393748186,2.5,1,TRUE,TRUE,1,SSP5_8_5,AM_85,experiment1
1,11.624498182073,1,83,11.9132393748186,2.5,1,TRUE,TRUE,1,SSP5_8_5,AM_85,experiment1
1,12.6718201206154,1,83,11.9132393748186,2.5,1,TRUE,TRUE,1,SSP5_8_5,AM_85,experiment1
1,12.3833391346083,1,83,11.9132393748186,2.5,1,TRUE,TRUE,1,SSP5_8_5,AM_85,experiment1
1,11.7590648103107,1,83,11.9132393748186,2.5,1,TRUE,TRUE,1,SSP5_8_5,AM_85,experiment1
1,11.4242478616343,1,83,11.9132393748186,2.5,1,TRUE,TRUE,1,SSP5_8_5,AM_85,experiment1
1,12.7875399571539,1,83,11.9132393748186,2.5,1,TRUE,TRUE,1,SSP5_8_5,AM_85,experiment1
1,11.3344757535311,1,83,11.9132393748186,2.5,1,TRUE,TRUE,1,SSP5_8_5,AM_85,experiment1
1,12.7594834284265,1,83,11.9132393748186,2.5,1,TRUE,TRUE,1,SSP5_8_5,AM_85,experiment1
1,12.1166633678792,1,83,11.9132393748186,2.5,1,TRUE,TRUE,1,SSP5_8_5,AM_85,experiment1
1,12.3714007653154,1,83,11.9132393748186,2.5,1,TRUE,TRUE,1,SSP5_8_5,AM_85,experiment1
1,12.4424854450747,1,83,11.9132393748186,2.5,1,TRUE,TRUE,1,SSP5_8_5,AM_85,experiment1
1,11.038156682692,1,83,11.9132393748186,2.5,1,TRUE,TRUE,1,SSP5_8_5,AM_85,experiment1
1,12.3991960249292,1,83,11.9132393748186,2.5,1,TRUE,TRUE,1,SSP5_8_5,AM_85,experiment1
1,11.5365091079117,1,83,11.9132393748186,2.5,1,TRUE,TRUE,1,SSP5_8_5,AM_85,experiment1
1,12.5670478678919,1,83,11.9132393748186,2.5,1,TRUE,TRUE,1,SSP5_8_5,AM_85,experiment1
1,11.7063248862049,1,83,11.9132393748186,2.5,1,TRUE,TRUE,1,SSP5_8_5,AM_85,experiment1
1,10.0491709475422,1,83,11.9132393748186,2.5,1,TRUE,TRUE,1,SSP5_8_5,AM_85,experiment1
1,10.4483844687687,1,83,11.9132393748186,2.5,1,TRUE,TRUE,1,SSP5_8_5,AM_85,experiment1
1,12.2484099617409,1,83,11.9132393748186,2.5,1,TRUE,TRUE,1,SSP5_8_5,AM_85,experiment1
1,12.3793476856665,1,83,11.9132393748186,2.5,1,TRUE,TRUE,1,SSP5_8_5,AM_85,experiment1
1,12.0391089909109,1,83,11.9132393748186,2.5,1,TRUE,TRUE,1,SSP5_8_5,AM_85,experiment1
1,11.8610479638313,1,83,11.9132393748186,2.5,1,TRUE,TRUE,1,SSP5_8_5,AM_85,experiment1
1,12.6043637687997,1,83,11.9132393748186,2.5,1,TRUE,TRUE,1,SSP5_8_5,AM_85,experiment1
1,10.7454476500443,1,83,11.9132393748186,2.5,1,TRUE,TRUE,1,SSP5_8_5,AM_85,experiment1
1,12.1551284117688,1,83,11.9132393748186,2.5,1,TRUE,TRUE,1,SSP5_8_5,AM_85,experiment1
1,11.8667999546224,1,83,11.9132393748186,2.5,1,TRUE,TRUE,1,SSP5_8_5,AM_85,experiment1
1,10.7115493738855,1,83,11.9132393748186,2.5,1,TRUE,TRUE,1,SSP5_8_5,AM_85,experiment1
1,8.79879644502592,1,83,11.9132393748186,2.5,1,TRUE,TRUE,1,SSP5_8_5,AM_85,experiment1
1,10.6185096444564,1,83,11.9132393748186,2.5,1,TRUE,TRUE,1,SSP5_8_5,AM_85,experiment1
1,9.46403584278753,1,83,11.9132393748186,2.5,1,TRUE,TRUE,1,SSP5_8_5,AM_85,experiment1
1,12.0165017703196,1,83,11.9132393748186,2.5,1,TRUE,TRUE,1,SSP5_8_5,AM_85,experiment1
1,9.80407879126945,1,83,11.9132393748186,2.5,1,TRUE,TRUE,1,SSP5_8_5,AM_85,experiment1
1,10.1098894758758,1,83,11.9132393748186,2.5,1,TRUE,TRUE,1,SSP5_8_5,AM_85,experiment1
1,12.6338285858801,1,83,11.9132393748186,2.5,1,TRUE,TRUE,1,SSP5_8_5,AM_85,experiment1
1,8.24052984372634,1,83,11.9132393748186,2.5,1,TRUE,TRUE,1,SSP5_8_5,AM_85,experiment1
1,12.3672939612286,1,83,11.9132393748186,2.5,1,TRUE,TRUE,1,SSP5_8_5,AM_85,experiment1
1,11.1571150753684,1,83,11.9132393748186,2.5,1,TRUE,TRUE,1,SSP5_8_5,AM_85,experiment1
1,8.82340087018272,1,83,11.9132393748186,2.5,1,TRUE,TRUE,1,SSP5_8_5,AM_85,experiment1
1,11.1112045414706,1,83,11.9132393748186,2.5,1,TRUE,TRUE,1,SSP5_8_5,AM_85,experiment1
1,7.18781184270165,1,83,11.9132393748186,2.5,1,TRUE,TRUE,1,SSP5_8_5,AM_85,experiment1
1,12.388566731534,1,83,11.9132393748186,2.5,1,TRUE,TRUE,1,SSP5_8_5,AM_85,experiment1
1,12.7521040555924,1,83,11.9132393748186,2.5,1,TRUE,TRUE,1,SSP5_8_5,AM_85,experiment1
1,10.9438796447549,1,83,11.9132393748186,2.5,1,TRUE,TRUE,1,SSP5_8_5,AM_85,experiment1
1,11.161990728966,1,83,11.9132393748186,2.5,1,TRUE,TRUE,1,SSP5_8_5,AM_85,experiment1
1,10.1303677146594,1,83,11.9132393748186,2.5,1,TRUE,TRUE,1,SSP5_8_5,AM_85,experiment1
1,10.7765724913399,1,83,11.9132393748186,2.5,1,TRUE,TRUE,1,SSP5_8_5,AM_85,experiment1
1,11.5619927324136,1,83,11.9132393748186,2.5,1,TRUE,TRUE,1,SSP5_8_5,AM_85,experiment1
1,11.7343909406804,1,83,11.9132393748186,2.5,1,TRUE,TRUE,1,SSP5_8_5,AM_85,experiment1
1,10.661776877666,1,83,11.9132393748186,2.5,1,TRUE,TRUE,1,SSP5_8_5,AM_85,experiment1
1,11.5877989087505,1,83,11.9132393748186,2.5,1,TRUE,TRUE,1,SSP5_8_5,AM_85,experiment1
1,10.8937746247377,1,83,11.9132393748186,2.5,1,TRUE,TRUE,1,SSP5_8_5,AM_85,experiment1
1,12.7104616727138,1,83,11.9132393748186,2.5,1,TRUE,TRUE,1,SSP5_8_5,AM_85,experiment1
1,11.9571315274176,1,83,11.9132393748186,2.5,1,TRUE,TRUE,1,SSP5_8_5,AM_85,experiment1
1,12.3171827953393,1,83,11.9132393748186,2.5,1,TRUE,TRUE,1,SSP5_8_5,AM_85,experiment1
1,11.5178808471579,1,83,11.9132393748186,2.5,1,TRUE,TRUE,1,SSP5_8_5,AM_85,experiment1
1,11.7034786225206,1,83,11.9132393748186,2.5,1,TRUE,TRUE,1,SSP5_8_5,AM_85,experiment1
1,12.4211031578887,1,83,11.9132393748186,2.5,1,TRUE,TRUE,1,SSP5_8_5,AM_85,experiment1
1,11.3227494055299,1,83,11.9132393748186,2.5,1,TRUE,TRUE,1,SSP5_8_5,AM_85,experiment1
1,12.9599482046071,1,83,11.9132393748186,2.5,1,TRUE,TRUE,1,SSP5_8_5,AM_85,experiment1
1,10.6521157003258,1,83,11.9132393748186,2.5,1,TRUE,TRUE,1,SSP5_8_5,AM_85,experiment1
1,12.0792895379605,1,83,11.9132393748186,2.5,1,TRUE,TRUE,1,SSP5_8_5,AM_85,experiment1
1,10.5834045075391,1,83,11.9132393748186,2.5,1,TRUE,TRUE,1,SSP5_8_5,AM_85,experiment1
1,10.4370029027021,1,83,11.9132393748186,2.5,1,TRUE,TRUE,1,SSP5_8_5,AM_85,experiment1
1,11.7933661142276,1,83,11.9132393748186,2.5,1,TRUE,TRUE,1,SSP5_8_5,AM_85,experiment1
1,12.1790376006947,1,83,11.9132393748186,2.5,1,TRUE,TRUE,1,SSP5_8_5,AM_85,experiment1
1,12.2946182601978,1,83,11.9132393748186,2.5,1,TRUE,TRUE,1,SSP5_8_5,AM_85,experiment1
1,10.459722949541,1,83,11.9132393748186,2.5,1,TRUE,TRUE,1,SSP5_8_5,AM_85,experiment1
1,11.496210636807,1,83,11.9132393748186,2.5,1,TRUE,TRUE,1,SSP5_8_5,AM_85,experiment1
1,10.574935077584,1,83,11.9132393748186,2.5,1,TRUE,TRUE,1,SSP5_8_5,AM_85,experiment1
1,12.4954792522999,1,83,11.9132393748186,2.5,1,TRUE,TRUE,1,SSP5_8_5,AM_85,experiment1
1,10.7961857415657,1,83,11.9132393748186,2.5,1,TRUE,TRUE,1,SSP5_8_5,AM_85,experiment1
1,12.3220469337254,1,83,11.9132393748186,2.5,1,TRUE,TRUE,1,SSP5_8_5,AM_85,experiment1
1,12.6968125393967,1,83,11.9132393748186,2.5,1,TRUE,TRUE,1,SSP5_8_5,AM_85,experiment1
1,11.4207403503419,1,83,11.9132393748186,2.5,1,TRUE,TRUE,1,SSP5_8_5,AM_85,experiment1
1,11.2205043454548,1,83,11.9132393748186,2.5,1,TRUE,TRUE,1,SSP5_8_5,AM_85,experiment1
1,12.7128865708246,1,83,11.9132393748186,2.5,1,TRUE,TRUE,1,SSP5_8_5,AM_85,experiment1
1,11.2720987845104,1,83,11.9132393748186,2.5,1,TRUE,TRUE,1,SSP5_8_5,AM_85,experiment1
1,13.1422031423759,1,83,11.9132393748186,2.5,1,TRUE,TRUE,1,SSP5_8_5,AM_85,experiment1
1,12.0994314793738,1,83,11.9132393748186,2.5,1,TRUE,TRUE,1,SSP5_8_5,AM_85,experiment1
1,10.2695669685909,1,83,11.9132393748186,2.5,1,TRUE,TRUE,1,SSP5_8_5,AM_85,experiment1
1,12.1617167760572,1,83,11.9132393748186,2.5,1,TRUE,TRUE,1,SSP5_8_5,AM_85,experiment1
1,11.1641052217703,1,83,11.9132393748186,2.5,1,TRUE,TRUE,1,SSP5_8_5,AM_85,experiment1
1,11.2124677063253,1,83,11.9132393748186,2.5,1,TRUE,TRUE,1,SSP5_8_5,AM_85,experiment1
1,11.221934102145,1,83,11.9132393748186,2.5,1,TRUE,TRUE,1,SSP5_8_5,AM_85,experiment1
1,12.6363224909529,1,83,11.9132393748186,2.5,1,TRUE,TRUE,1,SSP5_8_5,AM_85,experiment1
1,9.17058942130889,1,83,11.9132393748186,2.5,1,TRUE,TRUE,1,SSP5_8_5,AM_85,experiment1
1,11.1952835514096,1,83,11.9132393748186,2.5,1,TRUE,TRUE,1,SSP5_8_5,AM_85,experiment1
1,11.2686813169092,1,83,11.9132393748186,2.5,1,TRUE,TRUE,1,SSP5_8_5,AM_85,experiment1
1,10.5342610651648,1,83,11.9132393748186,2.5,1,TRUE,TRUE,1,SSP5_8_5,AM_85,experiment1
1,12.4543548837255,1,83,11.9132393748186,2.5,1,TRUE,TRUE,1,SSP5_8_5,AM_85,experiment1
1,10.8705548490511,1,83,11.9132393748186,2.5,1,TRUE,TRUE,1,SSP5_8_5,AM_85,experiment1
1,12.4665718067961,1,83,11.9132393748186,2.5,1,TRUE,TRUE,1,SSP5_8_5,AM_85,experiment1
1,10.9872946893189,1,83,11.9132393748186,2.5,1,TRUE,TRUE,1,SSP5_8_5,AM_85,experiment1
1,10.9915369425296,1,83,11.9132393748186,2.5,1,TRUE,TRUE,1,SSP5_8_5,AM_85,experiment1
1,11.998802541261,1,83,11.9132393748186,2.5,1,TRUE,TRUE,1,SSP5_8_5,AM_85,experiment1
1,10.5237662783268,1,83,11.9132393748186,2.5,1,TRUE,TRUE,1,SSP5_8_5,AM_85,experiment1
1,12.3961640221654,1,83,11.9132393748186,2.5,1,TRUE,TRUE,1,SSP5_8_5,AM_85,experiment1
1,12.3998425227597,1,83,11.9132393748186,2.5,1,TRUE,TRUE,1,SSP5_8_5,AM_85,experiment1
1,11.3129785755312,1,83,11.9132393748186,2.5,1,TRUE,TRUE,1,SSP5_8_5,AM_85,experiment1
1,11.6083861662508,1,83,11.9132393748186,2.5,1,TRUE,TRUE,1,SSP5_8_5,AM_85,experiment1
1,11.3084036575461,1,83,11.9132393748186,2.5,1,TRUE,TRUE,1,SSP5_8_5,AM_85,experiment1
1,12.4570492690236,1,83,11.9132393748186,2.5,1,TRUE,TRUE,1,SSP5_8_5,AM_85,experiment1
1,12.7052889606842,1,83,11.9132393748186,2.5,1,TRUE,TRUE,1,SSP5_8_5,AM_85,experiment1
1,12.0867185276481,1,83,11.9132393748186,2.5,1,TRUE,TRUE,1,SSP5_8_5,AM_85,experiment1
1,10.4245269181531,1,83,11.9132393748186,2.5,1,TRUE,TRUE,1,SSP5_8_5,AM_85,experiment1
1,12.1504447741782,1,83,11.9132393748186,2.5,1,TRUE,TRUE,1,SSP5_8_5,AM_85,experiment1
1,9.59751752060882,1,83,11.9132393748186,2.5,1,TRUE,TRUE,1,SSP5_8_5,AM_85,experiment1
1,11.8179750683237,1,83,11.9132393748186,2.5,1,TRUE,TRUE,1,SSP5_8_5,AM_85,experiment1
1,12.8479550402801,1,83,11.9132393748186,2.5,1,TRUE,TRUE,1,SSP5_8_5,AM_85,experiment1
1,11.8842232111484,1,83,11.9132393748186,2.5,1,TRUE,TRUE,1,SSP5_8_5,AM_85,experiment1
1,9.56392025324949,1,83,11.9132393748186,2.5,1,TRUE,TRUE,1,SSP5_8_5,AM_85,experiment1
1,12.4092885097371,1,83,11.9132393748186,2.5,1,TRUE,TRUE,1,SSP5_8_5,AM_85,experiment1
1,9.09130012911701,1,83,11.9132393748186,2.5,1,TRUE,TRUE,1,SSP5_8_5,AM_85,experiment1
1,11.3963431744495,1,83,11.9132393748186,2.5,1,TRUE,TRUE,1,SSP5_8_5,AM_85,experiment1
1,12.3894597115629,1,83,11.9132393748186,2.5,1,TRUE,TRUE,1,SSP5_8_5,AM_85,experiment1
1,9.22357600459402,1,83,11.9132393748186,2.5,1,TRUE,TRUE,1,SSP5_8_5,AM_85,experiment1
1,11.1817947856638,1,83,11.9132393748186,2.5,1,TRUE,TRUE,1,SSP5_8_5,AM_85,experiment1
1,12.4549134898944,1,83,11.9132393748186,2.5,1,TRUE,TRUE,1,SSP5_8_5,AM_85,experiment1
1,11.3585081553244,1,83,11.9132393748186,2.5,1,TRUE,TRUE,1,SSP5_8_5,AM_85,experiment1
1,12.5670941934462,1,83,11.9132393748186,2.5,1,TRUE,TRUE,1,SSP5_8_5,AM_85,experiment1
1,11.2804375398087,1,83,11.9132393748186,2.5,1,TRUE,TRUE,1,SSP5_8_5,AM_85,experiment1
1,10.3196180472263,1,83,11.9132393748186,2.5,1,TRUE,TRUE,1,SSP5_8_5,AM_85,experiment1
1,8.25708573630515,1,83,11.9132393748186,2.5,1,TRUE,TRUE,1,SSP5_8_5,AM_85,experiment1
1,12.5909088359597,1,83,11.9132393748186,2.5,1,TRUE,TRUE,1,SSP5_8_5,AM_85,experiment1
1,10.4422912462594,1,83,11.9132393748186,2.5,1,TRUE,TRUE,1,SSP5_8_5,AM_85,experiment1
1,11.8640988934253,1,83,11.9132393748186,2.5,1,TRUE,TRUE,1,SSP5_8_5,AM_85,experiment1
1,13.1720966702792,1,83,11.9132393748186,2.5,1,TRUE,TRUE,1,SSP5_8_5,AM_85,experiment1
1,11.8802707051174,1,83,11.9132393748186,2.5,1,TRUE,TRUE,1,SSP5_8_5,AM_85,experiment1
1,12.5276339262255,1,83,11.9132393748186,2.5,1,TRUE,TRUE,1,SSP5_8_5,AM_85,experiment1
1,10.9604366952383,1,83,11.9132393748186,2.5,1,TRUE,TRUE,1,SSP5_8_5,AM_85,experiment1
1,11.0543757259549,1,83,11.9132393748186,2.5,1,TRUE,TRUE,1,SSP5_8_5,AM_85,experiment1
1,12.0587433611075,1,83,11.9132393748186,2.5,1,TRUE,TRUE,1,SSP5_8_5,AM_85,experiment1
1,10.1361493677716,1,83,11.9132393748186,2.5,1,TRUE,TRUE,1,SSP5_8_5,AM_85,experiment1
1,11.566051407447,1,83,11.9132393748186,2.5,1,TRUE,TRUE,1,SSP5_8_5,AM_85,experiment1
1,10.0011772927033,1,83,11.9132393748186,2.5,1,TRUE,TRUE,1,SSP5_8_5,AM_85,experiment1
1,12.9587601587648,1,83,11.9132393748186,2.5,1,TRUE,TRUE,1,SSP5_8_5,AM_85,experiment1
1,12.67602093429,1,83,11.9132393748186,2.5,1,TRUE,TRUE,1,SSP5_8_5,AM_85,experiment1
1,12.261882815415,1,83,11.9132393748186,2.5,1,TRUE,TRUE,1,SSP5_8_5,AM_85,experiment1
1,11.5077519495778,1,83,11.9132393748186,2.5,1,TRUE,TRUE,1,SSP5_8_5,AM_85,experiment1
1,10.0471030355212,1,83,11.9132393748186,2.5,1,TRUE,TRUE,1,SSP5_8_5,AM_85,experiment1
1,9.7840889604762,1,83,11.9132393748186,2.5,1,TRUE,TRUE,1,SSP5_8_5,AM_85,experiment1
1,12.8329598990684,1,83,11.9132393748186,2.5,1,TRUE,TRUE,1,SSP5_8_5,AM_85,experiment1
1,11.2091947998495,1,83,11.9132393748186,2.5,1,TRUE,TRUE,1,SSP5_8_5,AM_85,experiment1
1,9.2611924642807,1,83,11.9132393748186,2.5,1,TRUE,TRUE,1,SSP5_8_5,AM_85,experiment1
1,11.0372926460329,1,83,11.9132393748186,2.5,1,TRUE,TRUE,1,SSP5_8_5,AM_85,experiment1
1,10.5045983208182,1,83,11.9132393748186,2.5,1,TRUE,TRUE,1,SSP5_8_5,AM_85,experiment1
1,10.4298872762393,1,83,11.9132393748186,2.5,1,TRUE,TRUE,1,SSP5_8_5,AM_85,experiment1
1,12.4713193326401,1,83,11.9132393748186,2.5,1,TRUE,TRUE,1,SSP5_8_5,AM_85,experiment1
1,10.5637095744351,1,83,11.9132393748186,2.5,1,TRUE,TRUE,1,SSP5_8_5,AM_85,experiment1
1,9.40938478835234,1,83,11.9132393748186,2.5,1,TRUE,TRUE,1,SSP5_8_5,AM_85,experiment1
1,9.82325510732031,1,83,11.9132393748186,2.5,1,TRUE,TRUE,1,SSP5_8_5,AM_85,experiment1
1,13.0611370600677,1,83,11.9132393748186,2.5,1,TRUE,TRUE,1,SSP5_8_5,AM_85,experiment1
1,10.0239542898394,1,83,11.9132393748186,2.5,1,TRUE,TRUE,1,SSP5_8_5,AM_85,experiment1
1,11.5447407966516,1,83,11.9132393748186,2.5,1,TRUE,TRUE,1,SSP5_8_5,AM_85,experiment1
1,9.22917454779306,1,83,11.9132393748186,2.5,1,TRUE,TRUE,1,SSP5_8_5,AM_85,experiment1
1,12.2359079673439,1,83,11.9132393748186,2.5,1,TRUE,TRUE,1,SSP5_8_5,AM_85,experiment1
1,10.8834482149054,1,83,11.9132393748186,2.5,1,TRUE,TRUE,1,SSP5_8_5,AM_85,experiment1
1,10.3707140211004,1,83,11.9132393748186,2.5,1,TRUE,TRUE,1,SSP5_8_5,AM_85,experiment1
1,11.5471615087686,1,83,11.9132393748186,2.5,1,TRUE,TRUE,1,SSP5_8_5,AM_85,experiment1
1,12.4845312280511,1,83,11.9132393748186,2.5,1,TRUE,TRUE,1,SSP5_8_5,AM_85,experiment1
1,13.2853699626043,1,83,11.9132393748186,2.5,1,TRUE,TRUE,1,SSP5_8_5,AM_85,experiment1
1,9.88974314426438,1,83,11.9132393748186,2.5,1,TRUE,TRUE,1,SSP5_8_5,AM_85,experiment1
1,11.8136753073813,1,83,11.9132393748186,2.5,1,TRUE,TRUE,1,SSP5_8_5,AM_85,experiment1
1,11.3938833584446,1,83,11.9132393748186,2.5,1,TRUE,TRUE,1,SSP5_8_5,AM_85,experiment1
1,10.1524865931905,1,83,11.9132393748186,2.5,1,TRUE,TRUE,1,SSP5_8_5,AM_85,experiment1
1,12.4751598175332,1,83,11.9132393748186,2.5,1,TRUE,TRUE,1,SSP5_8_5,AM_85,experiment1
1,13.5895898755482,1,83,11.9132393748186,2.5,1,TRUE,TRUE,1,SSP5_8_5,AM_85,experiment1
1,12.3412067871925,1,83,11.9132393748186,2.5,1,TRUE,TRUE,1,SSP5_8_5,AM_85,experiment1
1,12.5473875466494,1,83,11.9132393748186,2.5,1,TRUE,TRUE,1,SSP5_8_5,AM_85,experiment1
1,10.1390425795391,1,83,11.9132393748186,2.5,1,TRUE,TRUE,1,SSP5_8_5,AM_85,experiment1
1,9.55327234498116,1,83,11.9132393748186,2.5,1,TRUE,TRUE,1,SSP5_8_5,AM_85,experiment1
1,10.9846871246579,1,83,11.9132393748186,2.5,1,TRUE,TRUE,1,SSP5_8_5,AM_85,experiment1
1,11.8211679718077,1,83,11.9132393748186,2.5,1,TRUE,TRUE,1,SSP5_8_5,AM_85,experiment1
1,10.3677969970539,1,83,11.9132393748186,2.5,1,TRUE,TRUE,1,SSP5_8_5,AM_85,experiment1
1,10.7250646667909,1,83,11.9132393748186,2.5,1,TRUE,TRUE,1,SSP5_8_5,AM_85,experiment1
1,10.847781476667,1,83,11.9132393748186,2.5,1,TRUE,TRUE,1,SSP5_8_5,AM_85,experiment1
1,12.1861855482669,1,83,11.9132393748186,2.5,1,TRUE,TRUE,1,SSP5_8_5,AM_85,experiment1
1,12.4273697997769,1,83,11.9132393748186,2.5,1,TRUE,TRUE,1,SSP5_8_5,AM_85,experiment1
1,11.3773967757788,1,83,11.9132393748186,2.5,1,TRUE,TRUE,1,SSP5_8_5,AM_85,experiment1
1,12.5549232441336,1,83,11.9132393748186,2.5,1,TRUE,TRUE,1,SSP5_8_5,AM_85,experiment1
1,9.82051118863014,1,83,11.9132393748186,2.5,1,TRUE,TRUE,1,SSP5_8_5,AM_85,experiment1
1,9.82658921349245,1,83,11.9132393748186,2.5,1,TRUE,TRUE,1,SSP5_8_5,AM_85,experiment1
1,10.9516133776206,1,83,11.9132393748186,2.5,1,TRUE,TRUE,1,SSP5_8_5,AM_85,experiment1
1,13.039134467338,1,83,11.9132393748186,2.5,1,TRUE,TRUE,1,SSP5_8_5,AM_85,experiment1
1,12.4301041731708,1,83,11.9132393748186,2.5,1,TRUE,TRUE,1,SSP5_8_5,AM_85,experiment1
1,9.99971115747049,1,83,11.9132393748186,2.5,1,TRUE,TRUE,1,SSP5_8_5,AM_85,experiment1
1,10.3780184753219,1,83,11.9132393748186,2.5,1,TRUE,TRUE,1,SSP5_8_5,AM_85,experiment1
1,10.7140538038148,1,83,11.9132393748186,2.5,1,TRUE,TRUE,1,SSP5_8_5,AM_85,experiment1
1,12.3731571651922,1,83,11.9132393748186,2.5,1,TRUE,TRUE,1,SSP5_8_5,AM_85,experiment1
1,11.7155866908426,1,83,11.9132393748186,2.5,1,TRUE,TRUE,1,SSP5_8_5,AM_85,experiment1
1,10.5753641545598,1,83,11.9132393748186,2.5,1,TRUE,TRUE,1,SSP5_8_5,AM_85,experiment1
1,11.7894810474288,1,83,11.9132393748186,2.5,1,TRUE,TRUE,1,SSP5_8_5,AM_85,experiment1
1,9.20736967505833,1,83,11.9132393748186,2.5,1,TRUE,TRUE,1,SSP5_8_5,AM_85,experiment1
1,9.68212645395032,1,83,11.9132393748186,2.5,1,TRUE,TRUE,1,SSP5_8_5,AM_85,experiment1
1,9.40661983240921,1,83,11.9132393748186,2.5,1,TRUE,TRUE,1,SSP5_8_5,AM_85,experiment1
1,10.6544198015524,1,83,11.9132393748186,2.5,1,TRUE,TRUE,1,SSP5_8_5,AM_85,experiment1
1,11.095615571411,1,83,11.9132393748186,2.5,1,TRUE,TRUE,1,SSP5_8_5,AM_85,experiment1
1,10.7744424662825,1,83,11.9132393748186,2.5,1,TRUE,TRUE,1,SSP5_8_5,AM_85,experiment1
1,9.26751442979779,1,83,11.9132393748186,2.5,1,TRUE,TRUE,1,SSP5_8_5,AM_85,experiment1
1,13.0576238481756,1,83,11.9132393748186,2.5,1,TRUE,TRUE,1,SSP5_8_5,AM_85,experiment1
1,12.2772973575306,1,83,11.9132393748186,2.5,1,TRUE,TRUE,1,SSP5_8_5,AM_85,experiment1
1,12.7829036627287,1,83,11.9132393748186,2.5,1,TRUE,TRUE,1,SSP5_8_5,AM_85,experiment1
1,9.86403262553574,1,83,11.9132393748186,2.5,1,TRUE,TRUE,1,SSP5_8_5,AM_85,experiment1
1,11.1953484191683,1,83,11.9132393748186,2.5,1,TRUE,TRUE,1,SSP5_8_5,AM_85,experiment1
1,10.8152807778447,1,83,11.9132393748186,2.5,1,TRUE,TRUE,1,SSP5_8_5,AM_85,experiment1
1,11.2133155246143,1,83,11.9132393748186,2.5,1,TRUE,TRUE,1,SSP5_8_5,AM_85,experiment1
1,11.7009180884808,1,83,11.9132393748186,2.5,1,TRUE,TRUE,1,SSP5_8_5,AM_85,experiment1
1,10.6028599791524,1,83,11.9132393748186,2.5,1,TRUE,TRUE,1,SSP5_8_5,AM_85,experiment1
1,12.3429433279867,1,83,11.9132393748186,2.5,1,TRUE,TRUE,1,SSP5_8_5,AM_85,experiment1
1,9.84775088516733,1,83,11.9132393748186,2.5,1,TRUE,TRUE,1,SSP5_8_5,AM_85,experiment1
1,8.83465900798055,1,83,11.9132393748186,2.5,1,TRUE,TRUE,1,SSP5_8_5,AM_85,experiment1
1,11.2063795097899,1,83,11.9132393748186,2.5,1,TRUE,TRUE,1,SSP5_8_5,AM_85,experiment1
1,11.7500633446798,1,83,11.9132393748186,2.5,1,TRUE,TRUE,1,SSP5_8_5,AM_85,experiment1
1,12.1770007087739,1,83,11.9132393748186,2.5,1,TRUE,TRUE,1,SSP5_8_5,AM_85,experiment1
1,11.2818031196806,1,83,11.9132393748186,2.5,1,TRUE,TRUE,1,SSP5_8_5,AM_85,experiment1
1,8.90680253284565,1,83,11.9132393748186,2.5,1,TRUE,TRUE,1,SSP5_8_5,AM_85,experiment1
1,11.771808672799,1,83,11.9132393748186,2.5,1,TRUE,TRUE,1,SSP5_8_5,AM_85,experiment1
1,10.0998117706877,1,83,11.9132393748186,2.5,1,TRUE,TRUE,1,SSP5_8_5,AM_85,experiment1
1,10.9748764790918,1,83,11.9132393748186,2.5,1,TRUE,TRUE,1,SSP5_8_5,AM_85,experiment1
1,11.7456501052442,1,83,11.9132393748186,2.5,1,TRUE,TRUE,1,SSP5_8_5,AM_85,experiment1
1,11.4895111837037,1,83,11.9132393748186,2.5,1,TRUE,TRUE,1,SSP5_8_5,AM_85,experiment1
1,10.0844370159252,1,83,11.9132393748186,2.5,1,TRUE,TRUE,1,SSP5_8_5,AM_85,experiment1
1,11.1377209816634,1,83,11.9132393748186,2.5,1,TRUE,TRUE,1,SSP5_8_5,AM_85,experiment1
1,10.7582661341542,1,83,11.9132393748186,2.5,1,TRUE,TRUE,1,SSP5_8_5,AM_85,experiment1
1,12.4714990667877,1,83,11.9132393748186,2.5,1,TRUE,TRUE,1,SSP5_8_5,AM_85,experiment1
1,12.9683393893503,1,83,11.9132393748186,2.5,1,TRUE,TRUE,1,SSP5_8_5,AM_85,experiment1
1,12.3890911096113,1,83,11.9132393748186,2.5,1,TRUE,TRUE,1,SSP5_8_5,AM_85,experiment1
1,11.1132904817213,1,83,11.9132393748186,2.5,1,TRUE,TRUE,1,SSP5_8_5,AM_85,experiment1
1,12.5523960343777,1,83,11.9132393748186,2.5,1,TRUE,TRUE,1,SSP5_8_5,AM_85,experiment1
1,10.1185410817923,1,83,11.9132393748186,2.5,1,TRUE,TRUE,1,SSP5_8_5,AM_85,experiment1
1,10.7468451163922,1,83,11.9132393748186,2.5,1,TRUE,TRUE,1,SSP5_8_5,AM_85,experiment1
1,9.55416594935957,1,83,11.9132393748186,2.5,1,TRUE,TRUE,1,SSP5_8_5,AM_85,experiment1
1,11.4013737973908,1,83,11.9132393748186,2.5,1,TRUE,TRUE,1,SSP5_8_5,AM_85,experiment1
1,10.9845822447297,1,83,11.9132393748186,2.5,1,TRUE,TRUE,1,SSP5_8_5,AM_85,experiment1
1,12.2611553590042,1,83,11.9132393748186,2.5,1,TRUE,TRUE,1,SSP5_8_5,AM_85,experiment1
1,12.0612900770576,1,83,11.9132393748186,2.5,1,TRUE,TRUE,1,SSP5_8_5,AM_85,experiment1
1,10.7992311845669,1,83,11.9132393748186,2.5,1,TRUE,TRUE,1,SSP5_8_5,AM_85,experiment1
1,11.5540134718879,1,83,11.9132393748186,2.5,1,TRUE,TRUE,1,SSP5_8_5,AM_85,experiment1
1,10.6570846603792,1,83,11.9132393748186,2.5,1,TRUE,TRUE,1,SSP5_8_5,AM_85,experiment1
1,12.3819172935616,1,83,11.9132393748186,2.5,1,TRUE,TRUE,1,SSP5_8_5,AM_85,experiment1
1,12.209066243993,1,83,11.9132393748186,2.5,1,TRUE,TRUE,1,SSP5_8_5,AM_85,experiment1
1,8.73243858437292,1,83,11.9132393748186,2.5,1,TRUE,TRUE,1,SSP5_8_5,AM_85,experiment1
1,12.9149859530929,1,83,11.9132393748186,2.5,1,TRUE,TRUE,1,SSP5_8_5,AM_85,experiment1
1,11.9299091718143,1,83,11.9132393748186,2.5,1,TRUE,TRUE,1,SSP5_8_5,AM_85,experiment1
1,10.959983356591,1,83,11.9132393748186,2.5,1,TRUE,TRUE,1,SSP5_8_5,AM_85,experiment1
1,11.0622371119985,1,83,11.9132393748186,2.5,1,TRUE,TRUE,1,SSP5_8_5,AM_85,experiment1
1,11.6374362335113,1,83,11.9132393748186,2.5,1,TRUE,TRUE,1,SSP5_8_5,AM_85,experiment1
1,10.5983515076757,1,83,11.9132393748186,2.5,1,TRUE,TRUE,1,SSP5_8_5,AM_85,experiment1
1,9.60748317045433,1,83,11.9132393748186,2.5,1,TRUE,TRUE,1,SSP5_8_5,AM_85,experiment1
1,11.0147182961644,1,83,11.9132393748186,2.5,1,TRUE,TRUE,1,SSP5_8_5,AM_85,experiment1
1,9.90295087628999,1,83,11.9132393748186,2.5,1,TRUE,TRUE,1,SSP5_8_5,AM_85,experiment1
1,13.447935864849,1,83,11.9132393748186,2.5,1,TRUE,TRUE,1,SSP5_8_5,AM_85,experiment1
1,9.02186051480496,1,83,11.9132393748186,2.5,1,TRUE,TRUE,1,SSP5_8_5,AM_85,experiment1
1,11.4749331616483,1,83,11.9132393748186,2.5,1,TRUE,TRUE,1,SSP5_8_5,AM_85,experiment1
1,10.7870354068667,1,83,11.9132393748186,2.5,1,TRUE,TRUE,1,SSP5_8_5,AM_85,experiment1
1,11.8102479305944,1,83,11.9132393748186,2.5,1,TRUE,TRUE,1,SSP5_8_5,AM_85,experiment1
1,8.15052825243813,1,83,11.9132393748186,2.5,1,TRUE,TRUE,1,SSP5_8_5,AM_85,experiment1
1,11.3769611014991,1,83,11.9132393748186,2.5,1,TRUE,TRUE,1,SSP5_8_5,AM_85,experiment1
1,12.5119835909727,1,83,11.9132393748186,2.5,1,TRUE,TRUE,1,SSP5_8_5,AM_85,experiment1
1,11.4453290528433,1,83,11.9132393748186,2.5,1,TRUE,TRUE,1,SSP5_8_5,AM_85,experiment1
1,12.5866705153148,1,83,11.9132393748186,2.5,1,TRUE,TRUE,1,SSP5_8_5,AM_85,experiment1
1,11.0852470025297,1,83,11.9132393748186,2.5,1,TRUE,TRUE,1,SSP5_8_5,AM_85,experiment1
1,9.71222830657429,1,83,11.9132393748186,2.5,1,TRUE,TRUE,1,SSP5_8_5,AM_85,experiment1
1,11.6073532818272,1,83,11.9132393748186,2.5,1,TRUE,TRUE,1,SSP5_8_5,AM_85,experiment1
1,11.8301020352549,1,83,11.9132393748186,2.5,1,TRUE,TRUE,1,SSP5_8_5,AM_85,experiment1
1,12.3611009001896,1,83,11.9132393748186,2.5,1,TRUE,TRUE,1,SSP5_8_5,AM_85,experiment1
1,10.4535823930656,1,83,11.9132393748186,2.5,1,TRUE,TRUE,1,SSP5_8_5,AM_85,experiment1
1,12.1169378683052,1,83,11.9132393748186,2.5,1,TRUE,TRUE,1,SSP5_8_5,AM_85,experiment1
1,8.9896684946885,1,83,11.9132393748186,2.5,1,TRUE,TRUE,1,SSP5_8_5,AM_85,experiment1
1,11.3815226226278,1,83,11.9132393748186,2.5,1,TRUE,TRUE,1,SSP5_8_5,AM_85,experiment1
1,10.7745540214215,1,83,11.9132393748186,2.5,1,TRUE,TRUE,1,SSP5_8_5,AM_85,experiment1
1,10.5336462724421,1,83,11.9132393748186,2.5,1,TRUE,TRUE,1,SSP5_8_5,AM_85,experiment1
1,11.9248212546791,1,83,11.9132393748186,2.5,1,TRUE,TRUE,1,SSP5_8_5,AM_85,experiment1
1,12.0107656187208,1,83,11.9132393748186,2.5,1,TRUE,TRUE,1,SSP5_8_5,AM_85,experiment1
1,9.72306488589017,1,83,11.9132393748186,2.5,1,TRUE,TRUE,1,SSP5_8_5,AM_85,experiment1
1,11.5410474473754,1,83,11.9132393748186,2.5,1,TRUE,TRUE,1,SSP5_8_5,AM_85,experiment1
1,9.50794231548165,1,83,11.9132393748186,2.5,1,TRUE,TRUE,1,SSP5_8_5,AM_85,experiment1
1,11.9056662463754,1,83,11.9132393748186,2.5,1,TRUE,TRUE,1,SSP5_8_5,AM_85,experiment1
1,13.201081086717,1,83,11.9132393748186,2.5,1,TRUE,TRUE,1,SSP5_8_5,AM_85,experiment1
1,10.5896858018767,1,83,11.9132393748186,2.5,1,TRUE,TRUE,1,SSP5_8_5,AM_85,experiment1
1,12.1769206706145,1,83,11.9132393748186,2.5,1,TRUE,TRUE,1,SSP5_8_5,AM_85,experiment1
1,9.92705597262794,1,83,11.9132393748186,2.5,1,TRUE,TRUE,1,SSP5_8_5,AM_85,experiment1
1,11.3310171626376,1,83,11.9132393748186,2.5,1,TRUE,TRUE,1,SSP5_8_5,AM_85,experiment1
1,11.8460962409263,1,83,11.9132393748186,2.5,1,TRUE,TRUE,1,SSP5_8_5,AM_85,experiment1
1,9.15093727459234,1,83,11.9132393748186,2.5,1,TRUE,TRUE,1,SSP5_8_5,AM_85,experiment1
1,8.59399659390802,1,83,11.9132393748186,2.5,1,TRUE,TRUE,1,SSP5_8_5,AM_85,experiment1
1,11.4427245806585,1,83,11.9132393748186,2.5,1,TRUE,TRUE,1,SSP5_8_5,AM_85,experiment1
1,10.1663223058616,1,83,11.9132393748186,2.5,1,TRUE,TRUE,1,SSP5_8_5,AM_85,experiment1
1,11.2285523751097,1,83,11.9132393748186,2.5,1,TRUE,TRUE,1,SSP5_8_5,AM_85,experiment1
1,11.7155568040059,1,83,11.9132393748186,2.5,1,TRUE,TRUE,1,SSP5_8_5,AM_85,experiment1
1,10.5878737770127,1,83,11.9132393748186,2.5,1,TRUE,TRUE,1,SSP5_8_5,AM_85,experiment1
1,11.3670439529369,1,83,11.9132393748186,2.5,1,TRUE,TRUE,1,SSP5_8_5,AM_85,experiment1
1,13.4845217511494,1,83,11.9132393748186,2.5,1,TRUE,TRUE,1,SSP5_8_5,AM_85,experiment1
1,11.2100930220044,1,83,11.9132393748186,2.5,1,TRUE,TRUE,1,SSP5_8_5,AM_85,experiment1
1,12.0265351222948,1,83,11.9132393748186,2.5,1,TRUE,TRUE,1,SSP5_8_5,AM_85,experiment1
1,11.3682337089335,1,83,11.9132393748186,2.5,1,TRUE,TRUE,1,SSP5_8_5,AM_85,experiment1
1,11.5132627125875,1,83,11.9132393748186,2.5,1,TRUE,TRUE,1,SSP5_8_5,AM_85,experiment1
1,12.9702024532272,1,83,11.9132393748186,2.5,1,TRUE,TRUE,1,SSP5_8_5,AM_85,experiment1
1,9.21786479879489,1,83,11.9132393748186,2.5,1,TRUE,TRUE,1,SSP5_8_5,AM_85,experiment1
1,12.1198222723708,1,83,11.9132393748186,2.5,1,TRUE,TRUE,1,SSP5_8_5,AM_85,experiment1
1,13.414167193278,1,83,11.9132393748186,2.5,1,TRUE,TRUE,1,SSP5_8_5,AM_85,experiment1
1,12.2284105494092,1,83,11.9132393748186,2.5,1,TRUE,TRUE,1,SSP5_8_5,AM_85,experiment1
1,10.7196581827419,1,83,11.9132393748186,2.5,1,TRUE,TRUE,1,SSP5_8_5,AM_85,experiment1
1,7.56022946344311,1,83,11.9132393748186,2.5,1,TRUE,TRUE,1,SSP5_8_5,AM_85,experiment1
1,11.0216536207712,1,83,11.9132393748186,2.5,1,TRUE,TRUE,1,SSP5_8_5,AM_85,experiment1
1,11.6461401424441,1,83,11.9132393748186,2.5,1,TRUE,TRUE,1,SSP5_8_5,AM_85,experiment1
1,11.0641167432772,1,83,11.9132393748186,2.5,1,TRUE,TRUE,1,SSP5_8_5,AM_85,experiment1
1,9.06072605117389,1,83,11.9132393748186,2.5,1,TRUE,TRUE,1,SSP5_8_5,AM_85,experiment1
1,10.1360126492234,1,83,11.9132393748186,2.5,1,TRUE,TRUE,1,SSP5_8_5,AM_85,experiment1
1,11.8142517292821,1,83,11.9132393748186,2.5,1,TRUE,TRUE,1,SSP5_8_5,AM_85,experiment1
1,11.7567283456061,1,83,11.9132393748186,2.5,1,TRUE,TRUE,1,SSP5_8_5,AM_85,experiment1
1,9.26726838317682,1,83,11.9132393748186,2.5,1,TRUE,TRUE,1,SSP5_8_5,AM_85,experiment1
1,11.2892177879005,1,83,11.9132393748186,2.5,1,TRUE,TRUE,1,SSP5_8_5,AM_85,experiment1
1,12.4176655252052,1,83,11.9132393748186,2.5,1,TRUE,TRUE,1,SSP5_8_5,AM_85,experiment1
1,12.4857254353258,1,83,11.9132393748186,2.5,1,TRUE,TRUE,1,SSP5_8_5,AM_85,experiment1
1,11.5592536642048,1,83,11.9132393748186,2.5,1,TRUE,TRUE,1,SSP5_8_5,AM_85,experiment1
1,11.9253663871124,1,83,11.9132393748186,2.5,1,TRUE,TRUE,1,SSP5_8_5,AM_85,experiment1
1,10.5329511608293,1,83,11.9132393748186,2.5,1,TRUE,TRUE,1,SSP5_8_5,AM_85,experiment1
1,9.01105366081985,1,83,11.9132393748186,2.5,1,TRUE,TRUE,1,SSP5_8_5,AM_85,experiment1
1,12.2426792895955,1,83,11.9132393748186,2.5,1,TRUE,TRUE,1,SSP5_8_5,AM_85,experiment1
1,10.9814025929734,1,83,11.9132393748186,2.5,1,TRUE,TRUE,1,SSP5_8_5,AM_85,experiment1
1,13.0162524489741,1,83,11.9132393748186,2.5,1,TRUE,TRUE,1,SSP5_8_5,AM_85,experiment1
1,11.7093002494222,1,83,11.9132393748186,2.5,1,TRUE,TRUE,1,SSP5_8_5,AM_85,experiment1
1,11.0332852109227,1,83,11.9132393748186,2.5,1,TRUE,TRUE,1,SSP5_8_5,AM_85,experiment1
1,12.421065695834,1,83,11.9132393748186,2.5,1,TRUE,TRUE,1,SSP5_8_5,AM_85,experiment1
1,11.0335553222715,1,83,11.9132393748186,2.5,1,TRUE,TRUE,1,SSP5_8_5,AM_85,experiment1
1,10.7272194768473,1,83,11.9132393748186,2.5,1,TRUE,TRUE,1,SSP5_8_5,AM_85,experiment1
1,12.3762838371918,1,83,11.9132393748186,2.5,1,TRUE,TRUE,1,SSP5_8_5,AM_85,experiment1
1,11.6168038534568,1,83,11.9132393748186,2.5,1,TRUE,TRUE,1,SSP5_8_5,AM_85,experiment1
1,12.3182138261541,1,83,11.9132393748186,2.5,1,TRUE,TRUE,1,SSP5_8_5,AM_85,experiment1
1,11.2980778126309,1,83,11.9132393748186,2.5,1,TRUE,TRUE,1,SSP5_8_5,AM_85,experiment1
1,10.3874367164759,1,83,11.9132393748186,2.5,1,TRUE,TRUE,1,SSP5_8_5,AM_85,experiment1
1,12.0145147641879,1,83,11.9132393748186,2.5,1,TRUE,TRUE,1,SSP5_8_5,AM_85,experiment1
1,11.0475890708429,1,83,11.9132393748186,2.5,1,TRUE,TRUE,1,SSP5_8_5,AM_85,experiment1
1,10.233661088364,1,83,11.9132393748186,2.5,1,TRUE,TRUE,1,SSP5_8_5,AM_85,experiment1
1,13.1145196622312,1,83,11.9132393748186,2.5,1,TRUE,TRUE,1,SSP5_8_5,AM_85,experiment1
1,11.7396633395854,1,83,11.9132393748186,2.5,1,TRUE,TRUE,1,SSP5_8_5,AM_85,experiment1
1,6.37133578295215,1,83,11.9132393748186,2.5,1,TRUE,TRUE,1,SSP5_8_5,AM_85,experiment1
1,11.1566991286732,1,83,11.9132393748186,2.5,1,TRUE,TRUE,1,SSP5_8_5,AM_85,experiment1
1,12.653323161794,1,83,11.9132393748186,2.5,1,TRUE,TRUE,1,SSP5_8_5,AM_85,experiment1
1,11.5276314001363,1,83,11.9132393748186,2.5,1,TRUE,TRUE,1,SSP5_8_5,AM_85,experiment1
1,11.4558093657661,1,83,11.9132393748186,2.5,1,TRUE,TRUE,1,SSP5_8_5,AM_85,experiment1
1,12.1775760976398,1,83,11.9132393748186,2.5,1,TRUE,TRUE,1,SSP5_8_5,AM_85,experiment1
1,12.0506975140512,1,83,11.9132393748186,2.5,1,TRUE,TRUE,1,SSP5_8_5,AM_85,experiment1
1,12.6604255369123,1,83,11.9132393748186,2.5,1,TRUE,TRUE,1,SSP5_8_5,AM_85,experiment1
1,13.0378735020363,1,83,11.9132393748186,2.5,1,TRUE,TRUE,1,SSP5_8_5,AM_85,experiment1
1,12.1392136073553,1,83,11.9132393748186,2.5,1,TRUE,TRUE,1,SSP5_8_5,AM_85,experiment1
1,11.3879897162245,1,83,11.9132393748186,2.5,1,TRUE,TRUE,1,SSP5_8_5,AM_85,experiment1
1,10.918546222219,1,83,11.9132393748186,2.5,1,TRUE,TRUE,1,SSP5_8_5,AM_85,experiment1
1,12.4333520816024,1,83,11.9132393748186,2.5,1,TRUE,TRUE,1,SSP5_8_5,AM_85,experiment1
1,11.5661660589362,1,83,11.9132393748186,2.5,1,TRUE,TRUE,1,SSP5_8_5,AM_85,experiment1
1,11.8842490805138,1,83,11.9132393748186,2.5,1,TRUE,TRUE,1,SSP5_8_5,AM_85,experiment1
1,11.8036593827308,1,83,11.9132393748186,2.5,1,TRUE,TRUE,1,SSP5_8_5,AM_85,experiment1
1,12.1298319995623,1,83,11.9132393748186,2.5,1,TRUE,TRUE,1,SSP5_8_5,AM_85,experiment1
1,10.6722188579721,1,83,11.9132393748186,2.5,1,TRUE,TRUE,1,SSP5_8_5,AM_85,experiment1
1,10.2777404918256,1,83,11.9132393748186,2.5,1,TRUE,TRUE,1,SSP5_8_5,AM_85,experiment1
1,11.9444296449523,1,83,11.9132393748186,2.5,1,TRUE,TRUE,1,SSP5_8_5,AM_85,experiment1
1,10.6760299158874,1,83,11.9132393748186,2.5,1,TRUE,TRUE,1,SSP5_8_5,AM_85,experiment1
1,12.937672628025,1,83,11.9132393748186,2.5,1,TRUE,TRUE,1,SSP5_8_5,AM_85,experiment1
1,11.5458693186561,1,83,11.9132393748186,2.5,1,TRUE,TRUE,1,SSP5_8_5,AM_85,experiment1
1,9.99355965318,1,83,11.9132393748186,2.5,1,TRUE,TRUE,1,SSP5_8_5,AM_85,experiment1
1,12.2444016472913,1,83,11.9132393748186,2.5,1,TRUE,TRUE,1,SSP5_8_5,AM_85,experiment1
1,12.4193657679008,1,83,11.9132393748186,2.5,1,TRUE,TRUE,1,SSP5_8_5,AM_85,experiment1
1,11.8734395076331,1,83,11.9132393748186,2.5,1,TRUE,TRUE,1,SSP5_8_5,AM_85,experiment1
1,11.825922108606,1,83,11.9132393748186,2.5,1,TRUE,TRUE,1,SSP5_8_5,AM_85,experiment1
1,7.71239593519608,1,83,11.9132393748186,2.5,1,TRUE,TRUE,1,SSP5_8_5,AM_85,experiment1
1,13.3560617728956,1,83,11.9132393748186,2.5,1,TRUE,TRUE,1,SSP5_8_5,AM_85,experiment1
1,12.4740176817733,1,83,11.9132393748186,2.5,1,TRUE,TRUE,1,SSP5_8_5,AM_85,experiment1
1,9.62108067178674,1,83,11.9132393748186,2.5,1,TRUE,TRUE,1,SSP5_8_5,AM_85,experiment1
1,11.8793013571251,1,83,11.9132393748186,2.5,1,TRUE,TRUE,1,SSP5_8_5,AM_85,experiment1
1,13.2651465051912,1,83,11.9132393748186,2.5,1,TRUE,TRUE,1,SSP5_8_5,AM_85,experiment1
1,13.0568523427689,1,83,11.9132393748186,2.5,1,TRUE,TRUE,1,SSP5_8_5,AM_85,experiment1
1,10.8968751482582,1,83,11.9132393748186,2.5,1,TRUE,TRUE,1,SSP5_8_5,AM_85,experiment1
1,10.4371943089,1,83,11.9132393748186,2.5,1,TRUE,TRUE,1,SSP5_8_5,AM_85,experiment1
1,11.7800389335544,1,83,11.9132393748186,2.5,1,TRUE,TRUE,1,SSP5_8_5,AM_85,experiment1
1,9.70566273468458,1,83,11.9132393748186,2.5,1,TRUE,TRUE,1,SSP5_8_5,AM_85,experiment1
1,12.2998668001361,1,83,11.9132393748186,2.5,1,TRUE,TRUE,1,SSP5_8_5,AM_85,experiment1
1,10.6552236028164,1,83,11.9132393748186,2.5,1,TRUE,TRUE,1,SSP5_8_5,AM_85,experiment1
1,11.9878971963606,1,83,11.9132393748186,2.5,1,TRUE,TRUE,1,SSP5_8_5,AM_85,experiment1
1,12.4573358127629,1,83,11.9132393748186,2.5,1,TRUE,TRUE,1,SSP5_8_5,AM_85,experiment1
1,10.8913215715762,1,83,11.9132393748186,2.5,1,TRUE,TRUE,1,SSP5_8_5,AM_85,experiment1
1,11.6674617482649,1,83,11.9132393748186,2.5,1,TRUE,TRUE,1,SSP5_8_5,AM_85,experiment1
1,13.3040360531869,1,83,11.9132393748186,2.5,1,TRUE,TRUE,1,SSP5_8_5,AM_85,experiment1
1,11.3395050588914,1,83,11.9132393748186,2.5,1,TRUE,TRUE,1,SSP5_8_5,AM_85,experiment1
1,12.8611208625811,1,83,11.9132393748186,2.5,1,TRUE,TRUE,1,SSP5_8_5,AM_85,experiment1
1,9.22886566036163,1,83,11.9132393748186,2.5,1,TRUE,TRUE,1,SSP5_8_5,AM_85,experiment1
1,10.5885017521317,1,83,11.9132393748186,2.5,1,TRUE,TRUE,1,SSP5_8_5,AM_85,experiment1
1,12.2104794973161,1,83,11.9132393748186,2.5,1,TRUE,TRUE,1,SSP5_8_5,AM_85,experiment1
1,11.4786242476661,1,83,11.9132393748186,2.5,1,TRUE,TRUE,1,SSP5_8_5,AM_85,experiment1
1,10.0965883680786,1,83,11.9132393748186,2.5,1,TRUE,TRUE,1,SSP5_8_5,AM_85,experiment1
1,10.573903744655,1,83,11.9132393748186,2.5,1,TRUE,TRUE,1,SSP5_8_5,AM_85,experiment1
1,11.4767574385939,1,83,11.9132393748186,2.5,1,TRUE,TRUE,1,SSP5_8_5,AM_85,experiment1
1,8.80707814250488,1,83,11.9132393748186,2.5,1,TRUE,TRUE,1,SSP5_8_5,AM_85,experiment1
1,11.1148537092602,1,83,11.9132393748186,2.5,1,TRUE,TRUE,1,SSP5_8_5,AM_85,experiment1
1,11.5990601674577,1,83,11.9132393748186,2.5,1,TRUE,TRUE,1,SSP5_8_5,AM_85,experiment1
1,12.0191912268562,1,83,11.9132393748186,2.5,1,TRUE,TRUE,1,SSP5_8_5,AM_85,experiment1
1,12.7924599896678,1,83,11.9132393748186,2.5,1,TRUE,TRUE,1,SSP5_8_5,AM_85,experiment1
1,8.74666170262498,1,83,11.9132393748186,2.5,1,TRUE,TRUE,1,SSP5_8_5,AM_85,experiment1
1,11.9325853304833,1,83,11.9132393748186,2.5,1,TRUE,TRUE,1,SSP5_8_5,AM_85,experiment1
1,11.8372556121513,1,83,11.9132393748186,2.5,1,TRUE,TRUE,1,SSP5_8_5,AM_85,experiment1
1,13.6402038545656,1,83,11.9132393748186,2.5,1,TRUE,TRUE,1,SSP5_8_5,AM_85,experiment1
1,9.09791495529862,1,83,11.9132393748186,2.5,1,TRUE,TRUE,1,SSP5_8_5,AM_85,experiment1
1,13.1592832228663,1,83,11.9132393748186,2.5,1,TRUE,TRUE,1,SSP5_8_5,AM_85,experiment1
1,10.4002167245147,1,83,11.9132393748186,2.5,1,TRUE,TRUE,1,SSP5_8_5,AM_85,experiment1
1,12.2601497233201,1,83,11.9132393748186,2.5,1,TRUE,TRUE,1,SSP5_8_5,AM_85,experiment1
1,11.0884786808524,1,83,11.9132393748186,2.5,1,TRUE,TRUE,1,SSP5_8_5,AM_85,experiment1
1,11.5302177204276,1,83,11.9132393748186,2.5,1,TRUE,TRUE,1,SSP5_8_5,AM_85,experiment1
1,13.1978737025421,1,83,11.9132393748186,2.5,1,TRUE,TRUE,1,SSP5_8_5,AM_85,experiment1
1,12.5896876578975,1,83,11.9132393748186,2.5,1,TRUE,TRUE,1,SSP5_8_5,AM_85,experiment1
1,12.9294443823929,1,83,11.9132393748186,2.5,1,TRUE,TRUE,1,SSP5_8_5,AM_85,experiment1
1,9.71988893523376,1,83,11.9132393748186,2.5,1,TRUE,TRUE,1,SSP5_8_5,AM_85,experiment1
1,13.2590264610515,1,83,11.9132393748186,2.5,1,TRUE,TRUE,1,SSP5_8_5,AM_85,experiment1
1,10.5851077518963,1,83,11.9132393748186,2.5,1,TRUE,TRUE,1,SSP5_8_5,AM_85,experiment1
1,12.0651470619814,1,83,11.9132393748186,2.5,1,TRUE,TRUE,1,SSP5_8_5,AM_85,experiment1
1,11.9623278226831,1,83,11.9132393748186,2.5,1,TRUE,TRUE,1,SSP5_8_5,AM_85,experiment1
1,11.463016467121,1,83,11.9132393748186,2.5,1,TRUE,TRUE,1,SSP5_8_5,AM_85,experiment1
1,12.9345732628004,1,83,11.9132393748186,2.5,1,TRUE,TRUE,1,SSP5_8_5,AM_85,experiment1
1,12.3961880530589,1,83,11.9132393748186,2.5,1,TRUE,TRUE,1,SSP5_8_5,AM_85,experiment1
1,10.4724086570031,1,83,11.9132393748186,2.5,1,TRUE,TRUE,1,SSP5_8_5,AM_85,experiment1
1,12.4139375615719,1,83,11.9132393748186,2.5,1,TRUE,TRUE,1,SSP5_8_5,AM_85,experiment1
1,12.5460494997329,1,83,11.9132393748186,2.5,1,TRUE,TRUE,1,SSP5_8_5,AM_85,experiment1
1,10.918157105435,1,83,11.9132393748186,2.5,1,TRUE,TRUE,1,SSP5_8_5,AM_85,experiment1
1,11.4205024349878,1,83,11.9132393748186,2.5,1,TRUE,TRUE,1,SSP5_8_5,AM_85,experiment1
1,10.9554773415114,1,83,11.9132393748186,2.5,1,TRUE,TRUE,1,SSP5_8_5,AM_85,experiment1
1,11.0166424129637,1,83,11.9132393748186,2.5,1,TRUE,TRUE,1,SSP5_8_5,AM_85,experiment1
1,0.95,1,83,11.9132393748186,2.5,1,TRUE,TRUE,1,SSP5_8_5,AM_85,experiment1
1,12.4181489517848,1,83,11.9132393748186,2.5,1,TRUE,TRUE,1,SSP5_8_5,AM_85,experiment1
1,12.0025257846454,1,83,11.9132393748186,2.5,1,TRUE,TRUE,1,SSP5_8_5,AM_85,experiment1
1,12.4466887496918,1,83,11.9132393748186,2.5,1,TRUE,TRUE,1,SSP5_8_5,AM_85,experiment1
1,11.8319927116354,1,83,11.9132393748186,2.5,1,TRUE,TRUE,1,SSP5_8_5,AM_85,experiment1
1,11.9458504604514,1,83,11.9132393748186,2.5,1,TRUE,TRUE,1,SSP5_8_5,AM_85,experiment1
1,12.44660769879,1,83,11.9132393748186,2.5,1,TRUE,TRUE,1,SSP5_8_5,AM_85,experiment1
1,12.3090138093297,1,83,11.9132393748186,2.5,1,TRUE,TRUE,1,SSP5_8_5,AM_85,experiment1
1,12.2565976240823,1,83,11.9132393748186,2.5,1,TRUE,TRUE,1,SSP5_8_5,AM_85,experiment1
1,11.8956598988396,1,83,11.9132393748186,2.5,1,TRUE,TRUE,1,SSP5_8_5,AM_85,experiment1
1,13.1427648756901,1,83,11.9132393748186,2.5,1,TRUE,TRUE,1,SSP5_8_5,AM_85,experiment1
1,12.6423795732505,1,83,11.9132393748186,2.5,1,TRUE,TRUE,1,SSP5_8_5,AM_85,experiment1
1,11.3106384514015,1,83,11.9132393748186,2.5,1,TRUE,TRUE,1,SSP5_8_5,AM_85,experiment1
1,11.2821335623557,1,83,11.9132393748186,2.5,1,TRUE,TRUE,1,SSP5_8_5,AM_85,experiment1
1,12.2622652660411,1,83,11.9132393748186,2.5,1,TRUE,TRUE,1,SSP5_8_5,AM_85,experiment1
1,11.9605273405888,1,83,11.9132393748186,2.5,1,TRUE,TRUE,1,SSP5_8_5,AM_85,experiment1
1,9.67207120315445,1,83,11.9132393748186,2.5,1,TRUE,TRUE,1,SSP5_8_5,AM_85,experiment1
1,9.39693822402678,1,83,11.9132393748186,2.5,1,TRUE,TRUE,1,SSP5_8_5,AM_85,experiment1
1,12.8077519287058,1,83,11.9132393748186,2.5,1,TRUE,TRUE,1,SSP5_8_5,AM_85,experiment1
1,12.2350506379678,1,83,11.9132393748186,2.5,1,TRUE,TRUE,1,SSP5_8_5,AM_85,experiment1
1,12.0272475286703,1,83,11.9132393748186,2.5,1,TRUE,TRUE,1,SSP5_8_5,AM_85,experiment1
1,12.3807920615854,1,83,11.9132393748186,2.5,1,TRUE,TRUE,1,SSP5_8_5,AM_85,experiment1
1,11.8195175153861,1,83,11.9132393748186,2.5,1,TRUE,TRUE,1,SSP5_8_5,AM_85,experiment1
1,10.6463365797816,1,83,11.9132393748186,2.5,1,TRUE,TRUE,1,SSP5_8_5,AM_85,experiment1
1,12.849730990787,1,83,11.9132393748186,2.5,1,TRUE,TRUE,1,SSP5_8_5,AM_85,experiment1
1,9.76688852381359,1,83,11.9132393748186,2.5,1,TRUE,TRUE,1,SSP5_8_5,AM_85,experiment1
1,11.9335978768554,1,83,11.9132393748186,2.5,1,TRUE,TRUE,1,SSP5_8_5,AM_85,experiment1
1,10.981808332833,1,83,11.9132393748186,2.5,1,TRUE,TRUE,1,SSP5_8_5,AM_85,experiment1
1,12.0300994802466,1,83,11.9132393748186,2.5,1,TRUE,TRUE,1,SSP5_8_5,AM_85,experiment1
1,12.1321506267338,1,83,11.9132393748186,2.5,1,TRUE,TRUE,1,SSP5_8_5,AM_85,experiment1
1,8.7219215748022,1,83,11.9132393748186,2.5,1,TRUE,TRUE,1,SSP5_8_5,AM_85,experiment1
1,10.6060439906777,1,83,11.9132393748186,2.5,1,TRUE,TRUE,1,SSP5_8_5,AM_85,experiment1
1,12.258004462179,1,83,11.9132393748186,2.5,1,TRUE,TRUE,1,SSP5_8_5,AM_85,experiment1
1,13.3255710185239,1,83,11.9132393748186,2.5,1,TRUE,TRUE,1,SSP5_8_5,AM_85,experiment1
1,9.93502724160529,1,83,11.9132393748186,2.5,1,TRUE,TRUE,1,SSP5_8_5,AM_85,experiment1
1,12.0011137211453,1,83,11.9132393748186,2.5,1,TRUE,TRUE,1,SSP5_8_5,AM_85,experiment1
1,10.5483733794746,1,83,11.9132393748186,2.5,1,TRUE,TRUE,1,SSP5_8_5,AM_85,experiment1
1,11.6712169043006,1,83,11.9132393748186,2.5,1,TRUE,TRUE,1,SSP5_8_5,AM_85,experiment1
1,11.7488139411563,1,83,11.9132393748186,2.5,1,TRUE,TRUE,1,SSP5_8_5,AM_85,experiment1
1,8.62546642840519,1,83,11.9132393748186,2.5,1,TRUE,TRUE,1,SSP5_8_5,AM_85,experiment1
1,10.0094840410086,1,83,11.9132393748186,2.5,1,TRUE,TRUE,1,SSP5_8_5,AM_85,experiment1
1,11.9018457749543,1,83,11.9132393748186,2.5,1,TRUE,TRUE,1,SSP5_8_5,AM_85,experiment1
1,11.9705160165452,1,83,11.9132393748186,2.5,1,TRUE,TRUE,1,SSP5_8_5,AM_85,experiment1
1,10.7349155730777,1,83,11.9132393748186,2.5,1,TRUE,TRUE,1,SSP5_8_5,AM_85,experiment1
1,11.2385502621643,1,83,11.9132393748186,2.5,1,TRUE,TRUE,1,SSP5_8_5,AM_85,experiment1
1,11.7716870702141,1,83,11.9132393748186,2.5,1,TRUE,TRUE,1,SSP5_8_5,AM_85,experiment1
1,12.8878516725469,1,83,11.9132393748186,2.5,1,TRUE,TRUE,1,SSP5_8_5,AM_85,experiment1
1,8.42533225041531,1,83,11.9132393748186,2.5,1,TRUE,TRUE,1,SSP5_8_5,AM_85,experiment1
1,12.8518327587062,1,83,11.9132393748186,2.5,1,TRUE,TRUE,1,SSP5_8_5,AM_85,experiment1
1,12.0428212572083,1,83,11.9132393748186,2.5,1,TRUE,TRUE,1,SSP5_8_5,AM_85,experiment1
1,10.8863857275989,1,83,11.9132393748186,2.5,1,TRUE,TRUE,1,SSP5_8_5,AM_85,experiment1
1,11.3974543335325,1,83,11.9132393748186,2.5,1,TRUE,TRUE,1,SSP5_8_5,AM_85,experiment1
1,11.4479679358935,1,83,11.9132393748186,2.5,1,TRUE,TRUE,1,SSP5_8_5,AM_85,experiment1
1,12.21427889829,1,83,11.9132393748186,2.5,1,TRUE,TRUE,1,SSP5_8_5,AM_85,experiment1
1,12.439752569674,1,83,11.9132393748186,2.5,1,TRUE,TRUE,1,SSP5_8_5,AM_85,experiment1
1,12.5669783748612,1,83,11.9132393748186,2.5,1,TRUE,TRUE,1,SSP5_8_5,AM_85,experiment1
1,12.2915245125202,1,83,11.9132393748186,2.5,1,TRUE,TRUE,1,SSP5_8_5,AM_85,experiment1
1,12.3523226103149,1,83,11.9132393748186,2.5,1,TRUE,TRUE,1,SSP5_8_5,AM_85,experiment1
1,12.8913879603665,1,83,11.9132393748186,2.5,1,TRUE,TRUE,1,SSP5_8_5,AM_85,experiment1
1,11.5259979828972,1,83,11.9132393748186,2.5,1,TRUE,TRUE,1,SSP5_8_5,AM_85,experiment1
1,12.4014001737715,1,83,11.9132393748186,2.5,1,TRUE,TRUE,1,SSP5_8_5,AM_85,experiment1
1,10.5904188063463,1,83,11.9132393748186,2.5,1,TRUE,TRUE,1,SSP5_8_5,AM_85,experiment1
1,12.3605513718977,1,83,11.9132393748186,2.5,1,TRUE,TRUE,1,SSP5_8_5,AM_85,experiment1
1,8.68722366403685,1,83,11.9132393748186,2.5,1,TRUE,TRUE,1,SSP5_8_5,AM_85,experiment1
1,12.160745458078,1,83,11.9132393748186,2.5,1,TRUE,TRUE,1,SSP5_8_5,AM_85,experiment1
1,10.1919856654703,1,83,11.9132393748186,2.5,1,TRUE,TRUE,1,SSP5_8_5,AM_85,experiment1
1,11.8135593972757,1,83,11.9132393748186,2.5,1,TRUE,TRUE,1,SSP5_8_5,AM_85,experiment1
1,9.83848400100655,1,83,11.9132393748186,2.5,1,TRUE,TRUE,1,SSP5_8_5,AM_85,experiment1
1,12.0413214997611,1,83,11.9132393748186,2.5,1,TRUE,TRUE,1,SSP5_8_5,AM_85,experiment1
1,11.8273266409329,1,83,11.9132393748186,2.5,1,TRUE,TRUE,1,SSP5_8_5,AM_85,experiment1
1,11.7606072522874,1,83,11.9132393748186,2.5,1,TRUE,TRUE,1,SSP5_8_5,AM_85,experiment1
1,11.8995835181506,1,83,11.9132393748186,2.5,1,TRUE,TRUE,1,SSP5_8_5,AM_85,experiment1
1,12.1241809521346,1,83,11.9132393748186,2.5,1,TRUE,TRUE,1,SSP5_8_5,AM_85,experiment1
1,12.3487821618377,1,83,11.9132393748186,2.5,1,TRUE,TRUE,1,SSP5_8_5,AM_85,experiment1
1,11.0723121744875,1,83,11.9132393748186,2.5,1,TRUE,TRUE,1,SSP5_8_5,AM_85,experiment1
1,11.6381196104599,1,83,11.9132393748186,2.5,1,TRUE,TRUE,1,SSP5_8_5,AM_85,experiment1
1,11.1134089712433,1,83,11.9132393748186,2.5,1,TRUE,TRUE,1,SSP5_8_5,AM_85,experiment1
1,11.8814437341811,1,83,11.9132393748186,2.5,1,TRUE,TRUE,1,SSP5_8_5,AM_85,experiment1
1,12.0423915862322,1,83,11.9132393748186,2.5,1,TRUE,TRUE,1,SSP5_8_5,AM_85,experiment1
1,11.1459129935288,1,83,11.9132393748186,2.5,1,TRUE,TRUE,1,SSP5_8_5,AM_85,experiment1
1,8.90223318455512,1,83,11.9132393748186,2.5,1,TRUE,TRUE,1,SSP5_8_5,AM_85,experiment1
1,11.9203587575707,1,83,11.9132393748186,2.5,1,TRUE,TRUE,1,SSP5_8_5,AM_85,experiment1
1,11.9106172512385,1,83,11.9132393748186,2.5,1,TRUE,TRUE,1,SSP5_8_5,AM_85,experiment1
1,13.0290410007531,1,83,11.9132393748186,2.5,1,TRUE,TRUE,1,SSP5_8_5,AM_85,experiment1
1,12.5385687667809,1,83,11.9132393748186,2.5,1,TRUE,TRUE,1,SSP5_8_5,AM_85,experiment1
1,12.6376243546226,1,83,11.9132393748186,2.5,1,TRUE,TRUE,1,SSP5_8_5,AM_85,experiment1
1,9.78688289956938,1,83,11.9132393748186,2.5,1,TRUE,TRUE,1,SSP5_8_5,AM_85,experiment1
1,12.3086817466716,1,83,11.9132393748186,2.5,1,TRUE,TRUE,1,SSP5_8_5,AM_85,experiment1
1,9.43556820698261,1,83,11.9132393748186,2.5,1,TRUE,TRUE,1,SSP5_8_5,AM_85,experiment1
1,12.1931826435592,1,83,11.9132393748186,2.5,1,TRUE,TRUE,1,SSP5_8_5,AM_85,experiment1
1,12.0635263464562,1,83,11.9132393748186,2.5,1,TRUE,TRUE,1,SSP5_8_5,AM_85,experiment1
1,10.4640535408781,1,83,11.9132393748186,2.5,1,TRUE,TRUE,1,SSP5_8_5,AM_85,experiment1
1,12.6145552182176,1,83,11.9132393748186,2.5,1,TRUE,TRUE,1,SSP5_8_5,AM_85,experiment1
1,0.95,1,83,11.9132393748186,2.5,1,TRUE,TRUE,1,SSP5_8_5,AM_85,experiment1
1,11.9707864694864,1,83,11.9132393748186,2.5,1,TRUE,TRUE,1,SSP5_8_5,AM_85,experiment1
1,11.9421606924903,1,83,11.9132393748186,2.5,1,TRUE,TRUE,1,SSP5_8_5,AM_85,experiment1
1,12.9264704484622,1,83,11.9132393748186,2.5,1,TRUE,TRUE,1,SSP5_8_5,AM_85,experiment1
1,8.95087971065207,1,83,11.9132393748186,2.5,1,TRUE,TRUE,1,SSP5_8_5,AM_85,experiment1
1,11.3969481977991,1,83,11.9132393748186,2.5,1,TRUE,TRUE,1,SSP5_8_5,AM_85,experiment1
1,9.42750699594579,1,83,11.9132393748186,2.5,1,TRUE,TRUE,1,SSP5_8_5,AM_85,experiment1
1,9.69072996391241,1,83,11.9132393748186,2.5,1,TRUE,TRUE,1,SSP5_8_5,AM_85,experiment1
1,10.6344821675801,1,83,11.9132393748186,2.5,1,TRUE,TRUE,1,SSP5_8_5,AM_85,experiment1
1,12.0877528265265,1,83,11.9132393748186,2.5,1,TRUE,TRUE,1,SSP5_8_5,AM_85,experiment1
1,11.614048514401,1,83,11.9132393748186,2.5,1,TRUE,TRUE,1,SSP5_8_5,AM_85,experiment1
1,10.3549736304293,1,83,11.9132393748186,2.5,1,TRUE,TRUE,1,SSP5_8_5,AM_85,experiment1
1,11.4309238742885,1,83,11.9132393748186,2.5,1,TRUE,TRUE,1,SSP5_8_5,AM_85,experiment1
1,11.8295009090824,1,83,11.9132393748186,2.5,1,TRUE,TRUE,1,SSP5_8_5,AM_85,experiment1
1,12.06437690481,1,83,11.9132393748186,2.5,1,TRUE,TRUE,1,SSP5_8_5,AM_85,experiment1
1,10.8767678455163,1,83,11.9132393748186,2.5,1,TRUE,TRUE,1,SSP5_8_5,AM_85,experiment1
1,11.4986690372866,1,83,11.9132393748186,2.5,1,TRUE,TRUE,1,SSP5_8_5,AM_85,experiment1
1,12.2884695593577,1,83,11.9132393748186,2.5,1,TRUE,TRUE,1,SSP5_8_5,AM_85,experiment1
1,10.6577888929411,1,83,11.9132393748186,2.5,1,TRUE,TRUE,1,SSP5_8_5,AM_85,experiment1
1,11.6339845133902,1,83,11.9132393748186,2.5,1,TRUE,TRUE,1,SSP5_8_5,AM_85,experiment1
1,11.9293749411876,1,83,11.9132393748186,2.5,1,TRUE,TRUE,1,SSP5_8_5,AM_85,experiment1
1,10.3766846840961,1,83,11.9132393748186,2.5,1,TRUE,TRUE,1,SSP5_8_5,AM_85,experiment1
1,10.3235261370751,1,83,11.9132393748186,2.5,1,TRUE,TRUE,1,SSP5_8_5,AM_85,experiment1
1,11.6227666375104,1,83,11.9132393748186,2.5,1,TRUE,TRUE,1,SSP5_8_5,AM_85,experiment1
1,11.6457398898703,1,83,11.9132393748186,2.5,1,TRUE,TRUE,1,SSP5_8_5,AM_85,experiment1
1,11.5568302822172,1,83,11.9132393748186,2.5,1,TRUE,TRUE,1,SSP5_8_5,AM_85,experiment1
1,10.765991696896,1,83,11.9132393748186,2.5,1,TRUE,TRUE,1,SSP5_8_5,AM_85,experiment1
1,10.8875578359831,1,83,11.9132393748186,2.5,1,TRUE,TRUE,1,SSP5_8_5,AM_85,experiment1
1,12.0002460438735,1,83,11.9132393748186,2.5,1,TRUE,TRUE,1,SSP5_8_5,AM_85,experiment1
1,12.36686998223,1,83,11.9132393748186,2.5,1,TRUE,TRUE,1,SSP5_8_5,AM_85,experiment1
1,9.51306035712297,1,83,11.9132393748186,2.5,1,TRUE,TRUE,1,SSP5_8_5,AM_85,experiment1
1,11.1993168412489,1,83,11.9132393748186,2.5,1,TRUE,TRUE,1,SSP5_8_5,AM_85,experiment1
1,8.85040765623341,1,83,11.9132393748186,2.5,1,TRUE,TRUE,1,SSP5_8_5,AM_85,experiment1
1,11.1927522774171,1,83,11.9132393748186,2.5,1,TRUE,TRUE,1,SSP5_8_5,AM_85,experiment1
1,11.2252684448596,1,83,11.9132393748186,2.5,1,TRUE,TRUE,1,SSP5_8_5,AM_85,experiment1
1,11.423458787173,1,83,11.9132393748186,2.5,1,TRUE,TRUE,1,SSP5_8_5,AM_85,experiment1
1,13.0977514855959,1,83,11.9132393748186,2.5,1,TRUE,TRUE,1,SSP5_8_5,AM_85,experiment1
1,13.2007165241669,1,83,11.9132393748186,2.5,1,TRUE,TRUE,1,SSP5_8_5,AM_85,experiment1
1,12.4216443488127,1,83,11.9132393748186,2.5,1,TRUE,TRUE,1,SSP5_8_5,AM_85,experiment1
1,11.399892799589,1,83,11.9132393748186,2.5,1,TRUE,TRUE,1,SSP5_8_5,AM_85,experiment1
1,11.0012081503381,1,83,11.9132393748186,2.5,1,TRUE,TRUE,1,SSP5_8_5,AM_85,experiment1
1,11.6169548031781,1,83,11.9132393748186,2.5,1,TRUE,TRUE,1,SSP5_8_5,AM_85,experiment1
1,10.6741204375335,1,83,11.9132393748186,2.5,1,TRUE,TRUE,1,SSP5_8_5,AM_85,experiment1
1,11.4782527145869,1,83,11.9132393748186,2.5,1,TRUE,TRUE,1,SSP5_8_5,AM_85,experiment1
1,10.5444641586597,1,83,11.9132393748186,2.5,1,TRUE,TRUE,1,SSP5_8_5,AM_85,experiment1
1,13.2863216499818,1,83,11.9132393748186,2.5,1,TRUE,TRUE,1,SSP5_8_5,AM_85,experiment1
1,12.6773440953104,1,83,11.9132393748186,2.5,1,TRUE,TRUE,1,SSP5_8_5,AM_85,experiment1
1,12.332600364426,1,83,11.9132393748186,2.5,1,TRUE,TRUE,1,SSP5_8_5,AM_85,experiment1
1,11.0643016048809,1,83,11.9132393748186,2.5,1,TRUE,TRUE,1,SSP5_8_5,AM_85,experiment1
1,9.84443057064888,1,83,11.9132393748186,2.5,1,TRUE,TRUE,1,SSP5_8_5,AM_85,experiment1
1,11.1820441043702,1,83,11.9132393748186,2.5,1,TRUE,TRUE,1,SSP5_8_5,AM_85,experiment1
1,11.3073497330646,1,83,11.9132393748186,2.5,1,TRUE,TRUE,1,SSP5_8_5,AM_85,experiment1
1,11.5994885439399,1,83,11.9132393748186,2.5,1,TRUE,TRUE,1,SSP5_8_5,AM_85,experiment1
1,11.3647328455753,1,83,11.9132393748186,2.5,1,TRUE,TRUE,1,SSP5_8_5,AM_85,experiment1
1,12.8936618874868,1,83,11.9132393748186,2.5,1,TRUE,TRUE,1,SSP5_8_5,AM_85,experiment1
1,10.5287287699857,1,83,11.9132393748186,2.5,1,TRUE,TRUE,1,SSP5_8_5,AM_85,experiment1
1,9.14043055442465,1,83,11.9132393748186,2.5,1,TRUE,TRUE,1,SSP5_8_5,AM_85,experiment1
1,10.1011607013661,1,83,11.9132393748186,2.5,1,TRUE,TRUE,1,SSP5_8_5,AM_85,experiment1
1,11.8191617734426,1,83,11.9132393748186,2.5,1,TRUE,TRUE,1,SSP5_8_5,AM_85,experiment1
1,11.9819537788174,1,83,11.9132393748186,2.5,1,TRUE,TRUE,1,SSP5_8_5,AM_85,experiment1
1,11.1708116605737,1,83,11.9132393748186,2.5,1,TRUE,TRUE,1,SSP5_8_5,AM_85,experiment1
1,12.0839455118103,1,83,11.9132393748186,2.5,1,TRUE,TRUE,1,SSP5_8_5,AM_85,experiment1
1,11.3330233578767,1,83,11.9132393748186,2.5,1,TRUE,TRUE,1,SSP5_8_5,AM_85,experiment1
1,10.8315596957736,1,83,11.9132393748186,2.5,1,TRUE,TRUE,1,SSP5_8_5,AM_85,experiment1
1,12.0459559718967,1,83,11.9132393748186,2.5,1,TRUE,TRUE,1,SSP5_8_5,AM_85,experiment1
1,11.6657728520284,1,83,11.9132393748186,2.5,1,TRUE,TRUE,1,SSP5_8_5,AM_85,experiment1
1,11.7463229365215,1,83,11.9132393748186,2.5,1,TRUE,TRUE,1,SSP5_8_5,AM_85,experiment1
1,12.0113773407714,1,83,11.9132393748186,2.5,1,TRUE,TRUE,1,SSP5_8_5,AM_85,experiment1
1,11.6292584188005,1,83,11.9132393748186,2.5,1,TRUE,TRUE,1,SSP5_8_5,AM_85,experiment1
1,11.9853239201548,1,83,11.9132393748186,2.5,1,TRUE,TRUE,1,SSP5_8_5,AM_85,experiment1
1,10.6992689476789,1,83,11.9132393748186,2.5,1,TRUE,TRUE,1,SSP5_8_5,AM_85,experiment1
1,11.7298974529562,1,83,11.9132393748186,2.5,1,TRUE,TRUE,1,SSP5_8_5,AM_85,experiment1
1,12.349493239591,1,83,11.9132393748186,2.5,1,TRUE,TRUE,1,SSP5_8_5,AM_85,experiment1
1,11.5370252806237,1,83,11.9132393748186,2.5,1,TRUE,TRUE,1,SSP5_8_5,AM_85,experiment1
1,11.2968408040353,1,83,11.9132393748186,2.5,1,TRUE,TRUE,1,SSP5_8_5,AM_85,experiment1
1,10.7503413171726,1,83,11.9132393748186,2.5,1,TRUE,TRUE,1,SSP5_8_5,AM_85,experiment1
1,11.6922584002322,1,83,11.9132393748186,2.5,1,TRUE,TRUE,1,SSP5_8_5,AM_85,experiment1
1,12.6408442362736,1,83,11.9132393748186,2.5,1,TRUE,TRUE,1,SSP5_8_5,AM_85,experiment1
1,12.7616384043386,1,83,11.9132393748186,2.5,1,TRUE,TRUE,1,SSP5_8_5,AM_85,experiment1
1,10.9059174397104,1,83,11.9132393748186,2.5,1,TRUE,TRUE,1,SSP5_8_5,AM_85,experiment1
1,11.2199782718316,1,83,11.9132393748186,2.5,1,TRUE,TRUE,1,SSP5_8_5,AM_85,experiment1
1,11.3221426706884,1,83,11.9132393748186,2.5,1,TRUE,TRUE,1,SSP5_8_5,AM_85,experiment1
1,9.53076310569119,1,83,11.9132393748186,2.5,1,TRUE,TRUE,1,SSP5_8_5,AM_85,experiment1
1,11.2265901345931,1,83,11.9132393748186,2.5,1,TRUE,TRUE,1,SSP5_8_5,AM_85,experiment1
1,10.6004707927305,1,83,11.9132393748186,2.5,1,TRUE,TRUE,1,SSP5_8_5,AM_85,experiment1
1,13.6223972200535,1,83,11.9132393748186,2.5,1,TRUE,TRUE,1,SSP5_8_5,AM_85,experiment1
1,11.0093574610292,1,83,11.9132393748186,2.5,1,TRUE,TRUE,1,SSP5_8_5,AM_85,experiment1
1,11.7573751490633,1,83,11.9132393748186,2.5,1,TRUE,TRUE,1,SSP5_8_5,AM_85,experiment1
1,11.3828637103153,1,83,11.9132393748186,2.5,1,TRUE,TRUE,1,SSP5_8_5,AM_85,experiment1
1,5.13499771142072,1,83,11.9132393748186,2.5,1,TRUE,TRUE,1,SSP5_8_5,AM_85,experiment1
1,11.9735035837918,1,83,11.9132393748186,2.5,1,TRUE,TRUE,1,SSP5_8_5,AM_85,experiment1
1,13.2939199244834,1,83,11.9132393748186,2.5,1,TRUE,TRUE,1,SSP5_8_5,AM_85,experiment1
1,8.709344862166,1,83,11.9132393748186,2.5,1,TRUE,TRUE,1,SSP5_8_5,AM_85,experiment1
1,11.6441330240542,1,83,11.9132393748186,2.5,1,TRUE,TRUE,1,SSP5_8_5,AM_85,experiment1
1,11.9757951270705,1,83,11.9132393748186,2.5,1,TRUE,TRUE,1,SSP5_8_5,AM_85,experiment1
1,13.0502499858248,1,83,11.9132393748186,2.5,1,TRUE,TRUE,1,SSP5_8_5,AM_85,experiment1
1,10.145491571612,1,83,11.9132393748186,2.5,1,TRUE,TRUE,1,SSP5_8_5,AM_85,experiment1
1,11.7830605809618,1,83,11.9132393748186,2.5,1,TRUE,TRUE,1,SSP5_8_5,AM_85,experiment1
1,11.2463720890624,1,83,11.9132393748186,2.5,1,TRUE,TRUE,1,SSP5_8_5,AM_85,experiment1
1,11.1217997997929,1,83,11.9132393748186,2.5,1,TRUE,TRUE,1,SSP5_8_5,AM_85,experiment1
1,11.0080229904987,1,83,11.9132393748186,2.5,1,TRUE,TRUE,1,SSP5_8_5,AM_85,experiment1
1,13.2069974715095,1,83,11.9132393748186,2.5,1,TRUE,TRUE,1,SSP5_8_5,AM_85,experiment1
1,11.5163499913088,1,83,11.9132393748186,2.5,1,TRUE,TRUE,1,SSP5_8_5,AM_85,experiment1
1,11.9755060485664,1,83,11.9132393748186,2.5,1,TRUE,TRUE,1,SSP5_8_5,AM_85,experiment1
1,10.5432367532727,1,83,11.9132393748186,2.5,1,TRUE,TRUE,1,SSP5_8_5,AM_85,experiment1
1,11.8331538902016,1,83,11.9132393748186,2.5,1,TRUE,TRUE,1,SSP5_8_5,AM_85,experiment1
1,11.6242673158282,1,83,11.9132393748186,2.5,1,TRUE,TRUE,1,SSP5_8_5,AM_85,experiment1
1,8.90029642861452,1,83,11.9132393748186,2.5,1,TRUE,TRUE,1,SSP5_8_5,AM_85,experiment1
1,11.6218585923048,1,83,11.9132393748186,2.5,1,TRUE,TRUE,1,SSP5_8_5,AM_85,experiment1
1,12.3067333131164,1,83,11.9132393748186,2.5,1,TRUE,TRUE,1,SSP5_8_5,AM_85,experiment1
1,13.3107420961842,1,83,11.9132393748186,2.5,1,TRUE,TRUE,1,SSP5_8_5,AM_85,experiment1
1,11.6423887458378,1,83,11.9132393748186,2.5,1,TRUE,TRUE,1,SSP5_8_5,AM_85,experiment1
1,10.12573829743,1,83,11.9132393748186,2.5,1,TRUE,TRUE,1,SSP5_8_5,AM_85,experiment1
1,10.6145108687157,1,83,11.9132393748186,2.5,1,TRUE,TRUE,1,SSP5_8_5,AM_85,experiment1
1,11.8113681929411,1,83,11.9132393748186,2.5,1,TRUE,TRUE,1,SSP5_8_5,AM_85,experiment1
1,9.01924831066101,1,83,11.9132393748186,2.5,1,TRUE,TRUE,1,SSP5_8_5,AM_85,experiment1
1,12.192008650135,1,83,11.9132393748186,2.5,1,TRUE,TRUE,1,SSP5_8_5,AM_85,experiment1
1,12.3242858023044,1,83,11.9132393748186,2.5,1,TRUE,TRUE,1,SSP5_8_5,AM_85,experiment1
1,11.8858125974591,1,83,11.9132393748186,2.5,1,TRUE,TRUE,1,SSP5_8_5,AM_85,experiment1
1,12.2820692670528,1,83,11.9132393748186,2.5,1,TRUE,TRUE,1,SSP5_8_5,AM_85,experiment1
1,10.4997044812863,1,83,11.9132393748186,2.5,1,TRUE,TRUE,1,SSP5_8_5,AM_85,experiment1
1,13.2881345883379,1,83,11.9132393748186,2.5,1,TRUE,TRUE,1,SSP5_8_5,AM_85,experiment1
1,12.2710240929757,1,83,11.9132393748186,2.5,1,TRUE,TRUE,1,SSP5_8_5,AM_85,experiment1
1,11.4123856439066,1,83,11.9132393748186,2.5,1,TRUE,TRUE,1,SSP5_8_5,AM_85,experiment1
1,10.0245030627968,1,83,11.9132393748186,2.5,1,TRUE,TRUE,1,SSP5_8_5,AM_85,experiment1
1,11.1137181825868,1,83,11.9132393748186,2.5,1,TRUE,TRUE,1,SSP5_8_5,AM_85,experiment1
1,12.7145338854051,1,83,11.9132393748186,2.5,1,TRUE,TRUE,1,SSP5_8_5,AM_85,experiment1
1,10.6931932197403,1,83,11.9132393748186,2.5,1,TRUE,TRUE,1,SSP5_8_5,AM_85,experiment1
1,12.366073987278,1,83,11.9132393748186,2.5,1,TRUE,TRUE,1,SSP5_8_5,AM_85,experiment1
1,11.3655811323143,1,83,11.9132393748186,2.5,1,TRUE,TRUE,1,SSP5_8_5,AM_85,experiment1
1,11.7602476233813,1,83,11.9132393748186,2.5,1,TRUE,TRUE,1,SSP5_8_5,AM_85,experiment1
1,11.6985851828352,1,83,11.9132393748186,2.5,1,TRUE,TRUE,1,SSP5_8_5,AM_85,experiment1
1,13.5517306318271,1,83,11.9132393748186,2.5,1,TRUE,TRUE,1,SSP5_8_5,AM_85,experiment1
1,11.4795352584239,1,83,11.9132393748186,2.5,1,TRUE,TRUE,1,SSP5_8_5,AM_85,experiment1
1,12.0967608210608,1,83,11.9132393748186,2.5,1,TRUE,TRUE,1,SSP5_8_5,AM_85,experiment1
1,10.1722756949217,1,83,11.9132393748186,2.5,1,TRUE,TRUE,1,SSP5_8_5,AM_85,experiment1
1,10.6945137155952,1,83,11.9132393748186,2.5,1,TRUE,TRUE,1,SSP5_8_5,AM_85,experiment1
1,11.8653509032063,1,83,11.9132393748186,2.5,1,TRUE,TRUE,1,SSP5_8_5,AM_85,experiment1
1,12.3108026642899,1,83,11.9132393748186,2.5,1,TRUE,TRUE,1,SSP5_8_5,AM_85,experiment1
1,10.8960349019397,1,83,11.9132393748186,2.5,1,TRUE,TRUE,1,SSP5_8_5,AM_85,experiment1
1,10.2100256806312,1,83,11.9132393748186,2.5,1,TRUE,TRUE,1,SSP5_8_5,AM_85,experiment1
1,9.24381750925171,1,83,11.9132393748186,2.5,1,TRUE,TRUE,1,SSP5_8_5,AM_85,experiment1
1,10.7250292144838,1,83,11.9132393748186,2.5,1,TRUE,TRUE,1,SSP5_8_5,AM_85,experiment1
1,11.7920876246924,1,83,11.9132393748186,2.5,1,TRUE,TRUE,1,SSP5_8_5,AM_85,experiment1
1,12.3718066721163,1,83,11.9132393748186,2.5,1,TRUE,TRUE,1,SSP5_8_5,AM_85,experiment1
1,11.2739148461151,1,83,11.9132393748186,2.5,1,TRUE,TRUE,1,SSP5_8_5,AM_85,experiment1
1,9.06859388299628,1,83,11.9132393748186,2.5,1,TRUE,TRUE,1,SSP5_8_5,AM_85,experiment1
1,10.4289656851961,1,83,11.9132393748186,2.5,1,TRUE,TRUE,1,SSP5_8_5,AM_85,experiment1
1,11.0894518439067,1,83,11.9132393748186,2.5,1,TRUE,TRUE,1,SSP5_8_5,AM_85,experiment1
1,11.5790771867864,1,83,11.9132393748186,2.5,1,TRUE,TRUE,1,SSP5_8_5,AM_85,experiment1
1,12.7487041420427,1,83,11.9132393748186,2.5,1,TRUE,TRUE,1,SSP5_8_5,AM_85,experiment1
1,10.3568804272291,1,83,11.9132393748186,2.5,1,TRUE,TRUE,1,SSP5_8_5,AM_85,experiment1
1,12.2220954861397,1,83,11.9132393748186,2.5,1,TRUE,TRUE,1,SSP5_8_5,AM_85,experiment1
1,11.2823541474175,1,83,11.9132393748186,2.5,1,TRUE,TRUE,1,SSP5_8_5,AM_85,experiment1
1,10.4179458251015,1,83,11.9132393748186,2.5,1,TRUE,TRUE,1,SSP5_8_5,AM_85,experiment1
1,9.74255452927155,1,83,11.9132393748186,2.5,1,TRUE,TRUE,1,SSP5_8_5,AM_85,experiment1
1,7.67904475737194,1,83,11.9132393748186,2.5,1,TRUE,TRUE,1,SSP5_8_5,AM_85,experiment1
1,10.9592558865007,1,83,11.9132393748186,2.5,1,TRUE,TRUE,1,SSP5_8_5,AM_85,experiment1
1,9.8951819523598,1,83,11.9132393748186,2.5,1,TRUE,TRUE,1,SSP5_8_5,AM_85,experiment1
1,9.61900272391935,1,83,11.9132393748186,2.5,1,TRUE,TRUE,1,SSP5_8_5,AM_85,experiment1
1,11.1411358004346,1,83,11.9132393748186,2.5,1,TRUE,TRUE,1,SSP5_8_5,AM_85,experiment1
1,12.8271154522622,1,83,11.9132393748186,2.5,1,TRUE,TRUE,1,SSP5_8_5,AM_85,experiment1
1,13.1885786088104,1,83,11.9132393748186,2.5,1,TRUE,TRUE,1,SSP5_8_5,AM_85,experiment1
1,10.258433731104,1,83,11.9132393748186,2.5,1,TRUE,TRUE,1,SSP5_8_5,AM_85,experiment1
1,11.4258708776241,1,83,11.9132393748186,2.5,1,TRUE,TRUE,1,SSP5_8_5,AM_85,experiment1
1,11.5767855317574,1,83,11.9132393748186,2.5,1,TRUE,TRUE,1,SSP5_8_5,AM_85,experiment1
1,10.1811662422757,1,83,11.9132393748186,2.5,1,TRUE,TRUE,1,SSP5_8_5,AM_85,experiment1
1,11.0793860497506,1,83,11.9132393748186,2.5,1,TRUE,TRUE,1,SSP5_8_5,AM_85,experiment1
1,12.1196028861995,1,83,11.9132393748186,2.5,1,TRUE,TRUE,1,SSP5_8_5,AM_85,experiment1
1,12.3110099989291,1,83,11.9132393748186,2.5,1,TRUE,TRUE,1,SSP5_8_5,AM_85,experiment1
1,8.11990173672921,1,83,11.9132393748186,2.5,1,TRUE,TRUE,1,SSP5_8_5,AM_85,experiment1
1,10.5917718790096,1,83,11.9132393748186,2.5,1,TRUE,TRUE,1,SSP5_8_5,AM_85,experiment1
1,11.9162109754636,1,83,11.9132393748186,2.5,1,TRUE,TRUE,1,SSP5_8_5,AM_85,experiment1
1,12.8817692186715,1,83,11.9132393748186,2.5,1,TRUE,TRUE,1,SSP5_8_5,AM_85,experiment1
1,12.7880057452181,1,83,11.9132393748186,2.5,1,TRUE,TRUE,1,SSP5_8_5,AM_85,experiment1
1,11.424489756712,1,83,11.9132393748186,2.5,1,TRUE,TRUE,1,SSP5_8_5,AM_85,experiment1
1,11.0740457450658,1,83,11.9132393748186,2.5,1,TRUE,TRUE,1,SSP5_8_5,AM_85,experiment1
1,12.1804413778114,1,83,11.9132393748186,2.5,1,TRUE,TRUE,1,SSP5_8_5,AM_85,experiment1
1,11.4075732371198,1,83,11.9132393748186,2.5,1,TRUE,TRUE,1,SSP5_8_5,AM_85,experiment1
1,11.7185605639021,1,83,11.9132393748186,2.5,1,TRUE,TRUE,1,SSP5_8_5,AM_85,experiment1
1,8.44114647183075,1,83,11.9132393748186,2.5,1,TRUE,TRUE,1,SSP5_8_5,AM_85,experiment1
1,11.5918646970352,1,83,11.9132393748186,2.5,1,TRUE,TRUE,1,SSP5_8_5,AM_85,experiment1
1,9.83026688259903,1,83,11.9132393748186,2.5,1,TRUE,TRUE,1,SSP5_8_5,AM_85,experiment1
1,8.46642868885563,1,83,11.9132393748186,2.5,1,TRUE,TRUE,1,SSP5_8_5,AM_85,experiment1
1,12.4150188566559,1,83,11.9132393748186,2.5,1,TRUE,TRUE,1,SSP5_8_5,AM_85,experiment1
1,10.0245575826736,1,83,11.9132393748186,2.5,1,TRUE,TRUE,1,SSP5_8_5,AM_85,experiment1
1,11.1043102283687,1,83,11.9132393748186,2.5,1,TRUE,TRUE,1,SSP5_8_5,AM_85,experiment1
1,9.23670849984646,1,83,11.9132393748186,2.5,1,TRUE,TRUE,1,SSP5_8_5,AM_85,experiment1
1,12.276115497124,1,83,11.9132393748186,2.5,1,TRUE,TRUE,1,SSP5_8_5,AM_85,experiment1
1,9.94453747368072,1,83,11.9132393748186,2.5,1,TRUE,TRUE,1,SSP5_8_5,AM_85,experiment1
1,9.39349705316475,1,83,11.9132393748186,2.5,1,TRUE,TRUE,1,SSP5_8_5,AM_85,experiment1
1,7.91668168550498,1,83,11.9132393748186,2.5,1,TRUE,TRUE,1,SSP5_8_5,AM_85,experiment1
1,10.0989325105906,1,83,11.9132393748186,2.5,1,TRUE,TRUE,1,SSP5_8_5,AM_85,experiment1
1,11.1257006452944,1,83,11.9132393748186,2.5,1,TRUE,TRUE,1,SSP5_8_5,AM_85,experiment1
1,8.98855939922044,1,83,11.9132393748186,2.5,1,TRUE,TRUE,1,SSP5_8_5,AM_85,experiment1
1,11.4914888324281,1,83,11.9132393748186,2.5,1,TRUE,TRUE,1,SSP5_8_5,AM_85,experiment1
1,10.9249394818428,1,83,11.9132393748186,2.5,1,TRUE,TRUE,1,SSP5_8_5,AM_85,experiment1
1,11.6797521844865,1,83,11.9132393748186,2.5,1,TRUE,TRUE,1,SSP5_8_5,AM_85,experiment1
1,9.87847239412978,1,83,11.9132393748186,2.5,1,TRUE,TRUE,1,SSP5_8_5,AM_85,experiment1
1,11.9727983296978,1,83,11.9132393748186,2.5,1,TRUE,TRUE,1,SSP5_8_5,AM_85,experiment1
1,9.23939759099416,1,83,11.9132393748186,2.5,1,TRUE,TRUE,1,SSP5_8_5,AM_85,experiment1
1,11.3830995860494,1,83,11.9132393748186,2.5,1,TRUE,TRUE,1,SSP5_8_5,AM_85,experiment1
1,12.9287411463243,1,83,11.9132393748186,2.5,1,TRUE,TRUE,1,SSP5_8_5,AM_85,experiment1
1,10.8064832959069,1,83,11.9132393748186,2.5,1,TRUE,TRUE,1,SSP5_8_5,AM_85,experiment1
1,11.9805621122666,1,83,11.9132393748186,2.5,1,TRUE,TRUE,1,SSP5_8_5,AM_85,experiment1
1,11.6935539316146,1,83,11.9132393748186,2.5,1,TRUE,TRUE,1,SSP5_8_5,AM_85,experiment1
1,11.7652007778987,1,83,11.9132393748186,2.5,1,TRUE,TRUE,1,SSP5_8_5,AM_85,experiment1
1,10.5262938840237,1,83,11.9132393748186,2.5,1,TRUE,TRUE,1,SSP5_8_5,AM_85,experiment1
1,10.5890843994716,1,83,11.9132393748186,2.5,1,TRUE,TRUE,1,SSP5_8_5,AM_85,experiment1
1,12.2074427505388,1,83,11.9132393748186,2.5,1,TRUE,TRUE,1,SSP5_8_5,AM_85,experiment1
1,10.6260432230256,1,83,11.9132393748186,2.5,1,TRUE,TRUE,1,SSP5_8_5,AM_85,experiment1
1,11.2549105213174,1,83,11.9132393748186,2.5,1,TRUE,TRUE,1,SSP5_8_5,AM_85,experiment1
1,12.2915009827764,1,83,11.9132393748186,2.5,1,TRUE,TRUE,1,SSP5_8_5,AM_85,experiment1
1,7.64310113380008,1,83,11.9132393748186,2.5,1,TRUE,TRUE,1,SSP5_8_5,AM_85,experiment1
1,13.4416053025786,1,83,11.9132393748186,2.5,1,TRUE,TRUE,1,SSP5_8_5,AM_85,experiment1
1,12.2148598771812,1,83,11.9132393748186,2.5,1,TRUE,TRUE,1,SSP5_8_5,AM_85,experiment1
1,11.1060169138206,1,83,11.9132393748186,2.5,1,TRUE,TRUE,1,SSP5_8_5,AM_85,experiment1
1,10.2802613000445,1,83,11.9132393748186,2.5,1,TRUE,TRUE,1,SSP5_8_5,AM_85,experiment1
1,11.1031285056964,1,83,11.9132393748186,2.5,1,TRUE,TRUE,1,SSP5_8_5,AM_85,experiment1
1,11.4320260171853,1,83,11.9132393748186,2.5,1,TRUE,TRUE,1,SSP5_8_5,AM_85,experiment1
1,11.4416941626866,1,83,11.9132393748186,2.5,1,TRUE,TRUE,1,SSP5_8_5,AM_85,experiment1
1,12.4137627412891,1,83,11.9132393748186,2.5,1,TRUE,TRUE,1,SSP5_8_5,AM_85,experiment1
1,6.9397413466455,1,83,11.9132393748186,2.5,1,TRUE,TRUE,1,SSP5_8_5,AM_85,experiment1
1,11.3745271739652,1,83,11.9132393748186,2.5,1,TRUE,TRUE,1,SSP5_8_5,AM_85,experiment1
1,9.74396445316651,1,83,11.9132393748186,2.5,1,TRUE,TRUE,1,SSP5_8_5,AM_85,experiment1
1,10.1915227188688,1,83,11.9132393748186,2.5,1,TRUE,TRUE,1,SSP5_8_5,AM_85,experiment1
1,11.3321758308713,1,83,11.9132393748186,2.5,1,TRUE,TRUE,1,SSP5_8_5,AM_85,experiment1
1,9.06692682981055,1,83,11.9132393748186,2.5,1,TRUE,TRUE,1,SSP5_8_5,AM_85,experiment1
1,13.2671073591672,1,83,11.9132393748186,2.5,1,TRUE,TRUE,1,SSP5_8_5,AM_85,experiment1
1,10.3020941689556,1,83,11.9132393748186,2.5,1,TRUE,TRUE,1,SSP5_8_5,AM_85,experiment1
1,10.5827206751197,1,83,11.9132393748186,2.5,1,TRUE,TRUE,1,SSP5_8_5,AM_85,experiment1
1,10.9330648625706,1,83,11.9132393748186,2.5,1,TRUE,TRUE,1,SSP5_8_5,AM_85,experiment1
1,10.8756539363956,1,83,11.9132393748186,2.5,1,TRUE,TRUE,1,SSP5_8_5,AM_85,experiment1
1,12.9104060767409,1,83,11.9132393748186,2.5,1,TRUE,TRUE,1,SSP5_8_5,AM_85,experiment1
1,11.5359068448052,1,83,11.9132393748186,2.5,1,TRUE,TRUE,1,SSP5_8_5,AM_85,experiment1
1,12.7791162162323,1,83,11.9132393748186,2.5,1,TRUE,TRUE,1,SSP5_8_5,AM_85,experiment1
1,11.6564674612817,1,83,11.9132393748186,2.5,1,TRUE,TRUE,1,SSP5_8_5,AM_85,experiment1
1,12.8385470928779,1,83,11.9132393748186,2.5,1,TRUE,TRUE,1,SSP5_8_5,AM_85,experiment1
1,11.1535319788006,1,83,11.9132393748186,2.5,1,TRUE,TRUE,1,SSP5_8_5,AM_85,experiment1
1,12.2632725159845,1,83,11.9132393748186,2.5,1,TRUE,TRUE,1,SSP5_8_5,AM_85,experiment1
1,0.95,1,83,11.9132393748186,2.5,1,TRUE,TRUE,1,SSP5_8_5,AM_85,experiment1
1,11.2948282191495,1,83,11.9132393748186,2.5,1,TRUE,TRUE,1,SSP5_8_5,AM_85,experiment1
1,12.251326508106,1,83,11.9132393748186,2.5,1,TRUE,TRUE,1,SSP5_8_5,AM_85,experiment1
1,12.590455388932,1,83,11.9132393748186,2.5,1,TRUE,TRUE,1,SSP5_8_5,AM_85,experiment1
1,10.9193092854745,1,83,11.9132393748186,2.5,1,TRUE,TRUE,1,SSP5_8_5,AM_85,experiment1
1,11.3230819711564,1,83,11.9132393748186,2.5,1,TRUE,TRUE,1,SSP5_8_5,AM_85,experiment1
1,11.1824123565102,1,83,11.9132393748186,2.5,1,TRUE,TRUE,1,SSP5_8_5,AM_85,experiment1
1,9.68485572339639,1,83,11.9132393748186,2.5,1,TRUE,TRUE,1,SSP5_8_5,AM_85,experiment1
1,12.5906936118807,1,83,11.9132393748186,2.5,1,TRUE,TRUE,1,SSP5_8_5,AM_85,experiment1
1,11.6596887081566,1,83,11.9132393748186,2.5,1,TRUE,TRUE,1,SSP5_8_5,AM_85,experiment1
1,11.6827223940317,1,83,11.9132393748186,2.5,1,TRUE,TRUE,1,SSP5_8_5,AM_85,experiment1
1,12.037141775059,1,83,11.9132393748186,2.5,1,TRUE,TRUE,1,SSP5_8_5,AM_85,experiment1
1,12.9378477405137,1,83,11.9132393748186,2.5,1,TRUE,TRUE,1,SSP5_8_5,AM_85,experiment1
1,11.5462435649433,1,83,11.9132393748186,2.5,1,TRUE,TRUE,1,SSP5_8_5,AM_85,experiment1
1,12.0366934317305,1,83,11.9132393748186,2.5,1,TRUE,TRUE,1,SSP5_8_5,AM_85,experiment1
1,11.5306145380764,1,83,11.9132393748186,2.5,1,TRUE,TRUE,1,SSP5_8_5,AM_85,experiment1
1,12.5581072003255,1,83,11.9132393748186,2.5,1,TRUE,TRUE,1,SSP5_8_5,AM_85,experiment1
1,11.1431791387783,1,83,11.9132393748186,2.5,1,TRUE,TRUE,1,SSP5_8_5,AM_85,experiment1
1,9.43692855577205,1,83,11.9132393748186,2.5,1,TRUE,TRUE,1,SSP5_8_5,AM_85,experiment1
1,11.5350118936508,1,83,11.9132393748186,2.5,1,TRUE,TRUE,1,SSP5_8_5,AM_85,experiment1
1,10.7384247170586,1,83,11.9132393748186,2.5,1,TRUE,TRUE,1,SSP5_8_5,AM_85,experiment1
1,11.4597768348122,1,83,11.9132393748186,2.5,1,TRUE,TRUE,1,SSP5_8_5,AM_85,experiment1
1,11.8935743992201,1,83,11.9132393748186,2.5,1,TRUE,TRUE,1,SSP5_8_5,AM_85,experiment1
1,10.4855154781585,1,83,11.9132393748186,2.5,1,TRUE,TRUE,1,SSP5_8_5,AM_85,experiment1
1,12.5195972052151,1,83,11.9132393748186,2.5,1,TRUE,TRUE,1,SSP5_8_5,AM_85,experiment1
1,11.2202183908629,1,83,11.9132393748186,2.5,1,TRUE,TRUE,1,SSP5_8_5,AM_85,experiment1
1,10.6189826717264,1,83,11.9132393748186,2.5,1,TRUE,TRUE,1,SSP5_8_5,AM_85,experiment1
1,11.0118958078697,1,83,11.9132393748186,2.5,1,TRUE,TRUE,1,SSP5_8_5,AM_85,experiment1
1,7.35106864686086,1,83,11.9132393748186,2.5,1,TRUE,TRUE,1,SSP5_8_5,AM_85,experiment1
1,11.4742214702025,1,83,11.9132393748186,2.5,1,TRUE,TRUE,1,SSP5_8_5,AM_85,experiment1
1,11.2629436999197,1,83,11.9132393748186,2.5,1,TRUE,TRUE,1,SSP5_8_5,AM_85,experiment1
1,11.2670089113128,1,83,11.9132393748186,2.5,1,TRUE,TRUE,1,SSP5_8_5,AM_85,experiment1
1,11.4467904903776,1,83,11.9132393748186,2.5,1,TRUE,TRUE,1,SSP5_8_5,AM_85,experiment1
1,12.3647158984752,1,83,11.9132393748186,2.5,1,TRUE,TRUE,1,SSP5_8_5,AM_85,experiment1
1,11.1305979338185,1,83,11.9132393748186,2.5,1,TRUE,TRUE,1,SSP5_8_5,AM_85,experiment1
1,10.7103007281096,1,83,11.9132393748186,2.5,1,TRUE,TRUE,1,SSP5_8_5,AM_85,experiment1
1,9.55302145712331,1,83,11.9132393748186,2.5,1,TRUE,TRUE,1,SSP5_8_5,AM_85,experiment1
1,9.30598036799515,1,83,11.9132393748186,2.5,1,TRUE,TRUE,1,SSP5_8_5,AM_85,experiment1
1,10.2860372181684,1,83,11.9132393748186,2.5,1,TRUE,TRUE,1,SSP5_8_5,AM_85,experiment1
1,12.7196309625764,1,83,11.9132393748186,2.5,1,TRUE,TRUE,1,SSP5_8_5,AM_85,experiment1
1,11.1823222320263,1,83,11.9132393748186,2.5,1,TRUE,TRUE,1,SSP5_8_5,AM_85,experiment1
1,10.9806922305461,1,83,11.9132393748186,2.5,1,TRUE,TRUE,1,SSP5_8_5,AM_85,experiment1
1,12.2227043330542,1,83,11.9132393748186,2.5,1,TRUE,TRUE,1,SSP5_8_5,AM_85,experiment1
1,12.8873869804438,1,83,11.9132393748186,2.5,1,TRUE,TRUE,1,SSP5_8_5,AM_85,experiment1
1,12.622617116046,1,83,11.9132393748186,2.5,1,TRUE,TRUE,1,SSP5_8_5,AM_85,experiment1
1,10.6374213537773,1,83,11.9132393748186,2.5,1,TRUE,TRUE,1,SSP5_8_5,AM_85,experiment1
3,11.5397379620358,1,83,14.3001819028155,2.5,2.5,TRUE,TRUE,1,SSP5_8_5,AM_85,experiment1
7,12.6686070059205,1,83,14.3001819028155,2.5,2.5,TRUE,TRUE,1,SSP5_8_5,AM_85,experiment1
2,11.4221914448355,1,83,14.3001819028155,2.5,2.5,TRUE,TRUE,1,SSP5_8_5,AM_85,experiment1
2,13.7684605945334,1,83,14.3001819028155,2.5,2.5,TRUE,TRUE,1,SSP5_8_5,AM_85,experiment1
1,10.1804111876938,1,83,14.3001819028155,2.5,2.5,TRUE,TRUE,1,SSP5_8_5,AM_85,experiment1
6,14.3202258567274,1,83,14.3001819028155,2.5,2.5,TRUE,TRUE,1,SSP5_8_5,AM_85,experiment1
4,13.3164862192711,1,83,14.3001819028155,2.5,2.5,TRUE,TRUE,1,SSP5_8_5,AM_85,experiment1
4,13.5311198223968,1,83,14.3001819028155,2.5,2.5,TRUE,TRUE,1,SSP5_8_5,AM_85,experiment1
3,12.2446346502787,1,83,14.3001819028155,2.5,2.5,TRUE,TRUE,1,SSP5_8_5,AM_85,experiment1
4,14.1218976808185,1,83,14.3001819028155,2.5,2.5,TRUE,TRUE,1,SSP5_8_5,AM_85,experiment1
2,14.4735556895514,1,83,14.3001819028155,2.5,2.5,TRUE,TRUE,1,SSP5_8_5,AM_85,experiment1
2,12.9541146100726,1,83,14.3001819028155,2.5,2.5,TRUE,TRUE,1,SSP5_8_5,AM_85,experiment1
2,13.7992310284084,1,83,14.3001819028155,2.5,2.5,TRUE,TRUE,1,SSP5_8_5,AM_85,experiment1
2,12.2793570880176,1,83,14.3001819028155,2.5,2.5,TRUE,TRUE,1,SSP5_8_5,AM_85,experiment1
5,14.0602104241826,1,83,14.3001819028155,2.5,2.5,TRUE,TRUE,1,SSP5_8_5,AM_85,experiment1
3,13.7321559949597,1,83,14.3001819028155,2.5,2.5,TRUE,TRUE,1,SSP5_8_5,AM_85,experiment1
3,10.5181872843098,1,83,14.3001819028155,2.5,2.5,TRUE,TRUE,1,SSP5_8_5,AM_85,experiment1
3,14.7855952753211,1,83,14.3001819028155,2.5,2.5,TRUE,TRUE,1,SSP5_8_5,AM_85,experiment1
2,12.6987352993291,1,83,14.3001819028155,2.5,2.5,TRUE,TRUE,1,SSP5_8_5,AM_85,experiment1
3,13.3684449037042,1,83,14.3001819028155,2.5,2.5,TRUE,TRUE,1,SSP5_8_5,AM_85,experiment1
2,14.1739638535921,1,83,14.3001819028155,2.5,2.5,TRUE,TRUE,1,SSP5_8_5,AM_85,experiment1
5,13.966624689245,1,83,14.3001819028155,2.5,2.5,TRUE,TRUE,1,SSP5_8_5,AM_85,experiment1
6,13.9971378002758,1,83,14.3001819028155,2.5,2.5,TRUE,TRUE,1,SSP5_8_5,AM_85,experiment1
2,13.0080380651605,1,83,14.3001819028155,2.5,2.5,TRUE,TRUE,1,SSP5_8_5,AM_85,experiment1
1,7.3380284713262,1,83,14.3001819028155,2.5,2.5,TRUE,TRUE,1,SSP5_8_5,AM_85,experiment1
3,13.7917761494908,1,83,14.3001819028155,2.5,2.5,TRUE,TRUE,1,SSP5_8_5,AM_85,experiment1
2,12.5153119097454,1,83,14.3001819028155,2.5,2.5,TRUE,TRUE,1,SSP5_8_5,AM_85,experiment1
2,12.6559868651777,1,83,14.3001819028155,2.5,2.5,TRUE,TRUE,1,SSP5_8_5,AM_85,experiment1
4,12.7945765330957,1,83,14.3001819028155,2.5,2.5,TRUE,TRUE,1,SSP5_8_5,AM_85,experiment1
5,12.9741454475026,1,83,14.3001819028155,2.5,2.5,TRUE,TRUE,1,SSP5_8_5,AM_85,experiment1
2,14.0396926398902,1,83,14.3001819028155,2.5,2.5,TRUE,TRUE,1,SSP5_8_5,AM_85,experiment1
2,13.6554770332097,1,83,14.3001819028155,2.5,2.5,TRUE,TRUE,1,SSP5_8_5,AM_85,experiment1
2,12.3841070877467,1,83,14.3001819028155,2.5,2.5,TRUE,TRUE,1,SSP5_8_5,AM_85,experiment1
3,13.0947098619454,1,83,14.3001819028155,2.5,2.5,TRUE,TRUE,1,SSP5_8_5,AM_85,experiment1
2,13.2273047547195,1,83,14.3001819028155,2.5,2.5,TRUE,TRUE,1,SSP5_8_5,AM_85,experiment1
2,14.2220237311954,1,83,14.3001819028155,2.5,2.5,TRUE,TRUE,1,SSP5_8_5,AM_85,experiment1
5,13.8561474635964,1,83,14.3001819028155,2.5,2.5,TRUE,TRUE,1,SSP5_8_5,AM_85,experiment1
8,11.9285164197509,1,83,14.3001819028155,2.5,2.5,TRUE,TRUE,1,SSP5_8_5,AM_85,experiment1
2,13.3846264452671,1,83,14.3001819028155,2.5,2.5,TRUE,TRUE,1,SSP5_8_5,AM_85,experiment1
2,13.8298193417853,1,83,14.3001819028155,2.5,2.5,TRUE,TRUE,1,SSP5_8_5,AM_85,experiment1
2,14.7541050832247,1,83,14.3001819028155,2.5,2.5,TRUE,TRUE,1,SSP5_8_5,AM_85,experiment1
3,12.4804481843841,1,83,14.3001819028155,2.5,2.5,TRUE,TRUE,1,SSP5_8_5,AM_85,experiment1
9,11.9814923282597,1,83,14.3001819028155,2.5,2.5,TRUE,TRUE,1,SSP5_8_5,AM_85,experiment1
3,14.2425614737699,1,83,14.3001819028155,2.5,2.5,TRUE,TRUE,1,SSP5_8_5,AM_85,experiment1
3,13.7243575860177,1,83,14.3001819028155,2.5,2.5,TRUE,TRUE,1,SSP5_8_5,AM_85,experiment1
7,14.228424398328,1,83,14.3001819028155,2.5,2.5,TRUE,TRUE,1,SSP5_8_5,AM_85,experiment1
4,14.1187103595228,1,83,14.3001819028155,2.5,2.5,TRUE,TRUE,1,SSP5_8_5,AM_85,experiment1
3,12.863046756934,1,83,14.3001819028155,2.5,2.5,TRUE,TRUE,1,SSP5_8_5,AM_85,experiment1
2,13.0211683004097,1,83,14.3001819028155,2.5,2.5,TRUE,TRUE,1,SSP5_8_5,AM_85,experiment1
2,13.5738707956278,1,83,14.3001819028155,2.5,2.5,TRUE,TRUE,1,SSP5_8_5,AM_85,experiment1
2,12.7119296150596,1,83,14.3001819028155,2.5,2.5,TRUE,TRUE,1,SSP5_8_5,AM_85,experiment1
2,13.164825095443,1,83,14.3001819028155,2.5,2.5,TRUE,TRUE,1,SSP5_8_5,AM_85,experiment1
7,12.3652998321007,1,83,14.3001819028155,2.5,2.5,TRUE,TRUE,1,SSP5_8_5,AM_85,experiment1
1,13.6041069393396,1,83,14.3001819028155,2.5,2.5,TRUE,TRUE,1,SSP5_8_5,AM_85,experiment1
6,12.2693557912279,1,83,14.3001819028155,2.5,2.5,TRUE,TRUE,1,SSP5_8_5,AM_85,experiment1
2,13.6800532995602,1,83,14.3001819028155,2.5,2.5,TRUE,TRUE,1,SSP5_8_5,AM_85,experiment1
5,12.8803027406128,1,83,14.3001819028155,2.5,2.5,TRUE,TRUE,1,SSP5_8_5,AM_85,experiment1
2,13.1469745580426,1,83,14.3001819028155,2.5,2.5,TRUE,TRUE,1,SSP5_8_5,AM_85,experiment1
3,12.929330497773,1,83,14.3001819028155,2.5,2.5,TRUE,TRUE,1,SSP5_8_5,AM_85,experiment1
3,11.9532046475113,1,83,14.3001819028155,2.5,2.5,TRUE,TRUE,1,SSP5_8_5,AM_85,experiment1
2,13.0785695300876,1,83,14.3001819028155,2.5,2.5,TRUE,TRUE,1,SSP5_8_5,AM_85,experiment1
6,12.9610857294735,1,83,14.3001819028155,2.5,2.5,TRUE,TRUE,1,SSP5_8_5,AM_85,experiment1
2,14.2185933916397,1,83,14.3001819028155,2.5,2.5,TRUE,TRUE,1,SSP5_8_5,AM_85,experiment1
9,14.0596304492532,1,83,14.3001819028155,2.5,2.5,TRUE,TRUE,1,SSP5_8_5,AM_85,experiment1
6,13.9638713796532,1,83,14.3001819028155,2.5,2.5,TRUE,TRUE,1,SSP5_8_5,AM_85,experiment1
6,11.7999551178412,1,83,14.3001819028155,2.5,2.5,TRUE,TRUE,1,SSP5_8_5,AM_85,experiment1
2,13.2408428244927,1,83,14.3001819028155,2.5,2.5,TRUE,TRUE,1,SSP5_8_5,AM_85,experiment1
1,7.24590307483413,1,83,14.3001819028155,2.5,2.5,TRUE,TRUE,1,SSP5_8_5,AM_85,experiment1
2,12.3822133177345,1,83,14.3001819028155,2.5,2.5,TRUE,TRUE,1,SSP5_8_5,AM_85,experiment1
3,13.8654747432132,1,83,14.3001819028155,2.5,2.5,TRUE,TRUE,1,SSP5_8_5,AM_85,experiment1
2,13.6697212930367,1,83,14.3001819028155,2.5,2.5,TRUE,TRUE,1,SSP5_8_5,AM_85,experiment1
2,10.5075759579407,1,83,14.3001819028155,2.5,2.5,TRUE,TRUE,1,SSP5_8_5,AM_85,experiment1
3,13.4765705823242,1,83,14.3001819028155,2.5,2.5,TRUE,TRUE,1,SSP5_8_5,AM_85,experiment1
1,14.2832293723868,1,83,14.3001819028155,2.5,2.5,TRUE,TRUE,1,SSP5_8_5,AM_85,experiment1
3,13.7441117887164,1,83,14.3001819028155,2.5,2.5,TRUE,TRUE,1,SSP5_8_5,AM_85,experiment1
2,13.0762761605314,1,83,14.3001819028155,2.5,2.5,TRUE,TRUE,1,SSP5_8_5,AM_85,experiment1
4,9.1215396373933,1,83,14.3001819028155,2.5,2.5,TRUE,TRUE,1,SSP5_8_5,AM_85,experiment1
3,13.2556654615393,1,83,14.3001819028155,2.5,2.5,TRUE,TRUE,1,SSP5_8_5,AM_85,experiment1
8,12.5541275966148,1,83,14.3001819028155,2.5,2.5,TRUE,TRUE,1,SSP5_8_5,AM_85,experiment1
2,13.2051153991861,1,83,14.3001819028155,2.5,2.5,TRUE,TRUE,1,SSP5_8_5,AM_85,experiment1
3,14.2629365899657,1,83,14.3001819028155,2.5,2.5,TRUE,TRUE,1,SSP5_8_5,AM_85,experiment1
4,13.9105988033553,1,83,14.3001819028155,2.5,2.5,TRUE,TRUE,1,SSP5_8_5,AM_85,experiment1
1,9.99350871722317,1,83,14.3001819028155,2.5,2.5,TRUE,TRUE,1,SSP5_8_5,AM_85,experiment1
6,13.5529319079073,1,83,14.3001819028155,2.5,2.5,TRUE,TRUE,1,SSP5_8_5,AM_85,experiment1
2,12.8175433936679,1,83,14.3001819028155,2.5,2.5,TRUE,TRUE,1,SSP5_8_5,AM_85,experiment1
3,13.250656614055,1,83,14.3001819028155,2.5,2.5,TRUE,TRUE,1,SSP5_8_5,AM_85,experiment1
4,13.2559167049318,1,83,14.3001819028155,2.5,2.5,TRUE,TRUE,1,SSP5_8_5,AM_85,experiment1
3,14.2302739816603,1,83,14.3001819028155,2.5,2.5,TRUE,TRUE,1,SSP5_8_5,AM_85,experiment1
3,11.4761814910329,1,83,14.3001819028155,2.5,2.5,TRUE,TRUE,1,SSP5_8_5,AM_85,experiment1
4,14.8115906776826,1,83,14.3001819028155,2.5,2.5,TRUE,TRUE,1,SSP5_8_5,AM_85,experiment1
2,13.157378454653,1,83,14.3001819028155,2.5,2.5,TRUE,TRUE,1,SSP5_8_5,AM_85,experiment1
2,13.0781790946535,1,83,14.3001819028155,2.5,2.5,TRUE,TRUE,1,SSP5_8_5,AM_85,experiment1
3,14.2169946468608,1,83,14.3001819028155,2.5,2.5,TRUE,TRUE,1,SSP5_8_5,AM_85,experiment1
3,12.3237824672901,1,83,14.3001819028155,2.5,2.5,TRUE,TRUE,1,SSP5_8_5,AM_85,experiment1
4,12.6671784560051,1,83,14.3001819028155,2.5,2.5,TRUE,TRUE,1,SSP5_8_5,AM_85,experiment1
3,13.6427165599515,1,83,14.3001819028155,2.5,2.5,TRUE,TRUE,1,SSP5_8_5,AM_85,experiment1
2,13.6942051380256,1,83,14.3001819028155,2.5,2.5,TRUE,TRUE,1,SSP5_8_5,AM_85,experiment1
3,14.3265722688624,1,83,14.3001819028155,2.5,2.5,TRUE,TRUE,1,SSP5_8_5,AM_85,experiment1
2,12.1140125285067,1,83,14.3001819028155,2.5,2.5,TRUE,TRUE,1,SSP5_8_5,AM_85,experiment1
5,13.5292176989342,1,83,14.3001819028155,2.5,2.5,TRUE,TRUE,1,SSP5_8_5,AM_85,experiment1
4,13.1972619188268,1,83,14.3001819028155,2.5,2.5,TRUE,TRUE,1,SSP5_8_5,AM_85,experiment1
3,13.1143789681017,1,83,14.3001819028155,2.5,2.5,TRUE,TRUE,1,SSP5_8_5,AM_85,experiment1
4,13.5925490988941,1,83,14.3001819028155,2.5,2.5,TRUE,TRUE,1,SSP5_8_5,AM_85,experiment1
2,12.0700098750138,1,83,14.3001819028155,2.5,2.5,TRUE,TRUE,1,SSP5_8_5,AM_85,experiment1
3,12.1072210821726,1,83,14.3001819028155,2.5,2.5,TRUE,TRUE,1,SSP5_8_5,AM_85,experiment1
5,13.1046206005729,1,83,14.3001819028155,2.5,2.5,TRUE,TRUE,1,SSP5_8_5,AM_85,experiment1
2,15.1285739451834,1,83,14.3001819028155,2.5,2.5,TRUE,TRUE,1,SSP5_8_5,AM_85,experiment1
2,13.1245275667292,1,83,14.3001819028155,2.5,2.5,TRUE,TRUE,1,SSP5_8_5,AM_85,experiment1
6,13.0370432214381,1,83,14.3001819028155,2.5,2.5,TRUE,TRUE,1,SSP5_8_5,AM_85,experiment1
5,13.6980130314819,1,83,14.3001819028155,2.5,2.5,TRUE,TRUE,1,SSP5_8_5,AM_85,experiment1
4,14.249396584004,1,83,14.3001819028155,2.5,2.5,TRUE,TRUE,1,SSP5_8_5,AM_85,experiment1
1,12.0891060018048,1,83,14.3001819028155,2.5,2.5,TRUE,TRUE,1,SSP5_8_5,AM_85,experiment1
2,11.5000011199947,1,83,14.3001819028155,2.5,2.5,TRUE,TRUE,1,SSP5_8_5,AM_85,experiment1
2,13.7744448565071,1,83,14.3001819028155,2.5,2.5,TRUE,TRUE,1,SSP5_8_5,AM_85,experiment1
2,13.7717557994897,1,83,14.3001819028155,2.5,2.5,TRUE,TRUE,1,SSP5_8_5,AM_85,experiment1
4,11.5334616674286,1,83,14.3001819028155,2.5,2.5,TRUE,TRUE,1,SSP5_8_5,AM_85,experiment1
3,13.4880953251533,1,83,14.3001819028155,2.5,2.5,TRUE,TRUE,1,SSP5_8_5,AM_85,experiment1
1,2.7090853125,1,83,14.3001819028155,2.5,2.5,TRUE,TRUE,1,SSP5_8_5,AM_85,experiment1
7,12.4962634448291,1,83,14.3001819028155,2.5,2.5,TRUE,TRUE,1,SSP5_8_5,AM_85,experiment1
1,12.48118655172,1,83,14.3001819028155,2.5,2.5,TRUE,TRUE,1,SSP5_8_5,AM_85,experiment1
4,13.8392440883374,1,83,14.3001819028155,2.5,2.5,TRUE,TRUE,1,SSP5_8_5,AM_85,experiment1
3,14.0107483172572,1,83,14.3001819028155,2.5,2.5,TRUE,TRUE,1,SSP5_8_5,AM_85,experiment1
5,13.6015029919738,1,83,14.3001819028155,2.5,2.5,TRUE,TRUE,1,SSP5_8_5,AM_85,experiment1
2,12.6953138702871,1,83,14.3001819028155,2.5,2.5,TRUE,TRUE,1,SSP5_8_5,AM_85,experiment1
4,12.431472930399,1,83,14.3001819028155,2.5,2.5,TRUE,TRUE,1,SSP5_8_5,AM_85,experiment1
3,13.4435002796667,1,83,14.3001819028155,2.5,2.5,TRUE,TRUE,1,SSP5_8_5,AM_85,experiment1
2,14.5933528026163,1,83,14.3001819028155,2.5,2.5,TRUE,TRUE,1,SSP5_8_5,AM_85,experiment1
2,13.5442071715134,1,83,14.3001819028155,2.5,2.5,TRUE,TRUE,1,SSP5_8_5,AM_85,experiment1
4,13.2204535155321,1,83,14.3001819028155,2.5,2.5,TRUE,TRUE,1,SSP5_8_5,AM_85,experiment1
3,11.7969802426301,1,83,14.3001819028155,2.5,2.5,TRUE,TRUE,1,SSP5_8_5,AM_85,experiment1
4,12.2547287281123,1,83,14.3001819028155,2.5,2.5,TRUE,TRUE,1,SSP5_8_5,AM_85,experiment1
4,12.0797480711786,1,83,14.3001819028155,2.5,2.5,TRUE,TRUE,1,SSP5_8_5,AM_85,experiment1
2,15.1927270528719,1,83,14.3001819028155,2.5,2.5,TRUE,TRUE,1,SSP5_8_5,AM_85,experiment1
5,13.3233348897508,1,83,14.3001819028155,2.5,2.5,TRUE,TRUE,1,SSP5_8_5,AM_85,experiment1
3,12.5253432777049,1,83,14.3001819028155,2.5,2.5,TRUE,TRUE,1,SSP5_8_5,AM_85,experiment1
2,12.3270627546311,1,83,14.3001819028155,2.5,2.5,TRUE,TRUE,1,SSP5_8_5,AM_85,experiment1
4,14.2969052381246,1,83,14.3001819028155,2.5,2.5,TRUE,TRUE,1,SSP5_8_5,AM_85,experiment1
2,11.5854908975837,1,83,14.3001819028155,2.5,2.5,TRUE,TRUE,1,SSP5_8_5,AM_85,experiment1
3,10.6762237590478,1,83,14.3001819028155,2.5,2.5,TRUE,TRUE,1,SSP5_8_5,AM_85,experiment1
1,12.7250896952093,1,83,14.3001819028155,2.5,2.5,TRUE,TRUE,1,SSP5_8_5,AM_85,experiment1
5,13.0340582487118,1,83,14.3001819028155,2.5,2.5,TRUE,TRUE,1,SSP5_8_5,AM_85,experiment1
4,9.25253954268523,1,83,14.3001819028155,2.5,2.5,TRUE,TRUE,1,SSP5_8_5,AM_85,experiment1
10,14.2656246716656,1,83,14.3001819028155,2.5,2.5,TRUE,TRUE,1,SSP5_8_5,AM_85,experiment1
3,10.521870687587,1,83,14.3001819028155,2.5,2.5,TRUE,TRUE,1,SSP5_8_5,AM_85,experiment1
2,13.5485223715746,1,83,14.3001819028155,2.5,2.5,TRUE,TRUE,1,SSP5_8_5,AM_85,experiment1
6,14.5097488074894,1,83,14.3001819028155,2.5,2.5,TRUE,TRUE,1,SSP5_8_5,AM_85,experiment1
3,12.1964484745414,1,83,14.3001819028155,2.5,2.5,TRUE,TRUE,1,SSP5_8_5,AM_85,experiment1
7,14.592849130166,1,83,14.3001819028155,2.5,2.5,TRUE,TRUE,1,SSP5_8_5,AM_85,experiment1
4,14.5648782657235,1,83,14.3001819028155,2.5,2.5,TRUE,TRUE,1,SSP5_8_5,AM_85,experiment1
1,13.2303216148401,1,83,14.3001819028155,2.5,2.5,TRUE,TRUE,1,SSP5_8_5,AM_85,experiment1
5,14.6038572870871,1,83,14.3001819028155,2.5,2.5,TRUE,TRUE,1,SSP5_8_5,AM_85,experiment1
4,14.1926719836059,1,83,14.3001819028155,2.5,2.5,TRUE,TRUE,1,SSP5_8_5,AM_85,experiment1
2,11.6096927434809,1,83,14.3001819028155,2.5,2.5,TRUE,TRUE,1,SSP5_8_5,AM_85,experiment1
11,12.433149110283,1,83,14.3001819028155,2.5,2.5,TRUE,TRUE,1,SSP5_8_5,AM_85,experiment1
3,15.1648184346776,1,83,14.3001819028155,2.5,2.5,TRUE,TRUE,1,SSP5_8_5,AM_85,experiment1
5,14.1132733701786,1,83,14.3001819028155,2.5,2.5,TRUE,TRUE,1,SSP5_8_5,AM_85,experiment1
2,13.2072637961025,1,83,14.3001819028155,2.5,2.5,TRUE,TRUE,1,SSP5_8_5,AM_85,experiment1
3,13.4395038600531,1,83,14.3001819028155,2.5,2.5,TRUE,TRUE,1,SSP5_8_5,AM_85,experiment1
2,10.2306711992816,1,83,14.3001819028155,2.5,2.5,TRUE,TRUE,1,SSP5_8_5,AM_85,experiment1
3,11.9295136805821,1,83,14.3001819028155,2.5,2.5,TRUE,TRUE,1,SSP5_8_5,AM_85,experiment1
1,11.5832040935723,1,83,14.3001819028155,2.5,2.5,TRUE,TRUE,1,SSP5_8_5,AM_85,experiment1
1,11.8312458105675,1,83,14.3001819028155,2.5,2.5,TRUE,TRUE,1,SSP5_8_5,AM_85,experiment1
3,11.8011486835726,1,83,14.3001819028155,2.5,2.5,TRUE,TRUE,1,SSP5_8_5,AM_85,experiment1
1,11.3215137031106,1,83,14.3001819028155,2.5,2.5,TRUE,TRUE,1,SSP5_8_5,AM_85,experiment1
1,4.66146328046875,1,83,14.3001819028155,2.5,2.5,TRUE,TRUE,1,SSP5_8_5,AM_85,experiment1
2,11.5499415403738,1,83,14.3001819028155,2.5,2.5,TRUE,TRUE,1,SSP5_8_5,AM_85,experiment1
6,13.08172779338,1,83,14.3001819028155,2.5,2.5,TRUE,TRUE,1,SSP5_8_5,AM_85,experiment1
2,13.8553406801689,1,83,14.3001819028155,2.5,2.5,TRUE,TRUE,1,SSP5_8_5,AM_85,experiment1
4,10.8507909017103,1,83,14.3001819028155,2.5,2.5,TRUE,TRUE,1,SSP5_8_5,AM_85,experiment1
3,15.0491161695103,1,83,14.3001819028155,2.5,2.5,TRUE,TRUE,1,SSP5_8_5,AM_85,experiment1
3,13.6246708920668,1,83,14.3001819028155,2.5,2.5,TRUE,TRUE,1,SSP5_8_5,AM_85,experiment1
3,14.0766607381448,1,83,14.3001819028155,2.5,2.5,TRUE,TRUE,1,SSP5_8_5,AM_85,experiment1
4,11.4662121429717,1,83,14.3001819028155,2.5,2.5,TRUE,TRUE,1,SSP5_8_5,AM_85,experiment1
3,13.7750395824039,1,83,14.3001819028155,2.5,2.5,TRUE,TRUE,1,SSP5_8_5,AM_85,experiment1
3,12.3809328114872,1,83,14.3001819028155,2.5,2.5,TRUE,TRUE,1,SSP5_8_5,AM_85,experiment1
1,10.5428912281945,1,83,14.3001819028155,2.5,2.5,TRUE,TRUE,1,SSP5_8_5,AM_85,experiment1
1,10.8138734642598,1,83,14.3001819028155,2.5,2.5,TRUE,TRUE,1,SSP5_8_5,AM_85,experiment1
3,12.0687017848161,1,83,14.3001819028155,2.5,2.5,TRUE,TRUE,1,SSP5_8_5,AM_85,experiment1
3,12.4822009396859,1,83,14.3001819028155,2.5,2.5,TRUE,TRUE,1,SSP5_8_5,AM_85,experiment1
3,12.9865752691445,1,83,14.3001819028155,2.5,2.5,TRUE,TRUE,1,SSP5_8_5,AM_85,experiment1
2,14.92906142126,1,83,14.3001819028155,2.5,2.5,TRUE,TRUE,1,SSP5_8_5,AM_85,experiment1
7,14.2366536553877,1,83,14.3001819028155,2.5,2.5,TRUE,TRUE,1,SSP5_8_5,AM_85,experiment1
6,12.8082485204541,1,83,14.3001819028155,2.5,2.5,TRUE,TRUE,1,SSP5_8_5,AM_85,experiment1
1,9.56329151762188,1,83,14.3001819028155,2.5,2.5,TRUE,TRUE,1,SSP5_8_5,AM_85,experiment1
4,13.5564184868299,1,83,14.3001819028155,2.5,2.5,TRUE,TRUE,1,SSP5_8_5,AM_85,experiment1
3,12.5487929614572,1,83,14.3001819028155,2.5,2.5,TRUE,TRUE,1,SSP5_8_5,AM_85,experiment1
3,12.8510233241637,1,83,14.3001819028155,2.5,2.5,TRUE,TRUE,1,SSP5_8_5,AM_85,experiment1
2,14.7542798287386,1,83,14.3001819028155,2.5,2.5,TRUE,TRUE,1,SSP5_8_5,AM_85,experiment1
5,14.5027956579114,1,83,14.3001819028155,2.5,2.5,TRUE,TRUE,1,SSP5_8_5,AM_85,experiment1
4,11.9049620641482,1,83,14.3001819028155,2.5,2.5,TRUE,TRUE,1,SSP5_8_5,AM_85,experiment1
3,15.0241613042081,1,83,14.3001819028155,2.5,2.5,TRUE,TRUE,1,SSP5_8_5,AM_85,experiment1
2,12.5458345267106,1,83,14.3001819028155,2.5,2.5,TRUE,TRUE,1,SSP5_8_5,AM_85,experiment1
3,14.765800697042,1,83,14.3001819028155,2.5,2.5,TRUE,TRUE,1,SSP5_8_5,AM_85,experiment1
2,11.5296596134275,1,83,14.3001819028155,2.5,2.5,TRUE,TRUE,1,SSP5_8_5,AM_85,experiment1
3,13.746907821321,1,83,14.3001819028155,2.5,2.5,TRUE,TRUE,1,SSP5_8_5,AM_85,experiment1
3,13.4120172346504,1,83,14.3001819028155,2.5,2.5,TRUE,TRUE,1,SSP5_8_5,AM_85,experiment1
3,12.6477274391375,1,83,14.3001819028155,2.5,2.5,TRUE,TRUE,1,SSP5_8_5,AM_85,experiment1
4,13.7783685077506,1,83,14.3001819028155,2.5,2.5,TRUE,TRUE,1,SSP5_8_5,AM_85,experiment1
2,11.7474827311351,1,83,14.3001819028155,2.5,2.5,TRUE,TRUE,1,SSP5_8_5,AM_85,experiment1
4,11.0152825874571,1,83,14.3001819028155,2.5,2.5,TRUE,TRUE,1,SSP5_8_5,AM_85,experiment1
3,8.86616828767721,1,83,14.3001819028155,2.5,2.5,TRUE,TRUE,1,SSP5_8_5,AM_85,experiment1
2,8.42901547093289,1,83,14.3001819028155,2.5,2.5,TRUE,TRUE,1,SSP5_8_5,AM_85,experiment1
3,15.2400628278102,1,83,14.3001819028155,2.5,2.5,TRUE,TRUE,1,SSP5_8_5,AM_85,experiment1
3,14.0661794180119,1,83,14.3001819028155,2.5,2.5,TRUE,TRUE,1,SSP5_8_5,AM_85,experiment1
1,9.46194809477957,1,83,14.3001819028155,2.5,2.5,TRUE,TRUE,1,SSP5_8_5,AM_85,experiment1
1,11.2357065010491,1,83,14.3001819028155,2.5,2.5,TRUE,TRUE,1,SSP5_8_5,AM_85,experiment1
2,14.4601375189596,1,83,14.3001819028155,2.5,2.5,TRUE,TRUE,1,SSP5_8_5,AM_85,experiment1
4,14.8448911947449,1,83,14.3001819028155,2.5,2.5,TRUE,TRUE,1,SSP5_8_5,AM_85,experiment1
1,10.9997041087166,1,83,14.3001819028155,2.5,2.5,TRUE,TRUE,1,SSP5_8_5,AM_85,experiment1
4,11.9252692587876,1,83,14.3001819028155,2.5,2.5,TRUE,TRUE,1,SSP5_8_5,AM_85,experiment1
3,13.7144134423047,1,83,14.3001819028155,2.5,2.5,TRUE,TRUE,1,SSP5_8_5,AM_85,experiment1
2,14.2931679718205,1,83,14.3001819028155,2.5,2.5,TRUE,TRUE,1,SSP5_8_5,AM_85,experiment1
3,14.1623072514036,1,83,14.3001819028155,2.5,2.5,TRUE,TRUE,1,SSP5_8_5,AM_85,experiment1
3,13.2636042686171,1,83,14.3001819028155,2.5,2.5,TRUE,TRUE,1,SSP5_8_5,AM_85,experiment1
3,13.6277155442787,1,83,14.3001819028155,2.5,2.5,TRUE,TRUE,1,SSP5_8_5,AM_85,experiment1
2,12.771213138052,1,83,14.3001819028155,2.5,2.5,TRUE,TRUE,1,SSP5_8_5,AM_85,experiment1
4,12.6488482101293,1,83,14.3001819028155,2.5,2.5,TRUE,TRUE,1,SSP5_8_5,AM_85,experiment1
2,11.8435987721904,1,83,14.3001819028155,2.5,2.5,TRUE,TRUE,1,SSP5_8_5,AM_85,experiment1
4,14.1966977288293,1,83,14.3001819028155,2.5,2.5,TRUE,TRUE,1,SSP5_8_5,AM_85,experiment1
2,14.2456882362794,1,83,14.3001819028155,2.5,2.5,TRUE,TRUE,1,SSP5_8_5,AM_85,experiment1
3,12.5210461729549,1,83,14.3001819028155,2.5,2.5,TRUE,TRUE,1,SSP5_8_5,AM_85,experiment1
3,14.0294567271498,1,83,14.3001819028155,2.5,2.5,TRUE,TRUE,1,SSP5_8_5,AM_85,experiment1
4,12.7596144822358,1,83,14.3001819028155,2.5,2.5,TRUE,TRUE,1,SSP5_8_5,AM_85,experiment1
2,13.2455561710345,1,83,14.3001819028155,2.5,2.5,TRUE,TRUE,1,SSP5_8_5,AM_85,experiment1
4,14.054808557348,1,83,14.3001819028155,2.5,2.5,TRUE,TRUE,1,SSP5_8_5,AM_85,experiment1
1,13.2590870626805,1,83,14.3001819028155,2.5,2.5,TRUE,TRUE,1,SSP5_8_5,AM_85,experiment1
3,11.4926343589669,1,83,14.3001819028155,2.5,2.5,TRUE,TRUE,1,SSP5_8_5,AM_85,experiment1
5,13.4344982931321,1,83,14.3001819028155,2.5,2.5,TRUE,TRUE,1,SSP5_8_5,AM_85,experiment1
2,13.8413322688856,1,83,14.3001819028155,2.5,2.5,TRUE,TRUE,1,SSP5_8_5,AM_85,experiment1
2,14.6085718353234,1,83,14.3001819028155,2.5,2.5,TRUE,TRUE,1,SSP5_8_5,AM_85,experiment1
2,14.2311226327213,1,83,14.3001819028155,2.5,2.5,TRUE,TRUE,1,SSP5_8_5,AM_85,experiment1
2,9.50875233283992,1,83,14.3001819028155,2.5,2.5,TRUE,TRUE,1,SSP5_8_5,AM_85,experiment1
2,14.714265851846,1,83,14.3001819028155,2.5,2.5,TRUE,TRUE,1,SSP5_8_5,AM_85,experiment1
3,14.1268571572227,1,83,14.3001819028155,2.5,2.5,TRUE,TRUE,1,SSP5_8_5,AM_85,experiment1
3,13.0499530374383,1,83,14.3001819028155,2.5,2.5,TRUE,TRUE,1,SSP5_8_5,AM_85,experiment1
4,13.5248865186746,1,83,14.3001819028155,2.5,2.5,TRUE,TRUE,1,SSP5_8_5,AM_85,experiment1
5,14.3361785120375,1,83,14.3001819028155,2.5,2.5,TRUE,TRUE,1,SSP5_8_5,AM_85,experiment1
2,13.5230031052063,1,83,14.3001819028155,2.5,2.5,TRUE,TRUE,1,SSP5_8_5,AM_85,experiment1
2,14.2416608466111,1,83,14.3001819028155,2.5,2.5,TRUE,TRUE,1,SSP5_8_5,AM_85,experiment1
2,11.1303899235551,1,83,14.3001819028155,2.5,2.5,TRUE,TRUE,1,SSP5_8_5,AM_85,experiment1
3,13.8195732999522,1,83,14.3001819028155,2.5,2.5,TRUE,TRUE,1,SSP5_8_5,AM_85,experiment1
3,12.2750300978661,1,83,14.3001819028155,2.5,2.5,TRUE,TRUE,1,SSP5_8_5,AM_85,experiment1
5,13.9105127801692,1,83,14.3001819028155,2.5,2.5,TRUE,TRUE,1,SSP5_8_5,AM_85,experiment1
3,13.4208394355219,1,83,14.3001819028155,2.5,2.5,TRUE,TRUE,1,SSP5_8_5,AM_85,experiment1
1,0.95,1,83,14.3001819028155,2.5,2.5,TRUE,TRUE,1,SSP5_8_5,AM_85,experiment1
5,11.3082053497529,1,83,14.3001819028155,2.5,2.5,TRUE,TRUE,1,SSP5_8_5,AM_85,experiment1
2,14.8119787882298,1,83,14.3001819028155,2.5,2.5,TRUE,TRUE,1,SSP5_8_5,AM_85,experiment1
3,14.8041696882346,1,83,14.3001819028155,2.5,2.5,TRUE,TRUE,1,SSP5_8_5,AM_85,experiment1
7,15.1975870499721,1,83,14.3001819028155,2.5,2.5,TRUE,TRUE,1,SSP5_8_5,AM_85,experiment1
3,11.5568532304396,1,83,14.3001819028155,2.5,2.5,TRUE,TRUE,1,SSP5_8_5,AM_85,experiment1
2,12.402597319785,1,83,14.3001819028155,2.5,2.5,TRUE,TRUE,1,SSP5_8_5,AM_85,experiment1
4,11.5099185817763,1,83,14.3001819028155,2.5,2.5,TRUE,TRUE,1,SSP5_8_5,AM_85,experiment1
2,14.4355422549044,1,83,14.3001819028155,2.5,2.5,TRUE,TRUE,1,SSP5_8_5,AM_85,experiment1
2,9.88987430938071,1,83,14.3001819028155,2.5,2.5,TRUE,TRUE,1,SSP5_8_5,AM_85,experiment1
8,12.7972258281077,1,83,14.3001819028155,2.5,2.5,TRUE,TRUE,1,SSP5_8_5,AM_85,experiment1
4,14.8802322027743,1,83,14.3001819028155,2.5,2.5,TRUE,TRUE,1,SSP5_8_5,AM_85,experiment1
2,14.3869541073745,1,83,14.3001819028155,2.5,2.5,TRUE,TRUE,1,SSP5_8_5,AM_85,experiment1
3,14.0555973800048,1,83,14.3001819028155,2.5,2.5,TRUE,TRUE,1,SSP5_8_5,AM_85,experiment1
4,14.1847236878025,1,83,14.3001819028155,2.5,2.5,TRUE,TRUE,1,SSP5_8_5,AM_85,experiment1
2,12.8724583538405,1,83,14.3001819028155,2.5,2.5,TRUE,TRUE,1,SSP5_8_5,AM_85,experiment1
2,11.5654607788413,1,83,14.3001819028155,2.5,2.5,TRUE,TRUE,1,SSP5_8_5,AM_85,experiment1
4,14.0656071207772,1,83,14.3001819028155,2.5,2.5,TRUE,TRUE,1,SSP5_8_5,AM_85,experiment1
2,13.9700194112312,1,83,14.3001819028155,2.5,2.5,TRUE,TRUE,1,SSP5_8_5,AM_85,experiment1
5,15.0960038006605,1,83,14.3001819028155,2.5,2.5,TRUE,TRUE,1,SSP5_8_5,AM_85,experiment1
2,11.2720138509799,1,83,14.3001819028155,2.5,2.5,TRUE,TRUE,1,SSP5_8_5,AM_85,experiment1
4,13.9363446345787,1,83,14.3001819028155,2.5,2.5,TRUE,TRUE,1,SSP5_8_5,AM_85,experiment1
1,0.95,1,83,14.3001819028155,2.5,2.5,TRUE,TRUE,1,SSP5_8_5,AM_85,experiment1
1,13.3515028421041,1,83,14.3001819028155,2.5,2.5,TRUE,TRUE,1,SSP5_8_5,AM_85,experiment1
3,13.3858817895275,1,83,14.3001819028155,2.5,2.5,TRUE,TRUE,1,SSP5_8_5,AM_85,experiment1
3,14.0319126485726,1,83,14.3001819028155,2.5,2.5,TRUE,TRUE,1,SSP5_8_5,AM_85,experiment1
5,13.9145583703104,1,83,14.3001819028155,2.5,2.5,TRUE,TRUE,1,SSP5_8_5,AM_85,experiment1
2,12.7333681861716,1,83,14.3001819028155,2.5,2.5,TRUE,TRUE,1,SSP5_8_5,AM_85,experiment1
1,12.2434633078056,1,83,14.3001819028155,2.5,2.5,TRUE,TRUE,1,SSP5_8_5,AM_85,experiment1
3,12.7479655186171,1,83,14.3001819028155,2.5,2.5,TRUE,TRUE,1,SSP5_8_5,AM_85,experiment1
2,12.6465147423038,1,83,14.3001819028155,2.5,2.5,TRUE,TRUE,1,SSP5_8_5,AM_85,experiment1
6,12.8016979317803,1,83,14.3001819028155,2.5,2.5,TRUE,TRUE,1,SSP5_8_5,AM_85,experiment1
3,11.506148714008,1,83,14.3001819028155,2.5,2.5,TRUE,TRUE,1,SSP5_8_5,AM_85,experiment1
3,6.47329297720406,1,83,14.3001819028155,2.5,2.5,TRUE,TRUE,1,SSP5_8_5,AM_85,experiment1
5,13.5235122735384,1,83,14.3001819028155,2.5,2.5,TRUE,TRUE,1,SSP5_8_5,AM_85,experiment1
6,12.87592102849,1,83,14.3001819028155,2.5,2.5,TRUE,TRUE,1,SSP5_8_5,AM_85,experiment1
3,12.9649949578111,1,83,14.3001819028155,2.5,2.5,TRUE,TRUE,1,SSP5_8_5,AM_85,experiment1
3,12.3730886482985,1,83,14.3001819028155,2.5,2.5,TRUE,TRUE,1,SSP5_8_5,AM_85,experiment1
4,14.888033553111,1,83,14.3001819028155,2.5,2.5,TRUE,TRUE,1,SSP5_8_5,AM_85,experiment1
4,13.884699119268,1,83,14.3001819028155,2.5,2.5,TRUE,TRUE,1,SSP5_8_5,AM_85,experiment1
3,9.54452745419584,1,83,14.3001819028155,2.5,2.5,TRUE,TRUE,1,SSP5_8_5,AM_85,experiment1
4,15.0516031264879,1,83,14.3001819028155,2.5,2.5,TRUE,TRUE,1,SSP5_8_5,AM_85,experiment1
2,12.0841196533623,1,83,14.3001819028155,2.5,2.5,TRUE,TRUE,1,SSP5_8_5,AM_85,experiment1
3,12.9034565597509,1,83,14.3001819028155,2.5,2.5,TRUE,TRUE,1,SSP5_8_5,AM_85,experiment1
6,11.5762191409543,1,83,14.3001819028155,2.5,2.5,TRUE,TRUE,1,SSP5_8_5,AM_85,experiment1
5,14.4839621349707,1,83,14.3001819028155,2.5,2.5,TRUE,TRUE,1,SSP5_8_5,AM_85,experiment1
1,13.4427133199375,1,83,14.3001819028155,2.5,2.5,TRUE,TRUE,1,SSP5_8_5,AM_85,experiment1
2,14.5163916535851,1,83,14.3001819028155,2.5,2.5,TRUE,TRUE,1,SSP5_8_5,AM_85,experiment1
4,11.3102146480101,1,83,14.3001819028155,2.5,2.5,TRUE,TRUE,1,SSP5_8_5,AM_85,experiment1
3,13.1842382102055,1,83,14.3001819028155,2.5,2.5,TRUE,TRUE,1,SSP5_8_5,AM_85,experiment1
3,14.9166543145466,1,83,14.3001819028155,2.5,2.5,TRUE,TRUE,1,SSP5_8_5,AM_85,experiment1
6,14.0366813525621,1,83,14.3001819028155,2.5,2.5,TRUE,TRUE,1,SSP5_8_5,AM_85,experiment1
2,12.5412665712361,1,83,14.3001819028155,2.5,2.5,TRUE,TRUE,1,SSP5_8_5,AM_85,experiment1
1,6.22976163939471,1,83,14.3001819028155,2.5,2.5,TRUE,TRUE,1,SSP5_8_5,AM_85,experiment1
5,14.7034318090158,1,83,14.3001819028155,2.5,2.5,TRUE,TRUE,1,SSP5_8_5,AM_85,experiment1
1,14.7496628573929,1,83,14.3001819028155,2.5,2.5,TRUE,TRUE,1,SSP5_8_5,AM_85,experiment1
4,13.0932418132378,1,83,14.3001819028155,2.5,2.5,TRUE,TRUE,1,SSP5_8_5,AM_85,experiment1
1,13.1191340092025,1,83,14.3001819028155,2.5,2.5,TRUE,TRUE,1,SSP5_8_5,AM_85,experiment1
1,10.3604897827144,1,83,14.3001819028155,2.5,2.5,TRUE,TRUE,1,SSP5_8_5,AM_85,experiment1
5,13.5054143656138,1,83,14.3001819028155,2.5,2.5,TRUE,TRUE,1,SSP5_8_5,AM_85,experiment1
3,13.4414709139413,1,83,14.3001819028155,2.5,2.5,TRUE,TRUE,1,SSP5_8_5,AM_85,experiment1
1,6.06674214476734,1,83,14.3001819028155,2.5,2.5,TRUE,TRUE,1,SSP5_8_5,AM_85,experiment1
7,14.027630164166,1,83,14.3001819028155,2.5,2.5,TRUE,TRUE,1,SSP5_8_5,AM_85,experiment1
1,3.490937984375,1,83,14.3001819028155,2.5,2.5,TRUE,TRUE,1,SSP5_8_5,AM_85,experiment1
3,11.5701304002267,1,83,14.3001819028155,2.5,2.5,TRUE,TRUE,1,SSP5_8_5,AM_85,experiment1
4,11.8607451389109,1,83,14.3001819028155,2.5,2.5,TRUE,TRUE,1,SSP5_8_5,AM_85,experiment1
2,12.0386185114549,1,83,14.3001819028155,2.5,2.5,TRUE,TRUE,1,SSP5_8_5,AM_85,experiment1
5,15.0354643147269,1,83,14.3001819028155,2.5,2.5,TRUE,TRUE,1,SSP5_8_5,AM_85,experiment1
3,12.9854493394597,1,83,14.3001819028155,2.5,2.5,TRUE,TRUE,1,SSP5_8_5,AM_85,experiment1
3,11.1900652115073,1,83,14.3001819028155,2.5,2.5,TRUE,TRUE,1,SSP5_8_5,AM_85,experiment1
3,12.9217075989351,1,83,14.3001819028155,2.5,2.5,TRUE,TRUE,1,SSP5_8_5,AM_85,experiment1
4,15.5939805392283,1,83,14.3001819028155,2.5,2.5,TRUE,TRUE,1,SSP5_8_5,AM_85,experiment1
7,12.322826362836,1,83,14.3001819028155,2.5,2.5,TRUE,TRUE,1,SSP5_8_5,AM_85,experiment1
1,14.3504767186563,1,83,14.3001819028155,2.5,2.5,TRUE,TRUE,1,SSP5_8_5,AM_85,experiment1
2,13.5794353500114,1,83,14.3001819028155,2.5,2.5,TRUE,TRUE,1,SSP5_8_5,AM_85,experiment1
3,12.8594444991489,1,83,14.3001819028155,2.5,2.5,TRUE,TRUE,1,SSP5_8_5,AM_85,experiment1
2,12.2709666780461,1,83,14.3001819028155,2.5,2.5,TRUE,TRUE,1,SSP5_8_5,AM_85,experiment1
3,14.2062927578655,1,83,14.3001819028155,2.5,2.5,TRUE,TRUE,1,SSP5_8_5,AM_85,experiment1
4,11.4352510025305,1,83,14.3001819028155,2.5,2.5,TRUE,TRUE,1,SSP5_8_5,AM_85,experiment1
2,14.0138081106057,1,83,14.3001819028155,2.5,2.5,TRUE,TRUE,1,SSP5_8_5,AM_85,experiment1
2,14.3684102846285,1,83,14.3001819028155,2.5,2.5,TRUE,TRUE,1,SSP5_8_5,AM_85,experiment1
3,12.6566547342795,1,83,14.3001819028155,2.5,2.5,TRUE,TRUE,1,SSP5_8_5,AM_85,experiment1
6,10.7553119138994,1,83,14.3001819028155,2.5,2.5,TRUE,TRUE,1,SSP5_8_5,AM_85,experiment1
3,12.4982617323666,1,83,14.3001819028155,2.5,2.5,TRUE,TRUE,1,SSP5_8_5,AM_85,experiment1
3,13.1590384670092,1,83,14.3001819028155,2.5,2.5,TRUE,TRUE,1,SSP5_8_5,AM_85,experiment1
3,13.3916612382195,1,83,14.3001819028155,2.5,2.5,TRUE,TRUE,1,SSP5_8_5,AM_85,experiment1
4,11.49458537249,1,83,14.3001819028155,2.5,2.5,TRUE,TRUE,1,SSP5_8_5,AM_85,experiment1
6,14.0966294275648,1,83,14.3001819028155,2.5,2.5,TRUE,TRUE,1,SSP5_8_5,AM_85,experiment1
3,12.5371070902817,1,83,14.3001819028155,2.5,2.5,TRUE,TRUE,1,SSP5_8_5,AM_85,experiment1
4,14.1443414316059,1,83,14.3001819028155,2.5,2.5,TRUE,TRUE,1,SSP5_8_5,AM_85,experiment1
5,13.7653475792869,1,83,14.3001819028155,2.5,2.5,TRUE,TRUE,1,SSP5_8_5,AM_85,experiment1
4,12.3193927496007,1,83,14.3001819028155,2.5,2.5,TRUE,TRUE,1,SSP5_8_5,AM_85,experiment1
5,12.1832999330937,1,83,14.3001819028155,2.5,2.5,TRUE,TRUE,1,SSP5_8_5,AM_85,experiment1
3,15.0199252643624,1,83,14.3001819028155,2.5,2.5,TRUE,TRUE,1,SSP5_8_5,AM_85,experiment1
4,14.2143144919959,1,83,14.3001819028155,2.5,2.5,TRUE,TRUE,1,SSP5_8_5,AM_85,experiment1
4,12.3582394321674,1,83,14.3001819028155,2.5,2.5,TRUE,TRUE,1,SSP5_8_5,AM_85,experiment1
5,13.3259032303481,1,83,14.3001819028155,2.5,2.5,TRUE,TRUE,1,SSP5_8_5,AM_85,experiment1
1,0.95,1,83,14.3001819028155,2.5,2.5,TRUE,TRUE,1,SSP5_8_5,AM_85,experiment1
2,12.5055001804968,1,83,14.3001819028155,2.5,2.5,TRUE,TRUE,1,SSP5_8_5,AM_85,experiment1
3,14.4364156754819,1,83,14.3001819028155,2.5,2.5,TRUE,TRUE,1,SSP5_8_5,AM_85,experiment1
3,12.6886625224053,1,83,14.3001819028155,2.5,2.5,TRUE,TRUE,1,SSP5_8_5,AM_85,experiment1
3,12.9863191985376,1,83,14.3001819028155,2.5,2.5,TRUE,TRUE,1,SSP5_8_5,AM_85,experiment1
2,14.8222376694487,1,83,14.3001819028155,2.5,2.5,TRUE,TRUE,1,SSP5_8_5,AM_85,experiment1
4,14.037139547356,1,83,14.3001819028155,2.5,2.5,TRUE,TRUE,1,SSP5_8_5,AM_85,experiment1
2,14.0561487504326,1,83,14.3001819028155,2.5,2.5,TRUE,TRUE,1,SSP5_8_5,AM_85,experiment1
1,13.7983965071527,1,83,14.3001819028155,2.5,2.5,TRUE,TRUE,1,SSP5_8_5,AM_85,experiment1
3,5.51905789457645,1,83,14.3001819028155,2.5,2.5,TRUE,TRUE,1,SSP5_8_5,AM_85,experiment1
3,14.4035586198205,1,83,14.3001819028155,2.5,2.5,TRUE,TRUE,1,SSP5_8_5,AM_85,experiment1
2,12.6913188984331,1,83,14.3001819028155,2.5,2.5,TRUE,TRUE,1,SSP5_8_5,AM_85,experiment1
2,12.471846754156,1,83,14.3001819028155,2.5,2.5,TRUE,TRUE,1,SSP5_8_5,AM_85,experiment1
2,14.4299128578304,1,83,14.3001819028155,2.5,2.5,TRUE,TRUE,1,SSP5_8_5,AM_85,experiment1
4,11.0478964981465,1,83,14.3001819028155,2.5,2.5,TRUE,TRUE,1,SSP5_8_5,AM_85,experiment1
4,13.6059783327035,1,83,14.3001819028155,2.5,2.5,TRUE,TRUE,1,SSP5_8_5,AM_85,experiment1
1,2.62188125,1,83,14.3001819028155,2.5,2.5,TRUE,TRUE,1,SSP5_8_5,AM_85,experiment1
4,10.4160783221859,1,83,14.3001819028155,2.5,2.5,TRUE,TRUE,1,SSP5_8_5,AM_85,experiment1
1,14.2127593906826,1,83,14.3001819028155,2.5,2.5,TRUE,TRUE,1,SSP5_8_5,AM_85,experiment1
2,13.1092386596274,1,83,14.3001819028155,2.5,2.5,TRUE,TRUE,1,SSP5_8_5,AM_85,experiment1
5,12.893123353838,1,83,14.3001819028155,2.5,2.5,TRUE,TRUE,1,SSP5_8_5,AM_85,experiment1
4,14.0698183659963,1,83,14.3001819028155,2.5,2.5,TRUE,TRUE,1,SSP5_8_5,AM_85,experiment1
3,10.5081812805416,1,83,14.3001819028155,2.5,2.5,TRUE,TRUE,1,SSP5_8_5,AM_85,experiment1
3,14.9284736403671,1,83,14.3001819028155,2.5,2.5,TRUE,TRUE,1,SSP5_8_5,AM_85,experiment1
2,13.9658176757597,1,83,14.3001819028155,2.5,2.5,TRUE,TRUE,1,SSP5_8_5,AM_85,experiment1
5,13.7700789661223,1,83,14.3001819028155,2.5,2.5,TRUE,TRUE,1,SSP5_8_5,AM_85,experiment1
2,9.55317474891782,1,83,14.3001819028155,2.5,2.5,TRUE,TRUE,1,SSP5_8_5,AM_85,experiment1
3,15.3692533863845,1,83,14.3001819028155,2.5,2.5,TRUE,TRUE,1,SSP5_8_5,AM_85,experiment1
2,12.787213811527,1,83,14.3001819028155,2.5,2.5,TRUE,TRUE,1,SSP5_8_5,AM_85,experiment1
9,14.3507734435516,1,83,14.3001819028155,2.5,2.5,TRUE,TRUE,1,SSP5_8_5,AM_85,experiment1
4,12.9675607381819,1,83,14.3001819028155,2.5,2.5,TRUE,TRUE,1,SSP5_8_5,AM_85,experiment1
1,12.3995105835254,1,83,14.3001819028155,2.5,2.5,TRUE,TRUE,1,SSP5_8_5,AM_85,experiment1
3,12.7349328273578,1,83,14.3001819028155,2.5,2.5,TRUE,TRUE,1,SSP5_8_5,AM_85,experiment1
2,14.1643123214983,1,83,14.3001819028155,2.5,2.5,TRUE,TRUE,1,SSP5_8_5,AM_85,experiment1
3,14.2521621292101,1,83,14.3001819028155,2.5,2.5,TRUE,TRUE,1,SSP5_8_5,AM_85,experiment1
3,14.2281539514572,1,83,14.3001819028155,2.5,2.5,TRUE,TRUE,1,SSP5_8_5,AM_85,experiment1
2,14.2741982209554,1,83,14.3001819028155,2.5,2.5,TRUE,TRUE,1,SSP5_8_5,AM_85,experiment1
5,14.8050500859099,1,83,14.3001819028155,2.5,2.5,TRUE,TRUE,1,SSP5_8_5,AM_85,experiment1
4,13.506263601362,1,83,14.3001819028155,2.5,2.5,TRUE,TRUE,1,SSP5_8_5,AM_85,experiment1
3,14.3295642348367,1,83,14.3001819028155,2.5,2.5,TRUE,TRUE,1,SSP5_8_5,AM_85,experiment1
3,14.0046584665558,1,83,14.3001819028155,2.5,2.5,TRUE,TRUE,1,SSP5_8_5,AM_85,experiment1
2,14.0008787833019,1,83,14.3001819028155,2.5,2.5,TRUE,TRUE,1,SSP5_8_5,AM_85,experiment1
6,14.1355027255654,1,83,14.3001819028155,2.5,2.5,TRUE,TRUE,1,SSP5_8_5,AM_85,experiment1
5,14.6253994361524,1,83,14.3001819028155,2.5,2.5,TRUE,TRUE,1,SSP5_8_5,AM_85,experiment1
3,12.6447488482598,1,83,14.3001819028155,2.5,2.5,TRUE,TRUE,1,SSP5_8_5,AM_85,experiment1
3,12.9348545851763,1,83,14.3001819028155,2.5,2.5,TRUE,TRUE,1,SSP5_8_5,AM_85,experiment1
5,13.3026011382106,1,83,14.3001819028155,2.5,2.5,TRUE,TRUE,1,SSP5_8_5,AM_85,experiment1
5,14.0148018235761,1,83,14.3001819028155,2.5,2.5,TRUE,TRUE,1,SSP5_8_5,AM_85,experiment1
7,13.6531671611376,1,83,14.3001819028155,2.5,2.5,TRUE,TRUE,1,SSP5_8_5,AM_85,experiment1
2,13.506950301994,1,83,14.3001819028155,2.5,2.5,TRUE,TRUE,1,SSP5_8_5,AM_85,experiment1
4,11.6240725807179,1,83,14.3001819028155,2.5,2.5,TRUE,TRUE,1,SSP5_8_5,AM_85,experiment1
4,13.0824420902658,1,83,14.3001819028155,2.5,2.5,TRUE,TRUE,1,SSP5_8_5,AM_85,experiment1
3,11.8471803890188,1,83,14.3001819028155,2.5,2.5,TRUE,TRUE,1,SSP5_8_5,AM_85,experiment1
7,10.3983760079085,1,83,14.3001819028155,2.5,2.5,TRUE,TRUE,1,SSP5_8_5,AM_85,experiment1
1,12.309154059536,1,83,14.3001819028155,2.5,2.5,TRUE,TRUE,1,SSP5_8_5,AM_85,experiment1
4,12.1191762615857,1,83,14.3001819028155,2.5,2.5,TRUE,TRUE,1,SSP5_8_5,AM_85,experiment1
5,12.5714873691353,1,83,14.3001819028155,2.5,2.5,TRUE,TRUE,1,SSP5_8_5,AM_85,experiment1
3,13.8570324699295,1,83,14.3001819028155,2.5,2.5,TRUE,TRUE,1,SSP5_8_5,AM_85,experiment1
3,12.6470340119427,1,83,14.3001819028155,2.5,2.5,TRUE,TRUE,1,SSP5_8_5,AM_85,experiment1
2,13.4244035781607,1,83,14.3001819028155,2.5,2.5,TRUE,TRUE,1,SSP5_8_5,AM_85,experiment1
3,13.3603626973091,1,83,14.3001819028155,2.5,2.5,TRUE,TRUE,1,SSP5_8_5,AM_85,experiment1
2,14.128286826855,1,83,14.3001819028155,2.5,2.5,TRUE,TRUE,1,SSP5_8_5,AM_85,experiment1
4,13.205970529484,1,83,14.3001819028155,2.5,2.5,TRUE,TRUE,1,SSP5_8_5,AM_85,experiment1
3,11.970314280996,1,83,14.3001819028155,2.5,2.5,TRUE,TRUE,1,SSP5_8_5,AM_85,experiment1
1,5.54146795819726,1,83,14.3001819028155,2.5,2.5,TRUE,TRUE,1,SSP5_8_5,AM_85,experiment1
6,13.6031973755509,1,83,14.3001819028155,2.5,2.5,TRUE,TRUE,1,SSP5_8_5,AM_85,experiment1
6,13.8433304322133,1,83,14.3001819028155,2.5,2.5,TRUE,TRUE,1,SSP5_8_5,AM_85,experiment1
4,12.7438129879546,1,83,14.3001819028155,2.5,2.5,TRUE,TRUE,1,SSP5_8_5,AM_85,experiment1
2,14.3111705032144,1,83,14.3001819028155,2.5,2.5,TRUE,TRUE,1,SSP5_8_5,AM_85,experiment1
3,15.6371956745213,1,83,14.3001819028155,2.5,2.5,TRUE,TRUE,1,SSP5_8_5,AM_85,experiment1
10,15.0826184151894,1,83,14.3001819028155,2.5,2.5,TRUE,TRUE,1,SSP5_8_5,AM_85,experiment1
3,13.8909119818456,1,83,14.3001819028155,2.5,2.5,TRUE,TRUE,1,SSP5_8_5,AM_85,experiment1
2,13.0151270521566,1,83,14.3001819028155,2.5,2.5,TRUE,TRUE,1,SSP5_8_5,AM_85,experiment1
2,14.0884513406614,1,83,14.3001819028155,2.5,2.5,TRUE,TRUE,1,SSP5_8_5,AM_85,experiment1
3,13.2424037482365,1,83,14.3001819028155,2.5,2.5,TRUE,TRUE,1,SSP5_8_5,AM_85,experiment1
3,13.9504499574678,1,83,14.3001819028155,2.5,2.5,TRUE,TRUE,1,SSP5_8_5,AM_85,experiment1
5,10.335028103023,1,83,14.3001819028155,2.5,2.5,TRUE,TRUE,1,SSP5_8_5,AM_85,experiment1
3,11.462023387401,1,83,14.3001819028155,2.5,2.5,TRUE,TRUE,1,SSP5_8_5,AM_85,experiment1
1,13.2481944255858,1,83,14.3001819028155,2.5,2.5,TRUE,TRUE,1,SSP5_8_5,AM_85,experiment1
5,15.5539407430453,1,83,14.3001819028155,2.5,2.5,TRUE,TRUE,1,SSP5_8_5,AM_85,experiment1
3,13.6574346676016,1,83,14.3001819028155,2.5,2.5,TRUE,TRUE,1,SSP5_8_5,AM_85,experiment1
3,12.4476672395516,1,83,14.3001819028155,2.5,2.5,TRUE,TRUE,1,SSP5_8_5,AM_85,experiment1
2,13.5433898884436,1,83,14.3001819028155,2.5,2.5,TRUE,TRUE,1,SSP5_8_5,AM_85,experiment1
2,9.89519473995045,1,83,14.3001819028155,2.5,2.5,TRUE,TRUE,1,SSP5_8_5,AM_85,experiment1
2,11.7364493339317,1,83,14.3001819028155,2.5,2.5,TRUE,TRUE,1,SSP5_8_5,AM_85,experiment1
2,12.4465692709023,1,83,14.3001819028155,2.5,2.5,TRUE,TRUE,1,SSP5_8_5,AM_85,experiment1
4,13.2694831626464,1,83,14.3001819028155,2.5,2.5,TRUE,TRUE,1,SSP5_8_5,AM_85,experiment1
6,11.5456472316764,1,83,14.3001819028155,2.5,2.5,TRUE,TRUE,1,SSP5_8_5,AM_85,experiment1
5,13.7465101893508,1,83,14.3001819028155,2.5,2.5,TRUE,TRUE,1,SSP5_8_5,AM_85,experiment1
6,14.3571055877157,1,83,14.3001819028155,2.5,2.5,TRUE,TRUE,1,SSP5_8_5,AM_85,experiment1
3,13.5431407929403,1,83,14.3001819028155,2.5,2.5,TRUE,TRUE,1,SSP5_8_5,AM_85,experiment1
2,12.3242918362083,1,83,14.3001819028155,2.5,2.5,TRUE,TRUE,1,SSP5_8_5,AM_85,experiment1
2,13.5592098833658,1,83,14.3001819028155,2.5,2.5,TRUE,TRUE,1,SSP5_8_5,AM_85,experiment1
6,13.0200919328349,1,83,14.3001819028155,2.5,2.5,TRUE,TRUE,1,SSP5_8_5,AM_85,experiment1
4,14.6469639468011,1,83,14.3001819028155,2.5,2.5,TRUE,TRUE,1,SSP5_8_5,AM_85,experiment1
1,11.3742251087231,1,83,14.3001819028155,2.5,2.5,TRUE,TRUE,1,SSP5_8_5,AM_85,experiment1
3,13.1901638673315,1,83,14.3001819028155,2.5,2.5,TRUE,TRUE,1,SSP5_8_5,AM_85,experiment1
5,14.5531248270583,1,83,14.3001819028155,2.5,2.5,TRUE,TRUE,1,SSP5_8_5,AM_85,experiment1
1,14.1809147561289,1,83,14.3001819028155,2.5,2.5,TRUE,TRUE,1,SSP5_8_5,AM_85,experiment1
3,13.9708864190435,1,83,14.3001819028155,2.5,2.5,TRUE,TRUE,1,SSP5_8_5,AM_85,experiment1
2,13.4199855062949,1,83,14.3001819028155,2.5,2.5,TRUE,TRUE,1,SSP5_8_5,AM_85,experiment1
2,13.9361661861183,1,83,14.3001819028155,2.5,2.5,TRUE,TRUE,1,SSP5_8_5,AM_85,experiment1
4,13.3995758926535,1,83,14.3001819028155,2.5,2.5,TRUE,TRUE,1,SSP5_8_5,AM_85,experiment1
5,15.2911578964335,1,83,14.3001819028155,2.5,2.5,TRUE,TRUE,1,SSP5_8_5,AM_85,experiment1
6,11.0854601884617,1,83,14.3001819028155,2.5,2.5,TRUE,TRUE,1,SSP5_8_5,AM_85,experiment1
3,13.8443995013653,1,83,14.3001819028155,2.5,2.5,TRUE,TRUE,1,SSP5_8_5,AM_85,experiment1
5,12.5492917469545,1,83,14.3001819028155,2.5,2.5,TRUE,TRUE,1,SSP5_8_5,AM_85,experiment1
3,13.5657280069909,1,83,14.3001819028155,2.5,2.5,TRUE,TRUE,1,SSP5_8_5,AM_85,experiment1
2,13.5288350627295,1,83,14.3001819028155,2.5,2.5,TRUE,TRUE,1,SSP5_8_5,AM_85,experiment1
2,11.6886148191796,1,83,14.3001819028155,2.5,2.5,TRUE,TRUE,1,SSP5_8_5,AM_85,experiment1
2,13.8001950043768,1,83,14.3001819028155,2.5,2.5,TRUE,TRUE,1,SSP5_8_5,AM_85,experiment1
3,14.738062944111,1,83,14.3001819028155,2.5,2.5,TRUE,TRUE,1,SSP5_8_5,AM_85,experiment1
2,10.2131898170974,1,83,14.3001819028155,2.5,2.5,TRUE,TRUE,1,SSP5_8_5,AM_85,experiment1
2,15.2246635917359,1,83,14.3001819028155,2.5,2.5,TRUE,TRUE,1,SSP5_8_5,AM_85,experiment1
3,12.1626245839705,1,83,14.3001819028155,2.5,2.5,TRUE,TRUE,1,SSP5_8_5,AM_85,experiment1
1,2.7178846875,1,83,14.3001819028155,2.5,2.5,TRUE,TRUE,1,SSP5_8_5,AM_85,experiment1
4,14.2666398188986,1,83,14.3001819028155,2.5,2.5,TRUE,TRUE,1,SSP5_8_5,AM_85,experiment1
3,14.4674106979744,1,83,14.3001819028155,2.5,2.5,TRUE,TRUE,1,SSP5_8_5,AM_85,experiment1
2,11.0694204226178,1,83,14.3001819028155,2.5,2.5,TRUE,TRUE,1,SSP5_8_5,AM_85,experiment1
4,12.6083064200999,1,83,14.3001819028155,2.5,2.5,TRUE,TRUE,1,SSP5_8_5,AM_85,experiment1
2,13.6736827101604,1,83,14.3001819028155,2.5,2.5,TRUE,TRUE,1,SSP5_8_5,AM_85,experiment1
4,12.0481101437782,1,83,14.3001819028155,2.5,2.5,TRUE,TRUE,1,SSP5_8_5,AM_85,experiment1
5,11.4226993413469,1,83,14.3001819028155,2.5,2.5,TRUE,TRUE,1,SSP5_8_5,AM_85,experiment1
3,13.0180726216756,1,83,14.3001819028155,2.5,2.5,TRUE,TRUE,1,SSP5_8_5,AM_85,experiment1
3,13.3664292711846,1,83,14.3001819028155,2.5,2.5,TRUE,TRUE,1,SSP5_8_5,AM_85,experiment1
2,13.399770691336,1,83,14.3001819028155,2.5,2.5,TRUE,TRUE,1,SSP5_8_5,AM_85,experiment1
6,14.2667850453083,1,83,14.3001819028155,2.5,2.5,TRUE,TRUE,1,SSP5_8_5,AM_85,experiment1
6,13.0879929506537,1,83,14.3001819028155,2.5,2.5,TRUE,TRUE,1,SSP5_8_5,AM_85,experiment1
3,10.6975406879994,1,83,14.3001819028155,2.5,2.5,TRUE,TRUE,1,SSP5_8_5,AM_85,experiment1
3,12.7702736814102,1,83,14.3001819028155,2.5,2.5,TRUE,TRUE,1,SSP5_8_5,AM_85,experiment1
4,12.4262626549231,1,83,14.3001819028155,2.5,2.5,TRUE,TRUE,1,SSP5_8_5,AM_85,experiment1
5,15.2583017722752,1,83,14.3001819028155,2.5,2.5,TRUE,TRUE,1,SSP5_8_5,AM_85,experiment1
3,13.9251462460996,1,83,14.3001819028155,2.5,2.5,TRUE,TRUE,1,SSP5_8_5,AM_85,experiment1
2,12.5761863299763,1,83,14.3001819028155,2.5,2.5,TRUE,TRUE,1,SSP5_8_5,AM_85,experiment1
2,12.5084227883952,1,83,14.3001819028155,2.5,2.5,TRUE,TRUE,1,SSP5_8_5,AM_85,experiment1
2,12.0933501287282,1,83,14.3001819028155,2.5,2.5,TRUE,TRUE,1,SSP5_8_5,AM_85,experiment1
4,12.2114867645311,1,83,14.3001819028155,2.5,2.5,TRUE,TRUE,1,SSP5_8_5,AM_85,experiment1
1,12.7636564767677,1,83,14.3001819028155,2.5,2.5,TRUE,TRUE,1,SSP5_8_5,AM_85,experiment1
3,14.5843178815126,1,83,14.3001819028155,2.5,2.5,TRUE,TRUE,1,SSP5_8_5,AM_85,experiment1
3,13.6833783744737,1,83,14.3001819028155,2.5,2.5,TRUE,TRUE,1,SSP5_8_5,AM_85,experiment1
6,12.8065387841894,1,83,14.3001819028155,2.5,2.5,TRUE,TRUE,1,SSP5_8_5,AM_85,experiment1
6,14.3085172779236,1,83,14.3001819028155,2.5,2.5,TRUE,TRUE,1,SSP5_8_5,AM_85,experiment1
3,13.9838809343411,1,83,14.3001819028155,2.5,2.5,TRUE,TRUE,1,SSP5_8_5,AM_85,experiment1
2,13.7928155805133,1,83,14.3001819028155,2.5,2.5,TRUE,TRUE,1,SSP5_8_5,AM_85,experiment1
3,14.6767949560061,1,83,14.3001819028155,2.5,2.5,TRUE,TRUE,1,SSP5_8_5,AM_85,experiment1
2,14.2162470492454,1,83,14.3001819028155,2.5,2.5,TRUE,TRUE,1,SSP5_8_5,AM_85,experiment1
4,14.4411623208378,1,83,14.3001819028155,2.5,2.5,TRUE,TRUE,1,SSP5_8_5,AM_85,experiment1
3,12.4382033441507,1,83,14.3001819028155,2.5,2.5,TRUE,TRUE,1,SSP5_8_5,AM_85,experiment1
3,12.8632555542246,1,83,14.3001819028155,2.5,2.5,TRUE,TRUE,1,SSP5_8_5,AM_85,experiment1
3,13.5191347825213,1,83,14.3001819028155,2.5,2.5,TRUE,TRUE,1,SSP5_8_5,AM_85,experiment1
2,12.9243775200527,1,83,14.3001819028155,2.5,2.5,TRUE,TRUE,1,SSP5_8_5,AM_85,experiment1
4,14.5443956193838,1,83,14.3001819028155,2.5,2.5,TRUE,TRUE,1,SSP5_8_5,AM_85,experiment1
2,14.0868551509377,1,83,14.3001819028155,2.5,2.5,TRUE,TRUE,1,SSP5_8_5,AM_85,experiment1
3,14.0372458709438,1,83,14.3001819028155,2.5,2.5,TRUE,TRUE,1,SSP5_8_5,AM_85,experiment1
2,13.5566558474095,1,83,14.3001819028155,2.5,2.5,TRUE,TRUE,1,SSP5_8_5,AM_85,experiment1
1,12.7785044860935,1,83,14.3001819028155,2.5,2.5,TRUE,TRUE,1,SSP5_8_5,AM_85,experiment1
4,11.7464987665803,1,83,14.3001819028155,2.5,2.5,TRUE,TRUE,1,SSP5_8_5,AM_85,experiment1
3,11.9025930223769,1,83,14.3001819028155,2.5,2.5,TRUE,TRUE,1,SSP5_8_5,AM_85,experiment1
2,14.2349631725761,1,83,14.3001819028155,2.5,2.5,TRUE,TRUE,1,SSP5_8_5,AM_85,experiment1
2,12.3911751043983,1,83,14.3001819028155,2.5,2.5,TRUE,TRUE,1,SSP5_8_5,AM_85,experiment1
5,12.013871174932,1,83,14.3001819028155,2.5,2.5,TRUE,TRUE,1,SSP5_8_5,AM_85,experiment1
3,13.6907127600601,1,83,14.3001819028155,2.5,2.5,TRUE,TRUE,1,SSP5_8_5,AM_85,experiment1
4,14.0596565292149,1,83,14.3001819028155,2.5,2.5,TRUE,TRUE,1,SSP5_8_5,AM_85,experiment1
1,10.5389432137881,1,83,14.3001819028155,2.5,2.5,TRUE,TRUE,1,SSP5_8_5,AM_85,experiment1
2,12.5168126788767,1,83,14.3001819028155,2.5,2.5,TRUE,TRUE,1,SSP5_8_5,AM_85,experiment1
8,13.1581384313996,1,83,14.3001819028155,2.5,2.5,TRUE,TRUE,1,SSP5_8_5,AM_85,experiment1
6,13.0166153553825,1,83,14.3001819028155,2.5,2.5,TRUE,TRUE,1,SSP5_8_5,AM_85,experiment1
3,12.7727269729315,1,83,14.3001819028155,2.5,2.5,TRUE,TRUE,1,SSP5_8_5,AM_85,experiment1
3,14.8118322926573,1,83,14.3001819028155,2.5,2.5,TRUE,TRUE,1,SSP5_8_5,AM_85,experiment1
2,9.67779698455176,1,83,14.3001819028155,2.5,2.5,TRUE,TRUE,1,SSP5_8_5,AM_85,experiment1
2,12.3144255940246,1,83,14.3001819028155,2.5,2.5,TRUE,TRUE,1,SSP5_8_5,AM_85,experiment1
2,10.5635118822316,1,83,14.3001819028155,2.5,2.5,TRUE,TRUE,1,SSP5_8_5,AM_85,experiment1
3,10.7612509122478,1,83,14.3001819028155,2.5,2.5,TRUE,TRUE,1,SSP5_8_5,AM_85,experiment1
1,9.45878003434982,1,83,14.3001819028155,2.5,2.5,TRUE,TRUE,1,SSP5_8_5,AM_85,experiment1
9,12.000123556819,1,83,14.3001819028155,2.5,2.5,TRUE,TRUE,1,SSP5_8_5,AM_85,experiment1
3,11.9727287531107,1,83,14.3001819028155,2.5,2.5,TRUE,TRUE,1,SSP5_8_5,AM_85,experiment1
3,12.164952972423,1,83,14.3001819028155,2.5,2.5,TRUE,TRUE,1,SSP5_8_5,AM_85,experiment1
8,11.8764976470051,1,83,14.3001819028155,2.5,2.5,TRUE,TRUE,1,SSP5_8_5,AM_85,experiment1
2,11.99634472624,1,83,14.3001819028155,2.5,2.5,TRUE,TRUE,1,SSP5_8_5,AM_85,experiment1
3,14.2895596056958,1,83,14.3001819028155,2.5,2.5,TRUE,TRUE,1,SSP5_8_5,AM_85,experiment1
2,14.7313908081284,1,83,14.3001819028155,2.5,2.5,TRUE,TRUE,1,SSP5_8_5,AM_85,experiment1
1,12.5866888914332,1,83,14.3001819028155,2.5,2.5,TRUE,TRUE,1,SSP5_8_5,AM_85,experiment1
4,14.8492056701247,1,83,14.3001819028155,2.5,2.5,TRUE,TRUE,1,SSP5_8_5,AM_85,experiment1
6,11.7653911704318,1,83,14.3001819028155,2.5,2.5,TRUE,TRUE,1,SSP5_8_5,AM_85,experiment1
5,12.7053655522708,1,83,14.3001819028155,2.5,2.5,TRUE,TRUE,1,SSP5_8_5,AM_85,experiment1
1,13.1217097715526,1,83,14.3001819028155,2.5,2.5,TRUE,TRUE,1,SSP5_8_5,AM_85,experiment1
2,12.3485195032217,1,83,14.3001819028155,2.5,2.5,TRUE,TRUE,1,SSP5_8_5,AM_85,experiment1
4,13.9028176018241,1,83,14.3001819028155,2.5,2.5,TRUE,TRUE,1,SSP5_8_5,AM_85,experiment1
3,13.439481382675,1,83,14.3001819028155,2.5,2.5,TRUE,TRUE,1,SSP5_8_5,AM_85,experiment1
2,13.6761430138864,1,83,14.3001819028155,2.5,2.5,TRUE,TRUE,1,SSP5_8_5,AM_85,experiment1
3,10.8342856296862,1,83,14.3001819028155,2.5,2.5,TRUE,TRUE,1,SSP5_8_5,AM_85,experiment1
4,13.7635688467393,1,83,14.3001819028155,2.5,2.5,TRUE,TRUE,1,SSP5_8_5,AM_85,experiment1
2,11.7265475377475,1,83,14.3001819028155,2.5,2.5,TRUE,TRUE,1,SSP5_8_5,AM_85,experiment1
5,12.6234896310459,1,83,14.3001819028155,2.5,2.5,TRUE,TRUE,1,SSP5_8_5,AM_85,experiment1
2,12.5968739826748,1,83,14.3001819028155,2.5,2.5,TRUE,TRUE,1,SSP5_8_5,AM_85,experiment1
3,14.3829061405323,1,83,14.3001819028155,2.5,2.5,TRUE,TRUE,1,SSP5_8_5,AM_85,experiment1
1,10.5213783221101,1,83,14.3001819028155,2.5,2.5,TRUE,TRUE,1,SSP5_8_5,AM_85,experiment1
3,13.0784042315635,1,83,14.3001819028155,2.5,2.5,TRUE,TRUE,1,SSP5_8_5,AM_85,experiment1
6,13.4202612707423,1,83,14.3001819028155,2.5,2.5,TRUE,TRUE,1,SSP5_8_5,AM_85,experiment1
2,14.3920232756203,1,83,14.3001819028155,2.5,2.5,TRUE,TRUE,1,SSP5_8_5,AM_85,experiment1
2,14.4226470232847,1,83,14.3001819028155,2.5,2.5,TRUE,TRUE,1,SSP5_8_5,AM_85,experiment1
5,13.9198070912174,1,83,14.3001819028155,2.5,2.5,TRUE,TRUE,1,SSP5_8_5,AM_85,experiment1
4,15.4627576247471,1,83,14.3001819028155,2.5,2.5,TRUE,TRUE,1,SSP5_8_5,AM_85,experiment1
5,11.7460048468109,1,83,14.3001819028155,2.5,2.5,TRUE,TRUE,1,SSP5_8_5,AM_85,experiment1
2,9.94832951627865,1,83,14.3001819028155,2.5,2.5,TRUE,TRUE,1,SSP5_8_5,AM_85,experiment1
2,13.504877592867,1,83,14.3001819028155,2.5,2.5,TRUE,TRUE,1,SSP5_8_5,AM_85,experiment1
2,14.0656741528967,1,83,14.3001819028155,2.5,2.5,TRUE,TRUE,1,SSP5_8_5,AM_85,experiment1
2,12.1668623639379,1,83,14.3001819028155,2.5,2.5,TRUE,TRUE,1,SSP5_8_5,AM_85,experiment1
6,12.8998366341615,1,83,14.3001819028155,2.5,2.5,TRUE,TRUE,1,SSP5_8_5,AM_85,experiment1
1,12.5252452632452,1,83,14.3001819028155,2.5,2.5,TRUE,TRUE,1,SSP5_8_5,AM_85,experiment1
2,14.7221824878052,1,83,14.3001819028155,2.5,2.5,TRUE,TRUE,1,SSP5_8_5,AM_85,experiment1
2,13.3496842130442,1,83,14.3001819028155,2.5,2.5,TRUE,TRUE,1,SSP5_8_5,AM_85,experiment1
3,14.2676026427937,1,83,14.3001819028155,2.5,2.5,TRUE,TRUE,1,SSP5_8_5,AM_85,experiment1
2,14.0971942265281,1,83,14.3001819028155,2.5,2.5,TRUE,TRUE,1,SSP5_8_5,AM_85,experiment1
2,12.3819710228034,1,83,14.3001819028155,2.5,2.5,TRUE,TRUE,1,SSP5_8_5,AM_85,experiment1
2,14.6651615019482,1,83,14.3001819028155,2.5,2.5,TRUE,TRUE,1,SSP5_8_5,AM_85,experiment1
2,11.9715184806416,1,83,14.3001819028155,2.5,2.5,TRUE,TRUE,1,SSP5_8_5,AM_85,experiment1
1,4.52657911355469,1,83,14.3001819028155,2.5,2.5,TRUE,TRUE,1,SSP5_8_5,AM_85,experiment1
2,14.065329484285,1,83,14.3001819028155,2.5,2.5,TRUE,TRUE,1,SSP5_8_5,AM_85,experiment1
2,12.5350618147312,1,83,14.3001819028155,2.5,2.5,TRUE,TRUE,1,SSP5_8_5,AM_85,experiment1
1,12.2346763382035,1,83,14.3001819028155,2.5,2.5,TRUE,TRUE,1,SSP5_8_5,AM_85,experiment1
1,12.1266462195425,1,83,14.3001819028155,2.5,2.5,TRUE,TRUE,1,SSP5_8_5,AM_85,experiment1
1,9.69954554413099,1,83,14.3001819028155,2.5,2.5,TRUE,TRUE,1,SSP5_8_5,AM_85,experiment1
3,13.6702495832054,1,83,14.3001819028155,2.5,2.5,TRUE,TRUE,1,SSP5_8_5,AM_85,experiment1
2,12.5980406544934,1,83,14.3001819028155,2.5,2.5,TRUE,TRUE,1,SSP5_8_5,AM_85,experiment1
2,13.1796284543629,1,83,14.3001819028155,2.5,2.5,TRUE,TRUE,1,SSP5_8_5,AM_85,experiment1
2,14.488336977549,1,83,14.3001819028155,2.5,2.5,TRUE,TRUE,1,SSP5_8_5,AM_85,experiment1
7,6.41748293618169,1,83,14.3001819028155,2.5,2.5,TRUE,TRUE,1,SSP5_8_5,AM_85,experiment1
3,14.2006240828411,1,83,14.3001819028155,2.5,2.5,TRUE,TRUE,1,SSP5_8_5,AM_85,experiment1
3,11.0284923069735,1,83,14.3001819028155,2.5,2.5,TRUE,TRUE,1,SSP5_8_5,AM_85,experiment1
4,13.9755584126609,1,83,14.3001819028155,2.5,2.5,TRUE,TRUE,1,SSP5_8_5,AM_85,experiment1
3,13.4014200232592,1,83,14.3001819028155,2.5,2.5,TRUE,TRUE,1,SSP5_8_5,AM_85,experiment1
3,13.7384579955641,1,83,14.3001819028155,2.5,2.5,TRUE,TRUE,1,SSP5_8_5,AM_85,experiment1
2,14.7580563644239,1,83,14.3001819028155,2.5,2.5,TRUE,TRUE,1,SSP5_8_5,AM_85,experiment1
2,10.8471986842296,1,83,14.3001819028155,2.5,2.5,TRUE,TRUE,1,SSP5_8_5,AM_85,experiment1
3,11.8612187437173,1,83,14.3001819028155,2.5,2.5,TRUE,TRUE,1,SSP5_8_5,AM_85,experiment1
3,12.4047538035223,1,83,14.3001819028155,2.5,2.5,TRUE,TRUE,1,SSP5_8_5,AM_85,experiment1
3,11.9668375025287,1,83,14.3001819028155,2.5,2.5,TRUE,TRUE,1,SSP5_8_5,AM_85,experiment1
2,14.1857691191351,1,83,14.3001819028155,2.5,2.5,TRUE,TRUE,1,SSP5_8_5,AM_85,experiment1
5,12.3898921243563,1,83,14.3001819028155,2.5,2.5,TRUE,TRUE,1,SSP5_8_5,AM_85,experiment1
3,13.0953306749461,1,83,14.3001819028155,2.5,2.5,TRUE,TRUE,1,SSP5_8_5,AM_85,experiment1
2,13.8131914046712,1,83,14.3001819028155,2.5,2.5,TRUE,TRUE,1,SSP5_8_5,AM_85,experiment1
2,14.025251612143,1,83,14.3001819028155,2.5,2.5,TRUE,TRUE,1,SSP5_8_5,AM_85,experiment1
4,13.0900068890674,1,83,14.3001819028155,2.5,2.5,TRUE,TRUE,1,SSP5_8_5,AM_85,experiment1
2,13.318373124725,1,83,14.3001819028155,2.5,2.5,TRUE,TRUE,1,SSP5_8_5,AM_85,experiment1
2,13.6131678101278,1,83,14.3001819028155,2.5,2.5,TRUE,TRUE,1,SSP5_8_5,AM_85,experiment1
2,13.6064590713513,1,83,14.3001819028155,2.5,2.5,TRUE,TRUE,1,SSP5_8_5,AM_85,experiment1
3,10.397357412402,1,83,14.3001819028155,2.5,2.5,TRUE,TRUE,1,SSP5_8_5,AM_85,experiment1
3,13.4163386053036,1,83,14.3001819028155,2.5,2.5,TRUE,TRUE,1,SSP5_8_5,AM_85,experiment1
4,13.3367065723949,1,83,14.3001819028155,2.5,2.5,TRUE,TRUE,1,SSP5_8_5,AM_85,experiment1
6,14.1296693804029,1,83,14.3001819028155,2.5,2.5,TRUE,TRUE,1,SSP5_8_5,AM_85,experiment1
3,12.6920078938077,1,83,14.3001819028155,2.5,2.5,TRUE,TRUE,1,SSP5_8_5,AM_85,experiment1
1,14.0068543511725,1,83,14.3001819028155,2.5,2.5,TRUE,TRUE,1,SSP5_8_5,AM_85,experiment1
2,13.316387680575,1,83,14.3001819028155,2.5,2.5,TRUE,TRUE,1,SSP5_8_5,AM_85,experiment1
5,13.8055162065487,1,83,14.3001819028155,2.5,2.5,TRUE,TRUE,1,SSP5_8_5,AM_85,experiment1
3,14.100313415935,1,83,14.3001819028155,2.5,2.5,TRUE,TRUE,1,SSP5_8_5,AM_85,experiment1
3,10.5925306533749,1,83,14.3001819028155,2.5,2.5,TRUE,TRUE,1,SSP5_8_5,AM_85,experiment1
4,14.7527793378729,1,83,14.3001819028155,2.5,2.5,TRUE,TRUE,1,SSP5_8_5,AM_85,experiment1
2,12.6960201847123,1,83,14.3001819028155,2.5,2.5,TRUE,TRUE,1,SSP5_8_5,AM_85,experiment1
2,10.7857586540197,1,83,14.3001819028155,2.5,2.5,TRUE,TRUE,1,SSP5_8_5,AM_85,experiment1
5,14.2007425666689,1,83,14.3001819028155,2.5,2.5,TRUE,TRUE,1,SSP5_8_5,AM_85,experiment1
3,14.4070105680293,1,83,14.3001819028155,2.5,2.5,TRUE,TRUE,1,SSP5_8_5,AM_85,experiment1
3,14.2200368988317,1,83,14.3001819028155,2.5,2.5,TRUE,TRUE,1,SSP5_8_5,AM_85,experiment1
2,14.3200579364814,1,83,14.3001819028155,2.5,2.5,TRUE,TRUE,1,SSP5_8_5,AM_85,experiment1
3,13.7308015981695,1,83,14.3001819028155,2.5,2.5,TRUE,TRUE,1,SSP5_8_5,AM_85,experiment1
3,12.1369992751692,1,83,14.3001819028155,2.5,2.5,TRUE,TRUE,1,SSP5_8_5,AM_85,experiment1
1,13.6514109943302,1,83,14.3001819028155,2.5,2.5,TRUE,TRUE,1,SSP5_8_5,AM_85,experiment1
8,13.2832446487462,1,83,14.3001819028155,2.5,2.5,TRUE,TRUE,1,SSP5_8_5,AM_85,experiment1
3,13.2798440268669,1,83,14.3001819028155,2.5,2.5,TRUE,TRUE,1,SSP5_8_5,AM_85,experiment1
4,11.0609469522169,1,83,14.3001819028155,2.5,2.5,TRUE,TRUE,1,SSP5_8_5,AM_85,experiment1
1,12.2392308463316,1,83,14.3001819028155,2.5,2.5,TRUE,TRUE,1,SSP5_8_5,AM_85,experiment1
2,12.1638034790997,1,83,14.3001819028155,2.5,2.5,TRUE,TRUE,1,SSP5_8_5,AM_85,experiment1
2,12.672878798047,1,83,14.3001819028155,2.5,2.5,TRUE,TRUE,1,SSP5_8_5,AM_85,experiment1
2,14.2073876613638,1,83,14.3001819028155,2.5,2.5,TRUE,TRUE,1,SSP5_8_5,AM_85,experiment1
3,13.1621775259293,1,83,14.3001819028155,2.5,2.5,TRUE,TRUE,1,SSP5_8_5,AM_85,experiment1
2,12.8031640394009,1,83,14.3001819028155,2.5,2.5,TRUE,TRUE,1,SSP5_8_5,AM_85,experiment1
4,13.2448675105371,1,83,14.3001819028155,2.5,2.5,TRUE,TRUE,1,SSP5_8_5,AM_85,experiment1
2,14.0306885886008,1,83,14.3001819028155,2.5,2.5,TRUE,TRUE,1,SSP5_8_5,AM_85,experiment1
7,13.5385805038361,1,83,14.3001819028155,2.5,2.5,TRUE,TRUE,1,SSP5_8_5,AM_85,experiment1
4,12.7103144683261,1,83,14.3001819028155,2.5,2.5,TRUE,TRUE,1,SSP5_8_5,AM_85,experiment1
1,8.22355840102411,1,83,14.3001819028155,2.5,2.5,TRUE,TRUE,1,SSP5_8_5,AM_85,experiment1
3,12.7677994528292,1,83,14.3001819028155,2.5,2.5,TRUE,TRUE,1,SSP5_8_5,AM_85,experiment1
4,11.9242908292007,1,83,14.3001819028155,2.5,2.5,TRUE,TRUE,1,SSP5_8_5,AM_85,experiment1
4,11.3638247937916,1,83,14.3001819028155,2.5,2.5,TRUE,TRUE,1,SSP5_8_5,AM_85,experiment1
2,14.161798250528,1,83,14.3001819028155,2.5,2.5,TRUE,TRUE,1,SSP5_8_5,AM_85,experiment1
2,12.1660829420398,1,83,14.3001819028155,2.5,2.5,TRUE,TRUE,1,SSP5_8_5,AM_85,experiment1
2,14.0313004448915,1,83,14.3001819028155,2.5,2.5,TRUE,TRUE,1,SSP5_8_5,AM_85,experiment1
2,13.4112450253063,1,83,14.3001819028155,2.5,2.5,TRUE,TRUE,1,SSP5_8_5,AM_85,experiment1
1,13.9539551647068,1,83,14.3001819028155,2.5,2.5,TRUE,TRUE,1,SSP5_8_5,AM_85,experiment1
1,10.1063883404555,1,83,14.3001819028155,2.5,2.5,TRUE,TRUE,1,SSP5_8_5,AM_85,experiment1
2,13.4063715526136,1,83,14.3001819028155,2.5,2.5,TRUE,TRUE,1,SSP5_8_5,AM_85,experiment1
7,13.3554614188673,1,83,14.3001819028155,2.5,2.5,TRUE,TRUE,1,SSP5_8_5,AM_85,experiment1
7,13.3549203827772,1,83,14.3001819028155,2.5,2.5,TRUE,TRUE,1,SSP5_8_5,AM_85,experiment1
3,14.5388241370613,1,83,14.3001819028155,2.5,2.5,TRUE,TRUE,1,SSP5_8_5,AM_85,experiment1
3,13.538572949373,1,83,14.3001819028155,2.5,2.5,TRUE,TRUE,1,SSP5_8_5,AM_85,experiment1
2,14.0267145342155,1,83,14.3001819028155,2.5,2.5,TRUE,TRUE,1,SSP5_8_5,AM_85,experiment1
2,13.177520469721,1,83,14.3001819028155,2.5,2.5,TRUE,TRUE,1,SSP5_8_5,AM_85,experiment1
2,13.6162266151001,1,83,14.3001819028155,2.5,2.5,TRUE,TRUE,1,SSP5_8_5,AM_85,experiment1
2,8.9994051501588,1,83,14.3001819028155,2.5,2.5,TRUE,TRUE,1,SSP5_8_5,AM_85,experiment1
4,12.5351723485237,1,83,14.3001819028155,2.5,2.5,TRUE,TRUE,1,SSP5_8_5,AM_85,experiment1
2,12.6910129528728,1,83,14.3001819028155,2.5,2.5,TRUE,TRUE,1,SSP5_8_5,AM_85,experiment1
4,12.107813818344,1,83,14.3001819028155,2.5,2.5,TRUE,TRUE,1,SSP5_8_5,AM_85,experiment1
3,13.6428642453712,1,83,14.3001819028155,2.5,2.5,TRUE,TRUE,1,SSP5_8_5,AM_85,experiment1
2,11.374259254463,1,83,14.3001819028155,2.5,2.5,TRUE,TRUE,1,SSP5_8_5,AM_85,experiment1
1,11.5637661691813,1,83,14.3001819028155,2.5,2.5,TRUE,TRUE,1,SSP5_8_5,AM_85,experiment1
3,14.9539884802739,1,83,14.3001819028155,2.5,2.5,TRUE,TRUE,1,SSP5_8_5,AM_85,experiment1
3,14.5327772907237,1,83,14.3001819028155,2.5,2.5,TRUE,TRUE,1,SSP5_8_5,AM_85,experiment1
1,14.2876101456232,1,83,14.3001819028155,2.5,2.5,TRUE,TRUE,1,SSP5_8_5,AM_85,experiment1
2,12.1901012849842,1,83,14.3001819028155,2.5,2.5,TRUE,TRUE,1,SSP5_8_5,AM_85,experiment1
7,14.3126994117219,1,83,14.3001819028155,2.5,2.5,TRUE,TRUE,1,SSP5_8_5,AM_85,experiment1
7,13.8855787257007,1,83,14.3001819028155,2.5,2.5,TRUE,TRUE,1,SSP5_8_5,AM_85,experiment1
2,13.9502312602572,1,83,14.3001819028155,2.5,2.5,TRUE,TRUE,1,SSP5_8_5,AM_85,experiment1
4,10.8240209191909,1,83,14.3001819028155,2.5,2.5,TRUE,TRUE,1,SSP5_8_5,AM_85,experiment1
6,12.1984378814795,1,83,14.3001819028155,2.5,2.5,TRUE,TRUE,1,SSP5_8_5,AM_85,experiment1
6,12.855129218263,1,83,14.3001819028155,2.5,2.5,TRUE,TRUE,1,SSP5_8_5,AM_85,experiment1
2,11.6317790395607,1,83,14.3001819028155,2.5,2.5,TRUE,TRUE,1,SSP5_8_5,AM_85,experiment1
1,12.7344944707177,1,83,14.3001819028155,2.5,2.5,TRUE,TRUE,1,SSP5_8_5,AM_85,experiment1
5,12.2350464084323,1,83,14.3001819028155,2.5,2.5,TRUE,TRUE,1,SSP5_8_5,AM_85,experiment1
4,14.0916126852592,1,83,14.3001819028155,2.5,2.5,TRUE,TRUE,1,SSP5_8_5,AM_85,experiment1
4,15.2059452124635,1,83,14.3001819028155,2.5,2.5,TRUE,TRUE,1,SSP5_8_5,AM_85,experiment1
4,13.8795240693005,1,83,14.3001819028155,2.5,2.5,TRUE,TRUE,1,SSP5_8_5,AM_85,experiment1
3,11.2428462884642,1,83,14.3001819028155,2.5,2.5,TRUE,TRUE,1,SSP5_8_5,AM_85,experiment1
7,13.5514234466221,1,83,14.3001819028155,2.5,2.5,TRUE,TRUE,1,SSP5_8_5,AM_85,experiment1
2,14.1216578870434,1,83,14.3001819028155,2.5,2.5,TRUE,TRUE,1,SSP5_8_5,AM_85,experiment1
2,12.2738941505966,1,83,14.3001819028155,2.5,2.5,TRUE,TRUE,1,SSP5_8_5,AM_85,experiment1
7,12.7065974113433,1,83,14.3001819028155,2.5,2.5,TRUE,TRUE,1,SSP5_8_5,AM_85,experiment1
5,11.2239347648512,1,83,14.3001819028155,2.5,2.5,TRUE,TRUE,1,SSP5_8_5,AM_85,experiment1
4,13.2688773910132,1,83,14.3001819028155,2.5,2.5,TRUE,TRUE,1,SSP5_8_5,AM_85,experiment1
3,12.2577753469354,1,83,14.3001819028155,2.5,2.5,TRUE,TRUE,1,SSP5_8_5,AM_85,experiment1
4,9.95543534659063,1,83,14.3001819028155,2.5,2.5,TRUE,TRUE,1,SSP5_8_5,AM_85,experiment1
2,8.14648564905552,1,83,14.3001819028155,2.5,2.5,TRUE,TRUE,1,SSP5_8_5,AM_85,experiment1
4,12.6731177828442,1,83,14.3001819028155,2.5,2.5,TRUE,TRUE,1,SSP5_8_5,AM_85,experiment1
3,12.1097609688795,1,83,14.3001819028155,2.5,2.5,TRUE,TRUE,1,SSP5_8_5,AM_85,experiment1
1,12.3687954630531,1,83,14.3001819028155,2.5,2.5,TRUE,TRUE,1,SSP5_8_5,AM_85,experiment1
4,13.1336201587785,1,83,14.3001819028155,2.5,2.5,TRUE,TRUE,1,SSP5_8_5,AM_85,experiment1
3,13.4716598425202,1,83,14.3001819028155,2.5,2.5,TRUE,TRUE,1,SSP5_8_5,AM_85,experiment1
2,11.6253719092919,1,83,14.3001819028155,2.5,2.5,TRUE,TRUE,1,SSP5_8_5,AM_85,experiment1
3,9.60890062871249,1,83,14.3001819028155,2.5,2.5,TRUE,TRUE,1,SSP5_8_5,AM_85,experiment1
4,14.7939051740029,1,83,14.3001819028155,2.5,2.5,TRUE,TRUE,1,SSP5_8_5,AM_85,experiment1
4,13.6706848079635,1,83,14.3001819028155,2.5,2.5,TRUE,TRUE,1,SSP5_8_5,AM_85,experiment1
3,13.7825903864232,1,83,14.3001819028155,2.5,2.5,TRUE,TRUE,1,SSP5_8_5,AM_85,experiment1
4,14.5328490374769,1,83,14.3001819028155,2.5,2.5,TRUE,TRUE,1,SSP5_8_5,AM_85,experiment1
3,13.9657049010496,1,83,14.3001819028155,2.5,2.5,TRUE,TRUE,1,SSP5_8_5,AM_85,experiment1
3,12.9317885239688,1,83,14.3001819028155,2.5,2.5,TRUE,TRUE,1,SSP5_8_5,AM_85,experiment1
3,13.3640838927249,1,83,14.3001819028155,2.5,2.5,TRUE,TRUE,1,SSP5_8_5,AM_85,experiment1
4,13.9619060472675,1,83,14.3001819028155,2.5,2.5,TRUE,TRUE,1,SSP5_8_5,AM_85,experiment1
4,12.5900989964292,1,83,14.3001819028155,2.5,2.5,TRUE,TRUE,1,SSP5_8_5,AM_85,experiment1
4,13.9986216841765,1,83,14.3001819028155,2.5,2.5,TRUE,TRUE,1,SSP5_8_5,AM_85,experiment1
1,10.1279741886344,1,83,14.3001819028155,2.5,2.5,TRUE,TRUE,1,SSP5_8_5,AM_85,experiment1
3,14.5409644921314,1,83,14.3001819028155,2.5,2.5,TRUE,TRUE,1,SSP5_8_5,AM_85,experiment1
4,13.2915688114645,1,83,14.3001819028155,2.5,2.5,TRUE,TRUE,1,SSP5_8_5,AM_85,experiment1
5,13.9950109760578,1,83,14.3001819028155,2.5,2.5,TRUE,TRUE,1,SSP5_8_5,AM_85,experiment1
3,11.619604132683,1,83,14.3001819028155,2.5,2.5,TRUE,TRUE,1,SSP5_8_5,AM_85,experiment1
8,10.1985185470396,1,83,14.3001819028155,2.5,2.5,TRUE,TRUE,1,SSP5_8_5,AM_85,experiment1
4,13.3726152870397,1,83,14.3001819028155,2.5,2.5,TRUE,TRUE,1,SSP5_8_5,AM_85,experiment1
3,12.0708802302964,1,83,14.3001819028155,2.5,2.5,TRUE,TRUE,1,SSP5_8_5,AM_85,experiment1
2,13.3343954691409,1,83,14.3001819028155,2.5,2.5,TRUE,TRUE,1,SSP5_8_5,AM_85,experiment1
3,14.4517266961738,1,83,14.3001819028155,2.5,2.5,TRUE,TRUE,1,SSP5_8_5,AM_85,experiment1
2,14.21818727619,1,83,14.3001819028155,2.5,2.5,TRUE,TRUE,1,SSP5_8_5,AM_85,experiment1
1,8.2486988322973,1,83,14.3001819028155,2.5,2.5,TRUE,TRUE,1,SSP5_8_5,AM_85,experiment1
3,14.6963600379898,1,83,14.3001819028155,2.5,2.5,TRUE,TRUE,1,SSP5_8_5,AM_85,experiment1
4,13.486084536258,1,83,14.3001819028155,2.5,2.5,TRUE,TRUE,1,SSP5_8_5,AM_85,experiment1
1,8.26060542748529,1,83,14.3001819028155,2.5,2.5,TRUE,TRUE,1,SSP5_8_5,AM_85,experiment1
3,13.0934536936864,1,83,14.3001819028155,2.5,2.5,TRUE,TRUE,1,SSP5_8_5,AM_85,experiment1
3,12.7835799976911,1,83,14.3001819028155,2.5,2.5,TRUE,TRUE,1,SSP5_8_5,AM_85,experiment1
2,12.6332314507282,1,83,14.3001819028155,2.5,2.5,TRUE,TRUE,1,SSP5_8_5,AM_85,experiment1
5,12.6776148693801,1,83,14.3001819028155,2.5,2.5,TRUE,TRUE,1,SSP5_8_5,AM_85,experiment1
4,12.6359620115862,1,83,14.3001819028155,2.5,2.5,TRUE,TRUE,1,SSP5_8_5,AM_85,experiment1
9,12.7388626155986,1,83,14.3001819028155,2.5,2.5,TRUE,TRUE,1,SSP5_8_5,AM_85,experiment1
5,14.6690706610778,1,83,14.3001819028155,2.5,2.5,TRUE,TRUE,1,SSP5_8_5,AM_85,experiment1
1,13.8806316226579,1,83,14.3001819028155,2.5,2.5,TRUE,TRUE,1,SSP5_8_5,AM_85,experiment1
3,11.8600024816646,1,83,14.3001819028155,2.5,2.5,TRUE,TRUE,1,SSP5_8_5,AM_85,experiment1
3,13.879872174077,1,83,14.3001819028155,2.5,2.5,TRUE,TRUE,1,SSP5_8_5,AM_85,experiment1
4,14.1348882440329,1,83,14.3001819028155,2.5,2.5,TRUE,TRUE,1,SSP5_8_5,AM_85,experiment1
4,13.0604899670157,1,83,14.3001819028155,2.5,2.5,TRUE,TRUE,1,SSP5_8_5,AM_85,experiment1
3,14.8998669981559,1,83,14.3001819028155,2.5,2.5,TRUE,TRUE,1,SSP5_8_5,AM_85,experiment1
2,13.5445159988307,1,83,14.3001819028155,2.5,2.5,TRUE,TRUE,1,SSP5_8_5,AM_85,experiment1
2,13.4463079303003,1,83,14.3001819028155,2.5,2.5,TRUE,TRUE,1,SSP5_8_5,AM_85,experiment1
7,11.3241639371195,1,83,14.3001819028155,2.5,2.5,TRUE,TRUE,1,SSP5_8_5,AM_85,experiment1
6,12.6098591742633,1,83,14.3001819028155,2.5,2.5,TRUE,TRUE,1,SSP5_8_5,AM_85,experiment1
3,9.54435402906093,1,83,14.3001819028155,2.5,2.5,TRUE,TRUE,1,SSP5_8_5,AM_85,experiment1
6,14.7884447060079,1,83,14.3001819028155,2.5,2.5,TRUE,TRUE,1,SSP5_8_5,AM_85,experiment1
1,12.2601408468938,1,83,14.3001819028155,2.5,2.5,TRUE,TRUE,1,SSP5_8_5,AM_85,experiment1
3,13.7752554907177,1,83,14.3001819028155,2.5,2.5,TRUE,TRUE,1,SSP5_8_5,AM_85,experiment1
5,11.2340606751281,1,83,14.3001819028155,2.5,2.5,TRUE,TRUE,1,SSP5_8_5,AM_85,experiment1
3,11.4391239337838,1,83,14.3001819028155,2.5,2.5,TRUE,TRUE,1,SSP5_8_5,AM_85,experiment1
3,13.5911217142465,1,83,14.3001819028155,2.5,2.5,TRUE,TRUE,1,SSP5_8_5,AM_85,experiment1
3,12.1038238758063,1,83,14.3001819028155,2.5,2.5,TRUE,TRUE,1,SSP5_8_5,AM_85,experiment1
3,12.7172866587801,1,83,14.3001819028155,2.5,2.5,TRUE,TRUE,1,SSP5_8_5,AM_85,experiment1
2,13.1130419141221,1,83,14.3001819028155,2.5,2.5,TRUE,TRUE,1,SSP5_8_5,AM_85,experiment1
4,10.5759426132178,1,83,14.3001819028155,2.5,2.5,TRUE,TRUE,1,SSP5_8_5,AM_85,experiment1
10,14.5053392360694,1,83,14.3001819028155,2.5,2.5,TRUE,TRUE,1,SSP5_8_5,AM_85,experiment1
4,12.1814933334687,1,83,14.3001819028155,2.5,2.5,TRUE,TRUE,1,SSP5_8_5,AM_85,experiment1
2,12.0791404891467,1,83,14.3001819028155,2.5,2.5,TRUE,TRUE,1,SSP5_8_5,AM_85,experiment1
2,13.4163740586923,1,83,14.3001819028155,2.5,2.5,TRUE,TRUE,1,SSP5_8_5,AM_85,experiment1
4,13.5234425142753,1,83,14.3001819028155,2.5,2.5,TRUE,TRUE,1,SSP5_8_5,AM_85,experiment1
3,12.6705183548276,1,83,14.3001819028155,2.5,2.5,TRUE,TRUE,1,SSP5_8_5,AM_85,experiment1
2,12.46859898683,1,83,14.3001819028155,2.5,2.5,TRUE,TRUE,1,SSP5_8_5,AM_85,experiment1
3,12.2626493243573,1,83,14.3001819028155,2.5,2.5,TRUE,TRUE,1,SSP5_8_5,AM_85,experiment1
4,13.8104393954934,1,83,14.3001819028155,2.5,2.5,TRUE,TRUE,1,SSP5_8_5,AM_85,experiment1
4,14.1466862861384,1,83,14.3001819028155,2.5,2.5,TRUE,TRUE,1,SSP5_8_5,AM_85,experiment1
3,14.4809190740413,1,83,14.3001819028155,2.5,2.5,TRUE,TRUE,1,SSP5_8_5,AM_85,experiment1
3,13.8866724226083,1,83,14.3001819028155,2.5,2.5,TRUE,TRUE,1,SSP5_8_5,AM_85,experiment1
4,12.5613323448684,1,83,14.3001819028155,2.5,2.5,TRUE,TRUE,1,SSP5_8_5,AM_85,experiment1
1,4.68855346041522,1,83,14.3001819028155,2.5,2.5,TRUE,TRUE,1,SSP5_8_5,AM_85,experiment1
2,12.4637769777721,1,83,14.3001819028155,2.5,2.5,TRUE,TRUE,1,SSP5_8_5,AM_85,experiment1
2,11.5369604048951,1,83,14.3001819028155,2.5,2.5,TRUE,TRUE,1,SSP5_8_5,AM_85,experiment1
2,13.965252557016,1,83,14.3001819028155,2.5,2.5,TRUE,TRUE,1,SSP5_8_5,AM_85,experiment1
3,13.0552964082552,1,83,14.3001819028155,2.5,2.5,TRUE,TRUE,1,SSP5_8_5,AM_85,experiment1
6,14.1711157441532,1,83,14.3001819028155,2.5,2.5,TRUE,TRUE,1,SSP5_8_5,AM_85,experiment1
3,12.2697555225743,1,83,14.3001819028155,2.5,2.5,TRUE,TRUE,1,SSP5_8_5,AM_85,experiment1
4,13.2284862354963,1,83,14.3001819028155,2.5,2.5,TRUE,TRUE,1,SSP5_8_5,AM_85,experiment1
4,12.3331846192761,1,83,14.3001819028155,2.5,2.5,TRUE,TRUE,1,SSP5_8_5,AM_85,experiment1
5,14.6226057600051,1,83,14.3001819028155,2.5,2.5,TRUE,TRUE,1,SSP5_8_5,AM_85,experiment1
3,14.1611937973655,1,83,14.3001819028155,2.5,2.5,TRUE,TRUE,1,SSP5_8_5,AM_85,experiment1
2,13.2106545830699,1,83,14.3001819028155,2.5,2.5,TRUE,TRUE,1,SSP5_8_5,AM_85,experiment1
2,13.8903174385154,1,83,14.3001819028155,2.5,2.5,TRUE,TRUE,1,SSP5_8_5,AM_85,experiment1
8,12.0569013903212,1,83,14.3001819028155,2.5,2.5,TRUE,TRUE,1,SSP5_8_5,AM_85,experiment1
3,12.5041051783483,1,83,14.3001819028155,2.5,2.5,TRUE,TRUE,1,SSP5_8_5,AM_85,experiment1
2,13.868577856102,1,83,14.3001819028155,2.5,2.5,TRUE,TRUE,1,SSP5_8_5,AM_85,experiment1
1,14.6838165009727,1,83,14.3001819028155,2.5,2.5,TRUE,TRUE,1,SSP5_8_5,AM_85,experiment1
4,13.2276086653549,1,83,14.3001819028155,2.5,2.5,TRUE,TRUE,1,SSP5_8_5,AM_85,experiment1
3,10.5650945971495,1,83,14.3001819028155,2.5,2.5,TRUE,TRUE,1,SSP5_8_5,AM_85,experiment1
1,11.5761705655274,1,83,14.3001819028155,2.5,2.5,TRUE,TRUE,1,SSP5_8_5,AM_85,experiment1
3,13.3681963096627,1,83,14.3001819028155,2.5,2.5,TRUE,TRUE,1,SSP5_8_5,AM_85,experiment1
3,14.7101670061673,1,83,14.3001819028155,2.5,2.5,TRUE,TRUE,1,SSP5_8_5,AM_85,experiment1
2,10.0966981238108,1,83,14.3001819028155,2.5,2.5,TRUE,TRUE,1,SSP5_8_5,AM_85,experiment1
1,10.410638298028,1,83,14.3001819028155,2.5,2.5,TRUE,TRUE,1,SSP5_8_5,AM_85,experiment1
6,13.7369806560355,1,83,14.3001819028155,2.5,2.5,TRUE,TRUE,1,SSP5_8_5,AM_85,experiment1
4,12.417879724672,1,83,14.3001819028155,2.5,2.5,TRUE,TRUE,1,SSP5_8_5,AM_85,experiment1
2,14.2241913765635,1,83,14.3001819028155,2.5,2.5,TRUE,TRUE,1,SSP5_8_5,AM_85,experiment1
2,14.5555459161418,1,83,14.3001819028155,2.5,2.5,TRUE,TRUE,1,SSP5_8_5,AM_85,experiment1
4,13.196021725865,1,83,14.3001819028155,2.5,2.5,TRUE,TRUE,1,SSP5_8_5,AM_85,experiment1
2,13.239836622415,1,83,14.3001819028155,2.5,2.5,TRUE,TRUE,1,SSP5_8_5,AM_85,experiment1
5,11.9255309406708,1,83,14.3001819028155,2.5,2.5,TRUE,TRUE,1,SSP5_8_5,AM_85,experiment1
3,10.8313715478499,1,83,14.3001819028155,2.5,2.5,TRUE,TRUE,1,SSP5_8_5,AM_85,experiment1
3,12.1216018361292,1,83,14.3001819028155,2.5,2.5,TRUE,TRUE,1,SSP5_8_5,AM_85,experiment1
2,14.002256337179,1,83,14.3001819028155,2.5,2.5,TRUE,TRUE,1,SSP5_8_5,AM_85,experiment1
3,13.387738348453,1,83,14.3001819028155,2.5,2.5,TRUE,TRUE,1,SSP5_8_5,AM_85,experiment1
2,12.3627475285596,1,83,14.3001819028155,2.5,2.5,TRUE,TRUE,1,SSP5_8_5,AM_85,experiment1
3,13.6805330821274,1,83,14.3001819028155,2.5,2.5,TRUE,TRUE,1,SSP5_8_5,AM_85,experiment1
6,15.2183945744047,1,83,14.3001819028155,2.5,2.5,TRUE,TRUE,1,SSP5_8_5,AM_85,experiment1
3,12.8813092634566,1,83,14.3001819028155,2.5,2.5,TRUE,TRUE,1,SSP5_8_5,AM_85,experiment1
4,14.229764537437,1,83,14.3001819028155,2.5,2.5,TRUE,TRUE,1,SSP5_8_5,AM_85,experiment1
3,13.0072052825451,1,83,14.3001819028155,2.5,2.5,TRUE,TRUE,1,SSP5_8_5,AM_85,experiment1
4,12.7171356147527,1,83,14.3001819028155,2.5,2.5,TRUE,TRUE,1,SSP5_8_5,AM_85,experiment1
3,12.6770041474163,1,83,14.3001819028155,2.5,2.5,TRUE,TRUE,1,SSP5_8_5,AM_85,experiment1
4,13.2803887779045,1,83,14.3001819028155,2.5,2.5,TRUE,TRUE,1,SSP5_8_5,AM_85,experiment1
1,13.5201780596597,1,83,14.3001819028155,2.5,2.5,TRUE,TRUE,1,SSP5_8_5,AM_85,experiment1
3,13.4126106478986,1,83,14.3001819028155,2.5,2.5,TRUE,TRUE,1,SSP5_8_5,AM_85,experiment1
4,14.4509841139536,1,83,14.3001819028155,2.5,2.5,TRUE,TRUE,1,SSP5_8_5,AM_85,experiment1
3,13.3622166783455,1,83,14.3001819028155,2.5,2.5,TRUE,TRUE,1,SSP5_8_5,AM_85,experiment1
3,13.0485505387736,1,83,14.3001819028155,2.5,2.5,TRUE,TRUE,1,SSP5_8_5,AM_85,experiment1
3,14.9389864284558,1,83,14.3001819028155,2.5,2.5,TRUE,TRUE,1,SSP5_8_5,AM_85,experiment1
7,13.1136755727508,1,83,14.3001819028155,2.5,2.5,TRUE,TRUE,1,SSP5_8_5,AM_85,experiment1
5,11.4230925475418,1,83,14.3001819028155,2.5,2.5,TRUE,TRUE,1,SSP5_8_5,AM_85,experiment1
1,11.3250760381907,1,83,14.3001819028155,2.5,2.5,TRUE,TRUE,1,SSP5_8_5,AM_85,experiment1
4,14.3054816789956,1,83,14.3001819028155,2.5,2.5,TRUE,TRUE,1,SSP5_8_5,AM_85,experiment1
6,14.6077563223926,1,83,14.3001819028155,2.5,2.5,TRUE,TRUE,1,SSP5_8_5,AM_85,experiment1
2,14.2613862827893,1,83,14.3001819028155,2.5,2.5,TRUE,TRUE,1,SSP5_8_5,AM_85,experiment1
2,12.1691964382595,1,83,14.3001819028155,2.5,2.5,TRUE,TRUE,1,SSP5_8_5,AM_85,experiment1
3,12.7624318047161,1,83,14.3001819028155,2.5,2.5,TRUE,TRUE,1,SSP5_8_5,AM_85,experiment1
9,11.9096398468584,1,83,14.3001819028155,2.5,2.5,TRUE,TRUE,1,SSP5_8_5,AM_85,experiment1
1,4.39699810714844,1,83,14.3001819028155,2.5,2.5,TRUE,TRUE,1,SSP5_8_5,AM_85,experiment1
4,13.7223851999462,1,83,14.3001819028155,2.5,2.5,TRUE,TRUE,1,SSP5_8_5,AM_85,experiment1
2,10.7948020729907,1,83,14.3001819028155,2.5,2.5,TRUE,TRUE,1,SSP5_8_5,AM_85,experiment1
1,9.16842521680585,1,83,14.3001819028155,2.5,2.5,TRUE,TRUE,1,SSP5_8_5,AM_85,experiment1
1,13.3504807125111,1,83,14.3001819028155,2.5,2.5,TRUE,TRUE,1,SSP5_8_5,AM_85,experiment1
4,12.2197036805458,1,83,14.3001819028155,2.5,2.5,TRUE,TRUE,1,SSP5_8_5,AM_85,experiment1
3,13.4775022660198,1,83,14.3001819028155,2.5,2.5,TRUE,TRUE,1,SSP5_8_5,AM_85,experiment1
4,13.0714358972522,1,83,14.3001819028155,2.5,2.5,TRUE,TRUE,1,SSP5_8_5,AM_85,experiment1
5,13.9432696425259,1,83,14.3001819028155,2.5,2.5,TRUE,TRUE,1,SSP5_8_5,AM_85,experiment1
2,12.5212650184337,1,83,14.3001819028155,2.5,2.5,TRUE,TRUE,1,SSP5_8_5,AM_85,experiment1
5,13.285199667615,1,83,14.3001819028155,2.5,2.5,TRUE,TRUE,1,SSP5_8_5,AM_85,experiment1
10,12.5150874438953,1,83,14.3001819028155,2.5,2.5,TRUE,TRUE,1,SSP5_8_5,AM_85,experiment1
1,3.60882237925781,1,83,14.3001819028155,2.5,2.5,TRUE,TRUE,1,SSP5_8_5,AM_85,experiment1
4,13.9544431571886,1,83,14.3001819028155,2.5,2.5,TRUE,TRUE,1,SSP5_8_5,AM_85,experiment1
3,14.0018088130122,1,83,14.3001819028155,2.5,2.5,TRUE,TRUE,1,SSP5_8_5,AM_85,experiment1
2,7.73361993775854,1,83,14.3001819028155,2.5,2.5,TRUE,TRUE,1,SSP5_8_5,AM_85,experiment1
2,8.94009904254724,1,83,14.3001819028155,2.5,2.5,TRUE,TRUE,1,SSP5_8_5,AM_85,experiment1
5,14.1512040174671,1,83,14.3001819028155,2.5,2.5,TRUE,TRUE,1,SSP5_8_5,AM_85,experiment1
4,14.2574605398405,1,83,14.3001819028155,2.5,2.5,TRUE,TRUE,1,SSP5_8_5,AM_85,experiment1
6,13.5021944624435,1,83,14.3001819028155,2.5,2.5,TRUE,TRUE,1,SSP5_8_5,AM_85,experiment1
3,14.692259099643,1,83,14.3001819028155,2.5,2.5,TRUE,TRUE,1,SSP5_8_5,AM_85,experiment1
3,12.5425382297749,1,83,14.3001819028155,2.5,2.5,TRUE,TRUE,1,SSP5_8_5,AM_85,experiment1
4,6.37762985053963,1,83,14.3001819028155,2.5,2.5,TRUE,TRUE,1,SSP5_8_5,AM_85,experiment1
3,13.8310307543692,1,83,14.3001819028155,2.5,2.5,TRUE,TRUE,1,SSP5_8_5,AM_85,experiment1
2,13.6954656061023,1,83,14.3001819028155,2.5,2.5,TRUE,TRUE,1,SSP5_8_5,AM_85,experiment1
4,12.099838640994,1,83,14.3001819028155,2.5,2.5,TRUE,TRUE,1,SSP5_8_5,AM_85,experiment1
2,13.1763915868934,1,83,14.3001819028155,2.5,2.5,TRUE,TRUE,1,SSP5_8_5,AM_85,experiment1
1,3.3956621875,1,83,14.3001819028155,2.5,2.5,TRUE,TRUE,1,SSP5_8_5,AM_85,experiment1
4,12.6644445125205,1,83,14.3001819028155,2.5,2.5,TRUE,TRUE,1,SSP5_8_5,AM_85,experiment1
3,12.7591599054561,1,83,14.3001819028155,2.5,2.5,TRUE,TRUE,1,SSP5_8_5,AM_85,experiment1
10,14.0884363165509,1,83,14.3001819028155,2.5,2.5,TRUE,TRUE,1,SSP5_8_5,AM_85,experiment1
3,12.0327494513785,1,83,14.3001819028155,2.5,2.5,TRUE,TRUE,1,SSP5_8_5,AM_85,experiment1
2,12.7977041050415,1,83,14.3001819028155,2.5,2.5,TRUE,TRUE,1,SSP5_8_5,AM_85,experiment1
2,12.4924865174022,1,83,14.3001819028155,2.5,2.5,TRUE,TRUE,1,SSP5_8_5,AM_85,experiment1
3,11.5450364761527,1,83,14.3001819028155,2.5,2.5,TRUE,TRUE,1,SSP5_8_5,AM_85,experiment1
3,14.6566903221364,1,83,14.3001819028155,2.5,2.5,TRUE,TRUE,1,SSP5_8_5,AM_85,experiment1
4,11.4619400324103,1,83,14.3001819028155,2.5,2.5,TRUE,TRUE,1,SSP5_8_5,AM_85,experiment1
6,14.8150948670022,1,83,14.3001819028155,2.5,2.5,TRUE,TRUE,1,SSP5_8_5,AM_85,experiment1
2,13.9117884851482,1,83,14.3001819028155,2.5,2.5,TRUE,TRUE,1,SSP5_8_5,AM_85,experiment1
4,13.0354357889409,1,83,14.3001819028155,2.5,2.5,TRUE,TRUE,1,SSP5_8_5,AM_85,experiment1
1,14.010401910691,1,83,14.3001819028155,2.5,2.5,TRUE,TRUE,1,SSP5_8_5,AM_85,experiment1
3,14.0393272910244,1,83,14.3001819028155,2.5,2.5,TRUE,TRUE,1,SSP5_8_5,AM_85,experiment1
3,10.0813964455595,1,83,14.3001819028155,2.5,2.5,TRUE,TRUE,1,SSP5_8_5,AM_85,experiment1
2,12.720031974906,1,83,14.3001819028155,2.5,2.5,TRUE,TRUE,1,SSP5_8_5,AM_85,experiment1
9,12.6613518135495,1,83,14.3001819028155,2.5,2.5,TRUE,TRUE,1,SSP5_8_5,AM_85,experiment1
4,13.4074549514934,1,83,14.3001819028155,2.5,2.5,TRUE,TRUE,1,SSP5_8_5,AM_85,experiment1
4,13.0687386818592,1,83,14.3001819028155,2.5,2.5,TRUE,TRUE,1,SSP5_8_5,AM_85,experiment1
4,13.9128785716825,1,83,14.3001819028155,2.5,2.5,TRUE,TRUE,1,SSP5_8_5,AM_85,experiment1
3,12.1955826308787,1,83,14.3001819028155,2.5,2.5,TRUE,TRUE,1,SSP5_8_5,AM_85,experiment1
11,12.1422317882824,1,83,14.3001819028155,2.5,2.5,TRUE,TRUE,1,SSP5_8_5,AM_85,experiment1
2,8.77774561599635,1,83,14.3001819028155,2.5,2.5,TRUE,TRUE,1,SSP5_8_5,AM_85,experiment1
3,14.5984066148671,1,83,14.3001819028155,2.5,2.5,TRUE,TRUE,1,SSP5_8_5,AM_85,experiment1
2,14.2858820712407,1,83,14.3001819028155,2.5,2.5,TRUE,TRUE,1,SSP5_8_5,AM_85,experiment1
4,13.0927276702631,1,83,14.3001819028155,2.5,2.5,TRUE,TRUE,1,SSP5_8_5,AM_85,experiment1
1,13.1804061665542,1,83,14.3001819028155,2.5,2.5,TRUE,TRUE,1,SSP5_8_5,AM_85,experiment1
5,13.4020274291469,1,83,14.3001819028155,2.5,2.5,TRUE,TRUE,1,SSP5_8_5,AM_85,experiment1
5,14.4021831604627,1,83,14.3001819028155,2.5,2.5,TRUE,TRUE,1,SSP5_8_5,AM_85,experiment1
2,13.8839291809649,1,83,14.3001819028155,2.5,2.5,TRUE,TRUE,1,SSP5_8_5,AM_85,experiment1
3,13.0188704435194,1,83,14.3001819028155,2.5,2.5,TRUE,TRUE,1,SSP5_8_5,AM_85,experiment1
1,9.95317916231212,1,83,14.3001819028155,2.5,2.5,TRUE,TRUE,1,SSP5_8_5,AM_85,experiment1
3,12.3603923193024,1,83,14.3001819028155,2.5,2.5,TRUE,TRUE,1,SSP5_8_5,AM_85,experiment1
4,10.6167681639606,1,83,14.3001819028155,2.5,2.5,TRUE,TRUE,1,SSP5_8_5,AM_85,experiment1
4,11.6393030855949,1,83,14.3001819028155,2.5,2.5,TRUE,TRUE,1,SSP5_8_5,AM_85,experiment1
3,12.9039498474107,1,83,14.3001819028155,2.5,2.5,TRUE,TRUE,1,SSP5_8_5,AM_85,experiment1
2,13.7172512212402,1,83,14.3001819028155,2.5,2.5,TRUE,TRUE,1,SSP5_8_5,AM_85,experiment1
4,13.856065142496,1,83,14.3001819028155,2.5,2.5,TRUE,TRUE,1,SSP5_8_5,AM_85,experiment1
4,12.2695793646917,1,83,14.3001819028155,2.5,2.5,TRUE,TRUE,1,SSP5_8_5,AM_85,experiment1
2,14.2669046604238,1,83,14.3001819028155,2.5,2.5,TRUE,TRUE,1,SSP5_8_5,AM_85,experiment1
6,14.9028433485736,1,83,14.3001819028155,2.5,2.5,TRUE,TRUE,1,SSP5_8_5,AM_85,experiment1
5,14.4506772192804,1,83,14.3001819028155,2.5,2.5,TRUE,TRUE,1,SSP5_8_5,AM_85,experiment1
1,5.10420559628906,1,83,14.3001819028155,2.5,2.5,TRUE,TRUE,1,SSP5_8_5,AM_85,experiment1
4,12.1479273544623,1,83,14.3001819028155,2.5,2.5,TRUE,TRUE,1,SSP5_8_5,AM_85,experiment1
3,13.7870971156148,1,83,14.3001819028155,2.5,2.5,TRUE,TRUE,1,SSP5_8_5,AM_85,experiment1
3,11.5822355550589,1,83,14.3001819028155,2.5,2.5,TRUE,TRUE,1,SSP5_8_5,AM_85,experiment1
3,11.8787364947438,1,83,14.3001819028155,2.5,2.5,TRUE,TRUE,1,SSP5_8_5,AM_85,experiment1
1,10.5331266092878,1,83,14.3001819028155,2.5,2.5,TRUE,TRUE,1,SSP5_8_5,AM_85,experiment1
3,12.3728360199956,1,83,14.3001819028155,2.5,2.5,TRUE,TRUE,1,SSP5_8_5,AM_85,experiment1
1,7.10931258141554,1,83,14.3001819028155,2.5,2.5,TRUE,TRUE,1,SSP5_8_5,AM_85,experiment1
3,14.3130230863153,1,83,14.3001819028155,2.5,2.5,TRUE,TRUE,1,SSP5_8_5,AM_85,experiment1
2,14.5319325461083,1,83,14.3001819028155,2.5,2.5,TRUE,TRUE,1,SSP5_8_5,AM_85,experiment1
7,12.7040464436355,1,83,14.3001819028155,2.5,2.5,TRUE,TRUE,1,SSP5_8_5,AM_85,experiment1
3,2.2705224854618,1,83,14.3001819028155,2.5,2.5,TRUE,TRUE,1,SSP5_8_5,AM_85,experiment1
4,13.2672792954861,1,83,14.3001819028155,2.5,2.5,TRUE,TRUE,1,SSP5_8_5,AM_85,experiment1
2,13.9324245713423,1,83,14.3001819028155,2.5,2.5,TRUE,TRUE,1,SSP5_8_5,AM_85,experiment1
3,12.0825635183409,1,83,14.3001819028155,2.5,2.5,TRUE,TRUE,1,SSP5_8_5,AM_85,experiment1
5,10.6910441195692,1,83,14.3001819028155,2.5,2.5,TRUE,TRUE,1,SSP5_8_5,AM_85,experiment1
1,12.1329037112165,1,83,14.3001819028155,2.5,2.5,TRUE,TRUE,1,SSP5_8_5,AM_85,experiment1
1,10.0736863872511,1,83,14.3001819028155,2.5,2.5,TRUE,TRUE,1,SSP5_8_5,AM_85,experiment1
1,13.1942631301061,1,83,14.3001819028155,2.5,2.5,TRUE,TRUE,1,SSP5_8_5,AM_85,experiment1
4,13.7556161941925,1,83,14.3001819028155,2.5,2.5,TRUE,TRUE,1,SSP5_8_5,AM_85,experiment1
5,12.8296635876141,1,83,14.3001819028155,2.5,2.5,TRUE,TRUE,1,SSP5_8_5,AM_85,experiment1
4,10.2580455819076,1,83,14.3001819028155,2.5,2.5,TRUE,TRUE,1,SSP5_8_5,AM_85,experiment1
4,15.02992064631,1,83,14.3001819028155,2.5,2.5,TRUE,TRUE,1,SSP5_8_5,AM_85,experiment1
2,13.4763351058525,1,83,14.3001819028155,2.5,2.5,TRUE,TRUE,1,SSP5_8_5,AM_85,experiment1
7,13.3885382483144,1,83,14.3001819028155,2.5,2.5,TRUE,TRUE,1,SSP5_8_5,AM_85,experiment1
7,11.3775019160525,1,83,14.3001819028155,2.5,2.5,TRUE,TRUE,1,SSP5_8_5,AM_85,experiment1
2,14.0481318441744,1,83,14.3001819028155,2.5,2.5,TRUE,TRUE,1,SSP5_8_5,AM_85,experiment1
1,13.3258088080564,1,83,14.3001819028155,2.5,2.5,TRUE,TRUE,1,SSP5_8_5,AM_85,experiment1
2,10.7719613692861,1,83,14.3001819028155,2.5,2.5,TRUE,TRUE,1,SSP5_8_5,AM_85,experiment1
2,11.6254812196202,1,83,14.3001819028155,2.5,2.5,TRUE,TRUE,1,SSP5_8_5,AM_85,experiment1
2,15.1850055706906,1,83,14.3001819028155,2.5,2.5,TRUE,TRUE,1,SSP5_8_5,AM_85,experiment1
2,14.7518269353143,1,83,14.3001819028155,2.5,2.5,TRUE,TRUE,1,SSP5_8_5,AM_85,experiment1
2,12.8803282885157,1,83,14.3001819028155,2.5,2.5,TRUE,TRUE,1,SSP5_8_5,AM_85,experiment1
4,11.8659341113543,1,83,14.3001819028155,2.5,2.5,TRUE,TRUE,1,SSP5_8_5,AM_85,experiment1
2,10.1322507858795,1,83,14.3001819028155,2.5,2.5,TRUE,TRUE,1,SSP5_8_5,AM_85,experiment1
5,13.48406012311,1,83,14.3001819028155,2.5,2.5,TRUE,TRUE,1,SSP5_8_5,AM_85,experiment1
3,13.7813841499583,1,83,14.3001819028155,2.5,2.5,TRUE,TRUE,1,SSP5_8_5,AM_85,experiment1
6,13.4429244677256,1,83,14.3001819028155,2.5,2.5,TRUE,TRUE,1,SSP5_8_5,AM_85,experiment1
3,9.81473867695368,1,83,14.3001819028155,2.5,2.5,TRUE,TRUE,1,SSP5_8_5,AM_85,experiment1
5,12.3870330955557,1,83,14.3001819028155,2.5,2.5,TRUE,TRUE,1,SSP5_8_5,AM_85,experiment1
3,12.5653643100642,1,83,14.3001819028155,2.5,2.5,TRUE,TRUE,1,SSP5_8_5,AM_85,experiment1
5,14.4372497321,1,83,14.3001819028155,2.5,2.5,TRUE,TRUE,1,SSP5_8_5,AM_85,experiment1
3,12.3368782779051,1,83,14.3001819028155,2.5,2.5,TRUE,TRUE,1,SSP5_8_5,AM_85,experiment1
6,12.82216859894,1,83,14.3001819028155,2.5,2.5,TRUE,TRUE,1,SSP5_8_5,AM_85,experiment1
3,12.7235377963487,1,83,14.3001819028155,2.5,2.5,TRUE,TRUE,1,SSP5_8_5,AM_85,experiment1
5,15.4662026450984,1,83,14.3001819028155,2.5,2.5,TRUE,TRUE,1,SSP5_8_5,AM_85,experiment1
3,13.1556036035535,1,83,14.3001819028155,2.5,2.5,TRUE,TRUE,1,SSP5_8_5,AM_85,experiment1
3,11.1992504190911,1,83,14.3001819028155,2.5,2.5,TRUE,TRUE,1,SSP5_8_5,AM_85,experiment1
3,9.02918605376497,1,83,14.3001819028155,2.5,2.5,TRUE,TRUE,1,SSP5_8_5,AM_85,experiment1
1,8.00114228794177,1,83,14.3001819028155,2.5,2.5,TRUE,TRUE,1,SSP5_8_5,AM_85,experiment1
4,14.209149541014,1,83,14.3001819028155,2.5,2.5,TRUE,TRUE,1,SSP5_8_5,AM_85,experiment1
1,1.626875,1,83,14.3001819028155,2.5,2.5,TRUE,TRUE,1,SSP5_8_5,AM_85,experiment1
3,12.2148762453597,1,83,14.3001819028155,2.5,2.5,TRUE,TRUE,1,SSP5_8_5,AM_85,experiment1
3,11.6385773241111,1,83,14.3001819028155,2.5,2.5,TRUE,TRUE,1,SSP5_8_5,AM_85,experiment1
4,13.1024556495575,1,83,14.3001819028155,2.5,2.5,TRUE,TRUE,1,SSP5_8_5,AM_85,experiment1
4,14.8227452316915,1,83,14.3001819028155,2.5,2.5,TRUE,TRUE,1,SSP5_8_5,AM_85,experiment1
4,14.6106428315887,1,83,14.3001819028155,2.5,2.5,TRUE,TRUE,1,SSP5_8_5,AM_85,experiment1
2,14.6708137346669,1,83,14.3001819028155,2.5,2.5,TRUE,TRUE,1,SSP5_8_5,AM_85,experiment1
2,13.5873973669881,1,83,14.3001819028155,2.5,2.5,TRUE,TRUE,1,SSP5_8_5,AM_85,experiment1
3,11.3367048452285,1,83,14.3001819028155,2.5,2.5,TRUE,TRUE,1,SSP5_8_5,AM_85,experiment1
4,13.0188169571603,1,83,14.3001819028155,2.5,2.5,TRUE,TRUE,1,SSP5_8_5,AM_85,experiment1
2,14.5979952952426,1,83,14.3001819028155,2.5,2.5,TRUE,TRUE,1,SSP5_8_5,AM_85,experiment1
3,13.9358432450447,1,83,14.3001819028155,2.5,2.5,TRUE,TRUE,1,SSP5_8_5,AM_85,experiment1
4,9.45693310334388,1,83,14.3001819028155,2.5,2.5,TRUE,TRUE,1,SSP5_8_5,AM_85,experiment1
3,14.0723409290915,1,83,14.3001819028155,2.5,2.5,TRUE,TRUE,1,SSP5_8_5,AM_85,experiment1
2,14.0718166694859,1,83,14.3001819028155,2.5,2.5,TRUE,TRUE,1,SSP5_8_5,AM_85,experiment1
7,13.4807953535797,1,83,14.3001819028155,2.5,2.5,TRUE,TRUE,1,SSP5_8_5,AM_85,experiment1
5,14.5267716677289,1,83,14.3001819028155,2.5,2.5,TRUE,TRUE,1,SSP5_8_5,AM_85,experiment1
3,13.7924572521412,1,83,14.3001819028155,2.5,2.5,TRUE,TRUE,1,SSP5_8_5,AM_85,experiment1
6,14.9852933077267,1,83,14.3001819028155,2.5,2.5,TRUE,TRUE,1,SSP5_8_5,AM_85,experiment1
1,14.6149816991828,1,83,14.3001819028155,2.5,2.5,TRUE,TRUE,1,SSP5_8_5,AM_85,experiment1
3,13.6528177243807,1,83,14.3001819028155,2.5,2.5,TRUE,TRUE,1,SSP5_8_5,AM_85,experiment1
4,13.387170442112,1,83,14.3001819028155,2.5,2.5,TRUE,TRUE,1,SSP5_8_5,AM_85,experiment1
1,7.25448820731472,1,83,14.3001819028155,2.5,2.5,TRUE,TRUE,1,SSP5_8_5,AM_85,experiment1
3,13.8475656674437,1,83,14.3001819028155,2.5,2.5,TRUE,TRUE,1,SSP5_8_5,AM_85,experiment1
4,12.6798910868001,1,83,14.3001819028155,2.5,2.5,TRUE,TRUE,1,SSP5_8_5,AM_85,experiment1
2,14.6808251208081,1,83,14.3001819028155,2.5,2.5,TRUE,TRUE,1,SSP5_8_5,AM_85,experiment1
4,14.073314381945,1,83,14.3001819028155,2.5,2.5,TRUE,TRUE,1,SSP5_8_5,AM_85,experiment1
3,13.8954936898942,1,83,14.3001819028155,2.5,2.5,TRUE,TRUE,1,SSP5_8_5,AM_85,experiment1
4,12.2290124465065,1,83,14.3001819028155,2.5,2.5,TRUE,TRUE,1,SSP5_8_5,AM_85,experiment1
6,13.4039627605411,1,83,14.3001819028155,2.5,2.5,TRUE,TRUE,1,SSP5_8_5,AM_85,experiment1
5,13.1311262375203,1,83,14.3001819028155,2.5,2.5,TRUE,TRUE,1,SSP5_8_5,AM_85,experiment1
2,14.1007723311985,1,83,14.3001819028155,2.5,2.5,TRUE,TRUE,1,SSP5_8_5,AM_85,experiment1
2,14.7000019447099,1,83,14.3001819028155,2.5,2.5,TRUE,TRUE,1,SSP5_8_5,AM_85,experiment1
4,14.0403588284835,1,83,14.3001819028155,2.5,2.5,TRUE,TRUE,1,SSP5_8_5,AM_85,experiment1
5,12.310706474974,1,83,14.3001819028155,2.5,2.5,TRUE,TRUE,1,SSP5_8_5,AM_85,experiment1
3,14.7823171010107,1,83,14.3001819028155,2.5,2.5,TRUE,TRUE,1,SSP5_8_5,AM_85,experiment1
5,13.1659503810128,1,83,14.3001819028155,2.5,2.5,TRUE,TRUE,1,SSP5_8_5,AM_85,experiment1
2,14.0956263145976,1,83,14.3001819028155,2.5,2.5,TRUE,TRUE,1,SSP5_8_5,AM_85,experiment1
3,13.2580963548311,1,83,14.3001819028155,2.5,2.5,TRUE,TRUE,1,SSP5_8_5,AM_85,experiment1
5,13.1920269516008,1,83,14.3001819028155,2.5,2.5,TRUE,TRUE,1,SSP5_8_5,AM_85,experiment1
2,10.3263500813721,1,83,14.3001819028155,2.5,2.5,TRUE,TRUE,1,SSP5_8_5,AM_85,experiment1
3,14.2978197996461,1,83,14.3001819028155,2.5,2.5,TRUE,TRUE,1,SSP5_8_5,AM_85,experiment1
5,13.3444530115682,1,83,14.3001819028155,2.5,2.5,TRUE,TRUE,1,SSP5_8_5,AM_85,experiment1
4,13.9043685124049,1,83,14.3001819028155,2.5,2.5,TRUE,TRUE,1,SSP5_8_5,AM_85,experiment1
2,12.3511554486527,1,83,14.3001819028155,2.5,2.5,TRUE,TRUE,1,SSP5_8_5,AM_85,experiment1
1,7.59148102745768,1,83,14.3001819028155,2.5,2.5,TRUE,TRUE,1,SSP5_8_5,AM_85,experiment1
2,14.2996102822351,1,83,14.3001819028155,2.5,2.5,TRUE,TRUE,1,SSP5_8_5,AM_85,experiment1
2,13.2178790839102,1,83,14.3001819028155,2.5,2.5,TRUE,TRUE,1,SSP5_8_5,AM_85,experiment1
3,12.8229413489472,1,83,14.3001819028155,2.5,2.5,TRUE,TRUE,1,SSP5_8_5,AM_85,experiment1
5,13.3773701051365,1,83,14.3001819028155,2.5,2.5,TRUE,TRUE,1,SSP5_8_5,AM_85,experiment1
6,14.0029102712199,1,83,14.3001819028155,2.5,2.5,TRUE,TRUE,1,SSP5_8_5,AM_85,experiment1
1,12.6764743619822,1,83,14.3001819028155,2.5,2.5,TRUE,TRUE,1,SSP5_8_5,AM_85,experiment1
1,7.46371726232958,1,83,14.3001819028155,2.5,2.5,TRUE,TRUE,1,SSP5_8_5,AM_85,experiment1
6,12.0895695534967,1,83,14.3001819028155,2.5,2.5,TRUE,TRUE,1,SSP5_8_5,AM_85,experiment1
4,12.1706992051907,1,83,14.3001819028155,2.5,2.5,TRUE,TRUE,1,SSP5_8_5,AM_85,experiment1
8,9.92222505130503,1,83,14.3001819028155,2.5,2.5,TRUE,TRUE,1,SSP5_8_5,AM_85,experiment1
1,13.2343075310335,1,83,14.3001819028155,2.5,2.5,TRUE,TRUE,1,SSP5_8_5,AM_85,experiment1
1,8.83561744933913,1,83,14.3001819028155,2.5,2.5,TRUE,TRUE,1,SSP5_8_5,AM_85,experiment1
1,12.3224635290296,1,83,14.3001819028155,2.5,2.5,TRUE,TRUE,1,SSP5_8_5,AM_85,experiment1
3,11.9934543513758,1,83,14.3001819028155,2.5,2.5,TRUE,TRUE,1,SSP5_8_5,AM_85,experiment1
4,14.1903025815061,1,83,14.3001819028155,2.5,2.5,TRUE,TRUE,1,SSP5_8_5,AM_85,experiment1
3,14.1574958897507,1,83,14.3001819028155,2.5,2.5,TRUE,TRUE,1,SSP5_8_5,AM_85,experiment1
1,0.95,1,83,14.3001819028155,2.5,2.5,TRUE,TRUE,1,SSP5_8_5,AM_85,experiment1
2,13.615654959866,1,83,14.3001819028155,2.5,2.5,TRUE,TRUE,1,SSP5_8_5,AM_85,experiment1
4,12.7259359322413,1,83,14.3001819028155,2.5,2.5,TRUE,TRUE,1,SSP5_8_5,AM_85,experiment1
2,12.4829366549678,1,83,14.3001819028155,2.5,2.5,TRUE,TRUE,1,SSP5_8_5,AM_85,experiment1
2,13.3355030112632,1,83,14.3001819028155,2.5,2.5,TRUE,TRUE,1,SSP5_8_5,AM_85,experiment1
3,12.2520543780694,1,83,14.3001819028155,2.5,2.5,TRUE,TRUE,1,SSP5_8_5,AM_85,experiment1
2,11.7901467905873,1,83,14.3001819028155,2.5,2.5,TRUE,TRUE,1,SSP5_8_5,AM_85,experiment1
1,11.7464964929966,1,83,14.3001819028155,2.5,2.5,TRUE,TRUE,1,SSP5_8_5,AM_85,experiment1
4,13.103522898369,1,83,14.3001819028155,2.5,2.5,TRUE,TRUE,1,SSP5_8_5,AM_85,experiment1
2,12.4323496094873,1,83,14.3001819028155,2.5,2.5,TRUE,TRUE,1,SSP5_8_5,AM_85,experiment1
2,13.7042276126513,1,83,14.3001819028155,2.5,2.5,TRUE,TRUE,1,SSP5_8_5,AM_85,experiment1
4,9.87138132753152,1,83,14.3001819028155,2.5,2.5,TRUE,TRUE,1,SSP5_8_5,AM_85,experiment1
2,14.1616762961035,1,83,14.3001819028155,2.5,2.5,TRUE,TRUE,1,SSP5_8_5,AM_85,experiment1
