0,1,0,2,0,0.95,0,13.5238585350788,2.5,1,TRUE,TRUE,1,SSP1_1_9,AM_85,experiment1
1,0.874,0.122470400501505,1.998,0.0446989708829856,1.69375025,0.10990144981919,13.5238585350788,2.5,1,TRUE,TRUE,1,SSP1_1_9,AM_85,experiment1
2,0.8282,0.149221402710962,1.996,0.0631505185092568,2.36113095,0.205236662568127,13.5238585350788,2.5,1,TRUE,TRUE,1,SSP1_1_9,AM_85,experiment1
3,0.7926,0.169747029588308,1.993,0.0834143750078963,2.9662683684375,0.29569409062073,13.5238585350788,2.5,1,TRUE,TRUE,1,SSP1_1_9,AM_85,experiment1
4,0.7702,0.180123303335255,1.993,0.0834143750078963,3.52381622295312,0.384869263825696,13.5238585350788,2.5,1,TRUE,TRUE,1,SSP1_1_9,AM_85,experiment1
5,0.7582,0.187851132677043,1.991,0.0944877131056093,4.04473909124453,0.471564104470254,13.5238585350788,2.5,1,TRUE,TRUE,1,SSP1_1_9,AM_85,experiment1
6,0.741,0.197022378977155,1.99,0.0995485304256668,4.52763933149336,0.555095338343418,13.5238585350788,2.5,1,TRUE,TRUE,1,SSP1_1_9,AM_85,experiment1
7,0.7307,0.197043995940847,1.989,0.104354635210372,4.97959450030903,0.632697757546012,13.5238585350788,2.5,1,TRUE,TRUE,1,SSP1_1_9,AM_85,experiment1
8,0.7234,0.196853222455695,1.988,0.108939744206914,5.40438260246342,0.705268787699692,13.5238585350788,2.5,1,TRUE,TRUE,1,SSP1_1_9,AM_85,experiment1
9,0.7207,0.19915112646222,1.987,0.113330683593826,5.8063446466211,0.772743743415316,13.5238585350788,2.5,1,TRUE,TRUE,1,SSP1_1_9,AM_85,experiment1
10,0.7161,0.197559661418569,1.986,0.117549214450024,6.18562054815105,0.836240065099353,13.5238585350788,2.5,1,TRUE,TRUE,1,SSP1_1_9,AM_85,experiment1
11,0.7178,0.208342426227993,1.984,0.125537881771837,6.54690530276229,0.896780208742865,13.5238585350788,2.5,1,TRUE,TRUE,1,SSP1_1_9,AM_85,experiment1
12,0.7132,0.207385555834462,1.984,0.125537881771837,6.88776444605988,0.954619678788936,13.5238585350788,2.5,1,TRUE,TRUE,1,SSP1_1_9,AM_85,experiment1
13,0.7061,0.20850963111153,1.984,0.125537881771837,7.20811813984087,1.00747914269182,13.5238585350788,2.5,1,TRUE,TRUE,1,SSP1_1_9,AM_85,experiment1
14,0.7098,0.220255470925179,1.983,0.129335717138491,7.51419149104591,1.06014124357804,13.5238585350788,2.5,1,TRUE,TRUE,1,SSP1_1_9,AM_85,experiment1
15,0.7007,0.217708306931332,1.983,0.129335717138491,7.80095602200597,1.10746662248704,13.5238585350788,2.5,1,TRUE,TRUE,1,SSP1_1_9,AM_85,experiment1
16,0.7007,0.216602000051769,1.982,0.133017644294634,8.07340323243478,1.15009900371089,13.5238585350788,2.5,1,TRUE,TRUE,1,SSP1_1_9,AM_85,experiment1
17,0.6995,0.219129568446998,1.982,0.133017644294634,8.33175142516001,1.19134954776609,13.5238585350788,2.5,1,TRUE,TRUE,1,SSP1_1_9,AM_85,experiment1
18,0.7034,0.215951557241607,1.982,0.133017644294634,8.57865388729886,1.22978046440142,13.5238585350788,2.5,1,TRUE,TRUE,1,SSP1_1_9,AM_85,experiment1
19,0.6948,0.216656179002354,1.982,0.133017644294634,8.81012824739806,1.26587309091367,13.5238585350788,2.5,1,TRUE,TRUE,1,SSP1_1_9,AM_85,experiment1
20,0.698,0.21832009450269,1.981,0.136593036636783,9.03113571477773,1.29869147252399,13.5238585350788,2.5,1,TRUE,TRUE,1,SSP1_1_9,AM_85,experiment1
21,0.6943,0.216157891908286,1.981,0.136593036636783,9.23989573467201,1.33048744115828,13.5238585350788,2.5,1,TRUE,TRUE,1,SSP1_1_9,AM_85,experiment1
22,0.6913,0.21559404164028,1.981,0.136593036636783,9.43729568296841,1.36073914849187,13.5238585350788,2.5,1,TRUE,TRUE,1,SSP1_1_9,AM_85,experiment1
23,0.6914,0.216501530971291,1.98,0.140070052543788,9.62486943220364,1.38933509049987,13.5238585350788,2.5,1,TRUE,TRUE,1,SSP1_1_9,AM_85,experiment1
24,0.6927,0.219510580371186,1.98,0.140070052543788,9.80342510042216,1.41535828161892,13.5238585350788,2.5,1,TRUE,TRUE,1,SSP1_1_9,AM_85,experiment1
25,0.6868,0.217607704627187,1.977,0.149978310076802,9.97153774468658,1.43934952964561,13.5238585350788,2.5,1,TRUE,TRUE,1,SSP1_1_9,AM_85,experiment1
26,0.6834,0.223683871735256,1.973,0.162164414398774,10.1304436556506,1.46181691779937,13.5238585350788,2.5,1,TRUE,TRUE,1,SSP1_1_9,AM_85,experiment1
27,0.678,0.223978048402441,1.973,0.162164414398774,10.280120005886,1.48290863097444,13.5238585350788,2.5,1,TRUE,TRUE,1,SSP1_1_9,AM_85,experiment1
28,0.6788,0.223563280841333,1.972,0.16505527329729,10.4225045838196,1.50295667660117,13.5238585350788,2.5,1,TRUE,TRUE,1,SSP1_1_9,AM_85,experiment1
29,0.6754,0.22388605352939,1.971,0.167890402308134,10.5570508929972,1.52146327594507,13.5238585350788,2.5,1,TRUE,TRUE,1,SSP1_1_9,AM_85,experiment1
30,0.6671,0.226005904057103,1.968,0.176088066055048,10.6832080460861,1.5398962777605,13.5238585350788,2.5,1,TRUE,TRUE,1,SSP1_1_9,AM_85,experiment1
31,0.6642,0.227442498425624,1.966,0.181319819316248,10.8025149493641,1.5579049886215,13.5238585350788,2.5,1,TRUE,TRUE,1,SSP1_1_9,AM_85,experiment1
32,0.6623,0.22886915714244,1.964,0.186383311320351,10.9155252608398,1.574572639517,13.5238585350788,2.5,1,TRUE,TRUE,1,SSP1_1_9,AM_85,experiment1
33,0.6617,0.229250225006794,1.964,0.186383311320351,11.0227801619728,1.59075191984976,13.5238585350788,2.5,1,TRUE,TRUE,1,SSP1_1_9,AM_85,experiment1
34,0.6625,0.229164277901828,1.962,0.191291904148065,11.1248217930948,1.60533063663393,13.5238585350788,2.5,1,TRUE,TRUE,1,SSP1_1_9,AM_85,experiment1
35,0.6663,0.232267643588723,1.962,0.191291904148065,11.2223609036769,1.61891241141389,13.5238585350788,2.5,1,TRUE,TRUE,1,SSP1_1_9,AM_85,experiment1
36,0.6636,0.229276269176746,1.962,0.191291904148065,11.3146183550439,1.63131441361712,13.5238585350788,2.5,1,TRUE,TRUE,1,SSP1_1_9,AM_85,experiment1
37,0.6619,0.235868658418248,1.961,0.193691808077979,11.4020279808694,1.64322561507395,13.5238585350788,2.5,1,TRUE,TRUE,1,SSP1_1_9,AM_85,experiment1
38,0.6597,0.23503436163921,1.96,0.196057232558349,11.4847762821019,1.65512159852508,13.5238585350788,2.5,1,TRUE,TRUE,1,SSP1_1_9,AM_85,experiment1
39,0.6576,0.234301380997076,1.958,0.200689502157627,11.5631301439596,1.66659158080599,13.5238585350788,2.5,1,TRUE,TRUE,1,SSP1_1_9,AM_85,experiment1
40,0.6642,0.235060872145097,1.956,0.205197724417465,11.638384292601,1.67755913197108,13.5238585350788,2.5,1,TRUE,TRUE,1,SSP1_1_9,AM_85,experiment1
41,0.6582,0.237126525274987,1.953,0.211744742168102,11.7091972378158,1.68733725467844,13.5238585350788,2.5,1,TRUE,TRUE,1,SSP1_1_9,AM_85,experiment1
42,0.6606,0.244473735618793,1.95,0.218054001448145,11.7767505027008,1.69643730954087,13.5238585350788,2.5,1,TRUE,TRUE,1,SSP1_1_9,AM_85,experiment1
43,0.658,0.244695475797727,1.949,0.220107808692576,11.8406591857571,1.70539464120267,13.5238585350788,2.5,1,TRUE,TRUE,1,SSP1_1_9,AM_85,experiment1
44,0.657,0.245624370393761,1.948,0.222138122224316,11.9012779664165,1.71349368020569,13.5238585350788,2.5,1,TRUE,TRUE,1,SSP1_1_9,AM_85,experiment1
45,0.6596,0.24982043601405,1.948,0.222138122224316,11.9591114254776,1.72120429204667,13.5238585350788,2.5,1,TRUE,TRUE,1,SSP1_1_9,AM_85,experiment1
46,0.6545,0.25183957825007,1.946,0.226130792098589,12.013604487426,1.72865199055184,13.5238585350788,2.5,1,TRUE,TRUE,1,SSP1_1_9,AM_85,experiment1
47,0.6542,0.254847615855647,1.945,0.228094337998616,12.0653515818794,1.73545610200432,13.5238585350788,2.5,1,TRUE,TRUE,1,SSP1_1_9,AM_85,experiment1
48,0.6521,0.252188796716248,1.944,0.230036772966665,12.114345282453,1.74189312368492,13.5238585350788,2.5,1,TRUE,TRUE,1,SSP1_1_9,AM_85,experiment1
49,0.6538,0.253040687616813,1.942,0.233860408557521,12.1610277989533,1.74797026092386,13.5238585350788,2.5,1,TRUE,TRUE,1,SSP1_1_9,AM_85,experiment1
50,0.6509,0.249482326891969,1.941,0.235742602375079,12.2051678611081,1.75397363884762,13.5238585350788,2.5,1,TRUE,TRUE,1,SSP1_1_9,AM_85,experiment1
51,0.65,0.255157020489551,1.939,0.239450070654273,12.2470453658831,1.75957771360861,13.5238585350788,2.5,1,TRUE,TRUE,1,SSP1_1_9,AM_85,experiment1
52,0.6489,0.256719096864052,1.939,0.239450070654273,12.2867564276512,1.76477532772418,13.5238585350788,2.5,1,TRUE,TRUE,1,SSP1_1_9,AM_85,experiment1
53,0.6467,0.259685476194851,1.939,0.239450070654273,12.3243440575718,1.76946822354805,13.5238585350788,2.5,1,TRUE,TRUE,1,SSP1_1_9,AM_85,experiment1
54,0.6477,0.26188412188083,1.936,0.244875404979683,12.3601207753347,1.77418056862769,13.5238585350788,2.5,1,TRUE,TRUE,1,SSP1_1_9,AM_85,experiment1
55,0.6461,0.262208969227873,1.935,0.246649216167082,12.3940209866871,1.77884425826031,13.5238585350788,2.5,1,TRUE,TRUE,1,SSP1_1_9,AM_85,experiment1
56,0.6461,0.259214162386977,1.934,0.248406331855099,12.4262288741491,1.7834088699103,13.5238585350788,2.5,1,TRUE,TRUE,1,SSP1_1_9,AM_85,experiment1
57,0.6378,0.254747043272451,1.934,0.248406331855099,12.456402678228,1.78770709577,13.5238585350788,2.5,1,TRUE,TRUE,1,SSP1_1_9,AM_85,experiment1
58,0.6423,0.260708033398817,1.934,0.248406331855099,12.4852860174666,1.79171903361343,13.5238585350788,2.5,1,TRUE,TRUE,1,SSP1_1_9,AM_85,experiment1
59,0.641,0.256133958319869,1.934,0.248406331855099,12.5126652990045,1.79551976007969,13.5238585350788,2.5,1,TRUE,TRUE,1,SSP1_1_9,AM_85,experiment1
60,0.6399,0.254485270207831,1.934,0.248406331855099,12.5386274735256,1.79914054613212,13.5238585350788,2.5,1,TRUE,TRUE,1,SSP1_1_9,AM_85,experiment1
61,0.6482,0.258425121734601,1.931,0.253580960056751,12.5636428733665,1.80274237109143,13.5238585350788,2.5,1,TRUE,TRUE,1,SSP1_1_9,AM_85,experiment1
62,0.6488,0.259356561177514,1.931,0.253580960056751,12.5874312026716,1.80596752461347,13.5238585350788,2.5,1,TRUE,TRUE,1,SSP1_1_9,AM_85,experiment1
63,0.6515,0.262119164611168,1.931,0.253580960056751,12.6101314306874,1.80925143762975,13.5238585350788,2.5,1,TRUE,TRUE,1,SSP1_1_9,AM_85,experiment1
64,0.6477,0.263484599424965,1.93,0.255274685711618,12.6315629675564,1.81207465608003,13.5238585350788,2.5,1,TRUE,TRUE,1,SSP1_1_9,AM_85,experiment1
65,0.6507,0.262999389122254,1.929,0.256953351846254,12.6520262174657,1.81477914967571,13.5238585350788,2.5,1,TRUE,TRUE,1,SSP1_1_9,AM_85,experiment1
66,0.6554,0.267511499570397,1.928,0.258617251711642,12.6716191231091,1.81748487612572,13.5238585350788,2.5,1,TRUE,TRUE,1,SSP1_1_9,AM_85,experiment1
67,0.6519,0.264700692210006,1.928,0.258617251711642,12.6901254107096,1.8199719396268,13.5238585350788,2.5,1,TRUE,TRUE,1,SSP1_1_9,AM_85,experiment1
68,0.6483,0.264209986406489,1.926,0.261901875885975,12.7076047598074,1.8223712280411,13.5238585350788,2.5,1,TRUE,TRUE,1,SSP1_1_9,AM_85,experiment1
69,0.6498,0.266666591591581,1.926,0.261901875885975,12.724251516986,1.8246729654703,13.5238585350788,2.5,1,TRUE,TRUE,1,SSP1_1_9,AM_85,experiment1
70,0.6465,0.267168727827808,1.926,0.261901875885975,12.7399794614362,1.82691106128927,13.5238585350788,2.5,1,TRUE,TRUE,1,SSP1_1_9,AM_85,experiment1
71,0.6485,0.265118913014591,1.924,0.265130711714607,12.7549732866531,1.82901710142154,13.5238585350788,2.5,1,TRUE,TRUE,1,SSP1_1_9,AM_85,experiment1
72,0.6458,0.265844001310981,1.923,0.266724843503829,12.7691547492577,1.83107747298082,13.5238585350788,2.5,1,TRUE,TRUE,1,SSP1_1_9,AM_85,experiment1
73,0.6432,0.269195516727575,1.919,0.272971634998059,12.7825732177203,1.83312441986707,13.5238585350788,2.5,1,TRUE,TRUE,1,SSP1_1_9,AM_85,experiment1
74,0.642,0.267558568518348,1.917,0.276020265899421,12.7952972846525,1.83500965779605,13.5238585350788,2.5,1,TRUE,TRUE,1,SSP1_1_9,AM_85,experiment1
75,0.6456,0.270210387760452,1.911,0.284886223184204,12.8074642267721,1.83681822219933,13.5238585350788,2.5,1,TRUE,TRUE,1,SSP1_1_9,AM_85,experiment1
76,0.6398,0.270423906282505,1.907,0.290577761426155,12.8189149505547,1.8385541157034,13.5238585350788,2.5,1,TRUE,TRUE,1,SSP1_1_9,AM_85,experiment1
77,0.6471,0.270785736173298,1.905,0.293361655744341,12.8299285550684,1.8402465535339,13.5238585350788,2.5,1,TRUE,TRUE,1,SSP1_1_9,AM_85,experiment1
78,0.6492,0.273265500994974,1.903,0.296105857217784,12.8404297254866,1.84187608011206,13.5238585350788,2.5,1,TRUE,TRUE,1,SSP1_1_9,AM_85,experiment1
79,0.6548,0.274467288200784,1.903,0.296105857217784,12.8504983234804,1.84331811653723,13.5238585350788,2.5,1,TRUE,TRUE,1,SSP1_1_9,AM_85,experiment1
80,0.6517,0.273371252771468,1.9,0.300150112593832,12.8600172072379,1.84469579962641,13.5238585350788,2.5,1,TRUE,TRUE,1,SSP1_1_9,AM_85,experiment1
81,0.6529,0.274311568908125,1.897,0.304110972316823,12.8690802687267,1.84604115774456,13.5238585350788,2.5,1,TRUE,TRUE,1,SSP1_1_9,AM_85,experiment1
82,0.6493,0.275527540230419,1.87,0.336471712352188,12.8776583174355,1.84731604982967,13.5238585350788,2.5,1,TRUE,TRUE,1,SSP1_1_9,AM_85,experiment1
83,0.641,0.285693228167243,1,0,12.8862809697321,1.8485396671308,13.5238585350788,2.5,1,TRUE,TRUE,1,SSP1_1_9,AM_85,experiment1
0,1,0,2,0,0.95,0,14.7415253335472,2.5,2.5,TRUE,TRUE,1,SSP1_1_9,AM_85,experiment1
1,0.8813,0.121799610611632,1.998,0.0446989708829856,1.7003385,0.109287137005298,14.7415253335472,2.5,2.5,TRUE,TRUE,1,SSP1_1_9,AM_85,experiment1
2,0.831,0.150338290537047,1.997,0.054717401199198,2.37007698125,0.203753549349035,14.7415253335472,2.5,2.5,TRUE,TRUE,1,SSP1_1_9,AM_85,experiment1
3,0.8099,0.164069829368196,1.997,0.054717401199198,2.9891424565625,0.296184629702345,14.7415253335472,2.5,2.5,TRUE,TRUE,1,SSP1_1_9,AM_85,experiment1
4,0.7771,0.171799607406726,1.996,0.0631505185092568,3.55191333240625,0.384637039545692,14.7415253335472,2.5,2.5,TRUE,TRUE,1,SSP1_1_9,AM_85,experiment1
5,0.7608,0.182309068881931,1.994,0.0772655807586403,4.07463717582969,0.466841750170526,14.7415253335472,2.5,2.5,TRUE,TRUE,1,SSP1_1_9,AM_85,experiment1
6,0.7532,0.188375277691223,1.994,0.0772655807586403,4.56591746363164,0.543069891658651,14.7415253335472,2.5,2.5,TRUE,TRUE,1,SSP1_1_9,AM_85,experiment1
7,0.7483,0.194563524240709,1.992,0.0891288053546324,5.02944931897331,0.615510935314565,14.7415253335472,2.5,2.5,TRUE,TRUE,1,SSP1_1_9,AM_85,experiment1
8,0.7437,0.193953416901915,1.992,0.0891288053546324,5.46690543426316,0.68358369927741,14.7415253335472,2.5,2.5,TRUE,TRUE,1,SSP1_1_9,AM_85,experiment1
9,0.7354,0.197752233731875,1.992,0.0891288053546324,5.87751922719284,0.750207172385309,14.7415253335472,2.5,2.5,TRUE,TRUE,1,SSP1_1_9,AM_85,experiment1
10,0.7307,0.202752604468151,1.989,0.104354635210372,6.26501429005618,0.807864250823974,14.7415253335472,2.5,2.5,TRUE,TRUE,1,SSP1_1_9,AM_85,experiment1
11,0.7272,0.204846581914666,1.988,0.108939744206914,6.63127035747391,0.86284021286653,14.7415253335472,2.5,2.5,TRUE,TRUE,1,SSP1_1_9,AM_85,experiment1
12,0.7219,0.210082185166959,1.986,0.117549214450024,6.97654424268771,0.918478061450186,14.7415253335472,2.5,2.5,TRUE,TRUE,1,SSP1_1_9,AM_85,experiment1
13,0.7191,0.208539393589505,1.985,0.121613279660528,7.30321332744824,0.97151739223877,14.7415253335472,2.5,2.5,TRUE,TRUE,1,SSP1_1_9,AM_85,experiment1
14,0.7146,0.208399304869931,1.985,0.121613279660528,7.61146414743504,1.02193778095448,14.7415253335472,2.5,2.5,TRUE,TRUE,1,SSP1_1_9,AM_85,experiment1
15,0.7161,0.211602376086767,1.985,0.121613279660528,7.90496261642547,1.06842697003747,14.7415253335472,2.5,2.5,TRUE,TRUE,1,SSP1_1_9,AM_85,experiment1
16,0.7101,0.215207584216505,1.982,0.133017644294634,8.18134015800534,1.11040143968329,14.7415253335472,2.5,2.5,TRUE,TRUE,1,SSP1_1_9,AM_85,experiment1
17,0.7123,0.218234590146329,1.982,0.133017644294634,8.44477269400683,1.15048848185089,14.7415253335472,2.5,2.5,TRUE,TRUE,1,SSP1_1_9,AM_85,experiment1
18,0.715,0.218363647804946,1.982,0.133017644294634,8.69605245793509,1.18751695529278,14.7415253335472,2.5,2.5,TRUE,TRUE,1,SSP1_1_9,AM_85,experiment1
19,0.7192,0.216236255327635,1.982,0.133017644294634,8.93627387454106,1.22393848907706,14.7415253335472,2.5,2.5,TRUE,TRUE,1,SSP1_1_9,AM_85,experiment1
20,0.715,0.218684299442879,1.98,0.140070052543788,9.16308791764894,1.25583782818804,14.7415253335472,2.5,2.5,TRUE,TRUE,1,SSP1_1_9,AM_85,experiment1
21,0.7148,0.219474666258156,1.98,0.140070052543788,9.37849655189244,1.28756603896731,14.7415253335472,2.5,2.5,TRUE,TRUE,1,SSP1_1_9,AM_85,experiment1
22,0.7127,0.216600151490311,1.978,0.146756729104793,9.58252004068831,1.31679429879601,14.7415253335472,2.5,2.5,TRUE,TRUE,1,SSP1_1_9,AM_85,experiment1
23,0.7131,0.22268358264133,1.975,0.156203071030628,9.77650294900777,1.34494504604791,14.7415253335472,2.5,2.5,TRUE,TRUE,1,SSP1_1_9,AM_85,experiment1
24,0.7119,0.224362939739897,1.973,0.162164414398774,9.96048158338083,1.37089534699707,14.7415253335472,2.5,2.5,TRUE,TRUE,1,SSP1_1_9,AM_85,experiment1
25,0.7074,0.224132718440382,1.972,0.16505527329729,10.1340886216149,1.39547173429308,14.7415253335472,2.5,2.5,TRUE,TRUE,1,SSP1_1_9,AM_85,experiment1
26,0.714,0.228377223374303,1.97,0.170672578726429,10.3006926133385,1.41774259162346,14.7415253335472,2.5,2.5,TRUE,TRUE,1,SSP1_1_9,AM_85,experiment1
27,0.7099,0.226325458605993,1.97,0.170672578726429,10.4579913152463,1.4382868848267,14.7415253335472,2.5,2.5,TRUE,TRUE,1,SSP1_1_9,AM_85,experiment1
28,0.7027,0.231422268302483,1.968,0.176088066055048,10.6058209397178,1.45791475585109,14.7415253335472,2.5,2.5,TRUE,TRUE,1,SSP1_1_9,AM_85,experiment1
29,0.7002,0.230201982947482,1.967,0.178725887724591,10.745733217994,1.47622447386047,14.7415253335472,2.5,2.5,TRUE,TRUE,1,SSP1_1_9,AM_85,experiment1
30,0.699,0.230764495215907,1.967,0.178725887724591,10.8784051941655,1.49417737254705,14.7415253335472,2.5,2.5,TRUE,TRUE,1,SSP1_1_9,AM_85,experiment1
31,0.6953,0.230783819127709,1.967,0.178725887724591,11.0037268390359,1.51074842230896,14.7415253335472,2.5,2.5,TRUE,TRUE,1,SSP1_1_9,AM_85,experiment1
32,0.6942,0.232724129648218,1.966,0.181319819316248,11.1225891744571,1.52622566062209,14.7415253335472,2.5,2.5,TRUE,TRUE,1,SSP1_1_9,AM_85,experiment1
33,0.7004,0.239577205170353,1.962,0.191291904148065,11.2366272706414,1.54071722492636,14.7415253335472,2.5,2.5,TRUE,TRUE,1,SSP1_1_9,AM_85,experiment1
34,0.702,0.239109123985625,1.961,0.193691808077979,11.3452374996001,1.55408148431767,14.7415253335472,2.5,2.5,TRUE,TRUE,1,SSP1_1_9,AM_85,experiment1
35,0.6913,0.239690971381406,1.96,0.196057232558349,11.4467368684734,1.56640171789124,14.7415253335472,2.5,2.5,TRUE,TRUE,1,SSP1_1_9,AM_85,experiment1
36,0.6871,0.241996182102429,1.957,0.202958597236462,11.5425542133741,1.5785329614588,14.7415253335472,2.5,2.5,TRUE,TRUE,1,SSP1_1_9,AM_85,experiment1
37,0.6821,0.241511734534614,1.956,0.205197724417465,11.6328758321101,1.59020446750272,14.7415253335472,2.5,2.5,TRUE,TRUE,1,SSP1_1_9,AM_85,experiment1
38,0.6894,0.24406394081717,1.954,0.209589904165081,11.7196824119709,1.60101301963205,14.7415253335472,2.5,2.5,TRUE,TRUE,1,SSP1_1_9,AM_85,experiment1
39,0.6931,0.247272185119017,1.954,0.209589904165081,11.8026241578181,1.61150200721413,14.7415253335472,2.5,2.5,TRUE,TRUE,1,SSP1_1_9,AM_85,experiment1
40,0.6917,0.243187685235602,1.953,0.211744742168102,11.881253999532,1.62083181124617,14.7415253335472,2.5,2.5,TRUE,TRUE,1,SSP1_1_9,AM_85,experiment1
41,0.688,0.244613646054009,1.953,0.211744742168102,11.9555232149415,1.63006291414103,14.7415253335472,2.5,2.5,TRUE,TRUE,1,SSP1_1_9,AM_85,experiment1
42,0.6897,0.243563612293038,1.952,0.213873190797121,12.0262717900234,1.6392666809733,14.7415253335472,2.5,2.5,TRUE,TRUE,1,SSP1_1_9,AM_85,experiment1
43,0.6938,0.247674994504699,1.951,0.215976030257169,12.0939173332633,1.64813895565076,14.7415253335472,2.5,2.5,TRUE,TRUE,1,SSP1_1_9,AM_85,experiment1
44,0.6917,0.244624101328857,1.951,0.215976030257169,12.1579717748015,1.6564571431813,14.7415253335472,2.5,2.5,TRUE,TRUE,1,SSP1_1_9,AM_85,experiment1
45,0.6888,0.248830216164509,1.95,0.218054001448145,12.218554259767,1.66479061825369,14.7415253335472,2.5,2.5,TRUE,TRUE,1,SSP1_1_9,AM_85,experiment1
46,0.6879,0.246585470769051,1.95,0.218054001448145,12.2760268501356,1.67245895878869,14.7415253335472,2.5,2.5,TRUE,TRUE,1,SSP1_1_9,AM_85,experiment1
47,0.6852,0.249405619750564,1.947,0.224145580463326,12.3304084041303,1.67965677526093,14.7415253335472,2.5,2.5,TRUE,TRUE,1,SSP1_1_9,AM_85,experiment1
48,0.678,0.254205862679484,1.946,0.226130792098589,12.381491768243,1.68613906024357,14.7415253335472,2.5,2.5,TRUE,TRUE,1,SSP1_1_9,AM_85,experiment1
49,0.6791,0.254947422399577,1.945,0.228094337998616,12.4301094508715,1.69241804562259,14.7415253335472,2.5,2.5,TRUE,TRUE,1,SSP1_1_9,AM_85,experiment1
50,0.679,0.253185906209455,1.943,0.231958627355839,12.4762962493687,1.6986837445342,14.7415253335472,2.5,2.5,TRUE,TRUE,1,SSP1_1_9,AM_85,experiment1
51,0.6777,0.254081221791905,1.942,0.233860408557521,12.5200869043908,1.70446936953524,14.7415253335472,2.5,2.5,TRUE,TRUE,1,SSP1_1_9,AM_85,experiment1
52,0.6739,0.255252706046271,1.939,0.239450070654273,12.5614472336134,1.70961200853655,14.7415253335472,2.5,2.5,TRUE,TRUE,1,SSP1_1_9,AM_85,experiment1
53,0.6826,0.257416983712232,1.939,0.239450070654273,12.6012847941953,1.71463733239156,14.7415253335472,2.5,2.5,TRUE,TRUE,1,SSP1_1_9,AM_85,experiment1
54,0.6875,0.254869983930452,1.939,0.239450070654273,12.6394222156682,1.7194996571653,14.7415253335472,2.5,2.5,TRUE,TRUE,1,SSP1_1_9,AM_85,experiment1
55,0.6889,0.256773679964911,1.939,0.239450070654273,12.6757319523457,1.72413176665125,14.7415253335472,2.5,2.5,TRUE,TRUE,1,SSP1_1_9,AM_85,experiment1
56,0.6916,0.259184522332289,1.938,0.241276219744537,12.7103739694407,1.72860354442749,14.7415253335472,2.5,2.5,TRUE,TRUE,1,SSP1_1_9,AM_85,experiment1
57,0.6842,0.255294997082856,1.937,0.243084532807191,12.7429086911962,1.732887651474,14.7415253335472,2.5,2.5,TRUE,TRUE,1,SSP1_1_9,AM_85,experiment1
58,0.6792,0.26064400107291,1.935,0.246649216167082,12.7735790536902,1.73697771658116,14.7415253335472,2.5,2.5,TRUE,TRUE,1,SSP1_1_9,AM_85,experiment1
59,0.6733,0.264777675073291,1.931,0.253580960056751,12.8024533002053,1.74079455066797,14.7415253335472,2.5,2.5,TRUE,TRUE,1,SSP1_1_9,AM_85,experiment1
60,0.669,0.261930539661964,1.931,0.253580960056751,12.8296956392658,1.74466218400391,14.7415253335472,2.5,2.5,TRUE,TRUE,1,SSP1_1_9,AM_85,experiment1
61,0.6647,0.265507823621837,1.929,0.256953351846254,12.8554012338001,1.74820063810597,14.7415253335472,2.5,2.5,TRUE,TRUE,1,SSP1_1_9,AM_85,experiment1
62,0.664,0.267423849937726,1.928,0.258617251711642,12.8797958741967,1.75144894896558,14.7415253335472,2.5,2.5,TRUE,TRUE,1,SSP1_1_9,AM_85,experiment1
63,0.6633,0.271619010540291,1.926,0.261901875885975,12.90294826809,1.75452530690087,14.7415253335472,2.5,2.5,TRUE,TRUE,1,SSP1_1_9,AM_85,experiment1
64,0.6569,0.270343254910263,1.924,0.265130711714607,12.9247184603154,1.7574678399698,14.7415253335472,2.5,2.5,TRUE,TRUE,1,SSP1_1_9,AM_85,experiment1
65,0.6537,0.270406045475003,1.922,0.268305773303498,12.9452951597691,1.7602821445236,14.7415253335472,2.5,2.5,TRUE,TRUE,1,SSP1_1_9,AM_85,experiment1
66,0.6583,0.273982072727717,1.919,0.272971634998059,12.9649958424796,1.76317919613555,14.7415253335472,2.5,2.5,TRUE,TRUE,1,SSP1_1_9,AM_85,experiment1
67,0.6641,0.276147510304633,1.919,0.272971634998059,12.983888760201,1.76592230180302,14.7415253335472,2.5,2.5,TRUE,TRUE,1,SSP1_1_9,AM_85,experiment1
68,0.6592,0.271936222870932,1.917,0.276020265899421,13.0016976618109,1.76847588629322,14.7415253335472,2.5,2.5,TRUE,TRUE,1,SSP1_1_9,AM_85,experiment1
69,0.6609,0.273342104158701,1.917,0.276020265899421,13.018663010614,1.77098438539443,14.7415253335472,2.5,2.5,TRUE,TRUE,1,SSP1_1_9,AM_85,experiment1
70,0.6618,0.271504096607168,1.916,0.277526613176144,13.0348049862576,1.77332974668075,14.7415253335472,2.5,2.5,TRUE,TRUE,1,SSP1_1_9,AM_85,experiment1
71,0.6677,0.278323865620924,1.913,0.281976081451088,13.0502904735168,1.77569729423336,14.7415253335472,2.5,2.5,TRUE,TRUE,1,SSP1_1_9,AM_85,experiment1
72,0.6673,0.276291597858218,1.911,0.284886223184204,13.064994591543,1.77804109244134,14.7415253335472,2.5,2.5,TRUE,TRUE,1,SSP1_1_9,AM_85,experiment1
73,0.6593,0.274059516562769,1.909,0.287753022228789,13.0787860136707,1.78021834353965,14.7415253335472,2.5,2.5,TRUE,TRUE,1,SSP1_1_9,AM_85,experiment1
74,0.6604,0.274019938922201,1.908,0.289170571842329,13.0919124099859,1.78220156255683,14.7415253335472,2.5,2.5,TRUE,TRUE,1,SSP1_1_9,AM_85,experiment1
75,0.6623,0.276269859078103,1.905,0.293361655744341,13.104424053407,1.78413670033918,14.7415253335472,2.5,2.5,TRUE,TRUE,1,SSP1_1_9,AM_85,experiment1
76,0.6651,0.28073261442305,1.901,0.29881145943268,13.1163679028165,1.78592854760823,14.7415253335472,2.5,2.5,TRUE,TRUE,1,SSP1_1_9,AM_85,experiment1
77,0.667,0.280944709738286,1.899,0.301479501608136,13.127751158923,1.78774203779363,14.7415253335472,2.5,2.5,TRUE,TRUE,1,SSP1_1_9,AM_85,experiment1
78,0.6713,0.287939610368597,1.894,0.307991653878573,13.1386443521753,1.78942021414818,14.7415253335472,2.5,2.5,TRUE,TRUE,1,SSP1_1_9,AM_85,experiment1
79,0.6722,0.286372430881831,1.895,0.306706812883361,13.1490069238332,1.79095267113891,14.7415253335472,2.5,2.5,TRUE,TRUE,1,SSP1_1_9,AM_85,experiment1
80,0.6599,0.280607788079253,1.891,0.311795151046671,13.1586615226796,1.79236087645327,14.7415253335472,2.5,2.5,TRUE,TRUE,1,SSP1_1_9,AM_85,experiment1
81,0.6683,0.283629257227733,1.883,0.321581116383432,13.1679645566871,1.79367800255614,14.7415253335472,2.5,2.5,TRUE,TRUE,1,SSP1_1_9,AM_85,experiment1
82,0.673,0.283215838559942,1.855,0.352277020396022,13.1768888141958,1.79506581941299,14.7415253335472,2.5,2.5,TRUE,TRUE,1,SSP1_1_9,AM_85,experiment1
83,0.6688,0.284723774257837,1,0,13.1858854286356,1.79643826216491,14.7415253335472,2.5,2.5,TRUE,TRUE,1,SSP1_1_9,AM_85,experiment1
0,1,0,2,0,0.95,0,13.1386141725145,2.5,1,TRUE,TRUE,1,SSP1_2_6,AM_85,experiment1
1,0.8769,0.128502540453109,1.997,0.054717401199198,1.696412625,0.115071597456869,13.1386141725145,2.5,1,TRUE,TRUE,1,SSP1_2_6,AM_85,experiment1
2,0.8225,0.14807321052667,1.997,0.054717401199198,2.35886341875,0.206814141201728,13.1386141725145,2.5,1,TRUE,TRUE,1,SSP1_2_6,AM_85,experiment1
3,0.7947,0.162074606827159,1.996,0.0631505185092568,2.965589124375,0.296450317159988,13.1386141725145,2.5,1,TRUE,TRUE,1,SSP1_2_6,AM_85,experiment1
4,0.7725,0.178284984043905,1.995,0.0705689732104696,3.52483929695312,0.386463682181498,13.1386141725145,2.5,1,TRUE,TRUE,1,SSP1_2_6,AM_85,experiment1
5,0.7524,0.190448183269126,1.994,0.0772655807586403,4.04138836849531,0.471351901209083,13.1386141725145,2.5,1,TRUE,TRUE,1,SSP1_2_6,AM_85,experiment1
6,0.746,0.190841348822577,1.994,0.0772655807586403,4.52764062776539,0.553236234631134,13.1386141725145,2.5,1,TRUE,TRUE,1,SSP1_2_6,AM_85,experiment1
7,0.7379,0.194297044088018,1.993,0.0834143750078963,4.98423973960009,0.631618761955757,13.1386141725145,2.5,1,TRUE,TRUE,1,SSP1_2_6,AM_85,experiment1
8,0.7276,0.203714849089947,1.989,0.104354635210372,5.41164337680483,0.704604119632426,13.1386141725145,2.5,1,TRUE,TRUE,1,SSP1_2_6,AM_85,experiment1
9,0.7228,0.205041952298066,1.988,0.108939744206914,5.81483283168795,0.774404037438211,13.1386141725145,2.5,1,TRUE,TRUE,1,SSP1_2_6,AM_85,experiment1
10,0.7223,0.20754706884412,1.986,0.117549214450024,6.19763529379001,0.836350336214942,13.1386141725145,2.5,1,TRUE,TRUE,1,SSP1_2_6,AM_85,experiment1
11,0.7162,0.209000577131359,1.986,0.117549214450024,6.55800143625222,0.894858756111268,13.1386141725145,2.5,1,TRUE,TRUE,1,SSP1_2_6,AM_85,experiment1
12,0.7118,0.211010154460124,1.985,0.121613279660528,6.89811623352906,0.951615683698863,13.1386141725145,2.5,1,TRUE,TRUE,1,SSP1_2_6,AM_85,experiment1
13,0.7099,0.214937637905017,1.984,0.125537881771837,7.22032309223069,1.0053823797335,13.1386141725145,2.5,1,TRUE,TRUE,1,SSP1_2_6,AM_85,experiment1
14,0.7099,0.208651684693715,1.984,0.125537881771837,7.52641960799724,1.05322730549441,13.1386141725145,2.5,1,TRUE,TRUE,1,SSP1_2_6,AM_85,experiment1
15,0.7048,0.210383509860496,1.981,0.136593036636783,7.81503267096563,1.09814881699913,13.1386141725145,2.5,1,TRUE,TRUE,1,SSP1_2_6,AM_85,experiment1
16,0.7046,0.215000151314052,1.98,0.140070052543788,8.08915236273533,1.14233735511998,13.1386141725145,2.5,1,TRUE,TRUE,1,SSP1_2_6,AM_85,experiment1
17,0.6903,0.214620530173541,1.978,0.146756729104793,8.34392562659443,1.18042032352418,13.1386141725145,2.5,1,TRUE,TRUE,1,SSP1_2_6,AM_85,experiment1
18,0.6909,0.21529873093807,1.978,0.146756729104793,8.5861866394221,1.2175112477111,13.1386141725145,2.5,1,TRUE,TRUE,1,SSP1_2_6,AM_85,experiment1
19,0.6949,0.221207872651321,1.977,0.149978310076802,8.81778646959413,1.25200195069301,13.1386141725145,2.5,1,TRUE,TRUE,1,SSP1_2_6,AM_85,experiment1
20,0.6968,0.22356148984058,1.976,0.1531255937048,9.03847040342883,1.2823218482474,13.1386141725145,2.5,1,TRUE,TRUE,1,SSP1_2_6,AM_85,experiment1
21,0.6911,0.225569660352787,1.975,0.156203071030628,9.24629217604269,1.31020035758106,13.1386141725145,2.5,1,TRUE,TRUE,1,SSP1_2_6,AM_85,experiment1
22,0.6931,0.222872299898534,1.973,0.162164414398774,9.44436830944809,1.33758977322459,13.1386141725145,2.5,1,TRUE,TRUE,1,SSP1_2_6,AM_85,experiment1
23,0.6872,0.227789481864392,1.972,0.16505527329729,9.63083250039083,1.3647594167398,13.1386141725145,2.5,1,TRUE,TRUE,1,SSP1_2_6,AM_85,experiment1
24,0.6806,0.225952859452353,1.969,0.173404351355637,9.80618431903979,1.39078216301803,13.1386141725145,2.5,1,TRUE,TRUE,1,SSP1_2_6,AM_85,experiment1
25,0.6784,0.226814648744046,1.968,0.176088066055048,9.97220197855321,1.41369349572806,13.1386141725145,2.5,1,TRUE,TRUE,1,SSP1_2_6,AM_85,experiment1
26,0.67,0.230766664085724,1.967,0.178725887724591,10.1278283819416,1.43505036650491,13.1386141725145,2.5,1,TRUE,TRUE,1,SSP1_2_6,AM_85,experiment1
27,0.6542,0.228942732522294,1.965,0.18387171834953,10.2719395830621,1.45376354988532,13.1386141725145,2.5,1,TRUE,TRUE,1,SSP1_2_6,AM_85,experiment1
28,0.6564,0.232191629808124,1.964,0.186383311320351,10.4093535790938,1.47082539051179,13.1386141725145,2.5,1,TRUE,TRUE,1,SSP1_2_6,AM_85,experiment1
29,0.6473,0.236788468424412,1.961,0.193691808077979,10.5379758583866,1.48876988091378,13.1386141725145,2.5,1,TRUE,TRUE,1,SSP1_2_6,AM_85,experiment1
30,0.6336,0.229790869800878,1.96,0.196057232558349,10.6573836955433,1.50517027056642,13.1386141725145,2.5,1,TRUE,TRUE,1,SSP1_2_6,AM_85,experiment1
31,0.6367,0.23280315141189,1.959,0.198389410902796,10.7714313320182,1.52134769941374,13.1386141725145,2.5,1,TRUE,TRUE,1,SSP1_2_6,AM_85,experiment1
32,0.6228,0.229200114949126,1.957,0.202958597236462,10.8772370291082,1.53562642294501,13.1386141725145,2.5,1,TRUE,TRUE,1,SSP1_2_6,AM_85,experiment1
33,0.618,0.23454426237069,1.955,0.207407854282373,10.9769307656544,1.55008568313099,13.1386141725145,2.5,1,TRUE,TRUE,1,SSP1_2_6,AM_85,experiment1
34,0.6077,0.236022067647109,1.953,0.211744742168102,11.0699457648567,1.56280490585968,13.1386141725145,2.5,1,TRUE,TRUE,1,SSP1_2_6,AM_85,experiment1
35,0.5997,0.238173543108038,1.952,0.213873190797121,11.1570556693413,1.57495096478207,13.1386141725145,2.5,1,TRUE,TRUE,1,SSP1_2_6,AM_85,experiment1
36,0.5952,0.243467115307666,1.949,0.220107808692576,11.2391580559965,1.58592448521795,13.1386141725145,2.5,1,TRUE,TRUE,1,SSP1_2_6,AM_85,experiment1
37,0.5814,0.241976429828594,1.944,0.230036772966665,11.3152258610237,1.59631572600721,13.1386141725145,2.5,1,TRUE,TRUE,1,SSP1_2_6,AM_85,experiment1
38,0.58,0.248639944139758,1.942,0.238102273598327,11.3873008894636,1.60645136667908,13.1386141725145,2.5,1,TRUE,TRUE,1,SSP1_2_6,AM_85,experiment1
39,0.5766,0.250349985250879,1.941,0.24408723559125,11.4553287995414,1.61611341974418,13.1386141725145,2.5,1,TRUE,TRUE,1,SSP1_2_6,AM_85,experiment1
40,0.5628,0.249355846810012,1.939,0.251679046291785,11.5182705197426,1.62523627875856,13.1386141725145,2.5,1,TRUE,TRUE,1,SSP1_2_6,AM_85,experiment1
41,0.5568,0.250272644123157,1.941,0.259974203694495,11.5773228677175,1.63319828009008,13.1386141725145,2.5,1,TRUE,TRUE,1,SSP1_2_6,AM_85,experiment1
42,0.5539,0.254223168533907,1.941,0.271279546948517,11.6330700123409,1.64064419235911,13.1386141725145,2.5,1,TRUE,TRUE,1,SSP1_2_6,AM_85,experiment1
43,0.5469,0.249825544736328,1.946,0.295247643802912,11.6851767070022,1.647616127597,13.1386141725145,2.5,1,TRUE,TRUE,1,SSP1_2_6,AM_85,experiment1
44,0.5468,0.256037722445962,1.956,0.322750938291693,11.7344891304421,1.65481485579549,13.1386141725145,2.5,1,TRUE,TRUE,1,SSP1_2_6,AM_85,experiment1
45,0.5376,0.260142103308776,1.967,0.357825430956268,11.7802542713146,1.66082562327205,13.1386141725145,2.5,1,TRUE,TRUE,1,SSP1_2_6,AM_85,experiment1
46,0.5242,0.256320229517805,1.977,0.380283598930608,11.8223670336981,1.66641302669379,13.1386141725145,2.5,1,TRUE,TRUE,1,SSP1_2_6,AM_85,experiment1
47,0.5166,0.267237452195339,1.982,0.409687495347178,11.8615855252519,1.67177734176232,13.1386141725145,2.5,1,TRUE,TRUE,1,SSP1_2_6,AM_85,experiment1
48,0.5041,0.26586439000715,1.992,0.436034546941095,11.8976605694501,1.67706084805092,13.1386141725145,2.5,1,TRUE,TRUE,1,SSP1_2_6,AM_85,experiment1
49,0.499,0.269316786575831,1.997,0.466056014024289,11.9313970938602,1.6819396053607,13.1386141725145,2.5,1,TRUE,TRUE,1,SSP1_2_6,AM_85,experiment1
50,0.4983,0.267803713246902,2.007,0.487019700000101,11.9632494281881,1.68622115166485,13.1386141725145,2.5,1,TRUE,TRUE,1,SSP1_2_6,AM_85,experiment1
51,0.4885,0.26950024189299,2.011,0.507085925791809,11.9927313859896,1.69017777879116,13.1386141725145,2.5,1,TRUE,TRUE,1,SSP1_2_6,AM_85,experiment1
52,0.4864,0.273440687919354,2.013,0.520674660514704,12.0205413338065,1.69389595665761,13.1386141725145,2.5,1,TRUE,TRUE,1,SSP1_2_6,AM_85,experiment1
53,0.4851,0.279187993896471,2.001,0.515038119234163,12.0469733186652,1.69751020277121,13.1386141725145,2.5,1,TRUE,TRUE,1,SSP1_2_6,AM_85,experiment1
54,0.4827,0.281193491709498,2.013,0.53208468697578,12.071815780783,1.70064761276784,13.1386141725145,2.5,1,TRUE,TRUE,1,SSP1_2_6,AM_85,experiment1
55,0.4838,0.282094199049071,2.012,0.536790596177079,12.0954698533409,1.70396008799436,13.1386141725145,2.5,1,TRUE,TRUE,1,SSP1_2_6,AM_85,experiment1
56,0.4822,0.287412187921399,1.995,0.530335984312074,12.1179654023665,1.70692579772252,13.1386141725145,2.5,1,TRUE,TRUE,1,SSP1_2_6,AM_85,experiment1
57,0.4772,0.287998442883122,1.989,0.532129835812804,12.1391064630319,1.70976937076703,13.1386141725145,2.5,1,TRUE,TRUE,1,SSP1_2_6,AM_85,experiment1
58,0.4716,0.285963660655013,1.967,0.523626952309739,12.1590449870882,1.7121413869849,13.1386141725145,2.5,1,TRUE,TRUE,1,SSP1_2_6,AM_85,experiment1
59,0.4698,0.290882403339515,1.958,0.523937506302527,12.1779428186326,1.71431214698153,13.1386141725145,2.5,1,TRUE,TRUE,1,SSP1_2_6,AM_85,experiment1
60,0.4661,0.293507984451764,1.933,0.50869418098674,12.1958716871299,1.71661358974069,13.1386141725145,2.5,1,TRUE,TRUE,1,SSP1_2_6,AM_85,experiment1
61,0.462,0.289378194997031,1.902,0.478147074261283,12.2129145067006,1.71879562333558,13.1386141725145,2.5,1,TRUE,TRUE,1,SSP1_2_6,AM_85,experiment1
62,0.4563,0.290352569498902,1.877,0.456156857976595,12.2290084125128,1.72104776901003,13.1386141725145,2.5,1,TRUE,TRUE,1,SSP1_2_6,AM_85,experiment1
63,0.4529,0.288330929185068,1.841,0.414597263486978,12.2443539092432,1.72308877333848,13.1386141725145,2.5,1,TRUE,TRUE,1,SSP1_2_6,AM_85,experiment1
64,0.4458,0.288592525276809,1.828,0.403210340366636,12.2587342851131,1.72500820817725,13.1386141725145,2.5,1,TRUE,TRUE,1,SSP1_2_6,AM_85,experiment1
65,0.4353,0.286471597154021,1.814,0.394410394842174,12.2720908523687,1.72658913102451,13.1386141725145,2.5,1,TRUE,TRUE,1,SSP1_2_6,AM_85,experiment1
66,0.4359,0.288902500256842,1.809,0.393285740491152,12.2848133721334,1.72823034547313,13.1386141725145,2.5,1,TRUE,TRUE,1,SSP1_2_6,AM_85,experiment1
67,0.4305,0.28660406817052,1.804,0.397167145848875,12.2967423631334,1.72969584485482,13.1386141725145,2.5,1,TRUE,TRUE,1,SSP1_2_6,AM_85,experiment1
68,0.4235,0.289899623648931,1.793,0.40535825551642,12.307887625843,1.73120233818685,13.1386141725145,2.5,1,TRUE,TRUE,1,SSP1_2_6,AM_85,experiment1
69,0.4202,0.290923695488347,1.788,0.408929362143663,12.3183914951613,1.73279002626049,13.1386141725145,2.5,1,TRUE,TRUE,1,SSP1_2_6,AM_85,experiment1
70,0.4222,0.293791547654921,1.786,0.410332026988355,12.3284252004761,1.73431582684396,13.1386141725145,2.5,1,TRUE,TRUE,1,SSP1_2_6,AM_85,experiment1
71,0.4314,0.297392808390658,1.782,0.413093992508541,12.3381912267631,1.73587492109168,13.1386141725145,2.5,1,TRUE,TRUE,1,SSP1_2_6,AM_85,experiment1
72,0.4191,0.294230796759554,1.779,0.415128090270137,12.3471816095016,1.73737657805533,13.1386141725145,2.5,1,TRUE,TRUE,1,SSP1_2_6,AM_85,experiment1
73,0.4245,0.299431810951023,1.775,0.417791275099839,12.3558482887974,1.73877794207775,13.1386141725145,2.5,1,TRUE,TRUE,1,SSP1_2_6,AM_85,experiment1
74,0.4302,0.305518086700773,1.773,0.41910219117376,12.3642054277848,1.74003641471311,13.1386141725145,2.5,1,TRUE,TRUE,1,SSP1_2_6,AM_85,experiment1
75,0.4257,0.30288818275273,1.769,0.421683313419937,12.37205752067,1.74122896113437,13.1386141725145,2.5,1,TRUE,TRUE,1,SSP1_2_6,AM_85,experiment1
76,0.4252,0.305545934874477,1.764,0.424834655465493,12.379512193231,1.74227207860407,13.1386141725145,2.5,1,TRUE,TRUE,1,SSP1_2_6,AM_85,experiment1
77,0.4194,0.299087099509646,1.763,0.425455064621415,12.3864889095571,1.74329202503095,13.1386141725145,2.5,1,TRUE,TRUE,1,SSP1_2_6,AM_85,experiment1
78,0.4139,0.296723498959612,1.761,0.426686138819931,12.3930229132019,1.74427655701079,13.1386141725145,2.5,1,TRUE,TRUE,1,SSP1_2_6,AM_85,experiment1
79,0.4162,0.299845739451918,1.76,0.427296831936047,12.3992690277943,1.7452461751319,13.1386141725145,2.5,1,TRUE,TRUE,1,SSP1_2_6,AM_85,experiment1
80,0.4149,0.3008296669022,1.755,0.430302405478008,12.4051863625712,1.74607688753013,13.1386141725145,2.5,1,TRUE,TRUE,1,SSP1_2_6,AM_85,experiment1
81,0.4175,0.303010834072918,1.748,0.434378503939461,12.4108518007291,1.74683303833271,13.1386141725145,2.5,1,TRUE,TRUE,1,SSP1_2_6,AM_85,experiment1
82,0.4211,0.304758375877789,1.727,0.445723759373078,12.4162998103704,1.74763698154815,13.1386141725145,2.5,1,TRUE,TRUE,1,SSP1_2_6,AM_85,experiment1
83,0.4189,0.309691295807129,1,0,12.4219348010834,1.74844919188641,13.1386141725145,2.5,1,TRUE,TRUE,1,SSP1_2_6,AM_85,experiment1
0,1,0,2,0,0.95,0,14.7076149799364,2.5,2.5,TRUE,TRUE,1,SSP1_2_6,AM_85,experiment1
1,0.8766,0.132400792935579,1.999,0.0316227766016838,1.696051625,0.119200819122663,14.7076149799364,2.5,2.5,TRUE,TRUE,1,SSP1_2_6,AM_85,experiment1
2,0.8194,0.156166667467895,1.997,0.054717401199198,2.35584455625,0.217884565053664,14.7076149799364,2.5,2.5,TRUE,TRUE,1,SSP1_2_6,AM_85,experiment1
3,0.7819,0.174450058248264,1.994,0.0772655807586403,2.9522260325,0.317671677822572,14.7076149799364,2.5,2.5,TRUE,TRUE,1,SSP1_2_6,AM_85,experiment1
4,0.7692,0.1819463230309,1.991,0.0944877131056093,3.50907748417187,0.413256963190735,14.7076149799364,2.5,2.5,TRUE,TRUE,1,SSP1_2_6,AM_85,experiment1
5,0.7568,0.186945737337626,1.99,0.0995485304256668,4.02900797841094,0.502704108420631,14.7076149799364,2.5,2.5,TRUE,TRUE,1,SSP1_2_6,AM_85,experiment1
6,0.7505,0.194415913822782,1.989,0.104354635210372,4.51857733983746,0.590294219971289,14.7076149799364,2.5,2.5,TRUE,TRUE,1,SSP1_2_6,AM_85,experiment1
7,0.7385,0.204865125679603,1.988,0.108939744206914,4.97574035903875,0.675373617049334,14.7076149799364,2.5,2.5,TRUE,TRUE,1,SSP1_2_6,AM_85,experiment1
8,0.7326,0.202825980531041,1.987,0.113330683593826,5.40635826823309,0.754434857462456,14.7076149799364,2.5,2.5,TRUE,TRUE,1,SSP1_2_6,AM_85,experiment1
9,0.7305,0.208526337025406,1.986,0.117549214450024,5.81421787124228,0.829497526669544,14.7076149799364,2.5,2.5,TRUE,TRUE,1,SSP1_2_6,AM_85,experiment1
10,0.7314,0.205368488858968,1.986,0.117549214450024,6.20219641418405,0.899255230813561,14.7076149799364,2.5,2.5,TRUE,TRUE,1,SSP1_2_6,AM_85,experiment1
11,0.7234,0.205608158191047,1.985,0.121613279660528,6.56648016728182,0.960820832436501,14.7076149799364,2.5,2.5,TRUE,TRUE,1,SSP1_2_6,AM_85,experiment1
12,0.7219,0.209652913989633,1.984,0.125537881771837,6.91180538670394,1.01890620569473,14.7076149799364,2.5,2.5,TRUE,TRUE,1,SSP1_2_6,AM_85,experiment1
13,0.7179,0.212778910761534,1.984,0.125537881771837,7.23791364523849,1.07238035762322,14.7076149799364,2.5,2.5,TRUE,TRUE,1,SSP1_2_6,AM_85,experiment1
14,0.7174,0.211475676998472,1.984,0.125537881771837,7.54748484523124,1.12316499746869,14.7076149799364,2.5,2.5,TRUE,TRUE,1,SSP1_2_6,AM_85,experiment1
15,0.712,0.207844170472013,1.984,0.125537881771837,7.83920080121363,1.16686789211386,14.7076149799364,2.5,2.5,TRUE,TRUE,1,SSP1_2_6,AM_85,experiment1
16,0.7113,0.209681368452889,1.984,0.125537881771837,8.11603827516225,1.20949059472666,14.7076149799364,2.5,2.5,TRUE,TRUE,1,SSP1_2_6,AM_85,experiment1
17,0.7082,0.217623804121057,1.98,0.140070052543788,8.3778819538899,1.25145110349656,14.7076149799364,2.5,2.5,TRUE,TRUE,1,SSP1_2_6,AM_85,experiment1
18,0.7087,0.218774249335182,1.978,0.146756729104793,8.6268598608427,1.29140003376512,14.7076149799364,2.5,2.5,TRUE,TRUE,1,SSP1_2_6,AM_85,experiment1
19,0.7111,0.21907712063286,1.977,0.149978310076802,8.86426716295776,1.32838750449619,14.7076149799364,2.5,2.5,TRUE,TRUE,1,SSP1_2_6,AM_85,experiment1
20,0.7178,0.219662039076877,1.976,0.1531255937048,9.09210289094451,1.3636930845385,14.7076149799364,2.5,2.5,TRUE,TRUE,1,SSP1_2_6,AM_85,experiment1
21,0.7104,0.222578932923539,1.976,0.1531255937048,9.30615268429911,1.39593507034881,14.7076149799364,2.5,2.5,TRUE,TRUE,1,SSP1_2_6,AM_85,experiment1
22,0.7169,0.222157024970501,1.976,0.1531255937048,9.5114978076262,1.42754358025661,14.7076149799364,2.5,2.5,TRUE,TRUE,1,SSP1_2_6,AM_85,experiment1
23,0.7205,0.220495733220324,1.976,0.1531255937048,9.70762683527455,1.45683286114203,14.7076149799364,2.5,2.5,TRUE,TRUE,1,SSP1_2_6,AM_85,experiment1
24,0.7156,0.227394697274031,1.974,0.159214789983058,9.8926179415895,1.48292692809444,14.7076149799364,2.5,2.5,TRUE,TRUE,1,SSP1_2_6,AM_85,experiment1
25,0.7043,0.226280164205157,1.973,0.162164414398774,10.065394891526,1.50785860020052,14.7076149799364,2.5,2.5,TRUE,TRUE,1,SSP1_2_6,AM_85,experiment1
26,0.7,0.227358069334897,1.972,0.16505527329729,10.2284690315842,1.53078893243868,14.7076149799364,2.5,2.5,TRUE,TRUE,1,SSP1_2_6,AM_85,experiment1
27,0.7056,0.226980528151998,1.972,0.16505527329729,10.384721295197,1.552355364057,14.7076149799364,2.5,2.5,TRUE,TRUE,1,SSP1_2_6,AM_85,experiment1
28,0.7042,0.229859076817069,1.97,0.170672578726429,10.5328672294258,1.57336764223783,14.7076149799364,2.5,2.5,TRUE,TRUE,1,SSP1_2_6,AM_85,experiment1
29,0.697,0.231829128335386,1.969,0.173404351355637,10.672071199781,1.59364742287016,14.7076149799364,2.5,2.5,TRUE,TRUE,1,SSP1_2_6,AM_85,experiment1
30,0.6946,0.232217063896615,1.967,0.178725887724591,10.8038459859192,1.61300756549995,14.7076149799364,2.5,2.5,TRUE,TRUE,1,SSP1_2_6,AM_85,experiment1
31,0.7006,0.234807952963214,1.966,0.181319819316248,10.9302039872315,1.6313651254935,14.7076149799364,2.5,2.5,TRUE,TRUE,1,SSP1_2_6,AM_85,experiment1
32,0.6961,0.235351184786013,1.964,0.186383311320351,11.0494343744731,1.64791396741168,14.7076149799364,2.5,2.5,TRUE,TRUE,1,SSP1_2_6,AM_85,experiment1
33,0.6959,0.235220149048755,1.962,0.191291904148065,11.1626857598912,1.66369357304098,14.7076149799364,2.5,2.5,TRUE,TRUE,1,SSP1_2_6,AM_85,experiment1
34,0.7012,0.237939435939432,1.961,0.193691808077979,11.2711631221427,1.67924191671133,14.7076149799364,2.5,2.5,TRUE,TRUE,1,SSP1_2_6,AM_85,experiment1
35,0.6945,0.232537790098349,1.959,0.198389410902796,11.373175273464,1.69319127405602,14.7076149799364,2.5,2.5,TRUE,TRUE,1,SSP1_2_6,AM_85,experiment1
36,0.7001,0.236444276513296,1.958,0.200689502157627,11.4709336971546,1.70685175523696,14.7076149799364,2.5,2.5,TRUE,TRUE,1,SSP1_2_6,AM_85,experiment1
37,0.7012,0.238317761309046,1.957,0.202958597236462,11.5639679547633,1.72001821185859,14.7076149799364,2.5,2.5,TRUE,TRUE,1,SSP1_2_6,AM_85,experiment1
38,0.7017,0.245412585939143,1.956,0.205197724417465,11.6524249012664,1.73247072301578,14.7076149799364,2.5,2.5,TRUE,TRUE,1,SSP1_2_6,AM_85,experiment1
39,0.6946,0.244480286752553,1.954,0.209589904165081,11.7355594153483,1.74389825806683,14.7076149799364,2.5,2.5,TRUE,TRUE,1,SSP1_2_6,AM_85,experiment1
40,0.6947,0.245483547660881,1.95,0.218054001448145,11.8145738296908,1.7551490563491,14.7076149799364,2.5,2.5,TRUE,TRUE,1,SSP1_2_6,AM_85,experiment1
41,0.696,0.251728757529543,1.944,0.230036772966665,11.8898230948703,1.76571130272769,14.7076149799364,2.5,2.5,TRUE,TRUE,1,SSP1_2_6,AM_85,experiment1
42,0.6915,0.2500005005,1.941,0.239951196239103,11.9608195819502,1.77537472355261,14.7076149799364,2.5,2.5,TRUE,TRUE,1,SSP1_2_6,AM_85,experiment1
43,0.694,0.253116708393713,1.932,0.255815248649179,12.0285750328426,1.78488459243134,14.7076149799364,2.5,2.5,TRUE,TRUE,1,SSP1_2_6,AM_85,experiment1
44,0.6952,0.248875267752541,1.925,0.288891776377346,12.0930371794344,1.79353231387736,14.7076149799364,2.5,2.5,TRUE,TRUE,1,SSP1_2_6,AM_85,experiment1
45,0.6944,0.248657335444725,1.915,0.309630216340187,12.1542289845747,1.80154154452635,14.7076149799364,2.5,2.5,TRUE,TRUE,1,SSP1_2_6,AM_85,experiment1
46,0.6895,0.244907594267164,1.902,0.332425189338152,12.2119618349558,1.80914152576577,14.7076149799364,2.5,2.5,TRUE,TRUE,1,SSP1_2_6,AM_85,experiment1
47,0.6846,0.240792069680089,1.892,0.363962179997412,12.2663732291071,1.81675886332294,14.7076149799364,2.5,2.5,TRUE,TRUE,1,SSP1_2_6,AM_85,experiment1
48,0.6924,0.246907276529476,1.873,0.391182852415624,12.3187484588573,1.82424034160644,14.7076149799364,2.5,2.5,TRUE,TRUE,1,SSP1_2_6,AM_85,experiment1
49,0.696,0.250612862412939,1.853,0.404418786104892,12.3688742630013,1.83178147778971,14.7076149799364,2.5,2.5,TRUE,TRUE,1,SSP1_2_6,AM_85,experiment1
50,0.7014,0.252352376096841,1.825,0.429603956638623,12.4169835317058,1.83869779413629,14.7076149799364,2.5,2.5,TRUE,TRUE,1,SSP1_2_6,AM_85,experiment1
51,0.6926,0.252445972376208,1.795,0.45075290146396,12.4621804042417,1.84507560304973,14.7076149799364,2.5,2.5,TRUE,TRUE,1,SSP1_2_6,AM_85,experiment1
52,0.6883,0.25170710452124,1.77,0.464020813450556,12.5049228195911,1.85121994676753,14.7076149799364,2.5,2.5,TRUE,TRUE,1,SSP1_2_6,AM_85,experiment1
53,0.6862,0.255058061261774,1.748,0.476154095564369,12.5454654420098,1.8571278887346,14.7076149799364,2.5,2.5,TRUE,TRUE,1,SSP1_2_6,AM_85,experiment1
54,0.6897,0.254889934832427,1.712,0.491220212631053,12.5843024415051,1.8626135737659,14.7076149799364,2.5,2.5,TRUE,TRUE,1,SSP1_2_6,AM_85,experiment1
55,0.6856,0.256473036435448,1.684,0.506359951418357,12.6210335623064,1.86795982358917,14.7076149799364,2.5,2.5,TRUE,TRUE,1,SSP1_2_6,AM_85,experiment1
56,0.689,0.259125734241403,1.669,0.513519914611598,12.6561457479288,1.8729893316626,14.7076149799364,2.5,2.5,TRUE,TRUE,1,SSP1_2_6,AM_85,experiment1
57,0.6876,0.259101087171346,1.64,0.518332584996032,12.6895150859873,1.87804929642864,14.7076149799364,2.5,2.5,TRUE,TRUE,1,SSP1_2_6,AM_85,experiment1
58,0.6788,0.259263915302106,1.6,0.521797156251615,12.7209007427287,1.88272173482296,14.7076149799364,2.5,2.5,TRUE,TRUE,1,SSP1_2_6,AM_85,experiment1
59,0.6764,0.256844328356709,1.573,0.526258442163114,12.7506687433441,1.88697385142463,14.7076149799364,2.5,2.5,TRUE,TRUE,1,SSP1_2_6,AM_85,experiment1
60,0.6777,0.254828663316448,1.549,0.5175585637074,12.7790840194868,1.89099509700751,14.7076149799364,2.5,2.5,TRUE,TRUE,1,SSP1_2_6,AM_85,experiment1
61,0.6808,0.256626610500971,1.524,0.513505294702681,12.8062718694925,1.89486750220359,14.7076149799364,2.5,2.5,TRUE,TRUE,1,SSP1_2_6,AM_85,experiment1
62,0.6809,0.255911470396856,1.499,0.508190178237692,12.8321655005029,1.89867163254165,14.7076149799364,2.5,2.5,TRUE,TRUE,1,SSP1_2_6,AM_85,experiment1
63,0.6832,0.260548739481974,1.476,0.5056477822355,12.8568976606569,1.90208442165281,14.7076149799364,2.5,2.5,TRUE,TRUE,1,SSP1_2_6,AM_85,experiment1
64,0.6802,0.258988484367616,1.459,0.500569245529097,12.8803236993354,1.90544919024044,14.7076149799364,2.5,2.5,TRUE,TRUE,1,SSP1_2_6,AM_85,experiment1
65,0.6807,0.262805206524864,1.435,0.498019099054467,12.9026360074905,1.90871013208442,14.7076149799364,2.5,2.5,TRUE,TRUE,1,SSP1_2_6,AM_85,experiment1
66,0.6707,0.263212444217197,1.42,0.49380547166252,12.9235383240693,1.91185387764778,14.7076149799364,2.5,2.5,TRUE,TRUE,1,SSP1_2_6,AM_85,experiment1
67,0.6729,0.262534787246404,1.401,0.490346244443087,12.9434918003038,1.91490700753763,14.7076149799364,2.5,2.5,TRUE,TRUE,1,SSP1_2_6,AM_85,experiment1
68,0.672,0.258307419023772,1.379,0.485380875802286,12.9624534098193,1.91763043117946,14.7076149799364,2.5,2.5,TRUE,TRUE,1,SSP1_2_6,AM_85,experiment1
69,0.6803,0.259015441622694,1.366,0.481950491519903,12.9807138128885,1.92032688203023,14.7076149799364,2.5,2.5,TRUE,TRUE,1,SSP1_2_6,AM_85,experiment1
70,0.681,0.261548097694109,1.356,0.479054791744633,12.9980926412113,1.92293145293706,14.7076149799364,2.5,2.5,TRUE,TRUE,1,SSP1_2_6,AM_85,experiment1
71,0.6786,0.261668703727653,1.341,0.474282557073254,13.0145614525549,1.92544489004527,14.7076149799364,2.5,2.5,TRUE,TRUE,1,SSP1_2_6,AM_85,experiment1
72,0.6662,0.263641929645243,1.328,0.469719742651548,13.0299289409239,1.92771717869049,14.7076149799364,2.5,2.5,TRUE,TRUE,1,SSP1_2_6,AM_85,experiment1
73,0.669,0.261165095690843,1.314,0.464348597090181,13.0446066896834,1.92979834315095,14.7076149799364,2.5,2.5,TRUE,TRUE,1,SSP1_2_6,AM_85,experiment1
74,0.6698,0.264457743123354,1.298,0.457608353732103,13.0585847009791,1.93185456222929,14.7076149799364,2.5,2.5,TRUE,TRUE,1,SSP1_2_6,AM_85,experiment1
75,0.6673,0.265275481492506,1.29,0.453989103510322,13.0718212309609,1.93383240779318,14.7076149799364,2.5,2.5,TRUE,TRUE,1,SSP1_2_6,AM_85,experiment1
76,0.6676,0.263666000386397,1.283,0.450681832465115,13.0844084552116,1.9357217857409,14.7076149799364,2.5,2.5,TRUE,TRUE,1,SSP1_2_6,AM_85,experiment1
77,0.6649,0.264211653410287,1.268,0.443139224592421,13.0963306340613,1.93742860668636,14.7076149799364,2.5,2.5,TRUE,TRUE,1,SSP1_2_6,AM_85,experiment1
78,0.6657,0.271047923764372,1.254,0.43551541152257,13.1076827808754,1.93903365756565,14.7076149799364,2.5,2.5,TRUE,TRUE,1,SSP1_2_6,AM_85,experiment1
79,0.6591,0.269239075320949,1.245,0.430302405478008,13.1183657507963,1.94055520247387,14.7076149799364,2.5,2.5,TRUE,TRUE,1,SSP1_2_6,AM_85,experiment1
80,0.6625,0.271103757346237,1.233,0.422953768028954,13.1285773306439,1.94200451121876,14.7076149799364,2.5,2.5,TRUE,TRUE,1,SSP1_2_6,AM_85,experiment1
81,0.6572,0.271628315795577,1.212,0.408929362143663,13.1382149847162,1.94344232483627,14.7076149799364,2.5,2.5,TRUE,TRUE,1,SSP1_2_6,AM_85,experiment1
82,0.6535,0.270556742571592,1.193,0.394850486775573,13.1473318164448,1.944787432509,14.7076149799364,2.5,2.5,TRUE,TRUE,1,SSP1_2_6,AM_85,experiment1
83,0.6545,0.276724278527068,1,0,13.1561360690628,1.94606522246605,14.7076149799364,2.5,2.5,TRUE,TRUE,1,SSP1_2_6,AM_85,experiment1
0,1,0,2,0,0.95,0,12.8770294248905,2.5,1,TRUE,TRUE,1,SSP2_4_5,AM_85,experiment1
1,0.8739,0.126113816430614,2,0,1.69356975,0.113817719328629,12.8770294248905,2.5,1,TRUE,TRUE,1,SSP2_4_5,AM_85,experiment1
2,0.8263,0.145531747359432,2,0,2.3591499625,0.204662262489475,12.8770294248905,2.5,1,TRUE,TRUE,1,SSP2_4_5,AM_85,experiment1
3,0.7962,0.159030974501356,1.998,0.0446989708829856,2.967015976875,0.293140923654324,12.8770294248905,2.5,1,TRUE,TRUE,1,SSP2_4_5,AM_85,experiment1
4,0.7599,0.177520431228362,1.995,0.0705689732104696,3.51651650964062,0.377495141422163,12.8770294248905,2.5,1,TRUE,TRUE,1,SSP2_4_5,AM_85,experiment1
5,0.7459,0.180543030288587,1.995,0.0705689732104696,4.02825072929922,0.456675158850483,12.8770294248905,2.5,1,TRUE,TRUE,1,SSP2_4_5,AM_85,experiment1
6,0.737,0.183588411139442,1.994,0.0772655807586403,4.50821795290445,0.532422800364405,12.8770294248905,2.5,1,TRUE,TRUE,1,SSP2_4_5,AM_85,experiment1
7,0.7346,0.192040932406921,1.993,0.0834143750078963,4.9626277773159,0.604768821409872,12.8770294248905,2.5,1,TRUE,TRUE,1,SSP2_4_5,AM_85,experiment1
8,0.7325,0.193833230694124,1.993,0.0834143750078963,5.39299358674634,0.671985384076985,12.8770294248905,2.5,1,TRUE,TRUE,1,SSP2_4_5,AM_85,experiment1
9,0.7343,0.193108261865723,1.993,0.0834143750078963,5.8029188321959,0.734845767826136,12.8770294248905,2.5,1,TRUE,TRUE,1,SSP2_4_5,AM_85,experiment1
10,0.7308,0.198218693998953,1.99,0.0995485304256668,6.19044233506385,0.791866500900311,12.8770294248905,2.5,1,TRUE,TRUE,1,SSP2_4_5,AM_85,experiment1
11,0.7234,0.199780760716222,1.987,0.113330683593826,6.55467205215285,0.84515802344146,12.8770294248905,2.5,1,TRUE,TRUE,1,SSP2_4_5,AM_85,experiment1
12,0.7203,0.205182869679732,1.987,0.113330683593826,6.89909892292924,0.896374701943459,12.8770294248905,2.5,1,TRUE,TRUE,1,SSP2_4_5,AM_85,experiment1
13,0.7035,0.208665500960967,1.986,0.117549214450024,7.21813589426662,0.941830900190197,12.8770294248905,2.5,1,TRUE,TRUE,1,SSP2_4_5,AM_85,experiment1
14,0.6999,0.212732802466487,1.983,0.129335717138491,7.51962266229308,0.986645824738823,12.8770294248905,2.5,1,TRUE,TRUE,1,SSP2_4_5,AM_85,experiment1
15,0.6935,0.213760247575276,1.982,0.133017644294634,7.80324028757227,1.0257993280901,12.8770294248905,2.5,1,TRUE,TRUE,1,SSP2_4_5,AM_85,experiment1
16,0.6936,0.216207737571498,1.982,0.133017644294634,8.07271884362103,1.06230903782645,12.8770294248905,2.5,1,TRUE,TRUE,1,SSP2_4_5,AM_85,experiment1
17,0.691,0.216439011839007,1.982,0.133017644294634,8.32769071463936,1.09851374873181,12.8770294248905,2.5,1,TRUE,TRUE,1,SSP2_4_5,AM_85,experiment1
18,0.6815,0.210884381171822,1.982,0.133017644294634,8.56632913288269,1.13211681332234,12.8770294248905,2.5,1,TRUE,TRUE,1,SSP2_4_5,AM_85,experiment1
19,0.6805,0.222214151505095,1.98,0.140070052543788,8.79271299288369,1.1639346103415,12.8770294248905,2.5,1,TRUE,TRUE,1,SSP2_4_5,AM_85,experiment1
20,0.6802,0.219991718835861,1.98,0.140070052543788,9.00767549139674,1.19526430187792,12.8770294248905,2.5,1,TRUE,TRUE,1,SSP2_4_5,AM_85,experiment1
21,0.6745,0.216024110729373,1.98,0.140070052543788,9.2100457237778,1.22355004899832,12.8770294248905,2.5,1,TRUE,TRUE,1,SSP2_4_5,AM_85,experiment1
22,0.6671,0.215346149173752,1.978,0.146756729104793,9.40005373940541,1.24868439991607,12.8770294248905,2.5,1,TRUE,TRUE,1,SSP2_4_5,AM_85,experiment1
23,0.6624,0.220805332804702,1.976,0.1531255937048,9.57921820473968,1.27133154916221,12.8770294248905,2.5,1,TRUE,TRUE,1,SSP2_4_5,AM_85,experiment1
24,0.661,0.222505075242136,1.976,0.1531255937048,9.74903610140487,1.29368400878576,12.8770294248905,2.5,1,TRUE,TRUE,1,SSP2_4_5,AM_85,experiment1
25,0.6542,0.227847041398993,1.972,0.16505527329729,9.90862387061332,1.31551747913647,12.8770294248905,2.5,1,TRUE,TRUE,1,SSP2_4_5,AM_85,experiment1
26,0.6402,0.223727544155864,1.97,0.170672578726429,10.0567524685139,1.33498947706317,12.8770294248905,2.5,1,TRUE,TRUE,1,SSP2_4_5,AM_85,experiment1
27,0.6311,0.223993220796887,1.97,0.176440163033055,10.1952866291752,1.35381063773169,12.8770294248905,2.5,1,TRUE,TRUE,1,SSP2_4_5,AM_85,experiment1
28,0.624,0.228114085571312,1.969,0.17908397770619,10.3253012362393,1.37151117472285,12.8770294248905,2.5,1,TRUE,TRUE,1,SSP2_4_5,AM_85,experiment1
29,0.6053,0.222601575604176,1.983,0.229703643340204,10.4442862350311,1.38748875554623,12.8770294248905,2.5,1,TRUE,TRUE,1,SSP2_4_5,AM_85,experiment1
30,0.5957,0.225659992981548,2.046,0.337635895600569,10.5534375588528,1.40141788018722,12.8770294248905,2.5,1,TRUE,TRUE,1,SSP2_4_5,AM_85,experiment1
31,0.5876,0.229038640186975,2.191,0.474071454259528,10.6513490286724,1.4147875770406,12.8770294248905,2.5,1,TRUE,TRUE,1,SSP2_4_5,AM_85,experiment1
32,0.5775,0.220845019238656,2.337,0.543807619224599,10.7384576932824,1.42556769522277,12.8770294248905,2.5,1,TRUE,TRUE,1,SSP2_4_5,AM_85,experiment1
33,0.5681,0.225129014285305,2.435,0.574547739622309,10.8168927566782,1.43438282762545,12.8770294248905,2.5,1,TRUE,TRUE,1,SSP2_4_5,AM_85,experiment1
34,0.5656,0.232013944560387,2.517,0.581419856084266,10.8889148161444,1.44232238109167,12.8770294248905,2.5,1,TRUE,TRUE,1,SSP2_4_5,AM_85,experiment1
35,0.5614,0.24184401693763,2.585,0.592558964261048,10.9549059727296,1.4491614637229,12.8770294248905,2.5,1,TRUE,TRUE,1,SSP2_4_5,AM_85,experiment1
36,0.5542,0.238829226434705,2.634,0.58854939503018,11.0153717012129,1.45527871234169,12.8770294248905,2.5,1,TRUE,TRUE,1,SSP2_4_5,AM_85,experiment1
37,0.5491,0.246779436116728,2.699,0.580289355180444,11.0706141290682,1.46009215439221,12.8770294248905,2.5,1,TRUE,TRUE,1,SSP2_4_5,AM_85,experiment1
38,0.547,0.254589504528006,2.73,0.579167881909413,11.1221001572668,1.46402290381978,12.8770294248905,2.5,1,TRUE,TRUE,1,SSP2_4_5,AM_85,experiment1
39,0.5541,0.265920860227068,2.752,0.580373011806056,11.1714231229565,1.46850803552303,12.8770294248905,2.5,1,TRUE,TRUE,1,SSP2_4_5,AM_85,experiment1
40,0.5683,0.27444567846922,2.777,0.568853755014938,11.219555744796,1.4739574503235,12.8770294248905,2.5,1,TRUE,TRUE,1,SSP2_4_5,AM_85,experiment1
41,0.575,0.275519347616299,2.789,0.568156494112143,11.2658152537615,1.47871750895528,12.8770294248905,2.5,1,TRUE,TRUE,1,SSP2_4_5,AM_85,experiment1
42,0.5846,0.280930172394782,2.799,0.571774366272156,11.3105991789166,1.48354140778347,12.8770294248905,2.5,1,TRUE,TRUE,1,SSP2_4_5,AM_85,experiment1
43,0.5924,0.283624192696397,2.81,0.565880040485808,11.3537876526354,1.48834566312831,12.8770294248905,2.5,1,TRUE,TRUE,1,SSP2_4_5,AM_85,experiment1
44,0.6021,0.291943180808905,2.811,0.57236929215901,11.3957265810197,1.49273666301772,12.8770294248905,2.5,1,TRUE,TRUE,1,SSP2_4_5,AM_85,experiment1
45,0.6048,0.28969100932007,2.811,0.57411550110462,11.4358141804195,1.49737108058961,12.8770294248905,2.5,1,TRUE,TRUE,1,SSP2_4_5,AM_85,experiment1
46,0.6114,0.291264269821883,2.811,0.577592081500961,11.4744717667737,1.50156406684228,12.8770294248905,2.5,1,TRUE,TRUE,1,SSP2_4_5,AM_85,experiment1
47,0.6192,0.291712969297658,2.808,0.584360742587554,11.5118742716534,1.50611886481032,12.8770294248905,2.5,1,TRUE,TRUE,1,SSP2_4_5,AM_85,experiment1
48,0.6149,0.291501222918469,2.802,0.592576701488632,11.5471069708591,1.51069321315252,12.8770294248905,2.5,1,TRUE,TRUE,1,SSP2_4_5,AM_85,experiment1
49,0.6194,0.295247033534311,2.798,0.59962951524717,11.5809473709858,1.51564365375068,12.8770294248905,2.5,1,TRUE,TRUE,1,SSP2_4_5,AM_85,experiment1
50,0.6171,0.288930910549687,2.8,0.598630402133368,11.6129056970172,1.52008366435013,12.8770294248905,2.5,1,TRUE,TRUE,1,SSP2_4_5,AM_85,experiment1
51,0.6189,0.293426121688048,2.798,0.601296563733369,11.6434049924274,1.52432888129181,12.8770294248905,2.5,1,TRUE,TRUE,1,SSP2_4_5,AM_85,experiment1
52,0.6151,0.29149092088255,2.796,0.603944325868493,11.6721418285537,1.52849914033015,12.8770294248905,2.5,1,TRUE,TRUE,1,SSP2_4_5,AM_85,experiment1
53,0.6172,0.293581931239561,2.791,0.611304091833756,11.69960163689,1.5327592844402,12.8770294248905,2.5,1,TRUE,TRUE,1,SSP2_4_5,AM_85,experiment1
54,0.6176,0.290714214916909,2.789,0.613885865496067,11.7257241779425,1.53665620503463,12.8770294248905,2.5,1,TRUE,TRUE,1,SSP2_4_5,AM_85,experiment1
55,0.6142,0.291175450790658,2.787,0.616450331341472,11.750359594735,1.54052990506277,12.8770294248905,2.5,1,TRUE,TRUE,1,SSP2_4_5,AM_85,experiment1
56,0.6137,0.288973728591053,2.786,0.616915378787549,11.7737444339466,1.54441739376565,12.8770294248905,2.5,1,TRUE,TRUE,1,SSP2_4_5,AM_85,experiment1
57,0.6116,0.292217095377445,2.783,0.621528195094396,11.7958655944907,1.54812011093947,12.8770294248905,2.5,1,TRUE,TRUE,1,SSP2_4_5,AM_85,experiment1
58,0.6105,0.292173091018176,2.783,0.621528195094396,11.8168273530297,1.55161805974687,12.8770294248905,2.5,1,TRUE,TRUE,1,SSP2_4_5,AM_85,experiment1
59,0.6067,0.2927299110115,2.779,0.62493963672466,11.8365889933052,1.55481856930373,12.8770294248905,2.5,1,TRUE,TRUE,1,SSP2_4_5,AM_85,experiment1
60,0.5998,0.287092985602892,2.776,0.629460261033387,11.8550715056118,1.55770778323129,12.8770294248905,2.5,1,TRUE,TRUE,1,SSP2_4_5,AM_85,experiment1
61,0.6,0.287371854193452,2.773,0.63235343825338,11.8726527601995,1.56039765822002,12.8770294248905,2.5,1,TRUE,TRUE,1,SSP2_4_5,AM_85,experiment1
62,0.5992,0.287196521291331,2.772,0.634364578470786,11.8893253277374,1.56311611507434,12.8770294248905,2.5,1,TRUE,TRUE,1,SSP2_4_5,AM_85,experiment1
63,0.5977,0.287762953691954,2.767,0.638058083655491,11.9051323713801,1.56557271038217,12.8770294248905,2.5,1,TRUE,TRUE,1,SSP2_4_5,AM_85,experiment1
64,0.5947,0.288730454360594,2.761,0.643656191839474,11.9200670725965,1.56808931941219,12.8770294248905,2.5,1,TRUE,TRUE,1,SSP2_4_5,AM_85,experiment1
65,0.5948,0.292366958527188,2.75,0.651094404770863,11.9343075303323,1.57039812486593,12.8770294248905,2.5,1,TRUE,TRUE,1,SSP2_4_5,AM_85,experiment1
66,0.5888,0.295502761208558,2.74,0.662449121698292,11.947675103887,1.5725583675418,12.8770294248905,2.5,1,TRUE,TRUE,1,SSP2_4_5,AM_85,experiment1
67,0.5811,0.299370025908427,2.726,0.674818034272484,11.9601878605239,1.57457249797148,12.8770294248905,2.5,1,TRUE,TRUE,1,SSP2_4_5,AM_85,experiment1
68,0.5683,0.300691745023912,2.706,0.692852108349281,11.9717672034146,1.57646498539552,12.8770294248905,2.5,1,TRUE,TRUE,1,SSP2_4_5,AM_85,experiment1
69,0.5506,0.300749214612591,2.694,0.706302246112005,11.9823096898995,1.57804624059489,12.8770294248905,2.5,1,TRUE,TRUE,1,SSP2_4_5,AM_85,experiment1
70,0.5432,0.303555441239168,2.677,0.728836197099322,11.9921638943489,1.57958874776188,12.8770294248905,2.5,1,TRUE,TRUE,1,SSP2_4_5,AM_85,experiment1
71,0.5305,0.301248237340072,2.665,0.739812356156831,12.0012391043486,1.58091912312575,12.8770294248905,2.5,1,TRUE,TRUE,1,SSP2_4_5,AM_85,experiment1
72,0.5218,0.30724446155978,2.643,0.760348031581018,12.0097044667088,1.58225568391577,12.8770294248905,2.5,1,TRUE,TRUE,1,SSP2_4_5,AM_85,experiment1
73,0.5032,0.311426952505313,2.608,0.785463527449208,12.0174129246904,1.58350457955492,12.8770294248905,2.5,1,TRUE,TRUE,1,SSP2_4_5,AM_85,experiment1
74,0.4836,0.310043814915194,2.581,0.806281023644417,12.0243741834843,1.58464547131308,12.8770294248905,2.5,1,TRUE,TRUE,1,SSP2_4_5,AM_85,experiment1
75,0.4648,0.305375529822241,2.548,0.828481974687671,12.0306741066849,1.58573128946791,12.8770294248905,2.5,1,TRUE,TRUE,1,SSP2_4_5,AM_85,experiment1
76,0.4521,0.311789677190896,2.51,0.853597462876167,12.0364856692473,1.58679026984217,12.8770294248905,2.5,1,TRUE,TRUE,1,SSP2_4_5,AM_85,experiment1
77,0.4312,0.314842318765578,2.463,0.879434138753099,12.0417111154032,1.58771273769199,12.8770294248905,2.5,1,TRUE,TRUE,1,SSP2_4_5,AM_85,experiment1
78,0.4105,0.315752196270191,2.411,0.902714735613579,12.0464093048006,1.5884695646602,12.8770294248905,2.5,1,TRUE,TRUE,1,SSP2_4_5,AM_85,experiment1
79,0.3863,0.321567591208622,2.322,0.930151160393396,12.0506322860308,1.58916098332631,12.8770294248905,2.5,1,TRUE,TRUE,1,SSP2_4_5,AM_85,experiment1
80,0.3568,0.311626171671878,2.224,0.954324229355377,12.0543413088102,1.58977891704875,12.8770294248905,2.5,1,TRUE,TRUE,1,SSP2_4_5,AM_85,experiment1
81,0.3264,0.314423125583825,2.113,0.975285692595858,12.0575749757619,1.5902374974726,12.8770294248905,2.5,1,TRUE,TRUE,1,SSP2_4_5,AM_85,experiment1
82,0.2915,0.311086040388386,1.719,0.933225540750954,12.0607205906855,1.59064852155501,12.8770294248905,2.5,1,TRUE,TRUE,1,SSP2_4_5,AM_85,experiment1
83,0.2031,0.302443154761125,1,0,12.0634526666315,1.59106411038501,12.8770294248905,2.5,1,TRUE,TRUE,1,SSP2_4_5,AM_85,experiment1
0,1,0,2,0,0.95,0,14.5968387019918,2.5,2.5,TRUE,TRUE,1,SSP2_4_5,AM_85,experiment1
1,0.8794,0.125185108185084,1.999,0.0316227766016838,1.698578625,0.112670838708957,14.5968387019918,2.5,2.5,TRUE,TRUE,1,SSP2_4_5,AM_85,experiment1
2,0.8318,0.146048245761769,1.999,0.0316227766016838,2.36891726875,0.206887019354535,14.5968387019918,2.5,2.5,TRUE,TRUE,1,SSP2_4_5,AM_85,experiment1
3,0.8073,0.160880678120751,1.997,0.054717401199198,2.9858650278125,0.29165057879638,14.5968387019918,2.5,2.5,TRUE,TRUE,1,SSP2_4_5,AM_85,experiment1
4,0.7814,0.171006676136586,1.996,0.0631505185092568,3.5519631616875,0.376679063547221,14.5968387019918,2.5,2.5,TRUE,TRUE,1,SSP2_4_5,AM_85,experiment1
5,0.7676,0.173840330362262,1.996,0.0631505185092568,4.07961212077812,0.453358168987129,14.5968387019918,2.5,2.5,TRUE,TRUE,1,SSP2_4_5,AM_85,experiment1
6,0.7573,0.183139974473762,1.995,0.0705689732104696,4.57372067462926,0.526378376210946,14.5968387019918,2.5,2.5,TRUE,TRUE,1,SSP2_4_5,AM_85,experiment1
7,0.7481,0.186040320901145,1.994,0.0772655807586403,5.03705350384154,0.594145012202821,14.5968387019918,2.5,2.5,TRUE,TRUE,1,SSP2_4_5,AM_85,experiment1
8,0.7471,0.190913692641565,1.994,0.0772655807586403,5.47658944218348,0.656374718714997,14.5968387019918,2.5,2.5,TRUE,TRUE,1,SSP2_4_5,AM_85,experiment1
9,0.7462,0.189529632198982,1.994,0.0772655807586403,5.89360972036301,0.714907432998309,14.5968387019918,2.5,2.5,TRUE,TRUE,1,SSP2_4_5,AM_85,experiment1
10,0.7286,0.196164524113104,1.99,0.0995485304256668,6.27988186302796,0.769795805781587,14.5968387019918,2.5,2.5,TRUE,TRUE,1,SSP2_4_5,AM_85,experiment1
11,0.7236,0.20328395009042,1.99,0.0995485304256668,6.64413859812134,0.822282661338762,14.5968387019918,2.5,2.5,TRUE,TRUE,1,SSP2_4_5,AM_85,experiment1
12,0.7236,0.20239566201874,1.988,0.108939744206914,6.99023383066838,0.871502353096307,14.5968387019918,2.5,2.5,TRUE,TRUE,1,SSP2_4_5,AM_85,experiment1
13,0.7172,0.202596162859036,1.987,0.113330683593826,7.31592756547069,0.91742615025051,14.5968387019918,2.5,2.5,TRUE,TRUE,1,SSP2_4_5,AM_85,experiment1
14,0.718,0.206927085754424,1.986,0.117549214450024,7.62573041107851,0.963476957552001,14.5968387019918,2.5,2.5,TRUE,TRUE,1,SSP2_4_5,AM_85,experiment1
15,0.7115,0.210147357613442,1.985,0.121613279660528,7.91720429739315,1.00573361937373,14.5968387019918,2.5,2.5,TRUE,TRUE,1,SSP2_4_5,AM_85,experiment1
16,0.7069,0.216677962283522,1.982,0.133017644294634,8.19224385390032,1.0462873050692,14.5968387019918,2.5,2.5,TRUE,TRUE,1,SSP2_4_5,AM_85,experiment1
17,0.7183,0.223125289680249,1.981,0.136593036636783,8.45807953652848,1.08776831331622,14.5968387019918,2.5,2.5,TRUE,TRUE,1,SSP2_4_5,AM_85,experiment1
18,0.7113,0.219021186829677,1.98,0.140070052543788,8.70800082748762,1.12504944543782,14.5968387019918,2.5,2.5,TRUE,TRUE,1,SSP2_4_5,AM_85,experiment1
19,0.712,0.21914384322637,1.976,0.1531255937048,8.94574869122896,1.15911531417096,14.5968387019918,2.5,2.5,TRUE,TRUE,1,SSP2_4_5,AM_85,experiment1
20,0.7132,0.22564723946168,1.974,0.159214789983058,9.17205189189741,1.19086370405662,14.5968387019918,2.5,2.5,TRUE,TRUE,1,SSP2_4_5,AM_85,experiment1
21,0.7086,0.22207060894084,1.974,0.159214789983058,9.38555167822556,1.22038977466423,14.5968387019918,2.5,2.5,TRUE,TRUE,1,SSP2_4_5,AM_85,experiment1
22,0.7028,0.229095274164799,1.973,0.162164414398774,9.58660917324789,1.24831820127099,14.5968387019918,2.5,2.5,TRUE,TRUE,1,SSP2_4_5,AM_85,experiment1
23,0.6999,0.229439823554309,1.971,0.167890402308134,9.77679622425095,1.27443570383035,14.5968387019918,2.5,2.5,TRUE,TRUE,1,SSP2_4_5,AM_85,experiment1
24,0.7004,0.229504929168226,1.971,0.167890402308134,9.95761261749042,1.30015306485582,14.5968387019918,2.5,2.5,TRUE,TRUE,1,SSP2_4_5,AM_85,experiment1
25,0.6973,0.232931249442764,1.971,0.167890402308134,10.1285712787751,1.32419912813152,14.5968387019918,2.5,2.5,TRUE,TRUE,1,SSP2_4_5,AM_85,experiment1
26,0.6976,0.235052099521552,1.97,0.170672578726429,10.2910696274269,1.34781983990461,14.5968387019918,2.5,2.5,TRUE,TRUE,1,SSP2_4_5,AM_85,experiment1
27,0.6912,0.235877506766114,1.967,0.178725887724591,10.4439566406133,1.37021465041383,14.5968387019918,2.5,2.5,TRUE,TRUE,1,SSP2_4_5,AM_85,experiment1
28,0.6898,0.238731968854096,1.966,0.181319819316248,10.58889429016,1.39239531181545,14.5968387019918,2.5,2.5,TRUE,TRUE,1,SSP2_4_5,AM_85,experiment1
29,0.6927,0.239946419611305,1.969,0.195133485278865,10.7270894583247,1.41286900397793,14.5968387019918,2.5,2.5,TRUE,TRUE,1,SSP2_4_5,AM_85,experiment1
30,0.6926,0.241004820124667,1.984,0.23621981246246,10.857875296358,1.43184464549945,14.5968387019918,2.5,2.5,TRUE,TRUE,1,SSP2_4_5,AM_85,experiment1
31,0.6933,0.238079381282361,2.034,0.323958251861176,10.9808046043954,1.45003687955567,14.5968387019918,2.5,2.5,TRUE,TRUE,1,SSP2_4_5,AM_85,experiment1
32,0.6943,0.245270600903711,2.088,0.398013083220155,11.0962256552951,1.46814392442072,14.5968387019918,2.5,2.5,TRUE,TRUE,1,SSP2_4_5,AM_85,experiment1
33,0.6977,0.243030396810304,2.121,0.429585315791338,11.2056046754971,1.48537512445884,14.5968387019918,2.5,2.5,TRUE,TRUE,1,SSP2_4_5,AM_85,experiment1
34,0.6942,0.246103488246158,2.157,0.458869874323388,11.3080366025714,1.50134659943576,14.5968387019918,2.5,2.5,TRUE,TRUE,1,SSP2_4_5,AM_85,experiment1
35,0.7011,0.249942515913682,2.176,0.474604308081215,11.4059701611905,1.51710841894645,14.5968387019918,2.5,2.5,TRUE,TRUE,1,SSP2_4_5,AM_85,experiment1
36,0.6943,0.244943886446483,2.197,0.488292360609327,11.4975156338508,1.53194722233268,14.5968387019918,2.5,2.5,TRUE,TRUE,1,SSP2_4_5,AM_85,experiment1
37,0.6951,0.245328710460427,2.215,0.50102497545135,11.5841990413954,1.54521946515276,14.5968387019918,2.5,2.5,TRUE,TRUE,1,SSP2_4_5,AM_85,experiment1
38,0.6939,0.245015964424408,2.221,0.506374777625639,11.6662506714634,1.55810523745711,14.5968387019918,2.5,2.5,TRUE,TRUE,1,SSP2_4_5,AM_85,experiment1
39,0.6905,0.245927286469457,2.23,0.511235133144585,11.7435892872843,1.57054863887072,14.5968387019918,2.5,2.5,TRUE,TRUE,1,SSP2_4_5,AM_85,experiment1
40,0.697,0.247694070079105,2.238,0.51538492568334,11.8177080310224,1.58272468234318,14.5968387019918,2.5,2.5,TRUE,TRUE,1,SSP2_4_5,AM_85,experiment1
41,0.6996,0.247509800010224,2.242,0.51740091196644,11.8883528020162,1.59435853624041,14.5968387019918,2.5,2.5,TRUE,TRUE,1,SSP2_4_5,AM_85,experiment1
42,0.7002,0.245642627205256,2.245,0.518887506348191,11.9554818619269,1.60519724511551,14.5968387019918,2.5,2.5,TRUE,TRUE,1,SSP2_4_5,AM_85,experiment1
43,0.6972,0.242757267844016,2.246,0.52130198134647,12.0189142784892,1.61547267050204,14.5968387019918,2.5,2.5,TRUE,TRUE,1,SSP2_4_5,AM_85,experiment1
44,0.701,0.244619784234307,2.247,0.523703413455808,12.0795280871357,1.62507115886031,14.5968387019918,2.5,2.5,TRUE,TRUE,1,SSP2_4_5,AM_85,experiment1
45,0.6947,0.244748466413606,2.248,0.524185817025576,12.1365018851751,1.63423345596973,14.5968387019918,2.5,2.5,TRUE,TRUE,1,SSP2_4_5,AM_85,experiment1
46,0.694,0.242162430287282,2.249,0.524665869172252,12.1905507102055,1.64288567104385,14.5968387019918,2.5,2.5,TRUE,TRUE,1,SSP2_4_5,AM_85,experiment1
47,0.6969,0.241492668022672,2.249,0.526570295664573,12.2421358152373,1.65099552768598,14.5968387019918,2.5,2.5,TRUE,TRUE,1,SSP2_4_5,AM_85,experiment1
48,0.6962,0.246792354959522,2.248,0.52988373892466,12.2910809189843,1.65854349709719,14.5968387019918,2.5,2.5,TRUE,TRUE,1,SSP2_4_5,AM_85,experiment1
49,0.6899,0.242253331611098,2.248,0.52988373892466,12.3370940141998,1.66564381871253,14.5968387019918,2.5,2.5,TRUE,TRUE,1,SSP2_4_5,AM_85,experiment1
50,0.6967,0.2472655460234,2.248,0.52988373892466,12.3813035191948,1.67231764275351,14.5968387019918,2.5,2.5,TRUE,TRUE,1,SSP2_4_5,AM_85,experiment1
51,0.6989,0.24805305948591,2.248,0.52988373892466,12.4234553231885,1.67867966495841,14.5968387019918,2.5,2.5,TRUE,TRUE,1,SSP2_4_5,AM_85,experiment1
52,0.6886,0.248458792904924,2.246,0.532698571208679,12.462826635861,1.68510370864395,14.5968387019918,2.5,2.5,TRUE,TRUE,1,SSP2_4_5,AM_85,experiment1
53,0.6961,0.246364537800158,2.246,0.532698571208679,12.5006994241245,1.69124638819251,14.5968387019918,2.5,2.5,TRUE,TRUE,1,SSP2_4_5,AM_85,experiment1
54,0.6902,0.249572126340756,2.245,0.5340976130449,12.5363302724274,1.69694353243177,14.5968387019918,2.5,2.5,TRUE,TRUE,1,SSP2_4_5,AM_85,experiment1
55,0.6913,0.246444811357523,2.245,0.5340976130449,12.5702417961052,1.70219351839307,14.5968387019918,2.5,2.5,TRUE,TRUE,1,SSP2_4_5,AM_85,experiment1
56,0.6921,0.250899463013655,2.242,0.536398847615954,12.6025141638224,1.70710446770402,14.5968387019918,2.5,2.5,TRUE,TRUE,1,SSP2_4_5,AM_85,experiment1
57,0.686,0.246586302954574,2.24,0.539157389535459,12.6328666319417,1.71188189275701,14.5968387019918,2.5,2.5,TRUE,TRUE,1,SSP2_4_5,AM_85,experiment1
58,0.6791,0.254082167315512,2.239,0.540528603471797,12.6613692891571,1.71660914585595,14.5968387019918,2.5,2.5,TRUE,TRUE,1,SSP2_4_5,AM_85,experiment1
59,0.6785,0.254622431420687,2.238,0.541894500479244,12.6884214751222,1.72073214846822,14.5968387019918,2.5,2.5,TRUE,TRUE,1,SSP2_4_5,AM_85,experiment1
60,0.6855,0.255626866927354,2.238,0.541894500479244,12.7144274159523,1.72468064252827,14.5968387019918,2.5,2.5,TRUE,TRUE,1,SSP2_4_5,AM_85,experiment1
61,0.6893,0.255501058296812,2.237,0.543255120662591,12.7392931350163,1.72865787755814,14.5968387019918,2.5,2.5,TRUE,TRUE,1,SSP2_4_5,AM_85,experiment1
62,0.6813,0.257267363838666,2.233,0.544984410793564,12.7626153750133,1.73253890215033,14.5968387019918,2.5,2.5,TRUE,TRUE,1,SSP2_4_5,AM_85,experiment1
63,0.6796,0.25532142297314,2.23,0.545341541969248,12.7847208454226,1.73604724654441,14.5968387019918,2.5,2.5,TRUE,TRUE,1,SSP2_4_5,AM_85,experiment1
64,0.6775,0.256806736087081,2.227,0.54751326081728,12.8056550936368,1.73914131699141,14.5968387019918,2.5,2.5,TRUE,TRUE,1,SSP2_4_5,AM_85,experiment1
65,0.6765,0.257456858588063,2.227,0.54751326081728,12.8255087639045,1.74207060677874,14.5968387019918,2.5,2.5,TRUE,TRUE,1,SSP2_4_5,AM_85,experiment1
66,0.6724,0.261737935245823,2.226,0.548839890337087,12.8442394530106,1.74473965715874,14.5968387019918,2.5,2.5,TRUE,TRUE,1,SSP2_4_5,AM_85,experiment1
67,0.6696,0.256401212129704,2.226,0.548839890337087,12.8619480294528,1.74717442899559,14.5968387019918,2.5,2.5,TRUE,TRUE,1,SSP2_4_5,AM_85,experiment1
68,0.6663,0.258923446893771,2.219,0.550765233418325,12.8786971366406,1.74959300948212,14.5968387019918,2.5,2.5,TRUE,TRUE,1,SSP2_4_5,AM_85,experiment1
69,0.6718,0.257625951975206,2.215,0.550525274695066,12.8947742906117,1.75197404791643,14.5968387019918,2.5,2.5,TRUE,TRUE,1,SSP2_4_5,AM_85,experiment1
70,0.6761,0.258080211165822,2.214,0.550005914974109,12.9101641969355,1.75430925187393,14.5968387019918,2.5,2.5,TRUE,TRUE,1,SSP2_4_5,AM_85,experiment1
71,0.6709,0.255633602131133,2.208,0.54684095954403,12.9246775625365,1.75653530562534,14.5968387019918,2.5,2.5,TRUE,TRUE,1,SSP2_4_5,AM_85,experiment1
72,0.6695,0.258624508963549,2.201,0.54854343483438,12.9384498876392,1.75858724743658,14.5968387019918,2.5,2.5,TRUE,TRUE,1,SSP2_4_5,AM_85,experiment1
73,0.6672,0.255400449078285,2.198,0.546895872260063,12.9514920323734,1.76047474028035,14.5968387019918,2.5,2.5,TRUE,TRUE,1,SSP2_4_5,AM_85,experiment1
74,0.6646,0.262746790419742,2.189,0.5455057988478,12.9638511214569,1.76224489538493,14.5968387019918,2.5,2.5,TRUE,TRUE,1,SSP2_4_5,AM_85,experiment1
75,0.6801,0.265639896390875,2.168,0.549616300775439,12.9759521647981,1.76405675816715,14.5968387019918,2.5,2.5,TRUE,TRUE,1,SSP2_4_5,AM_85,experiment1
76,0.6756,0.266862990794632,2.155,0.547059662444851,12.9873932572209,1.76578973718952,14.5968387019918,2.5,2.5,TRUE,TRUE,1,SSP2_4_5,AM_85,experiment1
77,0.6709,0.26644733848208,2.139,0.53662553700599,12.9982202059798,1.76742233613665,14.5968387019918,2.5,2.5,TRUE,TRUE,1,SSP2_4_5,AM_85,experiment1
78,0.6721,0.264691616134043,2.122,0.524777468448667,13.008570999568,1.76887678126281,14.5968387019918,2.5,2.5,TRUE,TRUE,1,SSP2_4_5,AM_85,experiment1
79,0.6728,0.264480831271588,2.102,0.511720488018467,13.0184637088247,1.77031562403668,14.5968387019918,2.5,2.5,TRUE,TRUE,1,SSP2_4_5,AM_85,experiment1
80,0.6658,0.266535928912785,2.074,0.498771262978104,13.0278100069198,1.77154199612444,14.5968387019918,2.5,2.5,TRUE,TRUE,1,SSP2_4_5,AM_85,experiment1
81,0.6629,0.265186564354067,1.899,0.605942378585758,13.0368149384196,1.77278215363263,14.5968387019918,2.5,2.5,TRUE,TRUE,1,SSP2_4_5,AM_85,experiment1
82,0.6584,0.26415756513721,1.16,0.54101080644724,13.0459126543249,1.77387817252426,14.5968387019918,2.5,2.5,TRUE,TRUE,1,SSP2_4_5,AM_85,experiment1
83,0.6027,0.254494552942646,1,0,13.0540200997838,1.77474902011827,14.5968387019918,2.5,2.5,TRUE,TRUE,1,SSP2_4_5,AM_85,experiment1
0,1,0,2,0,0.95,0,12.4534803045134,2.5,1,TRUE,TRUE,1,SSP3_7_0,AM_85,experiment1
1,0.8764,0.134466059364886,1.997,0.054717401199198,1.695961375,0.120494474477521,12.4534803045134,2.5,1,TRUE,TRUE,1,SSP3_7_0,AM_85,experiment1
2,0.8235,0.162061759875715,1.995,0.0705689732104696,2.35935528125,0.2214436417818,12.4534803045134,2.5,1,TRUE,TRUE,1,SSP3_7_0,AM_85,experiment1
3,0.7863,0.173067218912948,1.993,0.0834143750078963,2.9593613103125,0.318639522313293,12.4534803045134,2.5,1,TRUE,TRUE,1,SSP3_7_0,AM_85,experiment1
4,0.7654,0.182581971114829,1.99,0.0995485304256668,3.51331108346875,0.412744340865277,12.4534803045134,2.5,1,TRUE,TRUE,1,SSP3_7_0,AM_85,experiment1
5,0.7568,0.190183937097563,1.99,0.0995485304256668,4.03324157770781,0.507141718435342,12.4534803045134,2.5,1,TRUE,TRUE,1,SSP3_7_0,AM_85,experiment1
6,0.746,0.198149598191021,1.988,0.108939744206914,4.51970333816672,0.595743245843486,12.4534803045134,2.5,1,TRUE,TRUE,1,SSP3_7_0,AM_85,experiment1
7,0.7321,0.204061831882474,1.986,0.117549214450024,4.97268680865089,0.678779961588005,12.4534803045134,2.5,1,TRUE,TRUE,1,SSP3_7_0,AM_85,experiment1
8,0.7273,0.207286462842313,1.984,0.125537881771837,5.40005893338515,0.757077986623403,12.4534803045134,2.5,1,TRUE,TRUE,1,SSP3_7_0,AM_85,experiment1
9,0.7186,0.209087918727405,1.984,0.125537881771837,5.80085344051132,0.82908342625564,12.4534803045134,2.5,1,TRUE,TRUE,1,SSP3_7_0,AM_85,experiment1
10,0.7113,0.210729012517775,1.982,0.133017644294634,6.17751286161679,0.892725540294889,12.4534803045134,2.5,1,TRUE,TRUE,1,SSP3_7_0,AM_85,experiment1
11,0.7089,0.210606612301573,1.981,0.136593036636783,6.53406946546098,0.951789092351387,12.4534803045134,2.5,1,TRUE,TRUE,1,SSP3_7_0,AM_85,experiment1
12,0.7033,0.213552604092562,1.981,0.136593036636783,6.8699235234466,1.00694890500125,12.4534803045134,2.5,1,TRUE,TRUE,1,SSP3_7_0,AM_85,experiment1
13,0.7003,0.21646423900212,1.981,0.136593036636783,7.18752185359558,1.06030715069036,12.4534803045134,2.5,1,TRUE,TRUE,1,SSP3_7_0,AM_85,experiment1
14,0.6993,0.218717505809085,1.979,0.143455845400526,7.48882330512998,1.10880980618236,12.4534803045134,2.5,1,TRUE,TRUE,1,SSP3_7_0,AM_85,experiment1
15,0.7017,0.222837983222714,1.978,0.146756729104793,7.77613799442585,1.15598292551502,12.4534803045134,2.5,1,TRUE,TRUE,1,SSP3_7_0,AM_85,experiment1
16,0.6969,0.222957619515683,1.977,0.149978310076802,8.04710087766464,1.19993113536534,12.4534803045134,2.5,1,TRUE,TRUE,1,SSP3_7_0,AM_85,experiment1
17,0.7001,0.218810118294077,1.977,0.149978310076802,8.30578670256055,1.24028079597154,12.4534803045134,2.5,1,TRUE,TRUE,1,SSP3_7_0,AM_85,experiment1
18,0.6944,0.215766529367266,1.977,0.149978310076802,8.54938732067722,1.27890975530463,12.4534803045134,2.5,1,TRUE,TRUE,1,SSP3_7_0,AM_85,experiment1
19,0.6859,0.222802223576945,1.975,0.156203071030628,8.77779662613982,1.3169398643546,12.4534803045134,2.5,1,TRUE,TRUE,1,SSP3_7_0,AM_85,experiment1
20,0.6778,0.224672289429822,1.972,0.16505527329729,8.99207800140031,1.35162871379001,12.4534803045134,2.5,1,TRUE,TRUE,1,SSP3_7_0,AM_85,experiment1
21,0.6824,0.224233183361697,1.972,0.16505527329729,9.19713356220464,1.38408532005551,12.4534803045134,2.5,1,TRUE,TRUE,1,SSP3_7_0,AM_85,experiment1
22,0.6781,0.221041284038184,1.972,0.16505527329729,9.39061471043755,1.413025176239,12.4534803045134,2.5,1,TRUE,TRUE,1,SSP3_7_0,AM_85,experiment1
23,0.6623,0.224942902331479,1.967,0.178725887724591,9.56988137193033,1.43885762156996,12.4534803045134,2.5,1,TRUE,TRUE,1,SSP3_7_0,AM_85,experiment1
24,0.6469,0.221222352689165,1.967,0.178725887724591,9.73591290092241,1.46101081516247,12.4534803045134,2.5,1,TRUE,TRUE,1,SSP3_7_0,AM_85,experiment1
25,0.6397,0.222223521017226,1.967,0.178725887724591,9.89174550878472,1.48308046828589,12.4534803045134,2.5,1,TRUE,TRUE,1,SSP3_7_0,AM_85,experiment1
26,0.6269,0.222341687107537,1.979,0.215883314792055,10.0361064281347,1.50331226904479,12.4534803045134,2.5,1,TRUE,TRUE,1,SSP3_7_0,AM_85,experiment1
27,0.6014,0.223356056394108,2.044,0.343776354891057,10.1647707730578,1.52234019213408,12.4534803045134,2.5,1,TRUE,TRUE,1,SSP3_7_0,AM_85,experiment1
28,0.5795,0.224900712160567,2.224,0.506043555516795,10.275885872118,1.53996479202885,12.4534803045134,2.5,1,TRUE,TRUE,1,SSP3_7_0,AM_85,experiment1
29,0.5583,0.227778385701965,2.391,0.573103347963914,10.3714323178872,1.55698544263282,12.4534803045134,2.5,1,TRUE,TRUE,1,SSP3_7_0,AM_85,experiment1
30,0.5444,0.223558982415421,2.519,0.591598672233964,10.4553501720229,1.5708758387146,12.4534803045134,2.5,1,TRUE,TRUE,1,SSP3_7_0,AM_85,experiment1
31,0.545,0.234712782119104,2.603,0.589693766915285,10.5326701110445,1.58306628869369,12.4534803045134,2.5,1,TRUE,TRUE,1,SSP3_7_0,AM_85,experiment1
32,0.5408,0.24387462933818,2.668,0.586617524559333,10.6034280735301,1.59285344840753,12.4534803045134,2.5,1,TRUE,TRUE,1,SSP3_7_0,AM_85,experiment1
33,0.5458,0.257698988684024,2.714,0.583561945764582,10.6701935938931,1.60162300475481,12.4534803045134,2.5,1,TRUE,TRUE,1,SSP3_7_0,AM_85,experiment1
34,0.5482,0.267597399778788,2.735,0.594245848221196,10.7333135839776,1.60930131733354,12.4534803045134,2.5,1,TRUE,TRUE,1,SSP3_7_0,AM_85,experiment1
35,0.5554,0.283109503533511,2.746,0.604855230488958,10.7940112479066,1.61609284667307,12.4534803045134,2.5,1,TRUE,TRUE,1,SSP3_7_0,AM_85,experiment1
36,0.5647,0.290117352252633,2.748,0.612266993125443,10.8529480957986,1.62382332818703,12.4534803045134,2.5,1,TRUE,TRUE,1,SSP3_7_0,AM_85,experiment1
37,0.5651,0.290786083825458,2.753,0.61674254869546,10.90883130449,1.6305258154439,12.4534803045134,2.5,1,TRUE,TRUE,1,SSP3_7_0,AM_85,experiment1
38,0.578,0.292372162630921,2.758,0.619531936077407,10.963523372805,1.63759544625601,12.4534803045134,2.5,1,TRUE,TRUE,1,SSP3_7_0,AM_85,experiment1
39,0.5834,0.289980220926408,2.759,0.619114127041455,11.0161555265262,1.64439425258368,12.4534803045134,2.5,1,TRUE,TRUE,1,SSP3_7_0,AM_85,experiment1
40,0.5938,0.291696154665513,2.754,0.629189859962698,11.0674562943055,1.65170334674854,12.4534803045134,2.5,1,TRUE,TRUE,1,SSP3_7_0,AM_85,experiment1
41,0.6032,0.295900857243296,2.755,0.633542718667318,11.1172300645764,1.65904709702434,12.4534803045134,2.5,1,TRUE,TRUE,1,SSP3_7_0,AM_85,experiment1
42,0.6061,0.299737606303635,2.749,0.642192659107383,11.1648897689085,1.66653300765872,12.4534803045134,2.5,1,TRUE,TRUE,1,SSP3_7_0,AM_85,experiment1
43,0.6068,0.299806010019218,2.748,0.645687937716753,11.2102345260946,1.67346858402377,12.4534803045134,2.5,1,TRUE,TRUE,1,SSP3_7_0,AM_85,experiment1
44,0.6054,0.302029902595856,2.742,0.652580923611671,11.2532324932158,1.68036706848334,12.4534803045134,2.5,1,TRUE,TRUE,1,SSP3_7_0,AM_85,experiment1
45,0.6041,0.299838444988452,2.736,0.6608636324846,11.2940049873857,1.68706551894343,12.4534803045134,2.5,1,TRUE,TRUE,1,SSP3_7_0,AM_85,experiment1
46,0.6019,0.302883027137752,2.726,0.673333036006238,11.3326221885655,1.69303217746758,12.4534803045134,2.5,1,TRUE,TRUE,1,SSP3_7_0,AM_85,experiment1
47,0.5929,0.300015998906058,2.718,0.683332234672815,11.3686008916866,1.69865005701611,12.4534803045134,2.5,1,TRUE,TRUE,1,SSP3_7_0,AM_85,experiment1
48,0.5867,0.302331795407818,2.714,0.687514855604355,11.4023108903289,1.70410597928106,12.4534803045134,2.5,1,TRUE,TRUE,1,SSP3_7_0,AM_85,experiment1
49,0.5732,0.303073610882923,2.693,0.712220652788346,11.4334389800771,1.70918483123407,12.4534803045134,2.5,1,TRUE,TRUE,1,SSP3_7_0,AM_85,experiment1
50,0.5547,0.30533774928944,2.668,0.737780672232826,11.4618301370547,1.71380937361791,12.4534803045134,2.5,1,TRUE,TRUE,1,SSP3_7_0,AM_85,experiment1
51,0.5338,0.307558371942876,2.636,0.76163251249148,11.4875934307642,1.71819882729577,12.4534803045134,2.5,1,TRUE,TRUE,1,SSP3_7_0,AM_85,experiment1
52,0.5137,0.309997432906159,2.606,0.783184127378344,11.5109536549889,1.7222074500655,12.4534803045134,2.5,1,TRUE,TRUE,1,SSP3_7_0,AM_85,experiment1
53,0.4843,0.310805582495087,2.555,0.819540509460421,11.5316260680432,1.72629639097507,12.4534803045134,2.5,1,TRUE,TRUE,1,SSP3_7_0,AM_85,experiment1
54,0.4489,0.310894588961348,2.481,0.863935984541323,11.5496037347573,1.72991252307231,12.4534803045134,2.5,1,TRUE,TRUE,1,SSP3_7_0,AM_85,experiment1
55,0.399,0.31102368999119,2.348,0.904275242231984,11.564722657748,1.73235793705101,12.4534803045134,2.5,1,TRUE,TRUE,1,SSP3_7_0,AM_85,experiment1
56,0.3574,0.316805311833002,2.203,0.957448540501111,11.5775784086244,1.73439799252881,12.4534803045134,2.5,1,TRUE,TRUE,1,SSP3_7_0,AM_85,experiment1
57,0.3094,0.311269221942242,2.06,0.97537241674724,11.5880787495126,1.7363164230591,12.4534803045134,2.5,1,TRUE,TRUE,1,SSP3_7_0,AM_85,experiment1
58,0.2473,0.289164877407901,1.892,0.97328479043047,11.5958475724576,1.73747183093273,12.4534803045134,2.5,1,TRUE,TRUE,1,SSP3_7_0,AM_85,experiment1
59,0.2003,0.270560738306786,1.738,0.950926001463973,11.601739899748,1.73850922088843,12.4534803045134,2.5,1,TRUE,TRUE,1,SSP3_7_0,AM_85,experiment1
60,0.1618,0.251682546284211,1.613,0.909977504699462,11.6061887450617,1.73925575672189,12.4534803045134,2.5,1,TRUE,TRUE,1,SSP3_7_0,AM_85,experiment1
61,0.1187,0.220247176642106,1.454,0.82617586902945,11.6092779899851,1.73975188503751,12.4534803045134,2.5,1,TRUE,TRUE,1,SSP3_7_0,AM_85,experiment1
62,0.0838,0.187437169986886,1.343,0.742901677816724,11.6112667693633,1.74009258142002,12.4534803045134,2.5,1,TRUE,TRUE,1,SSP3_7_0,AM_85,experiment1
63,0.0599,0.159585267043852,1.249,0.652245677965308,11.6126007525123,1.74034228457524,12.4534803045134,2.5,1,TRUE,TRUE,1,SSP3_7_0,AM_85,experiment1
64,0.0406,0.13685894333353,1.165,0.547791087071591,11.6134652148693,1.7405609991256,12.4534803045134,2.5,1,TRUE,TRUE,1,SSP3_7_0,AM_85,experiment1
65,0.0282,0.115923242700496,1.104,0.435170510689055,11.6140815676179,1.7406768449012,12.4534803045134,2.5,1,TRUE,TRUE,1,SSP3_7_0,AM_85,experiment1
66,0.0171,0.0896974672754791,1.057,0.322265193365425,11.6144595916595,1.74074578964978,12.4534803045134,2.5,1,TRUE,TRUE,1,SSP3_7_0,AM_85,experiment1
67,0.0085,0.0682818600538416,1.022,0.193787392658949,11.6146613117225,1.74079452957883,12.4534803045134,2.5,1,TRUE,TRUE,1,SSP3_7_0,AM_85,experiment1
68,0.0023,0.0350133679604796,1.006,0.109434802398396,11.6147106720107,1.74081155068287,12.4534803045134,2.5,1,TRUE,TRUE,1,SSP3_7_0,AM_85,experiment1
69,0,0,1,0,11.6147106720107,1.74081155068287,12.4534803045134,2.5,1,TRUE,TRUE,1,SSP3_7_0,AM_85,experiment1
70,0,0,1,0,11.6147106720107,1.74081155068287,12.4534803045134,2.5,1,TRUE,TRUE,1,SSP3_7_0,AM_85,experiment1
71,0,0,1,0,11.6147106720107,1.74081155068287,12.4534803045134,2.5,1,TRUE,TRUE,1,SSP3_7_0,AM_85,experiment1
72,0,0,1,0,11.6147106720107,1.74081155068287,12.4534803045134,2.5,1,TRUE,TRUE,1,SSP3_7_0,AM_85,experiment1
73,0,0,1,0,11.6147106720107,1.74081155068287,12.4534803045134,2.5,1,TRUE,TRUE,1,SSP3_7_0,AM_85,experiment1
74,0,0,1,0,11.6147106720107,1.74081155068287,12.4534803045134,2.5,1,TRUE,TRUE,1,SSP3_7_0,AM_85,experiment1
75,0,0,1,0,11.6147106720107,1.74081155068287,12.4534803045134,2.5,1,TRUE,TRUE,1,SSP3_7_0,AM_85,experiment1
76,0,0,1,0,11.6147106720107,1.74081155068287,12.4534803045134,2.5,1,TRUE,TRUE,1,SSP3_7_0,AM_85,experiment1
77,0,0,1,0,11.6147106720107,1.74081155068287,12.4534803045134,2.5,1,TRUE,TRUE,1,SSP3_7_0,AM_85,experiment1
78,0,0,1,0,11.6147106720107,1.74081155068287,12.4534803045134,2.5,1,TRUE,TRUE,1,SSP3_7_0,AM_85,experiment1
79,0,0,1,0,11.6147106720107,1.74081155068287,12.4534803045134,2.5,1,TRUE,TRUE,1,SSP3_7_0,AM_85,experiment1
80,0,0,1,0,11.6147106720107,1.74081155068287,12.4534803045134,2.5,1,TRUE,TRUE,1,SSP3_7_0,AM_85,experiment1
81,0,0,1,0,11.6147106720107,1.74081155068287,12.4534803045134,2.5,1,TRUE,TRUE,1,SSP3_7_0,AM_85,experiment1
82,0,0,1,0,11.6147106720107,1.74081155068287,12.4534803045134,2.5,1,TRUE,TRUE,1,SSP3_7_0,AM_85,experiment1
83,0,0,1,0,11.6147106720107,1.74081155068287,12.4534803045134,2.5,1,TRUE,TRUE,1,SSP3_7_0,AM_85,experiment1
0,1,0,2,0,0.95,0,14.4845650956494,2.5,2.5,TRUE,TRUE,1,SSP3_7_0,AM_85,experiment1
1,0.8737,0.130749399254472,1.998,0.0446989708829856,1.6934795,0.11741343071477,14.4845650956494,2.5,2.5,TRUE,TRUE,1,SSP3_7_0,AM_85,experiment1
2,0.8246,0.153356963840441,1.997,0.054717401199198,2.35773078125,0.216343500057437,14.4845650956494,2.5,2.5,TRUE,TRUE,1,SSP3_7_0,AM_85,experiment1
3,0.7994,0.164093164289578,1.996,0.0631505185092568,2.96828466625,0.307172182743787,14.4845650956494,2.5,2.5,TRUE,TRUE,1,SSP3_7_0,AM_85,experiment1
4,0.7772,0.182300283580123,1.993,0.0834143750078963,3.53124898732812,0.397563606161289,14.4845650956494,2.5,2.5,TRUE,TRUE,1,SSP3_7_0,AM_85,experiment1
5,0.7544,0.185134856023697,1.993,0.0834143750078963,4.04930499724609,0.488069022913154,14.4845650956494,2.5,2.5,TRUE,TRUE,1,SSP3_7_0,AM_85,experiment1
6,0.7488,0.191350921542529,1.99,0.0995485304256668,4.53765226840445,0.568787765251797,14.4845650956494,2.5,2.5,TRUE,TRUE,1,SSP3_7_0,AM_85,experiment1
7,0.7445,0.198113601246858,1.989,0.104354635210372,4.99876263917192,0.646679882590846,14.4845650956494,2.5,2.5,TRUE,TRUE,1,SSP3_7_0,AM_85,experiment1
8,0.7421,0.199943911053994,1.988,0.108939744206914,5.43533640528815,0.720052268236871,14.4845650956494,2.5,2.5,TRUE,TRUE,1,SSP3_7_0,AM_85,experiment1
9,0.7332,0.206786171008896,1.988,0.108939744206914,5.84475272433936,0.791954547369258,14.4845650956494,2.5,2.5,TRUE,TRUE,1,SSP3_7_0,AM_85,experiment1
10,0.7279,0.209464711742731,1.988,0.108939744206914,6.23068358694893,0.860523584769978,14.4845650956494,2.5,2.5,TRUE,TRUE,1,SSP3_7_0,AM_85,experiment1
11,0.7305,0.20543113676352,1.988,0.108939744206914,6.59872284265596,0.920165412826528,14.4845650956494,2.5,2.5,TRUE,TRUE,1,SSP3_7_0,AM_85,experiment1
12,0.7258,0.206971488850994,1.986,0.117549214450024,6.94599876199454,0.974279246031386,14.4845650956494,2.5,2.5,TRUE,TRUE,1,SSP3_7_0,AM_85,experiment1
13,0.7256,0.210020829321162,1.986,0.117549214450024,7.27581335037037,1.02462111497859,14.4845650956494,2.5,2.5,TRUE,TRUE,1,SSP3_7_0,AM_85,experiment1
14,0.7248,0.210782801455407,1.986,0.117549214450024,7.58876657634329,1.07179876668436,14.4845650956494,2.5,2.5,TRUE,TRUE,1,SSP3_7_0,AM_85,experiment1
15,0.7267,0.209286671603595,1.984,0.125537881771837,7.88695239435486,1.11631250678533,14.4845650956494,2.5,2.5,TRUE,TRUE,1,SSP3_7_0,AM_85,experiment1
16,0.7272,0.210343539012741,1.984,0.125537881771837,8.17043798163346,1.15784031075555,14.4845650956494,2.5,2.5,TRUE,TRUE,1,SSP3_7_0,AM_85,experiment1
17,0.7279,0.214143520675848,1.982,0.133017644294634,8.4400670610029,1.19723385326344,14.4845650956494,2.5,2.5,TRUE,TRUE,1,SSP3_7_0,AM_85,experiment1
18,0.7228,0.211245792348119,1.982,0.133017644294634,8.69429018303093,1.23296533261899,14.4845650956494,2.5,2.5,TRUE,TRUE,1,SSP3_7_0,AM_85,experiment1
19,0.7197,0.210965438914568,1.981,0.136593036636783,8.93470876689422,1.26636251902923,14.4845650956494,2.5,2.5,TRUE,TRUE,1,SSP3_7_0,AM_85,experiment1
20,0.7193,0.211476316007803,1.981,0.136593036636783,9.16297019691383,1.29627388706122,14.4845650956494,2.5,2.5,TRUE,TRUE,1,SSP3_7_0,AM_85,experiment1
21,0.7161,0.21526060282162,1.979,0.143455845400526,9.37881560144304,1.32547851405923,14.4845650956494,2.5,2.5,TRUE,TRUE,1,SSP3_7_0,AM_85,experiment1
22,0.7123,0.216160670417714,1.978,0.146756729104793,9.58271614749182,1.35278615971152,14.4845650956494,2.5,2.5,TRUE,TRUE,1,SSP3_7_0,AM_85,experiment1
23,0.7062,0.22034089522853,1.976,0.1531255937048,9.77466973209213,1.37731991859024,14.4845650956494,2.5,2.5,TRUE,TRUE,1,SSP3_7_0,AM_85,experiment1
24,0.7027,0.219797682019217,1.976,0.1531255937048,9.9560547739565,1.400862126045,14.4845650956494,2.5,2.5,TRUE,TRUE,1,SSP3_7_0,AM_85,experiment1
25,0.7114,0.22275470737935,1.976,0.1531255937048,10.1306631885495,1.42375226711171,14.4845650956494,2.5,2.5,TRUE,TRUE,1,SSP3_7_0,AM_85,experiment1
26,0.709,0.222054741692917,1.978,0.159817212907564,10.2958652533705,1.44556297378528,14.4845650956494,2.5,2.5,TRUE,TRUE,1,SSP3_7_0,AM_85,experiment1
27,0.7052,0.223568653757505,2.009,0.242853820184032,10.4507737950816,1.4670754937113,14.4845650956494,2.5,2.5,TRUE,TRUE,1,SSP3_7_0,AM_85,experiment1
28,0.7069,0.226171491447405,2.082,0.356936133507667,10.5958244123988,1.48767408102598,14.4845650956494,2.5,2.5,TRUE,TRUE,1,SSP3_7_0,AM_85,experiment1
29,0.7072,0.229435831553837,2.139,0.419350515505651,10.7318088012949,1.50835234271733,14.4845650956494,2.5,2.5,TRUE,TRUE,1,SSP3_7_0,AM_85,experiment1
30,0.7022,0.228620706471281,2.191,0.459053079425168,10.8583839633766,1.5270304825467,14.4845650956494,2.5,2.5,TRUE,TRUE,1,SSP3_7_0,AM_85,experiment1
31,0.7022,0.232570955300203,2.231,0.485669511988219,10.977448727299,1.54517295696336,14.4845650956494,2.5,2.5,TRUE,TRUE,1,SSP3_7_0,AM_85,experiment1
32,0.7037,0.232487333763283,2.249,0.497238621032444,11.090321019342,1.56264325434485,14.4845650956494,2.5,2.5,TRUE,TRUE,1,SSP3_7_0,AM_85,experiment1
33,0.7048,0.234674310549817,2.274,0.509100366512521,11.1970864115538,1.57947365588711,14.4845650956494,2.5,2.5,TRUE,TRUE,1,SSP3_7_0,AM_85,experiment1
34,0.6973,0.237231930795559,2.289,0.519373419370638,11.2968610044844,1.59516894468372,14.4845650956494,2.5,2.5,TRUE,TRUE,1,SSP3_7_0,AM_85,experiment1
35,0.6993,0.232945860177368,2.295,0.525596091358423,11.3917888690617,1.61065841913097,14.4845650956494,2.5,2.5,TRUE,TRUE,1,SSP3_7_0,AM_85,experiment1
36,0.6981,0.234950189596841,2.299,0.529035801131529,11.4816855489275,1.62552988198497,14.4845650956494,2.5,2.5,TRUE,TRUE,1,SSP3_7_0,AM_85,experiment1
37,0.6949,0.232676015369286,2.304,0.532792518592245,11.5665106920475,1.63913505986424,14.4845650956494,2.5,2.5,TRUE,TRUE,1,SSP3_7_0,AM_85,experiment1
38,0.6988,0.231240204186106,2.307,0.533887662374807,11.6475612800538,1.65179107768676,14.4845650956494,2.5,2.5,TRUE,TRUE,1,SSP3_7_0,AM_85,experiment1
39,0.6914,0.229997693333953,2.305,0.533159693956003,11.7236469023482,1.66395506298328,14.4845650956494,2.5,2.5,TRUE,TRUE,1,SSP3_7_0,AM_85,experiment1
40,0.6945,0.233611481576408,2.302,0.53766633248241,11.7963250248112,1.67613681501391,14.4845650956494,2.5,2.5,TRUE,TRUE,1,SSP3_7_0,AM_85,experiment1
41,0.6952,0.233519788222522,2.301,0.539156461233369,11.8654562278171,1.68733511096339,14.4845650956494,2.5,2.5,TRUE,TRUE,1,SSP3_7_0,AM_85,experiment1
42,0.6919,0.239837261308396,2.298,0.541746702333747,11.9307948121865,1.69800396366354,14.4845650956494,2.5,2.5,TRUE,TRUE,1,SSP3_7_0,AM_85,experiment1
43,0.6915,0.237474512620079,2.298,0.54359129085324,11.99281413036,1.70781669850583,14.4845650956494,2.5,2.5,TRUE,TRUE,1,SSP3_7_0,AM_85,experiment1
44,0.693,0.24130733355874,2.295,0.546144004153917,12.0519065030746,1.71702311768749,14.4845650956494,2.5,2.5,TRUE,TRUE,1,SSP3_7_0,AM_85,experiment1
45,0.6973,0.245281211822008,2.295,0.546144004153917,12.1084504706032,1.72568361327814,14.4845650956494,2.5,2.5,TRUE,TRUE,1,SSP3_7_0,AM_85,experiment1
46,0.6968,0.247893548143576,2.295,0.546144004153917,12.1621223673394,1.73397885439893,14.4845650956494,2.5,2.5,TRUE,TRUE,1,SSP3_7_0,AM_85,experiment1
47,0.6873,0.245375057654438,2.291,0.548287898480004,12.2123348251668,1.74193177464146,14.4845650956494,2.5,2.5,TRUE,TRUE,1,SSP3_7_0,AM_85,experiment1
48,0.6934,0.248149185003735,2.291,0.548287898480004,12.2605307278388,1.74926030952728,14.4845650956494,2.5,2.5,TRUE,TRUE,1,SSP3_7_0,AM_85,experiment1
49,0.6819,0.251247916440148,2.285,0.553245949900296,12.3054704406492,1.75612032003355,14.4845650956494,2.5,2.5,TRUE,TRUE,1,SSP3_7_0,AM_85,experiment1
50,0.6812,0.252607146316905,2.282,0.555684069219898,12.3481302738421,1.76273740801607,14.4845650956494,2.5,2.5,TRUE,TRUE,1,SSP3_7_0,AM_85,experiment1
51,0.6872,0.25270540164393,2.274,0.552475546272619,12.3891571038247,1.76946957715197,14.4845650956494,2.5,2.5,TRUE,TRUE,1,SSP3_7_0,AM_85,experiment1
52,0.6859,0.252060954383508,2.256,0.546591952705821,12.4282183542159,1.77568384594258,14.4845650956494,2.5,2.5,TRUE,TRUE,1,SSP3_7_0,AM_85,experiment1
53,0.6838,0.25103900211039,2.234,0.536219667236788,12.4654017486833,1.78128341654952,14.4845650956494,2.5,2.5,TRUE,TRUE,1,SSP3_7_0,AM_85,experiment1
54,0.6859,0.250986422310419,2.211,0.526075807993255,12.5010504585528,1.78653978081063,14.4845650956494,2.5,2.5,TRUE,TRUE,1,SSP3_7_0,AM_85,experiment1
55,0.682,0.252863480834896,2.17,0.507304008812622,12.5350270281021,1.79155478121718,14.4845650956494,2.5,2.5,TRUE,TRUE,1,SSP3_7_0,AM_85,experiment1
56,0.6865,0.256346374001006,2.123,0.477597214291603,12.5679146449208,1.79600514724857,14.4845650956494,2.5,2.5,TRUE,TRUE,1,SSP3_7_0,AM_85,experiment1
57,0.6761,0.259781208474124,2.078,0.442845472046528,12.5989613504542,1.80019934605152,14.4845650956494,2.5,2.5,TRUE,TRUE,1,SSP3_7_0,AM_85,experiment1
58,0.6692,0.2637819951038,2.047,0.411047393812392,12.6283466080291,1.80416445510878,14.4845650956494,2.5,2.5,TRUE,TRUE,1,SSP3_7_0,AM_85,experiment1
59,0.6572,0.264079340157268,2.022,0.389445333349454,12.6558687059439,1.8079191578933,14.4845650956494,2.5,2.5,TRUE,TRUE,1,SSP3_7_0,AM_85,experiment1
60,0.6521,0.263448277646666,1.992,0.35222160646397,12.6819840625466,1.81133000907149,14.4845650956494,2.5,2.5,TRUE,TRUE,1,SSP3_7_0,AM_85,experiment1
61,0.6427,0.261218194130778,1.97,0.318121362377947,12.7065400255583,1.81436406346311,14.4845650956494,2.5,2.5,TRUE,TRUE,1,SSP3_7_0,AM_85,experiment1
62,0.6382,0.26009307643305,1.961,0.305896342855832,12.7297398183643,1.81719308443615,14.4845650956494,2.5,2.5,TRUE,TRUE,1,SSP3_7_0,AM_85,experiment1
63,0.6282,0.258982300228861,1.949,0.290660426414542,12.7514644187606,1.81978675789782,14.4845650956494,2.5,2.5,TRUE,TRUE,1,SSP3_7_0,AM_85,experiment1
64,0.6141,0.256001419384203,1.939,0.274507475953487,12.7716500603974,1.82231646957087,14.4845650956494,2.5,2.5,TRUE,TRUE,1,SSP3_7_0,AM_85,experiment1
65,0.6004,0.254646195111344,1.936,0.268283387439431,12.7903777016053,1.82481935448807,14.4845650956494,2.5,2.5,TRUE,TRUE,1,SSP3_7_0,AM_85,experiment1
66,0.5886,0.250265204678303,1.933,0.265671943534844,12.8078005883888,1.82698510009091,14.4845650956494,2.5,2.5,TRUE,TRUE,1,SSP3_7_0,AM_85,experiment1
67,0.5836,0.255609812754472,1.921,0.273557734004787,12.8242270198849,1.82891493173431,14.4845650956494,2.5,2.5,TRUE,TRUE,1,SSP3_7_0,AM_85,experiment1
68,0.5765,0.25663907265577,1.917,0.279623298723817,12.8396317851073,1.83078443440925,14.4845650956494,2.5,2.5,TRUE,TRUE,1,SSP3_7_0,AM_85,experiment1
69,0.5636,0.256360606881714,1.915,0.282586013197495,12.8539132408309,1.83262986876645,14.4845650956494,2.5,2.5,TRUE,TRUE,1,SSP3_7_0,AM_85,experiment1
70,0.5522,0.252425986932564,2.044,0.462902018010592,12.8666748352115,1.83438139737479,14.4845650956494,2.5,2.5,TRUE,TRUE,1,SSP3_7_0,AM_85,experiment1
71,0.5475,0.250232624504413,1.911,0.284886223184204,12.8791705193683,1.83592789518056,14.4845650956494,2.5,2.5,TRUE,TRUE,1,SSP3_7_0,AM_85,experiment1
72,0.5362,0.249262294965949,1.908,0.289170571842329,12.8907777266498,1.837414285477,14.4845650956494,2.5,2.5,TRUE,TRUE,1,SSP3_7_0,AM_85,experiment1
73,0.5248,0.253355775835384,1.905,0.293361655744341,12.9015518188243,1.83875527944212,14.4845650956494,2.5,2.5,TRUE,TRUE,1,SSP3_7_0,AM_85,experiment1
74,0.5095,0.249724071951649,1.901,0.29881145943268,12.911464916009,1.83994566824773,14.4845650956494,2.5,2.5,TRUE,TRUE,1,SSP3_7_0,AM_85,experiment1
75,0.4977,0.249894291965937,1.85,0.357250091151322,12.9206948002733,1.84110698790117,14.4845650956494,2.5,2.5,TRUE,TRUE,1,SSP3_7_0,AM_85,experiment1
76,0.4866,0.247551452675442,1.837,0.369550493934953,12.9292618949026,1.84206345139016,14.4845650956494,2.5,2.5,TRUE,TRUE,1,SSP3_7_0,AM_85,experiment1
77,0.4711,0.24567284169225,1.715,0.451640320364534,12.9372286187126,1.84306853137327,14.4845650956494,2.5,2.5,TRUE,TRUE,1,SSP3_7_0,AM_85,experiment1
78,0.4504,0.242525583513696,1.675,0.468609213091884,12.9444719142257,1.84399197060933,14.4845650956494,2.5,2.5,TRUE,TRUE,1,SSP3_7_0,AM_85,experiment1
79,0.4319,0.238640607062879,1.304,0.460212772308414,12.951353870732,1.844876358503,14.4845650956494,2.5,2.5,TRUE,TRUE,1,SSP3_7_0,AM_85,experiment1
80,0.4078,0.238780602596141,1,0,12.9577520919225,1.84563756236473,14.4845650956494,2.5,2.5,TRUE,TRUE,1,SSP3_7_0,AM_85,experiment1
81,0.3687,0.217480131523796,1,0,12.963247611651,1.84625348199962,14.4845650956494,2.5,2.5,TRUE,TRUE,1,SSP3_7_0,AM_85,experiment1
82,0.3402,0.204219650537517,1,0,12.9680647991234,1.84679184494388,14.4845650956494,2.5,2.5,TRUE,TRUE,1,SSP3_7_0,AM_85,experiment1
83,0.319,0.197479107750663,1,0,12.9723559474582,1.84726014309544,14.4845650956494,2.5,2.5,TRUE,TRUE,1,SSP3_7_0,AM_85,experiment1
0,1,0,2,0,0.95,0,11.9132393748186,2.5,1,TRUE,TRUE,1,SSP5_8_5,AM_85,experiment1
1,0.8802,0.121254536668376,1.997,0.054717401199198,1.699390875,0.108472177922464,11.9132393748186,2.5,1,TRUE,TRUE,1,SSP5_8_5,AM_85,experiment1
2,0.8223,0.144892041547159,1.997,0.054717401199198,2.36167019375,0.196823314759115,11.9132393748186,2.5,1,TRUE,TRUE,1,SSP5_8_5,AM_85,experiment1
3,0.7992,0.163358642397781,1.996,0.0631505185092568,2.9720611775,0.287267938547429,11.9132393748186,2.5,1,TRUE,TRUE,1,SSP5_8_5,AM_85,experiment1
4,0.7764,0.169208958603472,1.996,0.0631505185092568,3.5342904066875,0.37302959843274,11.9132393748186,2.5,1,TRUE,TRUE,1,SSP5_8_5,AM_85,experiment1
5,0.7658,0.177261901664689,1.996,0.0631505185092568,4.060616200375,0.45702575542359,11.9132393748186,2.5,1,TRUE,TRUE,1,SSP5_8_5,AM_85,experiment1
6,0.7616,0.175773537076365,1.996,0.0631505185092568,4.55769268773453,0.534483656195448,11.9132393748186,2.5,1,TRUE,TRUE,1,SSP5_8_5,AM_85,experiment1
7,0.7524,0.17934995513355,1.996,0.0631505185092568,5.02381188275823,0.603441213083356,11.9132393748186,2.5,1,TRUE,TRUE,1,SSP5_8_5,AM_85,experiment1
8,0.75,0.180367770215559,1.996,0.0631505185092568,5.4651125194474,0.669360820707725,11.9132393748186,2.5,1,TRUE,TRUE,1,SSP5_8_5,AM_85,experiment1
9,0.7379,0.180183395616955,1.996,0.0631505185092568,5.87710340733733,0.72480486611656,11.9132393748186,2.5,1,TRUE,TRUE,1,SSP5_8_5,AM_85,experiment1
10,0.734,0.181815997802881,1.996,0.0631505185092568,6.26627643047288,0.774749750960522,11.9132393748186,2.5,1,TRUE,TRUE,1,SSP5_8_5,AM_85,experiment1
11,0.7313,0.18494462553563,1.996,0.0631505185092568,6.63453183021497,0.822090705871017,11.9132393748186,2.5,1,TRUE,TRUE,1,SSP5_8_5,AM_85,experiment1
12,0.7323,0.188844836763869,1.995,0.0705689732104696,6.98491346915739,0.864213199075029,11.9132393748186,2.5,1,TRUE,TRUE,1,SSP5_8_5,AM_85,experiment1
13,0.7265,0.191322644646039,1.994,0.0772655807586403,7.31497189502278,0.900692310681914,11.9132393748186,2.5,1,TRUE,TRUE,1,SSP5_8_5,AM_85,experiment1
14,0.7213,0.191135666066914,1.994,0.0772655807586403,7.62611828519807,0.935909385199597,11.9132393748186,2.5,1,TRUE,TRUE,1,SSP5_8_5,AM_85,experiment1
15,0.7091,0.193867931269653,1.992,0.0891288053546324,7.91638182317391,0.967329309765629,11.9132393748186,2.5,1,TRUE,TRUE,1,SSP5_8_5,AM_85,experiment1
16,0.703,0.201672188642043,1.991,0.0944877131056093,8.18960255622288,0.99733056097687,11.9132393748186,2.5,1,TRUE,TRUE,1,SSP5_8_5,AM_85,experiment1
17,0.6943,0.203221083573552,1.988,0.108939744206914,8.44576607019659,1.02536750135762,11.9132393748186,2.5,1,TRUE,TRUE,1,SSP5_8_5,AM_85,experiment1
18,0.6896,0.205265618099997,1.988,0.108939744206914,8.68734784653969,1.05364578060711,11.9132393748186,2.5,1,TRUE,TRUE,1,SSP5_8_5,AM_85,experiment1
19,0.6804,0.20193220797242,1.987,0.113330683593826,8.9135703878756,1.0798551550635,11.9132393748186,2.5,1,TRUE,TRUE,1,SSP5_8_5,AM_85,experiment1
20,0.6689,0.204363779947804,1.987,0.113330683593826,9.1245653434424,1.10172532417413,11.9132393748186,2.5,1,TRUE,TRUE,1,SSP5_8_5,AM_85,experiment1
21,0.653,0.211697462941377,1.984,0.125537881771837,9.31991489789753,1.12295039902862,11.9132393748186,2.5,1,TRUE,TRUE,1,SSP5_8_5,AM_85,experiment1
22,0.6333,0.206212593295447,1.987,0.144401703078086,9.49927299805847,1.14219008710579,11.9132393748186,2.5,1,TRUE,TRUE,1,SSP5_8_5,AM_85,experiment1
23,0.6166,0.206511711743153,2.069,0.316763854218469,9.6611663126031,1.16114612589129,11.9132393748186,2.5,1,TRUE,TRUE,1,SSP5_8_5,AM_85,experiment1
24,0.5899,0.207294382367108,2.334,0.510592503572766,9.79650468532924,1.18145769713802,11.9132393748186,2.5,1,TRUE,TRUE,1,SSP5_8_5,AM_85,experiment1
25,0.5672,0.206074323064827,2.524,0.54195730248583,9.91150485455409,1.19829159160017,11.9132393748186,2.5,1,TRUE,TRUE,1,SSP5_8_5,AM_85,experiment1
26,0.5591,0.214250071395771,2.646,0.531946394824673,10.0140207593036,1.21302355311865,11.9132393748186,2.5,1,TRUE,TRUE,1,SSP5_8_5,AM_85,experiment1
27,0.5585,0.229870812828838,2.734,0.511376090079997,10.107986161668,1.22540207705618,11.9132393748186,2.5,1,TRUE,TRUE,1,SSP5_8_5,AM_85,experiment1
28,0.5669,0.245345846886766,2.775,0.510524862896643,10.1975357133404,1.23680494803179,11.9132393748186,2.5,1,TRUE,TRUE,1,SSP5_8_5,AM_85,experiment1
29,0.5734,0.251506850196363,2.801,0.507598913175212,10.2830370649571,1.24480768734722,11.9132393748186,2.5,1,TRUE,TRUE,1,SSP5_8_5,AM_85,experiment1
30,0.5837,0.264791284645897,2.794,0.532773730440839,10.3663533939568,1.25272001597323,11.9132393748186,2.5,1,TRUE,TRUE,1,SSP5_8_5,AM_85,experiment1
31,0.5903,0.273222547679654,2.791,0.549199982356719,10.4467146032844,1.26039987009125,11.9132393748186,2.5,1,TRUE,TRUE,1,SSP5_8_5,AM_85,experiment1
32,0.589,0.27809411417061,2.787,0.563869620523175,10.5228001158713,1.26797405433394,11.9132393748186,2.5,1,TRUE,TRUE,1,SSP5_8_5,AM_85,experiment1
33,0.596,0.282141105838202,2.792,0.570141264127638,10.5960865943635,1.27533184380683,11.9132393748186,2.5,1,TRUE,TRUE,1,SSP5_8_5,AM_85,experiment1
34,0.601,0.288933353011525,2.787,0.586493797899837,10.6665308616819,1.28190283387886,11.9132393748186,2.5,1,TRUE,TRUE,1,SSP5_8_5,AM_85,experiment1
35,0.5953,0.284127856146909,2.784,0.589653874482049,10.7326087968352,1.28867470234844,11.9132393748186,2.5,1,TRUE,TRUE,1,SSP5_8_5,AM_85,experiment1
36,0.5976,0.290169671810199,2.776,0.605136505418563,10.7958025279422,1.29485561962085,11.9132393748186,2.5,1,TRUE,TRUE,1,SSP5_8_5,AM_85,experiment1
37,0.5993,0.290575194990804,2.77,0.612760536813098,10.8561640826989,1.3013382323973,11.9132393748186,2.5,1,TRUE,TRUE,1,SSP5_8_5,AM_85,experiment1
38,0.5965,0.291826854338172,2.758,0.630740702534595,10.9132640630001,1.30873604053306,11.9132393748186,2.5,1,TRUE,TRUE,1,SSP5_8_5,AM_85,experiment1
39,0.5896,0.296647669533809,2.74,0.657900321350304,10.9668022274251,1.31660238393245,11.9132393748186,2.5,1,TRUE,TRUE,1,SSP5_8_5,AM_85,experiment1
40,0.5803,0.298380530432099,2.725,0.678111226005612,11.0166806869115,1.32320719268767,11.9132393748186,2.5,1,TRUE,TRUE,1,SSP5_8_5,AM_85,experiment1
41,0.5651,0.298967174404434,2.707,0.695438447768481,11.0625226598804,1.32904378896462,11.9132393748186,2.5,1,TRUE,TRUE,1,SSP5_8_5,AM_85,experiment1
42,0.5516,0.30077883553852,2.692,0.713894702071423,11.1047227911004,1.33514827618908,11.9132393748186,2.5,1,TRUE,TRUE,1,SSP5_8_5,AM_85,experiment1
43,0.5246,0.30424892342851,2.64,0.75030857849485,11.1426147627102,1.34111218224103,11.9132393748186,2.5,1,TRUE,TRUE,1,SSP5_8_5,AM_85,experiment1
44,0.4861,0.307133718632652,2.584,0.793456724449149,11.1753504953103,1.34611485086368,11.9132393748186,2.5,1,TRUE,TRUE,1,SSP5_8_5,AM_85,experiment1
45,0.4398,0.305498427637998,2.51,0.844163854125852,11.2027651797591,1.34996123335964,11.9132393748186,2.5,1,TRUE,TRUE,1,SSP5_8_5,AM_85,experiment1
46,0.4003,0.310493665501112,2.39,0.900394752711671,11.2263860195233,1.35358459939792,11.9132393748186,2.5,1,TRUE,TRUE,1,SSP5_8_5,AM_85,experiment1
47,0.336,0.303572324423944,2.231,0.954227200172763,11.2446950870476,1.35626194093399,11.9132393748186,2.5,1,TRUE,TRUE,1,SSP5_8_5,AM_85,experiment1
48,0.2736,0.285980462313118,2.067,0.981567356055851,11.2583467455559,1.35809359176598,11.9132393748186,2.5,1,TRUE,TRUE,1,SSP5_8_5,AM_85,experiment1
49,0.2167,0.266123903345663,1.899,0.985784342932454,11.2681764661475,1.35885648230167,11.9132393748186,2.5,1,TRUE,TRUE,1,SSP5_8_5,AM_85,experiment1
50,0.1727,0.240254932170876,1.67,0.931647985007196,11.2759906131117,1.35897204274236,11.9132393748186,2.5,1,TRUE,TRUE,1,SSP5_8_5,AM_85,experiment1
51,0.1268,0.220522992883714,1.491,0.844175119055064,11.2814870139126,1.35908826533254,11.9132393748186,2.5,1,TRUE,TRUE,1,SSP5_8_5,AM_85,experiment1
52,0.083,0.186991887433562,1.322,0.724458998729977,11.2848911019385,1.35872497217039,11.9132393748186,2.5,1,TRUE,TRUE,1,SSP5_8_5,AM_85,experiment1
53,0.0493,0.144915528879794,1.203,0.598455636742732,11.2867305299305,1.35860861238898,11.9132393748186,2.5,1,TRUE,TRUE,1,SSP5_8_5,AM_85,experiment1
54,0.0306,0.117121122592628,1.13,0.493298432334164,11.2877784085003,1.35872895359706,11.9132393748186,2.5,1,TRUE,TRUE,1,SSP5_8_5,AM_85,experiment1
55,0.021,0.10064357470365,1.082,0.391700688574107,11.2885137096559,1.35878174947089,11.9132393748186,2.5,1,TRUE,TRUE,1,SSP5_8_5,AM_85,experiment1
56,0.0097,0.0682683716707127,1.036,0.258400407837857,11.2888522309956,1.35879761467949,11.9132393748186,2.5,1,TRUE,TRUE,1,SSP5_8_5,AM_85,experiment1
57,0.0051,0.0476052124904013,1.022,0.203856708394788,11.2890053716016,1.35881417968512,11.9132393748186,2.5,1,TRUE,TRUE,1,SSP5_8_5,AM_85,experiment1
58,0.0017,0.0266048457582039,1.007,0.113859404372076,11.2890562908532,1.35880597358151,11.9132393748186,2.5,1,TRUE,TRUE,1,SSP5_8_5,AM_85,experiment1
59,7e-04,0.0170235072708241,1.003,0.0706823598643678,11.2890770222627,1.35882005770706,11.9132393748186,2.5,1,TRUE,TRUE,1,SSP5_8_5,AM_85,experiment1
60,3e-04,0.00948683298050514,1.001,0.0316227766016838,11.28908796384,1.35883495480949,11.9132393748186,2.5,1,TRUE,TRUE,1,SSP5_8_5,AM_85,experiment1
61,0,0,1,0,11.28908796384,1.35883495480949,11.9132393748186,2.5,1,TRUE,TRUE,1,SSP5_8_5,AM_85,experiment1
62,0,0,1,0,11.28908796384,1.35883495480949,11.9132393748186,2.5,1,TRUE,TRUE,1,SSP5_8_5,AM_85,experiment1
63,0,0,1,0,11.28908796384,1.35883495480949,11.9132393748186,2.5,1,TRUE,TRUE,1,SSP5_8_5,AM_85,experiment1
64,0,0,1,0,11.28908796384,1.35883495480949,11.9132393748186,2.5,1,TRUE,TRUE,1,SSP5_8_5,AM_85,experiment1
65,0,0,1,0,11.28908796384,1.35883495480949,11.9132393748186,2.5,1,TRUE,TRUE,1,SSP5_8_5,AM_85,experiment1
66,0,0,1,0,11.28908796384,1.35883495480949,11.9132393748186,2.5,1,TRUE,TRUE,1,SSP5_8_5,AM_85,experiment1
67,0,0,1,0,11.28908796384,1.35883495480949,11.9132393748186,2.5,1,TRUE,TRUE,1,SSP5_8_5,AM_85,experiment1
68,0,0,1,0,11.28908796384,1.35883495480949,11.9132393748186,2.5,1,TRUE,TRUE,1,SSP5_8_5,AM_85,experiment1
69,0,0,1,0,11.28908796384,1.35883495480949,11.9132393748186,2.5,1,TRUE,TRUE,1,SSP5_8_5,AM_85,experiment1
70,0,0,1,0,11.28908796384,1.35883495480949,11.9132393748186,2.5,1,TRUE,TRUE,1,SSP5_8_5,AM_85,experiment1
71,0,0,1,0,11.28908796384,1.35883495480949,11.9132393748186,2.5,1,TRUE,TRUE,1,SSP5_8_5,AM_85,experiment1
72,0,0,1,0,11.28908796384,1.35883495480949,11.9132393748186,2.5,1,TRUE,TRUE,1,SSP5_8_5,AM_85,experiment1
73,0,0,1,0,11.28908796384,1.35883495480949,11.9132393748186,2.5,1,TRUE,TRUE,1,SSP5_8_5,AM_85,experiment1
74,0,0,1,0,11.28908796384,1.35883495480949,11.9132393748186,2.5,1,TRUE,TRUE,1,SSP5_8_5,AM_85,experiment1
75,0,0,1,0,11.28908796384,1.35883495480949,11.9132393748186,2.5,1,TRUE,TRUE,1,SSP5_8_5,AM_85,experiment1
76,0,0,1,0,11.28908796384,1.35883495480949,11.9132393748186,2.5,1,TRUE,TRUE,1,SSP5_8_5,AM_85,experiment1
77,0,0,1,0,11.28908796384,1.35883495480949,11.9132393748186,2.5,1,TRUE,TRUE,1,SSP5_8_5,AM_85,experiment1
78,0,0,1,0,11.28908796384,1.35883495480949,11.9132393748186,2.5,1,TRUE,TRUE,1,SSP5_8_5,AM_85,experiment1
79,0,0,1,0,11.28908796384,1.35883495480949,11.9132393748186,2.5,1,TRUE,TRUE,1,SSP5_8_5,AM_85,experiment1
80,0,0,1,0,11.28908796384,1.35883495480949,11.9132393748186,2.5,1,TRUE,TRUE,1,SSP5_8_5,AM_85,experiment1
81,0,0,1,0,11.28908796384,1.35883495480949,11.9132393748186,2.5,1,TRUE,TRUE,1,SSP5_8_5,AM_85,experiment1
82,0,0,1,0,11.28908796384,1.35883495480949,11.9132393748186,2.5,1,TRUE,TRUE,1,SSP5_8_5,AM_85,experiment1
83,0,0,1,0,11.28908796384,1.35883495480949,11.9132393748186,2.5,1,TRUE,TRUE,1,SSP5_8_5,AM_85,experiment1
0,1,0,2,0,0.95,0,14.3001819028155,2.5,2.5,TRUE,TRUE,1,SSP5_8_5,AM_85,experiment1
1,0.869,0.137251003048567,1.996,0.0631505185092568,1.689328,0.122752806403683,14.3001819028155,2.5,2.5,TRUE,TRUE,1,SSP5_8_5,AM_85,experiment1
2,0.8224,0.153302777997471,1.995,0.0705689732104696,2.35177879375,0.223176256173331,14.3001819028155,2.5,2.5,TRUE,TRUE,1,SSP5_8_5,AM_85,experiment1
3,0.798,0.168654808542314,1.994,0.0772655807586403,2.961273820625,0.317228911293047,14.3001819028155,2.5,2.5,TRUE,TRUE,1,SSP5_8_5,AM_85,experiment1
4,0.778,0.181242513911193,1.991,0.0944877131056093,3.52493454454687,0.408534214823961,14.3001819028155,2.5,2.5,TRUE,TRUE,1,SSP5_8_5,AM_85,experiment1
5,0.7649,0.189720805353509,1.99,0.0995485304256668,4.0508192831,0.499310920380344,14.3001819028155,2.5,2.5,TRUE,TRUE,1,SSP5_8_5,AM_85,experiment1
6,0.7492,0.189407590226039,1.989,0.104354635210372,4.5394808060416,0.582255808026707,14.3001819028155,2.5,2.5,TRUE,TRUE,1,SSP5_8_5,AM_85,experiment1
7,0.7442,0.197902818387019,1.985,0.121613279660528,5.00052483476594,0.661727215623505,14.3001819028155,2.5,2.5,TRUE,TRUE,1,SSP5_8_5,AM_85,experiment1
8,0.7386,0.202511854100077,1.984,0.125537881771837,5.43501877783008,0.732257234050816,14.3001819028155,2.5,2.5,TRUE,TRUE,1,SSP5_8_5,AM_85,experiment1
9,0.7349,0.20511963354117,1.984,0.125537881771837,5.84557269706584,0.801800506889319,14.3001819028155,2.5,2.5,TRUE,TRUE,1,SSP5_8_5,AM_85,experiment1
10,0.7328,0.205490599265237,1.983,0.129335717138491,6.23443288015064,0.868766906543484,14.3001819028155,2.5,2.5,TRUE,TRUE,1,SSP5_8_5,AM_85,experiment1
11,0.7256,0.207093040751078,1.982,0.133017644294634,6.59998647945441,0.928707327550895,14.3001819028155,2.5,2.5,TRUE,TRUE,1,SSP5_8_5,AM_85,experiment1
12,0.7261,0.210030718950593,1.979,0.143455845400526,6.94759607114713,0.985751735995233,14.3001819028155,2.5,2.5,TRUE,TRUE,1,SSP5_8_5,AM_85,experiment1
13,0.717,0.215307587783983,1.976,0.1531255937048,7.27346049219213,1.03939933103297,14.3001819028155,2.5,2.5,TRUE,TRUE,1,SSP5_8_5,AM_85,experiment1
14,0.7221,0.216583698598252,1.976,0.1531255937048,7.58539447745869,1.09171546933732,14.3001819028155,2.5,2.5,TRUE,TRUE,1,SSP5_8_5,AM_85,experiment1
15,0.7225,0.219617808890768,1.975,0.156203071030628,7.88192982046281,1.14118728881329,14.3001819028155,2.5,2.5,TRUE,TRUE,1,SSP5_8_5,AM_85,experiment1
16,0.7113,0.217507746114063,1.974,0.159214789983058,8.15897635457904,1.18711278299075,14.3001819028155,2.5,2.5,TRUE,TRUE,1,SSP5_8_5,AM_85,experiment1
17,0.7152,0.223201206938446,1.973,0.162164414398774,8.42373955854737,1.23269096423666,14.3001819028155,2.5,2.5,TRUE,TRUE,1,SSP5_8_5,AM_85,experiment1
18,0.7134,0.221290328323245,1.973,0.162164414398774,8.67458536583271,1.2742936179613,14.3001819028155,2.5,2.5,TRUE,TRUE,1,SSP5_8_5,AM_85,experiment1
19,0.722,0.226113084820687,1.972,0.16505527329729,8.91598978598262,1.31422640199985,14.3001819028155,2.5,2.5,TRUE,TRUE,1,SSP5_8_5,AM_85,experiment1
20,0.7062,0.226479254795782,1.97,0.170672578726429,9.13997716759232,1.34981372172785,14.3001819028155,2.5,2.5,TRUE,TRUE,1,SSP5_8_5,AM_85,experiment1
21,0.7084,0.234402185110089,1.967,0.178725887724591,9.35352548395221,1.38353808502205,14.3001819028155,2.5,2.5,TRUE,TRUE,1,SSP5_8_5,AM_85,experiment1
22,0.7052,0.234836343243775,1.967,0.194804899704676,9.55532063545708,1.41638819943714,14.3001819028155,2.5,2.5,TRUE,TRUE,1,SSP5_8_5,AM_85,experiment1
23,0.7026,0.236197013167036,1.994,0.256963090793269,9.74508430237485,1.44768979420373,14.3001819028155,2.5,2.5,TRUE,TRUE,1,SSP5_8_5,AM_85,experiment1
24,0.7037,0.240570538894903,2.091,0.396075593638229,9.92160115723092,1.4786638056353,14.3001819028155,2.5,2.5,TRUE,TRUE,1,SSP5_8_5,AM_85,experiment1
25,0.7026,0.240272701260403,2.172,0.469719742651548,10.0857478240736,1.50910740297436,14.3001819028155,2.5,2.5,TRUE,TRUE,1,SSP5_8_5,AM_85,experiment1
26,0.7041,0.240230932439811,2.211,0.496714934067545,10.2405731263749,1.53773815891483,14.3001819028155,2.5,2.5,TRUE,TRUE,1,SSP5_8_5,AM_85,experiment1
27,0.6993,0.239889676845539,2.241,0.513012847969895,10.3854453735281,1.56563567416676,14.3001819028155,2.5,2.5,TRUE,TRUE,1,SSP5_8_5,AM_85,experiment1
28,0.7006,0.24120078320316,2.259,0.521719456404677,10.5227576985664,1.59341714120075,14.3001819028155,2.5,2.5,TRUE,TRUE,1,SSP5_8_5,AM_85,experiment1
29,0.6985,0.237958766122146,2.268,0.529581397385196,10.6524209758643,1.61851022569912,14.3001819028155,2.5,2.5,TRUE,TRUE,1,SSP5_8_5,AM_85,experiment1
30,0.6937,0.23792208160849,2.274,0.532172159368758,10.7744388203906,1.64295871491512,14.3001819028155,2.5,2.5,TRUE,TRUE,1,SSP5_8_5,AM_85,experiment1
31,0.6883,0.241643335313643,2.275,0.538205039612846,10.8892225605065,1.66520280380618,14.3001819028155,2.5,2.5,TRUE,TRUE,1,SSP5_8_5,AM_85,experiment1
32,0.6969,0.242567988879879,2.278,0.539450652985986,10.999766924785,1.68672721392331,14.3001819028155,2.5,2.5,TRUE,TRUE,1,SSP5_8_5,AM_85,experiment1
33,0.6923,0.241514055572422,2.278,0.541303065767236,11.1039623951604,1.70739523534198,14.3001819028155,2.5,2.5,TRUE,TRUE,1,SSP5_8_5,AM_85,experiment1
34,0.6814,0.24603775030384,2.277,0.542738947898127,11.2011460873007,1.72667089014962,14.3001819028155,2.5,2.5,TRUE,TRUE,1,SSP5_8_5,AM_85,experiment1
35,0.6829,0.248554560145996,2.276,0.544169201737952,11.293715152617,1.74569180376172,14.3001819028155,2.5,2.5,TRUE,TRUE,1,SSP5_8_5,AM_85,experiment1
36,0.6788,0.249665562088352,2.275,0.545593871549775,11.3810487091385,1.76358714471155,14.3001819028155,2.5,2.5,TRUE,TRUE,1,SSP5_8_5,AM_85,experiment1
37,0.6843,0.252997070175758,2.272,0.546181576322668,11.4648486029208,1.78004046510734,14.3001819028155,2.5,2.5,TRUE,TRUE,1,SSP5_8_5,AM_85,experiment1
38,0.6825,0.253353385487421,2.27,0.54717401199198,11.5442420604872,1.79640178813355,14.3001819028155,2.5,2.5,TRUE,TRUE,1,SSP5_8_5,AM_85,experiment1
39,0.6784,0.253333017227557,2.268,0.548157346458548,11.6191646477647,1.81139884476771,14.3001819028155,2.5,2.5,TRUE,TRUE,1,SSP5_8_5,AM_85,experiment1
40,0.678,0.2523483300513,2.267,0.54955710623466,11.6902983753862,1.8252381678861,14.3001819028155,2.5,2.5,TRUE,TRUE,1,SSP5_8_5,AM_85,experiment1
41,0.681,0.252988147949668,2.264,0.551913587990555,11.7582523588459,1.83793392228959,14.3001819028155,2.5,2.5,TRUE,TRUE,1,SSP5_8_5,AM_85,experiment1
42,0.6794,0.250476303027609,2.262,0.551053227610237,11.8226654050893,1.84969766154614,14.3001819028155,2.5,2.5,TRUE,TRUE,1,SSP5_8_5,AM_85,experiment1
43,0.6812,0.249697634968593,2.248,0.544786924212387,11.8842660274439,1.86047382920297,14.3001819028155,2.5,2.5,TRUE,TRUE,1,SSP5_8_5,AM_85,experiment1
44,0.6802,0.24736440558243,2.219,0.530396380380108,11.9431197435417,1.87096697225239,14.3001819028155,2.5,2.5,TRUE,TRUE,1,SSP5_8_5,AM_85,experiment1
45,0.6775,0.249089935155549,2.182,0.512970895021481,11.9992811146816,1.88060781356347,14.3001819028155,2.5,2.5,TRUE,TRUE,1,SSP5_8_5,AM_85,experiment1
46,0.6616,0.248731395901899,2.153,0.495819359078321,12.0515888899725,1.88954117234246,14.3001819028155,2.5,2.5,TRUE,TRUE,1,SSP5_8_5,AM_85,experiment1
47,0.667,0.255060886958499,2.107,0.464507014765942,12.1023128933419,1.89747769514278,14.3001819028155,2.5,2.5,TRUE,TRUE,1,SSP5_8_5,AM_85,experiment1
48,0.654,0.251091710430765,2.054,0.418639772667695,12.150075474311,1.90466554434741,14.3001819028155,2.5,2.5,TRUE,TRUE,1,SSP5_8_5,AM_85,experiment1
49,0.6578,0.253778571915683,2.023,0.380283598930608,12.1961078057703,1.91183470058031,14.3001819028155,2.5,2.5,TRUE,TRUE,1,SSP5_8_5,AM_85,experiment1
50,0.6485,0.254445460742558,2.002,0.357944303103324,12.2393743500933,1.91849098533038,14.3001819028155,2.5,2.5,TRUE,TRUE,1,SSP5_8_5,AM_85,experiment1
51,0.6402,0.254890033012138,1.984,0.334448584771794,12.280081743011,1.9248144990603,14.3001819028155,2.5,2.5,TRUE,TRUE,1,SSP5_8_5,AM_85,experiment1
52,0.6267,0.259276559554338,1.971,0.319783147243974,12.3179786105793,1.93036618770768,14.3001819028155,2.5,2.5,TRUE,TRUE,1,SSP5_8_5,AM_85,experiment1
53,0.6132,0.259486209832224,1.959,0.308892237543151,12.35322856881,1.93560990533459,14.3001819028155,2.5,2.5,TRUE,TRUE,1,SSP5_8_5,AM_85,experiment1
54,0.5968,0.257752199207293,1.95,0.295952002168574,12.3858140200192,1.94068803442879,14.3001819028155,2.5,2.5,TRUE,TRUE,1,SSP5_8_5,AM_85,experiment1
55,0.5822,0.253470722978823,2.219,0.559778842358616,12.4136564810824,1.94490778842242,14.3001819028155,2.5,2.5,TRUE,TRUE,1,SSP5_8_5,AM_85,experiment1
56,0.578,0.253732891798404,2.396,0.650851448187378,12.4383416721068,1.94860350927774,14.3001819028155,2.5,2.5,TRUE,TRUE,1,SSP5_8_5,AM_85,experiment1
57,0.5863,0.25551437845569,2.676,0.63830355743285,12.4600621147317,1.95163908666243,14.3001819028155,2.5,2.5,TRUE,TRUE,1,SSP5_8_5,AM_85,experiment1
58,0.6044,0.257695648094893,2.745,0.615104343468125,12.481072367796,1.95475283167123,14.3001819028155,2.5,2.5,TRUE,TRUE,1,SSP5_8_5,AM_85,experiment1
59,0.6126,0.266030096064359,2.806,0.592211714435568,12.5009745209584,1.95791598388403,14.3001819028155,2.5,2.5,TRUE,TRUE,1,SSP5_8_5,AM_85,experiment1
60,0.6221,0.268428097716397,2.808,0.589477296834648,12.5202885931367,1.96083062415625,14.3001819028155,2.5,2.5,TRUE,TRUE,1,SSP5_8_5,AM_85,experiment1
61,0.6235,0.269797221150516,2.804,0.594926834104781,12.5387118020945,1.96357557316642,14.3001819028155,2.5,2.5,TRUE,TRUE,1,SSP5_8_5,AM_85,experiment1
62,0.6314,0.275408587175291,2.794,0.608221944633646,12.5565653925402,1.96635974312375,14.3001819028155,2.5,2.5,TRUE,TRUE,1,SSP5_8_5,AM_85,experiment1
63,0.634,0.277851041389449,2.796,0.605599496986871,12.5736163613978,1.96917868667262,14.3001819028155,2.5,2.5,TRUE,TRUE,1,SSP5_8_5,AM_85,experiment1
64,0.6303,0.274786130322142,2.794,0.608221944633646,12.5896900140495,1.97176920207147,14.3001819028155,2.5,2.5,TRUE,TRUE,1,SSP5_8_5,AM_85,experiment1
65,0.6368,0.277132752598033,2.77,0.63836314704681,12.6052613873359,1.97422589506231,14.3001819028155,2.5,2.5,TRUE,TRUE,1,SSP5_8_5,AM_85,experiment1
66,0.6289,0.275119029658947,2.762,0.647901054001131,12.6198257689201,1.97642588376309,14.3001819028155,2.5,2.5,TRUE,TRUE,1,SSP5_8_5,AM_85,experiment1
67,0.6193,0.275523907172179,2.754,0.657203100963405,12.633392971341,1.97854665488162,14.3001819028155,2.5,2.5,TRUE,TRUE,1,SSP5_8_5,AM_85,experiment1
68,0.6085,0.275560671511164,2.688,0.726073813866871,12.6461598646937,1.98046058811363,14.3001819028155,2.5,2.5,TRUE,TRUE,1,SSP5_8_5,AM_85,experiment1
69,0.5971,0.276510484517401,2.158,0.987933202201451,12.6594358949009,1.98247115882852,14.3001819028155,2.5,2.5,TRUE,TRUE,1,SSP5_8_5,AM_85,experiment1
70,0.5707,0.272076341374136,1,0,12.6743908064266,1.98484855469926,14.3001819028155,2.5,2.5,TRUE,TRUE,1,SSP5_8_5,AM_85,experiment1
71,0.4958,0.24694805798658,1,0,12.6867333907576,1.98680307220379,14.3001819028155,2.5,2.5,TRUE,TRUE,1,SSP5_8_5,AM_85,experiment1
72,0.4405,0.225123145034957,1,0,12.6971510248397,1.98845331424078,14.3001819028155,2.5,2.5,TRUE,TRUE,1,SSP5_8_5,AM_85,experiment1
73,0.3997,0.21259140411857,1,0,12.7061311200167,1.98988580888539,14.3001819028155,2.5,2.5,TRUE,TRUE,1,SSP5_8_5,AM_85,experiment1
74,0.3645,0.196693768173876,1,0,12.7139109110035,1.99118047715406,14.3001819028155,2.5,2.5,TRUE,TRUE,1,SSP5_8_5,AM_85,experiment1
75,0.3463,0.201263053779915,1,0,12.7209326792828,1.99239915167838,14.3001819028155,2.5,2.5,TRUE,TRUE,1,SSP5_8_5,AM_85,experiment1
76,0.3185,0.18995745269358,1,0,12.7270678555378,1.99339585787694,14.3001819028155,2.5,2.5,TRUE,TRUE,1,SSP5_8_5,AM_85,experiment1
77,0.297,0.182384934312745,1,0,12.7325028319282,1.99432613893911,14.3001819028155,2.5,2.5,TRUE,TRUE,1,SSP5_8_5,AM_85,experiment1
78,0.2799,0.17977293541662,1,0,12.7373687827602,1.99514884982873,14.3001819028155,2.5,2.5,TRUE,TRUE,1,SSP5_8_5,AM_85,experiment1
79,0.2621,0.176251679863355,1,0,12.7416974623865,1.99588506008747,14.3001819028155,2.5,2.5,TRUE,TRUE,1,SSP5_8_5,AM_85,experiment1
80,0.2517,0.173802523909514,1,0,12.7456465361326,1.99653785287028,14.3001819028155,2.5,2.5,TRUE,TRUE,1,SSP5_8_5,AM_85,experiment1
81,0.244,0.174798611420556,1,0,12.7492833867259,1.99711870277567,14.3001819028155,2.5,2.5,TRUE,TRUE,1,SSP5_8_5,AM_85,experiment1
82,0.2336,0.172629200429246,1,0,12.7525911321508,1.99763389214167,14.3001819028155,2.5,2.5,TRUE,TRUE,1,SSP5_8_5,AM_85,experiment1
83,0.2237,0.167977756046825,1,0,12.7556003167354,1.99813058635264,14.3001819028155,2.5,2.5,TRUE,TRUE,1,SSP5_8_5,AM_85,experiment1
