0,1,0,2,0,0,0,52.8892608773976,2.5,1,TRUE,TRUE,1,SSP1_1_9,passive_AM,experiment1
1,0.874,0.118594462200587,2,0,0.95,0,52.8892608773976,2.5,1,TRUE,TRUE,1,SSP1_1_9,passive_AM,experiment1
2,0.835,0.131329641541713,2,0,1.7739176,0.118582602754367,52.8892608773976,2.5,1,TRUE,TRUE,1,SSP1_1_9,passive_AM,experiment1
3,0.83,0.150755672288882,2,0,2.55876060785,0.216035960391036,52.8892608773976,2.5,1,TRUE,TRUE,1,SSP1_1_9,passive_AM,experiment1
4,0.792,0.163101257512075,2,0,3.33852663124922,0.3080394708183,52.8892608773976,2.5,1,TRUE,TRUE,1,SSP1_1_9,passive_AM,experiment1
5,0.768,0.155621919465677,2,0,4.08022987576625,0.412000509748413,52.8892608773976,2.5,1,TRUE,TRUE,1,SSP1_1_9,passive_AM,experiment1
6,0.766,0.179347864681062,2,0,4.79787094755907,0.496795715403877,52.8892608773976,2.5,1,TRUE,TRUE,1,SSP1_1_9,passive_AM,experiment1
7,0.751,0.190424830738053,1.99,0.1,5.51344145494475,0.59424917494668,52.8892608773976,2.5,1,TRUE,TRUE,1,SSP1_1_9,passive_AM,experiment1
8,0.753,0.193037914316427,1.99,0.1,6.2144505522352,0.680712693028753,52.8892608773976,2.5,1,TRUE,TRUE,1,SSP1_1_9,passive_AM,experiment1
9,0.737,0.182936209006464,1.99,0.1,6.91738794917581,0.747202107575243,52.8892608773976,2.5,1,TRUE,TRUE,1,SSP1_1_9,passive_AM,experiment1
10,0.735,0.183333333333333,1.99,0.1,7.60426944661807,0.83271015608006,52.8892608773976,2.5,1,TRUE,TRUE,1,SSP1_1_9,passive_AM,experiment1
11,0.716,0.196802726432621,1.98,0.14070529413629,8.28908425501083,0.904766259639008,52.8892608773976,2.5,1,TRUE,TRUE,1,SSP1_1_9,passive_AM,experiment1
12,0.711,0.2112468994453,1.98,0.14070529413629,8.95535092175079,0.997205041627267,52.8892608773976,2.5,1,TRUE,TRUE,1,SSP1_1_9,passive_AM,experiment1
13,0.705,0.197650339148853,1.98,0.14070529413629,9.61655695852519,1.10397236909288,52.8892608773976,2.5,1,TRUE,TRUE,1,SSP1_1_9,passive_AM,experiment1
14,0.715,0.205172999188391,1.98,0.14070529413629,10.2717046700176,1.21461280598238,52.8892608773976,2.5,1,TRUE,TRUE,1,SSP1_1_9,passive_AM,experiment1
15,0.707,0.222136094420615,1.98,0.14070529413629,10.9367728758353,1.32590083382957,52.8892608773976,2.5,1,TRUE,TRUE,1,SSP1_1_9,passive_AM,experiment1
16,0.714,0.222029209107653,1.98,0.14070529413629,11.593786566436,1.42218450319836,52.8892608773976,2.5,1,TRUE,TRUE,1,SSP1_1_9,passive_AM,experiment1
17,0.71,0.218118677732462,1.98,0.14070529413629,12.2577233640637,1.53687300526253,52.8892608773976,2.5,1,TRUE,TRUE,1,SSP1_1_9,passive_AM,experiment1
18,0.693,0.235382774444203,1.97,0.171446607997765,12.9176005625744,1.64726444760724,52.8892608773976,2.5,1,TRUE,TRUE,1,SSP1_1_9,passive_AM,experiment1
19,0.681,0.260804892437224,1.96,0.196946385566932,13.5609414481336,1.74477236487189,52.8892608773976,2.5,1,TRUE,TRUE,1,SSP1_1_9,passive_AM,experiment1
20,0.646,0.244709681628718,1.96,0.196946385566932,14.1927398299505,1.85445322753062,52.8892608773976,2.5,1,TRUE,TRUE,1,SSP1_1_9,passive_AM,experiment1
21,0.639,0.240325957101112,1.96,0.196946385566932,14.7895449654691,1.96661949152272,52.8892608773976,2.5,1,TRUE,TRUE,1,SSP1_1_9,passive_AM,experiment1
22,0.636,0.241844761962894,1.96,0.196946385566932,15.3793051057834,2.07505060117915,52.8892608773976,2.5,1,TRUE,TRUE,1,SSP1_1_9,passive_AM,experiment1
23,0.631,0.243167232641043,1.96,0.196946385566932,15.9660128631583,2.20364820658586,52.8892608773976,2.5,1,TRUE,TRUE,1,SSP1_1_9,passive_AM,experiment1
24,0.663,0.249708921455653,1.96,0.196946385566932,16.5476734371163,2.33912745266798,52.8892608773976,2.5,1,TRUE,TRUE,1,SSP1_1_9,passive_AM,experiment1
25,0.63,0.241836408517925,1.96,0.196946385566932,17.1611991332722,2.4839912066233,52.8892608773976,2.5,1,TRUE,TRUE,1,SSP1_1_9,passive_AM,experiment1
26,0.621,0.251177027193768,1.96,0.196946385566932,17.7417458779344,2.63242583209154,52.8892608773976,2.5,1,TRUE,TRUE,1,SSP1_1_9,passive_AM,experiment1
27,0.627,0.2522044224574,1.96,0.196946385566932,18.3132579386954,2.79452237899781,52.8892608773976,2.5,1,TRUE,TRUE,1,SSP1_1_9,passive_AM,experiment1
28,0.627,0.263563382444634,1.96,0.196946385566932,18.8906966692929,2.95004022091792,52.8892608773976,2.5,1,TRUE,TRUE,1,SSP1_1_9,passive_AM,experiment1
29,0.633,0.247024719656176,1.96,0.196946385566932,19.4680776560172,3.1199997349159,52.8892608773976,2.5,1,TRUE,TRUE,1,SSP1_1_9,passive_AM,experiment1
30,0.624,0.246232213632382,1.96,0.196946385566932,20.051383528981,3.27994459717112,52.8892608773976,2.5,1,TRUE,TRUE,1,SSP1_1_9,passive_AM,experiment1
31,0.604,0.246150155372486,1.96,0.196946385566932,20.6256580322441,3.43461807113375,52.8892608773976,2.5,1,TRUE,TRUE,1,SSP1_1_9,passive_AM,experiment1
32,0.584,0.23941004932369,1.96,0.196946385566932,21.1799370151466,3.57639928427911,52.8892608773976,2.5,1,TRUE,TRUE,1,SSP1_1_9,passive_AM,experiment1
33,0.608,0.254526694835411,1.96,0.196946385566932,21.71422447105,3.71242418543357,52.8892608773976,2.5,1,TRUE,TRUE,1,SSP1_1_9,passive_AM,experiment1
34,0.623,0.25459613492587,1.96,0.196946385566932,22.2723794247969,3.84464251322069,52.8892608773976,2.5,1,TRUE,TRUE,1,SSP1_1_9,passive_AM,experiment1
35,0.638,0.255358729649254,1.96,0.196946385566932,22.8454276471088,3.97038810366322,52.8892608773976,2.5,1,TRUE,TRUE,1,SSP1_1_9,passive_AM,experiment1
36,0.647,0.252444613387339,1.96,0.196946385566932,23.4333661537503,4.09579038167356,52.8892608773976,2.5,1,TRUE,TRUE,1,SSP1_1_9,passive_AM,experiment1
37,0.639,0.253419044511679,1.96,0.196946385566932,24.030213523177,4.2298960990781,52.8892608773976,2.5,1,TRUE,TRUE,1,SSP1_1_9,passive_AM,experiment1
38,0.641,0.268965470353397,1.96,0.196946385566932,24.6190307546488,4.36905171332368,52.8892608773976,2.5,1,TRUE,TRUE,1,SSP1_1_9,passive_AM,experiment1
39,0.645,0.261068124550979,1.96,0.196946385566932,25.2097815184406,4.50971167565765,52.8892608773976,2.5,1,TRUE,TRUE,1,SSP1_1_9,passive_AM,experiment1
40,0.637,0.262718884211265,1.96,0.196946385566932,25.8044576367595,4.65262851269177,52.8892608773976,2.5,1,TRUE,TRUE,1,SSP1_1_9,passive_AM,experiment1
41,0.635,0.253610295173879,1.96,0.196946385566932,26.3911062251456,4.78543817044461,52.8892608773976,2.5,1,TRUE,TRUE,1,SSP1_1_9,passive_AM,experiment1
42,0.646,0.252430608526803,1.96,0.196946385566932,26.9757043322941,4.93051119069011,52.8892608773976,2.5,1,TRUE,TRUE,1,SSP1_1_9,passive_AM,experiment1
43,0.643,0.239213779542969,1.96,0.196946385566932,27.5711978742158,5.0880055172067,52.8892608773976,2.5,1,TRUE,TRUE,1,SSP1_1_9,passive_AM,experiment1
44,0.656,0.266029541915399,1.95,0.21904291355759,28.1636447397302,5.21884134159838,52.8892608773976,2.5,1,TRUE,TRUE,1,SSP1_1_9,passive_AM,experiment1
45,0.663,0.272532085035391,1.95,0.21904291355759,28.7694730880895,5.35916815958619,52.8892608773976,2.5,1,TRUE,TRUE,1,SSP1_1_9,passive_AM,experiment1
46,0.64,0.263235501581624,1.95,0.21904291355759,29.3822094228147,5.51881585162724,52.8892608773976,2.5,1,TRUE,TRUE,1,SSP1_1_9,passive_AM,experiment1
47,0.63,0.266097878247988,1.95,0.21904291355759,29.9719900462052,5.67753676601526,52.8892608773976,2.5,1,TRUE,TRUE,1,SSP1_1_9,passive_AM,experiment1
48,0.629,0.266399487365661,1.95,0.21904291355759,30.5517585835954,5.82174914546381,52.8892608773976,2.5,1,TRUE,TRUE,1,SSP1_1_9,passive_AM,experiment1
49,0.637,0.274379004998266,1.94,0.238683256575942,31.130473932869,5.96335405757112,52.8892608773976,2.5,1,TRUE,TRUE,1,SSP1_1_9,passive_AM,experiment1
50,0.621,0.269790416225018,1.94,0.238683256575942,31.7175898604114,6.10676523572846,52.8892608773976,2.5,1,TRUE,TRUE,1,SSP1_1_9,passive_AM,experiment1
51,0.634,0.283634421127769,1.94,0.238683256575942,32.2887268806742,6.25077057650133,52.8892608773976,2.5,1,TRUE,TRUE,1,SSP1_1_9,passive_AM,experiment1
52,0.628,0.273798569327264,1.94,0.238683256575942,32.8727406527146,6.41712845575786,52.8892608773976,2.5,1,TRUE,TRUE,1,SSP1_1_9,passive_AM,experiment1
53,0.635,0.267942025992432,1.94,0.238683256575942,33.4507271439502,6.57031868658621,52.8892608773976,2.5,1,TRUE,TRUE,1,SSP1_1_9,passive_AM,experiment1
54,0.644,0.270547518184809,1.94,0.238683256575942,34.0356188328329,6.72494213569672,52.8892608773976,2.5,1,TRUE,TRUE,1,SSP1_1_9,passive_AM,experiment1
55,0.632,0.258151940225953,1.94,0.238683256575942,34.6294035611138,6.86882770944518,52.8892608773976,2.5,1,TRUE,TRUE,1,SSP1_1_9,passive_AM,experiment1
56,0.635,0.259515866275041,1.94,0.238683256575942,35.2111947330362,7.00310485116419,52.8892608773976,2.5,1,TRUE,TRUE,1,SSP1_1_9,passive_AM,experiment1
57,0.629,0.24793897913345,1.94,0.238683256575942,35.7959109719584,7.13972685394406,52.8892608773976,2.5,1,TRUE,TRUE,1,SSP1_1_9,passive_AM,experiment1
58,0.642,0.253133892785553,1.94,0.238683256575942,36.3746028436721,7.28641732766605,52.8892608773976,2.5,1,TRUE,TRUE,1,SSP1_1_9,passive_AM,experiment1
59,0.657,0.248329774227089,1.94,0.238683256575942,36.966161660688,7.4308638880206,52.8892608773976,2.5,1,TRUE,TRUE,1,SSP1_1_9,passive_AM,experiment1
60,0.661,0.265107182441024,1.94,0.238683256575942,37.5725730779852,7.56978711900494,52.8892608773976,2.5,1,TRUE,TRUE,1,SSP1_1_9,passive_AM,experiment1
61,0.653,0.271715463176634,1.93,0.256432399976243,38.182899924804,7.71784000897321,52.8892608773976,2.5,1,TRUE,TRUE,1,SSP1_1_9,passive_AM,experiment1
62,0.644,0.260271808195613,1.93,0.256432399976243,38.7857113519577,7.873416018056,52.8892608773976,2.5,1,TRUE,TRUE,1,SSP1_1_9,passive_AM,experiment1
63,0.634,0.264849871711229,1.93,0.256432399976243,39.3795181281186,8.02646656750074,52.8892608773976,2.5,1,TRUE,TRUE,1,SSP1_1_9,passive_AM,experiment1
64,0.643,0.274967399353216,1.92,0.272659924344291,39.9633283286983,8.17180372710021,52.8892608773976,2.5,1,TRUE,TRUE,1,SSP1_1_9,passive_AM,experiment1
65,0.648,0.284438131243071,1.92,0.272659924344291,40.5565195393828,8.31062330809981,52.8892608773976,2.5,1,TRUE,TRUE,1,SSP1_1_9,passive_AM,experiment1
66,0.639,0.276666666666667,1.92,0.272659924344291,41.1546190347281,8.43980716753712,52.8892608773976,2.5,1,TRUE,TRUE,1,SSP1_1_9,passive_AM,experiment1
67,0.647,0.275407870166223,1.92,0.272659924344291,41.7437179274852,8.58759458489066,52.8892608773976,2.5,1,TRUE,TRUE,1,SSP1_1_9,passive_AM,experiment1
68,0.624,0.267468491488986,1.91,0.287623491264661,42.3407044868502,8.7346468591882,52.8892608773976,2.5,1,TRUE,TRUE,1,SSP1_1_9,passive_AM,experiment1
69,0.614,0.268185071029751,1.91,0.287623491264661,42.9152838361352,8.87269094498677,52.8892608773976,2.5,1,TRUE,TRUE,1,SSP1_1_9,passive_AM,experiment1
70,0.626,0.277295743373261,1.91,0.287623491264661,43.4798744934083,9.01045442348188,52.8892608773976,2.5,1,TRUE,TRUE,1,SSP1_1_9,passive_AM,experiment1
71,0.616,0.270696818741498,1.91,0.287623491264661,44.0563249807599,9.15006123285637,52.8892608773976,2.5,1,TRUE,TRUE,1,SSP1_1_9,passive_AM,experiment1
72,0.622,0.267264481422996,1.91,0.287623491264661,44.6227885751333,9.2946668799742,52.8892608773976,2.5,1,TRUE,TRUE,1,SSP1_1_9,passive_AM,experiment1
73,0.635,0.267564775504753,1.91,0.287623491264661,45.1951524761501,9.43117675139334,52.8892608773976,2.5,1,TRUE,TRUE,1,SSP1_1_9,passive_AM,experiment1
74,0.641,0.285719011504929,1.9,0.301511344577764,45.7803645816096,9.5759194246619,52.8892608773976,2.5,1,TRUE,TRUE,1,SSP1_1_9,passive_AM,experiment1
75,0.642,0.293078401617979,1.9,0.301511344577764,46.371970241003,9.73135423013822,52.8892608773976,2.5,1,TRUE,TRUE,1,SSP1_1_9,passive_AM,experiment1
76,0.647,0.290751377703294,1.9,0.301511344577764,46.964509267513,9.87683289927053,52.8892608773976,2.5,1,TRUE,TRUE,1,SSP1_1_9,passive_AM,experiment1
77,0.644,0.283670031671812,1.9,0.301511344577764,47.5619511822695,10.0265058942453,52.8892608773976,2.5,1,TRUE,TRUE,1,SSP1_1_9,passive_AM,experiment1
78,0.642,0.281475190431205,1.9,0.301511344577764,48.1563563652736,10.171478156197,52.8892608773976,2.5,1,TRUE,TRUE,1,SSP1_1_9,passive_AM,experiment1
79,0.646,0.277950653276019,1.9,0.301511344577764,48.7487176478513,10.3270564925455,52.8892608773976,2.5,1,TRUE,TRUE,1,SSP1_1_9,passive_AM,experiment1
80,0.639,0.269640613791878,1.9,0.301511344577764,49.344988217225,10.492128185402,52.8892608773976,2.5,1,TRUE,TRUE,1,SSP1_1_9,passive_AM,experiment1
81,0.64,0.274505984185291,1.9,0.301511344577764,49.9342549389157,10.6491914276226,52.8892608773976,2.5,1,TRUE,TRUE,1,SSP1_1_9,passive_AM,experiment1
82,0.626,0.266143426055056,1.89,0.31446603773522,50.5244546662492,10.7933601088222,52.8892608773976,2.5,1,TRUE,TRUE,1,SSP1_1_9,passive_AM,experiment1
83,0.644,0.276091040467203,1,0,51.1012056264681,10.9400443055214,52.8892608773976,2.5,1,TRUE,TRUE,1,SSP1_1_9,passive_AM,experiment1
0,1,0,2,0,0,0,58.6108880912831,2.5,2.5,TRUE,TRUE,1,SSP1_1_9,passive_AM,experiment1
1,0.875,0.120918204258962,2,0,0.95,0,58.6108880912831,2.5,2.5,TRUE,TRUE,1,SSP1_1_9,passive_AM,experiment1
2,0.803,0.143867924840736,2,0,1.7749175,0.120906112438536,58.6108880912831,2.5,2.5,TRUE,TRUE,1,SSP1_1_9,passive_AM,experiment1
3,0.802,0.159532144254708,2,0,2.52776690753,0.228521566907878,58.6108880912831,2.5,2.5,TRUE,TRUE,1,SSP1_1_9,passive_AM,experiment1
4,0.797,0.151394194142979,2,0,3.27954133008925,0.347209512850823,58.6108880912831,2.5,2.5,TRUE,TRUE,1,SSP1_1_9,passive_AM,experiment1
5,0.797,0.162340831137904,2,0,4.02624257490626,0.457110734998906,58.6108880912831,2.5,2.5,TRUE,TRUE,1,SSP1_1_9,passive_AM,experiment1
6,0.778,0.161795481326821,2,0,4.77286914959879,0.57288450741646,58.6108880912831,2.5,2.5,TRUE,TRUE,1,SSP1_1_9,passive_AM,experiment1
7,0.776,0.154475325740476,2,0,5.50043245878423,0.673721814994323,58.6108880912831,2.5,2.5,TRUE,TRUE,1,SSP1_1_9,passive_AM,experiment1
8,0.748,0.161107279647928,2,0,6.22592441121882,0.755948274310927,58.6108880912831,2.5,2.5,TRUE,TRUE,1,SSP1_1_9,passive_AM,experiment1
9,0.726,0.184566103238505,1.99,0.1,6.92336620661974,0.825355624837005,58.6108880912831,2.5,2.5,TRUE,TRUE,1,SSP1_1_9,passive_AM,experiment1
10,0.729,0.183839521586001,1.99,0.1,7.59925760010292,0.914227584632375,58.6108880912831,2.5,2.5,TRUE,TRUE,1,SSP1_1_9,passive_AM,experiment1
11,0.736,0.188840160084146,1.99,0.1,8.2780784057964,1.01054572400585,58.6108880912831,2.5,2.5,TRUE,TRUE,1,SSP1_1_9,passive_AM,experiment1
12,0.736,0.193594390101542,1.99,0.1,8.96382363325815,1.09608505079184,58.6108880912831,2.5,2.5,TRUE,TRUE,1,SSP1_1_9,passive_AM,experiment1
13,0.734,0.189214217758656,1.99,0.1,9.64950028619715,1.17702053322078,58.6108880912831,2.5,2.5,TRUE,TRUE,1,SSP1_1_9,passive_AM,experiment1
14,0.708,0.193155613195918,1.99,0.1,10.3331109699114,1.27361443072559,58.6108880912831,2.5,2.5,TRUE,TRUE,1,SSP1_1_9,passive_AM,experiment1
15,0.73,0.188829461834126,1.99,0.1,10.9906896689068,1.36802771515335,58.6108880912831,2.5,2.5,TRUE,TRUE,1,SSP1_1_9,passive_AM,experiment1
16,0.74,0.19436506316151,1.99,0.1,11.6701696331223,1.46704912324777,58.6108880912831,2.5,2.5,TRUE,TRUE,1,SSP1_1_9,passive_AM,experiment1
17,0.741,0.193372514316097,1.99,0.1,12.3595656613357,1.56548977601018,58.6108880912831,2.5,2.5,TRUE,TRUE,1,SSP1_1_9,passive_AM,experiment1
18,0.745,0.173714615610684,1.99,0.1,13.0498910513057,1.64940688090345,58.6108880912831,2.5,2.5,TRUE,TRUE,1,SSP1_1_9,passive_AM,experiment1
19,0.707,0.211896201004171,1.97,0.171446607997765,13.7441402148533,1.72883005225105,58.6108880912831,2.5,2.5,TRUE,TRUE,1,SSP1_1_9,passive_AM,experiment1
20,0.713,0.213510816322894,1.97,0.171446607997765,14.4013901902505,1.82035574745091,58.6108880912831,2.5,2.5,TRUE,TRUE,1,SSP1_1_9,passive_AM,experiment1
21,0.704,0.227822365677802,1.97,0.171446607997765,15.0645624520433,1.93980364017104,58.6108880912831,2.5,2.5,TRUE,TRUE,1,SSP1_1_9,passive_AM,experiment1
22,0.715,0.228024010786034,1.97,0.171446607997765,15.7186872777219,2.03547830568145,58.6108880912831,2.5,2.5,TRUE,TRUE,1,SSP1_1_9,passive_AM,experiment1
23,0.72,0.232683076611545,1.97,0.171446607997765,16.383722516311,2.13392413654487,58.6108880912831,2.5,2.5,TRUE,TRUE,1,SSP1_1_9,passive_AM,experiment1
24,0.711,0.222880590397095,1.97,0.171446607997765,17.0536797640173,2.24402543890252,58.6108880912831,2.5,2.5,TRUE,TRUE,1,SSP1_1_9,passive_AM,experiment1
25,0.712,0.213806293904392,1.97,0.171446607997765,17.7145915911771,2.35129759234142,58.6108880912831,2.5,2.5,TRUE,TRUE,1,SSP1_1_9,passive_AM,experiment1
26,0.727,0.220584622667981,1.97,0.171446607997765,18.3764348301519,2.46796362185035,58.6108880912831,2.5,2.5,TRUE,TRUE,1,SSP1_1_9,passive_AM,experiment1
27,0.74,0.233116782629296,1.97,0.171446607997765,19.0531729335138,2.59123452742717,58.6108880912831,2.5,2.5,TRUE,TRUE,1,SSP1_1_9,passive_AM,experiment1
28,0.714,0.224292377728426,1.97,0.171446607997765,19.7428083086574,2.73014366474554,58.6108880912831,2.5,2.5,TRUE,TRUE,1,SSP1_1_9,passive_AM,experiment1
29,0.702,0.220641855237913,1.97,0.171446607997765,20.4064474220686,2.84406791017034,58.6108880912831,2.5,2.5,TRUE,TRUE,1,SSP1_1_9,passive_AM,experiment1
30,0.697,0.222227020150225,1.97,0.171446607997765,21.0580549228923,2.96477317675474,58.6108880912831,2.5,2.5,TRUE,TRUE,1,SSP1_1_9,passive_AM,experiment1
31,0.679,0.237110126568251,1.97,0.171446607997765,21.7046122412361,3.07270531426146,58.6108880912831,2.5,2.5,TRUE,TRUE,1,SSP1_1_9,passive_AM,experiment1
32,0.677,0.236068385914512,1.97,0.171446607997765,22.333160620229,3.17258904544954,58.6108880912831,2.5,2.5,TRUE,TRUE,1,SSP1_1_9,passive_AM,experiment1
33,0.712,0.237103736407046,1.97,0.171446607997765,22.9596525344739,3.28885436593708,58.6108880912831,2.5,2.5,TRUE,TRUE,1,SSP1_1_9,passive_AM,experiment1
34,0.7,0.233981782939345,1.97,0.171446607997765,23.6209664841366,3.41211623568113,58.6108880912831,2.5,2.5,TRUE,TRUE,1,SSP1_1_9,passive_AM,experiment1
35,0.716,0.23771640858193,1.97,0.171446607997765,24.270255035156,3.55693443463857,58.6108880912831,2.5,2.5,TRUE,TRUE,1,SSP1_1_9,passive_AM,experiment1
36,0.686,0.2461911879213,1.96,0.196946385566932,24.9354227524157,3.70918082701088,58.6108880912831,2.5,2.5,TRUE,TRUE,1,SSP1_1_9,passive_AM,experiment1
37,0.664,0.260737105882225,1.96,0.196946385566932,25.5711299672642,3.84641737966185,58.6108880912831,2.5,2.5,TRUE,TRUE,1,SSP1_1_9,passive_AM,experiment1
38,0.646,0.244296557652391,1.96,0.196946385566932,26.1848548650419,3.9760090432898,58.6108880912831,2.5,2.5,TRUE,TRUE,1,SSP1_1_9,passive_AM,experiment1
39,0.665,0.249595632569923,1.96,0.196946385566932,26.7805866639416,4.09675934574391,58.6108880912831,2.5,2.5,TRUE,TRUE,1,SSP1_1_9,passive_AM,experiment1
40,0.659,0.237875699651832,1.96,0.196946385566932,27.3951849302779,4.23582683033142,58.6108880912831,2.5,2.5,TRUE,TRUE,1,SSP1_1_9,passive_AM,experiment1
41,0.666,0.234507866379658,1.96,0.196946385566932,28.0037456900468,4.38654201576198,58.6108880912831,2.5,2.5,TRUE,TRUE,1,SSP1_1_9,passive_AM,experiment1
42,0.685,0.244691106037259,1.96,0.196946385566932,28.6192169510652,4.55140051343323,58.6108880912831,2.5,2.5,TRUE,TRUE,1,SSP1_1_9,passive_AM,experiment1
43,0.684,0.238987764362847,1.96,0.196946385566932,29.2535470283295,4.71280347062362,58.6108880912831,2.5,2.5,TRUE,TRUE,1,SSP1_1_9,passive_AM,experiment1
44,0.694,0.23519602827678,1.96,0.196946385566932,29.8868179635685,4.8701223385494,58.6108880912831,2.5,2.5,TRUE,TRUE,1,SSP1_1_9,passive_AM,experiment1
45,0.686,0.241635839204119,1.96,0.196946385566932,30.5299816661816,5.02528659562276,58.6108880912831,2.5,2.5,TRUE,TRUE,1,SSP1_1_9,passive_AM,experiment1
46,0.685,0.245515331044271,1.95,0.21904291355759,31.1651169733379,5.1724812494181,58.6108880912831,2.5,2.5,TRUE,TRUE,1,SSP1_1_9,passive_AM,experiment1
47,0.695,0.240527618691774,1.95,0.21904291355759,31.7996910617961,5.31515860906671,58.6108880912831,2.5,2.5,TRUE,TRUE,1,SSP1_1_9,passive_AM,experiment1
48,0.711,0.248589962985173,1.95,0.21904291355759,32.4441548007834,5.44913815123032,58.6108880912831,2.5,2.5,TRUE,TRUE,1,SSP1_1_9,passive_AM,experiment1
49,0.673,0.257358375292768,1.95,0.21904291355759,33.1044774736004,5.57833858539754,58.6108880912831,2.5,2.5,TRUE,TRUE,1,SSP1_1_9,passive_AM,experiment1
50,0.687,0.250919521083167,1.95,0.21904291355759,33.7269198679694,5.7054630701766,58.6108880912831,2.5,2.5,TRUE,TRUE,1,SSP1_1_9,passive_AM,experiment1
51,0.676,0.269350134489469,1.93,0.256432399976243,34.3632301893249,5.83522967128492,58.6108880912831,2.5,2.5,TRUE,TRUE,1,SSP1_1_9,passive_AM,experiment1
52,0.672,0.259790125083516,1.93,0.256432399976243,34.9895277523563,5.97543064745336,58.6108880912831,2.5,2.5,TRUE,TRUE,1,SSP1_1_9,passive_AM,experiment1
53,0.674,0.265763622473624,1.93,0.256432399976243,35.6117834326797,6.12498364917581,58.6108880912831,2.5,2.5,TRUE,TRUE,1,SSP1_1_9,passive_AM,experiment1
54,0.654,0.259143889674357,1.93,0.256432399976243,36.2359663149482,6.27702812569424,58.6108880912831,2.5,2.5,TRUE,TRUE,1,SSP1_1_9,passive_AM,experiment1
55,0.662,0.266204144341606,1.93,0.256432399976243,36.840194493224,6.42566032385346,58.6108880912831,2.5,2.5,TRUE,TRUE,1,SSP1_1_9,passive_AM,experiment1
56,0.644,0.255967169612026,1.93,0.256432399976243,37.4523183672723,6.58962238950982,58.6108880912831,2.5,2.5,TRUE,TRUE,1,SSP1_1_9,passive_AM,experiment1
57,0.652,0.259945604255423,1.93,0.256432399976243,38.0464815522315,6.74707695893723,58.6108880912831,2.5,2.5,TRUE,TRUE,1,SSP1_1_9,passive_AM,experiment1
58,0.657,0.263716637030098,1.93,0.256432399976243,38.6485398483185,6.91441075546475,58.6108880912831,2.5,2.5,TRUE,TRUE,1,SSP1_1_9,passive_AM,experiment1
59,0.641,0.27564250013158,1.93,0.256432399976243,39.2555090210718,7.07920728491059,58.6108880912831,2.5,2.5,TRUE,TRUE,1,SSP1_1_9,passive_AM,experiment1
60,0.643,0.281860700604846,1.93,0.256432399976243,39.8465116236672,7.2339367932149,58.6108880912831,2.5,2.5,TRUE,TRUE,1,SSP1_1_9,passive_AM,experiment1
61,0.66,0.287447843314683,1.93,0.256432399976243,40.439443161334,7.40269360289036,58.6108880912831,2.5,2.5,TRUE,TRUE,1,SSP1_1_9,passive_AM,experiment1
62,0.648,0.281941322070585,1.93,0.256432399976243,41.0492120163362,7.57505428516102,58.6108880912831,2.5,2.5,TRUE,TRUE,1,SSP1_1_9,passive_AM,experiment1
63,0.662,0.27589340644019,1.93,0.256432399976243,41.6469940679859,7.73582038840347,58.6108880912831,2.5,2.5,TRUE,TRUE,1,SSP1_1_9,passive_AM,experiment1
64,0.662,0.275527043164825,1.93,0.256432399976243,42.2586284142954,7.9078615760994,58.6108880912831,2.5,2.5,TRUE,TRUE,1,SSP1_1_9,passive_AM,experiment1
65,0.672,0.26631795381696,1.93,0.256432399976243,42.8702015971703,8.08248208612789,58.6108880912831,2.5,2.5,TRUE,TRUE,1,SSP1_1_9,passive_AM,experiment1
66,0.686,0.270435488675864,1.93,0.256432399976243,43.4916488302908,8.25427401789498,58.6108880912831,2.5,2.5,TRUE,TRUE,1,SSP1_1_9,passive_AM,experiment1
67,0.669,0.272546910057366,1.92,0.272659924344291,44.1269418183483,8.42847291514355,58.6108880912831,2.5,2.5,TRUE,TRUE,1,SSP1_1_9,passive_AM,experiment1
68,0.677,0.27074718909721,1.92,0.272659924344291,44.7457814630812,8.60079282340291,58.6108880912831,2.5,2.5,TRUE,TRUE,1,SSP1_1_9,passive_AM,experiment1
69,0.678,0.279096666936296,1.92,0.272659924344291,45.3725050056893,8.7750179929679,58.6108880912831,2.5,2.5,TRUE,TRUE,1,SSP1_1_9,passive_AM,experiment1
70,0.681,0.277687055892242,1.92,0.272659924344291,46.0001589993508,8.94728160159087,58.6108880912831,2.5,2.5,TRUE,TRUE,1,SSP1_1_9,passive_AM,experiment1
71,0.691,0.283233493996053,1.92,0.272659924344291,46.6307292998991,9.11166449981348,58.6108880912831,2.5,2.5,TRUE,TRUE,1,SSP1_1_9,passive_AM,experiment1
72,0.673,0.273715549467329,1.92,0.272659924344291,47.2711657913467,9.27208371863511,58.6108880912831,2.5,2.5,TRUE,TRUE,1,SSP1_1_9,passive_AM,experiment1
73,0.67,0.286567988654023,1.91,0.287623491264661,47.8936673801368,9.41918861845836,58.6108880912831,2.5,2.5,TRUE,TRUE,1,SSP1_1_9,passive_AM,experiment1
74,0.676,0.286786444321318,1.91,0.287623491264661,48.5136249032233,9.56165379392913,58.6108880912831,2.5,2.5,TRUE,TRUE,1,SSP1_1_9,passive_AM,experiment1
75,0.662,0.279891753968197,1.91,0.287623491264661,49.1394761922292,9.70077019992152,58.6108880912831,2.5,2.5,TRUE,TRUE,1,SSP1_1_9,passive_AM,experiment1
76,0.689,0.292289810519172,1.91,0.287623491264661,49.7513695085499,9.84472735279978,58.6108880912831,2.5,2.5,TRUE,TRUE,1,SSP1_1_9,passive_AM,experiment1
77,0.676,0.295118534651671,1.9,0.301511344577764,50.3899972031443,10.0006895199462,58.6108880912831,2.5,2.5,TRUE,TRUE,1,SSP1_1_9,passive_AM,experiment1
78,0.657,0.291722505477415,1.9,0.301511344577764,51.0161569201319,10.1498692685367,58.6108880912831,2.5,2.5,TRUE,TRUE,1,SSP1_1_9,passive_AM,experiment1
79,0.624,0.290982314017033,1.87,0.337997668989631,51.6234016520206,10.2922689954161,58.6108880912831,2.5,2.5,TRUE,TRUE,1,SSP1_1_9,passive_AM,experiment1
80,0.644,0.295870569572903,1.87,0.337997668989631,52.1993335414073,10.4161257628504,58.6108880912831,2.5,2.5,TRUE,TRUE,1,SSP1_1_9,passive_AM,experiment1
81,0.644,0.29347104205569,1.88,0.32659863237109,52.795048467965,10.5652346916113,58.6108880912831,2.5,2.5,TRUE,TRUE,1,SSP1_1_9,passive_AM,experiment1
82,0.638,0.289820564480783,1.87,0.337997668989631,53.3902078568727,10.7073527505934,58.6108880912831,2.5,2.5,TRUE,TRUE,1,SSP1_1_9,passive_AM,experiment1
83,0.631,0.298039045642132,1,0,53.9798526476726,10.8514657800061,58.6108880912831,2.5,2.5,TRUE,TRUE,1,SSP1_1_9,passive_AM,experiment1
0,1,0,2,0,0,0,47.4557870603675,2.5,1,TRUE,TRUE,1,SSP1_2_6,passive_AM,experiment1
1,0.875,0.121750697424008,2,0,0.95,0,47.4557870603675,2.5,1,TRUE,TRUE,1,SSP1_2_6,passive_AM,experiment1
2,0.835,0.13586609569571,2,0,1.7749175,0.121738522354266,47.4557870603675,2.5,1,TRUE,TRUE,1,SSP1_2_6,passive_AM,experiment1
3,0.809,0.129564148925807,2,0,2.55976050785,0.219009228345906,47.4557870603675,2.5,1,TRUE,TRUE,1,SSP1_2_6,passive_AM,experiment1
4,0.784,0.151570898835289,2,0,3.31853283061924,0.286578738065364,47.4557870603675,2.5,1,TRUE,TRUE,1,SSP1_2_6,passive_AM,experiment1
5,0.773,0.152987092609313,2,0,4.0522392746563,0.365178359682726,47.4557870603675,2.5,1,TRUE,TRUE,1,SSP1_2_6,passive_AM,experiment1
6,0.773,0.152325409249509,2,0,4.77487784694908,0.453150800608607,47.4557870603675,2.5,1,TRUE,TRUE,1,SSP1_2_6,passive_AM,experiment1
7,0.742,0.175338057316244,2,0,5.49744415538462,0.533412901755816,47.4557870603675,2.5,1,TRUE,TRUE,1,SSP1_2_6,passive_AM,experiment1
8,0.739,0.183619611197066,2,0,6.1889599006804,0.62123913872331,47.4557870603675,2.5,1,TRUE,TRUE,1,SSP1_2_6,passive_AM,experiment1
9,0.734,0.194998057488382,1.99,0.1,6.87740889356182,0.717583122420717,47.4557870603675,2.5,1,TRUE,TRUE,1,SSP1_2_6,passive_AM,experiment1
10,0.737,0.218652900527505,1.98,0.14070529413629,7.56129308992433,0.812406690168245,47.4557870603675,2.5,1,TRUE,TRUE,1,SSP1_2_6,passive_AM,experiment1
11,0.739,0.221060346438878,1.98,0.14070529413629,8.24860539944179,0.924695373005547,47.4557870603675,2.5,1,TRUE,TRUE,1,SSP1_2_6,passive_AM,experiment1
12,0.743,0.231488377001673,1.97,0.171446607997765,8.93784677882796,1.03629517809586,47.4557870603675,2.5,1,TRUE,TRUE,1,SSP1_2_6,passive_AM,experiment1
13,0.717,0.232272480183308,1.97,0.171446607997765,9.6315138370452,1.15472853068761,47.4557870603675,2.5,1,TRUE,TRUE,1,SSP1_2_6,passive_AM,experiment1
14,0.72,0.251460381039088,1.96,0.196946385566932,10.2991453082841,1.27761234767353,47.4557870603675,2.5,1,TRUE,TRUE,1,SSP1_2_6,passive_AM,experiment1
15,0.715,0.247563888295282,1.96,0.196946385566932,10.9702051195595,1.41277697572359,47.4557870603675,2.5,1,TRUE,TRUE,1,SSP1_2_6,passive_AM,experiment1
16,0.688,0.240907375637118,1.96,0.196946385566932,11.6362053196061,1.55374168567399,47.4557870603675,2.5,1,TRUE,TRUE,1,SSP1_2_6,passive_AM,experiment1
17,0.694,0.240294432189791,1.96,0.196946385566932,12.2751820872478,1.70430659658138,47.4557870603675,2.5,1,TRUE,TRUE,1,SSP1_2_6,passive_AM,experiment1
18,0.7,0.237835356004225,1.96,0.196946385566932,12.9200847653687,1.8405749060949,47.4557870603675,2.5,1,TRUE,TRUE,1,SSP1_2_6,passive_AM,experiment1
19,0.7,0.234413086131075,1.96,0.196946385566932,13.5709121623969,1.97420406218565,47.4557870603675,2.5,1,TRUE,TRUE,1,SSP1_2_6,passive_AM,experiment1
20,0.703,0.225834032202877,1.96,0.196946385566932,14.2216744766853,2.08182996846511,47.4557870603675,2.5,1,TRUE,TRUE,1,SSP1_2_6,passive_AM,experiment1
21,0.703,0.21716957950557,1.96,0.196946385566932,14.875365720439,2.19018336675128,47.4557870603675,2.5,1,TRUE,TRUE,1,SSP1_2_6,passive_AM,experiment1
22,0.683,0.221589756536759,1.96,0.196946385566932,15.5289915950682,2.31027391653269,47.4557870603675,2.5,1,TRUE,TRUE,1,SSP1_2_6,passive_AM,experiment1
23,0.672,0.234016316447457,1.96,0.196946385566932,16.1625960609408,2.42546400242341,47.4557870603675,2.5,1,TRUE,TRUE,1,SSP1_2_6,passive_AM,experiment1
24,0.678,0.232500678830333,1.96,0.196946385566932,16.7851624385562,2.53823363062667,47.4557870603675,2.5,1,TRUE,TRUE,1,SSP1_2_6,passive_AM,experiment1
25,0.654,0.238013665680156,1.96,0.196946385566932,17.4136521760818,2.65348642639196,47.4557870603675,2.5,1,TRUE,TRUE,1,SSP1_2_6,passive_AM,experiment1
26,0.664,0.237205958328763,1.96,0.196946385566932,18.0181389926887,2.76465408736319,47.4557870603675,2.5,1,TRUE,TRUE,1,SSP1_2_6,passive_AM,experiment1
27,0.645,0.222190654323459,1.96,0.196946385566932,18.6325393930881,2.87316454855531,47.4557870603675,2.5,1,TRUE,TRUE,1,SSP1_2_6,passive_AM,experiment1
28,0.656,0.231080028989915,1.96,0.196946385566932,19.2279295868129,2.9755008879954,47.4557870603675,2.5,1,TRUE,TRUE,1,SSP1_2_6,passive_AM,experiment1
29,0.627,0.242401703497698,1.96,0.196946385566932,19.8342294830623,3.09533058631974,47.4557870603675,2.5,1,TRUE,TRUE,1,SSP1_2_6,passive_AM,experiment1
30,0.622,0.240193524669025,1.96,0.196946385566932,20.411552731688,3.21186904452276,47.4557870603675,2.5,1,TRUE,TRUE,1,SSP1_2_6,passive_AM,experiment1
31,0.592,0.243990395571861,1.96,0.196946385566932,20.9838332262592,3.33247608901169,47.4557870603675,2.5,1,TRUE,TRUE,1,SSP1_2_6,passive_AM,experiment1
32,0.594,0.242387118369593,1.96,0.196946385566932,21.5261493534156,3.45106361965969,47.4557870603675,2.5,1,TRUE,TRUE,1,SSP1_2_6,passive_AM,experiment1
33,0.593,0.24751492149694,1.96,0.196946385566932,22.0704048588694,3.57089062419263,47.4557870603675,2.5,1,TRUE,TRUE,1,SSP1_2_6,passive_AM,experiment1
34,0.557,0.239635666221146,1.96,0.196946385566932,22.6136092334981,3.70469152812522,47.4557870603675,2.5,1,TRUE,TRUE,1,SSP1_2_6,passive_AM,experiment1
35,0.555,0.238418611570981,1.96,0.196946385566932,23.1208814859446,3.8306726049827,47.4557870603675,2.5,1,TRUE,TRUE,1,SSP1_2_6,passive_AM,experiment1
36,0.566,0.231909073090766,1.96,0.196946385566932,23.6261099992789,3.96048594112931,47.4557870603675,2.5,1,TRUE,TRUE,1,SSP1_2_6,passive_AM,experiment1
37,0.575,0.234574620377509,1.96,0.196946385566932,24.1422484589835,4.08554456623241,47.4557870603675,2.5,1,TRUE,TRUE,1,SSP1_2_6,passive_AM,experiment1
38,0.563,0.232098463953765,1.96,0.196946385566932,24.6673020647122,4.21970609347701,47.4557870603675,2.5,1,TRUE,TRUE,1,SSP1_2_6,passive_AM,experiment1
39,0.566,0.233644813744921,1.96,0.196946385566932,25.1803486808214,4.32497670772544,47.4557870603675,2.5,1,TRUE,TRUE,1,SSP1_2_6,passive_AM,experiment1
40,0.558,0.221190534438643,1.96,0.196946385566932,25.6963323144717,4.43031815878133,47.4557870603675,2.5,1,TRUE,TRUE,1,SSP1_2_6,passive_AM,experiment1
41,0.55,0.235058557071478,2.06,0.371184290855335,26.2042962874375,4.53690545848953,47.4557870603675,2.5,1,TRUE,TRUE,1,SSP1_2_6,passive_AM,experiment1
42,0.533,0.240813016863518,2.23,0.509604719068583,26.689303575651,4.64650813751354,47.4557870603675,2.5,1,TRUE,TRUE,1,SSP1_2_6,passive_AM,experiment1
43,0.542,0.240445714068979,2.21,0.498381217928443,27.1319404976981,4.74709976442396,47.4557870603675,2.5,1,TRUE,TRUE,1,SSP1_2_6,passive_AM,experiment1
44,0.569,0.244823168508178,2.31,0.563090318750649,27.5864816642651,4.85121729039041,47.4557870603675,2.5,1,TRUE,TRUE,1,SSP1_2_6,passive_AM,experiment1
45,0.556,0.257932729465054,2.36,0.594928057784632,28.0519290806299,4.96030343898792,47.4557870603675,2.5,1,TRUE,TRUE,1,SSP1_2_6,passive_AM,experiment1
46,0.578,0.268771992287857,2.39,0.601261300530104,28.4959264897078,5.076922432504,47.4557870603675,2.5,1,TRUE,TRUE,1,SSP1_2_6,passive_AM,experiment1
47,0.589,0.268514431641951,2.5,0.611340636419152,28.9572991799044,5.1962002197642,47.4557870603675,2.5,1,TRUE,TRUE,1,SSP1_2_6,passive_AM,experiment1
48,0.58,0.276339711883103,2.47,0.61059666133077,29.4131515234661,5.32622509691032,47.4557870603675,2.5,1,TRUE,TRUE,1,SSP1_2_6,passive_AM,experiment1
49,0.588,0.275343678725591,2.49,0.611258017236881,29.8644798311112,5.43447100710515,47.4557870603675,2.5,1,TRUE,TRUE,1,SSP1_2_6,passive_AM,experiment1
50,0.577,0.271120011445228,2.48,0.611010092660779,30.3207385646335,5.55227905079809,47.4557870603675,2.5,1,TRUE,TRUE,1,SSP1_2_6,passive_AM,experiment1
51,0.589,0.295383674483738,2.49,0.627565441877087,30.7674990560934,5.67353022358726,47.4557870603675,2.5,1,TRUE,TRUE,1,SSP1_2_6,passive_AM,experiment1
52,0.579,0.297224535061331,2.49,0.643459714388091,31.2236665424316,5.79198606651711,47.4557870603675,2.5,1,TRUE,TRUE,1,SSP1_2_6,passive_AM,experiment1
53,0.57,0.282306517276824,2.56,0.640706680552849,31.668845466404,5.90439166423925,47.4557870603675,2.5,1,TRUE,TRUE,1,SSP1_2_6,passive_AM,experiment1
54,0.572,0.295446930748805,2.54,0.673000217629454,32.0945829542301,6.00925464977634,47.4557870603675,2.5,1,TRUE,TRUE,1,SSP1_2_6,passive_AM,experiment1
55,0.592,0.298033961863816,2.58,0.669388383586695,32.5232617111632,6.11876413409239,47.4557870603675,2.5,1,TRUE,TRUE,1,SSP1_2_6,passive_AM,experiment1
56,0.601,0.303013484381754,2.59,0.683056115239192,32.9658208077538,6.22629665420397,47.4557870603675,2.5,1,TRUE,TRUE,1,SSP1_2_6,passive_AM,experiment1
57,0.617,0.308811668278008,2.58,0.684311937849128,33.4147993483548,6.31870778353541,47.4557870603675,2.5,1,TRUE,TRUE,1,SSP1_2_6,passive_AM,experiment1
58,0.623,0.31167679452026,2.6,0.681649810860727,33.8811335198904,6.40966359654452,47.4557870603675,2.5,1,TRUE,TRUE,1,SSP1_2_6,passive_AM,experiment1
59,0.636,0.30961690241753,2.61,0.680092091209163,34.3504037075064,6.48565917646926,47.4557870603675,2.5,1,TRUE,TRUE,1,SSP1_2_6,passive_AM,experiment1
60,0.629,0.312143129562919,2.6,0.681649810860727,34.8310593144952,6.57159739687037,47.4557870603675,2.5,1,TRUE,TRUE,1,SSP1_2_6,passive_AM,experiment1
61,0.612,0.317273740266392,2.56,0.700937323384289,35.3061997587614,6.66892381313593,47.4557870603675,2.5,1,TRUE,TRUE,1,SSP1_2_6,passive_AM,experiment1
62,0.606,0.318081369425745,2.56,0.700937323384289,35.7693656698143,6.76561283678803,47.4557870603675,2.5,1,TRUE,TRUE,1,SSP1_2_6,passive_AM,experiment1
63,0.593,0.306579368338623,2.51,0.703454678603025,36.2265223510427,6.86633197557807,47.4557870603675,2.5,1,TRUE,TRUE,1,SSP1_2_6,passive_AM,experiment1
64,0.59,0.302347716072309,2.52,0.703239258393226,36.6781678594061,6.97343331552853,47.4557870603675,2.5,1,TRUE,TRUE,1,SSP1_2_6,passive_AM,experiment1
65,0.573,0.299108101805445,2.47,0.702880077993682,37.1252969126859,7.09157933189171,47.4557870603675,2.5,1,TRUE,TRUE,1,SSP1_2_6,passive_AM,experiment1
66,0.567,0.312712150209884,2.46,0.716613810594907,37.5629428058746,7.20534007609246,47.4557870603675,2.5,1,TRUE,TRUE,1,SSP1_2_6,passive_AM,experiment1
67,0.555,0.305959329178097,2.38,0.707535200966044,37.9950811167504,7.31737525515043,47.4557870603675,2.5,1,TRUE,TRUE,1,SSP1_2_6,passive_AM,experiment1
68,0.559,0.30784195079077,2.38,0.707535200966044,38.427176213795,7.42969907733648,47.4557870603675,2.5,1,TRUE,TRUE,1,SSP1_2_6,passive_AM,experiment1
69,0.552,0.313172105521497,2.38,0.707535200966044,38.8632009922498,7.54473732206319,47.4557870603675,2.5,1,TRUE,TRUE,1,SSP1_2_6,passive_AM,experiment1
70,0.572,0.321323022593285,2.33,0.697108023163983,39.2922303043729,7.66053550030224,47.4557870603675,2.5,1,TRUE,TRUE,1,SSP1_2_6,passive_AM,experiment1
71,0.597,0.331953203468394,2.28,0.682834259731178,39.7485248761869,7.79592003849313,47.4557870603675,2.5,1,TRUE,TRUE,1,SSP1_2_6,passive_AM,experiment1
72,0.579,0.32915410409476,2.25,0.672324476737388,40.2370438743144,7.93968809724602,47.4557870603675,2.5,1,TRUE,TRUE,1,SSP1_2_6,passive_AM,experiment1
73,0.551,0.314785480907076,2.17,0.636515133481927,40.7121108762858,8.07965914607095,47.4557870603675,2.5,1,TRUE,TRUE,1,SSP1_2_6,passive_AM,experiment1
74,0.535,0.296230527212381,2.15,0.625630994607957,41.1712467520704,8.21367141810004,47.4557870603675,2.5,1,TRUE,TRUE,1,SSP1_2_6,passive_AM,experiment1
75,0.523,0.299108101805445,2.07,0.590411600991934,41.6174325639787,8.3505661747143,47.4557870603675,2.5,1,TRUE,TRUE,1,SSP1_2_6,passive_AM,experiment1
76,0.525,0.29995790950523,2,0.53181602347831,42.0625812296232,8.49381895824658,47.4557870603675,2.5,1,TRUE,TRUE,1,SSP1_2_6,passive_AM,experiment1
77,0.529,0.311819359776318,1.9,0.414387707005374,42.5200907357739,8.63926867909922,47.4557870603675,2.5,1,TRUE,TRUE,1,SSP1_2_6,passive_AM,experiment1
78,0.537,0.3116119705692,1.86,0.348735088019777,42.9964087455268,8.79224829651732,47.4557870603675,2.5,1,TRUE,TRUE,1,SSP1_2_6,passive_AM,experiment1
79,0.522,0.289402030665881,1.86,0.348735088019777,43.4865703428356,8.95865986337287,47.4557870603675,2.5,1,TRUE,TRUE,1,SSP1_2_6,passive_AM,experiment1
80,0.509,0.286072322564371,1.86,0.348735088019777,43.9618009630186,9.12319061819717,47.4557870603675,2.5,1,TRUE,TRUE,1,SSP1_2_6,passive_AM,experiment1
81,0.51,0.279429433096816,1.86,0.348735088019777,44.4240876504056,9.27840381866771,47.4557870603675,2.5,1,TRUE,TRUE,1,SSP1_2_6,passive_AM,experiment1
82,0.506,0.29053068823806,1.85,0.358870281282637,44.8873200414388,9.43444221164519,47.4557870603675,2.5,1,TRUE,TRUE,1,SSP1_2_6,passive_AM,experiment1
83,0.494,0.27954508499606,1,0,45.3470346933072,9.59808884238725,47.4557870603675,2.5,1,TRUE,TRUE,1,SSP1_2_6,passive_AM,experiment1
0,1,0,2,0,0,0,58.0542613680567,2.5,2.5,TRUE,TRUE,1,SSP1_2_6,passive_AM,experiment1
1,0.861,0.129408132072388,2,0,0.95,0,58.0542613680567,2.5,2.5,TRUE,TRUE,1,SSP1_2_6,passive_AM,experiment1
2,0.838,0.134675067244734,2,0,1.7609189,0.129395191259181,58.0542613680567,2.5,2.5,TRUE,TRUE,1,SSP1_2_6,passive_AM,experiment1
3,0.81,0.172620913559104,2,0,2.54876130788,0.2208440517833,58.0542613680567,2.5,2.5,TRUE,TRUE,1,SSP1_2_6,passive_AM,experiment1
4,0.765,0.174873691791556,2,0,3.30853333067924,0.318417565804916,58.0542613680567,2.5,2.5,TRUE,TRUE,1,SSP1_2_6,passive_AM,experiment1
5,0.749,0.204739302084826,2,0,4.02324737357638,0.426666578451515,58.0542613680567,2.5,2.5,TRUE,TRUE,1,SSP1_2_6,passive_AM,experiment1
6,0.741,0.206018043732665,1.99,0.1,4.72189794346939,0.548060251787956,58.0542613680567,2.5,2.5,TRUE,TRUE,1,SSP1_2_6,passive_AM,experiment1
7,0.71,0.214852545159735,1.99,0.1,5.41298314718056,0.647551242343951,58.0542613680567,2.5,2.5,TRUE,TRUE,1,SSP1_2_6,passive_AM,experiment1
8,0.723,0.215956879347183,1.99,0.1,6.07302093586245,0.766945786423467,58.0542613680567,2.5,2.5,TRUE,TRUE,1,SSP1_2_6,passive_AM,experiment1
9,0.69,0.199240983979124,1.99,0.1,6.74598232440473,0.897671010352362,58.0542613680567,2.5,2.5,TRUE,TRUE,1,SSP1_2_6,passive_AM,experiment1
10,0.717,0.206976795654474,1.99,0.1,7.38590610493094,1.02676992273749,58.0542613680567,2.5,2.5,TRUE,TRUE,1,SSP1_2_6,passive_AM,experiment1
11,0.738,0.214042382284774,1.99,0.1,8.05273890522585,1.14281472710314,58.0542613680567,2.5,2.5,TRUE,TRUE,1,SSP1_2_6,passive_AM,experiment1
12,0.733,0.207950557449203,1.99,0.1,8.74048193378728,1.27783185669469,58.0542613680567,2.5,2.5,TRUE,TRUE,1,SSP1_2_6,passive_AM,experiment1
13,0.738,0.201900065288836,1.99,0.1,9.42316218474694,1.40439995707547,58.0542613680567,2.5,2.5,TRUE,TRUE,1,SSP1_2_6,passive_AM,experiment1
14,0.742,0.19907868603224,1.99,0.1,10.1107676715801,1.52129722916139,58.0542613680567,2.5,2.5,TRUE,TRUE,1,SSP1_2_6,passive_AM,experiment1
15,0.715,0.201697343021216,1.99,0.1,10.8022988015031,1.62170306662063,58.0542613680567,2.5,2.5,TRUE,TRUE,1,SSP1_2_6,passive_AM,experiment1
16,0.707,0.193977505724949,1.99,0.1,11.4668012499754,1.73407985908998,58.0542613680567,2.5,2.5,TRUE,TRUE,1,SSP1_2_6,passive_AM,experiment1
17,0.716,0.199352487171377,1.99,0.1,12.1232500386073,1.83045595833409,58.0542613680567,2.5,2.5,TRUE,TRUE,1,SSP1_2_6,passive_AM,experiment1
18,0.726,0.194687005994315,1.99,0.1,12.7886178945942,1.93008023751912,58.0542613680567,2.5,2.5,TRUE,TRUE,1,SSP1_2_6,passive_AM,experiment1
19,0.721,0.19760945055714,1.99,0.1,13.4639012290874,2.02282433226615,58.0542613680567,2.5,2.5,TRUE,TRUE,1,SSP1_2_6,passive_AM,experiment1
20,0.692,0.194718133503666,1.99,0.1,14.134126526702,2.12020607080486,58.0542613680567,2.5,2.5,TRUE,TRUE,1,SSP1_2_6,passive_AM,experiment1
21,0.721,0.210480450878508,1.99,0.1,14.7753427467198,2.20461539604125,58.0542613680567,2.5,2.5,TRUE,TRUE,1,SSP1_2_6,passive_AM,experiment1
22,0.716,0.192652930201312,1.99,0.1,15.4454340059772,2.2997954113584,58.0542613680567,2.5,2.5,TRUE,TRUE,1,SSP1_2_6,passive_AM,experiment1
23,0.735,0.19194643613111,1.99,0.1,16.1104692445662,2.37453958846091,58.0542613680567,2.5,2.5,TRUE,TRUE,1,SSP1_2_6,passive_AM,experiment1
24,0.713,0.199825681608504,1.98,0.14070529413629,16.7943943276678,2.44614505767964,58.0542613680567,2.5,2.5,TRUE,TRUE,1,SSP1_2_6,passive_AM,experiment1
25,0.72,0.226077666104176,1.97,0.171446607997765,17.4568025589646,2.50941216219036,58.0542613680567,2.5,2.5,TRUE,TRUE,1,SSP1_2_6,passive_AM,experiment1
26,0.72,0.236984421769905,1.96,0.196946385566932,18.126625821921,2.58160216186398,58.0542613680567,2.5,2.5,TRUE,TRUE,1,SSP1_2_6,passive_AM,experiment1
27,0.698,0.226960593740656,1.96,0.196946385566932,18.7968808041748,2.68218503434868,58.0542613680567,2.5,2.5,TRUE,TRUE,1,SSP1_2_6,passive_AM,experiment1
28,0.688,0.227538430542485,1.96,0.196946385566932,19.4451280837747,2.78431883031222,58.0542613680567,2.5,2.5,TRUE,TRUE,1,SSP1_2_6,passive_AM,experiment1
29,0.711,0.230456288718926,1.96,0.196946385566932,20.0833385008793,2.86193015867682,58.0542613680567,2.5,2.5,TRUE,TRUE,1,SSP1_2_6,passive_AM,experiment1
30,0.724,0.231865513092431,1.96,0.196946385566932,20.7444184902383,2.92547051145584,58.0542613680567,2.5,2.5,TRUE,TRUE,1,SSP1_2_6,passive_AM,experiment1
31,0.714,0.221117455875671,1.96,0.196946385566932,21.4183934280956,3.02066627600887,58.0542613680567,2.5,2.5,TRUE,TRUE,1,SSP1_2_6,passive_AM,experiment1
32,0.703,0.236752011927069,1.96,0.196946385566932,22.082331922004,3.11308468875099,58.0542613680567,2.5,2.5,TRUE,TRUE,1,SSP1_2_6,passive_AM,experiment1
33,0.693,0.240896893154132,1.96,0.196946385566932,22.7352391675576,3.19939464659293,58.0542613680567,2.5,2.5,TRUE,TRUE,1,SSP1_2_6,passive_AM,experiment1
34,0.693,0.234091840735618,1.96,0.196946385566932,23.3781140696411,3.32266852674049,58.0542613680567,2.5,2.5,TRUE,TRUE,1,SSP1_2_6,passive_AM,experiment1
35,0.676,0.231429462168489,1.96,0.196946385566932,24.0209246842344,3.43256999945067,58.0542613680567,2.5,2.5,TRUE,TRUE,1,SSP1_2_6,passive_AM,experiment1
36,0.676,0.248274855836035,1.96,0.196946385566932,24.6467304167274,3.53368468909044,58.0542613680567,2.5,2.5,TRUE,TRUE,1,SSP1_2_6,passive_AM,experiment1
37,0.677,0.253403100441039,1.96,0.196946385566932,25.2724735686472,3.642708311121,58.0542613680567,2.5,2.5,TRUE,TRUE,1,SSP1_2_6,passive_AM,experiment1
38,0.699,0.248427376945782,1.96,0.196946385566932,25.899150452904,3.73483018838709,58.0542613680567,2.5,2.5,TRUE,TRUE,1,SSP1_2_6,passive_AM,experiment1
39,0.695,0.256776835860136,1.96,0.242878362539562,26.547681223947,3.83853646229283,58.0542613680567,2.5,2.5,TRUE,TRUE,1,SSP1_2_6,passive_AM,experiment1
40,0.701,0.248427376945782,1.98,0.283556062188838,27.1911666049085,3.95092519279588,58.0542613680567,2.5,2.5,TRUE,TRUE,1,SSP1_2_6,passive_AM,experiment1
41,0.682,0.247973605633562,2.04,0.373895680368174,27.8375756607023,4.0610012009849,58.0542613680567,2.5,2.5,TRUE,TRUE,1,SSP1_2_6,passive_AM,experiment1
42,0.663,0.24726994205205,2.08,0.418752355639387,28.4560346462888,4.1790947900411,58.0542613680567,2.5,2.5,TRUE,TRUE,1,SSP1_2_6,passive_AM,experiment1
43,0.665,0.248378580380675,2.13,0.463953149846539,29.0495365710133,4.29619545254345,58.0542613680567,2.5,2.5,TRUE,TRUE,1,SSP1_2_6,passive_AM,experiment1
44,0.68,0.251058365784339,2.16,0.486587789373795,29.6375027459483,4.42075239359992,58.0542613680567,2.5,2.5,TRUE,TRUE,1,SSP1_2_6,passive_AM,experiment1
45,0.672,0.250284686392165,2.18,0.50010099990003,30.2358640234568,4.54418397185559,58.0542613680567,2.5,2.5,TRUE,TRUE,1,SSP1_2_6,passive_AM,experiment1
46,0.681,0.248101885229729,2.19,0.506423386569624,30.8232148560935,4.65205704374114,58.0542613680567,2.5,2.5,TRUE,TRUE,1,SSP1_2_6,passive_AM,experiment1
47,0.68,0.265908011739155,2.15,0.479372485441102,31.4179725311581,4.77140012607701,58.0542613680567,2.5,2.5,TRUE,TRUE,1,SSP1_2_6,passive_AM,experiment1
48,0.69,0.266855993397415,2.17,0.493493012650993,32.0176472844243,4.89365210978895,58.0542613680567,2.5,2.5,TRUE,TRUE,1,SSP1_2_6,passive_AM,experiment1
49,0.699,0.265335693609115,2.17,0.493493012650993,32.6242285490543,5.03767541658712,58.0542613680567,2.5,2.5,TRUE,TRUE,1,SSP1_2_6,passive_AM,experiment1
50,0.678,0.262690046644445,2.18,0.50010099990003,33.2397051612321,5.17746021926701,58.0542613680567,2.5,2.5,TRUE,TRUE,1,SSP1_2_6,passive_AM,experiment1
51,0.669,0.255720412350929,2.2,0.512470743190538,33.8327324505643,5.31917109006854,58.0542613680567,2.5,2.5,TRUE,TRUE,1,SSP1_2_6,passive_AM,experiment1
52,0.663,0.263103083074358,2.19,0.506423386569624,34.413761484417,5.48759425775669,58.0542613680567,2.5,2.5,TRUE,TRUE,1,SSP1_2_6,passive_AM,experiment1
53,0.658,0.262920658616383,2.16,0.506921785850339,34.9902557557958,5.65909817178294,58.0542613680567,2.5,2.5,TRUE,TRUE,1,SSP1_2_6,passive_AM,experiment1
54,0.677,0.27074718909721,2.13,0.505624925865573,35.5652003071124,5.81563215779743,58.0542613680567,2.5,2.5,TRUE,TRUE,1,SSP1_2_6,passive_AM,experiment1
55,0.674,0.280194737475726,2.12,0.517960257435673,36.1624661853916,5.98712392805109,58.0542613680567,2.5,2.5,TRUE,TRUE,1,SSP1_2_6,passive_AM,experiment1
56,0.663,0.277308492477241,2.1,0.522232967867094,36.7571860500234,6.14509411402248,58.0542613680567,2.5,2.5,TRUE,TRUE,1,SSP1_2_6,passive_AM,experiment1
57,0.683,0.277454154917183,2.14,0.550848748237067,37.342896704318,6.30690685729801,58.0542613680567,2.5,2.5,TRUE,TRUE,1,SSP1_2_6,passive_AM,experiment1
58,0.675,0.283689615565671,2.12,0.555595958126829,37.942469210578,6.47218316703089,58.0542613680567,2.5,2.5,TRUE,TRUE,1,SSP1_2_6,passive_AM,experiment1
59,0.651,0.274320096149581,2.12,0.555595958126829,38.5360164605923,6.64686602409709,58.0542613680567,2.5,2.5,TRUE,TRUE,1,SSP1_2_6,passive_AM,experiment1
60,0.646,0.270957896762914,2.12,0.555595958126829,39.1056455460207,6.8140485927599,58.0542613680567,2.5,2.5,TRUE,TRUE,1,SSP1_2_6,passive_AM,experiment1
61,0.662,0.269597530186811,2.12,0.555595958126829,39.6702475802114,6.97474963923802,58.0542613680567,2.5,2.5,TRUE,TRUE,1,SSP1_2_6,passive_AM,experiment1
62,0.646,0.269837212430238,2.09,0.533617348619284,40.2506958464237,7.15822044347881,58.0542613680567,2.5,2.5,TRUE,TRUE,1,SSP1_2_6,passive_AM,experiment1
63,0.641,0.273065278760677,2.1,0.541229427257326,40.8196571507786,7.33159776271557,58.0542613680567,2.5,2.5,TRUE,TRUE,1,SSP1_2_6,passive_AM,experiment1
64,0.644,0.282599763380344,2.1,0.577350269189626,41.3821023823158,7.50087937446695,58.0542613680567,2.5,2.5,TRUE,TRUE,1,SSP1_2_6,passive_AM,experiment1
65,0.637,0.266914657415876,2.09,0.587667878442863,41.9454849894483,7.66470425324404,58.0542613680567,2.5,2.5,TRUE,TRUE,1,SSP1_2_6,passive_AM,experiment1
66,0.654,0.269462615236513,2.05,0.592461054424762,42.5023533734036,7.82000298280379,58.0542613680567,2.5,2.5,TRUE,TRUE,1,SSP1_2_6,passive_AM,experiment1
67,0.658,0.286102333885177,1.98,0.585687888751597,43.080027920011,7.9885406743408,58.0542613680567,2.5,2.5,TRUE,TRUE,1,SSP1_2_6,passive_AM,experiment1
68,0.658,0.289959941503594,1.99,0.594503442743895,43.6690679028788,8.16465716701672,58.0542613680567,2.5,2.5,TRUE,TRUE,1,SSP1_2_6,passive_AM,experiment1
69,0.659,0.294767499544775,1.95,0.609271795844942,44.2565591476533,8.3496209990713,58.0542613680567,2.5,2.5,TRUE,TRUE,1,SSP1_2_6,passive_AM,experiment1
70,0.654,0.290043535568805,1.9,0.559581373109678,44.847964136934,8.53588762042952,58.0542613680567,2.5,2.5,TRUE,TRUE,1,SSP1_2_6,passive_AM,experiment1
71,0.632,0.294693814737338,1.87,0.562372319964831,45.4417925459543,8.70890945470719,58.0542613680567,2.5,2.5,TRUE,TRUE,1,SSP1_2_6,passive_AM,experiment1
72,0.624,0.295118534651671,1.83,0.532859638121892,46.0161995386712,8.88343501199077,58.0542613680567,2.5,2.5,TRUE,TRUE,1,SSP1_2_6,passive_AM,experiment1
73,0.624,0.286434014119211,1.81,0.525991127935317,46.5875706141876,9.05062225876102,58.0542613680567,2.5,2.5,TRUE,TRUE,1,SSP1_2_6,passive_AM,experiment1
74,0.637,0.292206859065369,1.8,0.512470743190538,47.1608700050321,9.21217317863368,58.0542613680567,2.5,2.5,TRUE,TRUE,1,SSP1_2_6,passive_AM,experiment1
75,0.636,0.294913101393847,1.73,0.489382212074519,47.7485051566443,9.38293278811248,58.0542613680567,2.5,2.5,TRUE,TRUE,1,SSP1_2_6,passive_AM,experiment1
76,0.624,0.285727849605886,1.7,0.481999203654147,48.3415404469957,9.55010779578599,58.0542613680567,2.5,2.5,TRUE,TRUE,1,SSP1_2_6,passive_AM,experiment1
77,0.606,0.28808668729037,1.67,0.472581562625261,48.9250883637346,9.7159628166291,58.0542613680567,2.5,2.5,TRUE,TRUE,1,SSP1_2_6,passive_AM,experiment1
78,0.616,0.290843426932601,1.61,0.490207130000197,49.4931968232836,9.87482495234067,58.0542613680567,2.5,2.5,TRUE,TRUE,1,SSP1_2_6,passive_AM,experiment1
79,0.636,0.297300990223509,1.56,0.498887651569859,50.0741474613895,10.0418854501019,58.0542613680567,2.5,2.5,TRUE,TRUE,1,SSP1_2_6,passive_AM,experiment1
80,0.643,0.294136297685548,1.52,0.502116731568678,50.6773629458807,10.2289445414084,58.0542613680567,2.5,2.5,TRUE,TRUE,1,SSP1_2_6,passive_AM,experiment1
81,0.639,0.295725439138292,1.46,0.500908265962033,51.2894463924854,10.4136865078018,58.0542613680567,2.5,2.5,TRUE,TRUE,1,SSP1_2_6,passive_AM,experiment1
82,0.625,0.288631392624019,1.38,0.487831731214563,51.9004766984306,10.6045172397155,58.0542613680567,2.5,2.5,TRUE,TRUE,1,SSP1_2_6,passive_AM,experiment1
83,0.641,0.293049104720997,1,0,52.5015275701291,10.7980342391913,58.0542613680567,2.5,2.5,TRUE,TRUE,1,SSP1_2_6,passive_AM,experiment1
0,1,0,2,0,0,0,43.3783452769894,2.5,1,TRUE,TRUE,1,SSP2_4_5,passive_AM,experiment1
1,0.877,0.108110493421678,2,0,0.95,0,43.3783452769894,2.5,1,TRUE,TRUE,1,SSP2_4_5,passive_AM,experiment1
2,0.833,0.153777354468968,2,0,1.7769173,0.108099682372336,43.3783452769894,2.5,1,TRUE,TRUE,1,SSP2_4_5,passive_AM,experiment1
3,0.762,0.15027247978861,2,0,2.55976070783,0.208617110399223,43.3783452769894,2.5,1,TRUE,TRUE,1,SSP2_4_5,passive_AM,experiment1
4,0.762,0.168642829792446,2,0,3.27154712918929,0.311680854693098,43.3783452769894,2.5,1,TRUE,TRUE,1,SSP2_4_5,passive_AM,experiment1
5,0.739,0.17746531884833,2,0,3.98326237190644,0.436165790253685,43.3783452769894,2.5,1,TRUE,TRUE,1,SSP2_4_5,passive_AM,experiment1
6,0.737,0.180714071830546,2,0,4.67191794079955,0.558823673123206,43.3783452769894,2.5,1,TRUE,TRUE,1,SSP2_4_5,passive_AM,experiment1
7,0.707,0.204620861521246,1.99,0.1,5.35850584383581,0.675055482713846,43.3783452769894,2.5,1,TRUE,TRUE,1,SSP2_4_5,passive_AM,experiment1
8,0.692,0.214937153135468,1.98,0.14070529413629,6.0155457318878,0.788015742407362,43.3783452769894,2.5,1,TRUE,TRUE,1,SSP2_4_5,passive_AM,experiment1
9,0.692,0.212574407650307,1.98,0.14070529413629,6.6580315118918,0.923724168707558,43.3783452769894,2.5,1,TRUE,TRUE,1,SSP2_4_5,passive_AM,experiment1
10,0.692,0.207768324745801,1.98,0.14070529413629,7.30045304331779,1.05802336814623,43.3783452769894,2.5,1,TRUE,TRUE,1,SSP2_4_5,passive_AM,experiment1
11,0.693,0.213794482641814,1.97,0.171446607997765,7.94281033259065,1.20032306511081,43.3783452769894,2.5,1,TRUE,TRUE,1,SSP2_4_5,passive_AM,experiment1
12,0.71,0.224058073280166,1.97,0.171446607997765,8.58660173695933,1.33989256454033,43.3783452769894,2.5,1,TRUE,TRUE,1,SSP2_4_5,passive_AM,experiment1
13,0.682,0.233281379497383,1.97,0.171446607997765,9.24730837340383,1.4773778548469,43.3783452769894,2.5,1,TRUE,TRUE,1,SSP2_4_5,passive_AM,experiment1
14,0.685,0.237144204519895,1.97,0.171446607997765,9.87998531735269,1.61489625707176,43.3783452769894,2.5,1,TRUE,TRUE,1,SSP2_4_5,passive_AM,experiment1
15,0.693,0.23017560270543,1.97,0.171446607997765,10.5155947963361,1.75674271927868,43.3783452769894,2.5,1,TRUE,TRUE,1,SSP2_4_5,passive_AM,experiment1
16,0.686,0.244544515788067,1.97,0.171446607997765,11.1591287227679,1.90472483725938,43.3783452769894,2.5,1,TRUE,TRUE,1,SSP2_4_5,passive_AM,experiment1
17,0.707,0.244641564231213,1.97,0.171446607997765,11.795609487411,2.02508712575354,43.3783452769894,2.5,1,TRUE,TRUE,1,SSP2_4_5,passive_AM,experiment1
18,0.705,0.243034270352262,1.97,0.171446607997765,12.4529909325234,2.16090611855507,43.3783452769894,2.5,1,TRUE,TRUE,1,SSP2_4_5,passive_AM,experiment1
19,0.694,0.241133686044598,1.97,0.171446607997765,13.1083102364329,2.28933155234941,43.3783452769894,2.5,1,TRUE,TRUE,1,SSP2_4_5,passive_AM,experiment1
20,0.675,0.238418611570981,1.97,0.171446607997765,13.7525848896127,2.42508929097561,43.3783452769894,2.5,1,TRUE,TRUE,1,SSP2_4_5,passive_AM,experiment1
21,0.684,0.2435926389228,1.97,0.171446607997765,14.3778330792488,2.56199141638312,43.3783452769894,2.5,1,TRUE,TRUE,1,SSP2_4_5,passive_AM,experiment1
22,0.692,0.233843597908577,1.97,0.171446607997765,15.0119998629539,2.69171358303818,43.3783452769894,2.5,1,TRUE,TRUE,1,SSP2_4_5,passive_AM,experiment1
23,0.683,0.226102238428155,1.97,0.171446607997765,15.6540856484484,2.82066778456825,43.3783452769894,2.5,1,TRUE,TRUE,1,SSP2_4_5,passive_AM,experiment1
24,0.68,0.229183883650776,1.97,0.171446607997765,16.2871279026103,2.93013481379221,43.3783452769894,2.5,1,TRUE,TRUE,1,SSP2_4_5,passive_AM,experiment1
25,0.643,0.216610715386386,1.97,0.171446607997765,16.9171140442728,3.05251704807549,43.3783452769894,2.5,1,TRUE,TRUE,1,SSP2_4_5,passive_AM,experiment1
26,0.654,0.222665215019765,1.97,0.171446607997765,17.5101295764062,3.15161151700714,43.3783452769894,2.5,1,TRUE,TRUE,1,SSP2_4_5,passive_AM,experiment1
27,0.637,0.233832798763941,1.97,0.171446607997765,18.1140572427078,3.25304132875137,43.3783452769894,2.5,1,TRUE,TRUE,1,SSP2_4_5,passive_AM,experiment1
28,0.637,0.235982793414856,1.97,0.171446607997765,18.7009703566225,3.35645002773288,43.3783452769894,2.5,1,TRUE,TRUE,1,SSP2_4_5,passive_AM,experiment1
29,0.611,0.21690895543867,1.98,0.2,19.2878247792257,3.46183199352833,43.3783452769894,2.5,1,TRUE,TRUE,1,SSP2_4_5,passive_AM,experiment1
30,0.58,0.231377080834195,1.96,0.196946385566932,19.8472001548372,3.56985216989621,43.3783452769894,2.5,1,TRUE,TRUE,1,SSP2_4_5,passive_AM,experiment1
31,0.532,0.248583867927787,2.21,0.555868598672293,20.3776064668787,3.67982456023314,43.3783452769894,2.5,1,TRUE,TRUE,1,SSP2_4_5,passive_AM,experiment1
32,0.536,0.259182865127611,2.6,0.619546918189723,20.8197336771616,3.78747188326051,43.3783452769894,2.5,1,TRUE,TRUE,1,SSP2_4_5,passive_AM,experiment1
33,0.543,0.260246580819581,2.68,0.601009252185123,21.2074908046735,3.89396457989621,43.3783452769894,2.5,1,TRUE,TRUE,1,SSP2_4_5,passive_AM,experiment1
34,0.572,0.277827066334219,2.76,0.570663268185859,21.5902256301,3.99067723777093,43.3783452769894,2.5,1,TRUE,TRUE,1,SSP2_4_5,passive_AM,experiment1
35,0.596,0.277040638086753,2.8,0.55048188256318,21.9898644773123,4.09742423369611,43.3783452769894,2.5,1,TRUE,TRUE,1,SSP2_4_5,passive_AM,experiment1
36,0.605,0.26718699236469,2.82,0.538985204347068,22.4074004676221,4.21104140327424,43.3783452769894,2.5,1,TRUE,TRUE,1,SSP2_4_5,passive_AM,experiment1
37,0.595,0.270941120742295,2.82,0.557411042864304,22.8308731420901,4.32270966185206,43.3783452769894,2.5,1,TRUE,TRUE,1,SSP2_4_5,passive_AM,experiment1
38,0.603,0.270597916332023,2.82,0.557411042864304,23.2433440961161,4.42550383957672,43.3783452769894,2.5,1,TRUE,TRUE,1,SSP2_4_5,passive_AM,experiment1
39,0.621,0.273139251124862,2.82,0.557411042864304,23.6637434592192,4.52989475817899,43.3783452769894,2.5,1,TRUE,TRUE,1,SSP2_4_5,passive_AM,experiment1
40,0.622,0.285182911355665,2.81,0.563090318750649,24.1020307156016,4.64558818527383,43.3783452769894,2.5,1,TRUE,TRUE,1,SSP2_4_5,passive_AM,experiment1
41,0.632,0.275930016013796,2.82,0.557411042864304,24.5427641627338,4.73649766897489,43.3783452769894,2.5,1,TRUE,TRUE,1,SSP2_4_5,passive_AM,experiment1
42,0.643,0.272383790437187,2.83,0.551490175924662,24.9919187561307,4.84676907132324,43.3783452769894,2.5,1,TRUE,TRUE,1,SSP2_4_5,passive_AM,experiment1
43,0.649,0.275422540394892,2.83,0.551490175924662,25.4504886157543,4.95048444708146,43.3783452769894,2.5,1,TRUE,TRUE,1,SSP2_4_5,passive_AM,experiment1
44,0.673,0.281717316586408,2.84,0.545319848688582,25.914986872498,5.0593398052178,43.3783452769894,2.5,1,TRUE,TRUE,1,SSP2_4_5,passive_AM,experiment1
45,0.639,0.266247777057159,2.84,0.545319848688582,26.4018398919683,5.18394826122702,43.3783452769894,2.5,1,TRUE,TRUE,1,SSP2_4_5,passive_AM,experiment1
46,0.632,0.256975414458978,2.84,0.545319848688582,26.8547968900186,5.30827854866612,43.3783452769894,2.5,1,TRUE,TRUE,1,SSP2_4_5,passive_AM,experiment1
47,0.652,0.26760441179495,2.84,0.545319848688582,27.3007407200253,5.41968048135582,43.3783452769894,2.5,1,TRUE,TRUE,1,SSP2_4_5,passive_AM,experiment1
48,0.638,0.268094661406652,2.84,0.545319848688582,27.766546171525,5.53829768808992,43.3783452769894,2.5,1,TRUE,TRUE,1,SSP2_4_5,passive_AM,experiment1
49,0.645,0.277206483227637,2.84,0.545319848688582,28.2183720848014,5.64795692731385,43.3783452769894,2.5,1,TRUE,TRUE,1,SSP2_4_5,passive_AM,experiment1
50,0.644,0.277550614184771,2.84,0.545319848688582,28.6771185976777,5.7659115055231,43.3783452769894,2.5,1,TRUE,TRUE,1,SSP2_4_5,passive_AM,experiment1
51,0.639,0.279933253227669,2.84,0.545319848688582,29.1348242236723,5.88271534640644,43.3783452769894,2.5,1,TRUE,TRUE,1,SSP2_4_5,passive_AM,experiment1
52,0.627,0.288449354832058,2.82,0.575246982529323,29.5875095154583,5.98855945612053,43.3783452769894,2.5,1,TRUE,TRUE,1,SSP2_4_5,passive_AM,experiment1
53,0.598,0.28212039839742,2.82,0.575246982529323,30.0302014063358,6.0944804323282,43.3783452769894,2.5,1,TRUE,TRUE,1,SSP2_4_5,passive_AM,experiment1
54,0.616,0.301082223072876,2.82,0.575246982529323,30.4440023290828,6.20263541901372,43.3783452769894,2.5,1,TRUE,TRUE,1,SSP2_4_5,passive_AM,experiment1
55,0.643,0.298228778021847,2.82,0.575246982529323,30.8756649288716,6.33071690372304,43.3783452769894,2.5,1,TRUE,TRUE,1,SSP2_4_5,passive_AM,experiment1
56,0.604,0.272630285785114,2.82,0.575246982529323,31.3341362626429,6.45787615705668,43.3783452769894,2.5,1,TRUE,TRUE,1,SSP2_4_5,passive_AM,experiment1
57,0.626,0.272148206800351,2.82,0.575246982529323,31.7537795497606,6.57929218718056,43.3783452769894,2.5,1,TRUE,TRUE,1,SSP2_4_5,passive_AM,experiment1
58,0.62,0.272289210475579,2.82,0.575246982529323,32.1952558230267,6.70680231769379,43.3783452769894,2.5,1,TRUE,TRUE,1,SSP2_4_5,passive_AM,experiment1
59,0.635,0.272057257788046,2.82,0.575246982529323,32.6307226496703,6.81986535601517,43.3783452769894,2.5,1,TRUE,TRUE,1,SSP2_4_5,passive_AM,experiment1
60,0.642,0.273466338666825,2.8,0.603022689155527,33.0810576857943,6.93274002536116,43.3783452769894,2.5,1,TRUE,TRUE,1,SSP2_4_5,passive_AM,experiment1
61,0.641,0.282161569876465,2.8,0.603022689155527,33.5402938474072,7.04342250078379,43.3783452769894,2.5,1,TRUE,TRUE,1,SSP2_4_5,passive_AM,experiment1
62,0.634,0.287525141632357,2.8,0.603022689155527,33.9984901671398,7.14995063301295,43.3783452769894,2.5,1,TRUE,TRUE,1,SSP2_4_5,passive_AM,experiment1
63,0.627,0.275554537306688,2.8,0.603022689155527,34.4496839351348,7.27588110147427,43.3783452769894,2.5,1,TRUE,TRUE,1,SSP2_4_5,passive_AM,experiment1
64,0.63,0.290071394903762,2.8,0.603022689155527,34.8938765473206,7.40254107135788,43.3783452769894,2.5,1,TRUE,TRUE,1,SSP2_4_5,passive_AM,experiment1
65,0.618,0.291765784024228,2.78,0.62893207547044,35.3410056006004,7.52499317125637,43.3783452769894,2.5,1,TRUE,TRUE,1,SSP2_4_5,passive_AM,experiment1
66,0.613,0.288729365435258,2.78,0.62893207547044,35.7781547334109,7.64875088470058,43.3783452769894,2.5,1,TRUE,TRUE,1,SSP2_4_5,passive_AM,experiment1
67,0.601,0.291459233596201,2.78,0.62893207547044,36.2102930442867,7.77971223407894,43.3783452769894,2.5,1,TRUE,TRUE,1,SSP2_4_5,passive_AM,experiment1
68,0.603,0.298296510339642,2.78,0.62893207547044,36.6304682765852,7.91025724656309,43.3783452769894,2.5,1,TRUE,TRUE,1,SSP2_4_5,passive_AM,experiment1
69,0.589,0.303146795790389,2.78,0.62893207547044,37.0525879368205,8.04183507321781,43.3783452769894,2.5,1,TRUE,TRUE,1,SSP2_4_5,passive_AM,experiment1
70,0.563,0.297346853884738,2.78,0.62893207547044,37.460761657382,8.16480210925075,43.3783452769894,2.5,1,TRUE,TRUE,1,SSP2_4_5,passive_AM,experiment1
71,0.519,0.293943923738917,2.76,0.653197264742181,37.8430759340924,8.27441018609785,43.3783452769894,2.5,1,TRUE,TRUE,1,SSP2_4_5,passive_AM,experiment1
72,0.492,0.297694847490215,2.74,0.675995337979262,38.1836491380715,8.39039252924034,43.3783452769894,2.5,1,TRUE,TRUE,1,SSP2_4_5,passive_AM,experiment1
73,0.505,0.304635897922471,2.74,0.675995337979262,38.4993676472187,8.48943687360897,43.3783452769894,2.5,1,TRUE,TRUE,1,SSP2_4_5,passive_AM,experiment1
74,0.482,0.295207511333087,2.69,0.720479638220893,38.8279600253478,8.58876771102659,43.3783452769894,2.5,1,TRUE,TRUE,1,SSP2_4_5,passive_AM,experiment1
75,0.459,0.298513150481015,2.61,0.764027076573451,39.1391485726965,8.68962543946369,43.3783452769894,2.5,1,TRUE,TRUE,1,SSP2_4_5,passive_AM,experiment1
76,0.457,0.303599616720323,2.58,0.793661760385991,39.4374031413167,8.79135514600078,43.3783452769894,2.5,1,TRUE,TRUE,1,SSP2_4_5,passive_AM,experiment1
77,0.422,0.301705589318897,2.51,0.834786611577286,39.7361240986949,8.89402692909227,43.3783452769894,2.5,1,TRUE,TRUE,1,SSP2_4_5,passive_AM,experiment1
78,0.414,0.307160340453443,2.45,0.88048425610713,40.0075261313354,9.00100579268867,43.3783452769894,2.5,1,TRUE,TRUE,1,SSP2_4_5,passive_AM,experiment1
79,0.402,0.317178215207193,2.41,0.9,40.2759243339103,9.09925039120901,43.3783452769894,2.5,1,TRUE,TRUE,1,SSP2_4_5,passive_AM,experiment1
80,0.383,0.324754763730506,2.33,0.94339811320566,40.5363586508165,9.19650018679523,43.3783452769894,2.5,1,TRUE,TRUE,1,SSP2_4_5,passive_AM,experiment1
81,0.352,0.326437767670373,2.23,0.96247786279147,40.784862546075,9.28480159583634,43.3783452769894,2.5,1,TRUE,TRUE,1,SSP2_4_5,passive_AM,experiment1
82,0.328,0.311749705353315,2.15,0.978299906506541,41.013502944647,9.36725197595616,43.3783452769894,2.5,1,TRUE,TRUE,1,SSP2_4_5,passive_AM,experiment1
83,0.298,0.317814506601037,1,0,41.2262511492333,9.45115608192499,43.3783452769894,2.5,1,TRUE,TRUE,1,SSP2_4_5,passive_AM,experiment1
0,1,0,2,0,0,0,56.307965667076,2.5,2.5,TRUE,TRUE,1,SSP2_4_5,passive_AM,experiment1
1,0.886,0.11011472437986,2,0,0.95,0,56.307965667076,2.5,2.5,TRUE,TRUE,1,SSP2_4_5,passive_AM,experiment1
2,0.852,0.126714504523222,2,0,1.7859164,0.110103712907422,56.307965667076,2.5,2.5,TRUE,TRUE,1,SSP2_4_5,passive_AM,experiment1
3,0.823,0.163827329647388,1.99,0.1,2.58775600802,0.186799858524728,56.307965667076,2.5,2.5,TRUE,TRUE,1,SSP2_4_5,passive_AM,experiment1
4,0.791,0.182072801512211,1.99,0.1,3.36102398122423,0.295255678688219,56.307965667076,2.5,2.5,TRUE,TRUE,1,SSP2_4_5,passive_AM,experiment1
5,0.764,0.178387842136795,1.99,0.1,4.10222742571126,0.424011075739297,56.307965667076,2.5,2.5,TRUE,TRUE,1,SSP2_4_5,passive_AM,experiment1
6,0.772,0.179831571030767,1.99,0.1,4.81637024715412,0.556235146440423,56.307965667076,2.5,2.5,TRUE,TRUE,1,SSP2_4_5,passive_AM,experiment1
7,0.768,0.1847083423053,1.99,0.1,5.53843685551467,0.670549806131357,56.307965667076,2.5,2.5,TRUE,TRUE,1,SSP2_4_5,passive_AM,experiment1
8,0.758,0.194977336160287,1.98,0.14070529413629,6.25643405637452,0.788259444512521,56.307965667076,2.5,2.5,TRUE,TRUE,1,SSP2_4_5,passive_AM,experiment1
9,0.771,0.181071446359907,1.98,0.14070529413629,6.96486705485482,0.924166421494642,56.307965667076,2.5,2.5,TRUE,TRUE,1,SSP2_4_5,passive_AM,experiment1
10,0.763,0.176758123839993,1.98,0.14070529413629,7.68621751471418,1.04281440952989,56.307965667076,2.5,2.5,TRUE,TRUE,1,SSP2_4_5,passive_AM,experiment1
11,0.75,0.203752672412294,1.97,0.171446607997765,8.39950383592852,1.15523759030291,56.307965667076,2.5,2.5,TRUE,TRUE,1,SSP2_4_5,passive_AM,experiment1
12,0.731,0.208261199633363,1.97,0.171446607997765,9.10023257163779,1.26745966621101,56.307965667076,2.5,2.5,TRUE,TRUE,1,SSP2_4_5,passive_AM,experiment1
13,0.728,0.22022944875972,1.97,0.171446607997765,9.78191402193768,1.35917823451024,56.307965667076,2.5,2.5,TRUE,TRUE,1,SSP2_4_5,passive_AM,experiment1
14,0.72,0.22428337054501,1.97,0.171446607997765,10.4605312017534,1.4477636775757,56.307965667076,2.5,2.5,TRUE,TRUE,1,SSP2_4_5,passive_AM,experiment1
15,0.703,0.223134239615727,1.97,0.171446607997765,11.131091712574,1.55553587472101,56.307965667076,2.5,2.5,TRUE,TRUE,1,SSP2_4_5,passive_AM,experiment1
16,0.721,0.237535749568843,1.97,0.171446607997765,11.7846106495013,1.67371345707006,56.307965667076,2.5,2.5,TRUE,TRUE,1,SSP2_4_5,passive_AM,experiment1
17,0.701,0.228961202659386,1.97,0.171446607997765,12.4560354561248,1.82368105667054,56.307965667076,2.5,2.5,TRUE,TRUE,1,SSP2_4_5,passive_AM,experiment1
18,0.689,0.22513520068141,1.97,0.171446607997765,13.1074270930813,1.95397817831952,56.307965667076,2.5,2.5,TRUE,TRUE,1,SSP2_4_5,passive_AM,experiment1
19,0.678,0.242287082410578,1.96,0.196946385566932,13.7467751725238,2.08226999744387,56.307965667076,2.5,2.5,TRUE,TRUE,1,SSP2_4_5,passive_AM,experiment1
20,0.662,0.231281017575825,1.96,0.196946385566932,14.3755792492136,2.22329521710408,56.307965667076,2.5,2.5,TRUE,TRUE,1,SSP2_4_5,passive_AM,experiment1
21,0.679,0.223061797842135,1.96,0.196946385566932,14.988352415114,2.35718070942235,56.307965667076,2.5,2.5,TRUE,TRUE,1,SSP2_4_5,passive_AM,experiment1
22,0.678,0.227671569227129,1.96,0.196946385566932,15.6180286393751,2.49421711772289,56.307965667076,2.5,2.5,TRUE,TRUE,1,SSP2_4_5,passive_AM,experiment1
23,0.686,0.237418779307107,1.96,0.196946385566932,16.2466440937054,2.62810572542803,56.307965667076,2.5,2.5,TRUE,TRUE,1,SSP2_4_5,passive_AM,experiment1
24,0.701,0.240578007676882,1.95,0.21904291355759,16.883178306716,2.75895256418673,56.307965667076,2.5,2.5,TRUE,TRUE,1,SSP2_4_5,passive_AM,experiment1
25,0.692,0.24023557462027,1.95,0.21904291355759,17.535111709054,2.90095330747422,56.307965667076,2.5,2.5,TRUE,TRUE,1,SSP2_4_5,passive_AM,experiment1
26,0.688,0.247932868072604,1.95,0.21904291355759,18.1780023910725,3.0394369520944,56.307965667076,2.5,2.5,TRUE,TRUE,1,SSP2_4_5,passive_AM,experiment1
27,0.671,0.24793897913345,1.95,0.21904291355759,18.8168391710332,3.1838371208998,56.307965667076,2.5,2.5,TRUE,TRUE,1,SSP2_4_5,passive_AM,experiment1
28,0.672,0.238293597026522,1.95,0.21904291355759,19.4386579076955,3.32744626013777,56.307965667076,2.5,2.5,TRUE,TRUE,1,SSP2_4_5,passive_AM,experiment1
29,0.659,0.241667189132142,1.95,0.21904291355759,20.0614116662609,3.46126413970675,56.307965667076,2.5,2.5,TRUE,TRUE,1,SSP2_4_5,passive_AM,experiment1
30,0.654,0.254026165835909,1.95,0.21904291355759,20.671140796718,3.60028479380622,56.307965667076,2.5,2.5,TRUE,TRUE,1,SSP2_4_5,passive_AM,experiment1
31,0.651,0.254453266134402,2.15,0.5,21.2758239325322,3.739076060528,56.307965667076,2.5,2.5,TRUE,TRUE,1,SSP2_4_5,passive_AM,experiment1
32,0.657,0.255150975310737,2.51,0.611258017236881,21.8465518420857,3.88478702991344,56.307965667076,2.5,2.5,TRUE,TRUE,1,SSP2_4_5,passive_AM,experiment1
33,0.664,0.250058578995588,2.62,0.599326221011495,22.369376041006,4.01543455700816,56.307965667076,2.5,2.5,TRUE,TRUE,1,SSP2_4_5,passive_AM,experiment1
34,0.67,0.244742701421288,2.67,0.586979943903925,22.8826792573983,4.14472665938372,56.307965667076,2.5,2.5,TRUE,TRUE,1,SSP2_4_5,passive_AM,experiment1
35,0.656,0.25478055521003,2.71,0.573752489486468,23.3944362350629,4.26447932439607,56.307965667076,2.5,2.5,TRUE,TRUE,1,SSP2_4_5,passive_AM,experiment1
36,0.635,0.252412601135762,2.76,0.552679423766206,23.8862119181605,4.37321286846829,56.307965667076,2.5,2.5,TRUE,TRUE,1,SSP2_4_5,passive_AM,experiment1
37,0.653,0.254437386872259,2.75,0.557320429022713,24.3495408443431,4.4867092459563,56.307965667076,2.5,2.5,TRUE,TRUE,1,SSP2_4_5,passive_AM,experiment1
38,0.668,0.258933320850107,2.76,0.552679423766206,24.8322514173518,4.59485983718941,56.307965667076,2.5,2.5,TRUE,TRUE,1,SSP2_4_5,passive_AM,experiment1
39,0.682,0.271687580529809,2.77,0.547814758929522,25.3283625140943,4.7261276045391,56.307965667076,2.5,2.5,TRUE,TRUE,1,SSP2_4_5,passive_AM,experiment1
40,0.701,0.279065902212681,2.77,0.547814758929522,25.8368753422381,4.8713271620598,56.307965667076,2.5,2.5,TRUE,TRUE,1,SSP2_4_5,passive_AM,experiment1
41,0.682,0.264529313263687,2.77,0.547814758929522,26.3642614671114,5.02391602633199,56.307965667076,2.5,2.5,TRUE,TRUE,1,SSP2_4_5,passive_AM,experiment1
42,0.67,0.265337597042033,2.74,0.596623495983519,26.8726725977747,5.15893440558731,56.307965667076,2.5,2.5,TRUE,TRUE,1,SSP2_4_5,passive_AM,experiment1
43,0.677,0.273715549467329,2.74,0.596623495983519,27.3715727056388,5.29772811283131,56.307965667076,2.5,2.5,TRUE,TRUE,1,SSP2_4_5,passive_AM,experiment1
44,0.673,0.275554537306688,2.73,0.633333333333333,27.8773928866158,5.44196037083544,56.307965667076,2.5,2.5,TRUE,TRUE,1,SSP2_4_5,passive_AM,experiment1
45,0.654,0.256794537214938,2.77,0.565953205047052,28.3786822430643,5.58734924272955,56.307965667076,2.5,2.5,TRUE,TRUE,1,SSP2_4_5,passive_AM,experiment1
46,0.674,0.26232064579846,2.77,0.565953205047052,28.858020253089,5.70804044424315,56.307965667076,2.5,2.5,TRUE,TRUE,1,SSP2_4_5,passive_AM,experiment1
47,0.676,0.255097525418706,2.77,0.565953205047052,29.3572185360094,5.8385647494358,56.307965667076,2.5,2.5,TRUE,TRUE,1,SSP2_4_5,passive_AM,experiment1
48,0.681,0.272176042259046,2.76,0.588097428882822,29.8583575206891,5.97664917851066,56.307965667076,2.5,2.5,TRUE,TRUE,1,SSP2_4_5,passive_AM,experiment1
49,0.655,0.264145276832139,2.75,0.609271795844942,30.3649200534154,6.11800287378609,56.307965667076,2.5,2.5,TRUE,TRUE,1,SSP2_4_5,passive_AM,experiment1
50,0.677,0.249385102387711,2.75,0.609271795844942,30.8460565804776,6.25935225398621,56.307965667076,2.5,2.5,TRUE,TRUE,1,SSP2_4_5,passive_AM,experiment1
51,0.691,0.260572407975173,2.77,0.565953205047052,31.3490352629564,6.39932695716993,56.307965667076,2.5,2.5,TRUE,TRUE,1,SSP2_4_5,passive_AM,experiment1
52,0.681,0.254135492375324,2.76,0.588097428882822,31.8648975130466,6.53293393875494,56.307965667076,2.5,2.5,TRUE,TRUE,1,SSP2_4_5,passive_AM,experiment1
53,0.681,0.263118439360135,2.77,0.565953205047052,32.3712574511515,6.67448948188695,56.307965667076,2.5,2.5,TRUE,TRUE,1,SSP2_4_5,passive_AM,experiment1
54,0.69,0.27579087378049,2.75,0.609271795844942,32.8770693963842,6.81597288577046,56.307965667076,2.5,2.5,TRUE,TRUE,1,SSP2_4_5,passive_AM,experiment1
55,0.671,0.26866486201364,2.76,0.588097428882822,33.3927769032747,6.97000843908251,56.307965667076,2.5,2.5,TRUE,TRUE,1,SSP2_4_5,passive_AM,experiment1
56,0.663,0.269925167332718,2.77,0.565953205047052,33.8890398003505,7.11716389602846,56.307965667076,2.5,2.5,TRUE,TRUE,1,SSP2_4_5,passive_AM,experiment1
57,0.665,0.262995563967658,2.76,0.588097428882822,34.3768005404718,7.27053462761139,56.307965667076,2.5,2.5,TRUE,TRUE,1,SSP2_4_5,passive_AM,experiment1
58,0.682,0.260682863946895,2.76,0.588097428882822,34.8669982943461,7.41755011835329,56.307965667076,2.5,2.5,TRUE,TRUE,1,SSP2_4_5,passive_AM,experiment1
59,0.669,0.254532647585469,2.77,0.565953205047052,35.3740487089311,7.56241867920981,56.307965667076,2.5,2.5,TRUE,TRUE,1,SSP2_4_5,passive_AM,experiment1
60,0.691,0.255483301160207,2.77,0.565953205047052,35.867627837928,7.70473203703971,56.307965667076,2.5,2.5,TRUE,TRUE,1,SSP2_4_5,passive_AM,experiment1
61,0.669,0.252140332899652,2.77,0.565953205047052,36.3830259976602,7.86670643711559,56.307965667076,2.5,2.5,TRUE,TRUE,1,SSP2_4_5,passive_AM,experiment1
62,0.689,0.257766239727848,2.77,0.565953205047052,36.876506415767,8.02413121143667,56.307965667076,2.5,2.5,TRUE,TRUE,1,SSP2_4_5,passive_AM,experiment1
63,0.706,0.260853300620185,2.77,0.565953205047052,37.3898138632768,8.18610429022223,56.307965667076,2.5,2.5,TRUE,TRUE,1,SSP2_4_5,passive_AM,experiment1
64,0.696,0.255018319801428,2.77,0.565953205047052,37.9199632113777,8.34915408746638,56.307965667076,2.5,2.5,TRUE,TRUE,1,SSP2_4_5,passive_AM,experiment1
65,0.669,0.243582271999264,2.77,0.565953205047052,38.4401233433598,8.50856963020551,56.307965667076,2.5,2.5,TRUE,TRUE,1,SSP2_4_5,passive_AM,experiment1
66,0.684,0.252950268598075,2.77,0.565953205047052,38.9334063989063,8.65981775837562,56.307965667076,2.5,2.5,TRUE,TRUE,1,SSP2_4_5,passive_AM,experiment1
67,0.699,0.256036219028765,2.77,0.565953205047052,39.4415414472118,8.80804366204931,56.307965667076,2.5,2.5,TRUE,TRUE,1,SSP2_4_5,passive_AM,experiment1
68,0.7,0.249848438906955,2.77,0.565953205047052,39.9645255129452,8.95815746086081,56.307965667076,2.5,2.5,TRUE,TRUE,1,SSP2_4_5,passive_AM,experiment1
69,0.691,0.263655345885763,2.77,0.565953205047052,40.4884505030019,9.11324345541085,56.307965667076,2.5,2.5,TRUE,TRUE,1,SSP2_4_5,passive_AM,experiment1
70,0.672,0.264796472252127,2.77,0.565953205047052,41.0033849898904,9.25932659931188,56.307965667076,2.5,2.5,TRUE,TRUE,1,SSP2_4_5,passive_AM,experiment1
71,0.666,0.267128388153666,2.77,0.565953205047052,41.4994005255185,9.40924778185089,56.307965667076,2.5,2.5,TRUE,TRUE,1,SSP2_4_5,passive_AM,experiment1
72,0.674,0.273997714360444,2.76,0.570663268185859,41.9894089108354,9.54013616916088,56.307965667076,2.5,2.5,TRUE,TRUE,1,SSP2_4_5,passive_AM,experiment1
73,0.68,0.280331693866139,2.75,0.575159178669767,42.4888001375681,9.68216581731631,56.307965667076,2.5,2.5,TRUE,TRUE,1,SSP2_4_5,passive_AM,experiment1
74,0.669,0.279499914168506,2.74,0.579445921340012,42.9955868718126,9.84008301665259,56.307965667076,2.5,2.5,TRUE,TRUE,1,SSP2_4_5,passive_AM,experiment1
75,0.671,0.264114682773536,2.74,0.579445921340012,43.4928929714033,9.99129123914988,56.307965667076,2.5,2.5,TRUE,TRUE,1,SSP2_4_5,passive_AM,experiment1
76,0.678,0.267264481422996,2.74,0.579445921340012,43.9921343957493,10.1302983869826,56.307965667076,2.5,2.5,TRUE,TRUE,1,SSP2_4_5,passive_AM,experiment1
77,0.651,0.264573222188093,2.72,0.587409997404287,44.4982728949616,10.2742210172162,56.307965667076,2.5,2.5,TRUE,TRUE,1,SSP2_4_5,passive_AM,experiment1
78,0.656,0.266029541915399,2.72,0.587409997404287,44.9805448798364,10.4024138882989,56.307965667076,2.5,2.5,TRUE,TRUE,1,SSP2_4_5,passive_AM,experiment1
79,0.664,0.271739625823,2.66,0.606696635956396,45.467729787283,10.5379915870342,56.307965667076,2.5,2.5,TRUE,TRUE,1,SSP2_4_5,passive_AM,experiment1
80,0.684,0.28095076674274,2.57,0.639681107421439,45.9717321986671,10.6709610144086,56.307965667076,2.5,2.5,TRUE,TRUE,1,SSP2_4_5,passive_AM,experiment1
81,0.678,0.270644572915263,2.47,0.673525325163326,46.507925234145,10.8226443306847,56.307965667076,2.5,2.5,TRUE,TRUE,1,SSP2_4_5,passive_AM,experiment1
82,0.655,0.26944574611786,2.3,0.674199862463242,47.0510081765232,10.9855258567835,56.307965667076,2.5,2.5,TRUE,TRUE,1,SSP2_4_5,passive_AM,experiment1
83,0.645,0.256776835860136,1,0,47.594532727168,11.1336138139867,56.307965667076,2.5,2.5,TRUE,TRUE,1,SSP2_4_5,passive_AM,experiment1
0,1,0,2,0,0,0,33.120912526752,2.5,1,TRUE,TRUE,1,SSP3_7_0,passive_AM,experiment1
1,0.853,0.14456832294801,1.99,0.1,0.95,0,33.120912526752,2.5,1,TRUE,TRUE,1,SSP3_7_0,passive_AM,experiment1
2,0.784,0.1796292478041,1.99,0.1,1.75341965,0.141631110149748,33.120912526752,2.5,1,TRUE,TRUE,1,SSP3_7_0,passive_AM,experiment1
3,0.772,0.176429228664847,1.99,0.1,2.487772757345,0.275849951525068,33.120912526752,2.5,1,TRUE,TRUE,1,SSP3_7_0,passive_AM,experiment1
4,0.755,0.195595438999931,1.98,0.14070529413629,3.21005602901928,0.421086170445774,33.120912526752,2.5,1,TRUE,TRUE,1,SSP3_7_0,passive_AM,experiment1
5,0.751,0.203253834433993,1.98,0.14070529413629,3.91577367137645,0.551164588064605,33.120912526752,2.5,1,TRUE,TRUE,1,SSP3_7_0,passive_AM,experiment1
6,0.749,0.201757430113641,1.98,0.14070529413629,4.61742274156943,0.697812512127527,33.120912526752,2.5,1,TRUE,TRUE,1,SSP3_7_0,passive_AM,experiment1
7,0.717,0.205507501890645,1.98,0.14070529413629,5.31700284655544,0.83564038663336,33.120912526752,2.5,1,TRUE,TRUE,1,SSP3_7_0,passive_AM,experiment1
8,0.732,0.214089568719131,1.98,0.14070529413629,5.98453538681206,0.967526430368227,33.120912526752,2.5,1,TRUE,TRUE,1,SSP3_7_0,passive_AM,experiment1
9,0.733,0.218837608719112,1.98,0.14070529413629,6.66698917801381,1.10520788296621,33.120912526752,2.5,1,TRUE,TRUE,1,SSP3_7_0,passive_AM,experiment1
10,0.709,0.2220633270311,1.98,0.14070529413629,7.35037382419637,1.24778183857216,33.120912526752,2.5,1,TRUE,TRUE,1,SSP3_7_0,passive_AM,experiment1
11,0.684,0.226399129098514,1.98,0.14070529413629,8.00971412111718,1.39276052633828,33.120912526752,2.5,1,TRUE,TRUE,1,SSP3_7_0,passive_AM,experiment1
12,0.7,0.219733539276161,1.98,0.14070529413629,8.64401597026243,1.52492994147178,33.120912526752,2.5,1,TRUE,TRUE,1,SSP3_7_0,passive_AM,experiment1
13,0.684,0.209241052811866,1.98,0.14070529413629,9.29423519977924,1.64874096243619,33.120912526752,2.5,1,TRUE,TRUE,1,SSP3_7_0,passive_AM,experiment1
14,0.693,0.210940654203877,1.98,0.14070529413629,9.92841019489767,1.76239342095682,33.120912526752,2.5,1,TRUE,TRUE,1,SSP3_7_0,passive_AM,experiment1
15,0.705,0.213378309652839,1.98,0.14070529413629,10.5715091807033,1.88259951611885,33.120912526752,2.5,1,TRUE,TRUE,1,SSP3_7_0,passive_AM,experiment1
16,0.722,0.233800398337185,1.98,0.14070529413629,11.2265258692049,2.0119909264315,33.120912526752,2.5,1,TRUE,TRUE,1,SSP3_7_0,passive_AM,experiment1
17,0.723,0.217355548223261,1.98,0.14070529413629,11.8984498764282,2.13826261984387,33.120912526752,2.5,1,TRUE,TRUE,1,SSP3_7_0,passive_AM,experiment1
18,0.716,0.217292801574653,1.98,0.14070529413629,12.57130499261,2.2558017530357,33.120912526752,2.5,1,TRUE,TRUE,1,SSP3_7_0,passive_AM,experiment1
19,0.695,0.217597069944622,1.98,0.14070529413629,13.2371054125759,2.38087309989649,33.120912526752,2.5,1,TRUE,TRUE,1,SSP3_7_0,passive_AM,experiment1
20,0.666,0.219374685242515,1.98,0.14070529413629,13.8818791166102,2.50965093426387,33.120912526752,2.5,1,TRUE,TRUE,1,SSP3_7_0,passive_AM,experiment1
21,0.681,0.214002265635132,1.98,0.14070529413629,14.4976462882071,2.63520559298586,33.120912526752,2.5,1,TRUE,TRUE,1,SSP3_7_0,passive_AM,experiment1
22,0.679,0.232376827370953,1.97,0.171446607997765,15.128320414567,2.75629176518047,33.120912526752,2.5,1,TRUE,TRUE,1,SSP3_7_0,passive_AM,experiment1
23,0.642,0.219816268549878,1.97,0.171446607997765,15.7574347700515,2.8845084940363,33.120912526752,2.5,1,TRUE,TRUE,1,SSP3_7_0,passive_AM,experiment1
24,0.639,0.221972334248476,1.97,0.171446607997765,16.3495712205559,2.99682329782979,33.120912526752,2.5,1,TRUE,TRUE,1,SSP3_7_0,passive_AM,experiment1
25,0.641,0.233157942739737,1.97,0.171446607997765,16.9386556491413,3.09505411437801,33.120912526752,2.5,1,TRUE,TRUE,1,SSP3_7_0,passive_AM,experiment1
26,0.62,0.220651011071485,1.97,0.171446607997765,17.5296761752793,3.2084315135254,33.120912526752,2.5,1,TRUE,TRUE,1,SSP3_7_0,passive_AM,experiment1
27,0.591,0.225672955464945,2.02,0.283556062188838,18.0996921311693,3.31698721874914,33.120912526752,2.5,1,TRUE,TRUE,1,SSP3_7_0,passive_AM,experiment1
28,0.569,0.222789931404796,2.6,0.55048188256318,18.6332495074554,3.42692207745017,33.120912526752,2.5,1,TRUE,TRUE,1,SSP3_7_0,passive_AM,experiment1
29,0.559,0.224775982756705,2.76,0.494821669744247,19.0580583163407,3.52316165869083,33.120912526752,2.5,1,TRUE,TRUE,1,SSP3_7_0,passive_AM,experiment1
30,0.595,0.231104069434294,2.87,0.418148878808116,19.4489231064292,3.60943412155835,33.120912526752,2.5,1,TRUE,TRUE,1,SSP3_7_0,passive_AM,experiment1
31,0.631,0.23770578538193,2.89,0.399368187885502,19.8591903947847,3.70990590176902,33.120912526752,2.5,1,TRUE,TRUE,1,SSP3_7_0,passive_AM,experiment1
32,0.632,0.241158818535785,2.9,0.389249472080761,20.302314509713,3.81446014519375,33.120912526752,2.5,1,TRUE,TRUE,1,SSP3_7_0,passive_AM,experiment1
33,0.659,0.237024910253771,2.92,0.3673547263198,20.7448959097524,3.91438326297826,33.120912526752,2.5,1,TRUE,TRUE,1,SSP3_7_0,passive_AM,experiment1
34,0.678,0.248868144878676,2.91,0.404395046378357,21.2113539782409,4.00700018212899,33.120912526752,2.5,1,TRUE,TRUE,1,SSP3_7_0,passive_AM,experiment1
35,0.686,0.249451924478972,2.91,0.404395046378357,21.6971992102009,4.10557690026784,33.120912526752,2.5,1,TRUE,TRUE,1,SSP3_7_0,passive_AM,experiment1
36,0.694,0.247745389014161,2.91,0.404395046378357,22.1909679051855,4.19726172051801,33.120912526752,2.5,1,TRUE,TRUE,1,SSP3_7_0,passive_AM,experiment1
37,0.673,0.240729111348223,2.91,0.404395046378357,22.6926584736435,4.29703093153407,33.120912526752,2.5,1,TRUE,TRUE,1,SSP3_7_0,passive_AM,experiment1
38,0.697,0.248004154412906,2.92,0.393892771133865,23.1733764333476,4.39707917529108,33.120912526752,2.5,1,TRUE,TRUE,1,SSP3_7_0,passive_AM,experiment1
39,0.694,0.246109115982519,2.92,0.393892771133865,23.6764609792412,4.51055209865647,33.120912526752,2.5,1,TRUE,TRUE,1,SSP3_7_0,passive_AM,experiment1
40,0.696,0.242011770312307,2.92,0.393892771133865,24.1765068944775,4.62590812527333,33.120912526752,2.5,1,TRUE,TRUE,1,SSP3_7_0,passive_AM,experiment1
41,0.683,0.255071786290872,2.92,0.393892771133865,24.6784948207026,4.76610987141682,33.120912526752,2.5,1,TRUE,TRUE,1,SSP3_7_0,passive_AM,experiment1
42,0.684,0.262743874208978,2.9,0.438085827115181,25.1674857416735,4.87949390751271,33.120912526752,2.5,1,TRUE,TRUE,1,SSP3_7_0,passive_AM,experiment1
43,0.676,0.253508711224421,2.9,0.438085827115181,25.6594151893479,5.00478650558825,33.120912526752,2.5,1,TRUE,TRUE,1,SSP3_7_0,passive_AM,experiment1
44,0.663,0.258845533283868,2.9,0.438085827115181,26.1433297719362,5.12497310658017,33.120912526752,2.5,1,TRUE,TRUE,1,SSP3_7_0,passive_AM,experiment1
45,0.663,0.256493448042808,2.9,0.438085827115181,26.6142530402582,5.23806472733209,33.120912526752,2.5,1,TRUE,TRUE,1,SSP3_7_0,passive_AM,experiment1
46,0.663,0.255704611778608,2.9,0.438085827115181,27.0851292162534,5.34312503174886,33.120912526752,2.5,1,TRUE,TRUE,1,SSP3_7_0,passive_AM,experiment1
47,0.658,0.251130776024498,2.88,0.477366513151884,27.5559583046309,5.45563545298,33.120912526752,2.5,1,TRUE,TRUE,1,SSP3_7_0,passive_AM,experiment1
48,0.66,0.252662588917283,2.88,0.477366513151884,28.0237543777183,5.55158493671338,33.120912526752,2.5,1,TRUE,TRUE,1,SSP3_7_0,passive_AM,experiment1
49,0.636,0.26648478645908,2.86,0.512864799952486,28.4934940937237,5.64820047565582,33.120912526752,2.5,1,TRUE,TRUE,1,SSP3_7_0,passive_AM,experiment1
50,0.636,0.27506473067372,2.86,0.512864799952486,28.9412943774425,5.73308417499896,33.120912526752,2.5,1,TRUE,TRUE,1,SSP3_7_0,passive_AM,experiment1
51,0.586,0.268937302595368,2.86,0.512864799952486,29.3890498811328,5.83275258818082,33.120912526752,2.5,1,TRUE,TRUE,1,SSP3_7_0,passive_AM,experiment1
52,0.558,0.276770699681199,2.8,0.603022689155527,29.7870149728128,5.93112710636153,33.120912526752,2.5,1,TRUE,TRUE,1,SSP3_7_0,passive_AM,experiment1
53,0.521,0.282233158143326,2.76,0.653197264742181,30.1630543767492,6.02864770602371,33.120912526752,2.5,1,TRUE,TRUE,1,SSP3_7_0,passive_AM,experiment1
54,0.497,0.278689211789184,2.72,0.667877687949378,30.5062306227773,6.11973694455705,33.120912526752,2.5,1,TRUE,TRUE,1,SSP3_7_0,passive_AM,experiment1
55,0.438,0.279891753968197,2.62,0.775639195513069,30.8314694940468,6.19620023377683,33.120912526752,2.5,1,TRUE,TRUE,1,SSP3_7_0,passive_AM,experiment1
56,0.445,0.301971635566768,2.57,0.819645156038991,31.1069501002391,6.27270276454868,33.120912526752,2.5,1,TRUE,TRUE,1,SSP3_7_0,passive_AM,experiment1
57,0.398,0.289541609158932,2.46,0.892392086676947,31.3938389351525,6.35402069923825,33.120912526752,2.5,1,TRUE,TRUE,1,SSP3_7_0,passive_AM,experiment1
58,0.381,0.302746685457588,2.42,0.912096043144137,31.6444065497089,6.40639681004667,33.120912526752,2.5,1,TRUE,TRUE,1,SSP3_7_0,passive_AM,experiment1
59,0.317,0.28851938295968,2.28,0.964836302648844,31.8820242930144,6.45717203876805,33.120912526752,2.5,1,TRUE,TRUE,1,SSP3_7_0,passive_AM,experiment1
60,0.264,0.271367654742425,2.14,0.995139703912486,32.0699124206688,6.51061852696091,33.120912526752,2.5,1,TRUE,TRUE,1,SSP3_7_0,passive_AM,experiment1
61,0.203,0.246779253585061,1.94,1.00322711609318,32.2190150705431,6.56226014590687,33.120912526752,2.5,1,TRUE,TRUE,1,SSP3_7_0,passive_AM,experiment1
62,0.163,0.217727009130816,1.8,0.984731927834662,32.3273521613259,6.60491379870491,33.120912526752,2.5,1,TRUE,TRUE,1,SSP3_7_0,passive_AM,experiment1
63,0.124,0.196494531756232,1.6,0.921132372943677,32.4098391277215,6.64313406446557,33.120912526752,2.5,1,TRUE,TRUE,1,SSP3_7_0,passive_AM,experiment1
64,0.079,0.17132578688722,1.38,0.788554488807325,32.4734371751038,6.67725446327934,33.120912526752,2.5,1,TRUE,TRUE,1,SSP3_7_0,passive_AM,experiment1
65,0.072,0.17757058633488,1.28,0.697470176039554,32.5141755999582,6.69788138460728,33.120912526752,2.5,1,TRUE,TRUE,1,SSP3_7_0,passive_AM,experiment1
66,0.046,0.152036678190335,1.14,0.512864799952486,32.5578905132392,6.72009103910884,33.120912526752,2.5,1,TRUE,TRUE,1,SSP3_7_0,passive_AM,experiment1
67,0.032,0.12050399213807,1.14,0.512864799952486,32.5896799981772,6.74201876133252,33.120912526752,2.5,1,TRUE,TRUE,1,SSP3_7_0,passive_AM,experiment1
68,0.031,0.145432132111528,1.08,0.393892771133865,32.6075597952963,6.75657233560907,33.120912526752,2.5,1,TRUE,TRUE,1,SSP3_7_0,passive_AM,experiment1
69,0.008,0.0562821176545159,1.04,0.281410588272579,32.6304039180855,6.77546568540773,33.120912526752,2.5,1,TRUE,TRUE,1,SSP3_7_0,passive_AM,experiment1
70,0.004,0.0281410588272579,1,0,32.6343764117163,6.78072821460744,33.120912526752,2.5,1,TRUE,TRUE,1,SSP3_7_0,passive_AM,experiment1
71,0,0,1,0,32.6383485080977,6.78610121857673,33.120912526752,2.5,1,TRUE,TRUE,1,SSP3_7_0,passive_AM,experiment1
72,0,0,1,0,32.6383485080977,6.78610121857673,33.120912526752,2.5,1,TRUE,TRUE,1,SSP3_7_0,passive_AM,experiment1
73,0,0,1,0,32.6383485080977,6.78610121857673,33.120912526752,2.5,1,TRUE,TRUE,1,SSP3_7_0,passive_AM,experiment1
74,0,0,1,0,32.6383485080977,6.78610121857673,33.120912526752,2.5,1,TRUE,TRUE,1,SSP3_7_0,passive_AM,experiment1
75,0,0,1,0,32.6383485080977,6.78610121857673,33.120912526752,2.5,1,TRUE,TRUE,1,SSP3_7_0,passive_AM,experiment1
76,0,0,1,0,32.6383485080977,6.78610121857673,33.120912526752,2.5,1,TRUE,TRUE,1,SSP3_7_0,passive_AM,experiment1
77,0,0,1,0,32.6383485080977,6.78610121857673,33.120912526752,2.5,1,TRUE,TRUE,1,SSP3_7_0,passive_AM,experiment1
78,0,0,1,0,32.6383485080977,6.78610121857673,33.120912526752,2.5,1,TRUE,TRUE,1,SSP3_7_0,passive_AM,experiment1
79,0,0,1,0,32.6383485080977,6.78610121857673,33.120912526752,2.5,1,TRUE,TRUE,1,SSP3_7_0,passive_AM,experiment1
80,0,0,1,0,32.6383485080977,6.78610121857673,33.120912526752,2.5,1,TRUE,TRUE,1,SSP3_7_0,passive_AM,experiment1
81,0,0,1,0,32.6383485080977,6.78610121857673,33.120912526752,2.5,1,TRUE,TRUE,1,SSP3_7_0,passive_AM,experiment1
82,0,0,1,0,32.6383485080977,6.78610121857673,33.120912526752,2.5,1,TRUE,TRUE,1,SSP3_7_0,passive_AM,experiment1
83,0,0,1,0,32.6383485080977,6.78610121857673,33.120912526752,2.5,1,TRUE,TRUE,1,SSP3_7_0,passive_AM,experiment1
0,1,0,2,0,0,0,53.3356159600686,2.5,2.5,TRUE,TRUE,1,SSP3_7_0,passive_AM,experiment1
1,0.876,0.122367223445404,2,0,0.95,0,53.3356159600686,2.5,2.5,TRUE,TRUE,1,SSP3_7_0,passive_AM,experiment1
2,0.807,0.157797338380595,2,0,1.7759174,0.122354986723059,53.3356159600686,2.5,2.5,TRUE,TRUE,1,SSP3_7_0,passive_AM,experiment1
3,0.783,0.163950596155665,2,0,2.53276600757,0.239091369503322,53.3356159600686,2.5,2.5,TRUE,TRUE,1,SSP3_7_0,passive_AM,experiment1
4,0.771,0.18493515106926,2,0,3.26554612955927,0.359557170209857,53.3356159600686,2.5,2.5,TRUE,TRUE,1,SSP3_7_0,passive_AM,experiment1
5,0.766,0.186525920965208,2,0,3.98625777281638,0.475042412716171,53.3356159600686,2.5,2.5,TRUE,TRUE,1,SSP3_7_0,passive_AM,experiment1
6,0.747,0.183377405171064,2,0,4.70189984440922,0.595825059168331,53.3356159600686,2.5,2.5,TRUE,TRUE,1,SSP3_7_0,passive_AM,experiment1
7,0.732,0.192736801746513,1.99,0.1,5.39848174894528,0.713865264785774,53.3356159600686,2.5,2.5,TRUE,TRUE,1,SSP3_7_0,passive_AM,experiment1
8,0.743,0.211418967450841,1.98,0.14070529413629,6.0805041422464,0.798148562288938,53.3356159600686,2.5,2.5,TRUE,TRUE,1,SSP3_7_0,passive_AM,experiment1
9,0.731,0.209228983835337,1.98,0.14070529413629,6.77394913652754,0.89973397123155,53.3356159600686,2.5,2.5,TRUE,TRUE,1,SSP3_7_0,passive_AM,experiment1
10,0.729,0.208552006449085,1.98,0.14070529413629,7.45533558199026,1.00467794596342,53.3356159600686,2.5,2.5,TRUE,TRUE,1,SSP3_7_0,passive_AM,experiment1
11,0.74,0.212726409391324,1.98,0.14070529413629,8.13465588790867,1.13039464360353,53.3356159600686,2.5,2.5,TRUE,TRUE,1,SSP3_7_0,passive_AM,experiment1
12,0.734,0.225280969350532,1.97,0.171446607997765,8.82489616784468,1.26501738416564,53.3356159600686,2.5,2.5,TRUE,TRUE,1,SSP3_7_0,passive_AM,experiment1
13,0.709,0.230543933016042,1.97,0.171446607997765,9.50957402012391,1.40521004049429,53.3356159600686,2.5,2.5,TRUE,TRUE,1,SSP3_7_0,passive_AM,experiment1
14,0.725,0.21619996355787,1.97,0.171446607997765,10.1692158851251,1.54372515891973,53.3356159600686,2.5,2.5,TRUE,TRUE,1,SSP3_7_0,passive_AM,experiment1
15,0.728,0.221144863166772,1.97,0.171446607997765,10.8447694004939,1.68181111133433,53.3356159600686,2.5,2.5,TRUE,TRUE,1,SSP3_7_0,passive_AM,experiment1
16,0.721,0.219409215942275,1.97,0.171446607997765,11.5232508636598,1.82264678535942,53.3356159600686,2.5,2.5,TRUE,TRUE,1,SSP3_7_0,passive_AM,experiment1
17,0.708,0.220504472113883,1.97,0.171446607997765,12.1946756702833,1.96882900777517,53.3356159600686,2.5,2.5,TRUE,TRUE,1,SSP3_7_0,passive_AM,experiment1
18,0.678,0.232934724458561,1.96,0.196946385566932,12.853055416755,2.11775384337261,53.3356159600686,2.5,2.5,TRUE,TRUE,1,SSP3_7_0,passive_AM,experiment1
19,0.676,0.234895205518882,1.96,0.196946385566932,13.4819223801411,2.25719679211481,53.3356159600686,2.5,2.5,TRUE,TRUE,1,SSP3_7_0,passive_AM,experiment1
20,0.679,0.231505830369236,1.96,0.196946385566932,14.1087302534128,2.39557667034467,53.3356159600686,2.5,2.5,TRUE,TRUE,1,SSP3_7_0,passive_AM,experiment1
21,0.697,0.230701608844048,1.96,0.196946385566932,14.7384694515938,2.52300192523929,53.3356159600686,2.5,2.5,TRUE,TRUE,1,SSP3_7_0,passive_AM,experiment1
22,0.694,0.235625108847066,1.96,0.196946385566932,15.386107913631,2.64643399405593,53.3356159600686,2.5,2.5,TRUE,TRUE,1,SSP3_7_0,passive_AM,experiment1
23,0.687,0.235125154723688,1.96,0.196946385566932,16.0306882048967,2.78810067440714,53.3356159600686,2.5,2.5,TRUE,TRUE,1,SSP3_7_0,passive_AM,experiment1
24,0.687,0.239382623437961,1.96,0.196946385566932,16.6682201204355,2.92644798155337,53.3356159600686,2.5,2.5,TRUE,TRUE,1,SSP3_7_0,passive_AM,experiment1
25,0.676,0.234464789198159,1.96,0.196946385566932,17.3056882827829,3.07429864402331,53.3356159600686,2.5,2.5,TRUE,TRUE,1,SSP3_7_0,passive_AM,experiment1
26,0.717,0.23785871368686,1.96,0.196946385566932,17.9321201653393,3.21732509392329,53.3356159600686,2.5,2.5,TRUE,TRUE,1,SSP3_7_0,passive_AM,experiment1
27,0.73,0.231158697509619,2.02,0.317184584439504,18.5993829378509,3.37413254878453,53.3356159600686,2.5,2.5,TRUE,TRUE,1,SSP3_7_0,passive_AM,experiment1
28,0.715,0.23756976646744,2.42,0.571724310195646,19.2705681981135,3.52464635196095,53.3356159600686,2.5,2.5,TRUE,TRUE,1,SSP3_7_0,passive_AM,experiment1
29,0.701,0.231593077477185,2.57,0.573047849994953,19.8668960565957,3.68021297538719,53.3356159600686,2.5,2.5,TRUE,TRUE,1,SSP3_7_0,passive_AM,experiment1
30,0.708,0.223236071086963,2.72,0.533333333333333,20.4267699842353,3.829996639892,53.3356159600686,2.5,2.5,TRUE,TRUE,1,SSP3_7_0,passive_AM,experiment1
31,0.713,0.221863093648386,2.75,0.519809599951771,20.9711343571201,3.96007184953801,53.3356159600686,2.5,2.5,TRUE,TRUE,1,SSP3_7_0,passive_AM,experiment1
32,0.719,0.241499942489066,2.81,0.486068540704525,21.5159427458903,4.08351403318814,53.3356159600686,2.5,2.5,TRUE,TRUE,1,SSP3_7_0,passive_AM,experiment1
33,0.704,0.239915810149302,2.8,0.492365963917331,22.0577062389565,4.20546904628083,53.3356159600686,2.5,2.5,TRUE,TRUE,1,SSP3_7_0,passive_AM,experiment1
34,0.705,0.235004835540192,2.81,0.486068540704525,22.585960034467,4.3231877647059,53.3356159600686,2.5,2.5,TRUE,TRUE,1,SSP3_7_0,passive_AM,experiment1
35,0.694,0.233904063904651,2.81,0.486068540704525,23.1136627017959,4.44542516839145,53.3356159600686,2.5,2.5,TRUE,TRUE,1,SSP3_7_0,passive_AM,experiment1
36,0.706,0.240714424876106,2.8,0.512470743190538,23.63035103348,4.56668248788457,53.3356159600686,2.5,2.5,TRUE,TRUE,1,SSP3_7_0,passive_AM,experiment1
37,0.723,0.235211059315336,2.8,0.512470743190538,24.1594427749918,4.6882069400426,53.3356159600686,2.5,2.5,TRUE,TRUE,1,SSP3_7_0,passive_AM,experiment1
38,0.724,0.23360157741269,2.8,0.512470743190538,24.7054188204174,4.81152686379077,53.3356159600686,2.5,2.5,TRUE,TRUE,1,SSP3_7_0,passive_AM,experiment1
39,0.69,0.224058073280166,2.8,0.512470743190538,25.2523364752601,4.94248619299611,53.3356159600686,2.5,2.5,TRUE,TRUE,1,SSP3_7_0,passive_AM,experiment1
40,0.688,0.234963998961715,2.81,0.486068540704525,25.7653317867078,5.07236137784298,53.3356159600686,2.5,2.5,TRUE,TRUE,1,SSP3_7_0,passive_AM,experiment1
41,0.686,0.233558333076546,2.81,0.486068540704525,26.275785779149,5.20078144378543,53.3356159600686,2.5,2.5,TRUE,TRUE,1,SSP3_7_0,passive_AM,experiment1
42,0.676,0.233168773140137,2.82,0.479477830456206,26.7841969098122,5.32327126487285,53.3356159600686,2.5,2.5,TRUE,TRUE,1,SSP3_7_0,passive_AM,experiment1
43,0.67,0.24597774392219,2.81,0.506423386569624,27.2811054004793,5.44421073094273,53.3356159600686,2.5,2.5,TRUE,TRUE,1,SSP3_7_0,passive_AM,experiment1
44,0.671,0.238808067136127,2.81,0.506423386569624,27.7724878007001,5.56633977757176,53.3356159600686,2.5,2.5,TRUE,TRUE,1,SSP3_7_0,passive_AM,experiment1
45,0.681,0.231243891538214,2.8,0.53181602347831,28.2648166721276,5.69976078096341,53.3356159600686,2.5,2.5,TRUE,TRUE,1,SSP3_7_0,passive_AM,experiment1
46,0.708,0.256896787827251,2.81,0.506423386569624,28.7675491644692,5.81800852457259,53.3356159600686,2.5,2.5,TRUE,TRUE,1,SSP3_7_0,passive_AM,experiment1
47,0.684,0.241091792737232,2.81,0.506423386569624,29.2966097574347,5.94033996797485,53.3356159600686,2.5,2.5,TRUE,TRUE,1,SSP3_7_0,passive_AM,experiment1
48,0.689,0.246139896166486,2.81,0.506423386569624,29.8017299852896,6.06747594915483,53.3356159600686,2.5,2.5,TRUE,TRUE,1,SSP3_7_0,passive_AM,experiment1
49,0.722,0.250486395525654,2.81,0.506423386569624,30.3117757574354,6.19138732862981,53.3356159600686,2.5,2.5,TRUE,TRUE,1,SSP3_7_0,passive_AM,experiment1
50,0.724,0.237461320614282,2.81,0.506423386569624,30.8546092124766,6.32258721511612,53.3356159600686,2.5,2.5,TRUE,TRUE,1,SSP3_7_0,passive_AM,experiment1
51,0.705,0.240947204913349,2.81,0.506423386569624,31.3993784086332,6.43671724045011,53.3356159600686,2.5,2.5,TRUE,TRUE,1,SSP3_7_0,passive_AM,experiment1
52,0.696,0.242845089251847,2.81,0.506423386569624,31.9251897860154,6.54558739053562,53.3356159600686,2.5,2.5,TRUE,TRUE,1,SSP3_7_0,passive_AM,experiment1
53,0.72,0.236557806803318,2.81,0.506423386569624,32.4419952631185,6.65471569789051,53.3356159600686,2.5,2.5,TRUE,TRUE,1,SSP3_7_0,passive_AM,experiment1
54,0.715,0.24797156891446,2.81,0.506423386569624,32.9826221898324,6.77605704375664,53.3356159600686,2.5,2.5,TRUE,TRUE,1,SSP3_7_0,passive_AM,experiment1
55,0.701,0.249239246548777,2.81,0.506423386569624,33.5182219824274,6.88773045737968,53.3356159600686,2.5,2.5,TRUE,TRUE,1,SSP3_7_0,passive_AM,experiment1
56,0.694,0.25058315823678,2.81,0.506423386569624,34.0398450075101,6.99133099264591,53.3356159600686,2.5,2.5,TRUE,TRUE,1,SSP3_7_0,passive_AM,experiment1
57,0.695,0.248378580380675,2.8,0.512470743190538,34.5544549626839,7.1069531627981,53.3356159600686,2.5,2.5,TRUE,TRUE,1,SSP3_7_0,passive_AM,experiment1
58,0.706,0.247745389014161,2.81,0.506423386569624,35.0714992466893,7.22095412761001,53.3356159600686,2.5,2.5,TRUE,TRUE,1,SSP3_7_0,passive_AM,experiment1
59,0.697,0.243897229557571,2.81,0.506423386569624,35.5979368830085,7.33707499265656,53.3356159600686,2.5,2.5,TRUE,TRUE,1,SSP3_7_0,passive_AM,experiment1
60,0.705,0.239686242720551,2.79,0.518252697615612,36.1153748218662,7.45743383470555,53.3356159600686,2.5,2.5,TRUE,TRUE,1,SSP3_7_0,passive_AM,experiment1
61,0.715,0.246336798269804,2.71,0.555868598672293,36.6436952112541,7.57288849762607,53.3356159600686,2.5,2.5,TRUE,TRUE,1,SSP3_7_0,passive_AM,experiment1
62,0.704,0.239915810149302,2.63,0.580055727033745,37.1938289704125,7.70761937370583,53.3356159600686,2.5,2.5,TRUE,TRUE,1,SSP3_7_0,passive_AM,experiment1
63,0.714,0.24864074931962,2.48,0.594248528085104,37.7449015350672,7.83896041563466,53.3356159600686,2.5,2.5,TRUE,TRUE,1,SSP3_7_0,passive_AM,experiment1
64,0.687,0.231662851505538,2.41,0.587667878442863,38.3282148759018,7.96731146810916,53.3356159600686,2.5,2.5,TRUE,TRUE,1,SSP3_7_0,passive_AM,experiment1
65,0.666,0.246273232509148,2.38,0.599326221011495,38.8950751534487,8.08807200520653,53.3356159600686,2.5,2.5,TRUE,TRUE,1,SSP3_7_0,passive_AM,experiment1
66,0.645,0.23671787751531,2.39,0.601261300530104,39.4444921317311,8.20343413284957,53.3356159600686,2.5,2.5,TRUE,TRUE,1,SSP3_7_0,passive_AM,experiment1
67,0.647,0.232880512996114,2.42,0.622474696252585,39.9715021867186,8.32750316248801,53.3356159600686,2.5,2.5,TRUE,TRUE,1,SSP3_7_0,passive_AM,experiment1
68,0.635,0.230228257399153,2.59,0.604611904907235,40.494982913483,8.44768910538007,53.3356159600686,2.5,2.5,TRUE,TRUE,1,SSP3_7_0,passive_AM,experiment1
69,0.643,0.246697377285605,2.52,0.611010092660779,40.982158662531,8.56067929700682,53.3356159600686,2.5,2.5,TRUE,TRUE,1,SSP3_7_0,passive_AM,experiment1
70,0.64,0.243708718337977,2.54,0.610017386736814,41.4876584770464,8.68157053777566,53.3356159600686,2.5,2.5,TRUE,TRUE,1,SSP3_7_0,passive_AM,experiment1
71,0.643,0.24546595558964,2.66,0.589812502307969,41.9871495970082,8.79870357418994,53.3356159600686,2.5,2.5,TRUE,TRUE,1,SSP3_7_0,passive_AM,experiment1
72,0.668,0.239477545814832,2.63,0.597215762238964,42.4716968959639,8.91420043587841,53.3356159600686,2.5,2.5,TRUE,TRUE,1,SSP3_7_0,passive_AM,experiment1
73,0.685,0.240107299246639,2.62,0.599326221011495,42.9854840924534,9.03161941214663,53.3356159600686,2.5,2.5,TRUE,TRUE,1,SSP3_7_0,passive_AM,experiment1
74,0.671,0.234540169073638,2.65,0.592461054424762,43.5175853452546,9.14314926571221,53.3356159600686,2.5,2.5,TRUE,TRUE,1,SSP3_7_0,passive_AM,experiment1
75,0.657,0.239635666221146,2.7,0.594588390010563,44.0312697894426,9.24784451386948,53.3356159600686,2.5,2.5,TRUE,TRUE,1,SSP3_7_0,passive_AM,experiment1
76,0.674,0.250905431096131,2.6,0.619546918189723,44.5225709923278,9.34081449205612,53.3356159600686,2.5,2.5,TRUE,TRUE,1,SSP3_7_0,passive_AM,experiment1
77,0.653,0.243482727074917,2.67,0.603943271133535,45.0455807748473,9.43984651598223,53.3356159600686,2.5,2.5,TRUE,TRUE,1,SSP3_7_0,passive_AM,experiment1
78,0.619,0.238130343732294,2.7,0.611340636419152,45.5372798869984,9.54514951703509,53.3356159600686,2.5,2.5,TRUE,TRUE,1,SSP3_7_0,passive_AM,experiment1
79,0.634,0.249937365891311,2.6,0.635641726163728,45.9897367460527,9.64709442759796,53.3356159600686,2.5,2.5,TRUE,TRUE,1,SSP3_7_0,passive_AM,experiment1
80,0.647,0.276505977431873,2.12,0.537107855541928,46.4719122813532,9.73993929019972,53.3356159600686,2.5,2.5,TRUE,TRUE,1,SSP3_7_0,passive_AM,experiment1
81,0.59,0.261503037045152,1.75,0.435194139889245,47.037370246612,9.86019323865549,53.3356159600686,2.5,2.5,TRUE,TRUE,1,SSP3_7_0,passive_AM,experiment1
82,0.546,0.244709681628718,1,0,47.5854128505645,9.98245285511243,53.3356159600686,2.5,2.5,TRUE,TRUE,1,SSP3_7_0,passive_AM,experiment1
83,0.457,0.22304368372246,1,0,48.1269537349661,10.1117183089386,53.3356159600686,2.5,2.5,TRUE,TRUE,1,SSP3_7_0,passive_AM,experiment1
0,1,0,2,0,0,0,27.6992601942393,2.5,1,TRUE,TRUE,1,SSP5_8_5,passive_AM,experiment1
1,0.867,0.14146063449282,1.99,0.1,0.95,0,27.6992601942393,2.5,1,TRUE,TRUE,1,SSP5_8_5,passive_AM,experiment1
2,0.795,0.184978841268864,1.97,0.171446607997765,1.76741825,0.138407086726981,27.6992601942393,2.5,1,TRUE,TRUE,1,SSP5_8_5,passive_AM,experiment1
3,0.772,0.202050098797903,1.97,0.171446607997765,2.513768957465,0.271789425995212,27.6992601942393,2.5,1,TRUE,TRUE,1,SSP5_8_5,passive_AM,experiment1
4,0.738,0.226425897080451,1.97,0.171446607997765,3.23705192916928,0.422045956991406,27.6992601942393,2.5,1,TRUE,TRUE,1,SSP5_8_5,passive_AM,experiment1
5,0.7,0.231377080834195,1.96,0.196946385566932,3.92627617053652,0.594779935643549,27.6992601942393,2.5,1,TRUE,TRUE,1,SSP5_8_5,passive_AM,experiment1
6,0.699,0.232897862037019,1.96,0.196946385566932,4.57795023573,0.761195143727907,27.6992601942393,2.5,1,TRUE,TRUE,1,SSP5_8_5,passive_AM,experiment1
7,0.696,0.228707391019772,1.96,0.196946385566932,5.22855973336698,0.939783519702819,27.6992601942393,2.5,1,TRUE,TRUE,1,SSP5_8_5,passive_AM,experiment1
8,0.688,0.253173793464035,1.95,0.21904291355759,5.8761062694243,1.10580834168638,27.6992601942393,2.5,1,TRUE,TRUE,1,SSP5_8_5,passive_AM,experiment1
9,0.685,0.244277950645811,1.95,0.21904291355759,6.51609404872844,1.27642249430201,27.6992601942393,2.5,1,TRUE,TRUE,1,SSP5_8_5,passive_AM,experiment1
10,0.703,0.242234963986989,1.95,0.21904291355759,7.1530205281749,1.452924625205,27.6992601942393,2.5,1,TRUE,TRUE,1,SSP5_8_5,passive_AM,experiment1
11,0.712,0.234963998961715,1.95,0.21904291355759,7.80786532307125,1.63047260225771,27.6992601942393,2.5,1,TRUE,TRUE,1,SSP5_8_5,passive_AM,experiment1
12,0.694,0.237758896635421,1.95,0.21904291355759,8.47163473843663,1.79890461985817,27.6992601942393,2.5,1,TRUE,TRUE,1,SSP5_8_5,passive_AM,experiment1
13,0.692,0.235565084617626,1.95,0.21904291355759,9.11735936498443,1.95437664463078,27.6992601942393,2.5,1,TRUE,TRUE,1,SSP5_8_5,passive_AM,experiment1
14,0.674,0.231211128319088,1.95,0.21904291355759,9.76102201751015,2.10766146023036,27.6992601942393,2.5,1,TRUE,TRUE,1,SSP5_8_5,passive_AM,experiment1
15,0.679,0.232376827370953,1.95,0.21904291355759,10.3866454873972,2.26120120523374,27.6992601942393,2.5,1,TRUE,TRUE,1,SSP5_8_5,passive_AM,experiment1
16,0.67,0.241836408517925,1.95,0.21904291355759,11.0171989001849,2.418854438306,27.6992601942393,2.5,1,TRUE,TRUE,1,SSP5_8_5,passive_AM,experiment1
17,0.685,0.235004835540192,1.95,0.21904291355759,11.6387036468364,2.56947041964181,27.6992601942393,2.5,1,TRUE,TRUE,1,SSP5_8_5,passive_AM,experiment1
18,0.671,0.244244868022965,1.95,0.21904291355759,12.2751207634031,2.7239614086336,27.6992601942393,2.5,1,TRUE,TRUE,1,SSP5_8_5,passive_AM,experiment1
19,0.659,0.259406860340892,1.95,0.21904291355759,12.8974994168495,2.87159194980284,27.6992601942393,2.5,1,TRUE,TRUE,1,SSP5_8_5,passive_AM,experiment1
20,0.649,0.263808547046811,1.95,0.21904291355759,13.5078386119222,3.03114322394552,27.6992601942393,2.5,1,TRUE,TRUE,1,SSP5_8_5,passive_AM,experiment1
21,0.62,0.234413086131075,1.95,0.21904291355759,14.1081367540868,3.19146568884382,27.6992601942393,2.5,1,TRUE,TRUE,1,SSP5_8_5,passive_AM,experiment1
22,0.623,0.243233686529285,1.95,0.21904291355759,14.6794357055757,3.34486176121926,27.6992601942393,2.5,1,TRUE,TRUE,1,SSP5_8_5,passive_AM,experiment1
23,0.589,0.233071281418845,2.31,0.563090318750649,15.2536709340948,3.50641227252524,27.6992601942393,2.5,1,TRUE,TRUE,1,SSP5_8_5,passive_AM,experiment1
24,0.591,0.243748089865606,2.73,0.565953205047052,15.7400509166069,3.64889166810606,27.6992601942393,2.5,1,TRUE,TRUE,1,SSP5_8_5,passive_AM,experiment1
25,0.632,0.259323128256014,2.84,0.506921785850339,16.1645308901262,3.76593162253691,27.6992601942393,2.5,1,TRUE,TRUE,1,SSP5_8_5,passive_AM,experiment1
26,0.644,0.266029541915399,2.85,0.5,16.6134072390917,3.88457911012478,27.6992601942393,2.5,1,TRUE,TRUE,1,SSP5_8_5,passive_AM,experiment1
27,0.652,0.265710406649834,2.86,0.492776098069177,17.0727114345201,4.01076774753692,27.6992601942393,2.5,1,TRUE,TRUE,1,SSP5_8_5,passive_AM,experiment1
28,0.634,0.26023299583491,2.85,0.5,17.538452172325,4.12489737007802,27.6992601942393,2.5,1,TRUE,TRUE,1,SSP5_8_5,passive_AM,experiment1
29,0.655,0.259126348807806,2.86,0.492776098069177,17.98769247374,4.2409592390542,27.6992601942393,2.5,1,TRUE,TRUE,1,SSP5_8_5,passive_AM,experiment1
30,0.662,0.275160192093862,2.84,0.526471003163248,18.4563313802238,4.37187340147344,27.6992601942393,2.5,1,TRUE,TRUE,1,SSP5_8_5,passive_AM,experiment1
31,0.649,0.273951628849866,2.84,0.526471003163248,18.9338964619303,4.51287792834063,27.6992601942393,2.5,1,TRUE,TRUE,1,SSP5_8_5,passive_AM,experiment1
32,0.631,0.280582006953872,2.82,0.557411042864304,19.3984540267371,4.65191062957878,27.6992601942393,2.5,1,TRUE,TRUE,1,SSP5_8_5,passive_AM,experiment1
33,0.641,0.278195847008774,2.82,0.557411042864304,19.8470162565068,4.79593875004536,27.6992601942393,2.5,1,TRUE,TRUE,1,SSP5_8_5,passive_AM,experiment1
34,0.648,0.290760062837753,2.84,0.545319848688582,20.3055006827989,4.94375776856091,27.6992601942393,2.5,1,TRUE,TRUE,1,SSP5_8_5,passive_AM,experiment1
35,0.65,0.280511797767703,2.84,0.545319848688582,20.7679256830645,5.0965130191858,27.6992601942393,2.5,1,TRUE,TRUE,1,SSP5_8_5,passive_AM,experiment1
36,0.645,0.275378527364305,2.84,0.545319848688582,21.2322974527169,5.2421144588475,27.6992601942393,2.5,1,TRUE,TRUE,1,SSP5_8_5,passive_AM,experiment1
37,0.644,0.281166401717107,2.82,0.575246982529323,21.6916407537281,5.38307074056549,27.6992601942393,2.5,1,TRUE,TRUE,1,SSP5_8_5,passive_AM,experiment1
38,0.627,0.272235415058587,2.82,0.575246982529323,22.1519344270614,5.52073740733713,27.6992601942393,2.5,1,TRUE,TRUE,1,SSP5_8_5,passive_AM,experiment1
39,0.646,0.288296984922062,2.82,0.575246982529323,22.5952465516607,5.66451318678882,27.6992601942393,2.5,1,TRUE,TRUE,1,SSP5_8_5,passive_AM,experiment1
40,0.617,0.27305048188305,2.82,0.575246982529323,23.057440385664,5.80636795493231,27.6992601942393,2.5,1,TRUE,TRUE,1,SSP5_8_5,passive_AM,experiment1
41,0.566,0.280050500496398,2.8,0.603022689155527,23.4907037743702,5.94271153233868,27.6992601942393,2.5,1,TRUE,TRUE,1,SSP5_8_5,passive_AM,experiment1
42,0.541,0.274172768652737,2.8,0.603022689155527,23.8751243354593,6.07833225088274,27.6992601942393,2.5,1,TRUE,TRUE,1,SSP5_8_5,passive_AM,experiment1
43,0.537,0.271789802917065,2.79,0.607944043145387,24.2346112395291,6.19925440526454,27.6992601942393,2.5,1,TRUE,TRUE,1,SSP5_8_5,passive_AM,experiment1
44,0.52,0.275607684870353,2.73,0.649086382011771,24.5915729223642,6.31938734700832,27.6992601942393,2.5,1,TRUE,TRUE,1,SSP5_8_5,passive_AM,experiment1
45,0.46,0.279248631115352,2.67,0.725509225553774,24.9395384240102,6.43958936825817,27.6992601942393,2.5,1,TRUE,TRUE,1,SSP5_8_5,passive_AM,experiment1
46,0.436,0.295597323698605,2.58,0.806288416201678,25.2327160853856,6.54579044076561,27.6992601942393,2.5,1,TRUE,TRUE,1,SSP5_8_5,passive_AM,experiment1
47,0.383,0.281430329394382,2.5,0.870388279778489,25.510435568805,6.64221380105167,27.6992601942393,2.5,1,TRUE,TRUE,1,SSP5_8_5,passive_AM,experiment1
48,0.344,0.295186980633214,2.34,0.945163125250522,25.742342983761,6.72294108375085,27.6992601942393,2.5,1,TRUE,TRUE,1,SSP5_8_5,passive_AM,experiment1
49,0.28,0.268553927770964,2.26,0.970473174187819,25.9513373489329,6.79184541968295,27.6992601942393,2.5,1,TRUE,TRUE,1,SSP5_8_5,passive_AM,experiment1
50,0.247,0.265320465654177,2.12,0.997775303139718,26.1045845571389,6.84586383220204,27.6992601942393,2.5,1,TRUE,TRUE,1,SSP5_8_5,passive_AM,experiment1
51,0.207,0.24215155117689,1.99,0.999949493674051,26.238911208246,6.9059196611138,27.6992601942393,2.5,1,TRUE,TRUE,1,SSP5_8_5,passive_AM,experiment1
52,0.15,0.201759933354149,1.78,0.980414260000395,26.3468592393642,6.95021524722872,27.6992601942393,2.5,1,TRUE,TRUE,1,SSP5_8_5,passive_AM,experiment1
53,0.107,0.180490353417482,1.42,0.818720361480665,26.418485792495,6.97443631268019,27.6992601942393,2.5,1,TRUE,TRUE,1,SSP5_8_5,passive_AM,experiment1
54,0.059,0.150484067413978,1.26,0.675995337979262,26.4831421866742,7.00031238422441,27.6992601942393,2.5,1,TRUE,TRUE,1,SSP5_8_5,passive_AM,experiment1
55,0.029,0.111278157258414,1.1,0.438085827115181,26.5159644580867,7.00513612440744,27.6992601942393,2.5,1,TRUE,TRUE,1,SSP5_8_5,passive_AM,experiment1
56,0.02,0.0898933149950989,1.1,0.438085827115181,26.5348602397389,7.01213696675834,27.6992601942393,2.5,1,TRUE,TRUE,1,SSP5_8_5,passive_AM,experiment1
57,0.011,0.0665073854788498,1.04,0.281410588272579,26.544804393462,7.01398471368192,27.6992601942393,2.5,1,TRUE,TRUE,1,SSP5_8_5,passive_AM,experiment1
58,0.008,0.0580490910324784,1.02,0.2,26.5517646049775,7.01739994534806,27.6992601942393,2.5,1,TRUE,TRUE,1,SSP5_8_5,passive_AM,experiment1
59,0.003,0.03,1.02,0.2,26.5577299039726,7.02143045757076,27.6992601942393,2.5,1,TRUE,TRUE,1,SSP5_8_5,passive_AM,experiment1
60,0.004,0.04,1.02,0.2,26.5587240210501,7.02191923637272,27.6992601942393,2.5,1,TRUE,TRUE,1,SSP5_8_5,passive_AM,experiment1
61,0.004,0.04,1.02,0.2,26.5607120563818,7.02293880330992,27.6992601942393,2.5,1,TRUE,TRUE,1,SSP5_8_5,passive_AM,experiment1
62,0,0,1,0,26.5626998929099,7.02401438027395,27.6992601942393,2.5,1,TRUE,TRUE,1,SSP5_8_5,passive_AM,experiment1
63,0,0,1,0,26.5626998929099,7.02401438027395,27.6992601942393,2.5,1,TRUE,TRUE,1,SSP5_8_5,passive_AM,experiment1
64,0,0,1,0,26.5626998929099,7.02401438027395,27.6992601942393,2.5,1,TRUE,TRUE,1,SSP5_8_5,passive_AM,experiment1
65,0,0,1,0,26.5626998929099,7.02401438027395,27.6992601942393,2.5,1,TRUE,TRUE,1,SSP5_8_5,passive_AM,experiment1
66,0,0,1,0,26.5626998929099,7.02401438027395,27.6992601942393,2.5,1,TRUE,TRUE,1,SSP5_8_5,passive_AM,experiment1
67,0,0,1,0,26.5626998929099,7.02401438027395,27.6992601942393,2.5,1,TRUE,TRUE,1,SSP5_8_5,passive_AM,experiment1
68,0,0,1,0,26.5626998929099,7.02401438027395,27.6992601942393,2.5,1,TRUE,TRUE,1,SSP5_8_5,passive_AM,experiment1
69,0,0,1,0,26.5626998929099,7.02401438027395,27.6992601942393,2.5,1,TRUE,TRUE,1,SSP5_8_5,passive_AM,experiment1
70,0,0,1,0,26.5626998929099,7.02401438027395,27.6992601942393,2.5,1,TRUE,TRUE,1,SSP5_8_5,passive_AM,experiment1
71,0,0,1,0,26.5626998929099,7.02401438027395,27.6992601942393,2.5,1,TRUE,TRUE,1,SSP5_8_5,passive_AM,experiment1
72,0,0,1,0,26.5626998929099,7.02401438027395,27.6992601942393,2.5,1,TRUE,TRUE,1,SSP5_8_5,passive_AM,experiment1
73,0,0,1,0,26.5626998929099,7.02401438027395,27.6992601942393,2.5,1,TRUE,TRUE,1,SSP5_8_5,passive_AM,experiment1
74,0,0,1,0,26.5626998929099,7.02401438027395,27.6992601942393,2.5,1,TRUE,TRUE,1,SSP5_8_5,passive_AM,experiment1
75,0,0,1,0,26.5626998929099,7.02401438027395,27.6992601942393,2.5,1,TRUE,TRUE,1,SSP5_8_5,passive_AM,experiment1
76,0,0,1,0,26.5626998929099,7.02401438027395,27.6992601942393,2.5,1,TRUE,TRUE,1,SSP5_8_5,passive_AM,experiment1
77,0,0,1,0,26.5626998929099,7.02401438027395,27.6992601942393,2.5,1,TRUE,TRUE,1,SSP5_8_5,passive_AM,experiment1
78,0,0,1,0,26.5626998929099,7.02401438027395,27.6992601942393,2.5,1,TRUE,TRUE,1,SSP5_8_5,passive_AM,experiment1
79,0,0,1,0,26.5626998929099,7.02401438027395,27.6992601942393,2.5,1,TRUE,TRUE,1,SSP5_8_5,passive_AM,experiment1
80,0,0,1,0,26.5626998929099,7.02401438027395,27.6992601942393,2.5,1,TRUE,TRUE,1,SSP5_8_5,passive_AM,experiment1
81,0,0,1,0,26.5626998929099,7.02401438027395,27.6992601942393,2.5,1,TRUE,TRUE,1,SSP5_8_5,passive_AM,experiment1
82,0,0,1,0,26.5626998929099,7.02401438027395,27.6992601942393,2.5,1,TRUE,TRUE,1,SSP5_8_5,passive_AM,experiment1
83,0,0,1,0,26.5626998929099,7.02401438027395,27.6992601942393,2.5,1,TRUE,TRUE,1,SSP5_8_5,passive_AM,experiment1
0,1,0,2,0,0,0,49.970207781153,2.5,2.5,TRUE,TRUE,1,SSP5_8_5,passive_AM,experiment1
1,0.875,0.151340808786131,1.99,0.1,0.95,0,49.970207781153,2.5,2.5,TRUE,TRUE,1,SSP5_8_5,passive_AM,experiment1
2,0.809,0.156408555915705,1.99,0.1,1.77541745,0.148461419905139,49.970207781153,2.5,2.5,TRUE,TRUE,1,SSP5_8_5,passive_AM,experiment1
3,0.784,0.190544143722841,1.99,0.1,2.534765557595,0.272016151786996,49.970207781153,2.5,2.5,TRUE,TRUE,1,SSP5_8_5,passive_AM,experiment1
4,0.748,0.195132692485825,1.99,0.1,3.26904522962927,0.423930217155155,49.970207781153,2.5,2.5,TRUE,TRUE,1,SSP5_8_5,passive_AM,experiment1
5,0.736,0.198234632940285,1.99,0.1,3.96726587153647,0.564173116209475,49.970207781153,2.5,2.5,TRUE,TRUE,1,SSP5_8_5,passive_AM,experiment1
6,0.735,0.187689298382387,1.99,0.1,4.65342269017961,0.711259859302448,49.970207781153,2.5,2.5,TRUE,TRUE,1,SSP5_8_5,passive_AM,experiment1
7,0.73,0.193061459832685,1.99,0.1,5.3385114929909,0.829503775541707,49.970207781153,2.5,2.5,TRUE,TRUE,1,SSP5_8_5,passive_AM,experiment1
8,0.734,0.183798308430241,1.99,0.1,6.01853528587208,0.960813244285062,49.970207781153,2.5,2.5,TRUE,TRUE,1,SSP5_8_5,passive_AM,experiment1
9,0.751,0.186132894850573,1.99,0.1,6.70248787749376,1.08978594015841,49.970207781153,2.5,2.5,TRUE,TRUE,1,SSP5_8_5,passive_AM,experiment1
10,0.751,0.185589424115261,1.99,0.1,7.40335677997484,1.2116274218739,49.970207781153,2.5,2.5,TRUE,TRUE,1,SSP5_8_5,passive_AM,experiment1
11,0.747,0.204225563551875,1.98,0.14070529413629,8.10415559556567,1.3173598022539,49.970207781153,2.5,2.5,TRUE,TRUE,1,SSP5_8_5,passive_AM,experiment1
12,0.731,0.201857535520636,1.98,0.14070529413629,8.80138817935053,1.4103548971818,49.970207781153,2.5,2.5,TRUE,TRUE,1,SSP5_8_5,passive_AM,experiment1
13,0.739,0.213150963716642,1.98,0.14070529413629,9.48257022932052,1.50340385903883,49.970207781153,2.5,2.5,TRUE,TRUE,1,SSP5_8_5,passive_AM,experiment1
14,0.743,0.219390800245414,1.97,0.171446607997765,10.1716737673232,1.60577851884438,49.970207781153,2.5,2.5,TRUE,TRUE,1,SSP5_8_5,passive_AM,experiment1
15,0.726,0.228132515096916,1.97,0.171446607997765,10.8652020990655,1.71047656508307,49.970207781153,2.5,2.5,TRUE,TRUE,1,SSP5_8_5,passive_AM,experiment1
16,0.728,0.23315144425801,1.96,0.196946385566932,11.5416865601323,1.80460493168635,49.970207781153,2.5,2.5,TRUE,TRUE,1,SSP5_8_5,passive_AM,experiment1
17,0.723,0.238621885082664,1.96,0.196946385566932,12.2205993757517,1.89616190843897,49.970207781153,2.5,2.5,TRUE,TRUE,1,SSP5_8_5,passive_AM,experiment1
18,0.737,0.244393704559432,1.96,0.196946385566932,12.8944527932928,2.00523662751206,49.970207781153,2.5,2.5,TRUE,TRUE,1,SSP5_8_5,passive_AM,experiment1
19,0.723,0.238198202844572,1.96,0.196946385566932,13.5822136469008,2.13276071839498,49.970207781153,2.5,2.5,TRUE,TRUE,1,SSP5_8_5,passive_AM,experiment1
20,0.72,0.241627478536358,1.96,0.196946385566932,14.255932300497,2.26177399405666,49.970207781153,2.5,2.5,TRUE,TRUE,1,SSP5_8_5,passive_AM,experiment1
21,0.725,0.240107299246639,1.96,0.196946385566932,14.9265895765312,2.40038237806411,49.970207781153,2.5,2.5,TRUE,TRUE,1,SSP5_8_5,passive_AM,experiment1
22,0.724,0.234033581290628,1.96,0.196946385566932,15.6021692973312,2.53066627731939,49.970207781153,2.5,2.5,TRUE,TRUE,1,SSP5_8_5,passive_AM,experiment1
23,0.721,0.238808067136127,2.25,0.519809599951771,16.2766836578507,2.65869680351224,49.970207781153,2.5,2.5,TRUE,TRUE,1,SSP5_8_5,passive_AM,experiment1
24,0.715,0.230666579085638,2.61,0.566666666666667,16.9047373993714,2.7991467754925,49.970207781153,2.5,2.5,TRUE,TRUE,1,SSP5_8_5,passive_AM,experiment1
25,0.702,0.246584752983716,2.72,0.55194788218315,17.4728721700393,2.92496155104073,49.970207781153,2.5,2.5,TRUE,TRUE,1,SSP5_8_5,passive_AM,experiment1
26,0.682,0.264529313263687,2.73,0.583528106011228,18.0105262858003,3.04251045568675,49.970207781153,2.5,2.5,TRUE,TRUE,1,SSP5_8_5,passive_AM,experiment1
27,0.66,0.284977404739606,2.71,0.607944043145387,18.5246876598358,3.17473878008874,49.970207781153,2.5,2.5,TRUE,TRUE,1,SSP5_8_5,passive_AM,experiment1
28,0.662,0.288072661989746,2.7,0.611340636419152,19.0188515475923,3.30597815477182,49.970207781153,2.5,2.5,TRUE,TRUE,1,SSP5_8_5,passive_AM,experiment1
29,0.666,0.289276352439684,2.72,0.604361253930565,19.5164562321786,3.44654572594307,49.970207781153,2.5,2.5,TRUE,TRUE,1,SSP5_8_5,passive_AM,experiment1
30,0.649,0.270612847313857,2.73,0.617178329908861,20.0150082603528,3.59276819918717,49.970207781153,2.5,2.5,TRUE,TRUE,1,SSP5_8_5,passive_AM,experiment1
31,0.661,0.273730310393794,2.73,0.633333333333333,20.4940688485783,3.7172421063592,49.970207781153,2.5,2.5,TRUE,TRUE,1,SSP5_8_5,passive_AM,experiment1
32,0.675,0.269070603929508,2.73,0.633333333333333,20.9840474818455,3.85874485772451,49.970207781153,2.5,2.5,TRUE,TRUE,1,SSP5_8_5,passive_AM,experiment1
33,0.68,0.261696099483444,2.75,0.592461054424762,21.4879323866201,4.00254530571815,49.970207781153,2.5,2.5,TRUE,TRUE,1,SSP5_8_5,passive_AM,experiment1
34,0.672,0.257446669970283,2.73,0.633333333333333,21.9957537240023,4.14511064931476,49.970207781153,2.5,2.5,TRUE,TRUE,1,SSP5_8_5,passive_AM,experiment1
35,0.664,0.258402239099659,2.74,0.613320157961253,22.4965480400227,4.28747642379193,49.970207781153,2.5,2.5,TRUE,TRUE,1,SSP5_8_5,passive_AM,experiment1
36,0.658,0.243783311632078,2.74,0.613320157961253,22.9888219760921,4.42811952819834,49.970207781153,2.5,2.5,TRUE,TRUE,1,SSP5_8_5,passive_AM,experiment1
37,0.673,0.249789810630757,2.75,0.592461054424762,23.4750682470106,4.56479797238649,49.970207781153,2.5,2.5,TRUE,TRUE,1,SSP5_8_5,passive_AM,experiment1
38,0.67,0.254455250972494,2.75,0.592461054424762,23.9757123397595,4.695967809629,49.970207781153,2.5,2.5,TRUE,TRUE,1,SSP5_8_5,passive_AM,experiment1
39,0.693,0.26827356759604,2.75,0.592461054424762,24.4733177470344,4.82256865199781,49.970207781153,2.5,2.5,TRUE,TRUE,1,SSP5_8_5,passive_AM,experiment1
40,0.659,0.265564008149151,2.73,0.617178329908861,24.9937838639886,4.95115442524907,49.970207781153,2.5,2.5,TRUE,TRUE,1,SSP5_8_5,passive_AM,experiment1
41,0.686,0.278893919227039,2.73,0.617178329908861,25.4823256850469,5.06802147528648,49.970207781153,2.5,2.5,TRUE,TRUE,1,SSP5_8_5,passive_AM,experiment1
42,0.674,0.280555005500011,2.73,0.617178329908861,25.9977081730356,5.19673754779923,49.970207781153,2.5,2.5,TRUE,TRUE,1,SSP5_8_5,passive_AM,experiment1
43,0.667,0.290612380251695,2.72,0.620849857416868,26.5010894195931,5.32574567993843,49.970207781153,2.5,2.5,TRUE,TRUE,1,SSP5_8_5,passive_AM,experiment1
44,0.659,0.298174581089805,2.73,0.617178329908861,26.9989439284288,5.46642489372486,49.970207781153,2.5,2.5,TRUE,TRUE,1,SSP5_8_5,passive_AM,experiment1
45,0.656,0.291745011122987,2.72,0.620849857416868,27.4872903620693,5.6103926746989,49.970207781153,2.5,2.5,TRUE,TRUE,1,SSP5_8_5,passive_AM,experiment1
46,0.659,0.290973635516444,2.71,0.640312423743285,27.9740946962376,5.74916850389551,49.970207781153,2.5,2.5,TRUE,TRUE,1,SSP5_8_5,passive_AM,experiment1
47,0.65,0.282664093756158,2.71,0.640312423743285,28.4643342861445,5.89581297044037,49.970207781153,2.5,2.5,TRUE,TRUE,1,SSP5_8_5,passive_AM,experiment1
48,0.632,0.281008285581861,2.69,0.646591685749831,28.9455670549482,6.0506515494088,49.970207781153,2.5,2.5,TRUE,TRUE,1,SSP5_8_5,passive_AM,experiment1
49,0.638,0.291904232254486,2.68,0.649475312708791,29.4118235315341,6.2080196400152,49.970207781153,2.5,2.5,TRUE,TRUE,1,SSP5_8_5,passive_AM,experiment1
50,0.645,0.283689615565671,2.66,0.65474183361602,29.8854967205344,6.38269595723113,49.970207781153,2.5,2.5,TRUE,TRUE,1,SSP5_8_5,passive_AM,experiment1
51,0.651,0.293531269306365,2.62,0.66332495807108,30.3690726645199,6.54828068763139,49.970207781153,2.5,2.5,TRUE,TRUE,1,SSP5_8_5,passive_AM,experiment1
52,0.661,0.300805316415516,2.53,0.673525325163326,30.8645392036615,6.71709138372244,49.970207781153,2.5,2.5,TRUE,TRUE,1,SSP5_8_5,passive_AM,experiment1
53,0.647,0.285138633657455,2.41,0.697687377532141,31.3833343072405,6.88255697559906,49.970207781153,2.5,2.5,TRUE,TRUE,1,SSP5_8_5,passive_AM,experiment1
54,0.655,0.289679376922385,2.42,0.669388383586695,31.9040669588223,7.05416438870553,49.970207781153,2.5,2.5,TRUE,TRUE,1,SSP5_8_5,passive_AM,experiment1
55,0.632,0.288458109277727,2.47,0.688359196813977,32.4332017585634,7.23847584646404,49.970207781153,2.5,2.5,TRUE,TRUE,1,SSP5_8_5,passive_AM,experiment1
56,0.623,0.275554537306688,2.5,0.689019212175883,32.9309564278748,7.39417832081814,49.970207781153,2.5,2.5,TRUE,TRUE,1,SSP5_8_5,passive_AM,experiment1
57,0.632,0.284580144398478,2.55,0.701729465267237,33.415236714193,7.53903405464794,49.970207781153,2.5,2.5,TRUE,TRUE,1,SSP5_8_5,passive_AM,experiment1
58,0.61,0.276156887045437,2.6,0.681649810860727,33.899965730448,7.69861081283108,49.970207781153,2.5,2.5,TRUE,TRUE,1,SSP5_8_5,passive_AM,experiment1
59,0.606,0.278821473601683,2.6,0.681649810860727,34.3563111035746,7.84629095507446,49.970207781153,2.5,2.5,TRUE,TRUE,1,SSP5_8_5,passive_AM,experiment1
60,0.638,0.289820564480783,2.68,0.664845998724669,34.8086343738536,7.9963869226199,49.970207781153,2.5,2.5,TRUE,TRUE,1,SSP5_8_5,passive_AM,experiment1
61,0.632,0.285289149793502,2.72,0.652578413570803,35.2807927651223,8.14203964840813,49.970207781153,2.5,2.5,TRUE,TRUE,1,SSP5_8_5,passive_AM,experiment1
62,0.629,0.281516456271237,2.69,0.662029325848054,35.7409769213831,8.28392448520907,49.970207781153,2.5,2.5,TRUE,TRUE,1,SSP5_8_5,passive_AM,experiment1
63,0.646,0.291086435842196,2.65,0.672324476737388,36.2026057875365,8.41312194390728,49.970207781153,2.5,2.5,TRUE,TRUE,1,SSP5_8_5,passive_AM,experiment1
64,0.641,0.289581725524205,2.68,0.664845998724669,36.6870440390814,8.55832188160514,49.970207781153,2.5,2.5,TRUE,TRUE,1,SSP5_8_5,passive_AM,experiment1
65,0.628,0.273798569327264,2.71,0.655897873301949,37.1619944556764,8.71307525469849,49.970207781153,2.5,2.5,TRUE,TRUE,1,SSP5_8_5,passive_AM,experiment1
66,0.607,0.287185928582439,2.68,0.664845998724669,37.6195107639929,8.8645604166408,49.970207781153,2.5,2.5,TRUE,TRUE,1,SSP5_8_5,passive_AM,experiment1
67,0.578,0.276551637277395,2.71,0.655897873301949,38.0605898675074,8.99711452747533,49.970207781153,2.5,2.5,TRUE,TRUE,1,SSP5_8_5,passive_AM,experiment1
68,0.563,0.269550692370796,2.78,0.62893207547044,38.4683485740288,9.11779768768848,49.970207781153,2.5,2.5,TRUE,TRUE,1,SSP5_8_5,passive_AM,experiment1
69,0.571,0.283304811398635,2.78,0.62893207547044,38.8507393250655,9.23145317707082,49.970207781153,2.5,2.5,TRUE,TRUE,1,SSP5_8_5,passive_AM,experiment1
70,0.579,0.289651479882254,2.78,0.62893207547044,39.2410368242886,9.35188284817188,49.970207781153,2.5,2.5,TRUE,TRUE,1,SSP5_8_5,passive_AM,experiment1
71,0.568,0.280288451709335,2.78,0.62893207547044,39.6392394865245,9.47832146943379,49.970207781153,2.5,2.5,TRUE,TRUE,1,SSP5_8_5,passive_AM,experiment1
72,0.558,0.283620175658228,2.7,0.717740562565273,40.0264801557719,9.60017411314072,49.970207781153,2.5,2.5,TRUE,TRUE,1,SSP5_8_5,passive_AM,experiment1
73,0.546,0.300309604551467,2.66,0.755050336137274,40.4116964499515,9.71434930314969,49.970207781153,2.5,2.5,TRUE,TRUE,1,SSP5_8_5,passive_AM,experiment1
74,0.558,0.304571233644342,2.5,0.870388279778489,40.7889324127583,9.83931390386569,49.970207781153,2.5,2.5,TRUE,TRUE,1,SSP5_8_5,passive_AM,experiment1
75,0.537,0.28378929443579,2.42,0.912096043144137,41.193924206437,9.96849028896684,49.970207781153,2.5,2.5,TRUE,TRUE,1,SSP5_8_5,passive_AM,experiment1
76,0.523,0.286340547409739,2.4,0.921132372943677,41.5859726410626,10.0979227119051,49.970207781153,2.5,2.5,TRUE,TRUE,1,SSP5_8_5,passive_AM,experiment1
77,0.501,0.302346045638324,1.98,1.00483678759138,41.9660727296867,10.2123434892126,49.970207781153,2.5,2.5,TRUE,TRUE,1,SSP5_8_5,passive_AM,experiment1
78,0.471,0.287902550853373,1,0,42.3659813920417,10.3432449402732,49.970207781153,2.5,2.5,TRUE,TRUE,1,SSP5_8_5,passive_AM,experiment1
79,0.407,0.261794506505319,1,0,42.833321700407,10.5090533776685,49.970207781153,2.5,2.5,TRUE,TRUE,1,SSP5_8_5,passive_AM,experiment1
80,0.384,0.250945686103064,1,0,43.2371189079529,10.6590693445066,49.970207781153,2.5,2.5,TRUE,TRUE,1,SSP5_8_5,passive_AM,experiment1
81,0.348,0.218572041610398,1,0,43.6180590108641,10.8057711327857,49.970207781153,2.5,2.5,TRUE,TRUE,1,SSP5_8_5,passive_AM,experiment1
82,0.323,0.215019378971602,1,0,43.9632514564306,10.9413699056776,49.970207781153,2.5,2.5,TRUE,TRUE,1,SSP5_8_5,passive_AM,experiment1
83,0.301,0.199238449090429,1,0,44.2836135547121,11.0649512955466,49.970207781153,2.5,2.5,TRUE,TRUE,1,SSP5_8_5,passive_AM,experiment1
0,1,0,2,0,0,0,52.3451229336074,1,1,TRUE,TRUE,1,SSP1_1_9,passive_AM,experiment2
1,0.876,0.113813599159043,2,0,0.95,0,52.3451229336074,1,1,TRUE,TRUE,1,SSP1_1_9,passive_AM,experiment2
2,0.84,0.14633571475939,2,0,1.7759174,0.113802217799127,52.3451229336074,1,1,TRUE,TRUE,1,SSP1_1_9,passive_AM,experiment2
3,0.831,0.150215333653547,2,0,2.5657594079,0.22185749599013,52.3451229336074,1,1,TRUE,TRUE,1,SSP1_1_9,passive_AM,experiment2
4,0.776,0.156424700315158,2,0,3.34652513132922,0.320112840908166,52.3451229336074,1,1,TRUE,TRUE,1,SSP1_1_9,passive_AM,experiment2
5,0.749,0.156666666666667,2,0,4.07223477488632,0.411552500060187,52.3451229336074,1,1,TRUE,TRUE,1,SSP1_1_9,passive_AM,experiment2
6,0.755,0.177169096878911,2,0,4.77088534477933,0.495088257630158,52.3451229336074,1,1,TRUE,TRUE,1,SSP1_1_9,passive_AM,experiment2
7,0.734,0.189214217758656,2,0,5.47546245051523,0.598231073910916,52.3451229336074,1,1,TRUE,TRUE,1,SSP1_1_9,passive_AM,experiment2
8,0.703,0.178916492004262,2,0,6.15898379413129,0.706490791787538,52.3451229336074,1,1,TRUE,TRUE,1,SSP1_1_9,passive_AM,experiment2
9,0.726,0.18782110551471,2,0,6.81146157693473,0.804063691122536,52.3451229336074,1,1,TRUE,TRUE,1,SSP1_1_9,passive_AM,experiment2
10,0.711,0.182516084803836,2,0,7.48685342023795,0.925249644278106,52.3451229336074,1,1,TRUE,TRUE,1,SSP1_1_9,passive_AM,experiment2
11,0.708,0.179606753376887,2,0,8.14719271760864,1.05356345840094,52.3451229336074,1,1,TRUE,TRUE,1,SSP1_1_9,passive_AM,experiment2
12,0.705,0.191419471688264,1.99,0.1,8.8044692794001,1.1604462238367,52.3451229336074,1,1,TRUE,TRUE,1,SSP1_1_9,passive_AM,experiment2
13,0.705,0.186067762176074,1.99,0.1,9.45918311188592,1.25504840012359,52.3451229336074,1,1,TRUE,TRUE,1,SSP1_1_9,passive_AM,experiment2
14,0.725,0.184978841268864,1.99,0.1,10.1138314729885,1.34388240525271,52.3451229336074,1,1,TRUE,TRUE,1,SSP1_1_9,passive_AM,experiment2
15,0.724,0.185385211836534,1.99,0.1,10.7883863874477,1.41147793173782,52.3451229336074,1,1,TRUE,TRUE,1,SSP1_1_9,passive_AM,experiment2
16,0.723,0.181383571472171,1.99,0.1,11.4618753453659,1.4864430572316,52.3451229336074,1,1,TRUE,TRUE,1,SSP1_1_9,passive_AM,experiment2
17,0.729,0.187107164237746,1.99,0.1,12.1342985531888,1.56461056459011,52.3451229336074,1,1,TRUE,TRUE,1,SSP1_1_9,passive_AM,experiment2
18,0.724,0.177593338668414,1.99,0.1,12.8126443268469,1.63870064757812,52.3451229336074,1,1,TRUE,TRUE,1,SSP1_1_9,passive_AM,experiment2
19,0.726,0.198794345792812,1.99,0.1,13.4859312582818,1.69724726606402,52.3451229336074,1,1,TRUE,TRUE,1,SSP1_1_9,passive_AM,experiment2
20,0.714,0.208902857903869,1.99,0.1,14.1611470644415,1.77805508328133,52.3451229336074,1,1,TRUE,TRUE,1,SSP1_1_9,passive_AM,experiment2
21,0.715,0.212429429755537,1.99,0.1,14.8243193262343,1.87065549222367,52.3451229336074,1,1,TRUE,TRUE,1,SSP1_1_9,passive_AM,experiment2
22,0.716,0.223706156474167,1.98,0.14070529413629,15.4884231728996,1.98696576237559,52.3451229336074,1,1,TRUE,TRUE,1,SSP1_1_9,passive_AM,experiment2
23,0.697,0.211514500302896,1.98,0.14070529413629,16.1539573126429,2.10007814506478,52.3451229336074,1,1,TRUE,TRUE,1,SSP1_1_9,passive_AM,experiment2
24,0.701,0.230280900053159,1.98,0.14070529413629,16.8004685509358,2.18315652200829,52.3451229336074,1,1,TRUE,TRUE,1,SSP1_1_9,passive_AM,experiment2
25,0.681,0.215413626084866,1.98,0.14070529413629,17.4509055491369,2.28905476285357,52.3451229336074,1,1,TRUE,TRUE,1,SSP1_1_9,passive_AM,experiment2
26,0.695,0.21619996355787,1.98,0.14070529413629,18.0813274436841,2.39066852895009,52.3451229336074,1,1,TRUE,TRUE,1,SSP1_1_9,passive_AM,experiment2
27,0.693,0.222590351647291,1.98,0.14070529413629,18.7256499415054,2.48796387909977,52.3451229336074,1,1,TRUE,TRUE,1,SSP1_1_9,passive_AM,experiment2
28,0.7,0.221564683762799,1.98,0.14070529413629,19.3679134000629,2.59107022803933,52.3451229336074,1,1,TRUE,TRUE,1,SSP1_1_9,passive_AM,experiment2
29,0.679,0.227100743007916,1.97,0.171446607997765,20.0170930587115,2.7005147603677,52.3451229336074,1,1,TRUE,TRUE,1,SSP1_1_9,passive_AM,experiment2
30,0.674,0.216780855690578,1.97,0.171446607997765,20.6457671662392,2.81045991673208,52.3451229336074,1,1,TRUE,TRUE,1,SSP1_1_9,passive_AM,experiment2
31,0.674,0.212545895222085,1.97,0.171446607997765,21.2693933846264,2.90692125094237,52.3451229336074,1,1,TRUE,TRUE,1,SSP1_1_9,passive_AM,experiment2
32,0.694,0.229545004500009,1.97,0.171446607997765,21.8929572403917,3.00007977456145,52.3451229336074,1,1,TRUE,TRUE,1,SSP1_1_9,passive_AM,experiment2
33,0.695,0.231540733157497,1.97,0.171446607997765,22.5363948388723,3.10916439971881,52.3451229336074,1,1,TRUE,TRUE,1,SSP1_1_9,passive_AM,experiment2
34,0.665,0.235862911733306,1.96,0.196946385566932,23.1807647988677,3.2221218892429,52.3451229336074,1,1,TRUE,TRUE,1,SSP1_1_9,passive_AM,experiment2
35,0.674,0.241886524860503,1.96,0.196946385566932,23.7956704565484,3.33940064078636,52.3451229336074,1,1,TRUE,TRUE,1,SSP1_1_9,passive_AM,experiment2
36,0.668,0.252214434979684,1.95,0.21904291355759,24.4194831771545,3.46179194013561,52.3451229336074,1,1,TRUE,TRUE,1,SSP1_1_9,passive_AM,experiment2
37,0.66,0.253460892925169,1.95,0.21904291355759,25.0377532818778,3.59513424382289,52.3451229336074,1,1,TRUE,TRUE,1,SSP1_1_9,passive_AM,experiment2
38,0.654,0.245533844279905,1.95,0.21904291355759,25.6479911063727,3.71363621262096,52.3451229336074,1,1,TRUE,TRUE,1,SSP1_1_9,passive_AM,experiment2
39,0.646,0.243052972569248,1.95,0.21904291355759,26.2521906649558,3.81795299184996,52.3451229336074,1,1,TRUE,TRUE,1,SSP1_1_9,passive_AM,experiment2
40,0.63,0.23762290812261,1.95,0.21904291355759,26.848360944376,3.93082910906328,52.3451229336074,1,1,TRUE,TRUE,1,SSP1_1_9,passive_AM,experiment2
41,0.648,0.246789486212542,1.95,0.21904291355759,27.4285354821262,4.05679652155685,52.3451229336074,1,1,TRUE,TRUE,1,SSP1_1_9,passive_AM,experiment2
42,0.655,0.23756976646744,1.95,0.21904291355759,28.026578349831,4.17416174345894,52.3451229336074,1,1,TRUE,TRUE,1,SSP1_1_9,passive_AM,experiment2
43,0.654,0.239283442086087,1.95,0.21904291355759,28.6315320734387,4.2947624726175,52.3451229336074,1,1,TRUE,TRUE,1,SSP1_1_9,passive_AM,experiment2
44,0.638,0.233454513987222,1.95,0.21904291355759,29.2354295926563,4.41686599585762,52.3451229336074,1,1,TRUE,TRUE,1,SSP1_1_9,passive_AM,experiment2
45,0.657,0.240056811457773,1.95,0.21904291355759,29.8233369709737,4.53272918790774,52.3451229336074,1,1,TRUE,TRUE,1,SSP1_1_9,passive_AM,experiment2
46,0.652,0.22673795670355,1.95,0.21904291355759,30.430100246384,4.67546572062316,52.3451229336074,1,1,TRUE,TRUE,1,SSP1_1_9,passive_AM,experiment2
47,0.648,0.244321364790166,1.95,0.21904291355759,31.0318257937926,4.80016087585224,52.3451229336074,1,1,TRUE,TRUE,1,SSP1_1_9,passive_AM,experiment2
48,0.651,0.232897862037019,1.95,0.21904291355759,31.6295099254712,4.92812313890963,52.3451229336074,1,1,TRUE,TRUE,1,SSP1_1_9,passive_AM,experiment2
49,0.648,0.219033690503898,1.95,0.21904291355759,32.2301199225248,5.0354017999052,52.3451229336074,1,1,TRUE,TRUE,1,SSP1_1_9,passive_AM,experiment2
50,0.661,0.236939663290898,1.95,0.21904291355759,32.8276845233539,5.12897643834857,52.3451229336074,1,1,TRUE,TRUE,1,SSP1_1_9,passive_AM,experiment2
51,0.662,0.241535492090487,1.95,0.21904291355759,33.4381245267184,5.22168825442954,52.3451229336074,1,1,TRUE,TRUE,1,SSP1_1_9,passive_AM,experiment2
52,0.668,0.252214434979684,1.94,0.238683256575942,34.0494983988117,5.33133578761276,52.3451229336074,1,1,TRUE,TRUE,1,SSP1_1_9,passive_AM,experiment2
53,0.641,0.241248855128911,1.94,0.238683256575942,34.6672774195644,5.43672634609533,52.3451229336074,1,1,TRUE,TRUE,1,SSP1_1_9,passive_AM,experiment2
54,0.658,0.246256825778341,1.94,0.238683256575942,35.2581373909868,5.55204138675218,52.3451229336074,1,1,TRUE,TRUE,1,SSP1_1_9,passive_AM,experiment2
55,0.671,0.247122837814915,1.94,0.238683256575942,35.8658467192608,5.67091111895169,52.3451229336074,1,1,TRUE,TRUE,1,SSP1_1_9,passive_AM,experiment2
56,0.657,0.257515322678363,1.93,0.256432399976243,36.4864239693115,5.78318465301772,52.3451229336074,1,1,TRUE,TRUE,1,SSP1_1_9,passive_AM,experiment2
57,0.67,0.262659283083425,1.93,0.256432399976243,37.0935145541108,5.89169945257013,52.3451229336074,1,1,TRUE,TRUE,1,SSP1_1_9,passive_AM,experiment2
58,0.645,0.264145276832139,1.91,0.287623491264661,37.7134705369518,6.0065266149026,52.3451229336074,1,1,TRUE,TRUE,1,SSP1_1_9,passive_AM,experiment2
59,0.654,0.273554972962151,1.91,0.287623491264661,38.309503328214,6.12840153374093,52.3451229336074,1,1,TRUE,TRUE,1,SSP1_1_9,passive_AM,experiment2
60,0.638,0.260450270559167,1.91,0.287623491264661,38.914423569895,6.2496957929714,52.3451229336074,1,1,TRUE,TRUE,1,SSP1_1_9,passive_AM,experiment2
61,0.668,0.27446182417468,1.91,0.287623491264661,39.5033790368985,6.3690351627781,52.3451229336074,1,1,TRUE,TRUE,1,SSP1_1_9,passive_AM,experiment2
62,0.663,0.287677920352928,1.9,0.301511344577764,40.1220931562772,6.48797677515727,52.3451229336074,1,1,TRUE,TRUE,1,SSP1_1_9,passive_AM,experiment2
63,0.64,0.270428018391795,1.9,0.301511344577764,40.7362732193188,6.61687878954657,52.3451229336074,1,1,TRUE,TRUE,1,SSP1_1_9,passive_AM,experiment2
64,0.64,0.276339711883103,1.9,0.301511344577764,41.3275363160762,6.74967407818528,52.3451229336074,1,1,TRUE,TRUE,1,SSP1_1_9,passive_AM,experiment2
65,0.63,0.267234244463806,1.9,0.301511344577764,41.9187402865239,6.89052888251278,52.3451229336074,1,1,TRUE,TRUE,1,SSP1_1_9,passive_AM,experiment2
66,0.646,0.280482988915027,1.9,0.301511344577764,42.4999499290106,7.01720347379474,52.3451229336074,1,1,TRUE,TRUE,1,SSP1_1_9,passive_AM,experiment2
67,0.659,0.289232701393801,1.9,0.301511344577764,43.0969961930021,7.15090958086611,52.3451229336074,1,1,TRUE,TRUE,1,SSP1_1_9,passive_AM,experiment2
68,0.634,0.27051018017028,1.9,0.301511344577764,43.7068959391755,7.30178911651273,52.3451229336074,1,1,TRUE,TRUE,1,SSP1_1_9,passive_AM,experiment2
69,0.63,0.275057386115272,1.9,0.301511344577764,44.291904127125,7.44375690900513,52.3451229336074,1,1,TRUE,TRUE,1,SSP1_1_9,passive_AM,experiment2
70,0.638,0.280252411481889,1.9,0.301511344577764,44.8728813206251,7.58920915373116,52.3451229336074,1,1,TRUE,TRUE,1,SSP1_1_9,passive_AM,experiment2
71,0.628,0.284651124407164,1.9,0.301511344577764,45.4617446091685,7.7485973205745,52.3451229336074,1,1,TRUE,TRUE,1,SSP1_1_9,passive_AM,experiment2
72,0.615,0.276111161921016,1.9,0.301511344577764,46.0406197634537,7.92233913891545,52.3451229336074,1,1,TRUE,TRUE,1,SSP1_1_9,passive_AM,experiment2
73,0.613,0.264252328143562,1.9,0.301511344577764,46.6065302987175,8.09670992106049,52.3451229336074,1,1,TRUE,TRUE,1,SSP1_1_9,passive_AM,experiment2
74,0.612,0.278988070415822,1.89,0.31446603773522,47.1703987904919,8.26028346368794,52.3451229336074,1,1,TRUE,TRUE,1,SSP1_1_9,passive_AM,experiment2
75,0.631,0.284514472124855,1.89,0.31446603773522,47.7337145819445,8.42417461737877,52.3451229336074,1,1,TRUE,TRUE,1,SSP1_1_9,passive_AM,experiment2
76,0.621,0.293118033935447,1.89,0.31446603773522,48.3158320677873,8.59324189310999,52.3451229336074,1,1,TRUE,TRUE,1,SSP1_1_9,passive_AM,experiment2
77,0.641,0.287832372653728,1.89,0.31446603773522,48.8879670575832,8.7632910397344,52.3451229336074,1,1,TRUE,TRUE,1,SSP1_1_9,passive_AM,experiment2
78,0.638,0.287018811195012,1.89,0.31446603773522,49.4798914176198,8.9369184754847,52.3451229336074,1,1,TRUE,TRUE,1,SSP1_1_9,passive_AM,experiment2
79,0.614,0.28069898323991,1.88,0.32659863237109,50.0687798953582,9.10423781410589,52.3451229336074,1,1,TRUE,TRUE,1,SSP1_1_9,passive_AM,experiment2
80,0.617,0.282505028112936,1.88,0.32659863237109,50.6342944120687,9.27195161557021,52.3451229336074,1,1,TRUE,TRUE,1,SSP1_1_9,passive_AM,experiment2
81,0.627,0.286693092509968,1.88,0.32659863237109,51.2027284718815,9.4454542644581,52.3451229336074,1,1,TRUE,TRUE,1,SSP1_1_9,passive_AM,experiment2
82,0.627,0.29365512652316,1.86,0.348735088019777,51.7810250114368,9.61839234090423,52.3451229336074,1,1,TRUE,TRUE,1,SSP1_1_9,passive_AM,experiment2
83,0.617,0.29269041113039,1,0,52.3602555544598,9.78864544380746,52.3451229336074,1,1,TRUE,TRUE,1,SSP1_1_9,passive_AM,experiment2
0,1,0,2,0,0,0,52.8892608773976,2.5,1,TRUE,TRUE,1,SSP1_1_9,passive_AM,experiment2
1,0.864,0.144613731412793,1.99,0.1,0.95,0,52.8892608773976,2.5,1,TRUE,TRUE,1,SSP1_1_9,passive_AM,experiment2
2,0.81,0.168475037865668,1.99,0.1,1.76441855,0.141638240458748,52.8892608773976,2.5,1,TRUE,TRUE,1,SSP1_1_9,passive_AM,experiment2
3,0.785,0.174873691791556,1.99,0.1,2.524766457605,0.268277097552091,52.8892608773976,2.5,1,TRUE,TRUE,1,SSP1_1_9,passive_AM,experiment2
4,0.778,0.186720771379744,1.99,0.1,3.26004582966926,0.400754163018772,52.8892608773976,2.5,1,TRUE,TRUE,1,SSP1_1_9,passive_AM,experiment2
5,0.767,0.182050609014154,1.99,0.1,3.98825447337635,0.537320826611698,52.8892608773976,2.5,1,TRUE,TRUE,1,SSP1_1_9,passive_AM,experiment2
6,0.764,0.183413205741582,1.99,0.1,4.70539579511918,0.674270031776433,52.8892608773976,2.5,1,TRUE,TRUE,1,SSP1_1_9,passive_AM,experiment2
7,0.74,0.203007687569021,1.98,0.14070529413629,5.41946720227989,0.796958937900402,52.8892608773976,2.5,1,TRUE,TRUE,1,SSP1_1_9,passive_AM,experiment2
8,0.751,0.206703320307785,1.98,0.14070529413629,6.1099836473657,0.908611421480255,52.8892608773976,2.5,1,TRUE,TRUE,1,SSP1_1_9,passive_AM,experiment2
9,0.748,0.225845213821459,1.98,0.14070529413629,6.8114222438864,1.02282974163975,52.8892608773976,2.5,1,TRUE,TRUE,1,SSP1_1_9,passive_AM,experiment2
10,0.707,0.214737330737162,1.98,0.14070529413629,7.50979339546769,1.15472726766951,52.8892608773976,2.5,1,TRUE,TRUE,1,SSP1_1_9,passive_AM,experiment2
11,0.719,0.211629082800235,1.98,0.14070529413629,8.16713569148874,1.29094526781452,52.8892608773976,2.5,1,TRUE,TRUE,1,SSP1_1_9,passive_AM,experiment2
12,0.719,0.220052794399963,1.98,0.14070529413629,8.83639905987822,1.41555206635507,52.8892608773976,2.5,1,TRUE,TRUE,1,SSP1_1_9,passive_AM,experiment2
13,0.695,0.220822612661444,1.98,0.14070529413629,9.50559550193085,1.53892772291869,52.8892608773976,2.5,1,TRUE,TRUE,1,SSP1_1_9,passive_AM,experiment2
14,0.712,0.229747335966793,1.97,0.171446607997765,10.1507562056261,1.66622331027036,52.8892608773976,2.5,1,TRUE,TRUE,1,SSP1_1_9,passive_AM,experiment2
15,0.699,0.228961202659386,1.96,0.196946385566932,10.8133279091697,1.8037443619301,52.8892608773976,2.5,1,TRUE,TRUE,1,SSP1_1_9,passive_AM,experiment2
16,0.709,0.235314103429283,1.96,0.196946385566932,11.4633520924236,1.93008233551735,52.8892608773976,2.5,1,TRUE,TRUE,1,SSP1_1_9,passive_AM,experiment2
17,0.709,0.231854621814114,1.96,0.196946385566932,12.1232952852535,2.07652784558353,52.8892608773976,2.5,1,TRUE,TRUE,1,SSP1_1_9,passive_AM,experiment2
18,0.695,0.231104069434294,1.96,0.196946385566932,12.7831724837642,2.19709858811303,52.8892608773976,2.5,1,TRUE,TRUE,1,SSP1_1_9,passive_AM,experiment2
19,0.679,0.241750769064825,1.96,0.196946385566932,13.4290088731465,2.32347261521315,52.8892608773976,2.5,1,TRUE,TRUE,1,SSP1_1_9,passive_AM,experiment2
20,0.676,0.234033581290628,1.96,0.196946385566932,14.0588110515453,2.44397522017172,52.8892608773976,2.5,1,TRUE,TRUE,1,SSP1_1_9,passive_AM,experiment2
21,0.665,0.220822612661444,1.96,0.196946385566932,14.6855562440296,2.56171083402375,52.8892608773976,2.5,1,TRUE,TRUE,1,SSP1_1_9,passive_AM,experiment2
22,0.669,0.23770578538193,1.96,0.196946385566932,15.3012618389094,2.67707247051629,52.8892608773976,2.5,1,TRUE,TRUE,1,SSP1_1_9,passive_AM,experiment2
23,0.647,0.244724128336172,1.95,0.21904291355759,15.9208970724635,2.80355373715335,52.8892608773976,2.5,1,TRUE,TRUE,1,SSP1_1_9,passive_AM,experiment2
24,0.636,0.243924147839016,1.95,0.21904291355759,16.5190197381373,2.92487372541506,52.8892608773976,2.5,1,TRUE,TRUE,1,SSP1_1_9,passive_AM,experiment2
25,0.625,0.247563888295282,1.95,0.21904291355759,17.1061089612068,3.04461816840292,52.8892608773976,2.5,1,TRUE,TRUE,1,SSP1_1_9,passive_AM,experiment2
26,0.628,0.258230184685734,1.95,0.21904291355759,17.6821669423793,3.18864709700151,52.8892608773976,2.5,1,TRUE,TRUE,1,SSP1_1_9,passive_AM,experiment2
27,0.621,0.251980037689376,1.95,0.21904291355759,18.2611595274959,3.32000475990007,52.8892608773976,2.5,1,TRUE,TRUE,1,SSP1_1_9,passive_AM,experiment2
28,0.621,0.257138488018037,1.95,0.21904291355759,18.8331130888044,3.45416359818806,52.8892608773976,2.5,1,TRUE,TRUE,1,SSP1_1_9,passive_AM,experiment2
29,0.603,0.261099075587654,1.95,0.21904291355759,19.4050094547568,3.59325308701349,52.8892608773976,2.5,1,TRUE,TRUE,1,SSP1_1_9,passive_AM,experiment2
30,0.592,0.265025251322178,1.95,0.21904291355759,19.9589007580583,3.73579393297935,52.8892608773976,2.5,1,TRUE,TRUE,1,SSP1_1_9,passive_AM,experiment2
31,0.598,0.253851145438432,1.95,0.21904291355759,20.5017696244241,3.89108057478193,52.8892608773976,2.5,1,TRUE,TRUE,1,SSP1_1_9,passive_AM,experiment2
32,0.61,0.258394420929858,1.95,0.21904291355759,21.0505656317764,4.05632674008662,52.8892608773976,2.5,1,TRUE,TRUE,1,SSP1_1_9,passive_AM,experiment2
33,0.628,0.262497715237772,1.95,0.21904291355759,21.6112684189884,4.22754597051968,52.8892608773976,2.5,1,TRUE,TRUE,1,SSP1_1_9,passive_AM,experiment2
34,0.616,0.243177617258155,1.95,0.21904291355759,22.1898558308636,4.40058583573548,52.8892608773976,2.5,1,TRUE,TRUE,1,SSP1_1_9,passive_AM,experiment2
35,0.615,0.247155535211855,1.95,0.21904291355759,22.7564261167493,4.55612556671608,52.8892608773976,2.5,1,TRUE,TRUE,1,SSP1_1_9,passive_AM,experiment2
36,0.624,0.25390684683302,1.95,0.21904291355759,23.321943239663,4.71325723038784,52.8892608773976,2.5,1,TRUE,TRUE,1,SSP1_1_9,passive_AM,experiment2
37,0.612,0.246297840556157,1.95,0.21904291355759,23.8963714675002,4.87593415271661,52.8892608773976,2.5,1,TRUE,TRUE,1,SSP1_1_9,passive_AM,experiment2
38,0.612,0.24299478316718,1.95,0.21904291355759,24.4587865726877,5.01686637352157,52.8892608773976,2.5,1,TRUE,TRUE,1,SSP1_1_9,passive_AM,experiment2
39,0.615,0.246336798269804,1.95,0.21904291355759,25.0211454363648,5.15877873752558,52.8892608773976,2.5,1,TRUE,TRUE,1,SSP1_1_9,passive_AM,experiment2
40,0.627,0.244889173036921,1.94,0.238683256575942,25.586436386358,5.31018836413025,52.8892608773976,2.5,1,TRUE,TRUE,1,SSP1_1_9,passive_AM,experiment2
41,0.619,0.237280467384107,1.94,0.238683256575942,26.1641209046329,5.45153164239612,52.8892608773976,2.5,1,TRUE,TRUE,1,SSP1_1_9,passive_AM,experiment2
42,0.631,0.235999914398204,1.94,0.238683256575942,26.7337803889412,5.58983620293144,52.8892608773976,2.5,1,TRUE,TRUE,1,SSP1_1_9,passive_AM,experiment2
43,0.65,0.23762290812261,1.94,0.238683256575942,27.3153326104834,5.73076443742638,52.8892608773976,2.5,1,TRUE,TRUE,1,SSP1_1_9,passive_AM,experiment2
44,0.668,0.239898968633705,1.94,0.238683256575942,27.9157451481392,5.84770426725492,52.8892608773976,2.5,1,TRUE,TRUE,1,SSP1_1_9,passive_AM,experiment2
45,0.682,0.262613130984832,1.94,0.238683256575942,28.5340186145831,5.96989837563851,52.8892608773976,2.5,1,TRUE,TRUE,1,SSP1_1_9,passive_AM,experiment2
46,0.684,0.247296493213219,1.94,0.238683256575942,29.1661673920819,6.11160006323253,52.8892608773976,2.5,1,TRUE,TRUE,1,SSP1_1_9,passive_AM,experiment2
47,0.678,0.253293457786765,1.94,0.238683256575942,29.8002437753727,6.26145699520244,52.8892608773976,2.5,1,TRUE,TRUE,1,SSP1_1_9,passive_AM,experiment2
48,0.668,0.260489050546363,1.93,0.256432399976243,30.4282848862622,6.42701674181911,52.8892608773976,2.5,1,TRUE,TRUE,1,SSP1_1_9,passive_AM,experiment2
49,0.685,0.280826701657154,1.93,0.256432399976243,31.0468086860449,6.59797917599146,52.8892608773976,2.5,1,TRUE,TRUE,1,SSP1_1_9,passive_AM,experiment2
50,0.653,0.265700902702587,1.93,0.256432399976243,31.6821875330547,6.77486447091289,52.8892608773976,2.5,1,TRUE,TRUE,1,SSP1_1_9,passive_AM,experiment2
51,0.676,0.270099121349062,1.93,0.256432399976243,32.2856624508062,6.94486222410593,52.8892608773976,2.5,1,TRUE,TRUE,1,SSP1_1_9,passive_AM,experiment2
52,0.654,0.248396880215936,1.93,0.256432399976243,32.9119600138376,7.11290421966554,52.8892608773976,2.5,1,TRUE,TRUE,1,SSP1_1_9,passive_AM,experiment2
53,0.654,0.256400885609653,1.93,0.256432399976243,33.5163090558783,7.27334574972813,52.8892608773976,2.5,1,TRUE,TRUE,1,SSP1_1_9,passive_AM,experiment2
54,0.646,0.241384893203089,1.93,0.256432399976243,34.1205976630147,7.43229026139276,52.8892608773976,2.5,1,TRUE,TRUE,1,SSP1_1_9,passive_AM,experiment2
55,0.65,0.249646214317847,1.93,0.256432399976243,34.7168689270087,7.5708333759594,52.8892608773976,2.5,1,TRUE,TRUE,1,SSP1_1_9,passive_AM,experiment2
56,0.659,0.248264684430455,1.93,0.256432399976243,35.3170586231714,7.71230228250926,52.8892608773976,2.5,1,TRUE,TRUE,1,SSP1_1_9,passive_AM,experiment2
57,0.657,0.246287587502042,1.93,0.256432399976243,35.9261380387154,7.8558955825245,52.8892608773976,2.5,1,TRUE,TRUE,1,SSP1_1_9,passive_AM,experiment2
58,0.649,0.258783088451867,1.93,0.256432399976243,36.5331679144563,8.00431981471104,52.8892608773976,2.5,1,TRUE,TRUE,1,SSP1_1_9,passive_AM,experiment2
59,0.672,0.269335133507335,1.93,0.256432399976243,37.1321833552161,8.13498599976506,52.8892608773976,2.5,1,TRUE,TRUE,1,SSP1_1_9,passive_AM,experiment2
60,0.678,0.26764215518547,1.93,0.256432399976243,37.7540035872151,8.27172854751149,52.8892608773976,2.5,1,TRUE,TRUE,1,SSP1_1_9,passive_AM,experiment2
61,0.667,0.255467485922644,1.93,0.256432399976243,38.3817257431859,8.41714150828495,52.8892608773976,2.5,1,TRUE,TRUE,1,SSP1_1_9,passive_AM,experiment2
62,0.658,0.263304563062042,1.93,0.256432399976243,38.9984520260365,8.56466270621151,52.8892608773976,2.5,1,TRUE,TRUE,1,SSP1_1_9,passive_AM,experiment2
63,0.655,0.270941120742295,1.92,0.272659924344291,39.6061722664086,8.71370227758011,52.8892608773976,2.5,1,TRUE,TRUE,1,SSP1_1_9,passive_AM,experiment2
64,0.643,0.261021691114595,1.92,0.272659924344291,40.2113474360309,8.87087571229181,52.8892608773976,2.5,1,TRUE,TRUE,1,SSP1_1_9,passive_AM,experiment2
65,0.654,0.273554972962151,1.92,0.272659924344291,40.8045386467154,9.01985706093609,52.8892608773976,2.5,1,TRUE,TRUE,1,SSP1_1_9,passive_AM,experiment2
66,0.637,0.257672174467771,1.92,0.272659924344291,41.408599266599,9.16372180133584,52.8892608773976,2.5,1,TRUE,TRUE,1,SSP1_1_9,passive_AM,experiment2
67,0.636,0.261510762279258,1.92,0.272659924344291,41.9957113165474,9.31722091191205,52.8892608773976,2.5,1,TRUE,TRUE,1,SSP1_1_9,passive_AM,experiment2
68,0.659,0.264802194137817,1.92,0.272659924344291,42.5817713332286,9.46960053876371,52.8892608773976,2.5,1,TRUE,TRUE,1,SSP1_1_9,passive_AM,experiment2
69,0.643,0.246287587502042,1.92,0.272659924344291,43.1906168666974,9.62387301653374,52.8892608773976,2.5,1,TRUE,TRUE,1,SSP1_1_9,passive_AM,experiment2
70,0.66,0.260922992625809,1.92,0.272659924344291,43.7835115410897,9.77629100696729,52.8892608773976,2.5,1,TRUE,TRUE,1,SSP1_1_9,passive_AM,experiment2
71,0.653,0.261099075587654,1.92,0.272659924344291,44.3932283356356,9.9311254890936,52.8892608773976,2.5,1,TRUE,TRUE,1,SSP1_1_9,passive_AM,experiment2
72,0.656,0.252390590357505,1.92,0.272659924344291,44.9959336849514,10.090091456774,52.8892608773976,2.5,1,TRUE,TRUE,1,SSP1_1_9,passive_AM,experiment2
73,0.685,0.269070603929507,1.92,0.272659924344291,45.6015572402337,10.2506830940721,52.8892608773976,2.5,1,TRUE,TRUE,1,SSP1_1_9,passive_AM,experiment2
74,0.668,0.267377839565864,1.92,0.272659924344291,46.2359092934799,10.4270752183218,52.8892608773976,2.5,1,TRUE,TRUE,1,SSP1_1_9,passive_AM,experiment2
75,0.683,0.275261124877246,1.92,0.272659924344291,46.8533232534508,10.5918008167614,52.8892608773976,2.5,1,TRUE,TRUE,1,SSP1_1_9,passive_AM,experiment2
76,0.66,0.268929790694955,1.92,0.272659924344291,47.4855633872647,10.7709685298813,52.8892608773976,2.5,1,TRUE,TRUE,1,SSP1_1_9,passive_AM,experiment2
77,0.652,0.283726999245772,1.91,0.287623491264661,48.0949144431792,10.933425014295,52.8892608773976,2.5,1,TRUE,TRUE,1,SSP1_1_9,passive_AM,experiment2
78,0.642,0.274204082369097,1.91,0.287623491264661,48.6967620950856,11.1025611482654,52.8892608773976,2.5,1,TRUE,TRUE,1,SSP1_1_9,passive_AM,experiment2
79,0.655,0.28440084103926,1.9,0.301511344577764,49.2886272626863,11.2723437654063,52.8892608773976,2.5,1,TRUE,TRUE,1,SSP1_1_9,passive_AM,experiment2
80,0.636,0.276164202362773,1.9,0.301511344577764,49.8938270086396,11.4544359221854,52.8892608773976,2.5,1,TRUE,TRUE,1,SSP1_1_9,passive_AM,experiment2
81,0.636,0.276894758113452,1.9,0.301511344577764,50.4801176357764,11.637877144165,52.8892608773976,2.5,1,TRUE,TRUE,1,SSP1_1_9,passive_AM,experiment2
82,0.619,0.254135492375324,1.9,0.301511344577764,51.0663496338504,11.8120224972662,52.8892608773976,2.5,1,TRUE,TRUE,1,SSP1_1_9,passive_AM,experiment2
83,0.626,0.265002382302995,1,0,51.6356618456572,11.974621599858,52.8892608773976,2.5,1,TRUE,TRUE,1,SSP1_1_9,passive_AM,experiment2
0,1,0,2,0,0,0,55.0656970343153,1,2.5,TRUE,TRUE,1,SSP1_1_9,passive_AM,experiment2
1,0.886,0.105428418916113,2,0,0.95,0,55.0656970343153,1,2.5,TRUE,TRUE,1,SSP1_1_9,passive_AM,experiment2
2,0.836,0.122696965954931,2,0,1.7859164,0.105417876074222,55.0656970343153,1,2.5,TRUE,TRUE,1,SSP1_1_9,passive_AM,experiment2
3,0.809,0.136400331762978,2,0,2.57175920786,0.17895910141213,55.0656970343153,1,2.5,TRUE,TRUE,1,SSP1_1_9,passive_AM,experiment2
4,0.814,0.143562185167616,2,0,3.33053153062924,0.261134727886141,55.0656970343153,1,2.5,TRUE,TRUE,1,SSP1_1_9,passive_AM,experiment2
5,0.783,0.170593142306542,2,0,4.09422597646619,0.353061311708567,55.0656970343153,1,2.5,TRUE,TRUE,1,SSP1_1_9,passive_AM,experiment2
6,0.747,0.195119750849875,1.99,0.1,4.82685954975886,0.45557580477319,55.0656970343153,1,2.5,TRUE,TRUE,1,SSP1_1_9,passive_AM,experiment2
7,0.742,0.188658207327217,1.99,0.1,5.52394115436991,0.565204626123498,55.0656970343153,1,2.5,TRUE,TRUE,1,SSP1_1_9,passive_AM,experiment2
8,0.753,0.191461682217554,1.99,0.1,6.21595654977067,0.679449666248913,55.0656970343153,1,2.5,TRUE,TRUE,1,SSP1_1_9,passive_AM,experiment2
9,0.756,0.188197188656424,1.99,0.1,6.91889394671128,0.806543350511202,55.0656970343153,1,2.5,TRUE,TRUE,1,SSP1_1_9,passive_AM,experiment2
10,0.734,0.1897473067109,1.99,0.1,7.62475835099194,0.929632783352022,55.0656970343153,1,2.5,TRUE,TRUE,1,SSP1_1_9,passive_AM,experiment2
11,0.73,0.189896303441131,1.99,0.1,8.30857415893482,1.04407415994925,55.0656970343153,1,2.5,TRUE,TRUE,1,SSP1_1_9,passive_AM,experiment2
12,0.734,0.175936168406429,1.99,0.1,8.98832598309756,1.14626896933185,55.0656970343153,1,2.5,TRUE,TRUE,1,SSP1_1_9,passive_AM,experiment2
13,0.73,0.17950549357115,1.99,0.1,9.672005034717,1.24207894981168,55.0656970343153,1,2.5,TRUE,TRUE,1,SSP1_1_9,passive_AM,experiment2
14,0.733,0.195430113577538,1.99,0.1,10.3516209153124,1.35082674035715,55.0656970343153,1,2.5,TRUE,TRUE,1,SSP1_1_9,passive_AM,experiment2
15,0.739,0.204936550910251,1.99,0.1,11.0341646370487,1.46880900827866,55.0656970343153,1,2.5,TRUE,TRUE,1,SSP1_1_9,passive_AM,experiment2
16,0.713,0.185131675770888,1.99,0.1,11.7226311107101,1.58188406073941,55.0656970343153,1,2.5,TRUE,TRUE,1,SSP1_1_9,passive_AM,experiment2
17,0.694,0.21073224909368,1.97,0.171446607997765,12.3850703065386,1.68113518946137,55.0656970343153,1,2.5,TRUE,TRUE,1,SSP1_1_9,passive_AM,experiment2
18,0.699,0.215319823199413,1.97,0.171446607997765,13.0294738339798,1.77715159755604,55.0656970343153,1,2.5,TRUE,TRUE,1,SSP1_1_9,passive_AM,experiment2
19,0.717,0.219298698564126,1.97,0.171446607997765,13.6788039287142,1.87231948163403,55.0656970343153,1,2.5,TRUE,TRUE,1,SSP1_1_9,passive_AM,experiment2
20,0.725,0.207619990863261,1.97,0.171446607997765,14.3460349212017,1.97190717881636,55.0656970343153,1,2.5,TRUE,TRUE,1,SSP1_1_9,passive_AM,experiment2
21,0.713,0.220034432567159,1.97,0.171446607997765,15.0211832057808,2.06687462996025,55.0656970343153,1,2.5,TRUE,TRUE,1,SSP1_1_9,passive_AM,experiment2
22,0.701,0.228519609927052,1.97,0.171446607997765,15.6842891503475,2.14412884548101,55.0656970343153,1,2.5,TRUE,TRUE,1,SSP1_1_9,passive_AM,experiment2
23,0.71,0.241418367741206,1.97,0.171446607997765,16.3353551566181,2.23732707965164,55.0656970343153,1,2.5,TRUE,TRUE,1,SSP1_1_9,passive_AM,experiment2
24,0.708,0.241493668486757,1.97,0.171446607997765,16.9953353790421,2.33314035720502,55.0656970343153,1,2.5,TRUE,TRUE,1,SSP1_1_9,passive_AM,experiment2
25,0.698,0.233973148765909,1.97,0.171446607997765,17.653254397928,2.44040997150518,55.0656970343153,1,2.5,TRUE,TRUE,1,SSP1_1_9,passive_AM,experiment2
26,0.687,0.231662851505538,1.97,0.171446607997765,18.301132594935,2.56404100450563,55.0656970343153,1,2.5,TRUE,TRUE,1,SSP1_1_9,passive_AM,experiment2
27,0.682,0.228468772041126,1.97,0.171446607997765,18.9379745684008,2.69714103915568,55.0656970343153,1,2.5,TRUE,TRUE,1,SSP1_1_9,passive_AM,experiment2
28,0.687,0.234264376249992,1.97,0.171446607997765,19.569766340134,2.82760185582467,55.0656970343153,1,2.5,TRUE,TRUE,1,SSP1_1_9,passive_AM,experiment2
29,0.673,0.229560405553701,1.97,0.171446607997765,20.2064809515736,2.96800681579451,55.0656970343153,1,2.5,TRUE,TRUE,1,SSP1_1_9,passive_AM,experiment2
30,0.682,0.227138546248582,1.97,0.171446607997765,20.8291724347631,3.10185915573712,55.0656970343153,1,2.5,TRUE,TRUE,1,SSP1_1_9,passive_AM,experiment2
31,0.671,0.21,1.97,0.171446607997765,21.4607746879178,3.22898229276536,55.0656970343153,1,2.5,TRUE,TRUE,1,SSP1_1_9,passive_AM,experiment2
32,0.672,0.212289111041209,1.97,0.171446607997765,22.0813478297467,3.34201097104363,55.0656970343153,1,2.5,TRUE,TRUE,1,SSP1_1_9,passive_AM,experiment2
33,0.668,0.209800289838126,1.97,0.171446607997765,22.7028557192163,3.44968836239458,55.0656970343153,1,2.5,TRUE,TRUE,1,SSP1_1_9,passive_AM,experiment2
34,0.665,0.214793770012921,1.97,0.171446607997765,23.3203146367989,3.56193729300245,55.0656970343153,1,2.5,TRUE,TRUE,1,SSP1_1_9,passive_AM,experiment2
35,0.687,0.231226418399059,1.97,0.171446607997765,23.9347219916776,3.66289580812099,55.0656970343153,1,2.5,TRUE,TRUE,1,SSP1_1_9,passive_AM,experiment2
36,0.689,0.224236076896244,1.97,0.171446607997765,24.570991036577,3.77588045510524,55.0656970343153,1,2.5,TRUE,TRUE,1,SSP1_1_9,passive_AM,experiment2
37,0.683,0.226993970462351,1.97,0.171446607997765,25.2091892671576,3.89307583490747,55.0656970343153,1,2.5,TRUE,TRUE,1,SSP1_1_9,passive_AM,experiment2
38,0.705,0.224452195085697,1.97,0.171446607997765,25.8413458380017,4.00474655208104,55.0656970343153,1,2.5,TRUE,TRUE,1,SSP1_1_9,passive_AM,experiment2
39,0.712,0.245064411240322,1.96,0.196946385566932,26.4953557476633,4.14205882869864,55.0656970343153,1,2.5,TRUE,TRUE,1,SSP1_1_9,passive_AM,experiment2
40,0.694,0.248152771452986,1.95,0.21904291355759,27.1567710618405,4.27870345516944,55.0656970343153,1,2.5,TRUE,TRUE,1,SSP1_1_9,passive_AM,experiment2
41,0.695,0.239686242720551,1.95,0.21904291355759,27.8006900981589,4.42293338514027,55.0656970343153,1,2.5,TRUE,TRUE,1,SSP1_1_9,passive_AM,experiment2
42,0.708,0.248502586210959,1.95,0.21904291355759,28.4455406507631,4.56501692840922,55.0656970343153,1,2.5,TRUE,TRUE,1,SSP1_1_9,passive_AM,experiment2
43,0.729,0.241332579941901,1.95,0.21904291355759,29.103272230093,4.68352167470302,55.0656970343153,1,2.5,TRUE,TRUE,1,SSP1_1_9,passive_AM,experiment2
44,0.715,0.244277950645811,1.95,0.21904291355759,29.781847925636,4.81551286946607,55.0656970343153,1,2.5,TRUE,TRUE,1,SSP1_1_9,passive_AM,experiment2
45,0.701,0.236769077287546,1.95,0.21904291355759,30.4464172313547,4.94265098193565,55.0656970343153,1,2.5,TRUE,TRUE,1,SSP1_1_9,passive_AM,experiment2
46,0.679,0.24465807928122,1.95,0.21904291355759,31.0969829417412,5.06153405729461,55.0656970343153,1,2.5,TRUE,TRUE,1,SSP1_1_9,passive_AM,experiment2
47,0.67,0.244329633276379,1.95,0.21904291355759,31.7255845681904,5.18191437209411,55.0656970343153,1,2.5,TRUE,TRUE,1,SSP1_1_9,passive_AM,experiment2
48,0.663,0.246861102728648,1.95,0.21904291355759,32.3451655373326,5.30137566545595,55.0656970343153,1,2.5,TRUE,TRUE,1,SSP1_1_9,passive_AM,experiment2
49,0.671,0.266020049369717,1.93,0.256432399976243,32.9577180695389,5.42001305628819,55.0656970343153,1,2.5,TRUE,TRUE,1,SSP1_1_9,passive_AM,experiment2
50,0.677,0.271864122329705,1.93,0.256432399976243,33.5791653521663,5.540314074307,55.0656970343153,1,2.5,TRUE,TRUE,1,SSP1_1_9,passive_AM,experiment2
51,0.651,0.276155058185825,1.93,0.256432399976243,34.2065205634481,5.65490175045526,55.0656970343153,1,2.5,TRUE,TRUE,1,SSP1_1_9,passive_AM,experiment2
52,0.66,0.280331693866139,1.93,0.256432399976243,34.8079453082494,5.768305621039,55.0656970343153,1,2.5,TRUE,TRUE,1,SSP1_1_9,passive_AM,experiment2
53,0.656,0.282956969280925,1.93,0.256432399976243,35.4182632297177,5.89775079639251,55.0656970343153,1,2.5,TRUE,TRUE,1,SSP1_1_9,passive_AM,experiment2
54,0.649,0.285860388329971,1.92,0.272659924344291,36.0245412643674,6.02727026631138,55.0656970343153,1,2.5,TRUE,TRUE,1,SSP1_1_9,passive_AM,experiment2
55,0.652,0.276149571534315,1.92,0.272659924344291,36.6242936783596,6.16094874026313,55.0656970343153,1,2.5,TRUE,TRUE,1,SSP1_1_9,passive_AM,experiment2
56,0.655,0.285464356776637,1.91,0.287623491264661,37.2269696615818,6.30548695720623,55.0656970343153,1,2.5,TRUE,TRUE,1,SSP1_1_9,passive_AM,experiment2
57,0.669,0.282376280229703,1.91,0.287623491264661,37.8330658310089,6.45445045429914,55.0656970343153,1,2.5,TRUE,TRUE,1,SSP1_1_9,passive_AM,experiment2
58,0.665,0.28898114300089,1.91,0.287623491264661,38.4530218138499,6.6179981871313,55.0656970343153,1,2.5,TRUE,TRUE,1,SSP1_1_9,passive_AM,experiment2
59,0.648,0.291107255738215,1.91,0.287623491264661,39.0689389350958,6.77661928677697,55.0656970343153,1,2.5,TRUE,TRUE,1,SSP1_1_9,passive_AM,experiment2
60,0.641,0.277468716955423,1.91,0.287623491264661,39.6678944743115,6.94450315092292,55.0656970343153,1,2.5,TRUE,TRUE,1,SSP1_1_9,passive_AM,experiment2
61,0.669,0.286636714432408,1.91,0.287623491264661,40.2598319943125,7.09883321706177,55.0656970343153,1,2.5,TRUE,TRUE,1,SSP1_1_9,passive_AM,experiment2
62,0.695,0.293489971951962,1.91,0.287623491264661,40.8795400319553,7.26708685654446,55.0656970343153,1,2.5,TRUE,TRUE,1,SSP1_1_9,passive_AM,experiment2
63,0.661,0.281372896830358,1.91,0.287623491264661,41.5250253894724,7.44667310136108,55.0656970343153,1,2.5,TRUE,TRUE,1,SSP1_1_9,passive_AM,experiment2
64,0.673,0.297754220385834,1.91,0.287623491264661,42.1366597357819,7.6223336843373,55.0656970343153,1,2.5,TRUE,TRUE,1,SSP1_1_9,passive_AM,experiment2
65,0.667,0.280711577778669,1.91,0.287623491264661,42.7601563600775,7.79480811600297,55.0656970343153,1,2.5,TRUE,TRUE,1,SSP1_1_9,passive_AM,experiment2
66,0.682,0.285819749655144,1.91,0.287623491264661,43.3776295101724,7.975839897477,55.0656970343153,1,2.5,TRUE,TRUE,1,SSP1_1_9,passive_AM,experiment2
67,0.662,0.294659536455623,1.91,0.287623491264661,44.009942234017,8.15375409699974,55.0656970343153,1,2.5,TRUE,TRUE,1,SSP1_1_9,passive_AM,experiment2
68,0.67,0.287272087967579,1.91,0.287623491264661,44.6223252853458,8.32922800354447,55.0656970343153,1,2.5,TRUE,TRUE,1,SSP1_1_9,passive_AM,experiment2
69,0.656,0.292436645992242,1.91,0.287623491264661,45.2425928802091,8.4997624967104,55.0656970343153,1,2.5,TRUE,TRUE,1,SSP1_1_9,passive_AM,experiment2
70,0.65,0.291114195372666,1.91,0.287623491264661,45.8488947206053,8.65673550372508,55.0656970343153,1,2.5,TRUE,TRUE,1,SSP1_1_9,passive_AM,experiment2
71,0.638,0.281331609932966,1.91,0.287623491264661,46.4491777862453,8.81929925585028,55.0656970343153,1,2.5,TRUE,TRUE,1,SSP1_1_9,passive_AM,experiment2
72,0.634,0.286821663523986,1.91,0.287623491264661,47.0374857260635,8.97916355910996,55.0656970343153,1,2.5,TRUE,TRUE,1,SSP1_1_9,passive_AM,experiment2
73,0.643,0.300590328278449,1.91,0.287623491264661,47.6217635330858,9.13331310898074,55.0656970343153,1,2.5,TRUE,TRUE,1,SSP1_1_9,passive_AM,experiment2
74,0.651,0.301677130238755,1.91,0.287623491264661,48.2149174482886,9.28471380730022,55.0656970343153,1,2.5,TRUE,TRUE,1,SSP1_1_9,passive_AM,experiment2
75,0.641,0.290973635516444,1.91,0.287623491264661,48.8159530636623,9.44981762134592,55.0656970343153,1,2.5,TRUE,TRUE,1,SSP1_1_9,passive_AM,experiment2
76,0.649,0.290069653773717,1.91,0.287623491264661,49.4070032986484,9.61169034423242,55.0656970343153,1,2.5,TRUE,TRUE,1,SSP1_1_9,passive_AM,experiment2
77,0.635,0.289330470590502,1.91,0.287623491264661,50.0059338560497,9.78553292418662,55.0656970343153,1,2.5,TRUE,TRUE,1,SSP1_1_9,passive_AM,experiment2
78,0.622,0.283406407689015,1.89,0.31446603773522,50.5909119117774,9.96327953215794,55.0656970343153,1,2.5,TRUE,TRUE,1,SSP1_1_9,passive_AM,experiment2
79,0.607,0.27752695746758,1.88,0.32659863237109,51.1639247102508,10.1409255542833,55.0656970343153,1,2.5,TRUE,TRUE,1,SSP1_1_9,passive_AM,experiment2
80,0.596,0.276310468038174,1.88,0.32659863237109,51.7224943118438,10.3064400379012,55.0656970343153,1,2.5,TRUE,TRUE,1,SSP1_1_9,passive_AM,experiment2
81,0.629,0.286495720700673,1.88,0.32659863237109,52.2700957097786,10.4673352338701,55.0656970343153,1,2.5,TRUE,TRUE,1,SSP1_1_9,passive_AM,experiment2
82,0.671,0.292773225579392,1.88,0.32659863237109,52.8503761139636,10.6517767992408,55.0656970343153,1,2.5,TRUE,TRUE,1,SSP1_1_9,passive_AM,experiment2
83,0.663,0.292552334953712,1,0,53.472255481216,10.8405784339728,55.0656970343153,1,2.5,TRUE,TRUE,1,SSP1_1_9,passive_AM,experiment2
0,1,0,2,0,0,0,58.6108880912831,2.5,2.5,TRUE,TRUE,1,SSP1_1_9,passive_AM,experiment2
1,0.866,0.107515561476448,2,0,0.95,0,58.6108880912831,2.5,2.5,TRUE,TRUE,1,SSP1_1_9,passive_AM,experiment2
2,0.824,0.13342421145362,2,0,1.7659184,0.107504809920301,58.6108880912831,2.5,2.5,TRUE,TRUE,1,SSP1_1_9,passive_AM,experiment2
3,0.817,0.139302011848539,2,0,2.53976360774,0.208133876852598,58.6108880912831,2.5,2.5,TRUE,TRUE,1,SSP1_1_9,passive_AM,experiment2
4,0.79,0.166059500106912,1.99,0.1,3.30653353074923,0.303535161039729,58.6108880912831,2.5,2.5,TRUE,TRUE,1,SSP1_1_9,passive_AM,experiment2
5,0.781,0.18350955717825,1.99,0.1,4.04673737517627,0.38460293850502,58.6108880912831,2.5,2.5,TRUE,TRUE,1,SSP1_1_9,passive_AM,experiment2
6,0.773,0.178010895138131,1.99,0.1,4.77787169831896,0.48336148010549,58.6108880912831,2.5,2.5,TRUE,TRUE,1,SSP1_1_9,passive_AM,experiment2
7,0.754,0.194583211666953,1.98,0.14070529413629,5.50093770682949,0.591340731150984,58.6108880912831,2.5,2.5,TRUE,TRUE,1,SSP1_1_9,passive_AM,experiment2
8,0.747,0.199218168819711,1.98,0.14070529413629,6.20544435485481,0.712863015677105,58.6108880912831,2.5,2.5,TRUE,TRUE,1,SSP1_1_9,passive_AM,experiment2
9,0.753,0.203233954850169,1.98,0.14070529413629,6.90288615025573,0.82273630946097,58.6108880912831,2.5,2.5,TRUE,TRUE,1,SSP1_1_9,passive_AM,experiment2
10,0.742,0.206059714793081,1.98,0.14070529413629,7.6062528036366,0.940494422849059,58.6108880912831,2.5,2.5,TRUE,TRUE,1,SSP1_1_9,passive_AM,experiment2
11,0.725,0.217132366648698,1.98,0.14070529413629,8.29856011540346,1.06020869106643,58.6108880912831,2.5,2.5,TRUE,TRUE,1,SSP1_1_9,passive_AM,experiment2
12,0.735,0.219905856808285,1.98,0.14070529413629,8.97381688709194,1.18162644614901,58.6108880912831,2.5,2.5,TRUE,TRUE,1,SSP1_1_9,passive_AM,experiment2
13,0.701,0.219040607830575,1.98,0.14070529413629,9.65899413970106,1.32211367449654,58.6108880912831,2.5,2.5,TRUE,TRUE,1,SSP1_1_9,passive_AM,experiment2
14,0.705,0.222190654323459,1.98,0.14070529413629,10.3101470480746,1.4601034291724,58.6108880912831,2.5,2.5,TRUE,TRUE,1,SSP1_1_9,passive_AM,experiment2
15,0.712,0.231499285510602,1.97,0.171446607997765,10.9652292447959,1.59438963932223,58.6108880912831,2.5,2.5,TRUE,TRUE,1,SSP1_1_9,passive_AM,experiment2
16,0.704,0.228707391019772,1.97,0.171446607997765,11.6277346911691,1.73913694362528,58.6108880912831,2.5,2.5,TRUE,TRUE,1,SSP1_1_9,passive_AM,experiment2
17,0.727,0.230438755859383,1.97,0.171446607997765,12.2821866774021,1.8795050313557,58.6108880912831,2.5,2.5,TRUE,TRUE,1,SSP1_1_9,passive_AM,experiment2
18,0.704,0.215519105530078,1.97,0.171446607997765,12.9595341497009,2.01879579229938,58.6108880912831,2.5,2.5,TRUE,TRUE,1,SSP1_1_9,passive_AM,experiment2
19,0.7,0.207923839980708,1.97,0.171446607997765,13.6138552520812,2.13966976421102,58.6108880912831,2.5,2.5,TRUE,TRUE,1,SSP1_1_9,passive_AM,experiment2
20,0.697,0.209113086219593,1.97,0.171446607997765,14.2641185155152,2.25483803662554,58.6108880912831,2.5,2.5,TRUE,TRUE,1,SSP1_1_9,passive_AM,experiment2
21,0.715,0.213851170752753,1.97,0.171446607997765,14.9113227469262,2.37290762277347,58.6108880912831,2.5,2.5,TRUE,TRUE,1,SSP1_1_9,passive_AM,experiment2
22,0.735,0.218523511898663,1.97,0.171446607997765,15.5764244956902,2.49400148351499,58.6108880912831,2.5,2.5,TRUE,TRUE,1,SSP1_1_9,passive_AM,experiment2
23,0.718,0.211478680540693,1.97,0.171446607997765,16.2614157804485,2.61186208006439,58.6108880912831,2.5,2.5,TRUE,TRUE,1,SSP1_1_9,passive_AM,experiment2
24,0.715,0.209557012323953,1.97,0.171446607997765,16.9293776230984,2.72137566616843,58.6108880912831,2.5,2.5,TRUE,TRUE,1,SSP1_1_9,passive_AM,experiment2
25,0.754,0.214814930918348,1.97,0.171446607997765,17.5942798612901,2.84004773475582,58.6108880912831,2.5,2.5,TRUE,TRUE,1,SSP1_1_9,passive_AM,experiment2
26,0.756,0.225773641893241,1.97,0.171446607997765,18.2980182261683,2.95459295137126,58.6108880912831,2.5,2.5,TRUE,TRUE,1,SSP1_1_9,passive_AM,experiment2
27,0.731,0.226387974838584,1.96,0.196946385566932,19.0036810237049,3.06803536915456,58.6108880912831,2.5,2.5,TRUE,TRUE,1,SSP1_1_9,passive_AM,experiment2
28,0.717,0.225206975509601,1.96,0.196946385566932,19.6848393190383,3.19813409335741,58.6108880912831,2.5,2.5,TRUE,TRUE,1,SSP1_1_9,passive_AM,experiment2
29,0.711,0.214096645787303,1.96,0.196946385566932,20.351968645668,3.30403780005832,58.6108880912831,2.5,2.5,TRUE,TRUE,1,SSP1_1_9,passive_AM,experiment2
30,0.715,0.218985263099016,1.96,0.196946385566932,21.013048635027,3.41108460502337,58.6108880912831,2.5,2.5,TRUE,TRUE,1,SSP1_1_9,passive_AM,experiment2
31,0.727,0.232185488371046,1.96,0.196946385566932,21.6780505337708,3.515223523691,58.6108880912831,2.5,2.5,TRUE,TRUE,1,SSP1_1_9,passive_AM,experiment2
32,0.729,0.231069100688364,1.96,0.196946385566932,22.3549487880708,3.62503931036483,58.6108880912831,2.5,2.5,TRUE,TRUE,1,SSP1_1_9,passive_AM,experiment2
33,0.714,0.234852199384114,1.96,0.196946385566932,23.0337729624555,3.74233822236325,58.6108880912831,2.5,2.5,TRUE,TRUE,1,SSP1_1_9,passive_AM,experiment2
34,0.699,0.237195312267372,1.96,0.196946385566932,23.6975786753046,3.87205666596949,58.6108880912831,2.5,2.5,TRUE,TRUE,1,SSP1_1_9,passive_AM,experiment2
35,0.692,0.226381282018821,1.96,0.196946385566932,24.346368923522,3.99244898122597,58.6108880912831,2.5,2.5,TRUE,TRUE,1,SSP1_1_9,passive_AM,experiment2
36,0.698,0.255042084069403,1.96,0.196946385566932,24.9881187511104,4.10171436189479,58.6108880912831,2.5,2.5,TRUE,TRUE,1,SSP1_1_9,passive_AM,experiment2
37,0.68,0.238259683470949,1.96,0.196946385566932,25.6357828414732,4.20631938533684,58.6108880912831,2.5,2.5,TRUE,TRUE,1,SSP1_1_9,passive_AM,experiment2
38,0.697,0.238875733722821,1.96,0.196946385566932,26.2654486456867,4.32496766664685,58.6108880912831,2.5,2.5,TRUE,TRUE,1,SSP1_1_9,passive_AM,experiment2
39,0.708,0.239814743314733,1.96,0.196946385566932,26.9119870026866,4.44844970296206,58.6108880912831,2.5,2.5,TRUE,TRUE,1,SSP1_1_9,passive_AM,experiment2
40,0.694,0.22733413311865,1.96,0.196946385566932,27.5694178872602,4.57550352982834,58.6108880912831,2.5,2.5,TRUE,TRUE,1,SSP1_1_9,passive_AM,experiment2
41,0.719,0.238977197678149,1.96,0.196946385566932,28.2128389196837,4.69906926561588,58.6108880912831,2.5,2.5,TRUE,TRUE,1,SSP1_1_9,passive_AM,experiment2
42,0.72,0.216957846299015,1.96,0.196946385566932,28.8810933147376,4.82845163051462,58.6108880912831,2.5,2.5,TRUE,TRUE,1,SSP1_1_9,passive_AM,experiment2
43,0.737,0.229912148351487,1.96,0.196946385566932,29.5502766929506,4.95723317278749,58.6108880912831,2.5,2.5,TRUE,TRUE,1,SSP1_1_9,passive_AM,experiment2
44,0.722,0.243119457689159,1.95,0.21904291355759,30.2363202061261,5.08748412786143,58.6108880912831,2.5,2.5,TRUE,TRUE,1,SSP1_1_9,passive_AM,experiment2
45,0.712,0.229307257150353,1.95,0.21904291355759,30.9078587779722,5.22164569376553,58.6108880912831,2.5,2.5,TRUE,TRUE,1,SSP1_1_9,passive_AM,experiment2
46,0.71,0.244742701421288,1.95,0.21904291355759,31.5693750971028,5.35517283067429,58.6108880912831,2.5,2.5,TRUE,TRUE,1,SSP1_1_9,passive_AM,experiment2
47,0.7,0.247818767275889,1.95,0.21904291355759,32.2288344439319,5.50282406208469,58.6108880912831,2.5,2.5,TRUE,TRUE,1,SSP1_1_9,passive_AM,experiment2
48,0.715,0.240107299246639,1.95,0.21904291355759,32.8782747368882,5.6377166393928,58.6108880912831,2.5,2.5,TRUE,TRUE,1,SSP1_1_9,passive_AM,experiment2
49,0.696,0.245328063184501,1.95,0.21904291355759,33.5425782547561,5.77524878770882,58.6108880912831,2.5,2.5,TRUE,TRUE,1,SSP1_1_9,passive_AM,experiment2
50,0.676,0.231865513092431,1.95,0.21904291355759,34.1879082191819,5.90953577292895,58.6108880912831,2.5,2.5,TRUE,TRUE,1,SSP1_1_9,passive_AM,experiment2
51,0.704,0.241594032972002,1.95,0.21904291355759,34.8132734060027,6.03807598040859,58.6108880912831,2.5,2.5,TRUE,TRUE,1,SSP1_1_9,passive_AM,experiment2
52,0.704,0.232648345202051,1.95,0.21904291355759,35.4664336127225,6.1698581262367,58.6108880912831,2.5,2.5,TRUE,TRUE,1,SSP1_1_9,passive_AM,experiment2
53,0.695,0.237994567461978,1.95,0.21904291355759,36.1195285034216,6.30299528949842,58.6108880912831,2.5,2.5,TRUE,TRUE,1,SSP1_1_9,passive_AM,experiment2
54,0.727,0.239467000742157,1.95,0.21904291355759,36.7636056608222,6.43991800361834,58.6108880912831,2.5,2.5,TRUE,TRUE,1,SSP1_1_9,passive_AM,experiment2
55,0.734,0.250744346442203,1.95,0.21904291355759,37.4394460676344,6.57512550316186,58.6108880912831,2.5,2.5,TRUE,TRUE,1,SSP1_1_9,passive_AM,experiment2
56,0.706,0.247337335587973,1.95,0.21904291355759,38.1221804941724,6.71186635687319,58.6108880912831,2.5,2.5,TRUE,TRUE,1,SSP1_1_9,passive_AM,experiment2
57,0.706,0.245698345064994,1.95,0.21904291355759,38.777003016843,6.83944866322364,58.6108880912831,2.5,2.5,TRUE,TRUE,1,SSP1_1_9,passive_AM,experiment2
58,0.702,0.251050318912888,1.95,0.21904291355759,39.4317600572613,6.97312964833706,58.6108880912831,2.5,2.5,TRUE,TRUE,1,SSP1_1_9,passive_AM,experiment2
59,0.699,0.238892647374709,1.95,0.21904291355759,40.0824747559787,7.11258027699659,58.6108880912831,2.5,2.5,TRUE,TRUE,1,SSP1_1_9,passive_AM,experiment2
60,0.693,0.232793748397437,1.95,0.21904291355759,40.7301420319937,7.24569833764403,58.6108880912831,2.5,2.5,TRUE,TRUE,1,SSP1_1_9,passive_AM,experiment2
61,0.704,0.242845089251847,1.95,0.21904291355759,41.3717804352862,7.3750458279186,58.6108880912831,2.5,2.5,TRUE,TRUE,1,SSP1_1_9,passive_AM,experiment2
62,0.718,0.249192635719777,1.95,0.21904291355759,42.024287775643,7.50307956250128,58.6108880912831,2.5,2.5,TRUE,TRUE,1,SSP1_1_9,passive_AM,experiment2
63,0.708,0.238970857443059,1.95,0.21904291355759,42.690643329477,7.64213958326899,58.6108880912831,2.5,2.5,TRUE,TRUE,1,SSP1_1_9,passive_AM,experiment2
64,0.71,0.246797672009059,1.95,0.21904291355759,43.3469950528522,7.77788415900112,58.6108880912831,2.5,2.5,TRUE,TRUE,1,SSP1_1_9,passive_AM,experiment2
65,0.709,0.245400106196416,1.95,0.21904291355759,44.0052683812918,7.91115224933599,58.6108880912831,2.5,2.5,TRUE,TRUE,1,SSP1_1_9,passive_AM,experiment2
66,0.72,0.260535578911572,1.95,0.21904291355759,44.6624823616422,8.04859720229856,58.6108880912831,2.5,2.5,TRUE,TRUE,1,SSP1_1_9,passive_AM,experiment2
67,0.706,0.262012413924427,1.94,0.238683256575942,45.3305582560421,8.19403287510577,58.6108880912831,2.5,2.5,TRUE,TRUE,1,SSP1_1_9,passive_AM,experiment2
68,0.71,0.263043568999356,1.94,0.238683256575942,45.9851574950131,8.32673690967404,58.6108880912831,2.5,2.5,TRUE,TRUE,1,SSP1_1_9,passive_AM,experiment2
69,0.7,0.262466929133727,1.94,0.238683256575942,46.6436641649801,8.46494606029535,58.6108880912831,2.5,2.5,TRUE,TRUE,1,SSP1_1_9,passive_AM,experiment2
70,0.686,0.275981261258181,1.93,0.256432399976243,47.2921737502032,8.59859575850158,58.6108880912831,2.5,2.5,TRUE,TRUE,1,SSP1_1_9,passive_AM,experiment2
71,0.658,0.267868503847569,1.93,0.256432399976243,47.9272126591806,8.74139256340615,58.6108880912831,2.5,2.5,TRUE,TRUE,1,SSP1_1_9,passive_AM,experiment2
72,0.658,0.267868503847569,1.93,0.256432399976243,48.5343861700646,8.88296534076931,58.6108880912831,2.5,2.5,TRUE,TRUE,1,SSP1_1_9,passive_AM,experiment2
73,0.658,0.280036072712431,1.93,0.256432399976243,49.1414989635976,9.03117939525363,58.6108880912831,2.5,2.5,TRUE,TRUE,1,SSP1_1_9,passive_AM,experiment2
74,0.658,0.270868412646615,1.93,0.256432399976243,49.7485510458512,9.17176971644509,58.6108880912831,2.5,2.5,TRUE,TRUE,1,SSP1_1_9,passive_AM,experiment2
75,0.656,0.261819584732493,1.93,0.256432399976243,50.3555424228966,9.31761671046127,58.6108880912831,2.5,2.5,TRUE,TRUE,1,SSP1_1_9,passive_AM,experiment2
76,0.667,0.27999098109573,1.93,0.256432399976243,50.9604880454391,9.45178961268545,58.6108880912831,2.5,2.5,TRUE,TRUE,1,SSP1_1_9,passive_AM,experiment2
77,0.67,0.267234244463806,1.92,0.272659924344291,51.5762898861474,9.60208255077869,58.6108880912831,2.5,2.5,TRUE,TRUE,1,SSP1_1_9,passive_AM,experiment2
78,0.665,0.266429819060946,1.92,0.272659924344291,52.1955032988261,9.75768533133056,58.6108880912831,2.5,2.5,TRUE,TRUE,1,SSP1_1_9,passive_AM,experiment2
79,0.65,0.272845092395748,1.89,0.31446603773522,52.8096936403932,9.90826988634834,58.6108880912831,2.5,2.5,TRUE,TRUE,1,SSP1_1_9,passive_AM,experiment2
80,0.638,0.294659536455623,1.89,0.31446603773522,53.4104287980568,10.0578087185156,58.6108880912831,2.5,2.5,TRUE,TRUE,1,SSP1_1_9,passive_AM,experiment2
81,0.653,0.290403759332319,1.89,0.31446603773522,53.9991995039885,10.2047712360585,58.6108880912831,2.5,2.5,TRUE,TRUE,1,SSP1_1_9,passive_AM,experiment2
82,0.667,0.280711577778669,1.88,0.32659863237109,54.6027903175724,10.3585605878894,58.6108880912831,2.5,2.5,TRUE,TRUE,1,SSP1_1_9,passive_AM,experiment2
83,0.669,0.292911197629878,1,0,55.2207023523383,10.5196215022628,58.6108880912831,2.5,2.5,TRUE,TRUE,1,SSP1_1_9,passive_AM,experiment2
0,1,0,2,0,0,0,48.8124105441314,1,1,TRUE,TRUE,1,SSP1_2_6,passive_AM,experiment2
1,0.87,0.131425748134554,2,0,0.95,0,48.8124105441314,1,1,TRUE,TRUE,1,SSP1_2_6,passive_AM,experiment2
2,0.788,0.170133637313303,2,0,1.769918,0.131412605559741,48.8124105441314,1,1,TRUE,TRUE,1,SSP1_2_6,passive_AM,experiment2
3,0.754,0.162940157571714,2,0,2.50777040738,0.265554301572119,48.8124105441314,1,1,TRUE,TRUE,1,SSP1_2_6,passive_AM,experiment2
4,0.759,0.165202660971061,2,0,3.2115592284993,0.382963998849008,48.8124105441314,1,1,TRUE,TRUE,1,SSP1_2_6,passive_AM,experiment2
5,0.767,0.164565543725952,2,0,3.92027567103646,0.501239167619648,48.8124105441314,1,1,TRUE,TRUE,1,SSP1_2_6,passive_AM,experiment2
6,0.773,0.172243074658103,2,0,4.63691724272929,0.607966082002949,48.8124105441314,1,1,TRUE,TRUE,1,SSP1_2_6,passive_AM,experiment2
7,0.75,0.187756558480723,2,0,5.35948355116483,0.714360442097146,48.8124105441314,1,1,TRUE,TRUE,1,SSP1_2_6,passive_AM,experiment2
8,0.734,0.215190777467508,1.99,0.1,6.05899369814033,0.817126043199943,48.8124105441314,1,1,TRUE,TRUE,1,SSP1_2_6,passive_AM,experiment2
9,0.738,0.204879861323063,1.99,0.1,6.74294628976201,0.944864043853336,48.8124105441314,1,1,TRUE,TRUE,1,SSP1_2_6,passive_AM,experiment2
10,0.743,0.202636660458112,1.99,0.1,7.43082688756418,1.0620243288014,48.8124105441314,1,1,TRUE,TRUE,1,SSP1_2_6,passive_AM,experiment2
11,0.722,0.198774020211674,1.99,0.1,8.12363369955598,1.1895616003325,48.8124105441314,1,1,TRUE,TRUE,1,SSP1_2_6,passive_AM,experiment2
12,0.738,0.197346027437733,1.99,0.1,8.79539431932004,1.32575975006337,48.8124105441314,1,1,TRUE,TRUE,1,SSP1_2_6,passive_AM,experiment2
13,0.72,0.19332288373014,1.99,0.1,9.4830685735786,1.44935131850702,48.8124105441314,1,1,TRUE,TRUE,1,SSP1_2_6,passive_AM,experiment2
14,0.715,0.195078331845327,1.99,0.1,10.1526974463769,1.55540217106741,48.8124105441314,1,1,TRUE,TRUE,1,SSP1_2_6,passive_AM,experiment2
15,0.702,0.211765068990248,1.99,0.1,10.8172663517397,1.64397840643652,48.8124105441314,1,1,TRUE,TRUE,1,SSP1_2_6,passive_AM,experiment2
16,0.71,0.211057941204435,1.99,0.1,11.4687882865679,1.72602877106167,48.8124105441314,1,1,TRUE,TRUE,1,SSP1_2_6,passive_AM,experiment2
17,0.706,0.201419207052597,1.99,0.1,12.1282322787982,1.84516985715574,48.8124105441314,1,1,TRUE,TRUE,1,SSP1_2_6,passive_AM,experiment2
18,0.708,0.199838318486104,1.99,0.1,12.7836171211919,1.95179307680322,48.8124105441314,1,1,TRUE,TRUE,1,SSP1_2_6,passive_AM,experiment2
19,0.732,0.198417985499543,1.99,0.1,13.4409328281598,2.04469846447707,48.8124105441314,1,1,TRUE,TRUE,1,SSP1_2_6,passive_AM,experiment2
20,0.713,0.192618846954342,1.99,0.1,14.1221372445737,2.11871908331983,48.8124105441314,1,1,TRUE,TRUE,1,SSP1_2_6,passive_AM,experiment2
21,0.701,0.20075363060732,1.99,0.1,14.7843115044676,2.1962057373822,48.8124105441314,1,1,TRUE,TRUE,1,SSP1_2_6,passive_AM,experiment2
22,0.69,0.188829461834126,1.99,0.1,15.4344447217515,2.27989096846891,48.8124105441314,1,1,TRUE,TRUE,1,SSP1_2_6,passive_AM,experiment2
23,0.688,0.195029135352551,1.99,0.1,16.0735371003206,2.35058026521285,48.8124105441314,1,1,TRUE,TRUE,1,SSP1_2_6,passive_AM,experiment2
24,0.673,0.191144876040044,1.99,0.1,16.7105701645954,2.43259480143257,48.8124105441314,1,1,TRUE,TRUE,1,SSP1_2_6,passive_AM,experiment2
25,0.673,0.221042068302837,1.98,0.14070529413629,17.3325754841941,2.51728286847644,48.8124105441314,1,1,TRUE,TRUE,1,SSP1_2_6,passive_AM,experiment2
26,0.672,0.213711785526038,1.98,0.14070529413629,17.9550173547597,2.60083833130051,48.8124105441314,1,1,TRUE,TRUE,1,SSP1_2_6,passive_AM,experiment2
27,0.687,0.23726343880577,1.98,0.14070529413629,18.5763995778908,2.69305855599415,48.8124105441314,1,1,TRUE,TRUE,1,SSP1_2_6,passive_AM,experiment2
28,0.676,0.236181748197904,1.98,0.14070529413629,19.2126792154058,2.80152129640944,48.8124105441314,1,1,TRUE,TRUE,1,SSP1_2_6,passive_AM,experiment2
29,0.655,0.234574620377509,1.97,0.171446607997765,19.837925983413,2.90337858884432,48.8124105441314,1,1,TRUE,TRUE,1,SSP1_2_6,passive_AM,experiment2
30,0.677,0.239467000742157,1.97,0.171446607997765,20.4426695935883,3.00582481468781,48.8124105441314,1,1,TRUE,TRUE,1,SSP1_2_6,passive_AM,experiment2
31,0.657,0.234522941523873,1.97,0.171446607997765,21.0692868250133,3.11350610666851,48.8124105441314,1,1,TRUE,TRUE,1,SSP1_2_6,passive_AM,experiment2
32,0.64,0.232248560683148,1.97,0.171446607997765,21.675903301805,3.22115111369402,48.8124105441314,1,1,TRUE,TRUE,1,SSP1_2_6,passive_AM,experiment2
33,0.628,0.236591964309352,1.96,0.196946385566932,22.2655134327133,3.33422881075149,48.8124105441314,1,1,TRUE,TRUE,1,SSP1_2_6,passive_AM,experiment2
34,0.635,0.245926407650333,1.96,0.196946385566932,22.8436024919512,3.44935785390518,48.8124105441314,1,1,TRUE,TRUE,1,SSP1_2_6,passive_AM,experiment2
35,0.626,0.234680096034469,1.96,0.196946385566932,23.4286099815113,3.57072681617373,48.8124105441314,1,1,TRUE,TRUE,1,SSP1_2_6,passive_AM,experiment2
36,0.629,0.234970447314361,1.96,0.196946385566932,24.0045904168313,3.67474918136303,48.8124105441314,1,1,TRUE,TRUE,1,SSP1_2_6,passive_AM,experiment2
37,0.634,0.237503854301527,1.96,0.196946385566932,24.5835024729864,3.78513793292611,48.8124105441314,1,1,TRUE,TRUE,1,SSP1_2_6,passive_AM,experiment2
38,0.599,0.222699235505984,1.96,0.196946385566932,25.167338171197,3.90641219560285,48.8124105441314,1,1,TRUE,TRUE,1,SSP1_2_6,passive_AM,experiment2
39,0.597,0.228501928466985,1.96,0.196946385566932,25.7162482400829,4.00478821478102,48.8124105441314,1,1,TRUE,TRUE,1,SSP1_2_6,passive_AM,experiment2
40,0.605,0.235004835540192,1.96,0.196946385566932,26.2631112031601,4.10854784200482,48.8124105441314,1,1,TRUE,TRUE,1,SSP1_2_6,passive_AM,experiment2
41,0.6,0.235273320530687,1.96,0.242878362539562,26.817887542262,4.2137832560015,48.8124105441314,1,1,TRUE,TRUE,1,SSP1_2_6,passive_AM,experiment2
42,0.589,0.230017566303273,1.98,0.283556062188838,27.3666329545939,4.31245698427618,48.8124105441314,1,1,TRUE,TRUE,1,SSP1_2_6,passive_AM,experiment2
43,0.605,0.224001713557659,2.02,0.347574568701568,27.9013821720052,4.4239164362139,48.8124105441314,1,1,TRUE,TRUE,1,SSP1_2_6,passive_AM,experiment2
44,0.619,0.222789931404796,2.06,0.39746672562593,28.4460350046714,4.53869855188826,48.8124105441314,1,1,TRUE,TRUE,1,SSP1_2_6,passive_AM,experiment2
45,0.609,0.225224915642703,2.04,0.373895680368174,28.9985982476285,4.65508142819949,48.8124105441314,1,1,TRUE,TRUE,1,SSP1_2_6,passive_AM,experiment2
46,0.616,0.224157231974489,2.12,0.455715665384423,29.5441376650605,4.76668693913683,48.8124105441314,1,1,TRUE,TRUE,1,SSP1_2_6,passive_AM,experiment2
47,0.607,0.212372362142582,2.26,0.543464382782842,30.0846454768766,4.88380313569675,48.8124105441314,1,1,TRUE,TRUE,1,SSP1_2_6,passive_AM,experiment2
48,0.616,0.202868320729373,2.31,0.563090318750649,30.5952399140975,5.00740847926462,48.8124105441314,1,1,TRUE,TRUE,1,SSP1_2_6,passive_AM,experiment2
49,0.631,0.212105843599107,2.34,0.57243057891483,31.1072761087687,5.11990184519483,48.8124105441314,1,1,TRUE,TRUE,1,SSP1_2_6,passive_AM,experiment2
50,0.635,0.225350456584468,2.36,0.594928057784632,31.6297097731072,5.22099250163039,48.8124105441314,1,1,TRUE,TRUE,1,SSP1_2_6,passive_AM,experiment2
51,0.653,0.235897169858976,2.37,0.597215762238964,32.1520911940793,5.33201648491794,48.8124105441314,1,1,TRUE,TRUE,1,SSP1_2_6,passive_AM,experiment2
52,0.658,0.237061130930357,2.39,0.601261300530104,32.6908364369411,5.45083595093767,48.8124105441314,1,1,TRUE,TRUE,1,SSP1_2_6,passive_AM,experiment2
53,0.662,0.244445362716365,2.43,0.607279078174013,33.2315174317544,5.55695265839103,48.8124105441314,1,1,TRUE,TRUE,1,SSP1_2_6,passive_AM,experiment2
54,0.655,0.252012104888041,2.46,0.610017386736814,33.7701549309551,5.6439750253886,48.8124105441314,1,1,TRUE,TRUE,1,SSP1_2_6,passive_AM,experiment2
55,0.655,0.253211693284812,2.47,0.61059666133077,34.2973005021257,5.73441394123409,48.8124105441314,1,1,TRUE,TRUE,1,SSP1_2_6,passive_AM,experiment2
56,0.64,0.250655705756487,2.42,0.606030302272689,34.8229015865035,5.8290351826003,48.8124105441314,1,1,TRUE,TRUE,1,SSP1_2_6,passive_AM,experiment2
57,0.633,0.247841184078136,2.46,0.610017386736814,35.3409919954805,5.92188959488388,48.8124105441314,1,1,TRUE,TRUE,1,SSP1_2_6,passive_AM,experiment2
58,0.634,0.252750525781507,2.44,0.608359277155375,35.8461044883165,6.02453998245482,48.8124105441314,1,1,TRUE,TRUE,1,SSP1_2_6,passive_AM,experiment2
59,0.61,0.239738915228103,2.43,0.607279078174013,36.3551433358999,6.13079738279761,48.8124105441314,1,1,TRUE,TRUE,1,SSP1_2_6,passive_AM,experiment2
60,0.623,0.254992572678524,2.45,0.609271795844942,36.841763645354,6.23907504902423,48.8124105441314,1,1,TRUE,TRUE,1,SSP1_2_6,passive_AM,experiment2
61,0.615,0.253211693284812,2.39,0.601261300530104,37.3382754694355,6.35025347681461,48.8124105441314,1,1,TRUE,TRUE,1,SSP1_2_6,passive_AM,experiment2
62,0.637,0.264634300745979,2.36,0.594928057784632,37.8357315605985,6.45895172535196,48.8124105441314,1,1,TRUE,TRUE,1,SSP1_2_6,passive_AM,experiment2
63,0.631,0.271432786479006,2.29,0.573752489486468,38.3594741062668,6.58484380567097,48.8124105441314,1,1,TRUE,TRUE,1,SSP1_2_6,passive_AM,experiment2
64,0.629,0.275715781048514,2.26,0.561743318211757,38.887636015387,6.70047959444459,48.8124105441314,1,1,TRUE,TRUE,1,SSP1_2_6,passive_AM,experiment2
65,0.618,0.272800663525956,2.21,0.537389875963326,39.4182291586123,6.81134210422549,48.8124105441314,1,1,TRUE,TRUE,1,SSP1_2_6,passive_AM,experiment2
66,0.605,0.271313676601662,2.19,0.525991127935317,39.9452919198759,6.92212997299018,48.8124105441314,1,1,TRUE,TRUE,1,SSP1_2_6,passive_AM,experiment2
67,0.619,0.272917273883201,2.1,0.502518907629606,40.4623677608203,7.0280707680918,48.8124105441314,1,1,TRUE,TRUE,1,SSP1_2_6,passive_AM,experiment2
68,0.629,0.269040569957076,2.13,0.505624925865573,41.004721606766,7.14573792819516,48.8124105441314,1,1,TRUE,TRUE,1,SSP1_2_6,passive_AM,experiment2
69,0.633,0.277454154917183,2.1,0.460566186471838,41.5534771650718,7.25914433156241,48.8124105441314,1,1,TRUE,TRUE,1,SSP1_2_6,passive_AM,experiment2
70,0.629,0.287551488582234,2.01,0.362232137188463,42.1116125201949,7.38304031217212,48.8124105441314,1,1,TRUE,TRUE,1,SSP1_2_6,passive_AM,experiment2
71,0.611,0.272621023074564,2,0.348155311911396,42.6791257906884,7.5196116846366,48.8124105441314,1,1,TRUE,TRUE,1,SSP1_2_6,passive_AM,experiment2
72,0.618,0.28333511585892,1.96,0.315268043724605,43.2301990507712,7.66398117372474,48.8124105441314,1,1,TRUE,TRUE,1,SSP1_2_6,passive_AM,experiment2
73,0.607,0.27861671293602,1.96,0.315268043724605,43.7931311095336,7.80937419495059,48.8124105441314,1,1,TRUE,TRUE,1,SSP1_2_6,passive_AM,experiment2
74,0.6,0.266666666666667,1.94,0.277797979063414,44.345086886693,7.94733536355992,48.8124105441314,1,1,TRUE,TRUE,1,SSP1_2_6,passive_AM,experiment2
75,0.59,0.264956638342994,1.93,0.256432399976243,44.8930169604936,8.08561407616268,48.8124105441314,1,1,TRUE,TRUE,1,SSP1_2_6,passive_AM,experiment2
76,0.561,0.242418371141023,1.94,0.238683256575942,45.4324557559847,8.21063264284444,48.8124105441314,1,1,TRUE,TRUE,1,SSP1_2_6,passive_AM,experiment2
77,0.568,0.260489050546363,1.93,0.256432399976243,45.9425639689164,8.33494007631963,48.8124105441314,1,1,TRUE,TRUE,1,SSP1_2_6,passive_AM,experiment2
78,0.572,0.255081686262787,1.92,0.272659924344291,46.4600636399291,8.46370793625489,48.8124105441314,1,1,TRUE,TRUE,1,SSP1_2_6,passive_AM,experiment2
79,0.563,0.244393704559432,1.92,0.272659924344291,46.9819765957681,8.59092377556025,48.8124105441314,1,1,TRUE,TRUE,1,SSP1_2_6,passive_AM,experiment2
80,0.566,0.254740906202615,1.93,0.256432399976243,47.4949081837318,8.71722776743372,48.8124105441314,1,1,TRUE,TRUE,1,SSP1_2_6,passive_AM,experiment2
81,0.563,0.24726994205205,1.91,0.287623491264661,48.0102685573317,8.84666452585243,48.8124105441314,1,1,TRUE,TRUE,1,SSP1_2_6,passive_AM,experiment2
82,0.549,0.25405598683055,1.8,0.402015126103685,48.5235935302646,8.96823762863175,48.8124105441314,1,1,TRUE,TRUE,1,SSP1_2_6,passive_AM,experiment2
83,0.549,0.250048480147835,1,0,49.0284365891664,9.08521941642226,48.8124105441314,1,1,TRUE,TRUE,1,SSP1_2_6,passive_AM,experiment2
0,1,0,2,0,0,0,47.4557870603675,2.5,1,TRUE,TRUE,1,SSP1_2_6,passive_AM,experiment2
1,0.866,0.134254394431774,2,0,0.95,0,47.4557870603675,2.5,1,TRUE,TRUE,1,SSP1_2_6,passive_AM,experiment2
2,0.795,0.153330039490313,2,0,1.7659184,0.134240968992331,47.4557870603675,2.5,1,TRUE,TRUE,1,SSP1_2_6,passive_AM,experiment2
3,0.786,0.177536452367371,2,0,2.51076940745,0.25615447811271,47.4557870603675,2.5,1,TRUE,TRUE,1,SSP1_2_6,passive_AM,experiment2
4,0.777,0.172243074658103,2,0,3.24654862952926,0.382482299962959,47.4557870603675,2.5,1,TRUE,TRUE,1,SSP1_2_6,passive_AM,experiment2
5,0.78,0.180906806746658,2,0,3.97325787314636,0.507607120281755,47.4557870603675,2.5,1,TRUE,TRUE,1,SSP1_2_6,passive_AM,experiment2
6,0.754,0.188786662771511,2,0,4.70289294613906,0.62743332631061,47.4557870603675,2.5,1,TRUE,TRUE,1,SSP1_2_6,passive_AM,experiment2
7,0.755,0.184978841268864,2,0,5.40647065172498,0.752245628180984,47.4557870603675,2.5,1,TRUE,TRUE,1,SSP1_2_6,passive_AM,experiment2
8,0.727,0.205900338744135,1.99,0.1,6.1109772997503,0.87794079983029,47.4557870603675,2.5,1,TRUE,TRUE,1,SSP1_2_6,passive_AM,experiment2
9,0.72,0.208409077139993,1.99,0.1,6.78793548941237,0.998192858117712,47.4557870603675,2.5,1,TRUE,TRUE,1,SSP1_2_6,passive_AM,experiment2
10,0.723,0.205900338744135,1.99,0.1,7.45783228073606,1.12043701865241,47.4557870603675,2.5,1,TRUE,TRUE,1,SSP1_2_6,passive_AM,experiment2
11,0.712,0.216155574351513,1.98,0.14070529413629,8.13065908373025,1.23213679138759,47.4557870603675,2.5,1,TRUE,TRUE,1,SSP1_2_6,passive_AM,experiment2
12,0.695,0.222644800232808,1.98,0.14070529413629,8.79293014827088,1.37643388621478,47.4557870603675,2.5,1,TRUE,TRUE,1,SSP1_2_6,passive_AM,experiment2
13,0.689,0.215038169033812,1.98,0.14070529413629,9.43815537448879,1.52131462745727,47.4557870603675,2.5,1,TRUE,TRUE,1,SSP1_2_6,passive_AM,experiment2
14,0.685,0.216666666666667,1.98,0.14070529413629,10.0773238735058,1.65575065816656,47.4557870603675,2.5,1,TRUE,TRUE,1,SSP1_2_6,passive_AM,experiment2
15,0.68,0.227857832692212,1.97,0.171446607997765,10.7124340520344,1.78864432132116,47.4557870603675,2.5,1,TRUE,TRUE,1,SSP1_2_6,passive_AM,experiment2
16,0.696,0.226488343401972,1.97,0.171446607997765,11.3429874648221,1.92279837628202,47.4557870603675,2.5,1,TRUE,TRUE,1,SSP1_2_6,passive_AM,experiment2
17,0.682,0.223552583469209,1.97,0.171446607997765,11.9894522414596,2.04756628553996,47.4557870603675,2.5,1,TRUE,TRUE,1,SSP1_2_6,passive_AM,experiment2
18,0.679,0.215225979431439,1.97,0.171446607997765,12.621876152589,2.17734483864347,47.4557870603675,2.5,1,TRUE,TRUE,1,SSP1_2_6,passive_AM,experiment2
19,0.692,0.226827037741326,1.96,0.196946385566932,13.2512422167397,2.30385801385024,47.4557870603675,2.5,1,TRUE,TRUE,1,SSP1_2_6,passive_AM,experiment2
20,0.668,0.220596070369865,1.96,0.196946385566932,13.8940197173559,2.4130910622357,47.4557870603675,2.5,1,TRUE,TRUE,1,SSP1_2_6,passive_AM,experiment2
21,0.681,0.222789931404796,1.96,0.196946385566932,14.5127808946494,2.50504992000251,47.4557870603675,2.5,1,TRUE,TRUE,1,SSP1_2_6,passive_AM,experiment2
22,0.691,0.228342733714923,1.96,0.196946385566932,15.1444529231079,2.59782968395179,47.4557870603675,2.5,1,TRUE,TRUE,1,SSP1_2_6,passive_AM,experiment2
23,0.692,0.239814743314733,1.96,0.196946385566932,15.7860398074482,2.68769936421658,47.4557870603675,2.5,1,TRUE,TRUE,1,SSP1_2_6,passive_AM,experiment2
24,0.674,0.230335723357332,1.96,0.196946385566932,16.4285602356282,2.81224500712137,47.4557870603675,2.5,1,TRUE,TRUE,1,SSP1_2_6,passive_AM,experiment2
25,0.677,0.228236542192347,1.96,0.196946385566932,17.0530595621218,2.91765171118999,47.4557870603675,2.5,1,TRUE,TRUE,1,SSP1_2_6,passive_AM,experiment2
26,0.654,0.221756076750464,1.96,0.196946385566932,17.6804889476759,3.00076407516009,47.4557870603675,2.5,1,TRUE,TRUE,1,SSP1_2_6,passive_AM,experiment2
27,0.663,0.240645176577676,1.94,0.238683256575942,18.2849153156012,3.08497916808777,47.4557870603675,2.5,1,TRUE,TRUE,1,SSP1_2_6,passive_AM,experiment2
28,0.647,0.249628006069314,1.94,0.238683256575942,18.8992542759605,3.18591351015846,47.4557870603675,2.5,1,TRUE,TRUE,1,SSP1_2_6,passive_AM,experiment2
29,0.628,0.245393931909862,1.93,0.256432399976243,19.4975765419962,3.28462622207874,47.4557870603675,2.5,1,TRUE,TRUE,1,SSP1_2_6,passive_AM,experiment2
30,0.608,0.234275155500639,1.93,0.256432399976243,20.0773925507627,3.37906371815231,47.4557870603675,2.5,1,TRUE,TRUE,1,SSP1_2_6,passive_AM,experiment2
31,0.594,0.235625108847066,1.93,0.256432399976243,20.6372104910096,3.47977501715821,47.4557870603675,2.5,1,TRUE,TRUE,1,SSP1_2_6,passive_AM,experiment2
32,0.596,0.24491598229564,1.92,0.272659924344291,21.1830157844253,3.59047098631409,47.4557870603675,2.5,1,TRUE,TRUE,1,SSP1_2_6,passive_AM,experiment2
33,0.623,0.252604613792169,1.92,0.272659924344291,21.7312585096993,3.70720902710585,47.4557870603675,2.5,1,TRUE,TRUE,1,SSP1_2_6,passive_AM,experiment2
34,0.608,0.25133180612027,1.92,0.272659924344291,22.3063574531135,3.82156566140226,47.4557870603675,2.5,1,TRUE,TRUE,1,SSP1_2_6,passive_AM,experiment2
35,0.617,0.270074811932553,1.92,0.272659924344291,22.8664498025731,3.92080713917603,47.4557870603675,2.5,1,TRUE,TRUE,1,SSP1_2_6,passive_AM,experiment2
36,0.62,0.27154626445115,1.92,0.272659924344291,23.4354546962889,4.02950299428726,47.4557870603675,2.5,1,TRUE,TRUE,1,SSP1_2_6,passive_AM,experiment2
37,0.604,0.270398135191705,1.92,0.272659924344291,24.0073919083939,4.13346286596757,47.4557870603675,2.5,1,TRUE,TRUE,1,SSP1_2_6,passive_AM,experiment2
38,0.577,0.251000020121533,1.92,0.272659924344291,24.5633310203419,4.24405253663865,47.4557870603675,2.5,1,TRUE,TRUE,1,SSP1_2_6,passive_AM,experiment2
39,0.56,0.247818767275889,1.92,0.272659924344291,25.0923169487963,4.36468293184792,47.4557870603675,2.5,1,TRUE,TRUE,1,SSP1_2_6,passive_AM,experiment2
40,0.569,0.238554146491066,1.92,0.272659924344291,25.6043161528431,4.49461766734081,47.4557870603675,2.5,1,TRUE,TRUE,1,SSP1_2_6,passive_AM,experiment2
41,0.572,0.254685387222444,1.93,0.293188669562103,26.1252282270807,4.62147732969028,47.4557870603675,2.5,1,TRUE,TRUE,1,SSP1_2_6,passive_AM,experiment2
42,0.546,0.235882182541209,1.97,0.361114996094098,26.6475820723948,4.76037385068584,47.4557870603675,2.5,1,TRUE,TRUE,1,SSP1_2_6,passive_AM,experiment2
43,0.554,0.243468206706271,2.05,0.457816513022367,27.1380178071714,4.89808420921505,47.4557870603675,2.5,1,TRUE,TRUE,1,SSP1_2_6,passive_AM,experiment2
44,0.575,0.278297493609797,2.09,0.49431107042371,27.6244216623039,5.03882300817459,47.4557870603675,2.5,1,TRUE,TRUE,1,SSP1_2_6,passive_AM,experiment2
45,0.556,0.274623709497527,2.14,0.550848748237067,28.1257110187523,5.17888074183886,47.4557870603675,2.5,1,TRUE,TRUE,1,SSP1_2_6,passive_AM,experiment2
46,0.538,0.261224776463458,2.22,0.595945899517326,28.599573724405,5.30667899699517,47.4557870603675,2.5,1,TRUE,TRUE,1,SSP1_2_6,passive_AM,experiment2
47,0.528,0.258230184685734,2.28,0.620849857416868,29.043526733742,5.43349752171788,47.4557870603675,2.5,1,TRUE,TRUE,1,SSP1_2_6,passive_AM,experiment2
48,0.517,0.253084008091217,2.39,0.649708559371979,29.4685244426958,5.56165407198221,47.4557870603675,2.5,1,TRUE,TRUE,1,SSP1_2_6,passive_AM,experiment2
49,0.538,0.259673454612332,2.45,0.657128740672771,29.8661113421538,5.69685442743632,47.4557870603675,2.5,1,TRUE,TRUE,1,SSP1_2_6,passive_AM,experiment2
50,0.54,0.260147588258603,2.5,0.659047368816107,30.275599823821,5.82884904749813,47.4557870603675,2.5,1,TRUE,TRUE,1,SSP1_2_6,passive_AM,experiment2
51,0.533,0.26932575746921,2.5,0.659047368816107,30.6795747893728,5.95426042240543,47.4557870603675,2.5,1,TRUE,TRUE,1,SSP1_2_6,passive_AM,experiment2
52,0.537,0.268800177368869,2.53,0.65835730681321,31.0765449683236,6.07144843511216,47.4557870603675,2.5,1,TRUE,TRUE,1,SSP1_2_6,passive_AM,experiment2
53,0.552,0.286560938924292,2.53,0.65835730681321,31.4729780436375,6.18607535991437,47.4557870603675,2.5,1,TRUE,TRUE,1,SSP1_2_6,passive_AM,experiment2
54,0.57,0.297972949758663,2.56,0.656282767339712,31.8842921819929,6.31027239140006,47.4557870603675,2.5,1,TRUE,TRUE,1,SSP1_2_6,passive_AM,experiment2
55,0.563,0.293242065691314,2.55,0.657128740672771,32.3089924817851,6.43811023266224,47.4557870603675,2.5,1,TRUE,TRUE,1,SSP1_2_6,passive_AM,experiment2
56,0.544,0.288961917731368,2.55,0.657128740672771,32.7281804800164,6.56211135545971,47.4557870603675,2.5,1,TRUE,TRUE,1,SSP1_2_6,passive_AM,experiment2
57,0.561,0.300132967165885,2.55,0.672324476737388,33.1284326673739,6.68330856931542,47.4557870603675,2.5,1,TRUE,TRUE,1,SSP1_2_6,passive_AM,experiment2
58,0.575,0.299283656537919,2.54,0.673000217629454,33.5445538844051,6.80347083829499,47.4557870603675,2.5,1,TRUE,TRUE,1,SSP1_2_6,passive_AM,experiment2
59,0.578,0.313204357723467,2.5,0.674199862463242,33.976043845052,6.92418271574985,47.4557870603675,2.5,1,TRUE,TRUE,1,SSP1_2_6,passive_AM,experiment2
60,0.576,0.30719322383099,2.48,0.673900151462673,34.4164377104006,7.06204329914771,47.4557870603675,2.5,1,TRUE,TRUE,1,SSP1_2_6,passive_AM,experiment2
61,0.581,0.309347635510536,2.46,0.673000217629454,34.8577815540286,7.19762811736537,47.4557870603675,2.5,1,TRUE,TRUE,1,SSP1_2_6,passive_AM,experiment2
62,0.582,0.313139849997674,2.44,0.671497647731614,35.3070326093847,7.33561945040329,47.4557870603675,2.5,1,TRUE,TRUE,1,SSP1_2_6,passive_AM,experiment2
63,0.587,0.294959336351657,2.43,0.670519171684121,35.7602140151241,7.48605688507095,47.4557870603675,2.5,1,TRUE,TRUE,1,SSP1_2_6,passive_AM,experiment2
64,0.576,0.294089933334837,2.43,0.670519171684121,36.2198092794103,7.64458674710185,47.4557870603675,2.5,1,TRUE,TRUE,1,SSP1_2_6,passive_AM,experiment2
65,0.588,0.298575743735948,2.38,0.66332495807108,36.6684287628677,7.78914326495958,47.4557870603675,2.5,1,TRUE,TRUE,1,SSP1_2_6,passive_AM,experiment2
66,0.604,0.305147753580379,2.36,0.659353831222262,37.1363770391263,7.93956216171278,47.4557870603675,2.5,1,TRUE,TRUE,1,SSP1_2_6,passive_AM,experiment2
67,0.594,0.306765464981067,2.29,0.640312423743285,37.6231535272391,8.09339179121146,47.4557870603675,2.5,1,TRUE,TRUE,1,SSP1_2_6,passive_AM,experiment2
68,0.562,0.301102351805206,2.25,0.641573192719398,38.1103779987343,8.26603445943033,47.4557870603675,2.5,1,TRUE,TRUE,1,SSP1_2_6,passive_AM,experiment2
69,0.566,0.303587971707801,2.21,0.640312423743285,38.5707367340732,8.43230158134025,47.4557870603675,2.5,1,TRUE,TRUE,1,SSP1_2_6,passive_AM,experiment2
70,0.561,0.295041513942521,2.18,0.625711715980412,39.0399875442078,8.5955715176587,47.4557870603675,2.5,1,TRUE,TRUE,1,SSP1_2_6,passive_AM,experiment2
71,0.566,0.306238172313345,2.1,0.594588390010563,39.5086949172138,8.75554651457882,47.4557870603675,2.5,1,TRUE,TRUE,1,SSP1_2_6,passive_AM,experiment2
72,0.535,0.295547770839986,2.01,0.522136249101959,39.9932422161695,8.92383934845848,47.4557870603675,2.5,1,TRUE,TRUE,1,SSP1_2_6,passive_AM,experiment2
73,0.524,0.290287214094363,1.98,0.49195548784438,40.4603666141372,9.08808107387925,47.4557870603675,2.5,1,TRUE,TRUE,1,SSP1_2_6,passive_AM,experiment2
74,0.527,0.306117756440362,1.93,0.455161199106116,40.9209915792487,9.25241608831767,47.4557870603675,2.5,1,TRUE,TRUE,1,SSP1_2_6,passive_AM,experiment2
75,0.504,0.271144227154465,1.87,0.366666666666667,41.3910004378439,9.41640723985722,47.4557870603675,2.5,1,TRUE,TRUE,1,SSP1_2_6,passive_AM,experiment2
76,0.512,0.287194721540644,1.87,0.366666666666667,41.847066907997,9.56707829683495,47.4557870603675,2.5,1,TRUE,TRUE,1,SSP1_2_6,passive_AM,experiment2
77,0.505,0.281186159982416,1.87,0.366666666666667,42.3110271989416,9.72009904163645,47.4557870603675,2.5,1,TRUE,TRUE,1,SSP1_2_6,passive_AM,experiment2
78,0.483,0.282505028112936,1.84,0.368452949177471,42.7679947895483,9.86683014862562,47.4557870603675,2.5,1,TRUE,TRUE,1,SSP1_2_6,passive_AM,experiment2
79,0.474,0.273997714360444,1.84,0.368452949177471,43.2055681992916,10.0114123724221,47.4557870603675,2.5,1,TRUE,TRUE,1,SSP1_2_6,passive_AM,experiment2
80,0.471,0.277541515686019,1.84,0.368452949177471,43.6341686751143,10.1444573049524,47.4557870603675,2.5,1,TRUE,TRUE,1,SSP1_2_6,passive_AM,experiment2
81,0.464,0.291814248376524,1.82,0.386122919665369,44.0597501963354,10.2834834718997,47.4557870603675,2.5,1,TRUE,TRUE,1,SSP1_2_6,passive_AM,experiment2
82,0.463,0.293930177924876,1.8,0.402015126103685,44.4793375655153,10.4281948239411,47.4557870603675,2.5,1,TRUE,TRUE,1,SSP1_2_6,passive_AM,experiment2
83,0.452,0.300329785066316,1,0,44.8988829759583,10.5730527878199,47.4557870603675,2.5,1,TRUE,TRUE,1,SSP1_2_6,passive_AM,experiment2
0,1,0,2,0,0,0,53.7299250768418,1,2.5,TRUE,TRUE,1,SSP1_2_6,passive_AM,experiment2
1,0.855,0.138078443522719,2,0,0.95,0,53.7299250768418,1,2.5,TRUE,TRUE,1,SSP1_2_6,passive_AM,experiment2
2,0.815,0.154641978175854,2,0,1.7549195,0.138064635678366,53.7299250768418,1,2.5,TRUE,TRUE,1,SSP1_2_6,passive_AM,experiment2
3,0.789,0.169904905072446,2,0,2.51976650765,0.249607797776319,53.7299250768418,1,2.5,TRUE,TRUE,1,SSP1_2_6,passive_AM,experiment2
4,0.77,0.181742408453016,2,0,3.25854482981926,0.365650166456221,53.7299250768418,1,2.5,TRUE,TRUE,1,SSP1_2_6,passive_AM,experiment2
5,0.745,0.188226706206354,2,0,3.97825687301638,0.493112438569971,53.7299250768418,1,2.5,TRUE,TRUE,1,SSP1_2_6,passive_AM,experiment2
6,0.771,0.186024327723689,2,0,4.67290944250943,0.622044822903169,53.7299250768418,1,2.5,TRUE,TRUE,1,SSP1_2_6,passive_AM,experiment2
7,0.728,0.200544712765462,1.99,0.1,5.39347695064501,0.743628455079772,53.7299250768418,1,2.5,TRUE,TRUE,1,SSP1_2_6,passive_AM,experiment2
8,0.731,0.205330480106111,1.99,0.1,6.07150214310627,0.852977265329908,53.7299250768418,1,2.5,TRUE,TRUE,1,SSP1_2_6,passive_AM,experiment2
9,0.713,0.214925404019463,1.99,0.1,6.75245713388811,0.971072848241972,53.7299250768418,1,2.5,TRUE,TRUE,1,SSP1_2_6,passive_AM,experiment2
10,0.722,0.228114803632653,1.99,0.1,7.41536022269238,1.09376934083825,53.7299250768418,1,2.5,TRUE,TRUE,1,SSP1_2_6,passive_AM,experiment2
11,0.72,0.221564683762799,1.99,0.1,8.0871880252367,1.22456962987298,53.7299250768418,1,2.5,TRUE,TRUE,1,SSP1_2_6,passive_AM,experiment2
12,0.724,0.215612821717283,1.99,0.1,8.75695084390109,1.36990983854746,53.7299250768418,1,2.5,TRUE,TRUE,1,SSP1_2_6,passive_AM,experiment2
13,0.713,0.224578167984676,1.99,0.1,9.43064188892273,1.51630253573334,53.7299250768418,1,2.5,TRUE,TRUE,1,SSP1_2_6,passive_AM,experiment2
14,0.688,0.225755745365775,1.99,0.1,10.093279856263,1.65700481104102,53.7299250768418,1,2.5,TRUE,TRUE,1,SSP1_2_6,passive_AM,experiment2
15,0.702,0.240781555721691,1.99,0.1,10.7308865370657,1.78895216990622,53.7299250768418,1,2.5,TRUE,TRUE,1,SSP1_2_6,passive_AM,experiment2
16,0.711,0.224686088540965,1.99,0.1,11.3824084718939,1.93698965654277,53.7299250768418,1,2.5,TRUE,TRUE,1,SSP1_2_6,passive_AM,experiment2
17,0.696,0.216454441517205,1.99,0.1,12.0428508653235,2.07290761434623,53.7299250768418,1,2.5,TRUE,TRUE,1,SSP1_2_6,passive_AM,experiment2
18,0.716,0.214485524928934,1.99,0.1,12.6882526941241,2.21358584535112,53.7299250768418,1,2.5,TRUE,TRUE,1,SSP1_2_6,passive_AM,experiment2
19,0.72,0.222928171609085,1.99,0.1,13.3535540133254,2.35577230673548,53.7299250768418,1,2.5,TRUE,TRUE,1,SSP1_2_6,passive_AM,experiment2
20,0.701,0.207678364376993,1.99,0.1,14.022781209231,2.49133210180227,53.7299250768418,1,2.5,TRUE,TRUE,1,SSP1_2_6,passive_AM,experiment2
21,0.687,0.223224758773065,1.99,0.1,14.6729794463386,2.62445118796531,53.7299250768418,1,2.5,TRUE,TRUE,1,SSP1_2_6,passive_AM,experiment2
22,0.69,0.214381892797867,1.99,0.1,15.3091420342411,2.74039057454048,53.7299250768418,1,2.5,TRUE,TRUE,1,SSP1_2_6,passive_AM,experiment2
23,0.687,0.208241798072929,1.99,0.1,15.9482344128102,2.87077750465816,53.7299250768418,1,2.5,TRUE,TRUE,1,SSP1_2_6,passive_AM,experiment2
24,0.693,0.214737330737162,1.99,0.1,16.5842697745567,2.98736849436066,53.7299250768418,1,2.5,TRUE,TRUE,1,SSP1_2_6,passive_AM,experiment2
25,0.689,0.200451510547584,1.99,0.1,17.226227149315,3.10079560100244,53.7299250768418,1,2.5,TRUE,TRUE,1,SSP1_2_6,passive_AM,experiment2
26,0.675,0.201697343021216,1.99,0.1,17.8641303163449,3.20273975825713,53.7299250768418,1,2.5,TRUE,TRUE,1,SSP1_2_6,passive_AM,experiment2
27,0.701,0.205232068693472,1.99,0.1,18.4880060475946,3.31361685165222,53.7299250768418,1,2.5,TRUE,TRUE,1,SSP1_2_6,passive_AM,experiment2
28,0.694,0.202419705991629,1.99,0.1,19.1377492824551,3.41302954479069,53.7299250768418,1,2.5,TRUE,TRUE,1,SSP1_2_6,passive_AM,experiment2
29,0.69,0.195659981301308,1.99,0.1,19.780447116555,3.50401879605256,53.7299250768418,1,2.5,TRUE,TRUE,1,SSP1_2_6,passive_AM,experiment2
30,0.67,0.192012204999284,1.99,0.1,20.4190922646461,3.6078913580765,53.7299250768418,1,2.5,TRUE,TRUE,1,SSP1_2_6,passive_AM,experiment2
31,0.686,0.212260560289813,1.99,0.1,21.0377334613036,3.70260601523437,53.7299250768418,1,2.5,TRUE,TRUE,1,SSP1_2_6,passive_AM,experiment2
32,0.676,0.203067386934396,1.99,0.1,21.6722632681695,3.79415210277774,53.7299250768418,1,2.5,TRUE,TRUE,1,SSP1_2_6,passive_AM,experiment2
33,0.693,0.212847458063376,1.99,0.1,22.2967615725044,3.86740395396474,53.7299250768418,1,2.5,TRUE,TRUE,1,SSP1_2_6,passive_AM,experiment2
34,0.695,0.191419471688264,1.99,0.1,22.938141416676,3.9414760292678,53.7299250768418,1,2.5,TRUE,TRUE,1,SSP1_2_6,passive_AM,experiment2
35,0.686,0.200010100755038,1.99,0.1,23.5814503340714,3.99721724400616,53.7299250768418,1,2.5,TRUE,TRUE,1,SSP1_2_6,passive_AM,experiment2
36,0.686,0.20695971403228,1.99,0.1,24.2157263670838,4.05347259887398,53.7299250768418,1,2.5,TRUE,TRUE,1,SSP1_2_6,passive_AM,experiment2
37,0.709,0.204541863043666,1.99,0.1,24.8499389724929,4.13298809359204,53.7299250768418,1,2.5,TRUE,TRUE,1,SSP1_2_6,passive_AM,experiment2
38,0.686,0.216501102243677,1.99,0.1,25.507003209643,4.19123320569066,53.7299250768418,1,2.5,TRUE,TRUE,1,SSP1_2_6,passive_AM,experiment2
39,0.706,0.213588862116455,1.99,0.1,26.1410889788732,4.27217307709364,53.7299250768418,1,2.5,TRUE,TRUE,1,SSP1_2_6,passive_AM,experiment2
40,0.72,0.225630429927106,1.99,0.1,26.7950334875438,4.34384892217724,53.7299250768418,1,2.5,TRUE,TRUE,1,SSP1_2_6,passive_AM,experiment2
41,0.702,0.222011010737956,2,0.14213381090374,27.4628567108254,4.42319378634301,53.7299250768418,1,2.5,TRUE,TRUE,1,SSP1_2_6,passive_AM,experiment2
42,0.694,0.222392863776214,2,0.14213381090374,28.1111929420923,4.49902814993244,53.7299250768418,1,2.5,TRUE,TRUE,1,SSP1_2_6,passive_AM,experiment2
43,0.681,0.229929721366501,2.01,0.173787284350784,28.7514978709479,4.58238620099506,53.7299250768418,1,2.5,TRUE,TRUE,1,SSP1_2_6,passive_AM,experiment2
44,0.69,0.227191904820928,2.01,0.173787284350784,29.3773009885543,4.65974887553069,53.7299250768418,1,2.5,TRUE,TRUE,1,SSP1_2_6,passive_AM,experiment2
45,0.707,0.220767714664948,2.06,0.277797979063414,30.0120020108699,4.75574581568139,53.7299250768418,1,2.5,TRUE,TRUE,1,SSP1_2_6,passive_AM,experiment2
46,0.683,0.221589756536759,2.12,0.356186309210063,30.6560969069986,4.85604996447318,53.7299250768418,1,2.5,TRUE,TRUE,1,SSP1_2_6,passive_AM,experiment2
47,0.682,0.224454445221738,2.17,0.403394686042433,31.2672788525881,4.94786980387515,53.7299250768418,1,2.5,TRUE,TRUE,1,SSP1_2_6,passive_AM,experiment2
48,0.687,0.220034432567159,2.2,0.426401432711221,31.8699395382357,5.03747714459506,53.7299250768418,1,2.5,TRUE,TRUE,1,SSP1_2_6,passive_AM,experiment2
49,0.707,0.227082951070015,2.19,0.419114024647906,32.4730375634461,5.14764163450577,53.7299250768418,1,2.5,TRUE,TRUE,1,SSP1_2_6,passive_AM,experiment2
50,0.703,0.220859203744802,2.23,0.446196043338474,33.0974701812983,5.26065941270339,53.7299250768418,1,2.5,TRUE,TRUE,1,SSP1_2_6,passive_AM,experiment2
51,0.713,0.230789159978618,2.22,0.439926531974776,33.7118902335845,5.34924087273226,53.7299250768418,1,2.5,TRUE,TRUE,1,SSP1_2_6,passive_AM,experiment2
52,0.707,0.221680906355113,2.22,0.439926531974776,34.3376903402513,5.43744760097988,53.7299250768418,1,2.5,TRUE,TRUE,1,SSP1_2_6,passive_AM,experiment2
53,0.693,0.209016455782502,2.23,0.446196043338474,34.9574589874799,5.51901429378487,53.7299250768418,1,2.5,TRUE,TRUE,1,SSP1_2_6,passive_AM,experiment2
54,0.698,0.21834085113127,2.28,0.473115613606636,35.5617475946163,5.60398203223278,53.7299250768418,1,2.5,TRUE,TRUE,1,SSP1_2_6,passive_AM,experiment2
55,0.699,0.225404238440786,2.24,0.452155332208351,36.163489237179,5.70000967438897,53.7299250768418,1,2.5,TRUE,TRUE,1,SSP1_2_6,passive_AM,experiment2
56,0.688,0.230186573426555,2.27,0.468287229478799,36.7721323093441,5.78391677251552,53.7299250768418,1,2.5,TRUE,TRUE,1,SSP1_2_6,passive_AM,experiment2
57,0.664,0.235067151377145,2.3,0.481999203654147,37.365301078931,5.87485687254408,53.7299250768418,1,2.5,TRUE,TRUE,1,SSP1_2_6,passive_AM,experiment2
58,0.666,0.234507866379658,2.29,0.477683805651624,37.9300725276137,5.96849303063272,53.7299250768418,1,2.5,TRUE,TRUE,1,SSP1_2_6,passive_AM,experiment2
59,0.671,0.251177027193768,2.26,0.504925236990086,38.4982672568987,6.05518790484574,53.7299250768418,1,2.5,TRUE,TRUE,1,SSP1_2_6,passive_AM,experiment2
60,0.652,0.263802803608906,2.24,0.534090371802868,39.0738610447923,6.14610651580112,53.7299250768418,1,2.5,TRUE,TRUE,1,SSP1_2_6,passive_AM,experiment2
61,0.65,0.265718009562883,2.2,0.53181602347831,39.6315049553222,6.24164016278094,53.7299250768418,1,2.5,TRUE,TRUE,1,SSP1_2_6,passive_AM,experiment2
62,0.646,0.276493191323918,2.14,0.492776098069177,40.1920748562533,6.33936251808072,53.7299250768418,1,2.5,TRUE,TRUE,1,SSP1_2_6,passive_AM,experiment2
63,0.63,0.275057386115272,2.11,0.469149240755018,40.7575577945554,6.43086693013503,53.7299250768418,1,2.5,TRUE,TRUE,1,SSP1_2_6,passive_AM,experiment2
64,0.637,0.276944001195151,2.09,0.49431107042371,41.3115564104247,6.52143050245174,53.7299250768418,1,2.5,TRUE,TRUE,1,SSP1_2_6,passive_AM,experiment2
65,0.642,0.275306991182461,2.04,0.510891476744427,41.8734485873796,6.61111838791157,53.7299250768418,1,2.5,TRUE,TRUE,1,SSP1_2_6,passive_AM,experiment2
66,0.635,0.260680926526176,2.07,0.517472489875334,42.4447230223025,6.72659630809532,53.7299250768418,1,2.5,TRUE,TRUE,1,SSP1_2_6,passive_AM,experiment2
67,0.633,0.251080493351065,2.01,0.460456514798305,43.0055094050366,6.82121522811122,53.7299250768418,1,2.5,TRUE,TRUE,1,SSP1_2_6,passive_AM,experiment2
68,0.639,0.252220442302268,1.97,0.413289342722603,43.5731929635676,6.91805162078823,53.7299250768418,1,2.5,TRUE,TRUE,1,SSP1_2_6,passive_AM,experiment2
69,0.635,0.254802359534292,1.94,0.422115882408869,44.1527384265024,7.00470453948835,53.7299250768418,1,2.5,TRUE,TRUE,1,SSP1_2_6,passive_AM,experiment2
70,0.629,0.256351636655906,1.92,0.418752355639387,44.7307362497794,7.10404640281707,53.7299250768418,1,2.5,TRUE,TRUE,1,SSP1_2_6,passive_AM,experiment2
71,0.623,0.25459613492587,1.92,0.3673547263198,45.3047041768926,7.2054559743257,53.7299250768418,1,2.5,TRUE,TRUE,1,SSP1_2_6,passive_AM,experiment2
72,0.637,0.258845533283868,1.88,0.432983541805861,45.8746430080413,7.29675459972043,53.7299250768418,1,2.5,TRUE,TRUE,1,SSP1_2_6,passive_AM,experiment2
73,0.646,0.247989898784184,1.9,0.389249472080761,46.4594172278138,7.39812002888036,53.7299250768418,1,2.5,TRUE,TRUE,1,SSP1_2_6,passive_AM,experiment2
74,0.65,0.236771210371122,1.89,0.34509550720186,47.0530675061256,7.48029608415321,53.7299250768418,1,2.5,TRUE,TRUE,1,SSP1_2_6,passive_AM,experiment2
75,0.662,0.239856859671165,1.87,0.366666666666667,47.653110494554,7.5661534515252,53.7299250768418,1,2.5,TRUE,TRUE,1,SSP1_2_6,passive_AM,experiment2
76,0.662,0.237316649056049,1.84,0.394917201397452,48.2659963385572,7.65338263764875,53.7299250768418,1,2.5,TRUE,TRUE,1,SSP1_2_6,passive_AM,experiment2
77,0.66,0.247002228755331,1.87,0.337997668989631,48.8803095366208,7.75239751900322,53.7299250768418,1,2.5,TRUE,TRUE,1,SSP1_2_6,passive_AM,experiment2
78,0.652,0.257211150142399,1.84,0.368452949177471,49.4920804803972,7.84816440107675,53.7299250768418,1,2.5,TRUE,TRUE,1,SSP1_2_6,passive_AM,experiment2
79,0.663,0.253721791485768,1.8,0.402015126103685,50.0973407523777,7.94772167131336,53.7299250768418,1,2.5,TRUE,TRUE,1,SSP1_2_6,passive_AM,experiment2
80,0.661,0.253817320770731,1.74,0.440844002276808,50.715438197835,8.04649984683202,53.7299250768418,1,2.5,TRUE,TRUE,1,SSP1_2_6,passive_AM,experiment2
81,0.655,0.249595632569923,1.67,0.472581562625261,51.3344658650657,8.13035601012138,53.7299250768418,1,2.5,TRUE,TRUE,1,SSP1_2_6,passive_AM,experiment2
82,0.648,0.249233167369778,1.52,0.502116731568678,51.9509517987425,8.22429587675291,53.7299250768418,1,2.5,TRUE,TRUE,1,SSP1_2_6,passive_AM,experiment2
83,0.639,0.249805985322671,1,0,52.5678720003868,8.32403338895388,53.7299250768418,1,2.5,TRUE,TRUE,1,SSP1_2_6,passive_AM,experiment2
0,1,0,2,0,0,0,58.0542613680567,2.5,2.5,TRUE,TRUE,1,SSP1_2_6,passive_AM,experiment2
1,0.877,0.172243074658103,1.99,0.1,0.95,0,58.0542613680567,2.5,2.5,TRUE,TRUE,1,SSP1_2_6,passive_AM,experiment2
2,0.828,0.161483025971053,1.99,0.1,1.77741725,0.16970874198535,58.0542613680567,2.5,2.5,TRUE,TRUE,1,SSP1_2_6,passive_AM,experiment2
3,0.78,0.184226474588735,1.98,0.14070529413629,2.555761557785,0.299052011010943,58.0542613680567,2.5,2.5,TRUE,TRUE,1,SSP1_2_6,passive_AM,experiment2
4,0.778,0.188872251198336,1.98,0.14070529413629,3.28654227971427,0.432523726797092,58.0542613680567,2.5,2.5,TRUE,TRUE,1,SSP1_2_6,passive_AM,experiment2
5,0.742,0.194977336160287,1.98,0.14070529413629,4.01525072345135,0.574258111384454,58.0542613680567,2.5,2.5,TRUE,TRUE,1,SSP1_2_6,passive_AM,experiment2
6,0.714,0.19489442881683,1.98,0.14070529413629,4.70790429274442,0.713117849479712,58.0542613680567,2.5,2.5,TRUE,TRUE,1,SSP1_2_6,passive_AM,experiment2
7,0.713,0.224578167984676,1.97,0.171446607997765,5.37250539248112,0.839739521875626,58.0542613680567,2.5,2.5,TRUE,TRUE,1,SSP1_2_6,passive_AM,experiment2
8,0.709,0.237875699651832,1.96,0.196946385566932,6.03654038200287,0.987939586670848,58.0542613680567,2.5,2.5,TRUE,TRUE,1,SSP1_2_6,passive_AM,experiment2
9,0.693,0.223496096275763,1.96,0.196946385566932,6.69701176704586,1.12714407042532,58.0542613680567,2.5,2.5,TRUE,TRUE,1,SSP1_2_6,passive_AM,experiment2
10,0.685,0.240107299246639,1.96,0.196946385566932,7.34143149919169,1.26354390668484,58.0542613680567,2.5,2.5,TRUE,TRUE,1,SSP1_2_6,passive_AM,experiment2
11,0.673,0.243233686529285,1.96,0.196946385566932,7.97779478576526,1.40510732061944,58.0542613680567,2.5,2.5,TRUE,TRUE,1,SSP1_2_6,passive_AM,experiment2
12,0.684,0.2435926389228,1.96,0.196946385566932,8.60210762941215,1.55438780638866,58.0542613680567,2.5,2.5,TRUE,TRUE,1,SSP1_2_6,passive_AM,experiment2
13,0.682,0.242620375205065,1.96,0.196946385566932,9.23734484903227,1.70817307742492,58.0542613680567,2.5,2.5,TRUE,TRUE,1,SSP1_2_6,passive_AM,experiment2
14,0.667,0.235296932544065,1.96,0.196946385566932,9.87052114337099,1.86063610239657,58.0542613680567,2.5,2.5,TRUE,TRUE,1,SSP1_2_6,passive_AM,experiment2
15,0.661,0.236512967590329,1.96,0.196946385566932,10.4886551064357,2.00536465208798,58.0542613680567,2.5,2.5,TRUE,TRUE,1,SSP1_2_6,passive_AM,experiment2
16,0.672,0.232283351869125,1.96,0.196946385566932,11.1007362498069,2.14707186409335,58.0542613680567,2.5,2.5,TRUE,TRUE,1,SSP1_2_6,passive_AM,experiment2
17,0.677,0.233486962411527,1.96,0.196946385566932,11.7237385982576,2.30184495961011,58.0542613680567,2.5,2.5,TRUE,TRUE,1,SSP1_2_6,passive_AM,experiment2
18,0.699,0.235914297056273,1.96,0.196946385566932,12.35167015327,2.45425633358299,58.0542613680567,2.5,2.5,TRUE,TRUE,1,SSP1_2_6,passive_AM,experiment2
19,0.695,0.228466561441647,1.96,0.196946385566932,13.001499348769,2.60867367268158,58.0542613680567,2.5,2.5,TRUE,TRUE,1,SSP1_2_6,passive_AM,experiment2
20,0.696,0.2291486218791,1.96,0.196946385566932,13.6472711545123,2.75886222635955,58.0542613680567,2.5,2.5,TRUE,TRUE,1,SSP1_2_6,passive_AM,experiment2
21,0.691,0.227899942602853,1.96,0.196946385566932,14.2939763849739,2.91200066631751,58.0542613680567,2.5,2.5,TRUE,TRUE,1,SSP1_2_6,passive_AM,experiment2
22,0.721,0.227545089326858,1.96,0.196946385566932,14.9356274344191,3.05976409052735,58.0542613680567,2.5,2.5,TRUE,TRUE,1,SSP1_2_6,passive_AM,experiment2
23,0.732,0.242828450898276,1.96,0.196946385566932,15.6071483880132,3.21152129890639,58.0542613680567,2.5,2.5,TRUE,TRUE,1,SSP1_2_6,passive_AM,experiment2
24,0.719,0.253339314123979,1.95,0.21904291355759,16.2895769173224,3.36505332958736,58.0542613680567,2.5,2.5,TRUE,TRUE,1,SSP1_2_6,passive_AM,experiment2
25,0.703,0.244311028788876,1.95,0.21904291355759,16.959467169304,3.50895595457412,58.0542613680567,2.5,2.5,TRUE,TRUE,1,SSP1_2_6,passive_AM,experiment2
26,0.701,0.256036219028764,1.94,0.238683256575942,17.6133303842972,3.65497392370154,58.0542613680567,2.5,2.5,TRUE,TRUE,1,SSP1_2_6,passive_AM,experiment2
27,0.687,0.256099333632223,1.94,0.238683256575942,18.2656321080978,3.81835183719503,58.0542613680567,2.5,2.5,TRUE,TRUE,1,SSP1_2_6,passive_AM,experiment2
28,0.71,0.243915865607282,1.94,0.238683256575942,18.9039063526269,3.98192819904857,58.0542613680567,2.5,2.5,TRUE,TRUE,1,SSP1_2_6,passive_AM,experiment2
29,0.71,0.240580106988894,1.94,0.238683256575942,19.5650524565962,4.1365434507533,58.0542613680567,2.5,2.5,TRUE,TRUE,1,SSP1_2_6,passive_AM,experiment2
30,0.697,0.252044168006845,1.94,0.238683256575942,20.2261324459552,4.28788104226765,58.0542613680567,2.5,2.5,TRUE,TRUE,1,SSP1_2_6,passive_AM,experiment2
31,0.684,0.246478224497652,1.94,0.238683256575942,20.874185270818,4.44294065468194,58.0542613680567,2.5,2.5,TRUE,TRUE,1,SSP1_2_6,passive_AM,experiment2
32,0.669,0.244410236357571,1.94,0.238683256575942,21.5092135300067,4.59045050743577,58.0542613680567,2.5,2.5,TRUE,TRUE,1,SSP1_2_6,passive_AM,experiment2
33,0.668,0.250607343076855,1.94,0.238683256575942,22.1292262120438,4.73421575524279,58.0542613680567,2.5,2.5,TRUE,TRUE,1,SSP1_2_6,passive_AM,experiment2
34,0.67,0.247206616236522,1.94,0.238683256575942,22.7481801875382,4.87775429018457,58.0542613680567,2.5,2.5,TRUE,TRUE,1,SSP1_2_6,passive_AM,experiment2
35,0.656,0.25714830842386,1.93,0.256432399976243,23.369065478843,5.02048747056319,58.0542613680567,2.5,2.5,TRUE,TRUE,1,SSP1_2_6,passive_AM,experiment2
36,0.689,0.261655568187716,1.93,0.256432399976243,23.976435851382,5.16116987453644,58.0542613680567,2.5,2.5,TRUE,TRUE,1,SSP1_2_6,passive_AM,experiment2
37,0.682,0.252814460652771,1.93,0.256432399976243,24.6166268945484,5.31233709885984,58.0542613680567,2.5,2.5,TRUE,TRUE,1,SSP1_2_6,passive_AM,experiment2
38,0.688,0.262574664705974,1.93,0.256432399976243,25.2497797720447,5.46534179522082,58.0542613680567,2.5,2.5,TRUE,TRUE,1,SSP1_2_6,passive_AM,experiment2
39,0.674,0.252510625839025,1.93,0.256432399976243,25.8888465763828,5.62209585330996,58.0542613680567,2.5,2.5,TRUE,TRUE,1,SSP1_2_6,passive_AM,experiment2
40,0.682,0.252814460652771,1.93,0.256432399976243,26.5139039704282,5.77926444825796,58.0542613680567,2.5,2.5,TRUE,TRUE,1,SSP1_2_6,passive_AM,experiment2
41,0.69,0.262274434110301,1.93,0.256432399976243,27.1468669210553,5.93872583340243,58.0542613680567,2.5,2.5,TRUE,TRUE,1,SSP1_2_6,passive_AM,experiment2
42,0.684,0.257305383943012,1.93,0.256432399976243,27.7877338409021,6.10294946334907,58.0542613680567,2.5,2.5,TRUE,TRUE,1,SSP1_2_6,passive_AM,experiment2
43,0.684,0.256519044521104,1.94,0.277797979063414,28.4225618224657,6.27331705639565,58.0542613680567,2.5,2.5,TRUE,TRUE,1,SSP1_2_6,passive_AM,experiment2
44,0.705,0.266808674309642,1.97,0.331966896244219,29.0558327577047,6.44610421291438,58.0542613680567,2.5,2.5,TRUE,TRUE,1,SSP1_2_6,passive_AM,experiment2
45,0.693,0.257122774588563,1.98,0.347574568701568,29.7054679217218,6.60663628059128,58.0542613680567,2.5,2.5,TRUE,TRUE,1,SSP1_2_6,passive_AM,experiment2
46,0.688,0.26941013006533,1.99,0.389119700624553,30.3415987387639,6.77622025344734,58.0542613680567,2.5,2.5,TRUE,TRUE,1,SSP1_2_6,passive_AM,experiment2
47,0.68,0.267800619336796,2.03,0.437047023797327,30.970200365213,6.94553813251673,58.0542613680567,2.5,2.5,TRUE,TRUE,1,SSP1_2_6,passive_AM,experiment2
48,0.646,0.259533380815601,2.03,0.437047023797327,31.5848047803863,7.10862682504113,58.0542613680567,2.5,2.5,TRUE,TRUE,1,SSP1_2_6,passive_AM,experiment2
49,0.649,0.258783088451867,2.05,0.457816513022367,32.1655105521854,7.26981921035559,58.0542613680567,2.5,2.5,TRUE,TRUE,1,SSP1_2_6,passive_AM,experiment2
50,0.648,0.257995380116808,2.04,0.447665098487743,32.7461582534074,7.43049146966018,58.0542613680567,2.5,2.5,TRUE,TRUE,1,SSP1_2_6,passive_AM,experiment2
51,0.654,0.265307140476616,2.05,0.457816513022367,33.3272453959744,7.6014688306797,58.0542613680567,2.5,2.5,TRUE,TRUE,1,SSP1_2_6,passive_AM,experiment2
52,0.649,0.270985854489369,2.06,0.467531665864312,33.9127515371086,7.76617544097603,58.0542613680567,2.5,2.5,TRUE,TRUE,1,SSP1_2_6,passive_AM,experiment2
53,0.635,0.272798812166021,2.07,0.476837223141962,34.4917328415821,7.93038546594506,58.0542613680567,2.5,2.5,TRUE,TRUE,1,SSP1_2_6,passive_AM,experiment2
54,0.631,0.275862284482674,2.11,0.510396953855576,35.0552381846979,8.09285770782448,58.0542613680567,2.5,2.5,TRUE,TRUE,1,SSP1_2_6,passive_AM,experiment2
55,0.635,0.270568051896507,2.1,0.522232967867094,35.608741034427,8.2637345602236,58.0542613680567,2.5,2.5,TRUE,TRUE,1,SSP1_2_6,passive_AM,experiment2
56,0.641,0.259406860340892,2.09,0.514339823993296,36.1666638505783,8.4425998832867,58.0542613680567,2.5,2.5,TRUE,TRUE,1,SSP1_2_6,passive_AM,experiment2
57,0.668,0.271501623039589,2.08,0.50612411142092,36.7319889897403,8.61930287796392,58.0542613680567,2.5,2.5,TRUE,TRUE,1,SSP1_2_6,passive_AM,experiment2
58,0.665,0.281186159982415,2.08,0.50612411142092,37.3255956004157,8.8006602543882,58.0542613680567,2.5,2.5,TRUE,TRUE,1,SSP1_2_6,passive_AM,experiment2
59,0.666,0.292056449504149,2.07,0.497569851956243,37.9161602009324,8.98010464428201,58.0542613680567,2.5,2.5,TRUE,TRUE,1,SSP1_2_6,passive_AM,experiment2
60,0.652,0.284438131243071,2.04,0.510891476744427,38.5091510376829,9.1597928470351,58.0542613680567,2.5,2.5,TRUE,TRUE,1,SSP1_2_6,passive_AM,experiment2
61,0.652,0.279060472791736,2.03,0.501613558046592,39.0906513721927,9.33818249921593,58.0542613680567,2.5,2.5,TRUE,TRUE,1,SSP1_2_6,passive_AM,experiment2
62,0.667,0.287467169842703,2.04,0.510891476744427,39.6735844340651,9.52217458119342,58.0542613680567,2.5,2.5,TRUE,TRUE,1,SSP1_2_6,passive_AM,experiment2
63,0.673,0.285280298101444,2.03,0.521361853052351,40.2698757574065,9.72515666058591,58.0542613680567,2.5,2.5,TRUE,TRUE,1,SSP1_2_6,passive_AM,experiment2
64,0.688,0.290690574496336,2.01,0.522136249101959,40.8725666283029,9.9250262849942,58.0542613680567,2.5,2.5,TRUE,TRUE,1,SSP1_2_6,passive_AM,experiment2
65,0.66,0.276339711883103,2.02,0.512076383191241,41.492088772125,10.130984301335,58.0542613680567,2.5,2.5,TRUE,TRUE,1,SSP1_2_6,passive_AM,experiment2
66,0.661,0.285294460676911,1.99,0.522136249101959,42.0832336221756,10.3246543648322,58.0542613680567,2.5,2.5,TRUE,TRUE,1,SSP1_2_6,passive_AM,experiment2
67,0.652,0.286560938924292,1.96,0.469687194424183,42.6777963326563,10.5208523963341,58.0542613680567,2.5,2.5,TRUE,TRUE,1,SSP1_2_6,passive_AM,experiment2
68,0.652,0.291800402240084,1.9,0.481999203654147,43.2688229596484,10.712710443419,58.0542613680567,2.5,2.5,TRUE,TRUE,1,SSP1_2_6,passive_AM,experiment2
69,0.632,0.275563701411041,1.88,0.477366513151884,43.8647565976276,10.916234500038,58.0542613680567,2.5,2.5,TRUE,TRUE,1,SSP1_2_6,passive_AM,experiment2
70,0.667,0.297822060630135,1.85,0.457816513022367,44.4427544209045,11.120665415498,58.0542613680567,2.5,2.5,TRUE,TRUE,1,SSP1_2_6,passive_AM,experiment2
71,0.676,0.296143563328684,1.84,0.486587789373795,45.0589258720702,11.3356310572744,58.0542613680567,2.5,2.5,TRUE,TRUE,1,SSP1_2_6,passive_AM,experiment2
72,0.676,0.300880861686637,1.86,0.471832875737016,45.6834755668307,11.5434697480545,58.0542613680567,2.5,2.5,TRUE,TRUE,1,SSP1_2_6,passive_AM,experiment2
73,0.662,0.298744849074398,1.8,0.449466574975495,46.3069699811213,11.7448514041788,58.0542613680567,2.5,2.5,TRUE,TRUE,1,SSP1_2_6,passive_AM,experiment2
74,0.644,0.298250792712334,1.79,0.456048021572069,46.9224602362272,11.9433675763997,58.0542613680567,2.5,2.5,TRUE,TRUE,1,SSP1_2_6,passive_AM,experiment2
75,0.641,0.289232701393801,1.78,0.439926531974776,47.520517970765,12.1501529362768,58.0542613680567,2.5,2.5,TRUE,TRUE,1,SSP1_2_6,passive_AM,experiment2
76,0.657,0.292414193578322,1.69,0.464823198711732,48.1170271080054,12.3528414778244,58.0542613680567,2.5,2.5,TRUE,TRUE,1,SSP1_2_6,passive_AM,experiment2
77,0.633,0.288869268953024,1.68,0.468826172262151,48.7348138055734,12.5543537429573,58.0542613680567,2.5,2.5,TRUE,TRUE,1,SSP1_2_6,passive_AM,experiment2
78,0.655,0.287228132326901,1.63,0.48523658709391,49.3292189885775,12.7368638513323,58.0542613680567,2.5,2.5,TRUE,TRUE,1,SSP1_2_6,passive_AM,experiment2
79,0.662,0.296368593873142,1.58,0.496044963748858,49.9478743649379,12.9275010718689,58.0542613680567,2.5,2.5,TRUE,TRUE,1,SSP1_2_6,passive_AM,experiment2
80,0.643,0.296189606212444,1.53,0.501613558046592,50.5758931177059,13.1329441504214,58.0542613680567,2.5,2.5,TRUE,TRUE,1,SSP1_2_6,passive_AM,experiment2
81,0.646,0.294878848603177,1.45,0.5,51.1874805485516,13.3264459944745,58.0542613680567,2.5,2.5,TRUE,TRUE,1,SSP1_2_6,passive_AM,experiment2
82,0.668,0.28985541501956,1.32,0.468826172262151,51.8059503468581,13.5318843128891,58.0542613680567,2.5,2.5,TRUE,TRUE,1,SSP1_2_6,passive_AM,experiment2
83,0.674,0.284132562602939,1,0,52.4526255421509,13.7362268623598,58.0542613680567,2.5,2.5,TRUE,TRUE,1,SSP1_2_6,passive_AM,experiment2
0,1,0,2,0,0,0,45.0757914171424,1,1,TRUE,TRUE,1,SSP2_4_5,passive_AM,experiment2
1,0.87,0.145990175399344,2,0,0.95,0,45.0757914171424,1,1,TRUE,TRUE,1,SSP2_4_5,passive_AM,experiment2
2,0.817,0.157669261302246,2,0,1.769918,0.145975576381804,45.0757914171424,1,1,TRUE,TRUE,1,SSP2_4_5,passive_AM,experiment2
3,0.778,0.181230362920909,2,0,2.53676460767,0.267252069637244,45.0757914171424,1,1,TRUE,TRUE,1,SSP2_4_5,passive_AM,experiment2
4,0.758,0.200090888439138,1.99,0.1,3.26454622950927,0.386662859398879,45.0757914171424,1,1,TRUE,TRUE,1,SSP2_4_5,passive_AM,experiment2
5,0.745,0.196625573518849,1.99,0.1,3.97276287201644,0.526493753571749,45.0757914171424,1,1,TRUE,TRUE,1,SSP2_4_5,passive_AM,experiment2
6,0.744,0.195049851177704,1.99,0.1,4.66791519155948,0.668668680033637,45.0757914171424,1,1,TRUE,TRUE,1,SSP2_4_5,passive_AM,experiment2
7,0.717,0.202037600260922,1.99,0.1,5.36199859572059,0.793066713995659,45.0757914171424,1,1,TRUE,TRUE,1,SSP2_4_5,passive_AM,experiment2
8,0.738,0.20733031275204,1.99,0.1,6.02903148587223,0.916631168821413,45.0757914171424,1,1,TRUE,TRUE,1,SSP2_4_5,passive_AM,experiment2
9,0.721,0.209518447393015,1.99,0.1,6.71698087861368,1.04433474386552,45.0757914171424,1,1,TRUE,TRUE,1,SSP2_4_5,passive_AM,experiment2
10,0.701,0.216256021110781,1.99,0.1,7.38787677029729,1.16771987285928,45.0757914171424,1,1,TRUE,TRUE,1,SSP2_4_5,passive_AM,experiment2
11,0.696,0.214579692525748,1.99,0.1,8.03872556339412,1.30005579105303,45.0757914171424,1,1,TRUE,TRUE,1,SSP2_4_5,passive_AM,experiment2
12,0.691,0.209422003995702,1.99,0.1,8.68451476886247,1.42818259781948,45.0757914171424,1,1,TRUE,TRUE,1,SSP2_4_5,passive_AM,experiment2
13,0.695,0.206155281280883,1.99,0.1,9.32524539211137,1.55531392933137,45.0757914171424,1,1,TRUE,TRUE,1,SSP2_4_5,passive_AM,experiment2
14,0.706,0.199403149828723,1.99,0.1,9.9699067454168,1.67125493529523,45.0757914171424,1,1,TRUE,TRUE,1,SSP2_4_5,passive_AM,experiment2
15,0.723,0.192723699223589,1.99,0.1,10.6254882425929,1.77181082791233,45.0757914171424,1,1,TRUE,TRUE,1,SSP2_4_5,passive_AM,experiment2
16,0.72,0.192799681461659,1.99,0.1,11.2979786994616,1.86395876488963,45.0757914171424,1,1,TRUE,TRUE,1,SSP2_4_5,passive_AM,experiment2
17,0.734,0.190809016579618,1.99,0.1,11.9674067036862,1.94819062640349,45.0757914171424,1,1,TRUE,TRUE,1,SSP2_4_5,passive_AM,experiment2
18,0.711,0.200451510547584,1.98,0.14070529413629,12.6507439841409,2.03424382689496,45.0757914171424,1,1,TRUE,TRUE,1,SSP2_4_5,passive_AM,experiment2
19,0.72,0.21649177090293,1.98,0.14070529413629,13.3115533964609,2.1227179119876,45.0757914171424,1,1,TRUE,TRUE,1,SSP2_4_5,passive_AM,experiment2
20,0.718,0.21526586803159,1.98,0.14070529413629,13.981279643221,2.23386558520652,45.0757914171424,1,1,TRUE,TRUE,1,SSP2_4_5,passive_AM,experiment2
21,0.708,0.195236194690359,1.98,0.14070529413629,14.6489429135586,2.33598501975845,45.0757914171424,1,1,TRUE,TRUE,1,SSP2_4_5,passive_AM,experiment2
22,0.719,0.205330480106111,1.98,0.14070529413629,15.3065603965826,2.44371039079235,45.0757914171424,1,1,TRUE,TRUE,1,SSP2_4_5,passive_AM,experiment2
23,0.723,0.195326714129238,1.98,0.14070529413629,15.9750879432512,2.54813770664066,45.0757914171424,1,1,TRUE,TRUE,1,SSP2_4_5,passive_AM,experiment2
24,0.722,0.199281537813043,1.98,0.14070529413629,16.6475394472782,2.62821448426846,45.0757914171424,1,1,TRUE,TRUE,1,SSP2_4_5,passive_AM,experiment2
25,0.701,0.207191415913601,1.98,0.14070529413629,17.3189261033968,2.70018219312348,45.0757914171424,1,1,TRUE,TRUE,1,SSP2_4_5,passive_AM,experiment2
26,0.677,0.219666873591662,1.97,0.171446607997765,17.969298057898,2.77714752445658,45.0757914171424,1,1,TRUE,TRUE,1,SSP2_4_5,passive_AM,experiment2
27,0.676,0.211354458364869,1.97,0.171446607997765,18.5961659988898,2.85906765209221,45.0757914171424,1,1,TRUE,TRUE,1,SSP2_4_5,passive_AM,experiment2
28,0.647,0.203730362504121,1.97,0.171446607997765,19.2219739495805,2.94037167452398,45.0757914171424,1,1,TRUE,TRUE,1,SSP2_4_5,passive_AM,experiment2
29,0.606,0.198387438507522,1.97,0.222701503353614,19.818800409951,3.02311360086349,45.0757914171424,1,1,TRUE,TRUE,1,SSP2_4_5,passive_AM,experiment2
30,0.599,0.235056408445963,1.95,0.261116483933547,20.3736888173089,3.11098036833628,45.0757914171424,1,1,TRUE,TRUE,1,SSP2_4_5,passive_AM,experiment2
31,0.611,0.23736559195137,2.18,0.519906751545919,20.9225397097504,3.20192830258576,45.0757914171424,1,1,TRUE,TRUE,1,SSP2_4_5,passive_AM,experiment2
32,0.597,0.243482727074917,2.49,0.627565441877087,21.4489053625787,3.31256811317871,45.0757914171424,1,1,TRUE,TRUE,1,SSP2_4_5,passive_AM,experiment2
33,0.608,0.242328769078771,2.59,0.621093854226216,21.9139148741065,3.4368587543946,45.0757914171424,1,1,TRUE,TRUE,1,SSP2_4_5,passive_AM,experiment2
34,0.631,0.254532647585469,2.66,0.606696635956396,22.374891063585,3.56168284423246,45.0757914171424,1,1,TRUE,TRUE,1,SSP2_4_5,passive_AM,experiment2
35,0.624,0.24334371086215,2.74,0.579445921340012,22.8482787254948,3.6919364847142,45.0757914171424,1,1,TRUE,TRUE,1,SSP2_4_5,passive_AM,experiment2
36,0.637,0.256493448042808,2.76,0.570663268185859,23.3026854357127,3.80033881394172,45.0757914171424,1,1,TRUE,TRUE,1,SSP2_4_5,passive_AM,experiment2
37,0.632,0.251010080686136,2.79,0.555868598672293,23.7670107681882,3.90392185510992,45.0757914171424,1,1,TRUE,TRUE,1,SSP2_4_5,passive_AM,experiment2
38,0.638,0.250163582844942,2.81,0.544856574585172,24.2218247549342,3.9939518057624,45.0757914171424,1,1,TRUE,TRUE,1,SSP2_4_5,passive_AM,experiment2
39,0.648,0.263419625293749,2.83,0.532859638121892,24.6795818813462,4.09564072536418,45.0757914171424,1,1,TRUE,TRUE,1,SSP2_4_5,passive_AM,experiment2
40,0.653,0.254834071584637,2.83,0.532859638121892,25.1442659838517,4.20234215865538,45.0757914171424,1,1,TRUE,TRUE,1,SSP2_4_5,passive_AM,experiment2
41,0.682,0.254407610584338,2.83,0.532859638121892,25.6138836568976,4.29102064774529,45.0757914171424,1,1,TRUE,TRUE,1,SSP2_4_5,passive_AM,experiment2
42,0.673,0.255783604879696,2.84,0.526471003163248,26.1123357056673,4.39805012506083,45.0757914171424,1,1,TRUE,TRUE,1,SSP2_4_5,passive_AM,experiment2
43,0.678,0.270271094729837,2.84,0.526471003163248,26.6002819189476,4.49531946618441,45.0757914171424,1,1,TRUE,TRUE,1,SSP2_4_5,passive_AM,experiment2
44,0.686,0.267052750813714,2.84,0.526471003163248,27.0931578826949,4.60878099735119,45.0757914171424,1,1,TRUE,TRUE,1,SSP2_4_5,passive_AM,experiment2
45,0.695,0.264527404014683,2.85,0.519809599951771,27.59394943442,4.72299121192401,45.0757914171424,1,1,TRUE,TRUE,1,SSP2_4_5,passive_AM,experiment2
46,0.68,0.279971138483663,2.82,0.557411042864304,28.1021572311336,4.83364631234895,45.0757914171424,1,1,TRUE,TRUE,1,SSP2_4_5,passive_AM,experiment2
47,0.688,0.281511074113408,2.82,0.557411042864304,28.5988669882169,4.96946166502523,45.0757914171424,1,1,TRUE,TRUE,1,SSP2_4_5,passive_AM,experiment2
48,0.665,0.27427590620992,2.83,0.551490175924662,29.103489560675,5.10623230776799,45.0757914171424,1,1,TRUE,TRUE,1,SSP2_4_5,passive_AM,experiment2
49,0.657,0.272012700238259,2.83,0.551490175924662,29.583678994939,5.24454663012321,45.0757914171424,1,1,TRUE,TRUE,1,SSP2_4_5,passive_AM,experiment2
50,0.647,0.267594975115511,2.84,0.545319848688582,30.0558595163269,5.38282539448466,45.0757914171424,1,1,TRUE,TRUE,1,SSP2_4_5,passive_AM,experiment2
51,0.661,0.262426516891256,2.83,0.551490175924662,30.5165501790127,5.51511451762191,45.0757914171424,1,1,TRUE,TRUE,1,SSP2_4_5,passive_AM,experiment2
52,0.677,0.259313390212373,2.84,0.545319848688582,30.9926159199349,5.65600718837084,45.0757914171424,1,1,TRUE,TRUE,1,SSP2_4_5,passive_AM,experiment2
53,0.67,0.263043568999356,2.84,0.545319848688582,31.483058846233,5.7975553075402,45.0757914171424,1,1,TRUE,TRUE,1,SSP2_4_5,passive_AM,experiment2
54,0.667,0.254278539711034,2.84,0.545319848688582,31.9664897319421,5.93879232118864,45.0757914171424,1,1,TRUE,TRUE,1,SSP2_4_5,passive_AM,experiment2
55,0.662,0.269597530186811,2.82,0.575246982529323,32.4468884317071,6.08369206877784,45.0757914171424,1,1,TRUE,TRUE,1,SSP2_4_5,passive_AM,experiment2
56,0.652,0.275417039150713,2.81,0.580751863770343,32.9242555471306,6.22159467137012,45.0757914171424,1,1,TRUE,TRUE,1,SSP2_4_5,passive_AM,experiment2
57,0.659,0.271953278815656,2.81,0.580751863770343,33.3931223951779,6.35922705352419,45.0757914171424,1,1,TRUE,TRUE,1,SSP2_4_5,passive_AM,experiment2
58,0.654,0.274660488309447,2.79,0.607944043145387,33.8689025680559,6.49888488422837,45.0757914171424,1,1,TRUE,TRUE,1,SSP2_4_5,passive_AM,experiment2
59,0.659,0.284301376583499,2.8,0.603022689155527,34.341652513419,6.62066964182563,45.0757914171424,1,1,TRUE,TRUE,1,SSP2_4_5,passive_AM,experiment2
60,0.662,0.281331609932966,2.8,0.603022689155527,34.817834593559,6.73640403918856,45.0757914171424,1,1,TRUE,TRUE,1,SSP2_4_5,passive_AM,experiment2
61,0.653,0.275040860141679,2.8,0.603022689155527,35.2969511084884,6.87369192198642,45.0757914171424,1,1,TRUE,TRUE,1,SSP2_4_5,passive_AM,experiment2
62,0.664,0.276894758113452,2.8,0.603022689155527,35.7670744473898,7.01060373184628,45.0757914171424,1,1,TRUE,TRUE,1,SSP2_4_5,passive_AM,experiment2
63,0.649,0.274320096149581,2.8,0.603022689155527,36.2480827815519,7.14610411635715,45.0757914171424,1,1,TRUE,TRUE,1,SSP2_4_5,passive_AM,experiment2
64,0.625,0.270194467939391,2.8,0.603022689155527,36.7141372225254,7.26713766102235,45.0757914171424,1,1,TRUE,TRUE,1,SSP2_4_5,passive_AM,experiment2
65,0.641,0.276374434929912,2.8,0.603022689155527,37.1562981752131,7.3832014346056,45.0757914171424,1,1,TRUE,TRUE,1,SSP2_4_5,passive_AM,experiment2
66,0.642,0.289262384821683,2.78,0.62893207547044,37.6143112439078,7.50969383929156,45.0757914171424,1,1,TRUE,TRUE,1,SSP2_4_5,passive_AM,experiment2
67,0.611,0.290208911167821,2.78,0.62893207547044,38.0752587755086,7.63840996900206,45.0757914171424,1,1,TRUE,TRUE,1,SSP2_4_5,passive_AM,experiment2
68,0.595,0.297251721371947,2.76,0.653197264742181,38.5053672284289,7.76313034133129,45.0757914171424,1,1,TRUE,TRUE,1,SSP2_4_5,passive_AM,experiment2
69,0.591,0.293049104720997,2.76,0.653197264742181,38.9215275522843,7.88773636695407,45.0757914171424,1,1,TRUE,TRUE,1,SSP2_4_5,passive_AM,experiment2
70,0.603,0.298972989557332,2.76,0.653197264742181,39.3336737664767,8.02092255091548,45.0757914171424,1,1,TRUE,TRUE,1,SSP2_4_5,passive_AM,experiment2
71,0.581,0.295657117812393,2.74,0.675995337979262,39.7576950551918,8.16172550337637,45.0757914171424,1,1,TRUE,TRUE,1,SSP2_4_5,passive_AM,experiment2
72,0.566,0.283278069476733,2.74,0.675995337979262,40.1618154459192,8.2912932037431,45.0757914171424,1,1,TRUE,TRUE,1,SSP2_4_5,passive_AM,experiment2
73,0.56,0.298819225105965,2.72,0.697470176039554,40.5510030421006,8.41519630925957,45.0757914171424,1,1,TRUE,TRUE,1,SSP2_4_5,passive_AM,experiment2
74,0.563,0.308353398200536,2.69,0.720479638220893,40.9361808146507,8.53518701056941,45.0757914171424,1,1,TRUE,TRUE,1,SSP2_4_5,passive_AM,experiment2
75,0.523,0.286340547409739,2.7,0.703526470681448,41.327772144568,8.65911991603021,45.0757914171424,1,1,TRUE,TRUE,1,SSP2_4_5,passive_AM,experiment2
76,0.545,0.299283656537919,2.69,0.706320670013903,41.6791269442071,8.77460131684396,45.0757914171424,1,1,TRUE,TRUE,1,SSP2_4_5,passive_AM,experiment2
77,0.53,0.289722960670006,2.67,0.725509225553774,42.0537686764672,8.90884966145587,45.0757914171424,1,1,TRUE,TRUE,1,SSP2_4_5,passive_AM,experiment2
78,0.531,0.296680285693526,2.64,0.745626981780834,42.4154726651233,9.03176257954377,45.0757914171424,1,1,TRUE,TRUE,1,SSP2_4_5,passive_AM,experiment2
79,0.512,0.282942689703349,2.6,0.765413996382733,42.7816055181738,9.16617837432672,45.0757914171424,1,1,TRUE,TRUE,1,SSP2_4_5,passive_AM,experiment2
80,0.479,0.269790416225018,2.52,0.82241330021081,43.133811927704,9.30220061167617,45.0757914171424,1,1,TRUE,TRUE,1,SSP2_4_5,passive_AM,experiment2
81,0.495,0.282619421437624,2.27,0.941254267432343,43.4611823286433,9.42959155269255,45.0757914171424,1,1,TRUE,TRUE,1,SSP2_4_5,passive_AM,experiment2
82,0.463,0.263869802605893,1.43,0.819645156038991,43.8286932512938,9.55913210635243,45.0757914171424,1,1,TRUE,TRUE,1,SSP2_4_5,passive_AM,experiment2
83,0.428,0.257446669970283,1,0,44.2457590789328,9.7017562380325,45.0757914171424,1,1,TRUE,TRUE,1,SSP2_4_5,passive_AM,experiment2
0,1,0,2,0,0,0,43.3783452769894,2.5,1,TRUE,TRUE,1,SSP2_4_5,passive_AM,experiment2
1,0.869,0.116943394750441,2,0,0.95,0,43.3783452769894,2.5,1,TRUE,TRUE,1,SSP2_4_5,passive_AM,experiment2
2,0.837,0.138283123417944,2,0,1.7689181,0.116931700410966,43.3783452769894,2.5,1,TRUE,TRUE,1,SSP2_4_5,passive_AM,experiment2
3,0.806,0.180246744461277,1.99,0.1,2.55576070787,0.209256628481918,43.3783452769894,2.5,1,TRUE,TRUE,1,SSP2_4_5,passive_AM,experiment2
4,0.769,0.2072888971187,1.99,0.1,3.31203378056424,0.31674557207149,43.3783452769894,2.5,1,TRUE,TRUE,1,SSP2_4_5,passive_AM,experiment2
5,0.749,0.204245346620582,1.99,0.1,4.03124602373137,0.451436972049768,43.3783452769894,2.5,1,TRUE,TRUE,1,SSP2_4_5,passive_AM,experiment2
6,0.746,0.202220002207816,1.99,0.1,4.73039634367437,0.594233246273697,43.3783452769894,2.5,1,TRUE,TRUE,1,SSP2_4_5,passive_AM,experiment2
7,0.75,0.198224441714258,1.99,0.1,5.42647854813544,0.728135033561675,43.3783452769894,2.5,1,TRUE,TRUE,1,SSP2_4_5,passive_AM,experiment2
8,0.767,0.195946292373572,1.99,0.1,6.12648834521593,0.861884794383454,43.3783452769894,2.5,1,TRUE,TRUE,1,SSP2_4_5,passive_AM,experiment2
9,0.767,0.194393644157644,1.99,0.1,6.84341454607575,0.971929948649503,43.3783452769894,2.5,1,TRUE,TRUE,1,SSP2_4_5,passive_AM,experiment2
10,0.726,0.200816515076008,1.99,0.1,7.56026905431549,1.07893689224847,43.3783452769894,2.5,1,TRUE,TRUE,1,SSP2_4_5,passive_AM,experiment2
11,0.713,0.202835954018079,1.99,0.1,8.23609285865933,1.17755753309106,43.3783452769894,2.5,1,TRUE,TRUE,1,SSP2_4_5,passive_AM,experiment2
12,0.702,0.200494338568399,1.99,0.1,8.89886337347487,1.30263871107945,43.3783452769894,2.5,1,TRUE,TRUE,1,SSP2_4_5,passive_AM,experiment2
13,0.72,0.200504414420282,1.99,0.1,9.55058080398135,1.42318087584316,43.3783452769894,2.5,1,TRUE,TRUE,1,SSP2_4_5,passive_AM,experiment2
14,0.708,0.211621923211747,1.99,0.1,10.2202096767796,1.53386507578816,43.3783452769894,2.5,1,TRUE,TRUE,1,SSP2_4_5,passive_AM,experiment2
15,0.715,0.207132905169701,1.99,0.1,10.877788375775,1.65042946668521,43.3783452769894,2.5,1,TRUE,TRUE,1,SSP2_4_5,passive_AM,experiment2
16,0.703,0.188269632563126,1.99,0.1,11.5422908242473,1.76930409754212,43.3783452769894,2.5,1,TRUE,TRUE,1,SSP2_4_5,passive_AM,experiment2
17,0.722,0.204287379280594,1.99,0.1,12.1947460080815,1.87487108549257,43.3783452769894,2.5,1,TRUE,TRUE,1,SSP2_4_5,passive_AM,experiment2
18,0.716,0.201369051617906,1.99,0.1,12.8661036722243,1.97166489711829,43.3783452769894,2.5,1,TRUE,TRUE,1,SSP2_4_5,passive_AM,experiment2
19,0.692,0.207768324745801,1.99,0.1,13.5314049914257,2.04123302150682,43.3783452769894,2.5,1,TRUE,TRUE,1,SSP2_4_5,passive_AM,experiment2
20,0.706,0.215472232151344,1.99,0.1,14.1726853394783,2.11116317969023,43.3783452769894,2.5,1,TRUE,TRUE,1,SSP2_4_5,passive_AM,experiment2
21,0.676,0.206519987048482,1.99,0.1,14.8278735860802,2.19370033312789,43.3783452769894,2.5,1,TRUE,TRUE,1,SSP2_4_5,passive_AM,experiment2
22,0.704,0.200464107974117,1.99,0.1,15.4530592508974,2.27339723162488,43.3783452769894,2.5,1,TRUE,TRUE,1,SSP2_4_5,passive_AM,experiment2
23,0.721,0.207581066067932,1.99,0.1,16.1061208617849,2.3673344832937,43.3783452769894,2.5,1,TRUE,TRUE,1,SSP2_4_5,passive_AM,experiment2
24,0.689,0.198934027945818,1.99,0.1,16.7760781094913,2.46803925996054,43.3783452769894,2.5,1,TRUE,TRUE,1,SSP2_4_5,passive_AM,experiment2
25,0.713,0.204324459741082,1.99,0.1,17.4140450732176,2.54977104234962,43.3783452769894,2.5,1,TRUE,TRUE,1,SSP2_4_5,passive_AM,experiment2
26,0.678,0.190469913316481,1.99,0.1,18.0758883121924,2.64425310654206,43.3783452769894,2.5,1,TRUE,TRUE,1,SSP2_4_5,passive_AM,experiment2
27,0.69,0.202259958738973,1.99,0.1,18.7027562531842,2.73816820779984,43.3783452769894,2.5,1,TRUE,TRUE,1,SSP2_4_5,passive_AM,experiment2
28,0.665,0.197138622201831,1.99,0.1,19.3415291494669,2.82515443899806,43.3783452769894,2.5,1,TRUE,TRUE,1,SSP2_4_5,passive_AM,experiment2
29,0.653,0.19408162398248,2,0.14213381090374,19.9553080740418,2.89650691560097,43.3783452769894,2.5,1,TRUE,TRUE,1,SSP2_4_5,passive_AM,experiment2
30,0.629,0.206116079876943,2,0.14213381090374,20.5555647159635,2.97339337532856,43.3783452769894,2.5,1,TRUE,TRUE,1,SSP2_4_5,passive_AM,experiment2
31,0.625,0.221735578260835,2.23,0.468287229478799,21.1318332279184,3.04922460948172,43.3783452769894,2.5,1,TRUE,TRUE,1,SSP2_4_5,passive_AM,experiment2
32,0.597,0.211036403580907,2.64,0.52261966393479,21.6686663795245,3.14896345329031,43.3783452769894,2.5,1,TRUE,TRUE,1,SSP2_4_5,passive_AM,experiment2
33,0.603,0.204719566749495,2.74,0.484507455822379,22.1162318043391,3.23834491375902,43.3783452769894,2.5,1,TRUE,TRUE,1,SSP2_4_5,passive_AM,experiment2
34,0.62,0.217887006209061,2.87,0.393251147037697,22.5547821251403,3.32135026579734,43.3783452769894,2.5,1,TRUE,TRUE,1,SSP2_4_5,passive_AM,experiment2
35,0.642,0.222101987675241,2.92,0.338743966363203,22.9907970768993,3.39363203264157,43.3783452769894,2.5,1,TRUE,TRUE,1,SSP2_4_5,passive_AM,experiment2
36,0.673,0.218283015251931,2.92,0.338743966363203,23.4412177633433,3.47171875994337,43.3783452769894,2.5,1,TRUE,TRUE,1,SSP2_4_5,passive_AM,experiment2
37,0.69,0.22315460962745,2.93,0.325824517434794,23.9224820027976,3.54022817114001,43.3783452769894,2.5,1,TRUE,TRUE,1,SSP2_4_5,passive_AM,experiment2
38,0.676,0.21840560913358,2.93,0.325824517434794,24.4191408689375,3.61260073988193,43.3783452769894,2.5,1,TRUE,TRUE,1,SSP2_4_5,passive_AM,experiment2
39,0.682,0.214325345060619,2.93,0.325824517434794,24.9018031708888,3.69738943999436,43.3783452769894,2.5,1,TRUE,TRUE,1,SSP2_4_5,passive_AM,experiment2
40,0.68,0.209376177819693,2.94,0.31204765240863,25.3903938510152,3.77132280490052,43.3783452769894,2.5,1,TRUE,TRUE,1,SSP2_4_5,passive_AM,experiment2
41,0.688,0.21708816809599,2.95,0.297294195005282,25.8754496448081,3.85398899019134,43.3783452769894,2.5,1,TRUE,TRUE,1,SSP2_4_5,passive_AM,experiment2
42,0.682,0.216668997656459,2.95,0.297294195005282,26.3669303362524,3.93609573993963,43.3783452769894,2.5,1,TRUE,TRUE,1,SSP2_4_5,passive_AM,experiment2
43,0.691,0.229665984957426,2.96,0.281410588272579,26.8523870280363,4.0004927142906,43.3783452769894,2.5,1,TRUE,TRUE,1,SSP2_4_5,passive_AM,experiment2
44,0.692,0.230800101535261,2.96,0.281410588272579,27.3452629917836,4.07687769627499,43.3783452769894,2.5,1,TRUE,TRUE,1,SSP2_4_5,passive_AM,experiment2
45,0.709,0.254294428892291,2.92,0.393892771133865,27.8390852773813,4.16275383083709,43.3783452769894,2.5,1,TRUE,TRUE,1,SSP2_4_5,passive_AM,experiment2
46,0.717,0.268950447916235,2.9,0.438085827115181,28.3537638883528,4.25537485092871,43.3783452769894,2.5,1,TRUE,TRUE,1,SSP2_4_5,passive_AM,experiment2
47,0.712,0.253970490610642,2.9,0.438085827115181,28.8783451348115,4.34994265445952,43.3783452769894,2.5,1,TRUE,TRUE,1,SSP2_4_5,passive_AM,experiment2
48,0.708,0.249719034035445,2.9,0.438085827115181,29.3978973691766,4.44935516980941,43.3783452769894,2.5,1,TRUE,TRUE,1,SSP2_4_5,passive_AM,experiment2
49,0.691,0.252300526268883,2.9,0.438085827115181,29.9134168032673,4.54212674965699,43.3783452769894,2.5,1,TRUE,TRUE,1,SSP2_4_5,passive_AM,experiment2
50,0.684,0.248924961310907,2.9,0.438085827115181,30.4119677858075,4.62120847971954,43.3783452769894,2.5,1,TRUE,TRUE,1,SSP2_4_5,passive_AM,experiment2
51,0.691,0.240829794458638,2.9,0.438085827115181,30.9035038276365,4.69373698692919,43.3783452769894,2.5,1,TRUE,TRUE,1,SSP2_4_5,passive_AM,experiment2
52,0.679,0.237535749568843,2.9,0.438085827115181,31.4019551049657,4.77303101334784,43.3783452769894,2.5,1,TRUE,TRUE,1,SSP2_4_5,passive_AM,experiment2
53,0.678,0.233367962798251,2.9,0.438085827115181,31.888418778312,4.8291679463603,43.3783452769894,2.5,1,TRUE,TRUE,1,SSP2_4_5,passive_AM,experiment2
54,0.671,0.236683738180704,2.9,0.438085827115181,32.3738390915344,4.88643413581609,43.3783452769894,2.5,1,TRUE,TRUE,1,SSP2_4_5,passive_AM,experiment2
55,0.654,0.229368919014981,2.9,0.438085827115181,32.8522485627289,4.95336311597089,43.3783452769894,2.5,1,TRUE,TRUE,1,SSP2_4_5,passive_AM,experiment2
56,0.655,0.228024010786034,2.9,0.438085827115181,33.3137034409716,5.03249633231823,43.3783452769894,2.5,1,TRUE,TRUE,1,SSP2_4_5,passive_AM,experiment2
57,0.673,0.226012871717117,2.9,0.438085827115181,33.7761065890989,5.11033019939697,43.3783452769894,2.5,1,TRUE,TRUE,1,SSP2_4_5,passive_AM,experiment2
58,0.687,0.238113375932516,2.9,0.438085827115181,34.2563611836654,5.18389097428989,43.3783452769894,2.5,1,TRUE,TRUE,1,SSP2_4_5,passive_AM,experiment2
59,0.668,0.227804630099894,2.9,0.438085827115181,34.750486783761,5.25790930668854,43.3783452769894,2.5,1,TRUE,TRUE,1,SSP2_4_5,passive_AM,experiment2
60,0.687,0.238960290010747,2.9,0.438085827115181,35.2256747468234,5.32844515203172,43.3783452769894,2.5,1,TRUE,TRUE,1,SSP2_4_5,passive_AM,experiment2
61,0.668,0.235221795183382,2.9,0.438085827115181,35.7197015267403,5.39247168156575,43.3783452769894,2.5,1,TRUE,TRUE,1,SSP2_4_5,passive_AM,experiment2
62,0.666,0.239199000031692,2.9,0.438085827115181,36.194794456962,5.46720677110823,43.3783452769894,2.5,1,TRUE,TRUE,1,SSP2_4_5,passive_AM,experiment2
63,0.665,0.242618293546955,2.9,0.438085827115181,36.6678522401462,5.55521880655468,43.3783452769894,2.5,1,TRUE,TRUE,1,SSP2_4_5,passive_AM,experiment2
64,0.652,0.232891356298133,2.9,0.438085827115181,37.1398689980617,5.65817739543687,43.3783452769894,2.5,1,TRUE,TRUE,1,SSP2_4_5,passive_AM,experiment2
65,0.633,0.254675471845241,2.86,0.512864799952486,37.5989214927623,5.75162237862029,43.3783452769894,2.5,1,TRUE,TRUE,1,SSP2_4_5,passive_AM,experiment2
66,0.633,0.248248409314688,2.86,0.512864799952486,38.0430252708676,5.85486504480427,43.3783452769894,2.5,1,TRUE,TRUE,1,SSP2_4_5,passive_AM,experiment2
67,0.632,0.258542925728871,2.84,0.545319848688582,38.487084638595,5.95310351822108,43.3783452769894,2.5,1,TRUE,TRUE,1,SSP2_4_5,passive_AM,experiment2
68,0.621,0.270164558906028,2.82,0.575246982529323,38.9320929224479,6.0441903940804,43.3783452769894,2.5,1,TRUE,TRUE,1,SSP2_4_5,passive_AM,experiment2
69,0.578,0.249678581258773,2.82,0.575246982529323,39.3681177009026,6.13623807860183,43.3783452769894,2.5,1,TRUE,TRUE,1,SSP2_4_5,passive_AM,experiment2
70,0.578,0.2721333600582,2.78,0.62893207547044,39.7613945703488,6.20914139996356,43.3783452769894,2.5,1,TRUE,TRUE,1,SSP2_4_5,passive_AM,experiment2
71,0.557,0.275701126423363,2.76,0.653197264742181,40.1586042084894,6.26391677932451,43.3783452769894,2.5,1,TRUE,TRUE,1,SSP2_4_5,passive_AM,experiment2
72,0.569,0.28522364076725,2.74,0.675995337979262,40.5369085546004,6.31969574766904,43.3783452769894,2.5,1,TRUE,TRUE,1,SSP2_4_5,passive_AM,experiment2
73,0.565,0.285110292321899,2.74,0.675995337979262,40.9290746272831,6.3882820026243,43.3783452769894,2.5,1,TRUE,TRUE,1,SSP2_4_5,passive_AM,experiment2
74,0.518,0.304968950232742,2.64,0.772245839330738,41.317230578487,6.4605542215388,43.3783452769894,2.5,1,TRUE,TRUE,1,SSP2_4_5,passive_AM,experiment2
75,0.498,0.300833857969827,2.6,0.791367567103066,41.66862051712,6.5444294735064,43.3783452769894,2.5,1,TRUE,TRUE,1,SSP2_4_5,passive_AM,experiment2
76,0.472,0.293732510762408,2.57,0.819645156038991,42.0050874015202,6.62233054142778,43.3783452769894,2.5,1,TRUE,TRUE,1,SSP2_4_5,passive_AM,experiment2
77,0.458,0.301571640817658,2.57,0.819645156038991,42.3181985711309,6.68241149568613,43.3783452769894,2.5,1,TRUE,TRUE,1,SSP2_4_5,passive_AM,experiment2
78,0.418,0.307278704143652,2.51,0.858645868372245,42.6173858210069,6.74765586657481,43.3783452769894,2.5,1,TRUE,TRUE,1,SSP2_4_5,passive_AM,experiment2
79,0.407,0.313421973277773,2.44,0.902521719708426,42.8828073337197,6.80179931141202,43.3783452769894,2.5,1,TRUE,TRUE,1,SSP2_4_5,passive_AM,experiment2
80,0.38,0.309447209968963,2.38,0.918716715881672,43.1437377159914,6.88611322216409,43.3783452769894,2.5,1,TRUE,TRUE,1,SSP2_4_5,passive_AM,experiment2
81,0.373,0.322194181991374,2.28,0.954309735205017,43.3848013748649,6.97793667971949,43.3783452769894,2.5,1,TRUE,TRUE,1,SSP2_4_5,passive_AM,experiment2
82,0.334,0.318842603898234,1.76,0.965254977566638,43.628816724317,7.07416093833733,43.3783452769894,2.5,1,TRUE,TRUE,1,SSP2_4_5,passive_AM,experiment2
83,0.191,0.27928299249863,1,0,43.8857015028152,7.19725008219656,43.3783452769894,2.5,1,TRUE,TRUE,1,SSP2_4_5,passive_AM,experiment2
0,1,0,2,0,0,0,51.6323278158559,1,2.5,TRUE,TRUE,1,SSP2_4_5,passive_AM,experiment2
1,0.889,0.118828456272906,2,0,0.95,0,51.6323278158559,1,2.5,TRUE,TRUE,1,SSP2_4_5,passive_AM,experiment2
2,0.841,0.144316571215064,2,0,1.7889161,0.118816573427279,51.6323278158559,1,2.5,TRUE,TRUE,1,SSP2_4_5,passive_AM,experiment2
3,0.807,0.143022919686166,2,0,2.57975790791,0.223571758357904,51.6323278158559,1,2.5,TRUE,TRUE,1,SSP2_4_5,passive_AM,experiment2
4,0.792,0.152871504766902,2,0,3.33653083061924,0.312517584269311,51.6323278158559,1,2.5,TRUE,TRUE,1,SSP2_4_5,passive_AM,experiment2
5,0.771,0.159731466574816,2,0,4.07823407513628,0.391550901943848,51.6323278158559,1,2.5,TRUE,TRUE,1,SSP2_4_5,passive_AM,experiment2
6,0.744,0.178840259404415,2,0,4.79887364722907,0.487050978437382,51.6323278158559,1,2.5,TRUE,TRUE,1,SSP2_4_5,passive_AM,experiment2
7,0.713,0.188376905659528,2,0,5.49245735131519,0.594751031050394,51.6323278158559,1,2.5,TRUE,TRUE,1,SSP2_4_5,passive_AM,experiment2
8,0.715,0.196111182647997,2,0,6.15499339052198,0.704105852842415,51.6323278158559,1,2.5,TRUE,TRUE,1,SSP2_4_5,passive_AM,experiment2
9,0.701,0.202257461687031,2,0,6.81946157668475,0.802119668196214,51.6323278158559,1,2.5,TRUE,TRUE,1,SSP2_4_5,passive_AM,experiment2
10,0.701,0.191482783992861,2,0,7.46987591099007,0.911331891196836,51.6323278158559,1,2.5,TRUE,TRUE,1,SSP2_4_5,passive_AM,experiment2
11,0.708,0.22278313049314,1.99,0.1,8.12022520386197,1.02168376723556,51.6323278158559,1,2.5,TRUE,TRUE,1,SSP2_4_5,passive_AM,experiment2
12,0.722,0.229879195327556,1.98,0.14070529413629,8.77800121592834,1.1348536024182,51.6323278158559,1,2.5,TRUE,TRUE,1,SSP2_4_5,passive_AM,experiment2
13,0.696,0.226041919773633,1.97,0.171446607997765,9.45019405996031,1.24081324568121,51.6323278158559,1,2.5,TRUE,TRUE,1,SSP2_4_5,passive_AM,experiment2
14,0.682,0.214796121327583,1.97,0.171446607997765,10.0968528148252,1.33909236938959,51.6323278158559,1,2.5,TRUE,TRUE,1,SSP2_4_5,passive_AM,experiment2
15,0.672,0.226559689550663,1.97,0.171446607997765,10.7294664910796,1.44636858934151,51.6323278158559,1,2.5,TRUE,TRUE,1,SSP2_4_5,passive_AM,experiment2
16,0.682,0.226247384046487,1.97,0.171446607997765,11.352031895471,1.56669248879768,51.6323278158559,1,2.5,TRUE,TRUE,1,SSP2_4_5,passive_AM,experiment2
17,0.697,0.235039218734734,1.97,0.171446607997765,11.9845190553164,1.69736874566343,51.6323278158559,1,2.5,TRUE,TRUE,1,SSP2_4_5,passive_AM,experiment2
18,0.686,0.226532937378148,1.97,0.171446607997765,12.6319174868356,1.81167450957024,51.6323278158559,1,2.5,TRUE,TRUE,1,SSP2_4_5,passive_AM,experiment2
19,0.677,0.247351628825905,1.97,0.171446607997765,13.2682709616906,1.9223649444365,51.6323278158559,1,2.5,TRUE,TRUE,1,SSP2_4_5,passive_AM,experiment2
20,0.697,0.231139032889844,1.97,0.171446607997765,13.8955778858168,2.04696288850235,51.6323278158559,1,2.5,TRUE,TRUE,1,SSP2_4_5,passive_AM,experiment2
21,0.7,0.224733287487747,1.97,0.171446607997765,14.5427821172278,2.1661353941921,51.6323278158559,1,2.5,TRUE,TRUE,1,SSP2_4_5,passive_AM,experiment2
22,0.693,0.218468036170701,1.97,0.171446607997765,15.1929153345117,2.29912401004988,51.6323278158559,1,2.5,TRUE,TRUE,1,SSP2_4_5,passive_AM,experiment2
23,0.698,0.22382352355588,1.97,0.171446607997765,15.8359989223146,2.40972235845707,51.6323278158559,1,2.5,TRUE,TRUE,1,SSP2_4_5,passive_AM,experiment2
24,0.684,0.22505667075318,1.97,0.171446607997765,16.4840067144,2.52342624467466,51.6323278158559,1,2.5,TRUE,TRUE,1,SSP2_4_5,passive_AM,experiment2
25,0.668,0.245723010684384,1.96,0.196946385566932,17.1179832670944,2.63113515040104,51.6323278158559,1,2.5,TRUE,TRUE,1,SSP2_4_5,passive_AM,experiment2
26,0.664,0.24557497980672,1.96,0.196946385566932,17.7364351256692,2.76141900463787,51.6323278158559,1,2.5,TRUE,TRUE,1,SSP2_4_5,passive_AM,experiment2
27,0.673,0.244889173036921,1.96,0.196946385566932,18.3508355260685,2.90411213574012,51.6323278158559,1,2.5,TRUE,TRUE,1,SSP2_4_5,passive_AM,experiment2
28,0.66,0.245772334496868,1.96,0.196946385566932,18.9741502179915,3.04733832949026,51.6323278158559,1,2.5,TRUE,TRUE,1,SSP2_4_5,passive_AM,experiment2
29,0.659,0.25389690105166,1.98,0.245360999757541,19.5844389293478,3.17734217513312,51.6323278158559,1,2.5,TRUE,TRUE,1,SSP2_4_5,passive_AM,experiment2
30,0.654,0.250824901700631,2.01,0.301343791719824,20.1906781956076,3.31929382808933,51.6323278158559,1,2.5,TRUE,TRUE,1,SSP2_4_5,passive_AM,experiment2
31,0.655,0.258736244937667,2.18,0.479477830456206,20.7873852966543,3.46020565398783,51.6323278158559,1,2.5,TRUE,TRUE,1,SSP2_4_5,passive_AM,experiment2
32,0.656,0.261433499665737,2.31,0.544856574585172,21.359608563176,3.59264333745176,51.6323278158559,1,2.5,TRUE,TRUE,1,SSP2_4_5,passive_AM,experiment2
33,0.667,0.264405183402484,2.43,0.573047849994953,21.9133337157027,3.7322794767364,51.6323278158559,1,2.5,TRUE,TRUE,1,SSP2_4_5,passive_AM,experiment2
34,0.649,0.255641399723373,2.55,0.575159178669767,22.4600265587924,3.88946835638043,51.6323278158559,1,2.5,TRUE,TRUE,1,SSP2_4_5,passive_AM,experiment2
35,0.649,0.259562569090243,2.59,0.587667878442863,22.9707869308529,4.04678109970088,51.6323278158559,1,2.5,TRUE,TRUE,1,SSP2_4_5,passive_AM,experiment2
36,0.655,0.255198476927788,2.62,0.582228390745332,23.4745206852721,4.20235575897585,51.6323278158559,1,2.5,TRUE,TRUE,1,SSP2_4_5,passive_AM,experiment2
37,0.648,0.259945604255423,2.67,0.569511575249735,23.9796986757551,4.36050163703655,51.6323278158559,1,2.5,TRUE,TRUE,1,SSP2_4_5,passive_AM,experiment2
38,0.627,0.231750039499632,2.71,0.555868598672293,24.4703797019816,4.49913202220463,51.6323278158559,1,2.5,TRUE,TRUE,1,SSP2_4_5,passive_AM,experiment2
39,0.668,0.25141217315015,2.7,0.577350269189626,24.9341140705231,4.62623425212317,51.6323278158559,1,2.5,TRUE,TRUE,1,SSP2_4_5,passive_AM,experiment2
40,0.653,0.249628006069314,2.69,0.59789191955967,25.4391405227638,4.76783492657345,51.6323278158559,1,2.5,TRUE,TRUE,1,SSP2_4_5,passive_AM,experiment2
41,0.648,0.242245388568757,2.72,0.587409997404287,25.9296743594024,4.88741541066898,51.6323278158559,1,2.5,TRUE,TRUE,1,SSP2_4_5,passive_AM,experiment2
42,0.633,0.228767006874557,2.71,0.591095541679972,26.4106980148585,5.00428555773019,51.6323278158559,1,2.5,TRUE,TRUE,1,SSP2_4_5,passive_AM,experiment2
43,0.642,0.239182108043392,2.72,0.587409997404287,26.8782301518689,5.10724779148351,51.6323278158559,1,2.5,TRUE,TRUE,1,SSP2_4_5,passive_AM,experiment2
44,0.667,0.243731513155461,2.7,0.643538199442282,27.3531833532981,5.21219794981116,51.6323278158559,1,2.5,TRUE,TRUE,1,SSP2_4_5,passive_AM,experiment2
45,0.681,0.243582271999264,2.72,0.604361253930565,27.8529792955764,5.32591522115145,51.6323278158559,1,2.5,TRUE,TRUE,1,SSP2_4_5,passive_AM,experiment2
46,0.699,0.252060198036785,2.7,0.627645914460848,28.3656668867762,5.43222447499173,51.6323278158559,1,2.5,TRUE,TRUE,1,SSP2_4_5,passive_AM,experiment2
47,0.668,0.248177193134098,2.7,0.643538199442282,28.8982114159137,5.55814326248612,51.6323278158559,1,2.5,TRUE,TRUE,1,SSP2_4_5,passive_AM,experiment2
48,0.668,0.24776985084933,2.72,0.604361253930565,29.3988527451965,5.67449710611067,51.6323278158559,1,2.5,TRUE,TRUE,1,SSP2_4_5,passive_AM,experiment2
49,0.658,0.251532675548699,2.76,0.534090371802868,29.8984487990837,5.79863043466257,51.6323278158559,1,2.5,TRUE,TRUE,1,SSP2_4_5,passive_AM,experiment2
50,0.675,0.254405625374562,2.77,0.529054808029367,30.3850584407247,5.89169431571631,51.6323278158559,1,2.5,TRUE,TRUE,1,SSP2_4_5,passive_AM,experiment2
51,0.688,0.259867876297385,2.75,0.557320429022713,30.8870421109731,5.99048274393298,51.6323278158559,1,2.5,TRUE,TRUE,1,SSP2_4_5,passive_AM,experiment2
52,0.679,0.251980037689376,2.72,0.620849857416868,31.4038992737925,6.09940046248057,51.6323278158559,1,2.5,TRUE,TRUE,1,SSP2_4_5,passive_AM,experiment2
53,0.68,0.231813230289761,2.75,0.538891492235719,31.9132436516111,6.21523371958375,51.6323278158559,1,2.5,TRUE,TRUE,1,SSP2_4_5,passive_AM,experiment2
54,0.674,0.244379238318668,2.74,0.561743318211757,32.4230344518703,6.32787224617266,51.6323278158559,1,2.5,TRUE,TRUE,1,SSP2_4_5,passive_AM,experiment2
55,0.668,0.245311593239655,2.76,0.588097428882822,32.9273038944807,6.44653644377469,51.6323278158559,1,2.5,TRUE,TRUE,1,SSP2_4_5,passive_AM,experiment2
56,0.66,0.239949489634293,2.74,0.596623495983519,33.420583247085,6.5503470640224,51.6323278158559,1,2.5,TRUE,TRUE,1,SSP2_4_5,passive_AM,experiment2
57,0.68,0.240789945761442,2.79,0.537389875963326,33.9088411948925,6.67473763161411,51.6323278158559,1,2.5,TRUE,TRUE,1,SSP2_4_5,passive_AM,experiment2
58,0.681,0.22948999229957,2.76,0.570663268185859,34.4114678979015,6.79106248777759,51.6323278158559,1,2.5,TRUE,TRUE,1,SSP2_4_5,passive_AM,experiment2
59,0.7,0.234843597212092,2.78,0.523778039195454,34.9185183124866,6.90410581414214,51.6323278158559,1,2.5,TRUE,TRUE,1,SSP2_4_5,passive_AM,experiment2
60,0.713,0.249708921455653,2.74,0.579445921340012,35.4434121294258,7.01232963770009,51.6323278158559,1,2.5,TRUE,TRUE,1,SSP2_4_5,passive_AM,experiment2
61,0.694,0.245286886248851,2.78,0.523778039195454,35.9851517573025,7.12099271311444,51.6323278158559,1,2.5,TRUE,TRUE,1,SSP2_4_5,passive_AM,experiment2
62,0.679,0.238384715800474,2.75,0.557320429022713,36.5039770911429,7.22528246061544,51.6323278158559,1,2.5,TRUE,TRUE,1,SSP2_4_5,passive_AM,experiment2
63,0.681,0.245646950403265,2.77,0.529054808029367,37.0113216254192,7.33161321268931,51.6323278158559,1,2.5,TRUE,TRUE,1,SSP2_4_5,passive_AM,experiment2
64,0.682,0.231542914407073,2.76,0.552679423766206,37.5186154252421,7.45040817537491,51.6323278158559,1,2.5,TRUE,TRUE,1,SSP2_4_5,passive_AM,experiment2
65,0.68,0.243708718337977,2.73,0.565953205047052,38.0273489258627,7.57520232414323,51.6323278158559,1,2.5,TRUE,TRUE,1,SSP2_4_5,passive_AM,experiment2
66,0.663,0.246451585181317,2.8,0.512470743190538,38.5385153550241,7.70610952409326,51.6323278158559,1,2.5,TRUE,TRUE,1,SSP2_4_5,passive_AM,experiment2
67,0.649,0.2488336428584,2.79,0.518252697615612,39.0233050003284,7.81003849180045,51.6323278158559,1,2.5,TRUE,TRUE,1,SSP2_4_5,passive_AM,experiment2
68,0.658,0.252334554258285,2.78,0.523778039195454,39.4956296408909,7.93705466613424,51.6323278158559,1,2.5,TRUE,TRUE,1,SSP2_4_5,passive_AM,experiment2
69,0.657,0.260634424108373,2.77,0.547814758929522,39.9783358876541,8.08239099869963,51.6323278158559,1,2.5,TRUE,TRUE,1,SSP2_4_5,passive_AM,experiment2
70,0.662,0.26083781097909,2.79,0.518252697615612,40.4604973020887,8.23458822011555,51.6323278158559,1,2.5,TRUE,TRUE,1,SSP2_4_5,passive_AM,experiment2
71,0.676,0.259026928127076,2.77,0.529054808029367,40.945589572668,8.36319302041611,51.6323278158559,1,2.5,TRUE,TRUE,1,SSP2_4_5,passive_AM,experiment2
72,0.679,0.260262105648063,2.76,0.552679423766206,41.4475130555002,8.49728839434465,51.6323278158559,1,2.5,TRUE,TRUE,1,SSP2_4_5,passive_AM,experiment2
73,0.672,0.27157602131546,2.75,0.557320429022713,41.9528612352357,8.62539409578865,51.6323278158559,1,2.5,TRUE,TRUE,1,SSP2_4_5,passive_AM,experiment2
74,0.668,0.264338320102757,2.69,0.59789191955967,42.4526988859547,8.73897777684482,51.6323278158559,1,2.5,TRUE,TRUE,1,SSP2_4_5,passive_AM,experiment2
75,0.668,0.267377839565864,2.68,0.601009252185123,42.9564570606899,8.8516864021328,51.6323278158559,1,2.5,TRUE,TRUE,1,SSP2_4_5,passive_AM,experiment2
76,0.661,0.254612004287451,2.67,0.620442982835244,43.4616536511314,8.97078893337956,51.6323278158559,1,2.5,TRUE,TRUE,1,SSP2_4_5,passive_AM,experiment2
77,0.652,0.248827553769978,2.66,0.623123445460712,43.96034893712,9.09288308026147,51.6323278158559,1,2.5,TRUE,TRUE,1,SSP2_4_5,passive_AM,experiment2
78,0.667,0.249466096560902,2.63,0.630135467237567,44.4515518846777,9.20987447008943,51.6323278158559,1,2.5,TRUE,TRUE,1,SSP2_4_5,passive_AM,experiment2
79,0.649,0.252860403856325,2.57,0.670519171684121,44.9620541960449,9.32450338119851,51.6323278158559,1,2.5,TRUE,TRUE,1,SSP2_4_5,passive_AM,experiment2
80,0.649,0.259562569090243,2.39,0.777135376842023,45.4615920191391,9.44064779739101,51.6323278158559,1,2.5,TRUE,TRUE,1,SSP2_4_5,passive_AM,experiment2
81,0.653,0.283005157535899,1.99,0.881859834484351,45.979928487293,9.576973208903,51.6323278158559,1,2.5,TRUE,TRUE,1,SSP2_4_5,passive_AM,experiment2
82,0.634,0.26523098376222,1.23,0.600588936550675,46.5408662113385,9.69887524745799,51.6323278158559,1,2.5,TRUE,TRUE,1,SSP2_4_5,passive_AM,experiment2
83,0.634,0.275688302987342,1,0,47.1493558314491,9.81962389767023,51.6323278158559,1,2.5,TRUE,TRUE,1,SSP2_4_5,passive_AM,experiment2
0,1,0,2,0,0,0,56.307965667076,2.5,2.5,TRUE,TRUE,1,SSP2_4_5,passive_AM,experiment2
1,0.886,0.11978094484297,2,0,0.95,0,56.307965667076,2.5,2.5,TRUE,TRUE,1,SSP2_4_5,passive_AM,experiment2
2,0.825,0.147281768022791,2,0,1.7859164,0.119768966748486,56.307965667076,2.5,2.5,TRUE,TRUE,1,SSP2_4_5,passive_AM,experiment2
3,0.799,0.164221456785302,2,0,2.56076140775,0.227775498858505,56.307965667076,2.5,2.5,TRUE,TRUE,1,SSP2_4_5,passive_AM,experiment2
4,0.778,0.166715144464861,2,0,3.30953673021925,0.353690608438592,56.307965667076,2.5,2.5,TRUE,TRUE,1,SSP2_4_5,passive_AM,experiment2
5,0.77,0.175522308576662,2,0,4.03724557389634,0.464865920806531,56.307965667076,2.5,2.5,TRUE,TRUE,1,SSP2_4_5,passive_AM,experiment2
6,0.747,0.178916492004262,2,0,4.75688564588914,0.578240216458735,56.307965667076,2.5,2.5,TRUE,TRUE,1,SSP2_4_5,passive_AM,experiment2
7,0.742,0.179325334957378,2,0,5.4534675504252,0.690273283516367,56.307965667076,2.5,2.5,TRUE,TRUE,1,SSP2_4_5,passive_AM,experiment2
8,0.743,0.203631177783896,1.99,0.1,6.14498329572098,0.806616838750445,56.307965667076,2.5,2.5,TRUE,TRUE,1,SSP2_4_5,passive_AM,experiment2
9,0.726,0.222302005879798,1.99,0.1,6.83792868986215,0.927298873013597,56.307965667076,2.5,2.5,TRUE,TRUE,1,SSP2_4_5,passive_AM,experiment2
10,0.708,0.203841887627433,1.99,0.1,7.51382008334533,1.09048447661328,56.307965667076,2.5,2.5,TRUE,TRUE,1,SSP2_4_5,passive_AM,experiment2
11,0.693,0.207561600932875,1.99,0.1,8.17166187959133,1.23381415054039,56.307965667076,2.5,2.5,TRUE,TRUE,1,SSP2_4_5,passive_AM,experiment2
12,0.699,0.186132894850573,1.99,0.1,8.81445438341017,1.36212047065438,56.307965667076,2.5,2.5,TRUE,TRUE,1,SSP2_4_5,passive_AM,experiment2
13,0.705,0.198669818970313,1.99,0.1,9.46317541193731,1.47159529435408,56.307965667076,2.5,2.5,TRUE,TRUE,1,SSP2_4_5,passive_AM,experiment2
14,0.663,0.208241798072929,1.98,0.14070529413629,10.1178237730399,1.56985820323348,56.307965667076,2.5,2.5,TRUE,TRUE,1,SSP2_4_5,passive_AM,experiment2
15,0.671,0.224865841035597,1.98,0.14070529413629,10.7309647315565,1.66013056016754,56.307965667076,2.5,2.5,TRUE,TRUE,1,SSP2_4_5,passive_AM,experiment2
16,0.681,0.231243891538214,1.98,0.14070529413629,11.3520323843735,1.76176076311644,56.307965667076,2.5,2.5,TRUE,TRUE,1,SSP2_4_5,passive_AM,experiment2
17,0.681,0.224145966150217,1.98,0.14070529413629,11.9830219424197,1.8735871336156,56.307965667076,2.5,2.5,TRUE,TRUE,1,SSP2_4_5,passive_AM,experiment2
18,0.705,0.228908256511184,1.98,0.14070529413629,12.6139484015101,1.97899952755975,56.307965667076,2.5,2.5,TRUE,TRUE,1,SSP2_4_5,passive_AM,experiment2
19,0.706,0.222846597597105,1.98,0.14070529413629,13.268768604655,2.09680545918987,56.307965667076,2.5,2.5,TRUE,TRUE,1,SSP2_4_5,passive_AM,experiment2
20,0.725,0.224901774294486,1.98,0.14070529413629,13.9245214274886,2.20695478175072,56.307965667076,2.5,2.5,TRUE,TRUE,1,SSP2_4_5,passive_AM,experiment2
21,0.743,0.223947594879975,1.98,0.14070529413629,14.5991707111183,2.32038270459537,56.307965667076,2.5,2.5,TRUE,TRUE,1,SSP2_4_5,passive_AM,experiment2
22,0.708,0.22503871720756,1.98,0.14070529413629,15.2917147675957,2.45530818271482,56.307965667076,2.5,2.5,TRUE,TRUE,1,SSP2_4_5,passive_AM,experiment2
23,0.704,0.228707391019772,1.98,0.14070529413629,15.9492664888713,2.58107816037506,56.307965667076,2.5,2.5,TRUE,TRUE,1,SSP2_4_5,passive_AM,experiment2
24,0.715,0.246336798269804,1.98,0.14070529413629,16.6027616448619,2.70207920582079,56.307965667076,2.5,2.5,TRUE,TRUE,1,SSP2_4_5,passive_AM,experiment2
25,0.718,0.239266556059314,1.98,0.14070529413629,17.2671650816746,2.83417676913393,56.307965667076,2.5,2.5,TRUE,TRUE,1,SSP2_4_5,passive_AM,experiment2
26,0.706,0.244461891021108,1.98,0.14070529413629,17.9344945871368,2.96626332864553,56.307965667076,2.5,2.5,TRUE,TRUE,1,SSP2_4_5,passive_AM,experiment2
27,0.668,0.237784385823405,1.98,0.14070529413629,18.5897885206796,3.09536789006861,56.307965667076,2.5,2.5,TRUE,TRUE,1,SSP2_4_5,passive_AM,experiment2
28,0.68,0.244122837104519,1.98,0.14070529413629,19.2071193915601,3.22131809115919,56.307965667076,2.5,2.5,TRUE,TRUE,1,SSP2_4_5,passive_AM,experiment2
29,0.676,0.243758449736992,1.98,0.14070529413629,19.8363549746742,3.3526254027505,56.307965667076,2.5,2.5,TRUE,TRUE,1,SSP2_4_5,passive_AM,experiment2
30,0.66,0.244948974278318,1.99,0.173787284350784,20.4615392180046,3.47794919227125,56.307965667076,2.5,2.5,TRUE,TRUE,1,SSP2_4_5,passive_AM,experiment2
31,0.683,0.256650924349976,2.09,0.350900716914789,21.0692133668567,3.61408612308341,56.307965667076,2.5,2.5,TRUE,TRUE,1,SSP2_4_5,passive_AM,experiment2
32,0.683,0.257828930835462,2.31,0.506423386569624,21.684801985458,3.76929361104313,56.307965667076,2.5,2.5,TRUE,TRUE,1,SSP2_4_5,passive_AM,experiment2
33,0.687,0.225475927627306,2.47,0.540388935878782,22.267434481681,3.93128968802459,56.307965667076,2.5,2.5,TRUE,TRUE,1,SSP2_4_5,passive_AM,experiment2
34,0.695,0.251209196897846,2.55,0.557320429022713,22.8300746091634,4.07412511581928,56.307965667076,2.5,2.5,TRUE,TRUE,1,SSP2_4_5,passive_AM,experiment2
35,0.69,0.250050499950015,2.62,0.546430104025994,23.3876754446129,4.2367186766092,56.307965667076,2.5,2.5,TRUE,TRUE,1,SSP2_4_5,passive_AM,experiment2
36,0.699,0.2488336428584,2.62,0.546430104025994,23.9297746778553,4.38926314882957,56.307965667076,2.5,2.5,TRUE,TRUE,1,SSP2_4_5,passive_AM,experiment2
37,0.708,0.241075033375859,2.66,0.535978289926679,24.4807873578102,4.55978222203509,56.307965667076,2.5,2.5,TRUE,TRUE,1,SSP2_4_5,passive_AM,experiment2
38,0.695,0.239264445222174,2.7,0.522232967867094,25.0347338564537,4.72108445076848,56.307965667076,2.5,2.5,TRUE,TRUE,1,SSP2_4_5,passive_AM,experiment2
39,0.718,0.238420729896636,2.7,0.522232967867094,25.5696970270375,4.87893306925678,56.307965667076,2.5,2.5,TRUE,TRUE,1,SSP2_4_5,passive_AM,experiment2
40,0.708,0.235135894513979,2.66,0.606696635956396,26.1275171715243,5.03362414563269,56.307965667076,2.5,2.5,TRUE,TRUE,1,SSP2_4_5,passive_AM,experiment2
41,0.69,0.229844040227896,2.64,0.643852043986392,26.6773134716756,5.19045248116733,56.307965667076,2.5,2.5,TRUE,TRUE,1,SSP2_4_5,passive_AM,experiment2
42,0.698,0.239941070206243,2.66,0.623123445460712,27.2101243529779,5.36328238659148,56.307965667076,2.5,2.5,TRUE,TRUE,1,SSP2_4_5,passive_AM,experiment2
43,0.703,0.227616104239333,2.7,0.594588390010563,27.7488568047833,5.51889600120231,56.307965667076,2.5,2.5,TRUE,TRUE,1,SSP2_4_5,passive_AM,experiment2
44,0.7,0.234413086131075,2.66,0.63912819409321,28.2875353833435,5.65451602733759,56.307965667076,2.5,2.5,TRUE,TRUE,1,SSP2_4_5,passive_AM,experiment2
45,0.681,0.240661965873675,2.73,0.583528106011228,28.8271557034926,5.78884835537462,56.307965667076,2.5,2.5,TRUE,TRUE,1,SSP2_4_5,passive_AM,experiment2
46,0.69,0.245566753252614,2.75,0.557320429022713,29.3393455397495,5.89877405876067,56.307965667076,2.5,2.5,TRUE,TRUE,1,SSP2_4_5,passive_AM,experiment2
47,0.703,0.252844424558468,2.74,0.579445921340012,29.8584520293666,6.00052662023447,56.307965667076,2.5,2.5,TRUE,TRUE,1,SSP2_4_5,passive_AM,experiment2
48,0.687,0.244806664595356,2.75,0.557320429022713,30.3909433040511,6.09929609327875,56.307965667076,2.5,2.5,TRUE,TRUE,1,SSP2_4_5,passive_AM,experiment2
49,0.695,0.245515331044271,2.77,0.547814758929522,30.9069603437732,6.23032517275562,56.307965667076,2.5,2.5,TRUE,TRUE,1,SSP2_4_5,passive_AM,experiment2
50,0.674,0.25130769099961,2.73,0.547814758929522,31.4279013404993,6.3523605598031,56.307965667076,2.5,2.5,TRUE,TRUE,1,SSP2_4_5,passive_AM,experiment2
51,0.684,0.257305383943012,2.73,0.583528106011228,31.9348600718999,6.47319235502984,56.307965667076,2.5,2.5,TRUE,TRUE,1,SSP2_4_5,passive_AM,experiment2
52,0.687,0.24726994205205,2.72,0.587409997404287,32.4497274092608,6.60025964249962,56.307965667076,2.5,2.5,TRUE,TRUE,1,SSP2_4_5,passive_AM,experiment2
53,0.69,0.24597774392219,2.71,0.607944043145387,32.9690199194588,6.72909646593575,56.307965667076,2.5,2.5,TRUE,TRUE,1,SSP2_4_5,passive_AM,experiment2
54,0.695,0.251209196897846,2.74,0.579445921340012,33.4917419985538,6.87130535753728,56.307965667076,2.5,2.5,TRUE,TRUE,1,SSP2_4_5,passive_AM,experiment2
55,0.711,0.247775965930776,2.75,0.538891492235719,34.0159037268687,7.0107543010453,56.307965667076,2.5,2.5,TRUE,TRUE,1,SSP2_4_5,passive_AM,experiment2
56,0.713,0.236410446025337,2.73,0.565953205047052,34.5564225336035,7.15090320592129,56.307965667076,2.5,2.5,TRUE,TRUE,1,SSP2_4_5,passive_AM,experiment2
57,0.704,0.231778368536005,2.71,0.591095541679972,35.1008649499469,7.29044734095458,56.307965667076,2.5,2.5,TRUE,TRUE,1,SSP2_4_5,passive_AM,experiment2
58,0.706,0.246519202440129,2.74,0.561743318211757,35.6382927105332,7.4345057700796,56.307965667076,2.5,2.5,TRUE,TRUE,1,SSP2_4_5,passive_AM,experiment2
59,0.701,0.243913795005406,2.75,0.557320429022713,36.1741754035946,7.56807004745628,56.307965667076,2.5,2.5,TRUE,TRUE,1,SSP2_4_5,passive_AM,experiment2
60,0.716,0.246068069747976,2.72,0.569954809479212,36.7035427473828,7.68689456717889,56.307965667076,2.5,2.5,TRUE,TRUE,1,SSP2_4_5,passive_AM,experiment2
61,0.697,0.237178277575193,2.71,0.573752489486468,37.2522404989203,7.83259439238688,56.307965667076,2.5,2.5,TRUE,TRUE,1,SSP2_4_5,passive_AM,experiment2
62,0.692,0.26843354048361,2.71,0.591095541679972,37.7834898110615,7.97378938605849,56.307965667076,2.5,2.5,TRUE,TRUE,1,SSP2_4_5,passive_AM,experiment2
63,0.688,0.266393799788314,2.7,0.577350269189626,38.308723085038,8.13351174876038,56.307965667076,2.5,2.5,TRUE,TRUE,1,SSP2_4_5,passive_AM,experiment2
64,0.686,0.260155353742352,2.75,0.519809599951771,38.8324132564517,8.29215978822345,56.307965667076,2.5,2.5,TRUE,TRUE,1,SSP2_4_5,passive_AM,experiment2
65,0.687,0.252924310952322,2.74,0.524548868220603,39.3485989079602,8.43031436335803,56.307965667076,2.5,2.5,TRUE,TRUE,1,SSP2_4_5,passive_AM,experiment2
66,0.689,0.256587945424904,2.71,0.555868598672293,39.8672167427946,8.56463035746726,56.307965667076,2.5,2.5,TRUE,TRUE,1,SSP2_4_5,passive_AM,experiment2
67,0.668,0.25301415299576,2.71,0.573752489486468,40.3912465335691,8.69446568343914,56.307965667076,2.5,2.5,TRUE,TRUE,1,SSP2_4_5,passive_AM,experiment2
68,0.672,0.251893836864869,2.7,0.559581373109678,40.8933708359969,8.82620554567917,56.307965667076,2.5,2.5,TRUE,TRUE,1,SSP2_4_5,passive_AM,experiment2
69,0.68,0.266287609379578,2.71,0.555868598672293,41.4019008737391,8.96074334261015,56.307965667076,2.5,2.5,TRUE,TRUE,1,SSP2_4_5,passive_AM,experiment2
70,0.664,0.254463190170042,2.7,0.559581373109678,41.9168353606276,9.10493420698262,56.307965667076,2.5,2.5,TRUE,TRUE,1,SSP2_4_5,passive_AM,experiment2
71,0.67,0.252862401197556,2.69,0.563090318750649,42.4173195046848,9.25882451822693,56.307965667076,2.5,2.5,TRUE,TRUE,1,SSP2_4_5,passive_AM,experiment2
72,0.659,0.245811375495994,2.68,0.583960701597377,42.9252005362746,9.40469157797674,56.307965667076,2.5,2.5,TRUE,TRUE,1,SSP2_4_5,passive_AM,experiment2
73,0.654,0.242637027827014,2.67,0.586979943903925,43.4226061120065,9.53882197755783,56.307965667076,2.5,2.5,TRUE,TRUE,1,SSP2_4_5,passive_AM,experiment2
74,0.648,0.238039127587517,2.67,0.586979943903925,43.916487405418,9.6545842152309,56.307965667076,2.5,2.5,TRUE,TRUE,1,SSP2_4_5,passive_AM,experiment2
75,0.658,0.249111552635693,2.67,0.603943271133535,44.4043635490285,9.77047745621638,56.307965667076,2.5,2.5,TRUE,TRUE,1,SSP2_4_5,passive_AM,experiment2
76,0.664,0.255255862921022,2.63,0.613896316057269,44.901123654168,9.88565132481602,56.307965667076,2.5,2.5,TRUE,TRUE,1,SSP2_4_5,passive_AM,experiment2
77,0.672,0.259011329263545,2.59,0.652810551509101,45.4097432244549,9.99520300042744,56.307965667076,2.5,2.5,TRUE,TRUE,1,SSP2_4_5,passive_AM,experiment2
78,0.664,0.264582766642199,2.54,0.657820091459111,45.9302198830286,10.0933748732896,56.307965667076,2.5,2.5,TRUE,TRUE,1,SSP2_4_5,passive_AM,experiment2
79,0.67,0.250857116560988,2.49,0.65897073094518,46.4501483789594,10.1926801133357,56.307965667076,2.5,2.5,TRUE,TRUE,1,SSP2_4_5,passive_AM,experiment2
80,0.672,0.261726976257722,2.4,0.710669054518701,46.9834186469101,10.2904318112948,56.307965667076,2.5,2.5,TRUE,TRUE,1,SSP2_4_5,passive_AM,experiment2
81,0.659,0.260184472242214,2.19,0.787464926267202,47.5280439502909,10.40630800917,56.307965667076,2.5,2.5,TRUE,TRUE,1,SSP2_4_5,passive_AM,experiment2
82,0.66,0.273030134866931,1.28,0.636911740868832,48.0810462158177,10.5160152917813,56.307965667076,2.5,2.5,TRUE,TRUE,1,SSP2_4_5,passive_AM,experiment2
83,0.582,0.256385126973726,1,0,48.7118520811646,10.6394751620375,56.307965667076,2.5,2.5,TRUE,TRUE,1,SSP2_4_5,passive_AM,experiment2
0,1,0,2,0,0,0,40.230237012741,1,1,TRUE,TRUE,1,SSP3_7_0,passive_AM,experiment2
1,0.888,0.122499226961074,2,0,0.95,0,40.230237012741,1,1,TRUE,TRUE,1,SSP3_7_0,passive_AM,experiment2
2,0.846,0.145241004867598,2,0,1.7879162,0.122486977038377,40.230237012741,1,1,TRUE,TRUE,1,SSP3_7_0,passive_AM,experiment2
3,0.783,0.178124346534332,2,0,2.58375700796,0.227919811063836,40.230237012741,1,1,TRUE,TRUE,1,SSP3_7_0,passive_AM,experiment2
4,0.768,0.198926411448347,2,0,3.31653712994927,0.337192730128965,40.230237012741,1,1,TRUE,TRUE,1,SSP3_7_0,passive_AM,experiment2
5,0.752,0.200746083147318,2,0,4.0342499730264,0.470706529353877,40.230237012741,1,1,TRUE,TRUE,1,SSP3_7_0,passive_AM,experiment2
6,0.743,0.217076535402199,2,0,4.73589904321938,0.614856835461712,40.230237012741,1,1,TRUE,TRUE,1,SSP3_7_0,passive_AM,experiment2
7,0.724,0.201569598477308,2,0,5.42848334715552,0.767732589580124,40.230237012741,1,1,TRUE,TRUE,1,SSP3_7_0,passive_AM,experiment2
8,0.746,0.191443216256166,2,0,6.10201168867193,0.907223858264985,40.230237012741,1,1,TRUE,TRUE,1,SSP3_7_0,passive_AM,experiment2
9,0.731,0.201356510807186,2,0,6.79745508351296,1.04590457210735,40.230237012741,1,1,TRUE,TRUE,1,SSP3_7_0,passive_AM,experiment2
10,0.736,0.218590526285606,2,0,7.47784242861576,1.16844500946608,40.230237012741,1,1,TRUE,TRUE,1,SSP3_7_0,passive_AM,experiment2
11,0.716,0.211641014909491,2,0,8.16315673723346,1.28581818202074,40.230237012741,1,1,TRUE,TRUE,1,SSP3_7_0,passive_AM,experiment2
12,0.719,0.223694867932624,2,0,8.82842450342359,1.4025265328335,40.230237012741,1,1,TRUE,TRUE,1,SSP3_7_0,passive_AM,experiment2
13,0.714,0.221573801463416,2,0,9.49662214481644,1.53133286669789,40.230237012741,1,1,TRUE,TRUE,1,SSP3_7_0,passive_AM,experiment2
14,0.731,0.234712375025048,2,0,10.1597594625466,1.64949708809123,40.230237012741,1,1,TRUE,TRUE,1,SSP3_7_0,passive_AM,experiment2
15,0.717,0.222499574395235,2,0,10.8398066820088,1.76997177424841,40.230237012741,1,1,TRUE,TRUE,1,SSP3_7_0,passive_AM,experiment2
16,0.69,0.210578807916263,2,0,11.5058068820554,1.89443228671518,40.230237012741,1,1,TRUE,TRUE,1,SSP3_7_0,passive_AM,experiment2
17,0.679,0.229753930732139,2,0,12.1447836496971,2.01140802029236,40.230237012741,1,1,TRUE,TRUE,1,SSP3_7_0,passive_AM,experiment2
18,0.698,0.21460793474745,2,0,12.7727152047095,2.15145822699528,40.230237012741,1,1,TRUE,TRUE,1,SSP3_7_0,passive_AM,experiment2
19,0.686,0.213683424861654,2,0,13.419549795621,2.28729329000345,40.230237012741,1,1,TRUE,TRUE,1,SSP3_7_0,passive_AM,experiment2
20,0.658,0.216575738495914,2,0,14.0543424825649,2.4140077788591,40.230237012741,1,1,TRUE,TRUE,1,SSP3_7_0,passive_AM,experiment2
21,0.662,0.203891434767911,2,0,14.6611276370721,2.5470202521295,40.230237012741,1,1,TRUE,TRUE,1,SSP3_7_0,passive_AM,experiment2
22,0.665,0.205664726674216,2,0,15.2718437214585,2.6721211305799,40.230237012741,1,1,TRUE,TRUE,1,SSP3_7_0,passive_AM,experiment2
23,0.638,0.191105238340586,2,0,15.8854921411618,2.79439918334454,40.230237012741,1,1,TRUE,TRUE,1,SSP3_7_0,passive_AM,experiment2
24,0.632,0.189032625050104,2,0,16.472141227761,2.89679867362774,40.230237012741,1,1,TRUE,TRUE,1,SSP3_7_0,passive_AM,experiment2
25,0.626,0.204307156363682,2,0,17.0527460329037,3.00180273798668,40.230237012741,1,1,TRUE,TRUE,1,SSP3_7_0,passive_AM,experiment2
26,0.652,0.207671068585089,2,0,17.6273077595796,3.11607602711684,40.230237012741,1,1,TRUE,TRUE,1,SSP3_7_0,passive_AM,experiment2
27,0.636,0.200766209076803,2.09,0.287623491264661,18.2277445145153,3.22031203306586,40.230237012741,1,1,TRUE,TRUE,1,SSP3_7_0,passive_AM,experiment2
28,0.632,0.189032625050104,2.47,0.501613558046592,18.7987007723167,3.34186887593365,40.230237012741,1,1,TRUE,TRUE,1,SSP3_7_0,passive_AM,experiment2
29,0.635,0.183883472104296,2.68,0.468826172262151,19.3087705041121,3.4531902133786,40.230237012741,1,1,TRUE,TRUE,1,SSP3_7_0,passive_AM,experiment2
30,0.651,0.187753868539413,2.83,0.377525168068637,19.7903717633284,3.54853760167513,40.230237012741,1,1,TRUE,TRUE,1,SSP3_7_0,passive_AM,experiment2
31,0.652,0.197703992592129,2.87,0.337997668989631,20.2654443341701,3.64211116653212,40.230237012741,1,1,TRUE,TRUE,1,SSP3_7_0,passive_AM,experiment2
32,0.686,0.21082809311969,2.93,0.256432399976243,20.7354848745272,3.73297751979299,40.230237012741,1,1,TRUE,TRUE,1,SSP3_7_0,passive_AM,experiment2
33,0.701,0.186674783373317,2.95,0.21904291355759,21.2303985347063,3.82444654605815,40.230237012741,1,1,TRUE,TRUE,1,SSP3_7_0,passive_AM,experiment2
34,0.693,0.171890850967888,2.97,0.171446607997765,21.737223166814,3.90841254915066,40.230237012741,1,1,TRUE,TRUE,1,SSP3_7_0,passive_AM,experiment2
35,0.734,0.188143508519374,2.97,0.171446607997765,22.2330344548143,3.97352802630157,40.230237012741,1,1,TRUE,TRUE,1,SSP3_7_0,passive_AM,experiment2
36,0.734,0.198081709494753,2.98,0.14070529413629,22.7696529053676,4.04249604366168,40.230237012741,1,1,TRUE,TRUE,1,SSP3_7_0,passive_AM,experiment2
37,0.713,0.187839927554922,2.99,0.1,23.3047230846366,4.08978511357036,40.230237012741,1,1,TRUE,TRUE,1,SSP3_7_0,passive_AM,experiment2
38,0.729,0.18493515106926,2.99,0.1,23.8173228572123,4.13129415037557,40.230237012741,1,1,TRUE,TRUE,1,SSP3_7_0,passive_AM,experiment2
39,0.718,0.188229389390454,2.96,0.242878362539562,24.345810682156,4.16444902138948,40.230237012741,1,1,TRUE,TRUE,1,SSP3_7_0,passive_AM,experiment2
40,0.69,0.194624736040381,2.96,0.242878362539562,24.8667748528106,4.21508575505115,40.230237012741,1,1,TRUE,TRUE,1,SSP3_7_0,passive_AM,experiment2
41,0.704,0.216920597119189,2.96,0.242878362539562,25.3597987089245,4.24845738605738,40.230237012741,1,1,TRUE,TRUE,1,SSP3_7_0,passive_AM,experiment2
42,0.699,0.217188183542998,2.98,0.2,25.8667159773037,4.2916023680329,40.230237012741,1,1,TRUE,TRUE,1,SSP3_7_0,passive_AM,experiment2
43,0.71,0.218118677732462,2.98,0.2,26.3656160851678,4.32733384037502,40.230237012741,1,1,TRUE,TRUE,1,SSP3_7_0,passive_AM,experiment2
44,0.667,0.20452210865648,2.98,0.2,26.8754191022155,4.36577024558711,40.230237012741,1,1,TRUE,TRUE,1,SSP3_7_0,passive_AM,experiment2
45,0.672,0.215594081738827,2.97,0.222701503353614,27.3423599327505,4.39725827347705,40.230237012741,1,1,TRUE,TRUE,1,SSP3_7_0,passive_AM,experiment2
46,0.664,0.196700048527978,2.98,0.2,27.8157248834602,4.44220879795556,40.230237012741,1,1,TRUE,TRUE,1,SSP3_7_0,passive_AM,experiment2
47,0.664,0.202768714340136,2.98,0.2,28.2795860994939,4.47120807251388,40.230237012741,1,1,TRUE,TRUE,1,SSP3_7_0,passive_AM,experiment2
48,0.65,0.205234529553904,2.97,0.222701503353614,28.743400929406,4.50629177771077,40.230237012741,1,1,TRUE,TRUE,1,SSP3_7_0,passive_AM,experiment2
49,0.641,0.214190984352231,2.98,0.2,29.1947292370511,4.53773084289865,40.230237012741,1,1,TRUE,TRUE,1,SSP3_7_0,passive_AM,experiment2
50,0.633,0.20452210865648,2.98,0.2,29.6355637385787,4.56587328906097,40.230237012741,1,1,TRUE,TRUE,1,SSP3_7_0,passive_AM,experiment2
51,0.655,0.239264445222174,2.96,0.281410588272579,30.0683940588127,4.59789201725485,40.230237012741,1,1,TRUE,TRUE,1,SSP3_7_0,passive_AM,experiment2
52,0.632,0.22691608380833,2.96,0.281410588272579,30.5250590015155,4.65267319046858,40.230237012741,1,1,TRUE,TRUE,1,SSP3_7_0,passive_AM,experiment2
53,0.608,0.21540659228538,2.96,0.281410588272579,30.9587975732516,4.71286342367468,40.230237012741,1,1,TRUE,TRUE,1,SSP3_7_0,passive_AM,experiment2
54,0.596,0.205441136596497,2.96,0.281410588272579,31.3686196409722,4.75836730527021,40.230237012741,1,1,TRUE,TRUE,1,SSP3_7_0,passive_AM,experiment2
55,0.586,0.226978395269664,2.93,0.325824517434794,31.7664653550632,4.7875429918569,40.230237012741,1,1,TRUE,TRUE,1,SSP3_7_0,passive_AM,experiment2
56,0.587,0.227704841734854,2.94,0.342893215995531,32.158801453052,4.80797960373929,40.230237012741,1,1,TRUE,TRUE,1,SSP3_7_0,passive_AM,experiment2
57,0.581,0.222789931404796,2.94,0.342893215995531,32.5496066943724,4.83630146151705,40.230237012741,1,1,TRUE,TRUE,1,SSP3_7_0,passive_AM,experiment2
58,0.592,0.239814743314733,2.92,0.3673547263198,32.9344069595841,4.87682240571344,40.230237012741,1,1,TRUE,TRUE,1,SSP3_7_0,passive_AM,experiment2
59,0.564,0.22985282950689,2.94,0.342893215995531,33.3330877757578,4.90738358767916,40.230237012741,1,1,TRUE,TRUE,1,SSP3_7_0,passive_AM,experiment2
60,0.538,0.219171995556831,2.91,0.404395046378357,33.7009110944463,4.95516074834135,40.230237012741,1,1,TRUE,TRUE,1,SSP3_7_0,passive_AM,experiment2
61,0.552,0.230274320379548,2.89,0.447100648511037,34.0463322333218,4.99862356925768,40.230237012741,1,1,TRUE,TRUE,1,SSP3_7_0,passive_AM,experiment2
62,0.52,0.225630429927106,2.88,0.455715665384423,34.4076215223084,5.05134754233582,40.230237012741,1,1,TRUE,TRUE,1,SSP3_7_0,passive_AM,experiment2
63,0.5,0.20985805688704,2.85,0.479372485441102,34.7385632067629,5.09563585931164,40.230237012741,1,1,TRUE,TRUE,1,SSP3_7_0,passive_AM,experiment2
64,0.459,0.195966911245318,2.82,0.519906751545919,35.0540691449485,5.13905907871659,40.230237012741,1,1,TRUE,TRUE,1,SSP3_7_0,passive_AM,experiment2
65,0.453,0.203730362504121,2.8,0.55048188256318,35.3322827781004,5.16375042493992,40.230237012741,1,1,TRUE,TRUE,1,SSP3_7_0,passive_AM,experiment2
66,0.432,0.21219392693068,2.67,0.697108023163983,35.6064945068633,5.20626985712501,40.230237012741,1,1,TRUE,TRUE,1,SSP3_7_0,passive_AM,experiment2
67,0.426,0.221391376106075,2.33,0.910710678203533,35.8732281539211,5.24752160502306,40.230237012741,1,1,TRUE,TRUE,1,SSP3_7_0,passive_AM,experiment2
68,0.395,0.210038476513618,1.99,0.958692291139816,36.167748145355,5.29816066715937,40.230237012741,1,1,TRUE,TRUE,1,SSP3_7_0,passive_AM,experiment2
69,0.36,0.205480466765633,1.57,0.867540352160211,36.4662115757096,5.32174649008831,40.230237012741,1,1,TRUE,TRUE,1,SSP3_7_0,passive_AM,experiment2
70,0.343,0.189232901233086,1.36,0.689312349484263,36.7706039001673,5.33967019438911,40.230237012741,1,1,TRUE,TRUE,1,SSP3_7_0,passive_AM,experiment2
71,0.333,0.203531944729206,1.25,0.519809599951771,37.0814204420123,5.37907924296221,40.230237012741,1,1,TRUE,TRUE,1,SSP3_7_0,passive_AM,experiment2
72,0.303,0.186653138037896,1.26,0.543464382782842,37.3956811389785,5.41334562186373,40.230237012741,1,1,TRUE,TRUE,1,SSP3_7_0,passive_AM,experiment2
73,0.29,0.182850604139947,1.2,0.492365963917331,37.6786364066103,5.44785036075311,40.230237012741,1,1,TRUE,TRUE,1,SSP3_7_0,passive_AM,experiment2
74,0.273,0.176872378804149,1.13,0.393251147037697,37.9526288427542,5.4786093868625,40.230237012741,1,1,TRUE,TRUE,1,SSP3_7_0,passive_AM,experiment2
75,0.261,0.160110441681214,1.1,0.362371537669739,38.2151786697837,5.5138868093766,40.230237012741,1,1,TRUE,TRUE,1,SSP3_7_0,passive_AM,experiment2
76,0.243,0.155865132065961,1.09,0.350900716914789,38.4672807011632,5.55303700259099,40.230237012741,1,1,TRUE,TRUE,1,SSP3_7_0,passive_AM,experiment2
77,0.227,0.136222485869865,1.03,0.171446607997765,38.7019900248175,5.5967529322505,40.230237012741,1,1,TRUE,TRUE,1,SSP3_7_0,passive_AM,experiment2
78,0.211,0.126247312202612,1.01,0.1,38.9257602564827,5.63517015171814,40.230237012741,1,1,TRUE,TRUE,1,SSP3_7_0,passive_AM,experiment2
79,0.206,0.1293495772367,1.01,0.1,39.1346246618136,5.67274754309392,40.230237012741,1,1,TRUE,TRUE,1,SSP3_7_0,passive_AM,experiment2
80,0.196,0.127064765161136,1,0,39.3385075270487,5.71216195205606,40.230237012741,1,1,TRUE,TRUE,1,SSP3_7_0,passive_AM,experiment2
81,0.184,0.114344862039129,1,0,39.5329457045763,5.74256236187416,40.230237012741,1,1,TRUE,TRUE,1,SSP3_7_0,passive_AM,experiment2
82,0.187,0.130774692513575,1,0,39.715461250508,5.78175516933093,40.230237012741,1,1,TRUE,TRUE,1,SSP3_7_0,passive_AM,experiment2
83,0.188,0.159721980676146,1,0,39.90093404425,5.82166435087866,40.230237012741,1,1,TRUE,TRUE,1,SSP3_7_0,passive_AM,experiment2
0,1,0,2,0,0,0,33.120912526752,2.5,1,TRUE,TRUE,1,SSP3_7_0,passive_AM,experiment2
1,0.863,0.126055142655502,2,0,0.95,0,33.120912526752,2.5,1,TRUE,TRUE,1,SSP3_7_0,passive_AM,experiment2
2,0.824,0.152501034936048,2,0,1.7629187,0.126042537141237,33.120912526752,2.5,1,TRUE,TRUE,1,SSP3_7_0,passive_AM,experiment2
3,0.81,0.18721780110477,1.99,0.1,2.53676390774,0.243112630363668,33.120912526752,2.5,1,TRUE,TRUE,1,SSP3_7_0,passive_AM,experiment2
4,0.766,0.192390595960773,1.99,0.1,3.29703578055424,0.3789366105011,33.120912526752,2.5,1,TRUE,TRUE,1,SSP3_7_0,passive_AM,experiment2
5,0.752,0.198214249964247,1.99,0.1,4.01324922354137,0.515966539425188,33.120912526752,2.5,1,TRUE,TRUE,1,SSP3_7_0,passive_AM,experiment2
6,0.744,0.192967260529769,1.98,0.14070529413629,4.71539804378435,0.653639401839275,33.120912526752,2.5,1,TRUE,TRUE,1,SSP3_7_0,passive_AM,experiment2
7,0.733,0.185349792162132,1.98,0.14070529413629,5.40998114802045,0.769687029765449,33.120912526752,2.5,1,TRUE,TRUE,1,SSP3_7_0,passive_AM,experiment2
8,0.724,0.19904824043483,1.98,0.14070529413629,6.09350249163651,0.875680439119274,33.120912526752,2.5,1,TRUE,TRUE,1,SSP3_7_0,passive_AM,experiment2
9,0.715,0.212429429755537,1.98,0.14070529413629,6.76796268059872,0.999815228589836,33.120912526752,2.5,1,TRUE,TRUE,1,SSP3_7_0,passive_AM,experiment2
10,0.717,0.215582368425058,1.98,0.14070529413629,7.43336352030278,1.10853863086309,33.120912526752,2.5,1,TRUE,TRUE,1,SSP3_7_0,passive_AM,experiment2
11,0.721,0.205133610068653,1.98,0.14070529413629,8.10069582082264,1.22588181313239,33.120912526752,2.5,1,TRUE,TRUE,1,SSP3_7_0,passive_AM,experiment2
12,0.719,0.201857535520636,1.98,0.14070529413629,8.77195699031178,1.34753231329788,33.120912526752,2.5,1,TRUE,TRUE,1,SSP3_7_0,passive_AM,experiment2
13,0.728,0.211812762752027,1.98,0.14070529413629,9.44115343236441,1.4613082884089,33.120912526752,2.5,1,TRUE,TRUE,1,SSP3_7_0,passive_AM,experiment2
14,0.724,0.207495892620903,1.98,0.14070529413629,10.1192712617903,1.57856018221142,33.120912526752,2.5,1,TRUE,TRUE,1,SSP3_7_0,passive_AM,experiment2
15,0.712,0.209511215678182,1.98,0.14070529413629,10.7933268757946,1.70390512508921,33.120912526752,2.5,1,TRUE,TRUE,1,SSP3_7_0,passive_AM,experiment2
16,0.685,0.212429429755537,1.98,0.14070529413629,11.4553330716431,1.82651271252696,33.120912526752,2.5,1,TRUE,TRUE,1,SSP3_7_0,passive_AM,experiment2
17,0.681,0.209228983835337,1.98,0.14070529413629,12.090316234487,1.94496673780915,33.120912526752,2.5,1,TRUE,TRUE,1,SSP3_7_0,passive_AM,experiment2
18,0.676,0.215143832555964,1.98,0.14070529413629,12.7212426935774,2.06514600689233,33.120912526752,2.5,1,TRUE,TRUE,1,SSP3_7_0,passive_AM,experiment2
19,0.681,0.233850077155982,1.97,0.171446607997765,13.347115052376,2.17300561625518,33.120912526752,2.5,1,TRUE,TRUE,1,SSP3_7_0,passive_AM,experiment2
20,0.683,0.239972641538298,1.97,0.171446607997765,13.9784143833383,2.29451445192681,33.120912526752,2.5,1,TRUE,TRUE,1,SSP3_7_0,passive_AM,experiment2
21,0.674,0.232518056212085,1.97,0.171446607997765,14.6116465881653,2.42380543024295,33.120912526752,2.5,1,TRUE,TRUE,1,SSP3_7_0,passive_AM,experiment2
22,0.663,0.229472385610068,1.97,0.171446607997765,15.2358343508838,2.55479693722234,33.120912526752,2.5,1,TRUE,TRUE,1,SSP3_7_0,passive_AM,experiment2
23,0.654,0.230247999804866,1.97,0.171446607997765,15.8489838694329,2.68171700877755,33.120912526752,2.5,1,TRUE,TRUE,1,SSP3_7_0,passive_AM,experiment2
24,0.625,0.221735578260835,1.97,0.171446607997765,16.4530927502761,2.8143980174479,33.120912526752,2.5,1,TRUE,TRUE,1,SSP3_7_0,passive_AM,experiment2
25,0.623,0.221042068302837,1.97,0.171446607997765,17.0282107402498,2.94887057309841,33.120912526752,2.5,1,TRUE,TRUE,1,SSP3_7_0,passive_AM,experiment2
26,0.601,0.212961323372403,1.97,0.171446607997765,17.6012762124292,3.06457444184704,33.120912526752,2.5,1,TRUE,TRUE,1,SSP3_7_0,passive_AM,experiment2
27,0.581,0.220052794399963,2.08,0.3673547263198,18.1523415066185,3.19180806319456,33.120912526752,2.5,1,TRUE,TRUE,1,SSP3_7_0,passive_AM,experiment2
28,0.567,0.216983451400834,2.53,0.55876848714134,18.6669501162702,3.31718341091495,33.120912526752,2.5,1,TRUE,TRUE,1,SSP3_7_0,passive_AM,experiment2
29,0.577,0.216890327450106,2.72,0.533333333333333,19.1002351572576,3.44617808002841,33.120912526752,2.5,1,TRUE,TRUE,1,SSP3_7_0,passive_AM,experiment2
30,0.606,0.227778024143745,2.85,0.457816513022367,19.5140333406422,3.54445341912251,33.120912526752,2.5,1,TRUE,TRUE,1,SSP3_7_0,passive_AM,experiment2
31,0.606,0.237758896635421,2.88,0.432983541805861,19.9372616854949,3.62285385481401,33.120912526752,2.5,1,TRUE,TRUE,1,SSP3_7_0,passive_AM,experiment2
32,0.624,0.254304359126436,2.88,0.455715665384423,20.3559616366083,3.69840795536047,33.120912526752,2.5,1,TRUE,TRUE,1,SSP3_7_0,passive_AM,experiment2
33,0.632,0.254209012865835,2.9,0.438085827115181,20.7915654019624,3.78263733222913,33.120912526752,2.5,1,TRUE,TRUE,1,SSP3_7_0,passive_AM,experiment2
34,0.635,0.269820366731332,2.88,0.477366513151884,21.2321091333126,3.87219192694738,33.120912526752,2.5,1,TRUE,TRUE,1,SSP3_7_0,passive_AM,experiment2
35,0.663,0.290125364752424,2.86,0.512864799952486,21.6775918383098,3.97404727249795,33.120912526752,2.5,1,TRUE,TRUE,1,SSP3_7_0,passive_AM,experiment2
36,0.646,0.287243957132419,2.84,0.545319848688582,22.1529251733404,4.08265130276415,33.120912526752,2.5,1,TRUE,TRUE,1,SSP3_7_0,passive_AM,experiment2
37,0.655,0.286876244743234,2.84,0.545319848688582,22.6132648806444,4.17864015087004,33.120912526752,2.5,1,TRUE,TRUE,1,SSP3_7_0,passive_AM,experiment2
38,0.65,0.292843944375798,2.84,0.545319848688582,23.0825253138479,4.28267524900935,33.120912526752,2.5,1,TRUE,TRUE,1,SSP3_7_0,passive_AM,experiment2
39,0.656,0.293126648947571,2.84,0.545319848688582,23.5467577859001,4.38469846369391,33.120912526752,2.5,1,TRUE,TRUE,1,SSP3_7_0,passive_AM,experiment2
40,0.646,0.290391585152312,2.84,0.545319848688582,24.0169204791104,4.48285516445516,33.120912526752,2.5,1,TRUE,TRUE,1,SSP3_7_0,passive_AM,experiment2
41,0.632,0.278480726714642,2.84,0.545319848688582,24.47707607815,4.59917164203667,33.120912526752,2.5,1,TRUE,TRUE,1,SSP3_7_0,passive_AM,experiment2
42,0.648,0.280864466397671,2.84,0.545319848688582,24.9232429469789,4.70258160985081,33.120912526752,2.5,1,TRUE,TRUE,1,SSP3_7_0,passive_AM,experiment2
43,0.659,0.274908616588763,2.84,0.545319848688582,25.3852981366974,4.82897819026645,33.120912526752,2.5,1,TRUE,TRUE,1,SSP3_7_0,passive_AM,experiment2
44,0.638,0.27368787058445,2.84,0.545319848688582,25.8582599200913,4.9564155400255,33.120912526752,2.5,1,TRUE,TRUE,1,SSP3_7_0,passive_AM,experiment2
45,0.663,0.276213575687256,2.84,0.545319848688582,26.3102666089246,5.08218066976398,33.120912526752,2.5,1,TRUE,TRUE,1,SSP3_7_0,passive_AM,experiment2
46,0.662,0.284899415176088,2.84,0.545319848688582,26.7871158442348,5.19878423112489,33.120912526752,2.5,1,TRUE,TRUE,1,SSP3_7_0,passive_AM,experiment2
47,0.642,0.276405499221705,2.84,0.545319848688582,27.2629219842865,5.32323800476085,33.120912526752,2.5,1,TRUE,TRUE,1,SSP3_7_0,passive_AM,experiment2
48,0.622,0.269897099733296,2.84,0.545319848688582,27.7187743278482,5.45658477643873,33.120912526752,2.5,1,TRUE,TRUE,1,SSP3_7_0,passive_AM,experiment2
49,0.61,0.274689907813421,2.84,0.545319848688582,28.1546768609211,5.5737410838762,33.120912526752,2.5,1,TRUE,TRUE,1,SSP3_7_0,passive_AM,experiment2
50,0.61,0.293532989903377,2.84,0.545319848688582,28.5785944628415,5.6950736907085,33.120912526752,2.5,1,TRUE,TRUE,1,SSP3_7_0,passive_AM,experiment2
51,0.592,0.290829534576216,2.82,0.575246982529323,29.0024696730017,5.82157048125387,33.120912526752,2.5,1,TRUE,TRUE,1,SSP3_7_0,passive_AM,experiment2
52,0.525,0.303972021572693,2.72,0.697470176039554,29.4103838919737,5.93879806923044,33.120912526752,2.5,1,TRUE,TRUE,1,SSP3_7_0,passive_AM,experiment2
53,0.48,0.290593262902712,2.72,0.697470176039554,29.7615529649619,6.04937829489271,33.120912526752,2.5,1,TRUE,TRUE,1,SSP3_7_0,passive_AM,experiment2
54,0.444,0.279364357863426,2.67,0.739300788965937,30.0679248019957,6.14851067254973,33.120912526752,2.5,1,TRUE,TRUE,1,SSP3_7_0,passive_AM,experiment2
55,0.445,0.293833939221431,2.63,0.774009631135756,30.3439302661464,6.23508287629598,33.120912526752,2.5,1,TRUE,TRUE,1,SSP3_7_0,passive_AM,experiment2
56,0.377,0.277016937818581,2.49,0.870330251958846,30.6248807038696,6.33551633576647,33.120912526752,2.5,1,TRUE,TRUE,1,SSP3_7_0,passive_AM,experiment2
57,0.357,0.28612881184826,2.4,0.921132372943677,30.852104616444,6.39968970865324,33.120912526752,2.5,1,TRUE,TRUE,1,SSP3_7_0,passive_AM,experiment2
58,0.326,0.282706972540884,2.32,0.952190457139047,31.0678711734231,6.46877288017777,33.120912526752,2.5,1,TRUE,TRUE,1,SSP3_7_0,passive_AM,experiment2
59,0.313,0.324630325885997,2.18,0.988622140847421,31.2607491742653,6.5343804058369,33.120912526752,2.5,1,TRUE,TRUE,1,SSP3_7_0,passive_AM,experiment2
60,0.235,0.272798812166021,2.02,1.00483678759138,31.4546020043849,6.60818477453659,33.120912526752,2.5,1,TRUE,TRUE,1,SSP3_7_0,passive_AM,experiment2
61,0.196,0.262436139418197,1.88,0.997775303139718,31.5868063539401,6.6640580993055,33.120912526752,2.5,1,TRUE,TRUE,1,SSP3_7_0,passive_AM,experiment2
62,0.14,0.222020110109263,1.68,0.952190457139047,31.6941495264588,6.70835678368392,33.120912526752,2.5,1,TRUE,TRUE,1,SSP3_7_0,passive_AM,experiment2
63,0.124,0.205047419989729,1.62,0.929646397423464,31.7657044852598,6.74194565421818,33.120912526752,2.5,1,TRUE,TRUE,1,SSP3_7_0,passive_AM,experiment2
64,0.111,0.214096645787303,1.5,0.870388279778489,31.8273150936614,6.76420516713586,33.120912526752,2.5,1,TRUE,TRUE,1,SSP3_7_0,passive_AM,experiment2
65,0.065,0.152669842497072,1.3,0.717740562565273,31.8879259208837,6.78881257055813,33.120912526752,2.5,1,TRUE,TRUE,1,SSP3_7_0,passive_AM,experiment2
66,0.042,0.127271284263104,1.18,0.575246982529323,31.9226991473573,6.8043917189454,33.120912526752,2.5,1,TRUE,TRUE,1,SSP3_7_0,passive_AM,experiment2
67,0.019,0.0747993950172693,1.08,0.393892771133865,31.9465412610608,6.81169066948341,33.120912526752,2.5,1,TRUE,TRUE,1,SSP3_7_0,passive_AM,experiment2
68,0.006,0.0342893215995531,1,0,31.9574678037447,6.81768135995683,33.120912526752,2.5,1,TRUE,TRUE,1,SSP3_7_0,passive_AM,experiment2
69,0,0,1,0,31.9634271401245,6.8200576321633,33.120912526752,2.5,1,TRUE,TRUE,1,SSP3_7_0,passive_AM,experiment2
70,0,0,1,0,31.9634271401245,6.8200576321633,33.120912526752,2.5,1,TRUE,TRUE,1,SSP3_7_0,passive_AM,experiment2
71,0,0,1,0,31.9634271401245,6.8200576321633,33.120912526752,2.5,1,TRUE,TRUE,1,SSP3_7_0,passive_AM,experiment2
72,0,0,1,0,31.9634271401245,6.8200576321633,33.120912526752,2.5,1,TRUE,TRUE,1,SSP3_7_0,passive_AM,experiment2
73,0,0,1,0,31.9634271401245,6.8200576321633,33.120912526752,2.5,1,TRUE,TRUE,1,SSP3_7_0,passive_AM,experiment2
74,0,0,1,0,31.9634271401245,6.8200576321633,33.120912526752,2.5,1,TRUE,TRUE,1,SSP3_7_0,passive_AM,experiment2
75,0,0,1,0,31.9634271401245,6.8200576321633,33.120912526752,2.5,1,TRUE,TRUE,1,SSP3_7_0,passive_AM,experiment2
76,0,0,1,0,31.9634271401245,6.8200576321633,33.120912526752,2.5,1,TRUE,TRUE,1,SSP3_7_0,passive_AM,experiment2
77,0,0,1,0,31.9634271401245,6.8200576321633,33.120912526752,2.5,1,TRUE,TRUE,1,SSP3_7_0,passive_AM,experiment2
78,0,0,1,0,31.9634271401245,6.8200576321633,33.120912526752,2.5,1,TRUE,TRUE,1,SSP3_7_0,passive_AM,experiment2
79,0,0,1,0,31.9634271401245,6.8200576321633,33.120912526752,2.5,1,TRUE,TRUE,1,SSP3_7_0,passive_AM,experiment2
80,0,0,1,0,31.9634271401245,6.8200576321633,33.120912526752,2.5,1,TRUE,TRUE,1,SSP3_7_0,passive_AM,experiment2
81,0,0,1,0,31.9634271401245,6.8200576321633,33.120912526752,2.5,1,TRUE,TRUE,1,SSP3_7_0,passive_AM,experiment2
82,0,0,1,0,31.9634271401245,6.8200576321633,33.120912526752,2.5,1,TRUE,TRUE,1,SSP3_7_0,passive_AM,experiment2
83,0,0,1,0,31.9634271401245,6.8200576321633,33.120912526752,2.5,1,TRUE,TRUE,1,SSP3_7_0,passive_AM,experiment2
0,1,0,2,0,0,0,49.9371772466502,1,2.5,TRUE,TRUE,1,SSP3_7_0,passive_AM,experiment2
1,0.856,0.145171441663805,2,0,0.95,0,49.9371772466502,1,2.5,TRUE,TRUE,1,SSP3_7_0,passive_AM,experiment2
2,0.814,0.161445490691584,2,0,1.7559194,0.145156924519638,49.9371772466502,1,2.5,TRUE,TRUE,1,SSP3_7_0,passive_AM,experiment2
3,0.803,0.166639391707624,2,0,2.51976660764,0.277209541572974,49.9371772466502,1,2.5,TRUE,TRUE,1,SSP3_7_0,passive_AM,experiment2
4,0.784,0.177365683993792,2,0,3.27254073022925,0.396585233558448,49.9371772466502,1,2.5,TRUE,TRUE,1,SSP3_7_0,passive_AM,experiment2
5,0.727,0.172243074658103,2,0,4.00624717426631,0.523497315421354,49.9371772466502,1,2.5,TRUE,TRUE,1,SSP3_7_0,passive_AM,experiment2
6,0.712,0.17825189304391,2,0,4.68290874195954,0.647045964155691,49.9371772466502,1,2.5,TRUE,TRUE,1,SSP3_7_0,passive_AM,experiment2
7,0.715,0.202197523189179,1.99,0.1,5.3445116412463,0.767491643651429,49.9371772466502,1,2.5,TRUE,TRUE,1,SSP3_7_0,passive_AM,experiment2
8,0.704,0.19432348329941,1.98,0.14070529413629,6.00954593097801,0.883997948115517,49.9371772466502,1,2.5,TRUE,TRUE,1,SSP3_7_0,passive_AM,experiment2
9,0.716,0.205342778216466,1.98,0.14070529413629,6.66402211434134,0.989913323623766,49.9371772466502,1,2.5,TRUE,TRUE,1,SSP3_7_0,passive_AM,experiment2
10,0.742,0.207525098883645,1.98,0.14070529413629,7.33042205440532,1.09578566918452,49.9371772466502,1,2.5,TRUE,TRUE,1,SSP3_7_0,passive_AM,experiment2
11,0.735,0.209074439404058,1.98,0.14070529413629,8.02272936617217,1.19371965516715,49.9371772466502,1,2.5,TRUE,TRUE,1,SSP3_7_0,passive_AM,experiment2
12,0.711,0.233071281418845,1.97,0.171446607997765,8.707975143359,1.28956352034267,49.9371772466502,1,2.5,TRUE,TRUE,1,SSP3_7_0,passive_AM,experiment2
13,0.723,0.232185488371046,1.97,0.171446607997765,9.36968058046329,1.40971766080748,49.9371772466502,1,2.5,TRUE,TRUE,1,SSP3_7_0,passive_AM,experiment2
14,0.705,0.21806078292647,1.97,0.171446607997765,10.0433042563804,1.54040252723606,49.9371772466502,1,2.5,TRUE,TRUE,1,SSP3_7_0,passive_AM,experiment2
15,0.696,0.212688419140215,1.97,0.171446607997765,10.6988857535565,1.68260751699898,49.9371772466502,1,2.5,TRUE,TRUE,1,SSP3_7_0,passive_AM,experiment2
16,0.692,0.225487127003837,1.97,0.171446607997765,11.345415183137,1.80499023407039,49.9371772466502,1,2.5,TRUE,TRUE,1,SSP3_7_0,passive_AM,experiment2
17,0.69,0.213910204893492,1.97,0.171446607997765,11.9878863549768,1.91550067217557,49.9371772466502,1,2.5,TRUE,TRUE,1,SSP3_7_0,passive_AM,experiment2
18,0.685,0.22978909961752,1.96,0.196946385566932,12.6282966769807,2.03724245019437,49.9371772466502,1,2.5,TRUE,TRUE,1,SSP3_7_0,passive_AM,experiment2
19,0.685,0.240527618691774,1.95,0.21904291355759,13.2641510510711,2.15977173817408,49.9371772466502,1,2.5,TRUE,TRUE,1,SSP3_7_0,passive_AM,experiment2
20,0.666,0.235367754371706,1.95,0.21904291355759,13.9004408905786,2.29478823405641,49.9371772466502,1,2.5,TRUE,TRUE,1,SSP3_7_0,passive_AM,experiment2
21,0.675,0.246336798269804,1.95,0.21904291355759,14.5177050650238,2.4284326448268,49.9371772466502,1,2.5,TRUE,TRUE,1,SSP3_7_0,passive_AM,experiment2
22,0.656,0.227111862261305,1.95,0.21904291355759,15.1438886319396,2.56101438175326,49.9371772466502,1,2.5,TRUE,TRUE,1,SSP3_7_0,passive_AM,experiment2
23,0.668,0.242828450898276,1.95,0.21904291355759,15.751051336638,2.68467379558025,49.9371772466502,1,2.5,TRUE,TRUE,1,SSP3_7_0,passive_AM,experiment2
24,0.651,0.241416275718557,1.95,0.21904291355759,16.3701257554046,2.81476037730283,49.9371772466502,1,2.5,TRUE,TRUE,1,SSP3_7_0,passive_AM,experiment2
25,0.66,0.249443825784929,1.95,0.21904291355759,16.9721790198438,2.93209901816143,49.9371772466502,1,2.5,TRUE,TRUE,1,SSP3_7_0,passive_AM,experiment2
26,0.669,0.250935622956739,1.95,0.21904291355759,17.5831496059358,3.03963810214485,49.9371772466502,1,2.5,TRUE,TRUE,1,SSP3_7_0,passive_AM,experiment2
27,0.657,0.259858158667883,1.97,0.3,18.2030357241958,3.16278823759252,49.9371772466502,1,2.5,TRUE,TRUE,1,SSP3_7_0,passive_AM,experiment2
28,0.643,0.258298629144991,2.28,0.587409997404287,18.8069029977308,3.2979002966138,49.9371772466502,1,2.5,TRUE,TRUE,1,SSP3_7_0,passive_AM,experiment2
29,0.662,0.258894307829011,2.39,0.617832640540439,19.3493818522698,3.43859246756434,49.9371772466502,1,2.5,TRUE,TRUE,1,SSP3_7_0,passive_AM,experiment2
30,0.663,0.251321758434534,2.6,0.619546918189723,19.8942992190642,3.5611948641032,49.9371772466502,1,2.5,TRUE,TRUE,1,SSP3_7_0,passive_AM,experiment2
31,0.65,0.244329633276379,2.67,0.603943271133535,20.4087534615706,3.67812178545661,49.9371772466502,1,2.5,TRUE,TRUE,1,SSP3_7_0,passive_AM,experiment2
32,0.653,0.267594975115511,2.69,0.614554121031474,20.8997289994834,3.80295202762119,49.9371772466502,1,2.5,TRUE,TRUE,1,SSP3_7_0,passive_AM,experiment2
33,0.667,0.273789346141529,2.71,0.607944043145387,21.3896586348873,3.9345331982794,49.9371772466502,1,2.5,TRUE,TRUE,1,SSP3_7_0,passive_AM,experiment2
34,0.674,0.28871712065199,2.72,0.604361253930565,21.8905030353477,4.07308526232392,49.9371772466502,1,2.5,TRUE,TRUE,1,SSP3_7_0,passive_AM,experiment2
35,0.663,0.280207354678926,2.71,0.624338033278432,22.3967786821902,4.21923775230933,49.9371772466502,1,2.5,TRUE,TRUE,1,SSP3_7_0,passive_AM,experiment2
36,0.657,0.285067775035405,2.73,0.600588936550675,22.8925403890617,4.36913780222468,49.9371772466502,1,2.5,TRUE,TRUE,1,SSP3_7_0,passive_AM,experiment2
37,0.654,0.290391585152312,2.72,0.652578413570803,23.3802812694195,4.52717742583955,49.9371772466502,1,2.5,TRUE,TRUE,1,SSP3_7_0,passive_AM,experiment2
38,0.65,0.289722960670006,2.73,0.633333333333333,23.8634899957543,4.67895352958736,49.9371772466502,1,2.5,TRUE,TRUE,1,SSP3_7_0,passive_AM,experiment2
39,0.652,0.288668136324903,2.73,0.633333333333333,24.3421674696193,4.83177090791308,49.9371772466502,1,2.5,TRUE,TRUE,1,SSP3_7_0,passive_AM,experiment2
40,0.652,0.289715987710988,2.71,0.671121479617543,24.8227892905387,4.9848680655998,49.9371772466502,1,2.5,TRUE,TRUE,1,SSP3_7_0,passive_AM,experiment2
41,0.634,0.298555444658699,2.74,0.629574170661119,25.3043590570661,5.14675518448741,49.9371772466502,1,2.5,TRUE,TRUE,1,SSP3_7_0,passive_AM,experiment2
42,0.639,0.294355999676335,2.71,0.671121479617543,25.7654645487353,5.30112753732553,49.9371772466502,1,2.5,TRUE,TRUE,1,SSP3_7_0,passive_AM,experiment2
43,0.631,0.282733768479083,2.76,0.605029425780768,26.2339924943442,5.45853082574679,49.9371772466502,1,2.5,TRUE,TRUE,1,SSP3_7_0,passive_AM,experiment2
44,0.619,0.308693892378711,2.73,0.649086382011771,26.6900272244376,5.60955664679105,49.9371772466502,1,2.5,TRUE,TRUE,1,SSP3_7_0,passive_AM,experiment2
45,0.621,0.30328004859995,2.74,0.629574170661119,27.1365580613138,5.73871733641871,49.9371772466502,1,2.5,TRUE,TRUE,1,SSP3_7_0,passive_AM,experiment2
46,0.61,0.298311747991759,2.75,0.625630994607957,27.584537509935,5.87394032869218,49.9371772466502,1,2.5,TRUE,TRUE,1,SSP3_7_0,passive_AM,experiment2
47,0.615,0.300966456736973,2.76,0.621500302705177,28.0200295314259,6.00823578488264,49.9371772466502,1,2.5,TRUE,TRUE,1,SSP3_7_0,passive_AM,experiment2
48,0.609,0.29062628298837,2.76,0.621500302705177,28.4589615914929,6.14108009063482,49.9371772466502,1,2.5,TRUE,TRUE,1,SSP3_7_0,passive_AM,experiment2
49,0.616,0.292574776766556,2.76,0.621500302705177,28.8918784907776,6.27886540609351,49.9371772466502,1,2.5,TRUE,TRUE,1,SSP3_7_0,passive_AM,experiment2
50,0.614,0.294741797634349,2.74,0.629574170661119,29.3317178805636,6.41668538618622,49.9371772466502,1,2.5,TRUE,TRUE,1,SSP3_7_0,passive_AM,experiment2
51,0.605,0.282619421437624,2.77,0.617178329908861,29.772508298641,6.56136163332313,49.9371772466502,1,2.5,TRUE,TRUE,1,SSP3_7_0,passive_AM,experiment2
52,0.602,0.268170004875921,2.74,0.629574170661119,30.1998233158324,6.69999734643875,49.9371772466502,1,2.5,TRUE,TRUE,1,SSP3_7_0,passive_AM,experiment2
53,0.619,0.281301089635826,2.75,0.625630994607957,30.6285878213789,6.82580832191294,49.9371772466502,1,2.5,TRUE,TRUE,1,SSP3_7_0,passive_AM,experiment2
54,0.625,0.276476751173392,2.75,0.625630994607957,31.0727275137023,6.96543059429833,49.9371772466502,1,2.5,TRUE,TRUE,1,SSP3_7_0,passive_AM,experiment2
55,0.627,0.287045204619324,2.73,0.633333333333333,31.5227904777677,7.10319333645711,49.9371772466502,1,2.5,TRUE,TRUE,1,SSP3_7_0,passive_AM,experiment2
56,0.643,0.293792684412225,2.72,0.636911740868832,31.9777810096558,7.25120164998696,49.9371772466502,1,2.5,TRUE,TRUE,1,SSP3_7_0,passive_AM,experiment2
57,0.639,0.292635188477656,2.72,0.636911740868832,32.4501283115063,7.41564823343032,49.9371772466502,1,2.5,TRUE,TRUE,1,SSP3_7_0,passive_AM,experiment2
58,0.623,0.285280298101444,2.72,0.636911740868832,32.9184511149034,7.56093911693937,49.9371772466502,1,2.5,TRUE,TRUE,1,SSP3_7_0,passive_AM,experiment2
59,0.639,0.295041513942521,2.68,0.664845998724669,33.3708196220332,7.70497992406909,49.9371772466502,1,2.5,TRUE,TRUE,1,SSP3_7_0,passive_AM,experiment2
60,0.626,0.280555005500011,2.68,0.664845998724669,33.8440193509405,7.8545442178244,49.9371772466502,1,2.5,TRUE,TRUE,1,SSP3_7_0,passive_AM,experiment2
61,0.609,0.291320573883268,2.62,0.678381913233261,34.3042495302192,7.99147676518622,49.9371772466502,1,2.5,TRUE,TRUE,1,SSP3_7_0,passive_AM,experiment2
62,0.581,0.277687055892242,2.6,0.681649810860727,34.7564823403675,8.11719347412918,49.9371772466502,1,2.5,TRUE,TRUE,1,SSP3_7_0,passive_AM,experiment2
63,0.58,0.276704999169976,2.47,0.702880077993682,35.1838244554289,8.24640849271641,49.9371772466502,1,2.5,TRUE,TRUE,1,SSP3_7_0,passive_AM,experiment2
64,0.577,0.282433508756817,2.43,0.714284271282814,35.6285139273598,8.40242354827978,49.9371772466502,1,2.5,TRUE,TRUE,1,SSP3_7_0,passive_AM,experiment2
65,0.576,0.284310258753221,2.39,0.70917507917953,36.0751461705804,8.55203087639012,49.9371772466502,1,2.5,TRUE,TRUE,1,SSP3_7_0,passive_AM,experiment2
66,0.562,0.280252411481889,2.38,0.735533888417183,36.5267013543585,8.69997215887913,49.9371772466502,1,2.5,TRUE,TRUE,1,SSP3_7_0,passive_AM,experiment2
67,0.555,0.285110292321899,2.26,0.746980453546007,36.9638067722558,8.85488731037247,49.9371772466502,1,2.5,TRUE,TRUE,1,SSP3_7_0,passive_AM,experiment2
68,0.553,0.293517504167171,2.18,0.770412456762839,37.4088150561087,9.01520106404692,49.9371772466502,1,2.5,TRUE,TRUE,1,SSP3_7_0,passive_AM,experiment2
69,0.553,0.300321376683261,1.97,0.758187631690523,37.8597381755129,9.1642535447144,49.9371772466502,1,2.5,TRUE,TRUE,1,SSP3_7_0,passive_AM,experiment2
70,0.544,0.305941170815567,1.9,0.731678573796948,38.333954602686,9.3157356322434,49.9371772466502,1,2.5,TRUE,TRUE,1,SSP3_7_0,passive_AM,experiment2
71,0.525,0.294177504307185,1.88,0.728635087618686,38.8076270961687,9.46266955193061,49.9371772466502,1,2.5,TRUE,TRUE,1,SSP3_7_0,passive_AM,experiment2
72,0.517,0.293379817253534,1.83,0.75283974175629,39.2643725009221,9.61170348226999,49.9371772466502,1,2.5,TRUE,TRUE,1,SSP3_7_0,passive_AM,experiment2
73,0.532,0.315229594057565,1.73,0.694203998777875,39.7156116908824,9.75704444995682,49.9371772466502,1,2.5,TRUE,TRUE,1,SSP3_7_0,passive_AM,experiment2
74,0.524,0.320075748610364,1.75,0.729950876996722,40.1936093648073,9.92775142378997,49.9371772466502,1,2.5,TRUE,TRUE,1,SSP3_7_0,passive_AM,experiment2
75,0.515,0.32702361450581,1.6,0.666666666666667,40.6596477156214,10.0830913891945,49.9371772466502,1,2.5,TRUE,TRUE,1,SSP3_7_0,passive_AM,experiment2
76,0.495,0.317940023567116,1.59,0.683056115239192,41.1310983648547,10.2529002693091,49.9371772466502,1,2.5,TRUE,TRUE,1,SSP3_7_0,passive_AM,experiment2
77,0.48,0.311075033983245,1.52,0.643224201765896,41.5821570862116,10.4101287447337,49.9371772466502,1,2.5,TRUE,TRUE,1,SSP3_7_0,passive_AM,experiment2
78,0.472,0.313687742827162,1.39,0.54855181241984,42.0247359036069,10.5603345354699,49.9371772466502,1,2.5,TRUE,TRUE,1,SSP3_7_0,passive_AM,experiment2
79,0.471,0.315362545895253,1.24,0.429234695990928,42.4707432679598,10.719156726025,49.9371772466502,1,2.5,TRUE,TRUE,1,SSP3_7_0,passive_AM,experiment2
80,0.477,0.300119504817193,1.11,0.31446603773522,42.9261312735214,10.8850080485342,49.9371772466502,1,2.5,TRUE,TRUE,1,SSP3_7_0,passive_AM,experiment2
81,0.452,0.289017842236968,1,0,43.3938741342574,11.0658531708427,49.9371772466502,1,2.5,TRUE,TRUE,1,SSP3_7_0,passive_AM,experiment2
82,0.447,0.294204972181922,1,0,43.8422275405679,11.240183795269,49.9371772466502,1,2.5,TRUE,TRUE,1,SSP3_7_0,passive_AM,experiment2
83,0.45,0.298988192733324,1,0,44.2855769459296,11.4138945597208,49.9371772466502,1,2.5,TRUE,TRUE,1,SSP3_7_0,passive_AM,experiment2
0,1,0,2,0,0,0,53.3356159600686,2.5,2.5,TRUE,TRUE,1,SSP3_7_0,passive_AM,experiment2
1,0.866,0.106571927624378,2,0,0.95,0,53.3356159600686,2.5,2.5,TRUE,TRUE,1,SSP3_7_0,passive_AM,experiment2
2,0.811,0.155631655267211,2,0,1.7659184,0.106561270431616,53.3356159600686,2.5,2.5,TRUE,TRUE,1,SSP3_7_0,passive_AM,experiment2
3,0.786,0.158923143866983,2,0,2.52676620761,0.210234590008101,53.3356159600686,2.5,2.5,TRUE,TRUE,1,SSP3_7_0,passive_AM,experiment2
4,0.778,0.16488747310781,2,0,3.26254542968926,0.324868564793325,53.3356159600686,2.5,2.5,TRUE,TRUE,1,SSP3_7_0,passive_AM,experiment2
5,0.781,0.165569113403229,2,0,3.99025427336635,0.430780594957556,53.3356159600686,2.5,2.5,TRUE,TRUE,1,SSP3_7_0,passive_AM,experiment2
6,0.755,0.17254775360093,2,0,4.72088884645904,0.541714654980332,53.3356159600686,2.5,2.5,TRUE,TRUE,1,SSP3_7_0,passive_AM,experiment2
7,0.744,0.178840259404415,2,0,5.42546595219494,0.64608309685402,53.3356159600686,2.5,2.5,TRUE,TRUE,1,SSP3_7_0,passive_AM,experiment2
8,0.737,0.164319840862295,2,0,6.11898029791066,0.742080094698743,53.3356159600686,2.5,2.5,TRUE,TRUE,1,SSP3_7_0,passive_AM,experiment2
9,0.74,0.163916707106649,2,0,6.80543089023219,0.84693683536662,53.3356159600686,2.5,2.5,TRUE,TRUE,1,SSP3_7_0,passive_AM,experiment2
10,0.75,0.170856428594066,2,0,7.49481013857424,0.944854117622841,53.3356159600686,2.5,2.5,TRUE,TRUE,1,SSP3_7_0,passive_AM,experiment2
11,0.738,0.181341800158839,2,0,8.19411045349025,1.03884460846997,53.3356159600686,2.5,2.5,TRUE,TRUE,1,SSP3_7_0,passive_AM,experiment2
12,0.747,0.195636748525775,2,0,8.88135403177676,1.12041850204766,53.3356159600686,2.5,2.5,TRUE,TRUE,1,SSP3_7_0,passive_AM,experiment2
13,0.737,0.203333333333333,2,0,9.57751809164345,1.19233215820964,53.3356159600686,2.5,2.5,TRUE,TRUE,1,SSP3_7_0,passive_AM,experiment2
14,0.716,0.209241052811866,2,0,10.263625527307,1.27273843394902,53.3356159600686,2.5,2.5,TRUE,TRUE,1,SSP3_7_0,passive_AM,experiment2
15,0.691,0.221607989499704,2,0,10.9286937331247,1.37183807003494,53.3356159600686,2.5,2.5,TRUE,TRUE,1,SSP3_7_0,passive_AM,experiment2
16,0.697,0.223134239615727,2,0,11.5687329058831,1.49334442243869,53.3356159600686,2.5,2.5,TRUE,TRUE,1,SSP3_7_0,passive_AM,experiment2
17,0.71,0.214381892797867,2,0,12.2146984819209,1.61895993607802,53.3356159600686,2.5,2.5,TRUE,TRUE,1,SSP3_7_0,passive_AM,experiment2
18,0.706,0.206373203177881,2,0,12.8735773790722,1.75150853713833,53.3356159600686,2.5,2.5,TRUE,TRUE,1,SSP3_7_0,passive_AM,experiment2
19,0.717,0.200027775849033,2,0,13.5283975822172,1.88057337476892,53.3356159600686,2.5,2.5,TRUE,TRUE,1,SSP3_7_0,passive_AM,experiment2
20,0.724,0.215612821717283,2,0,14.1941314221411,2.00070597997125,53.3356159600686,2.5,2.5,TRUE,TRUE,1,SSP3_7_0,passive_AM,experiment2
21,0.7,0.220192753025272,2,0,14.8667847019731,2.12150054117478,53.3356159600686,2.5,2.5,TRUE,TRUE,1,SSP3_7_0,passive_AM,experiment2
22,0.694,0.206862077703767,2,0,15.5154210661089,2.23438985011154,53.3356159600686,2.5,2.5,TRUE,TRUE,1,SSP3_7_0,passive_AM,experiment2
23,0.709,0.206018043732665,2,0,16.1580057527577,2.34086143078047,53.3356159600686,2.5,2.5,TRUE,TRUE,1,SSP3_7_0,passive_AM,experiment2
24,0.714,0.218359355377341,2,0,16.8154917188611,2.43963024375287,53.3356159600686,2.5,2.5,TRUE,TRUE,1,SSP3_7_0,passive_AM,experiment2
25,0.687,0.213037199767666,1.99,0.1,17.4778999501579,2.55168047659295,53.3356159600686,2.5,2.5,TRUE,TRUE,1,SSP3_7_0,passive_AM,experiment2
26,0.692,0.229042803992193,1.99,0.1,18.1138081111925,2.63810876485329,53.3356159600686,2.5,2.5,TRUE,TRUE,1,SSP3_7_0,passive_AM,experiment2
27,0.691,0.228342733714923,2.04,0.242878362539562,18.7546396976479,2.72394581726088,53.3356159600686,2.5,2.5,TRUE,TRUE,1,SSP3_7_0,passive_AM,experiment2
28,0.676,0.217942629834069,2.27,0.468287229478799,19.3869301211346,2.8099283059317,53.3356159600686,2.5,2.5,TRUE,TRUE,1,SSP3_7_0,passive_AM,experiment2
29,0.675,0.227580599553058,2.5,0.522232967867094,19.969795728631,2.91831509063951,53.3356159600686,2.5,2.5,TRUE,TRUE,1,SSP3_7_0,passive_AM,experiment2
30,0.669,0.241081318272906,2.73,0.468287229478799,20.5172058555662,3.03871942602583,53.3356159600686,2.5,2.5,TRUE,TRUE,1,SSP3_7_0,passive_AM,experiment2
31,0.678,0.236805337095192,2.8,0.426401432711221,21.0241825654781,3.16966440072181,53.3356159600686,2.5,2.5,TRUE,TRUE,1,SSP3_7_0,passive_AM,experiment2
32,0.689,0.248183298178885,2.85,0.385992097056273,21.5296132207507,3.3066794432653,53.3356159600686,2.5,2.5,TRUE,TRUE,1,SSP3_7_0,passive_AM,experiment2
33,0.684,0.246887697857822,2.85,0.411329453348431,22.0384821503005,3.41646016506167,53.3356159600686,2.5,2.5,TRUE,TRUE,1,SSP3_7_0,passive_AM,experiment2
34,0.71,0.238894761496997,2.85,0.411329453348431,22.54131996131,3.5315114867351,53.3356159600686,2.5,2.5,TRUE,TRUE,1,SSP3_7_0,passive_AM,experiment2
35,0.729,0.227988569623102,2.83,0.472581562625261,23.070019234243,3.63833683049812,53.3356159600686,2.5,2.5,TRUE,TRUE,1,SSP3_7_0,passive_AM,experiment2
36,0.722,0.212526884811491,2.84,0.443129367525598,23.6185957561178,3.74613485428065,53.3356159600686,2.5,2.5,TRUE,TRUE,1,SSP3_7_0,passive_AM,experiment2
37,0.713,0.213037199767666,2.82,0.519906751545919,24.159644373144,3.85450392157842,53.3356159600686,2.5,2.5,TRUE,TRUE,1,SSP3_7_0,passive_AM,experiment2
38,0.731,0.203849320466234,2.81,0.525991127935317,24.6916721254383,3.96140991067196,53.3356159600686,2.5,2.5,TRUE,TRUE,1,SSP3_7_0,passive_AM,experiment2
39,0.715,0.205172999188391,2.84,0.46536615322309,25.2430727118781,4.06488009626539,53.3356159600686,2.5,2.5,TRUE,TRUE,1,SSP3_7_0,passive_AM,experiment2
40,0.69,0.214381892797867,2.84,0.443129367525598,25.7759901713431,4.15328853544246,53.3356159600686,2.5,2.5,TRUE,TRUE,1,SSP3_7_0,passive_AM,experiment2
41,0.694,0.231734783968678,2.81,0.525991127935317,26.2849501520991,4.2362805898002,53.3356159600686,2.5,2.5,TRUE,TRUE,1,SSP3_7_0,passive_AM,experiment2
42,0.678,0.217692211596784,2.83,0.472581562625261,26.7993367318984,4.31536213026602,53.3356159600686,2.5,2.5,TRUE,TRUE,1,SSP3_7_0,passive_AM,experiment2
43,0.681,0.221425592308777,2.83,0.472581562625261,27.2967431268648,4.39590775232513,53.3356159600686,2.5,2.5,TRUE,TRUE,1,SSP3_7_0,passive_AM,experiment2
44,0.701,0.223604539084049,2.82,0.50010099990003,27.7970869082446,4.48687300447112,53.3356159600686,2.5,2.5,TRUE,TRUE,1,SSP3_7_0,passive_AM,experiment2
45,0.711,0.213624328051263,2.85,0.457816513022367,28.3177906489051,4.5820431896324,53.3356159600686,2.5,2.5,TRUE,TRUE,1,SSP3_7_0,passive_AM,experiment2
46,0.731,0.220052794399963,2.87,0.441645225322889,28.8449131334494,4.65706595327333,53.3356159600686,2.5,2.5,TRUE,TRUE,1,SSP3_7_0,passive_AM,experiment2
47,0.711,0.222426925918912,2.86,0.42687494916219,29.3889048814374,4.74328277283081,53.3356159600686,2.5,2.5,TRUE,TRUE,1,SSP3_7_0,passive_AM,experiment2
48,0.69,0.224058073280166,2.85,0.435194139889245,29.9154242913591,4.82878567265822,53.3356159600686,2.5,2.5,TRUE,TRUE,1,SSP3_7_0,passive_AM,experiment2
49,0.691,0.230543933016042,2.86,0.42687494916219,30.4224844297167,4.90541521538996,53.3356159600686,2.5,2.5,TRUE,TRUE,1,SSP3_7_0,passive_AM,experiment2
50,0.68,0.220192753025272,2.85,0.435194139889245,30.9289963061897,4.96726106881676,53.3356159600686,2.5,2.5,TRUE,TRUE,1,SSP3_7_0,passive_AM,experiment2
51,0.688,0.225307870176868,2.85,0.435194139889245,31.426004915286,5.03016638032777,53.3356159600686,2.5,2.5,TRUE,TRUE,1,SSP3_7_0,passive_AM,experiment2
52,0.687,0.232533260355841,2.84,0.443129367525598,31.9309231253549,5.1155852937043,53.3356159600686,2.5,2.5,TRUE,TRUE,1,SSP3_7_0,passive_AM,experiment2
53,0.694,0.225549833235867,2.84,0.443129367525598,32.4362882502219,5.18964476621972,53.3356159600686,2.5,2.5,TRUE,TRUE,1,SSP3_7_0,passive_AM,experiment2
54,0.708,0.209221742115243,2.84,0.443129367525598,32.9485658348726,5.26211804740616,53.3356159600686,2.5,2.5,TRUE,TRUE,1,SSP3_7_0,passive_AM,experiment2
55,0.725,0.224452195085697,2.84,0.443129367525598,33.474716791758,5.34837249226529,53.3356159600686,2.5,2.5,TRUE,TRUE,1,SSP3_7_0,passive_AM,experiment2
56,0.704,0.221528209207648,2.85,0.435194139889245,34.0177218855523,5.42860483046693,53.3356159600686,2.5,2.5,TRUE,TRUE,1,SSP3_7_0,passive_AM,experiment2
57,0.711,0.24283469041446,2.84,0.443129367525598,34.53829833296,5.5127788743421,53.3356159600686,2.5,2.5,TRUE,TRUE,1,SSP3_7_0,passive_AM,experiment2
58,0.696,0.236096196795743,2.81,0.486068540704525,35.0672744081347,5.59888294942278,53.3356159600686,2.5,2.5,TRUE,TRUE,1,SSP3_7_0,passive_AM,experiment2
59,0.707,0.234522941523873,2.8,0.492365963917331,35.5847640959612,5.68944421021641,53.3356159600686,2.5,2.5,TRUE,TRUE,1,SSP3_7_0,passive_AM,experiment2
60,0.705,0.224001713557659,2.75,0.519809599951771,36.1146284982882,5.77229543065671,53.3356159600686,2.5,2.5,TRUE,TRUE,1,SSP3_7_0,passive_AM,experiment2
61,0.691,0.219317121994613,2.68,0.566399223876658,36.6499070113369,5.85968652457192,53.3356159600686,2.5,2.5,TRUE,TRUE,1,SSP3_7_0,passive_AM,experiment2
62,0.682,0.233713975239441,2.62,0.582228390745332,37.1806593643461,5.94613450067659,53.3356159600686,2.5,2.5,TRUE,TRUE,1,SSP3_7_0,passive_AM,experiment2
63,0.679,0.234540169073638,2.54,0.593227774062537,37.71135864212,6.04245960279331,53.3356159600686,2.5,2.5,TRUE,TRUE,1,SSP3_7_0,passive_AM,experiment2
64,0.683,0.227438525382757,2.51,0.594503442743895,38.2509483253792,6.13474260767776,53.3356159600686,2.5,2.5,TRUE,TRUE,1,SSP3_7_0,passive_AM,experiment2
65,0.689,0.236512967590329,2.39,0.601261300530104,38.7989298206765,6.22309547647575,53.3356159600686,2.5,2.5,TRUE,TRUE,1,SSP3_7_0,passive_AM,experiment2
66,0.686,0.238268162312377,2.39,0.601261300530104,39.3697074952212,6.28995545670183,53.3356159600686,2.5,2.5,TRUE,TRUE,1,SSP3_7_0,passive_AM,experiment2
67,0.67,0.228521820013368,2.32,0.601009252185123,39.9374478277855,6.37707189307257,53.3356159600686,2.5,2.5,TRUE,TRUE,1,SSP3_7_0,passive_AM,experiment2
68,0.671,0.242584984587824,2.26,0.629574170661119,40.4986747929124,6.46841134937692,53.3356159600686,2.5,2.5,TRUE,TRUE,1,SSP3_7_0,passive_AM,experiment2
69,0.663,0.237688787274368,2.19,0.646591685749831,41.0667981944526,6.54601641749806,53.3356159600686,2.5,2.5,TRUE,TRUE,1,SSP3_7_0,passive_AM,experiment2
70,0.648,0.247198443981896,2.1,0.643538199442282,41.6343682219488,6.61852584486994,53.3356159600686,2.5,2.5,TRUE,TRUE,1,SSP3_7_0,passive_AM,experiment2
71,0.62,0.228300705476817,2.19,0.691872003109584,42.1974128840131,6.68898133207197,53.3356159600686,2.5,2.5,TRUE,TRUE,1,SSP3_7_0,passive_AM,experiment2
72,0.616,0.23771640858193,2.12,0.700360657450895,42.7191948627041,6.75784241292105,53.3356159600686,2.5,2.5,TRUE,TRUE,1,SSP3_7_0,passive_AM,experiment2
73,0.588,0.234102627930659,2.22,0.773030243635886,43.2443995524489,6.81952999296863,53.3356159600686,2.5,2.5,TRUE,TRUE,1,SSP3_7_0,passive_AM,experiment2
74,0.572,0.227893294186893,2.22,0.773030243635886,43.7248790419187,6.86832732167186,53.3356159600686,2.5,2.5,TRUE,TRUE,1,SSP3_7_0,passive_AM,experiment2
75,0.561,0.248995963619875,2.12,0.74236858171067,44.1894284523148,6.94019035225209,53.3356159600686,2.5,2.5,TRUE,TRUE,1,SSP3_7_0,passive_AM,experiment2
76,0.547,0.243897229557571,2.03,0.744745906095807,44.6569089908177,7.02699750051056,53.3356159600686,2.5,2.5,TRUE,TRUE,1,SSP3_7_0,passive_AM,experiment2
77,0.528,0.247443494212887,1.93,0.742028342185163,45.1198768533325,7.12200303072348,53.3356159600686,2.5,2.5,TRUE,TRUE,1,SSP3_7_0,passive_AM,experiment2
78,0.497,0.242234963986989,1.78,0.704674149210581,45.5738674563782,7.21598905334667,53.3356159600686,2.5,2.5,TRUE,TRUE,1,SSP3_7_0,passive_AM,experiment2
79,0.476,0.257854394744183,1.58,0.606030302272689,46.0124330960756,7.31563543559603,53.3356159600686,2.5,2.5,TRUE,TRUE,1,SSP3_7_0,passive_AM,experiment2
80,0.453,0.247596527447459,1.35,0.5,46.4499627484779,7.43166673675202,53.3356159600686,2.5,2.5,TRUE,TRUE,1,SSP3_7_0,passive_AM,experiment2
81,0.429,0.24507059382879,1.1,0.301511344577764,46.881000443048,7.54984251631922,53.3356159600686,2.5,2.5,TRUE,TRUE,1,SSP3_7_0,passive_AM,experiment2
82,0.387,0.224578167984676,1,0,47.3015797445428,7.67635575085422,53.3356159600686,2.5,2.5,TRUE,TRUE,1,SSP3_7_0,passive_AM,experiment2
83,0.351,0.203253834433993,1,0,47.6854191626076,7.79246162917026,53.3356159600686,2.5,2.5,TRUE,TRUE,1,SSP3_7_0,passive_AM,experiment2
0,1,0,2,0,0,0,36.6411253414504,1,1,TRUE,TRUE,1,SSP5_8_5,passive_AM,experiment2
1,0.879,0.103762549441823,2,0,0.95,0,36.6411253414504,1,1,TRUE,TRUE,1,SSP5_8_5,passive_AM,experiment2
2,0.814,0.139276630480421,2,0,1.7789171,0.103752173186878,36.6411253414504,1,1,TRUE,TRUE,1,SSP5_8_5,passive_AM,experiment2
3,0.791,0.195450786903021,2,0,2.54276430764,0.204093887585789,36.6411253414504,1,1,TRUE,TRUE,1,SSP5_8_5,passive_AM,experiment2
4,0.766,0.208515677776967,2,0,3.28354202986926,0.339476296482463,36.6411253414504,1,1,TRUE,TRUE,1,SSP5_8_5,passive_AM,experiment2
5,0.748,0.209607618027956,2,0,3.9992556728264,0.486548031571399,36.6411253414504,1,1,TRUE,TRUE,1,SSP5_8_5,passive_AM,experiment2
6,0.738,0.211669649227376,2,0,4.69690674261942,0.63636448658466,36.6411253414504,1,1,TRUE,TRUE,1,SSP5_8_5,passive_AM,experiment2
7,0.734,0.217060248583548,2,0,5.38449404580566,0.79720639359263,36.6411253414504,1,1,TRUE,TRUE,1,SSP5_8_5,passive_AM,experiment2
8,0.725,0.209557012323953,2,0,6.06801538942172,0.949569621173974,36.6411253414504,1,1,TRUE,TRUE,1,SSP5_8_5,passive_AM,experiment2
9,0.703,0.197179608427946,2,0,6.74247557838392,1.09066327801062,36.6411253414504,1,1,TRUE,TRUE,1,SSP5_8_5,passive_AM,experiment2
10,0.707,0.199623382772397,2,0,7.39488811340908,1.22223270309059,36.6411253414504,1,1,TRUE,TRUE,1,SSP5_8_5,passive_AM,experiment2
11,0.736,0.21249836600679,2,0,8.05123140898025,1.33518775541217,36.6411253414504,1,1,TRUE,TRUE,1,SSP5_8_5,passive_AM,experiment2
12,0.718,0.213853532431273,2,0,8.73647718616709,1.45068339105367,36.6411253414504,1,1,TRUE,TRUE,1,SSP5_8_5,passive_AM,experiment2
13,0.718,0.214325345060619,2,0,9.40367602690016,1.57795957490651,36.6411253414504,1,1,TRUE,TRUE,1,SSP5_8_5,passive_AM,experiment2
14,0.718,0.199686623174281,2,0,10.0708081477492,1.70042423187138,36.6411253414504,1,1,TRUE,TRUE,1,SSP5_8_5,passive_AM,experiment2
15,0.718,0.206157731121125,2,0,10.7378735553861,1.81655380376076,36.6411253414504,1,1,TRUE,TRUE,1,SSP5_8_5,passive_AM,experiment2
16,0.73,0.199747315123358,2,0,11.4048722564822,1.93755865062216,36.6411253414504,1,1,TRUE,TRUE,1,SSP5_8_5,passive_AM,experiment2
17,0.715,0.205664726674216,2,0,12.0837850721016,2.03570422081967,36.6411253414504,1,1,TRUE,TRUE,1,SSP5_8_5,passive_AM,experiment2
18,0.681,0.210672324434958,2,0,12.7476554760495,2.12681880686176,36.6411253414504,1,1,TRUE,TRUE,1,SSP5_8_5,passive_AM,experiment2
19,0.668,0.200947251734872,1.99,0.1,13.3775206409648,2.20380966921649,36.6411253414504,1,1,TRUE,TRUE,1,SSP5_8_5,passive_AM,experiment2
20,0.646,0.20617732879512,1.99,0.1,13.9948465480007,2.29574559716161,36.6411253414504,1,1,TRUE,TRUE,1,SSP5_8_5,passive_AM,experiment2
21,0.655,0.20859075005882,1.99,0.1,14.590154680671,2.37415975578226,36.6411253414504,1,1,TRUE,TRUE,1,SSP5_8_5,passive_AM,experiment2
22,0.639,0.208358180336485,2,0.14213381090374,15.194384401416,2.45476214709011,36.6411253414504,1,1,TRUE,TRUE,1,SSP5_8_5,passive_AM,experiment2
23,0.624,0.221619384339799,2.25,0.457816513022367,15.781092158791,2.52189963541593,36.6411253414504,1,1,TRUE,TRUE,1,SSP5_8_5,passive_AM,experiment2
24,0.601,0.209132406949195,2.65,0.5,16.3153618626581,2.62268780734477,36.6411253414504,1,1,TRUE,TRUE,1,SSP5_8_5,passive_AM,experiment2
25,0.633,0.202536940139847,2.84,0.394917201397452,16.7667771106427,2.70851567205959,36.6411253414504,1,1,TRUE,TRUE,1,SSP5_8_5,passive_AM,experiment2
26,0.653,0.21530105771813,2.91,0.320825954263823,17.2216384775945,2.77296234947578,36.6411253414504,1,1,TRUE,TRUE,1,SSP5_8_5,passive_AM,experiment2
27,0.678,0.208689997727527,2.93,0.293188669562103,17.6859296892599,2.84478338529396,36.6411253414504,1,1,TRUE,TRUE,1,SSP5_8_5,passive_AM,experiment2
28,0.687,0.223676805081155,2.94,0.31204765240863,18.1721151489598,2.90565836024685,36.6411253414504,1,1,TRUE,TRUE,1,SSP5_8_5,passive_AM,experiment2
29,0.696,0.213636148721147,2.94,0.31204765240863,18.6647338146624,2.97624344041467,36.6411253414504,1,1,TRUE,TRUE,1,SSP5_8_5,passive_AM,experiment2
30,0.703,0.216703959494528,2.95,0.297294195005282,19.1662771550057,3.04544543129737,36.6411253414504,1,1,TRUE,TRUE,1,SSP5_8_5,passive_AM,experiment2
31,0.703,0.216703959494528,2.95,0.297294195005282,19.6732538649176,3.11053986446314,36.6411253414504,1,1,TRUE,TRUE,1,SSP5_8_5,passive_AM,experiment2
32,0.72,0.222928171609085,2.95,0.297294195005282,20.1801798771584,3.17566133807865,36.6411253414504,1,1,TRUE,TRUE,1,SSP5_8_5,passive_AM,experiment2
33,0.713,0.20920967202471,2.95,0.297294195005282,20.7040008810339,3.24247840824461,36.6411253414504,1,1,TRUE,TRUE,1,SSP5_8_5,passive_AM,experiment2
34,0.724,0.228353792491946,2.93,0.355476632654857,21.220792565887,3.30440610461586,36.6411253414504,1,1,TRUE,TRUE,1,SSP5_8_5,passive_AM,experiment2
35,0.7,0.241209075662211,2.93,0.355476632654857,21.750488444424,3.37699571363964,36.6411253414504,1,1,TRUE,TRUE,1,SSP5_8_5,passive_AM,experiment2
36,0.706,0.232604923647481,2.94,0.342893215995531,22.2562152107301,3.44869826542598,36.6411253414504,1,1,TRUE,TRUE,1,SSP5_8_5,passive_AM,experiment2
37,0.707,0.226191569831031,2.94,0.342893215995531,22.7663752326774,3.50827941395084,36.6411253414504,1,1,TRUE,TRUE,1,SSP5_8_5,passive_AM,experiment2
38,0.723,0.226904954961011,2.93,0.355476632654857,23.2774805452748,3.56601020712712,36.6411253414504,1,1,TRUE,TRUE,1,SSP5_8_5,passive_AM,experiment2
39,0.7,0.22428337054501,2.93,0.355476632654857,23.8059683702184,3.61784960709723,36.6411253414504,1,1,TRUE,TRUE,1,SSP5_8_5,passive_AM,experiment2
40,0.689,0.223333333333333,2.93,0.355476632654857,24.3114928761595,3.65253389156839,36.6411253414504,1,1,TRUE,TRUE,1,SSP5_8_5,passive_AM,experiment2
41,0.694,0.230861364669296,2.93,0.355476632654857,24.8060107439586,3.69109403986477,36.6411253414504,1,1,TRUE,TRUE,1,SSP5_8_5,passive_AM,experiment2
42,0.682,0.233713975239441,2.93,0.355476632654857,25.3054587009177,3.76146073773568,36.6411253414504,1,1,TRUE,TRUE,1,SSP5_8_5,passive_AM,experiment2
43,0.661,0.225583418690024,2.93,0.355476632654857,25.7929070098987,3.84594909167696,36.6411253414504,1,1,TRUE,TRUE,1,SSP5_8_5,passive_AM,experiment2
44,0.648,0.218572041610398,2.94,0.342893215995531,26.2593966846778,3.9346962752382,36.6411253414504,1,1,TRUE,TRUE,1,SSP5_8_5,passive_AM,experiment2
45,0.62,0.231377080834195,2.92,0.3673547263198,26.7114033735111,4.01209731787376,36.6411253414504,1,1,TRUE,TRUE,1,SSP5_8_5,passive_AM,experiment2
46,0.631,0.23341773365329,2.93,0.355476632654857,27.13847711453,4.0947049786129,36.6411253414504,1,1,TRUE,TRUE,1,SSP5_8_5,passive_AM,experiment2
47,0.621,0.232376827370953,2.93,0.355476632654857,27.5749645463557,4.18570103697083,36.6411253414504,1,1,TRUE,TRUE,1,SSP5_8_5,passive_AM,experiment2
48,0.639,0.229578005492819,2.93,0.355476632654857,28.0014552215003,4.25738810896034,36.6411253414504,1,1,TRUE,TRUE,1,SSP5_8_5,passive_AM,experiment2
49,0.613,0.227704841734854,2.94,0.342893215995531,28.4458170503063,4.32137380227256,36.6411253414504,1,1,TRUE,TRUE,1,SSP5_8_5,passive_AM,experiment2
50,0.548,0.20124862757547,2.94,0.342893215995531,28.8627688700355,4.37865506771873,36.6411253414504,1,1,TRUE,TRUE,1,SSP5_8_5,passive_AM,experiment2
51,0.539,0.217374136344495,2.89,0.399368187885502,29.2150031996052,4.44761328110515,36.6411253414504,1,1,TRUE,TRUE,1,SSP5_8_5,passive_AM,experiment2
52,0.524,0.217478664923642,2.87,0.418148878808116,29.5657099366482,4.53626313571,36.6411253414504,1,1,TRUE,TRUE,1,SSP5_8_5,passive_AM,experiment2
53,0.479,0.212391386383961,2.8,0.512470743190538,29.9044438441624,4.61553223810846,36.6411253414504,1,1,TRUE,TRUE,1,SSP5_8_5,passive_AM,experiment2
54,0.452,0.212003430503977,2.77,0.565953205047052,30.2068368261698,4.70340045885995,36.6411253414504,1,1,TRUE,TRUE,1,SSP5_8_5,passive_AM,experiment2
55,0.443,0.206586005764616,2.71,0.640312423743285,30.4848315188909,4.7803723501714,36.6411253414504,1,1,TRUE,TRUE,1,SSP5_8_5,passive_AM,experiment2
56,0.42,0.21649177090293,2.54,0.809289500086029,30.7598148676713,4.8503002559572,36.6411253414504,1,1,TRUE,TRUE,1,SSP5_8_5,passive_AM,experiment2
57,0.405,0.219446042699716,2.27,0.951925215634934,31.0273126028245,4.91721609391209,36.6411253414504,1,1,TRUE,TRUE,1,SSP5_8_5,passive_AM,experiment2
58,0.385,0.213378309652839,1.71,0.935225355006196,31.3052239054774,4.9564947999597,36.6411253414504,1,1,TRUE,TRUE,1,SSP5_8_5,passive_AM,experiment2
59,0.369,0.199845900229111,1.58,0.900953479219195,31.6198934274699,4.989292295301,36.6411253414504,1,1,TRUE,TRUE,1,SSP5_8_5,passive_AM,experiment2
60,0.344,0.199656270281267,1.43,0.794615719334913,31.9300579556612,5.04131590299764,36.6411253414504,1,1,TRUE,TRUE,1,SSP5_8_5,passive_AM,experiment2
61,0.32,0.176383420737639,1.36,0.731954626843478,32.2317423172403,5.10310884796379,36.6411253414504,1,1,TRUE,TRUE,1,SSP5_8_5,passive_AM,experiment2
62,0.304,0.172281188992902,1.26,0.660884011584239,32.5169968590261,5.15436263686963,36.6411253414504,1,1,TRUE,TRUE,1,SSP5_8_5,passive_AM,experiment2
63,0.297,0.1898723654235,1.23,0.633333333333333,32.7942723243798,5.20464303522012,36.6411253414504,1,1,TRUE,TRUE,1,SSP5_8_5,passive_AM,experiment2
64,0.285,0.179435140641318,1.21,0.607944043145387,33.0670483244805,5.2652863970231,36.6411253414504,1,1,TRUE,TRUE,1,SSP5_8_5,passive_AM,experiment2
65,0.293,0.203134527748574,1.16,0.526471003163248,33.3298608457972,5.32637984744376,36.6411253414504,1,1,TRUE,TRUE,1,SSP5_8_5,passive_AM,experiment2
66,0.277,0.183046607742565,1.15,0.519809599951771,33.6060596160729,5.38628274895812,36.6411253414504,1,1,TRUE,TRUE,1,SSP5_8_5,passive_AM,experiment2
67,0.269,0.176780980740336,1.11,0.447100648511037,33.8668327347048,5.44826207555133,36.6411253414504,1,1,TRUE,TRUE,1,SSP5_8_5,passive_AM,experiment2
68,0.245,0.162912258717397,1.12,0.477366513151884,34.1236064877762,5.51547691679922,36.6411253414504,1,1,TRUE,TRUE,1,SSP5_8_5,passive_AM,experiment2
69,0.228,0.149801215083203,1.1,0.438085827115181,34.3550273838581,5.57409951564049,36.6411253414504,1,1,TRUE,TRUE,1,SSP5_8_5,passive_AM,experiment2
70,0.223,0.151660839048879,1.06,0.342893215995531,34.571528286735,5.61870428403877,36.6411253414504,1,1,TRUE,TRUE,1,SSP5_8_5,passive_AM,experiment2
71,0.209,0.136400331762978,1.04,0.281410588272579,34.7870145154263,5.65587697707425,36.6411253414504,1,1,TRUE,TRUE,1,SSP5_8_5,passive_AM,experiment2
72,0.208,0.141906214583343,1.04,0.281410588272579,34.9905640979794,5.69073761756721,36.6411253414504,1,1,TRUE,TRUE,1,SSP5_8_5,passive_AM,experiment2
73,0.209,0.150484067413978,1.02,0.2,35.1931005000738,5.72969974342111,36.6411253414504,1,1,TRUE,TRUE,1,SSP5_8_5,passive_AM,experiment2
74,0.202,0.136315142892557,1.02,0.2,35.3985948271818,5.7759972621319,36.6411253414504,1,1,TRUE,TRUE,1,SSP5_8_5,passive_AM,experiment2
75,0.2,0.147024357220706,1.02,0.2,35.5971202162399,5.82850513346009,36.6411253414504,1,1,TRUE,TRUE,1,SSP5_8_5,passive_AM,experiment2
76,0.19,0.132192085522347,1,0,35.793640697394,5.87285432556505,36.6411253414504,1,1,TRUE,TRUE,1,SSP5_8_5,passive_AM,experiment2
77,0.178,0.118560388227121,1,0,35.9822020990614,5.91565824482604,36.6411253414504,1,1,TRUE,TRUE,1,SSP5_8_5,passive_AM,experiment2
78,0.173,0.114464056375878,1,0,36.1588366943447,5.9637068534483,36.6411253414504,1,1,TRUE,TRUE,1,SSP5_8_5,passive_AM,experiment2
79,0.176,0.131901401804453,1,0,36.3304924763982,6.0096917896548,36.6411253414504,1,1,TRUE,TRUE,1,SSP5_8_5,passive_AM,experiment2
80,0.174,0.139711101631874,1,0,36.5051074850667,6.05460869447979,36.6411253414504,1,1,TRUE,TRUE,1,SSP5_8_5,passive_AM,experiment2
81,0.172,0.146390925368696,1,0,36.6777209691983,6.10635358317304,36.6411253414504,1,1,TRUE,TRUE,1,SSP5_8_5,passive_AM,experiment2
82,0.176,0.151170517140497,1,0,36.8483333273519,6.15501547797322,36.6411253414504,1,1,TRUE,TRUE,1,SSP5_8_5,passive_AM,experiment2
83,0.175,0.160412977131912,1,0,37.0228959567561,6.21118478895414,36.6411253414504,1,1,TRUE,TRUE,1,SSP5_8_5,passive_AM,experiment2
0,1,0,2,0,0,0,27.6992601942393,2.5,1,TRUE,TRUE,1,SSP5_8_5,passive_AM,experiment2
1,0.873,0.1686877457184,2,0,0.95,0,27.6992601942393,2.5,1,TRUE,TRUE,1,SSP5_8_5,passive_AM,experiment2
2,0.794,0.191654149788918,2,0,1.7729177,0.168670876943828,27.6992601942393,2.5,1,TRUE,TRUE,1,SSP5_8_5,passive_AM,experiment2
3,0.77,0.200756146364265,2,0,2.51676890744,0.327491724182032,27.6992601942393,2.5,1,TRUE,TRUE,1,SSP5_8_5,passive_AM,experiment2
4,0.739,0.205428844374421,2,0,3.23655292903928,0.488073001900128,27.6992601942393,2.5,1,TRUE,TRUE,1,SSP5_8_5,passive_AM,experiment2
5,0.743,0.205113912672245,2,0,3.92527737037652,0.646676164972927,27.6992601942393,2.5,1,TRUE,TRUE,1,SSP5_8_5,passive_AM,experiment2
6,0.747,0.215769705140841,1.99,0.1,4.61793093966959,0.800089817078181,27.6992601942393,2.5,1,TRUE,TRUE,1,SSP5_8_5,passive_AM,experiment2
7,0.736,0.22134574627478,1.99,0.1,5.31501254428065,0.946260877818953,27.6992601942393,2.5,1,TRUE,TRUE,1,SSP5_8_5,passive_AM,experiment2
8,0.739,0.226030747885988,1.99,0.1,6.00103213842162,1.10748919143857,27.6992601942393,2.5,1,TRUE,TRUE,1,SSP5_8_5,passive_AM,experiment2
9,0.732,0.222420113907684,1.99,0.1,6.68998073144301,1.26594917443484,27.6992601942393,2.5,1,TRUE,TRUE,1,SSP5_8_5,passive_AM,experiment2
10,0.735,0.220822612661444,1.99,0.1,7.37186672708569,1.41341703322083,27.6992601942393,2.5,1,TRUE,TRUE,1,SSP5_8_5,passive_AM,experiment2
11,0.728,0.209414768950391,1.99,0.1,8.05668153547845,1.55550712224502,27.6992601942393,2.5,1,TRUE,TRUE,1,SSP5_8_5,passive_AM,experiment2
12,0.73,0.220422001138404,1.99,0.1,8.73443555854152,1.68061564603804,27.6992601942393,2.5,1,TRUE,TRUE,1,SSP5_8_5,passive_AM,experiment2
13,0.711,0.226477193535948,1.99,0.1,9.41411940752184,1.8064016373325,27.6992601942393,2.5,1,TRUE,TRUE,1,SSP5_8_5,passive_AM,experiment2
14,0.69,0.2096172558245,1.99,0.1,10.0747599733027,1.93376747591919,27.6992601942393,2.5,1,TRUE,TRUE,1,SSP5_8_5,passive_AM,experiment2
15,0.673,0.218745274119225,1.99,0.1,10.7143638559246,2.03813219309334,27.6992601942393,2.5,1,TRUE,TRUE,1,SSP5_8_5,passive_AM,experiment2
16,0.643,0.209980759099302,1.99,0.1,11.336929260316,2.15331450127197,27.6992601942393,2.5,1,TRUE,TRUE,1,SSP5_8_5,passive_AM,experiment2
17,0.643,0.224847872252698,1.99,0.1,11.9294803721838,2.25786453561525,27.6992601942393,2.5,1,TRUE,TRUE,1,SSP5_8_5,passive_AM,experiment2
18,0.661,0.217374136344495,1.99,0.1,12.5219722289403,2.38264111173828,27.6992601942393,2.5,1,TRUE,TRUE,1,SSP5_8_5,passive_AM,experiment2
19,0.648,0.207671068585089,1.98,0.14070529413629,13.1323724640365,2.50468539980382,27.6992601942393,2.5,1,TRUE,TRUE,1,SSP5_8_5,passive_AM,experiment2
20,0.66,0.214617347995464,1.98,0.14070529413629,13.7302353877463,2.61889354765917,27.6992601942393,2.5,1,TRUE,TRUE,1,SSP5_8_5,passive_AM,experiment2
21,0.634,0.212355714533303,1.98,0.14070529413629,14.3400145479501,2.72253468303335,27.6992601942393,2.5,1,TRUE,TRUE,1,SSP5_8_5,passive_AM,experiment2
22,0.628,0.208447847315594,1.98,0.14070529413629,14.9237872756724,2.8246246521648,27.6992601942393,2.5,1,TRUE,TRUE,1,SSP5_8_5,passive_AM,experiment2
23,0.605,0.198669818970313,2.17,0.427702341505507,15.5015148122711,2.93802843844349,27.6992601942393,2.5,1,TRUE,TRUE,1,SSP5_8_5,passive_AM,experiment2
24,0.61,0.218118677732462,2.69,0.506423386569624,16.0278028959124,3.04675784307767,27.6992601942393,2.5,1,TRUE,TRUE,1,SSP5_8_5,passive_AM,experiment2
25,0.621,0.235399939067816,2.82,0.435310176190437,16.481213349413,3.14970272887046,27.6992601942393,2.5,1,TRUE,TRUE,1,SSP5_8_5,passive_AM,experiment2
26,0.615,0.230666579085638,2.93,0.325824517434794,16.9260996863878,3.24961925215652,27.6992601942393,2.5,1,TRUE,TRUE,1,SSP5_8_5,passive_AM,experiment2
27,0.631,0.227722585084518,2.95,0.297294195005282,17.3484999616623,3.35639682866709,27.6992601942393,2.5,1,TRUE,TRUE,1,SSP5_8_5,passive_AM,experiment2
28,0.661,0.243250297164684,2.95,0.297294195005282,17.7838229425013,3.46361449642681,27.6992601942393,2.5,1,TRUE,TRUE,1,SSP5_8_5,passive_AM,experiment2
29,0.663,0.229912148351487,2.95,0.297294195005282,18.249018504344,3.59135667314782,27.6992601942393,2.5,1,TRUE,TRUE,1,SSP5_8_5,passive_AM,experiment2
30,0.685,0.220364711468525,2.95,0.297294195005282,18.7161617547432,3.71532068544807,27.6992601942393,2.5,1,TRUE,TRUE,1,SSP5_8_5,passive_AM,experiment2
31,0.712,0.229747335966793,2.96,0.281410588272579,19.2051923864281,3.83741239141365,27.6992601942393,2.5,1,TRUE,TRUE,1,SSP5_8_5,passive_AM,experiment2
32,0.701,0.228077162204356,2.96,0.281410588272579,19.7195951835103,3.96561959687996,27.6992601942393,2.5,1,TRUE,TRUE,1,SSP5_8_5,passive_AM,experiment2
33,0.685,0.226245151742239,2.94,0.342893215995531,20.2229816858073,4.07713802712557,27.6992601942393,2.5,1,TRUE,TRUE,1,SSP5_8_5,passive_AM,experiment2
34,0.683,0.248248409314688,2.92,0.393892771133865,20.7123639756104,4.17861393635365,27.6992601942393,2.5,1,TRUE,TRUE,1,SSP5_8_5,passive_AM,experiment2
35,0.689,0.249805985322671,2.92,0.393892771133865,21.2016973271846,4.25735841904068,27.6992601942393,2.5,1,TRUE,TRUE,1,SSP5_8_5,passive_AM,experiment2
36,0.677,0.248573709166695,2.92,0.393892771133865,21.6969607810843,4.335320978385,27.6992601942393,2.5,1,TRUE,TRUE,1,SSP5_8_5,passive_AM,experiment2
37,0.667,0.236581290618483,2.92,0.393892771133865,22.1802178331243,4.41713757906939,27.6992601942393,2.5,1,TRUE,TRUE,1,SSP5_8_5,passive_AM,experiment2
38,0.672,0.245805211539955,2.92,0.393892771133865,22.6534634929367,4.50312157086827,27.6992601942393,2.5,1,TRUE,TRUE,1,SSP5_8_5,passive_AM,experiment2
39,0.668,0.243244068309336,2.92,0.393892771133865,23.1316428632909,4.61492532541741,27.6992601942393,2.5,1,TRUE,TRUE,1,SSP5_8_5,passive_AM,experiment2
40,0.639,0.234367836590866,2.92,0.393892771133865,23.6057899861047,4.69482053790142,27.6992601942393,2.5,1,TRUE,TRUE,1,SSP5_8_5,passive_AM,experiment2
41,0.608,0.243576051633351,2.9,0.438085827115181,24.0510054682924,4.75419923927621,27.6992601942393,2.5,1,TRUE,TRUE,1,SSP5_8_5,passive_AM,experiment2
42,0.599,0.257217040766365,2.88,0.477366513151884,24.4672950914407,4.83390913662246,27.6992601942393,2.5,1,TRUE,TRUE,1,SSP5_8_5,passive_AM,experiment2
43,0.606,0.24896553653837,2.88,0.477366513151884,24.8765724254371,4.89537933963238,27.6992601942393,2.5,1,TRUE,TRUE,1,SSP5_8_5,passive_AM,experiment2
44,0.564,0.245985956731458,2.85,0.5,25.2927787948237,4.94202898172233,27.6992601942393,2.5,1,TRUE,TRUE,1,SSP5_8_5,passive_AM,experiment2
45,0.526,0.247663832113964,2.79,0.591095541679972,25.6716081893195,4.97111354283707,27.6992601942393,2.5,1,TRUE,TRUE,1,SSP5_8_5,passive_AM,experiment2
46,0.534,0.27678529767692,2.75,0.657128740672771,26.0185433845295,4.99886464632524,27.6992601942393,2.5,1,TRUE,TRUE,1,SSP5_8_5,passive_AM,experiment2
47,0.475,0.305629008618441,2.56,0.832666399786453,26.3763933999031,5.03916872857016,27.6992601942393,2.5,1,TRUE,TRUE,1,SSP5_8_5,passive_AM,experiment2
48,0.407,0.318853691789317,2.4,0.921132372943677,26.6938975431262,5.06119149607797,27.6992601942393,2.5,1,TRUE,TRUE,1,SSP5_8_5,passive_AM,experiment2
49,0.358,0.309505960191301,2.3,0.958744970882205,26.9596189502734,5.10571867862153,27.6992601942393,2.5,1,TRUE,TRUE,1,SSP5_8_5,passive_AM,experiment2
50,0.301,0.306658432037004,2.14,0.995139703912486,27.1865044273575,5.13839861863023,27.6992601942393,2.5,1,TRUE,TRUE,1,SSP5_8_5,passive_AM,experiment2
51,0.24,0.296102630310451,1.89,0.993870101058372,27.3725717144466,5.17714120509957,27.6992601942393,2.5,1,TRUE,TRUE,1,SSP5_8_5,passive_AM,experiment2
52,0.176,0.261356214211698,1.73,0.951925215634934,27.5233009929204,5.21487588442697,27.6992601942393,2.5,1,TRUE,TRUE,1,SSP5_8_5,passive_AM,experiment2
53,0.107,0.202636660458112,1.48,0.858469391981856,27.6272589762838,5.24852250766656,27.6992601942393,2.5,1,TRUE,TRUE,1,SSP5_8_5,passive_AM,experiment2
54,0.072,0.18427033281447,1.27,0.679497734887447,27.6859470879234,5.26891399843498,27.6992601942393,2.5,1,TRUE,TRUE,1,SSP5_8_5,passive_AM,experiment2
55,0.025,0.094681816969503,1.12,0.477366513151884,27.7312020379013,5.28495624649184,27.6992601942393,2.5,1,TRUE,TRUE,1,SSP5_8_5,passive_AM,experiment2
56,0.017,0.0804720919061856,1.08,0.393892771133865,27.7441307306106,5.28991556740067,27.6992601942393,2.5,1,TRUE,TRUE,1,SSP5_8_5,passive_AM,experiment2
57,0.003,0.0222701503353614,1,0,27.7530804689615,5.29458373902982,27.6992601942393,2.5,1,TRUE,TRUE,1,SSP5_8_5,passive_AM,experiment2
58,0,0,1,0,27.7560634167538,5.29424301478004,27.6992601942393,2.5,1,TRUE,TRUE,1,SSP5_8_5,passive_AM,experiment2
59,0,0,1,0,27.7560634167538,5.29424301478004,27.6992601942393,2.5,1,TRUE,TRUE,1,SSP5_8_5,passive_AM,experiment2
60,0,0,1,0,27.7560634167538,5.29424301478004,27.6992601942393,2.5,1,TRUE,TRUE,1,SSP5_8_5,passive_AM,experiment2
61,0,0,1,0,27.7560634167538,5.29424301478004,27.6992601942393,2.5,1,TRUE,TRUE,1,SSP5_8_5,passive_AM,experiment2
62,0,0,1,0,27.7560634167538,5.29424301478004,27.6992601942393,2.5,1,TRUE,TRUE,1,SSP5_8_5,passive_AM,experiment2
63,0,0,1,0,27.7560634167538,5.29424301478004,27.6992601942393,2.5,1,TRUE,TRUE,1,SSP5_8_5,passive_AM,experiment2
64,0,0,1,0,27.7560634167538,5.29424301478004,27.6992601942393,2.5,1,TRUE,TRUE,1,SSP5_8_5,passive_AM,experiment2
65,0,0,1,0,27.7560634167538,5.29424301478004,27.6992601942393,2.5,1,TRUE,TRUE,1,SSP5_8_5,passive_AM,experiment2
66,0,0,1,0,27.7560634167538,5.29424301478004,27.6992601942393,2.5,1,TRUE,TRUE,1,SSP5_8_5,passive_AM,experiment2
67,0,0,1,0,27.7560634167538,5.29424301478004,27.6992601942393,2.5,1,TRUE,TRUE,1,SSP5_8_5,passive_AM,experiment2
68,0,0,1,0,27.7560634167538,5.29424301478004,27.6992601942393,2.5,1,TRUE,TRUE,1,SSP5_8_5,passive_AM,experiment2
69,0,0,1,0,27.7560634167538,5.29424301478004,27.6992601942393,2.5,1,TRUE,TRUE,1,SSP5_8_5,passive_AM,experiment2
70,0,0,1,0,27.7560634167538,5.29424301478004,27.6992601942393,2.5,1,TRUE,TRUE,1,SSP5_8_5,passive_AM,experiment2
71,0,0,1,0,27.7560634167538,5.29424301478004,27.6992601942393,2.5,1,TRUE,TRUE,1,SSP5_8_5,passive_AM,experiment2
72,0,0,1,0,27.7560634167538,5.29424301478004,27.6992601942393,2.5,1,TRUE,TRUE,1,SSP5_8_5,passive_AM,experiment2
73,0,0,1,0,27.7560634167538,5.29424301478004,27.6992601942393,2.5,1,TRUE,TRUE,1,SSP5_8_5,passive_AM,experiment2
74,0,0,1,0,27.7560634167538,5.29424301478004,27.6992601942393,2.5,1,TRUE,TRUE,1,SSP5_8_5,passive_AM,experiment2
75,0,0,1,0,27.7560634167538,5.29424301478004,27.6992601942393,2.5,1,TRUE,TRUE,1,SSP5_8_5,passive_AM,experiment2
76,0,0,1,0,27.7560634167538,5.29424301478004,27.6992601942393,2.5,1,TRUE,TRUE,1,SSP5_8_5,passive_AM,experiment2
77,0,0,1,0,27.7560634167538,5.29424301478004,27.6992601942393,2.5,1,TRUE,TRUE,1,SSP5_8_5,passive_AM,experiment2
78,0,0,1,0,27.7560634167538,5.29424301478004,27.6992601942393,2.5,1,TRUE,TRUE,1,SSP5_8_5,passive_AM,experiment2
79,0,0,1,0,27.7560634167538,5.29424301478004,27.6992601942393,2.5,1,TRUE,TRUE,1,SSP5_8_5,passive_AM,experiment2
80,0,0,1,0,27.7560634167538,5.29424301478004,27.6992601942393,2.5,1,TRUE,TRUE,1,SSP5_8_5,passive_AM,experiment2
81,0,0,1,0,27.7560634167538,5.29424301478004,27.6992601942393,2.5,1,TRUE,TRUE,1,SSP5_8_5,passive_AM,experiment2
82,0,0,1,0,27.7560634167538,5.29424301478004,27.6992601942393,2.5,1,TRUE,TRUE,1,SSP5_8_5,passive_AM,experiment2
83,0,0,1,0,27.7560634167538,5.29424301478004,27.6992601942393,2.5,1,TRUE,TRUE,1,SSP5_8_5,passive_AM,experiment2
0,1,0,2,0,0,0,48.2893637392202,1,2.5,TRUE,TRUE,1,SSP5_8_5,passive_AM,experiment2
1,0.844,0.139494035207911,2,0,0.95,0,48.2893637392202,1,2.5,TRUE,TRUE,1,SSP5_8_5,passive_AM,experiment2
2,0.812,0.164703590511175,2,0,1.7439206,0.13948008580439,48.2893637392202,1,2.5,TRUE,TRUE,1,SSP5_8_5,passive_AM,experiment2
3,0.773,0.166275298067617,2,0,2.50576820762,0.267879673259552,48.2893637392202,1,2.5,TRUE,TRUE,1,SSP5_8_5,passive_AM,experiment2
4,0.744,0.19864185323991,2,0,3.22855132930928,0.39388607288445,48.2893637392202,1,2.5,TRUE,TRUE,1,SSP5_8_5,passive_AM,experiment2
5,0.736,0.190967763951634,2,0,3.9222737709465,0.499939644746947,48.2893637392202,1,2.5,TRUE,TRUE,1,SSP5_8_5,passive_AM,experiment2
6,0.736,0.196185852927495,2,0,4.60793083953964,0.623259853738013,48.2893637392202,1,2.5,TRUE,TRUE,1,SSP5_8_5,passive_AM,experiment2
7,0.737,0.203333333333333,2,0,5.29351934242592,0.749440732081311,48.2893637392202,1,2.5,TRUE,TRUE,1,SSP5_8_5,passive_AM,experiment2
8,0.721,0.213813380348756,2,0,5.98003858667188,0.870043920122432,48.2893637392202,1,2.5,TRUE,TRUE,1,SSP5_8_5,passive_AM,experiment2
9,0.716,0.220980368431956,1.99,0.1,6.65050197451431,0.998731666553648,48.2893637392202,1,2.5,TRUE,TRUE,1,SSP5_8_5,passive_AM,experiment2
10,0.728,0.227005094945715,1.99,0.1,7.31640236439833,1.13270747276455,48.2893637392202,1,2.5,TRUE,TRUE,1,SSP5_8_5,passive_AM,experiment2
11,0.714,0.21082809311969,1.99,0.1,7.99422416964193,1.28495869884993,48.2893637392202,1,2.5,TRUE,TRUE,1,SSP5_8_5,passive_AM,experiment2
12,0.73,0.217190508935628,1.99,0.1,8.65799358500731,1.4199656465351,48.2893637392202,1,2.5,TRUE,TRUE,1,SSP5_8_5,passive_AM,experiment2
13,0.739,0.225583418690024,1.99,0.1,9.33767743398763,1.55305183826114,48.2893637392202,1,2.5,TRUE,TRUE,1,SSP5_8_5,passive_AM,experiment2
14,0.725,0.221279566306169,1.99,0.1,10.0262816216005,1.68839934552967,48.2893637392202,1,2.5,TRUE,TRUE,1,SSP5_8_5,passive_AM,experiment2
15,0.721,0.223514173730853,1.99,0.1,10.7008365360597,1.80450006644605,48.2893637392202,1,2.5,TRUE,TRUE,1,SSP5_8_5,passive_AM,experiment2
16,0.699,0.203253834433993,1.99,0.1,11.3713299908292,1.91733713479469,48.2893637392202,1,2.5,TRUE,TRUE,1,SSP5_8_5,passive_AM,experiment2
17,0.685,0.201195919391517,1.99,0.1,12.0197915698656,2.03596155784562,48.2893637392202,1,2.5,TRUE,TRUE,1,SSP5_8_5,passive_AM,experiment2
18,0.692,0.21540659228538,1.99,0.1,12.6542120837136,2.15220762744501,48.2893637392202,1,2.5,TRUE,TRUE,1,SSP5_8_5,passive_AM,experiment2
19,0.707,0.228413500635858,1.98,0.14070529413629,13.2955565662146,2.25501153871613,48.2893637392202,1,2.5,TRUE,TRUE,1,SSP5_8_5,passive_AM,experiment2
20,0.698,0.224724297976454,1.98,0.14070529413629,13.9523074907572,2.37789256355876,48.2893637392202,1,2.5,TRUE,TRUE,1,SSP5_8_5,passive_AM,experiment2
21,0.69,0.221792513832003,1.98,0.14070529413629,14.6000107231177,2.49662180161346,48.2893637392202,1,2.5,TRUE,TRUE,1,SSP5_8_5,passive_AM,experiment2
22,0.69,0.224957908520818,1.98,0.14070529413629,15.2396659683655,2.61876795606143,48.2893637392202,1,2.5,TRUE,TRUE,1,SSP5_8_5,passive_AM,experiment2
23,0.695,0.228024010786034,2.11,0.373219679669936,15.8792572480888,2.73939967854148,48.2893637392202,1,2.5,TRUE,TRUE,1,SSP5_8_5,passive_AM,experiment2
24,0.701,0.228077162204356,2.39,0.529817959970281,16.5043178820249,2.88149191438124,48.2893637392202,1,2.5,TRUE,TRUE,1,SSP5_8_5,passive_AM,experiment2
25,0.699,0.228519609927052,2.62,0.527620922996651,17.0934023106103,3.04781734965616,48.2893637392202,1,2.5,TRUE,TRUE,1,SSP5_8_5,passive_AM,experiment2
26,0.711,0.231331237437017,2.74,0.484507455822379,17.6460189713368,3.21298133336647,48.2893637392202,1,2.5,TRUE,TRUE,1,SSP5_8_5,passive_AM,experiment2
27,0.727,0.226012871717117,2.8,0.449466574975495,18.1925959509128,3.35841758042528,48.2893637392202,1,2.5,TRUE,TRUE,1,SSP5_8_5,passive_AM,experiment2
28,0.697,0.227616104239333,2.82,0.435310176190437,18.7460993973404,3.48738035495654,48.2893637392202,1,2.5,TRUE,TRUE,1,SSP5_8_5,passive_AM,experiment2
29,0.691,0.238723456930585,2.86,0.402517331328978,19.2666397687914,3.61454944663408,48.2893637392202,1,2.5,TRUE,TRUE,1,SSP5_8_5,passive_AM,experiment2
30,0.69,0.23419753382238,2.85,0.457816513022367,19.7751628375291,3.71229399397089,48.2893637392202,1,2.5,TRUE,TRUE,1,SSP5_8_5,passive_AM,experiment2
31,0.703,0.247188228283671,2.84,0.506921785850339,20.282139547441,3.81303846304399,48.2893637392202,1,2.5,TRUE,TRUE,1,SSP5_8_5,passive_AM,experiment2
32,0.692,0.248095778181563,2.86,0.471832875737016,20.8015268677507,3.92554045861508,48.2893637392202,1,2.5,TRUE,TRUE,1,SSP5_8_5,passive_AM,experiment2
33,0.682,0.257171875867821,2.84,0.486587789373795,21.3079037849129,4.0431510693514,48.2893637392202,1,2.5,TRUE,TRUE,1,SSP5_8_5,passive_AM,experiment2
34,0.668,0.248989878501034,2.89,0.399368187885502,21.8072531274615,4.15822404627989,48.2893637392202,1,2.5,TRUE,TRUE,1,SSP5_8_5,passive_AM,experiment2
35,0.666,0.260620859340215,2.83,0.513553671720273,22.2871187257974,4.26837423254864,48.2893637392202,1,2.5,TRUE,TRUE,1,SSP5_8_5,passive_AM,experiment2
36,0.657,0.259469155053626,2.83,0.513553671720273,22.7709223613474,4.39984888526142,48.2893637392202,1,2.5,TRUE,TRUE,1,SSP5_8_5,passive_AM,experiment2
37,0.638,0.249354722790201,2.86,0.471832875737016,23.2457099598979,4.53949134861596,48.2893637392202,1,2.5,TRUE,TRUE,1,SSP5_8_5,passive_AM,experiment2
38,0.643,0.235811515213042,2.85,0.479372485441102,23.6980331800134,4.66575245939334,48.2893637392202,1,2.5,TRUE,TRUE,1,SSP5_8_5,passive_AM,experiment2
39,0.645,0.24797156891446,2.88,0.432983541805861,24.156786513447,4.78139346752541,48.2893637392202,1,2.5,TRUE,TRUE,1,SSP5_8_5,passive_AM,experiment2
40,0.653,0.240561212521256,2.87,0.441645225322889,24.613999810446,4.86192724585733,48.2893637392202,1,2.5,TRUE,TRUE,1,SSP5_8_5,passive_AM,experiment2
41,0.672,0.236591964309352,2.89,0.423906793643331,25.0806294601215,4.94165463201932,48.2893637392202,1,2.5,TRUE,TRUE,1,SSP5_8_5,passive_AM,experiment2
42,0.696,0.244503206894753,2.86,0.449915817041635,25.5631469778616,5.01953178229327,48.2893637392202,1,2.5,TRUE,TRUE,1,SSP5_8_5,passive_AM,experiment2
43,0.699,0.250452116433986,2.86,0.449915817041635,26.0739967889081,5.10697515064974,48.2893637392202,1,2.5,TRUE,TRUE,1,SSP5_8_5,passive_AM,experiment2
44,0.702,0.255832963182044,2.88,0.432983541805861,26.5877826420265,5.19429930190376,48.2893637392202,1,2.5,TRUE,TRUE,1,SSP5_8_5,passive_AM,experiment2
45,0.699,0.254849926130036,2.88,0.432983541805861,27.1015171165596,5.27550106332932,48.2893637392202,1,2.5,TRUE,TRUE,1,SSP5_8_5,passive_AM,experiment2
46,0.683,0.244145593257529,2.89,0.423906793643331,27.6122136879878,5.35407681501158,48.2893637392202,1,2.5,TRUE,TRUE,1,SSP5_8_5,passive_AM,experiment2
47,0.672,0.251893836864869,2.86,0.449915817041635,28.1054395088991,5.43494353398164,48.2893637392202,1,2.5,TRUE,TRUE,1,SSP5_8_5,passive_AM,experiment2
48,0.68,0.261309831967395,2.79,0.518252697615612,28.5921464870687,5.54007616941417,48.2893637392202,1,2.5,TRUE,TRUE,1,SSP5_8_5,passive_AM,experiment2
49,0.663,0.246041386023497,2.79,0.518252697615612,29.0962209916381,5.65620284164558,48.2893637392202,1,2.5,TRUE,TRUE,1,SSP5_8_5,passive_AM,experiment2
50,0.652,0.253652112034168,2.78,0.523778039195454,29.58332818915,5.7478968960448,48.2893637392202,1,2.5,TRUE,TRUE,1,SSP5_8_5,passive_AM,experiment2
51,0.612,0.257917064424229,2.71,0.573752489486468,30.060934059753,5.83503125072259,48.2893637392202,1,2.5,TRUE,TRUE,1,SSP5_8_5,passive_AM,experiment2
52,0.616,0.262743874208978,2.63,0.613896316057269,30.5081473315284,5.95013312472098,48.2893637392202,1,2.5,TRUE,TRUE,1,SSP5_8_5,passive_AM,experiment2
53,0.607,0.262565047255731,2.52,0.627323962188082,30.9702380805455,6.07024602051084,48.2893637392202,1,2.5,TRUE,TRUE,1,SSP5_8_5,passive_AM,experiment2
54,0.598,0.251452347032759,2.56,0.608359277155375,31.4397429736622,6.17665201434875,48.2893637392202,1,2.5,TRUE,TRUE,1,SSP5_8_5,passive_AM,experiment2
55,0.613,0.25252462626185,2.45,0.625630994607957,31.8952763162965,6.30289795462058,48.2893637392202,1,2.5,TRUE,TRUE,1,SSP5_8_5,passive_AM,experiment2
56,0.589,0.256981310486568,2.49,0.65897073094518,32.3810968077223,6.43881331185867,48.2893637392202,1,2.5,TRUE,TRUE,1,SSP5_8_5,passive_AM,experiment2
57,0.571,0.264496854156313,2.39,0.764027076573451,32.8350474251849,6.57652353833484,48.2893637392202,1,2.5,TRUE,TRUE,1,SSP5_8_5,passive_AM,experiment2
58,0.555,0.266050424323714,2.29,0.807727826946826,33.2780151723471,6.69256992766025,48.2893637392202,1,2.5,TRUE,TRUE,1,SSP5_8_5,passive_AM,experiment2
59,0.566,0.280410953834373,2.26,0.824131008512554,33.7149733237396,6.7885364195611,48.2893637392202,1,2.5,TRUE,TRUE,1,SSP5_8_5,passive_AM,experiment2
60,0.559,0.271953278815656,2.16,0.849479935970333,34.1653083598636,6.89099211682831,48.2893637392202,1,2.5,TRUE,TRUE,1,SSP5_8_5,passive_AM,experiment2
61,0.558,0.281116101684451,2.07,0.843932593411478,34.6185804154815,6.98787928541639,48.2893637392202,1,2.5,TRUE,TRUE,1,SSP5_8_5,passive_AM,experiment2
62,0.552,0.278335601514982,2.04,0.90921211313239,35.0812493674024,7.08206412212547,48.2893637392202,1,2.5,TRUE,TRUE,1,SSP5_8_5,passive_AM,experiment2
63,0.517,0.267443942960506,2.04,0.941951552508263,35.5354245920141,7.16497846944441,48.2893637392202,1,2.5,TRUE,TRUE,1,SSP5_8_5,passive_AM,experiment2
64,0.509,0.280005411203124,1.98,0.931816949986867,35.9517930584701,7.25317534030359,48.2893637392202,1,2.5,TRUE,TRUE,1,SSP5_8_5,passive_AM,experiment2
65,0.507,0.274967399353216,1.88,0.913202821907266,36.3671262679611,7.34140327707934,48.2893637392202,1,2.5,TRUE,TRUE,1,SSP5_8_5,passive_AM,experiment2
66,0.5,0.275973941091575,1.86,0.932250454057765,36.7913596309386,7.43448667298892,48.2893637392202,1,2.5,TRUE,TRUE,1,SSP5_8_5,passive_AM,experiment2
67,0.488,0.27053258359739,1.82,0.936142957225891,37.2085966207497,7.54571304444289,48.2893637392202,1,2.5,TRUE,TRUE,1,SSP5_8_5,passive_AM,experiment2
68,0.481,0.272546910057366,1.71,0.902241876682968,37.6168519883022,7.65991341689211,48.2893637392202,1,2.5,TRUE,TRUE,1,SSP5_8_5,passive_AM,experiment2
69,0.469,0.263502055652956,1.64,0.91585363393278,38.0295360326028,7.77932661629729,48.2893637392202,1,2.5,TRUE,TRUE,1,SSP5_8_5,passive_AM,experiment2
70,0.458,0.255911916664522,1.61,0.908934329949978,38.4337372595336,7.88793893060847,48.2893637392202,1,2.5,TRUE,TRUE,1,SSP5_8_5,passive_AM,experiment2
71,0.461,0.26357871191304,1.49,0.846800275785682,38.8294573615311,7.99547180362499,48.2893637392202,1,2.5,TRUE,TRUE,1,SSP5_8_5,passive_AM,experiment2
72,0.469,0.271060394328897,1.41,0.805222850137674,39.2400317634127,8.11419396281313,48.2893637392202,1,2.5,TRUE,TRUE,1,SSP5_8_5,passive_AM,experiment2
73,0.46,0.262081797702299,1.4,0.80403025220737,39.665457490361,8.24776597137473,48.2893637392202,1,2.5,TRUE,TRUE,1,SSP5_8_5,passive_AM,experiment2
74,0.457,0.258298629144991,1.24,0.653197264742181,40.0824025018843,8.36786857579532,48.2893637392202,1,2.5,TRUE,TRUE,1,SSP5_8_5,passive_AM,experiment2
75,0.448,0.260721609337925,1.1,0.438085827115181,40.5122099691953,8.49667856016351,48.2893637392202,1,2.5,TRUE,TRUE,1,SSP5_8_5,passive_AM,experiment2
76,0.424,0.235753680734359,1.12,0.477366513151884,40.9469370941725,8.62292434595038,48.2893637392202,1,2.5,TRUE,TRUE,1,SSP5_8_5,passive_AM,experiment2
77,0.425,0.252412601135762,1.02,0.2,41.3558176072616,8.75195096129446,48.2893637392202,1,2.5,TRUE,TRUE,1,SSP5_8_5,passive_AM,experiment2
78,0.422,0.254089779726805,1,0,41.7755728533564,8.89267125891287,48.2893637392202,1,2.5,TRUE,TRUE,1,SSP5_8_5,passive_AM,experiment2
79,0.421,0.261423840233488,1,0,42.1942938939724,9.01653723684499,48.2893637392202,1,2.5,TRUE,TRUE,1,SSP5_8_5,passive_AM,experiment2
80,0.404,0.251026176750835,1,0,42.6119809317533,9.15293528321978,48.2893637392202,1,2.5,TRUE,TRUE,1,SSP5_8_5,passive_AM,experiment2
81,0.391,0.232289874636382,1,0,43.0127616650245,9.28714412521106,48.2893637392202,1,2.5,TRUE,TRUE,1,SSP5_8_5,passive_AM,experiment2
82,0.394,0.23519602827678,1,0,43.4006072001293,9.42227255301669,48.2893637392202,1,2.5,TRUE,TRUE,1,SSP5_8_5,passive_AM,experiment2
83,0.406,0.241552219504344,1,0,43.7913894500455,9.55989458391351,48.2893637392202,1,2.5,TRUE,TRUE,1,SSP5_8_5,passive_AM,experiment2
0,1,0,2,0,0,0,49.970207781153,2.5,2.5,TRUE,TRUE,1,SSP5_8_5,passive_AM,experiment2
1,0.879,0.109447649032713,2,0,0.95,0,49.970207781153,2.5,2.5,TRUE,TRUE,1,SSP5_8_5,passive_AM,experiment2
2,0.842,0.160919077473584,1.99,0.1,1.7789171,0.10943670426781,49.970207781153,2.5,2.5,TRUE,TRUE,1,SSP5_8_5,passive_AM,experiment2
3,0.788,0.184926958007695,1.99,0.1,2.571258607925,0.20387435956253,49.970207781153,2.5,2.5,TRUE,TRUE,1,SSP5_8_5,passive_AM,experiment2
4,0.754,0.186634196310117,1.99,0.1,3.30953708007926,0.337918897550915,49.970207781153,2.5,2.5,TRUE,TRUE,1,SSP5_8_5,passive_AM,experiment2
5,0.742,0.177627461704307,1.99,0.1,4.01375532234644,0.475069810913821,49.970207781153,2.5,2.5,TRUE,TRUE,1,SSP5_8_5,passive_AM,experiment2
6,0.745,0.186609839834968,1.99,0.1,4.70590914158952,0.598320192569658,49.970207781153,2.5,2.5,TRUE,TRUE,1,SSP5_8_5,passive_AM,experiment2
7,0.731,0.210672324434958,1.99,0.1,5.40099194590061,0.715320229603848,49.970207781153,2.5,2.5,TRUE,TRUE,1,SSP5_8_5,passive_AM,experiment2
8,0.723,0.202437170699474,1.99,0.1,6.08201503899176,0.851195086891198,49.970207781153,2.5,2.5,TRUE,TRUE,1,SSP5_8_5,passive_AM,experiment2
9,0.748,0.193573518516111,1.99,0.1,6.75497642753405,0.98061490359689,49.970207781153,2.5,2.5,TRUE,TRUE,1,SSP5_8_5,passive_AM,experiment2
10,0.732,0.191685769798998,1.99,0.1,7.45284802893538,1.10740478013937,49.970207781153,2.5,2.5,TRUE,TRUE,1,SSP5_8_5,passive_AM,experiment2
11,0.735,0.183883472104296,1.99,0.1,8.1346658359785,1.22010530290206,49.970207781153,2.5,2.5,TRUE,TRUE,1,SSP5_8_5,passive_AM,experiment2
12,0.725,0.182781538753483,1.99,0.1,8.81941216289041,1.32211734866778,49.970207781153,2.5,2.5,TRUE,TRUE,1,SSP5_8_5,passive_AM,experiment2
13,0.738,0.173368294842412,1.99,0.1,9.49410200857184,1.42113023621146,49.970207781153,2.5,2.5,TRUE,TRUE,1,SSP5_8_5,passive_AM,experiment2
14,0.731,0.198832450657189,1.99,0.1,10.181707495405,1.51437589336802,49.970207781153,2.5,2.5,TRUE,TRUE,1,SSP5_8_5,passive_AM,experiment2
15,0.747,0.199724557803739,1.99,0.1,10.862254015322,1.59856709945139,49.970207781153,2.5,2.5,TRUE,TRUE,1,SSP5_8_5,passive_AM,experiment2
16,0.761,0.200451510547584,1.99,0.1,11.5587084973797,1.69024652522066,49.970207781153,2.5,2.5,TRUE,TRUE,1,SSP5_8_5,passive_AM,experiment2
17,0.766,0.173624464132951,1.99,0.1,12.2690709507814,1.78841414704623,49.970207781153,2.5,2.5,TRUE,TRUE,1,SSP5_8_5,passive_AM,experiment2
18,0.753,0.195119750849875,1.99,0.1,12.9843538747343,1.87879147878966,49.970207781153,2.5,2.5,TRUE,TRUE,1,SSP5_8_5,passive_AM,experiment2
19,0.746,0.173158419904544,1.99,0.1,13.6865886505155,1.97724463397821,49.970207781153,2.5,2.5,TRUE,TRUE,1,SSP5_8_5,passive_AM,experiment2
20,0.716,0.207301079046245,1.98,0.14070529413629,14.3817664908559,2.05980370116807,49.970207781153,2.5,2.5,TRUE,TRUE,1,SSP5_8_5,passive_AM,experiment2
21,0.71,0.20572610996962,1.98,0.14070529413629,15.0474337573958,2.12739452371864,49.970207781153,2.5,2.5,TRUE,TRUE,1,SSP5_8_5,passive_AM,experiment2
22,0.717,0.216983451400834,1.98,0.14070529413629,15.7070470446171,2.19132873374766,49.970207781153,2.5,2.5,TRUE,TRUE,1,SSP5_8_5,passive_AM,experiment2
23,0.714,0.216967157594756,2.11,0.373219679669936,16.3735789866688,2.26617522163663,49.970207781153,2.5,2.5,TRUE,TRUE,1,SSP5_8_5,passive_AM,experiment2
24,0.711,0.207386332503111,2.43,0.536637492148842,17.0175959686412,2.34689359135748,49.970207781153,2.5,2.5,TRUE,TRUE,1,SSP5_8_5,passive_AM,experiment2
25,0.718,0.205667182357784,2.63,0.525222415609412,17.6106708082586,2.43392724852685,49.970207781153,2.5,2.5,TRUE,TRUE,1,SSP5_8_5,passive_AM,experiment2
26,0.701,0.214379536939946,2.76,0.47396884353981,18.1807437714449,2.54089426905484,49.970207781153,2.5,2.5,TRUE,TRUE,1,SSP5_8_5,passive_AM,experiment2
27,0.697,0.21716957950557,2.79,0.456048021572069,18.7143545088047,2.63562243933778,49.970207781153,2.5,2.5,TRUE,TRUE,1,SSP5_8_5,passive_AM,experiment2
28,0.707,0.224398185051808,2.81,0.442559132612339,19.2394348052806,2.7445654906442,49.970207781153,2.5,2.5,TRUE,TRUE,1,SSP5_8_5,passive_AM,experiment2
29,0.677,0.212182025914572,2.85,0.411329453348431,19.7714430201639,2.85906864716842,49.970207781153,2.5,2.5,TRUE,TRUE,1,SSP5_8_5,passive_AM,experiment2
30,0.698,0.221099182460832,2.82,0.50010099990003,20.2675022881972,2.96378667971756,49.970207781153,2.5,2.5,TRUE,TRUE,1,SSP5_8_5,passive_AM,experiment2
31,0.696,0.217385753113137,2.83,0.493493012650993,20.7859445480875,3.07691010965638,49.970207781153,2.5,2.5,TRUE,TRUE,1,SSP5_8_5,passive_AM,experiment2
32,0.685,0.228024010786034,2.81,0.544856574585172,21.3008457974924,3.18032835290958,49.970207781153,2.5,2.5,TRUE,TRUE,1,SSP5_8_5,passive_AM,experiment2
33,0.681,0.231243891538214,2.84,0.46536615322309,21.805727507222,3.29730235991167,49.970207781153,2.5,2.5,TRUE,TRUE,1,SSP5_8_5,passive_AM,experiment2
34,0.684,0.22505667075318,2.84,0.46536615322309,22.3050768497706,3.3975891307466,49.970207781153,2.5,2.5,TRUE,TRUE,1,SSP5_8_5,passive_AM,experiment2
35,0.699,0.221790236689781,2.84,0.46536615322309,22.807366074197,3.51677148971699,49.970207781153,2.5,2.5,TRUE,TRUE,1,SSP5_8_5,passive_AM,experiment2
36,0.729,0.230631544006688,2.83,0.493493012650993,23.3245526588529,3.6276494218129,49.970207781153,2.5,2.5,TRUE,TRUE,1,SSP5_8_5,passive_AM,experiment2
37,0.713,0.227704841734854,2.84,0.486587789373795,23.8720779167827,3.76163485221844,49.970207781153,2.5,2.5,TRUE,TRUE,1,SSP5_8_5,passive_AM,experiment2
38,0.721,0.231505830369236,2.85,0.457816513022367,24.4021130557725,3.87665820792574,49.970207781153,2.5,2.5,TRUE,TRUE,1,SSP5_8_5,passive_AM,experiment2
39,0.718,0.237571892361879,2.85,0.435194139889245,24.9395667439103,3.98382302660564,49.970207781153,2.5,2.5,TRUE,TRUE,1,SSP5_8_5,passive_AM,experiment2
40,0.705,0.223550324255519,2.85,0.435194139889245,25.4749744718775,4.11783490855006,49.970207781153,2.5,2.5,TRUE,TRUE,1,SSP5_8_5,passive_AM,experiment2
41,0.717,0.222045131457639,2.85,0.435194139889245,25.9973805578002,4.24838209732727,49.970207781153,2.5,2.5,TRUE,TRUE,1,SSP5_8_5,passive_AM,experiment2
42,0.73,0.225854158717746,2.85,0.435194139889245,26.5316853013866,4.36874876433366,49.970207781153,2.5,2.5,TRUE,TRUE,1,SSP5_8_5,passive_AM,experiment2
43,0.723,0.219666873591662,2.85,0.435194139889245,27.0788821262795,4.48413233927483,49.970207781153,2.5,2.5,TRUE,TRUE,1,SSP5_8_5,passive_AM,experiment2
44,0.729,0.219409215942275,2.82,0.45792681696639,27.6190542683662,4.59092818901346,49.970207781153,2.5,2.5,TRUE,TRUE,1,SSP5_8_5,passive_AM,experiment2
45,0.714,0.228309554169887,2.84,0.443129367525598,28.1696262924297,4.69046419958577,49.970207781153,2.5,2.5,TRUE,TRUE,1,SSP5_8_5,passive_AM,experiment2
46,0.705,0.231104069434294,2.85,0.435194139889245,28.702224081346,4.79246778118442,49.970207781153,2.5,2.5,TRUE,TRUE,1,SSP5_8_5,passive_AM,experiment2
47,0.714,0.219282576792705,2.81,0.464823198711732,29.2243168019677,4.8825106726605,49.970207781153,2.5,2.5,TRUE,TRUE,1,SSP5_8_5,passive_AM,experiment2
48,0.704,0.204455423508451,2.79,0.477683805651624,29.7612869752243,4.95965842200835,49.970207781153,2.5,2.5,TRUE,TRUE,1,SSP5_8_5,passive_AM,experiment2
49,0.733,0.216050405641317,2.78,0.504124403437697,30.2912369726245,5.04769510473045,49.970207781153,2.5,2.5,TRUE,TRUE,1,SSP5_8_5,passive_AM,experiment2
50,0.729,0.229313864571788,2.76,0.514830559553826,30.8504897714022,5.14466106156382,49.970207781153,2.5,2.5,TRUE,TRUE,1,SSP5_8_5,passive_AM,experiment2
51,0.709,0.232289874636382,2.65,0.557320429022713,31.4086916326695,5.25480681737148,49.970207781153,2.5,2.5,TRUE,TRUE,1,SSP5_8_5,passive_AM,experiment2
52,0.715,0.222190654323459,2.55,0.575159178669767,31.9633554791984,5.36704578995983,49.970207781153,2.5,2.5,TRUE,TRUE,1,SSP5_8_5,passive_AM,experiment2
53,0.7,0.220651011071485,2.46,0.575948931518387,32.5388549373392,5.47686568763737,49.970207781153,2.5,2.5,TRUE,TRUE,1,SSP5_8_5,passive_AM,experiment2
54,0.68,0.233981782939345,2.43,0.590411600991934,33.1128047748993,5.58570811531987,49.970207781153,2.5,2.5,TRUE,TRUE,1,SSP5_8_5,passive_AM,experiment2
55,0.657,0.213321495883703,2.49,0.594503442743895,33.6702860817694,5.68897043040153,49.970207781153,2.5,2.5,TRUE,TRUE,1,SSP5_8_5,passive_AM,experiment2
56,0.644,0.218498087271752,2.52,0.594248528085104,34.1958871661472,5.78216515426953,49.970207781153,2.5,2.5,TRUE,TRUE,1,SSP5_8_5,passive_AM,experiment2
57,0.635,0.218523511898663,2.52,0.611010092660779,34.704033421401,5.86235940744883,49.970207781153,2.5,2.5,TRUE,TRUE,1,SSP5_8_5,passive_AM,experiment2
58,0.653,0.224037785413375,2.46,0.642281287696639,35.2021857027215,5.93710408733239,49.970207781153,2.5,2.5,TRUE,TRUE,1,SSP5_8_5,passive_AM,experiment2
59,0.639,0.2112468994453,2.55,0.657128740672771,35.7251435812936,6.00317351016266,49.970207781153,2.5,2.5,TRUE,TRUE,1,SSP5_8_5,passive_AM,experiment2
60,0.615,0.212904398330055,2.56,0.700937323384289,36.219716827368,6.07497499489121,49.970207781153,2.5,2.5,TRUE,TRUE,1,SSP5_8_5,passive_AM,experiment2
61,0.602,0.21694853460364,2.55,0.729950876996722,36.6859111126416,6.12867297474264,49.970207781153,2.5,2.5,TRUE,TRUE,1,SSP5_8_5,passive_AM,experiment2
62,0.619,0.225045449955014,2.5,0.74535599249993,37.1386408819219,6.20723020592574,49.970207781153,2.5,2.5,TRUE,TRUE,1,SSP5_8_5,passive_AM,experiment2
63,0.643,0.244641564231213,2.44,0.782639925205233,37.6146801217228,6.3010063553349,49.970207781153,2.5,2.5,TRUE,TRUE,1,SSP5_8_5,passive_AM,experiment2
64,0.616,0.228619042659763,2.52,0.797470749281499,38.1204833423102,6.39381086706707,49.970207781153,2.5,2.5,TRUE,TRUE,1,SSP5_8_5,passive_AM,experiment2
65,0.642,0.251130776024498,2.39,0.839612705328769,38.5864911778396,6.47998247018982,49.970207781153,2.5,2.5,TRUE,TRUE,1,SSP5_8_5,passive_AM,experiment2
66,0.623,0.251000020121533,2.44,0.844710218675821,39.0936835239755,6.58350257099671,49.970207781153,2.5,2.5,TRUE,TRUE,1,SSP5_8_5,passive_AM,experiment2
67,0.614,0.240378489432433,2.45,0.845367650579595,39.5744994836624,6.66698597505913,49.970207781153,2.5,2.5,TRUE,TRUE,1,SSP5_8_5,passive_AM,experiment2
68,0.61,0.240999601827074,2.46,0.845905169363301,40.0448374801007,6.75267443782266,49.970207781153,2.5,2.5,TRUE,TRUE,1,SSP5_8_5,passive_AM,experiment2
69,0.591,0.235742969088682,2.44,0.856584714863261,40.5096657177245,6.84012562834861,49.970207781153,2.5,2.5,TRUE,TRUE,1,SSP5_8_5,passive_AM,experiment2
70,0.581,0.239399501277929,2.37,0.89504810547317,40.9575643745937,6.92519593479977,49.970207781153,2.5,2.5,TRUE,TRUE,1,SSP5_8_5,passive_AM,experiment2
71,0.552,0.239730488404598,2.36,0.91585363393278,41.4019426572635,7.00892332201166,49.970207781153,2.5,2.5,TRUE,TRUE,1,SSP5_8_5,passive_AM,experiment2
72,0.536,0.233774474762548,2.35,0.936089005523848,41.8169852207133,7.10645711903628,49.970207781153,2.5,2.5,TRUE,TRUE,1,SSP5_8_5,passive_AM,experiment2
73,0.54,0.249443825784929,2.18,0.988622140847421,42.2156046591491,7.1923996147559,49.970207781153,2.5,2.5,TRUE,TRUE,1,SSP5_8_5,passive_AM,experiment2
74,0.503,0.235039218734734,2.18,0.988622140847421,42.6345351231083,7.28129726673894,49.970207781153,2.5,2.5,TRUE,TRUE,1,SSP5_8_5,passive_AM,experiment2
75,0.46,0.233116782629296,1.88,0.997775303139718,43.0166964970452,7.35972430444928,49.970207781153,2.5,2.5,TRUE,TRUE,1,SSP5_8_5,passive_AM,experiment2
76,0.455,0.249190608964222,1.54,0.892392086676947,43.3859167949711,7.44918831691239,49.970207781153,2.5,2.5,TRUE,TRUE,1,SSP5_8_5,passive_AM,experiment2
77,0.431,0.23685438564654,1.22,0.62893207547044,43.7838805953322,7.55317768859405,49.970207781153,2.5,2.5,TRUE,TRUE,1,SSP5_8_5,passive_AM,experiment2
78,0.384,0.215893726194396,1,0,44.1897432328091,7.66020652507146,49.970207781153,2.5,2.5,TRUE,TRUE,1,SSP5_8_5,passive_AM,experiment2
79,0.355,0.200693242979872,1,0,44.5707595351706,7.75851297934063,49.970207781153,2.5,2.5,TRUE,TRUE,1,SSP5_8_5,passive_AM,experiment2
80,0.33,0.193061459832685,1,0,44.9229659447008,7.84702377887599,49.970207781153,2.5,2.5,TRUE,TRUE,1,SSP5_8_5,passive_AM,experiment2
81,0.3,0.179223916152985,1,0,45.2503363456401,7.93854401957181,49.970207781153,2.5,2.5,TRUE,TRUE,1,SSP5_8_5,passive_AM,experiment2
82,0.292,0.179606753376887,1,0,45.547916040094,8.0260484844088,49.970207781153,2.5,2.5,TRUE,TRUE,1,SSP5_8_5,passive_AM,experiment2
83,0.274,0.179009621094634,1,0,45.8375313116054,8.10643345984101,49.970207781153,2.5,2.5,TRUE,TRUE,1,SSP5_8_5,passive_AM,experiment2
