0,1,1,0,1,0,1,0,0,0,0,0,1,31
0,2,1,0,1,0,1,0,0,0,0,0,1,31
1,1,0.8715,0.116839211745892,1.107,0.309267920493941,0.893,0.309267920493941,0.107,0.309267920493941,0.95,0,1,31
1,2,0.8718,0.112594127011303,1,0,1,0,0,0,0.95,0,1,31
2,1,0.8103,0.135728892769124,1.208,0.406079919351968,0.792,0.406079919351968,0.208,0.406079919351968,1.77141785,0.116827527824718,1,31
2,2,0.816,0.135729224643856,1,0,1,0,0,0,1.77171782,0.112582867598602,1,31
3,1,0.7737,0.147037171932576,1.292,0.454909818472786,0.708,0.454909818472786,0.292,0.454909818472786,2.531565797603,0.215779719432702,1,31
3,2,0.792,0.154012076538561,1,0,1,0,0,0,2.53756462766,0.212325586147324,1,31
4,1,0.7589,0.158637813764424,1.37,0.483045891539648,0.63,0.483045891539648,0.37,0.483045891539648,3.25504870931328,0.313666365214865,1,31
4,2,0.7573,0.159725458904403,1,0,1,0,0,0,3.27934204991926,0.316115454421001,1,31
5,1,0.7433,0.165839116654101,1.433,0.495738597202958,0.567,0.495738597202958,0.433,0.495738597202958,3.96366519184444,0.415441815197813,1,31
5,2,0.743,0.163700329253786,1,0,1,0,0,0,3.98635917235443,0.422817551718425,1,31
6,1,0.7386,0.165400717644747,1.497,0.500241183071967,0.503,0.500241183071967,0.497,0.500241183071967,4.65661861116751,0.515122954821539,1,31
6,2,0.7308,0.166550590209399,1,0,1,0,0,0,4.6790127416475,0.52606891803946,1,31
7,1,0.7337,0.175171330402538,1.544,0.498309454367778,0.456,0.498309454367778,0.544,0.498309454367778,5.34480555444374,0.612145738404396,1,31
7,2,0.7109,0.173727865845901,1,0,1,0,0,0,5.35940436375388,0.625060818380943,1,31
8,1,0.7264,0.176845453190955,1.587,0.492619197427053,0.411,0.49226143594773,0.587,0.492619197427053,6.02802710799681,0.712570921786505,1,31
8,2,0.6917,0.170264794071176,1,0,0.993,0.0834143750078963,0,0,6.01984187251976,0.722596499236002,1,31
9,1,0.7189,0.179958815219414,1.625,0.48436516143258,0.367,0.482227688487029,0.625,0.48436516143258,6.70398609737893,0.813386967932626,1,31
9,2,0.6739,0.174468419002492,1,0,0.986,0.117549214450024,0,0,6.6613784122578,0.812557511010942,1,31
10,1,0.7157,0.17954315844873,1.658,0.474616962677548,0.334,0.47187568984497,0.658,0.474616962677548,7.37268396827072,0.913219673244997,1,31
10,2,0.6585,0.1762350952813,1,0,0.98,0.140070052543788,0,0,7.28541649706135,0.905231591775679,1,31
11,1,0.711,0.181306017197091,1.688,0.463541660340115,0.298,0.457608353732103,0.688,0.463541660340115,8.0381181679358,1.00672544221275,1,31
11,2,0.6443,0.178604057651021,1,0,0.935,0.246649216167082,0,0,7.89430727126322,0.992249953652692,1,31
12,1,0.7015,0.181771259529087,1.72,0.449223554371097,0.277,0.447740406342192,0.72,0.449223554371097,8.69909066176164,1.10076826825333,1,31
12,2,0.6315,0.180860334126808,1,0,0.964,0.186383311320351,0,0,8.49120029481714,1.07782671454733,1,31
13,1,0.7023,0.186707175999129,1.743,0.437198058255228,0.257,0.437198058255228,0.733,0.44261372200476,9.34995911170731,1.19228784250962,1,31
13,2,0.6088,0.179819061544918,1,0,1,0,0,0,9.07380071966685,1.15983214440248,1,31
14,1,0.699,0.188080765561964,1.778,0.415799096787005,0.222,0.415799096787005,0.762,0.426072221034812,10.0019109807047,1.28336852475547,1,31
14,2,0.5977,0.179211681613746,1,0,1,0,0,0,9.63187471537107,1.23417766641083,1,31
15,1,0.6964,0.193505773775576,1.802,0.398691553653893,0.197,0.397931337480914,0.795,0.403903624814309,10.6508018517862,1.37081556170819,1,31
15,2,0.5818,0.179669254579188,1,0,0.997,0.054717401199198,0,0,10.1788084335788,1.30808733670949,1,31
16,1,0.6997,0.194853477972239,1.817,0.386860001370859,0.175,0.380157229997694,0.811,0.391704521843229,11.296632330632,1.45651561691041,1,31
16,2,0.5558,0.173194562144302,1,0,0.952,0.213873190797121,0,0,10.7099610668843,1.37931335269416,1,31
17,1,0.7059,0.198480690709662,1.833,0.373162498451077,0.153,0.360167628640777,0.827,0.37843653921657,11.9459924707479,1.54066373964748,1,31
17,2,0.5358,0.1749541910586,1,0,0.934,0.248406331855099,0,0,11.2173485564398,1.44516570288484,1,31
18,1,0.6998,0.195545897932425,1.847,0.360167628640777,0.141,0.34819569244929,0.843,0.363982806576744,12.6017766336853,1.63284086674464,1,31
18,2,0.5202,0.185057305195462,1,0,0.912,0.283436653127884,0,0,11.7056177512833,1.51276277150074,1,31
19,1,0.6994,0.198894945132347,1.863,0.344019402576874,0.122,0.327449573557858,0.862,0.345072564941166,13.2512065485727,1.72760774925261,1,31
19,2,0.488,0.180910830877338,1,0,0.9,0.300150112593832,0,0,12.1793641970342,1.58048107777954,1,31
20,1,0.691,0.197884203912688,1.877,0.328601550481703,0.116,0.320385153598987,0.877,0.328601550481703,13.9001722797849,1.82090398426852,1,31
20,2,0.4722,0.182319500877993,1,0,0.917,0.276020265899421,0,0,12.6215232541351,1.64519982424352,1,31
21,1,0.6943,0.199141073531221,1.885,0.319181573523405,0.104,0.305413289293831,0.885,0.319181573523405,14.540240797619,1.91224400390734,1,31
21,2,0.4504,0.180422815609314,1,0,0.892,0.310535718448671,0,0,13.0470213637143,1.70881521515769,1,31
22,1,0.6963,0.205860847877125,1.895,0.306706812883361,0.1,0.300150112593832,0.895,0.306706812883361,15.1837379659468,2.00544174909367,1,31
22,2,0.4252,0.177359568155813,1,0,0.91,0.286324958712967,0,0,13.4519700353548,1.77367610309476,1,31
23,1,0.6992,0.209912894847895,1.904,0.294738648417324,0.089,0.284886223184204,0.904,0.294738648417324,15.8288670484821,2.10360800376871,1,31
23,2,0.4076,0.170620489248365,1,0,0.943,0.231958627355839,0,0,13.8308355718773,1.82812293562558,1,31
24,1,0.7012,0.208667443800182,1.917,0.276020265899421,0.077,0.266724843503829,0.917,0.276020265899421,16.4769247256938,2.20417565721316,1,31
24,2,0.3971,0.173122966591846,1,0,0.936,0.244875404979683,0,0,14.1904574481778,1.88055582151016,1,31
25,1,0.7007,0.203742536111194,1.92,0.271428947744476,0.071,0.256953351846254,0.92,0.271428947744476,17.1268629225158,2.30326482374117,1,31
25,2,0.3788,0.170996490606678,1,0,0.931,0.253580960056751,0,0,14.5399176942972,1.93317431910296,1,31
26,1,0.7074,0.206368185115409,1.925,0.263523138347365,0.067,0.250147103868051,0.925,0.263523138347365,17.776386999469,2.39765384910439,1,31
26,2,0.3645,0.174643208428642,1,0,0.895,0.306706812883361,0,0,14.8713380652834,1.98125658945356,1,31
27,1,0.7089,0.200726383619795,1.932,0.251871871076227,0.061,0.239450070654273,0.932,0.251871871076227,18.4324788556097,2.49009689300322,1,31
27,2,0.3505,0.169553821833949,1,0,0.916,0.277526613176144,0,0,15.19025775364,2.02674497331453,1,31
28,1,0.7088,0.206797788492347,1.941,0.235742602375079,0.051,0.220107808692576,0.941,0.235742602375079,19.0899511926501,2.5782002546621,1,31
28,2,0.342,0.17688212823032,1,0,0.862,0.345072564941166,0,0,15.4941361322463,2.07433314244207,1,31
29,1,0.7127,0.20849983736728,1.947,0.224145580463326,0.043,0.202958597236462,0.947,0.224145580463326,19.7473079222679,2.67234479057799,1,31
29,2,0.3249,0.173724408676991,1,0,0.828,0.377569276502417,0,0,15.7922003411097,2.12651572044768,1,31
30,1,0.7184,0.208194103626363,1.951,0.215976030257169,0.036,0.186383311320351,0.951,0.215976030257169,20.4085873324381,2.76447151536589,1,31
30,2,0.314,0.167726360874289,1,0,0.754,0.430894035314565,0,0,16.0748793410845,2.17681302030581,1,31
31,1,0.7183,0.203952707034515,1.955,0.207407854282373,0.029,0.167890402308134,0.955,0.207407854282373,21.0756330900911,2.86018643907115,1,31
31,2,0.3004,0.160952619567827,1,0,0.688,0.463541660340115,0,0,16.3503516418685,2.22451118745544,1,31
32,1,0.7171,0.204938014017872,1.958,0.200689502157627,0.025,0.156203071030628,0.958,0.200689502157627,21.7426619884006,2.95520215996712,1,31
32,2,0.2956,0.163362564032667,1,0,0.611,0.487767277415077,0,0,16.6155282775737,2.27330328943344,1,31
33,1,0.7162,0.202826770172723,1.96,0.196057232558349,0.018,0.133017644294634,0.96,0.196057232558349,22.408477858122,3.04444085753308,1,31
33,2,0.2921,0.17116333394418,1,0,0.473,0.499520290399219,0,0,16.879731430908,2.32574569271722,1,31
34,1,0.7232,0.203674355880271,1.961,0.193691808077979,0.01,0.0995485304256668,0.961,0.193691808077979,23.0735792878279,3.13468258175767,1,31
34,2,0.2908,0.177839778978121,1,0,0.288,0.45305767983918,0,0,17.1472969618604,2.38106988059068,1,31
35,1,0.7202,0.207159056946287,1.963,0.188856206322871,0.005,0.0705689732104696,0.963,0.188856206322871,23.7459392585804,3.22047466163408,1,31
35,2,0.2828,0.175769892345234,1,0,0.141,0.34819569244929,0,0,17.4227587508117,2.44467025477866,1,31
36,1,0.7171,0.20356578550687,1.963,0.188856206322871,0,0,0.963,0.188856206322871,24.415391951397,3.29962899937746,1,31
36,2,0.2804,0.178459204547391,1,0,0.074,0.261901875885975,0,0,17.6975452647209,2.50342337287147,1,31
37,1,0.7223,0.205657494405152,1.963,0.188856206322871,0.004,0.0631505185092568,0.963,0.188856206322871,25.0819379410097,3.37779634639803,1,31
37,2,0.2728,0.172249324613567,1,0,0.058,0.233860408557521,0,0,17.9732508859568,2.56758017151771,1,31
38,1,0.7203,0.203615739493216,1.965,0.18387171834953,0.002,0.0446989708829856,0.965,0.18387171834953,25.7533988092845,3.45713476969656,1,31
38,2,0.266,0.170977288647449,1,0,0.059,0.235742602375079,0,0,18.2421540513955,2.62659485671663,1,31
39,1,0.7134,0.20080030069888,1.965,0.18387171834953,0.002,0.0446989708829856,0.965,0.18387171834953,26.4228001174294,3.53611751628965,1,31
39,2,0.2583,0.172223026250182,1,0,0.047,0.211744742168102,0,0,18.5042063084199,2.68972469908358,1,31
40,1,0.7152,0.204280911224448,1.965,0.18387171834953,0.001,0.0316227766016838,0.965,0.18387171834953,27.0852613443775,3.61380817614297,1,31
40,2,0.2537,0.178207934918926,1,0,0.011,0.104354635210372,0,0,18.7591599976723,2.75622725621122,1,31
41,1,0.7178,0.199707393561288,1.965,0.18387171834953,0.002,0.0446989708829856,0.965,0.18387171834953,27.7494989396146,3.69258310656004,1,31
41,2,0.2441,0.169215317934943,1,0,0.024,0.1531255937048,0,0,19.0112993697435,2.82527851920112,1,31
42,1,0.7212,0.197913439992664,1.965,0.18387171834953,0.001,0.0316227766016838,0.965,0.18387171834953,28.416209676975,3.77211990608535,1,31
42,2,0.2432,0.175341108997589,1,0,0.019,0.136593036636783,0,0,19.2532054689367,2.88940020709203,1,31
43,1,0.7252,0.19956148121515,1.965,0.18387171834953,0.001,0.0316227766016838,0.965,0.18387171834953,29.0862892829267,3.85230446065037,1,31
43,2,0.2404,0.176462401034835,1,0,0.017,0.129335717138491,0,0,19.4944401019308,2.96247448905859,1,31
44,1,0.7295,0.197278150510057,1.965,0.18387171834953,0.001,0.0316227766016838,0.965,0.18387171834953,29.7602847169884,3.93721734489381,1,31
44,2,0.2399,0.178969327036842,1,0,0.011,0.104354635210372,0,0,19.732962197114,3.03413061523973,1,31
45,1,0.7221,0.19773894581162,1.965,0.18387171834953,0,0,0.965,0.18387171834953,30.4384938721278,4.02037955817876,1,31
45,2,0.2335,0.176348657065623,1,0,0.003,0.054717401199198,0,0,19.9712613181983,3.10190584070063,1,31
46,1,0.7217,0.19768203810207,1.965,0.18387171834953,0,0,0.965,0.18387171834953,31.1093182086909,4.10386068530876,1,31
46,2,0.235,0.181405369016212,1,0,0.004,0.0631505185092568,0,0,20.2035635500555,3.17131342201651,1,31
47,1,0.7221,0.200104052012026,1.965,0.18387171834953,0,0,0.965,0.18387171834953,31.7796772986864,4.18869798179339,1,31
47,2,0.233,0.179619774143225,1,0,0,0,0,0,20.4372858966751,3.24417125082762,1,31
48,1,0.7285,0.200793595684892,1.965,0.18387171834953,0,0,0.965,0.18387171834953,32.4503674770905,4.27396443752256,1,31
48,2,0.2304,0.179131035635727,1,0,0,0,0,0,20.6691933116312,3.31553148708531,1,31
49,1,0.7267,0.200492661479934,1.965,0.18387171834953,0,0,0.965,0.18387171834953,33.1273599385581,4.35333509856083,1,31
49,2,0.2285,0.179527100962445,1,0,0,0,0,0,20.8984899865627,3.38409659115243,1,31
50,1,0.7289,0.199836745181472,1.965,0.18387171834953,0,0,0.965,0.18387171834953,33.8024934996447,4.43248909309191,1,31
50,2,0.2235,0.181357769727797,1,0,0,0,0,0,21.1258730195176,3.45643219345324,1,31
51,1,0.7288,0.197305573893617,1.965,0.18387171834953,0,0,0.965,0.18387171834953,34.4797485742821,4.51027470858749,1,31
51,2,0.2249,0.180284476571036,1,0,0,0,0,0,21.3482582530171,3.52807599971142,1,31
52,1,0.7351,0.196816479814894,1.965,0.18387171834953,0,0,0.965,0.18387171834953,35.1568364321391,4.58626315537632,1,31
52,2,0.2257,0.182435722359391,1,0,0,0,0,0,21.5720141258142,3.60372265918717,1,31
53,1,0.7252,0.195507501603348,1.965,0.18387171834953,0,0,0.965,0.18387171834953,35.8401239046093,4.66183489271035,1,31
53,2,0.225,0.181018694525642,1,0,0,0,0,0,21.7965434736144,3.68172652059243,1,31
54,1,0.7305,0.19954841409936,1.965,0.18387171834953,0,0,0.965,0.18387171834953,36.5134953821419,4.74162321542126,1,31
54,2,0.2297,0.18488399631145,1,0,0,0,0,0,22.0203540688501,3.75822775233748,1,31
55,1,0.727,0.199476291299971,1.965,0.18387171834953,0,0,0.965,0.18387171834953,37.1920709782384,4.82313646831104,1,31
55,2,0.2322,0.188994388485158,1,0,0,0,0,0,22.2488169701669,3.84070067764993,1,31
56,1,0.7341,0.198157655558539,1.965,0.18387171834953,0,0,0.965,0.18387171834953,37.867097914892,4.89587940181907,1,31
56,2,0.2333,0.192920523346606,1,0,0,0,0,0,22.479743312253,3.92414147523952,1,31
57,1,0.7307,0.194744538910429,1.965,0.18387171834953,0,0,0.965,0.18387171834953,38.5491176979955,4.96837689639186,1,31
57,2,0.2342,0.192216823684368,1,0,0,0,0,0,22.7117404186145,4.01185304020635,1,31
58,1,0.729,0.197225500120795,1.965,0.18387171834953,0,0,0.965,0.18387171834953,39.2276886049559,5.04180292658296,1,31
58,2,0.2375,0.194168616031148,1,0,0,0,0,0,22.944609209603,4.10250952464801,1,31
59,1,0.7306,0.195708819274814,1.965,0.18387171834953,0,0,0.965,0.18387171834953,39.904501486777,5.11287647328865,1,31
59,2,0.2442,0.203045777074008,1,0,0,0,0,0,23.1807356281598,4.19402978900491,1,31
60,1,0.7225,0.189207688928197,1.965,0.18387171834953,0,0,0.965,0.18387171834953,40.582837274634,5.18253051636023,1,31
60,2,0.2435,0.204938404770189,1,0,0,0,0,0,23.4234990184942,4.28867321588563,1,31
61,1,0.727,0.195983186547748,1.965,0.18387171834953,0,0,0.965,0.18387171834953,41.253053685819,5.25105837900542,1,31
61,2,0.2467,0.209363184306465,1,0,0,0,0,0,23.6655423201235,4.38474958876243,1,31
62,1,0.7266,0.196140028833767,1.965,0.18387171834953,0,0,0.965,0.18387171834953,41.9276757075512,5.31812777560847,1,31
62,2,0.2481,0.211094649271247,1,0,0,0,0,0,23.9107419558676,4.48651045144455,1,31
63,1,0.7276,0.194720713218076,1.965,0.18387171834953,0,0,0.965,0.18387171834953,42.6018327395323,5.39111403456034,1,31
63,2,0.2467,0.211409091109639,1,0,0,0,0,0,24.1573084180693,4.59184011048052,1,31
64,1,0.723,0.19356773612477,1.965,0.18387171834953,0,0,0.965,0.18387171834953,43.2769160753006,5.46612343411196,1,31
64,2,0.2461,0.207769001436591,1,0,0,0,0,0,24.4024590163383,4.70063690242165,1,31
65,1,0.7181,0.194834161148271,1.965,0.18387171834953,0,0,0.965,0.18387171834953,43.9473612501906,5.54093265183233,1,31
65,2,0.2485,0.211902460232657,1,0,0,0,0,0,24.6469889274764,4.8129998715668,1,31
66,1,0.7237,0.199168215280396,1.965,0.18387171834953,0,0,0.965,0.18387171834953,44.6128711288569,5.61355731380825,1,31
66,2,0.2528,0.213676900524642,1,0,0,0,0,0,24.8938788354387,4.9276427565035,1,31
67,1,0.7235,0.193533473087229,1.965,0.18387171834953,0,0,0.965,0.18387171834953,45.2838776163994,5.6773468614252,1,31
67,2,0.2564,0.218464566387245,1,0,0,0,0,0,25.1450157664488,5.04689997733822,1,31
68,1,0.7238,0.19450293414597,1.965,0.18387171834953,0,0,0.965,0.18387171834953,45.9546183388807,5.74491087738825,1,31
68,2,0.2578,0.218052073383187,1,0,0,0,0,0,25.3997035431896,5.1703060684713,1,31
69,1,0.7216,0.195426793535665,1.965,0.18387171834953,0,0,0.965,0.18387171834953,46.6255899541088,5.81383120604427,1,31
69,2,0.2598,0.217235243805307,1,0,0,0,0,0,25.6557563629746,5.29700059728583,1,31
70,1,0.7272,0.197684696522617,1.965,0.18387171834953,0,0,0.965,0.18387171834953,47.2943096006784,5.87866974844244,1,31
70,2,0.2671,0.223242978450449,1,0,0,0,0,0,25.9137698242931,5.42564955601324,1,31
71,1,0.7241,0.195364677865159,1.965,0.18387171834953,0,0,0.965,0.18387171834953,47.9685233102174,5.95004654577513,1,31
71,2,0.272,0.230627815298132,1,0,0,0,0,0,26.1790065601615,5.55793167390446,1,31
72,1,0.7304,0.197775010946669,1.965,0.18387171834953,0,0,0.965,0.18387171834953,48.6395915315273,6.01862552518763,1,31
72,2,0.2739,0.23052533902357,1,0,0,0,0,0,26.4490821038417,5.69464074649916,1,31
73,1,0.7354,0.198106249487708,1.965,0.18387171834953,0,0,0.965,0.18387171834953,49.3168474466679,6.0899474428531,1,31
73,2,0.2764,0.231811942696611,1,0,0,0,0,0,26.7210170084185,5.83333116087343,1,31
74,1,0.7307,0.194435889987716,1.965,0.18387171834953,0,0,0.965,0.18387171834953,49.9989992673066,6.16690016705147,1,31
74,2,0.2861,0.239236335083164,1,0,0,0,0,0,26.9954065350496,5.97190270114555,1,31
75,1,0.7282,0.196833695041026,1.965,0.18387171834953,0,0,0.965,0.18387171834953,50.6764175261204,6.23429596605891,1,31
75,2,0.2908,0.242351179271103,1,0,0,0,0,0,27.2793971040973,6.11851304586487,1,31
76,1,0.7272,0.197329924489671,1.965,0.18387171834953,0,0,0.965,0.18387171834953,51.3512867239018,6.30143483162472,1,31
76,2,0.2957,0.247088167589147,1,0,0,0,0,0,27.5680241541963,6.26711380511192,1,31
77,1,0.7305,0.193951971805825,1.965,0.18387171834953,0,0,0.965,0.18387171834953,52.0250960063336,6.3671839233622,1,31
77,2,0.2964,0.242044676920658,1,0,0,0,0,0,27.8614852408965,6.41507693481787,1,31
78,1,0.7283,0.19531322857722,1.965,0.18387171834953,0,0,0.965,0.18387171834953,52.7021125941542,6.43519402417468,1,31
78,2,0.3005,0.247893527953437,1,0,0,0,0,0,28.1556116119189,6.56656594991022,1,31
79,1,0.7322,0.193340478277417,1.965,0.18387171834953,0,0,0.965,0.18387171834953,53.3768785744171,6.50316471667674,1,31
79,2,0.3062,0.253151428290748,1,0,0,0,0,0,28.4537767131158,6.72256014104286,1,31
80,1,0.7287,0.191475776465257,1.965,0.18387171834953,0,0,0.965,0.18387171834953,54.0554463879331,6.57454282736847,1,31
80,2,0.309,0.252076461698713,1,0,0,0,0,0,28.7575671429698,6.88105514993318,1,31
81,1,0.7367,0.189047213279775,1.965,0.18387171834953,0,0,0.964,0.186383311320351,54.7304742343548,6.64388515717384,1,31
81,2,0.3144,0.256199684383643,1,0,0,0,0,0,29.0641048820311,7.0454508672406,1,31
82,1,0.7364,0.197772986411578,1.965,0.18387171834953,0,0,0.96,0.196057232558349,55.4134196331264,6.72064083577854,1,31
82,2,0.3149,0.258833894582964,1,0,0,0,0,0,29.3759684018188,7.21007512130671,1,31
83,1,0.7345,0.196770090380801,1.965,0.18387171834953,0,0,0,0,56.0961975540459,6.79532696921092,1,31
83,2,0.3221,0.258898857893616,1,0,0,0,0,0,29.6882966518152,7.3746983340568,1,31
84,1,0.6494,0.205382136082527,1.965,0.18387171834953,0,0,0,0,56.824626131729,6.87837336393573,1,31
84,2,0.322,0.258191135910323,1,0,0,0,0,0,30.0077341533424,7.54163817798936,1,31
0,1,1,0,1,0,1,0,0,0,0,0,2,31
0,2,1,0,1,0,1,0,0,0,0,0,2,31
1,1,0.8782,0.11062096092964,1.093,0.290577761426155,0.907,0.290577761426155,0.093,0.290577761426155,0.95,0,2,31
1,2,0.8858,0.10793521209508,1,0,1,0,0,0,0.95,0,2,31
2,1,0.8307,0.132457748188073,1.187,0.390106630529633,0.813,0.390106630529633,0.187,0.390106630529633,1.77811718,0.110609898833547,2,31
2,2,0.832,0.128267113682551,1,0,1,0,0,0,1.78571642,0.107924418573871,2,31
3,1,0.803,0.144678719692745,1.278,0.448237567498438,0.722,0.448237567498438,0.278,0.448237567498438,2.558661047807,0.203221994839532,2,31
3,2,0.7997,0.145502855920704,1,0,1,0,0,0,2.56756002782,0.194188274013898,2,31
4,1,0.78,0.157049879543617,1.345,0.475606140836303,0.655,0.475606140836303,0.345,0.475606140836303,3.31143517039625,0.301596431104302,2,31
4,2,0.7753,0.157304337685439,1,0,1,0,0,0,3.31703514031025,0.291018469810695,2,31
5,1,0.7713,0.160162298815801,1.416,0.493140129362017,0.584,0.493140129362017,0.416,0.493140129362017,4.04114321419333,0.406791311302509,2,31
5,2,0.7716,0.161243416732093,1,0,1,0,0,0,4.04204506382535,0.39397636629572,2,31
6,1,0.7618,0.162625973347455,1.467,0.49915945364198,0.533,0.49915945364198,0.467,0.49915945364198,4.76208263631611,0.506825821976674,2,31
6,2,0.7695,0.158697621075223,1,0,1,0,0,0,4.76328433597813,0.493287595171276,2,31
7,1,0.754,0.161400278965218,1.53,0.499348925451281,0.47,0.499348925451281,0.53,0.499348925451281,5.47345566307188,0.602027520713401,2,31
7,2,0.7644,0.160930228790425,1,0,1,0,0,0,5.48235274388874,0.585043364900399,2,31
8,1,0.7511,0.167112886148007,1.586,0.492794933868893,0.408,0.491709037722287,0.586,0.492794933868893,6.17696301088724,0.690836852262442,2,31
8,2,0.7576,0.161890235803301,1,0,0.985,0.121613279660528,0,0,6.19625281388774,0.669191281724215,2,31
9,1,0.7511,0.173403745227313,1.622,0.485130241637595,0.361,0.480530862598762,0.622,0.485130241637595,6.87780208723997,0.779272063168339,2,31
9,2,0.7545,0.166395424929406,1,0,0.963,0.188856206322871,0,0,6.90403633218608,0.750207483034862,2,31
10,1,0.7471,0.16703140270467,1.661,0.473606696852255,0.311,0.463134422704136,0.661,0.473606696852255,7.57912058488301,0.868609929458642,2,31
10,2,0.7469,0.166307089590456,1,0,0.929,0.256953351846254,0,0,7.60975087141276,0.833697438925682,2,31
11,1,0.7453,0.168065928004924,1.699,0.458922226101122,0.248,0.432067914433232,0.699,0.458922226101122,8.27692239912421,0.951176281100196,2,31
11,2,0.7434,0.171772948818916,1,0,0.813,0.390106630529633,0,0,8.30950073653122,0.914752643246975,2,31
12,1,0.7485,0.172009701288437,1.728,0.4452125494797,0.238,0.426072221034812,0.728,0.4452125494797,8.97410503788157,1.02824344345174,2,31
12,2,0.7388,0.175685586846006,1,0,0.906,0.291974740772638,0,0,9.01147809792779,0.994762365804131,2,31
13,1,0.747,0.17499034722413,1.751,0.432650189166937,0.249,0.432650189166937,0.726,0.446232140396815,9.67346525985956,1.10092127191807,2,31
13,2,0.7366,0.18009129038594,1,0,1,0,0,0,9.70414635548525,1.0737725782964,2,31
14,1,0.7378,0.175447832537031,1.772,0.419752536850216,0.228,0.419752536850216,0.719,0.449712398362822,10.3708080792949,1.17743862760659,2,31
14,2,0.735,0.17591459844466,1,0,1,0,0,0,10.3898543108369,1.15141612128808,2,31
15,1,0.7407,0.175625608481094,1.797,0.402433787041984,0.201,0.400948574956639,0.743,0.437198058255228,11.0602920773532,1.25595027651054,2,31
15,2,0.7401,0.175421671303071,1,0,0.979,0.143455845400526,0,0,11.0738959339377,1.22315136429524,2,31
16,1,0.747,0.175618455299669,1.812,0.390907672998125,0.149,0.356266650033266,0.753,0.431482534034898,11.7527525552127,1.33095627886234,2,31
16,2,0.7331,0.174942833505677,1,0,0.769,0.421683313419937,0,0,11.7640099343308,1.29549965314794,2,31
17,1,0.7398,0.173106689431477,1.823,0.381859682104326,0.098,0.297463417052391,0.766,0.423584021680969,12.4535303570998,1.40086877324249,2,31
17,2,0.7331,0.181569153099741,1,0,0.566,0.495872856577056,0,0,12.4575493275219,1.37467785836405,2,31
18,1,0.7429,0.173723256272066,1.834,0.372266816386557,0.076,0.265130711714607,0.776,0.417130672569158,13.1489470840023,1.47466941038046,2,31
18,2,0.7304,0.176994822430395,1,0,0.44,0.496635325612916,0,0,13.1611521255708,1.46643318451327,2,31
19,1,0.7415,0.173140774307289,1.84,0.366789496216201,0.056,0.230036772966665,0.79,0.407512044074854,13.84798761489,1.54229360984009,2,31
19,2,0.729,0.182900116053688,1,0,0.386,0.487074164005074,0,0,13.868278088845,1.55782147978516,2,31
20,1,0.7441,0.171740166194996,1.846,0.36112935966827,0.057,0.231958627355839,0.796,0.403170617166661,14.5458603298448,1.60610980426736,2,31
20,2,0.7269,0.183357601451399,1,0,0.431,0.495463908357092,0,0,14.5766308717445,1.64431751136985,2,31
21,1,0.7395,0.174872325798939,1.852,0.355277669185979,0.055,0.228094337998616,0.802,0.398691553653893,15.2459087618005,1.66863089302336,2,31
21,2,0.7216,0.182336739815888,1,0,0.453,0.498035178515573,0,0,15.2805715111058,1.72868259295938,2,31
22,1,0.743,0.178052527931234,1.857,0.350248017372938,0.057,0.231958627355839,0.813,0.390106630529633,15.9410972588393,1.72696640977072,2,31
22,2,0.7201,0.180606225276452,1,0,0.484,0.499993993957921,0,0,15.9780551829716,1.80312282636487,2,31
23,1,0.7448,0.173905730794598,1.861,0.346119630761965,0.05,0.218054001448145,0.824,0.381010720543621,16.6390599736076,1.79122024993944,2,31
23,2,0.7274,0.184073689383147,1,0,0.465,0.499023069631078,0,0,16.6724258094294,1.87704439407588,2,31
24,1,0.7457,0.17450490526619,1.865,0.341894562536306,0.057,0.231958627355839,0.836,0.370460849809047,17.3385492161496,1.8512064130375,2,31
24,2,0.7186,0.175113405268428,1,0,0.507,0.50020116073556,0,0,17.3749580446825,1.95179100282563,2,31
25,1,0.7454,0.174726555993556,1.873,0.333139583331045,0.076,0.265130711714607,0.85,0.357250091151322,18.0379186296294,1.90147700289529,2,31
25,2,0.7155,0.178273754466359,1,0,0.638,0.480819287453392,0,0,18.0665461566501,2.02261917963813,2,31
26,1,0.7504,0.178582562787445,1.877,0.328601550481703,0.109,0.311795151046671,0.856,0.351265408754388,18.7352729753224,1.94678745337611,2,31
26,2,0.7163,0.175485341567622,1,0,0.842,0.364923511395428,0,0,18.7484392058787,2.08863633889274,2,31
27,1,0.7451,0.176542224856144,1.886,0.317970289657863,0.108,0.310535718448671,0.869,0.337569182469243,19.4355996654853,1.99534064482683,2,31
27,2,0.7164,0.175561561458828,1,0,0.87,0.336471712352188,0,0,19.4208884752768,2.1468300580397,2,31
28,1,0.7391,0.172600640152292,1.896,0.305413289293831,0.097,0.296105857217784,0.876,0.32974646735444,20.1299722322875,2.04324538521234,2,31
28,2,0.7155,0.175785809013841,1,0,0.846,0.36112935966827,0,0,20.0919740051887,2.19663643963145,2,31
29,1,0.7365,0.173111864751431,1.905,0.293361655744341,0.086,0.28050433629925,0.889,0.314289321768618,20.818491579928,2.09895785749175,2,31
29,2,0.7187,0.177459296183102,1,0,0.829,0.376697359827357,0,0,20.7632915876807,2.24010897669679,2,31
30,1,0.7455,0.179644153876551,1.913,0.281976081451088,0.075,0.263523138347365,0.897,0.304110972316823,21.5042498946816,2.15108154566799,2,31
30,2,0.7183,0.178793392151604,1,0,0.745,0.436079310636454,0,0,21.4385803098426,2.28005401498251,2,31
31,1,0.7402,0.174855753507097,1.924,0.265130711714607,0.061,0.239450070654273,0.909,0.287753022228789,22.1990622233691,2.20729017279349,2,31
31,2,0.714,0.175027525362826,1,0,0.66,0.47394580346768,0,0,22.1175901196469,2.31659621727877,2,31
32,1,0.7417,0.177207540789077,1.93,0.255274685711618,0.04,0.196057232558349,0.918,0.274502006097135,22.8886211666671,2.26466498994814,2,31
32,2,0.7152,0.17978120391543,1,0,0.461,0.49872610491905,0,0,22.796482183238,2.34891079888557,2,31
33,1,0.7468,0.181335718055331,1.936,0.244875404979683,0.028,0.16505527329729,0.926,0.261901875885975,23.5802044444763,2.31988746059465,2,31
33,2,0.7109,0.185757087874718,1,0,0.433,0.495738597202958,0,0,23.4864207328714,2.37985482908785,2,31
34,1,0.7392,0.174796778900282,1.937,0.243084532807191,0.031,0.173404351355637,0.929,0.256953351846254,24.2770011019129,2.38100166089466,2,31
34,2,0.702,0.181849028232402,1,0,0.424,0.494437527366672,0,0,24.1733998433537,2.41419813355491,2,31
35,1,0.7407,0.180349760288269,1.941,0.235742602375079,0.008,0.0891288053546324,0.937,0.243084532807191,24.965854895412,2.43064317917301,2,31
35,2,0.709,0.186316166002078,1,0,0.157,0.363982806576744,0,0,24.8518889385709,2.45184871009172,2,31
36,1,0.7363,0.180734542838316,1.943,0.231958627355839,0.006,0.0772655807586403,0.943,0.231958627355839,25.6568819419045,2.48049705417225,2,31
36,2,0.707,0.187686510506819,1,0,0.072,0.258617251711642,0,0,25.5505890808281,2.50004677546916,2,31
37,1,0.7381,0.178241858608353,1.944,0.230036772966665,0.001,0.0316227766016838,0.943,0.231958627355839,26.3432564167451,2.5322160679255,2,31
37,2,0.7018,0.188074804618088,1,0,0.042,0.200689502157627,0,0,26.2514612672299,2.55088741676391,2,31
38,1,0.7393,0.178654491763928,1.944,0.230036772966665,0.002,0.0446989708829856,0.944,0.230036772966665,27.0316046827754,2.58248309775305,2,31
38,2,0.6983,0.187195491805097,1,0,0.044,0.205197724417465,0,0,26.9485770317999,2.60038280801308,2,31
39,1,0.7387,0.175565182006949,1.944,0.230036772966665,0.005,0.0705689732104696,0.944,0.230036772966665,27.7209799417028,2.63085217398162,2,31
39,2,0.6964,0.18187941092966,1,0,0.046,0.209589904165081,0,0,27.6420367395157,2.65157635592691,2,31
40,1,0.7416,0.175955677374731,1.944,0.230036772966665,0.005,0.0705689732104696,0.944,0.230036772966665,28.4095391825536,2.67964607991311,2,31
40,2,0.6997,0.181004620583765,1,0,0.022,0.146756729104793,0,0,28.333434886459,2.69966746842807,2,31
41,1,0.7408,0.178682084404921,1.944,0.230036772966665,0.001,0.0316227766016838,0.944,0.230036772966665,29.1009179900718,2.72054599383819,2,31
41,2,0.702,0.183110702935491,1,0,0.015,0.121613279660528,0,0,29.0292459286433,2.75437948959622,2,31
42,1,0.7427,0.176629295157706,1.944,0.230036772966665,0.001,0.0316227766016838,0.944,0.230036772966665,29.7916301147955,2.76460011116866,2,31
42,2,0.7049,0.182535775423092,1,0,0.018,0.133017644294634,0,0,29.727626546425,2.80769250088353,2,31
43,1,0.7444,0.172564244321987,1.944,0.230036772966665,0,0,0.944,0.230036772966665,30.4841652046441,2.8046499541512,2,31
43,2,0.7036,0.180996684499468,1,0,0.006,0.0772655807586403,0,0,30.428675799791,2.85857686385598,2,31
44,1,0.7481,0.172470681961127,1.944,0.230036772966665,0,0,0.944,0.230036772966665,31.1783735317645,2.84304993102091,2,31
44,2,0.7069,0.183455842223806,1,0,0.002,0.0446989708829856,0,0,31.1289579519192,2.91174752445727,2,31
45,1,0.7491,0.176267581421713,1.944,0.230036772966665,0,0,0.944,0.230036772966665,31.8761961930053,2.87908809940185,2,31
45,2,0.7028,0.18288139764778,1,0,0,0,0,0,31.832654708896,2.96512281805535,2,31
46,1,0.7451,0.171888148327729,1.944,0.230036772966665,0,0,0.944,0.230036772966665,32.5749445818658,2.90936166499255,2,31
46,2,0.6957,0.186564509798397,1,0,0,0,0,0,32.5322990566537,3.0229763681983,2,31
47,1,0.7498,0.170672461425647,1.944,0.230036772966665,0,0,0.944,0.230036772966665,33.269641454548,2.94274941460049,2,31
47,2,0.6953,0.186715753949078,1,0,0,0,0,0,33.2248060265993,3.08145408523025,2,31
48,1,0.7546,0.169255686721266,1.944,0.230036772966665,0,0,0.944,0.230036772966665,33.9689468182739,2.97796874147255,2,31
48,2,0.7028,0.187529537213014,1,0,0,0,0,0,33.9168456215304,3.14051326502991,2,31
49,1,0.7442,0.169455230297194,1.944,0.230036772966665,0,0,0.944,0.230036772966665,34.6729592655245,3.014593039296,2,31
49,2,0.7014,0.182184607558463,1,0,0,0,0,0,34.6162800969724,3.19962422837955,2,31
50,1,0.743,0.172513074173411,1.944,0.230036772966665,0,0,0.943,0.231958627355839,35.3665521494177,3.04665270122578,2,31
50,2,0.709,0.184154589714492,1,0,0,0,0,0,35.3142514725287,3.25338486228108,2,31
51,1,0.7483,0.179246308858061,1.944,0.230036772966665,0,0,0.943,0.231958627355839,36.0589314099575,3.07693743496391,2,31
51,2,0.7055,0.17942113014342,1,0,0,0,0,0,36.0197151438986,3.31054083066568,2,31
52,1,0.7476,0.176537263503787,1.944,0.230036772966665,0,0,0.944,0.230036772966665,36.7565144700361,3.10608765324639,2,31
52,2,0.7085,0.181247346464991,1,0,0,0,0,0,36.7216260743492,3.36470508727566,2,31
53,1,0.7422,0.174899256001133,1.944,0.230036772966665,0,0,0.944,0.230036772966665,37.4532816618802,3.13971054095794,2,31
53,2,0.7054,0.180841210855113,1,0,0,0,0,0,37.4264512534205,3.41534608860666,2,31
54,1,0.7442,0.173656317237573,1.944,0.230036772966665,0,0,0.944,0.230036772966665,38.1446077227195,3.16933816076874,2,31
54,2,0.7066,0.183385032295632,1,0,0,0,0,0,38.1281223373284,3.46189263109705,2,31
55,1,0.7501,0.176780206022171,1.944,0.230036772966665,0,0,0.944,0.230036772966665,38.8378538795231,3.2008397754066,2,31
55,2,0.7062,0.180149976447442,1,0,0,0,0,0,38.8309167912703,3.50193546449908,2,31
56,1,0.7509,0.175983408763895,1.944,0.230036772966665,0,0,0.944,0.230036772966665,39.5368983491715,3.23186764261125,2,31
56,2,0.7064,0.181967448056382,1,0,0,0,0,0,39.5332431598372,3.5423461721431,2,31
57,1,0.754,0.174397289011081,1.944,0.230036772966665,0,0,0.944,0.230036772966665,40.2366684466707,3.25933262071596,2,31
57,2,0.7083,0.177574329909035,1,0,0,0,0,0,40.2356981788417,3.58728284149944,2,31
58,1,0.75,0.171666739555074,1.944,0.230036772966665,0,0,0.944,0.230036772966665,40.9394509465456,3.28178473518917,2,31
58,2,0.7103,0.177976362434975,1,0,0,0,0,0,40.9399721526128,3.62941018881758,2,31
59,1,0.7512,0.17025729807426,1.944,0.230036772966665,0,0,0.944,0.230036772966665,41.6381863021738,3.30041325917028,2,31
59,2,0.7157,0.183785982292685,1,0,0,0,0,0,41.6461641319849,3.66224604474098,2,31
60,1,0.7537,0.170515059116154,1.944,0.230036772966665,0,0,0.944,0.230036772966665,42.3380447247595,3.3221045554559,2,31
60,2,0.7068,0.181125830754662,1,0,0,0,0,0,42.3576537243777,3.69474320467911,2,31
61,1,0.7498,0.171724923786413,1.944,0.230036772966665,0,0,0.944,0.230036772966665,43.0403182056675,3.34665195689104,2,31
61,2,0.7129,0.180488687086383,1,0,0,0,0,0,43.0602254105854,3.72645832202214,2,31
62,1,0.7447,0.166792475039283,1.944,0.230036772966665,0,0,0.944,0.230036772966665,43.7386451779975,3.36841855024787,2,31
62,2,0.7146,0.185043457277152,1,0,0,0,0,0,43.7687897410353,3.75166155101633,2,31
63,1,0.7503,0.172712882379224,1.944,0.230036772966665,0,0,0.944,0.230036772966665,44.431833841382,3.38600824933897,2,31
63,2,0.714,0.185252039984229,1,0,0,0,0,0,44.478972707135,3.7847317680928,2,31
64,1,0.7498,0.171024001851229,1.944,0.230036772966665,0,0,0.944,0.230036772966665,45.130518015046,3.41078006762403,2,31
64,2,0.7121,0.182144905958873,1,0,0,0,0,0,45.1884884232438,3.82188012250062,2,31
65,1,0.7464,0.168746897795235,1.944,0.230036772966665,0,0,0.944,0.230036772966665,45.8286355102334,3.42520336893768,2,31
65,2,0.712,0.181628711906981,1,0,0,0,0,0,45.8960453095561,3.85818701379781,2,31
66,1,0.7514,0.172185039093667,1.944,0.230036772966665,0,0,0.944,0.230036772966665,46.5233052230997,3.44449906059165,2,31
66,2,0.7113,0.178309012963743,1,0,0,0,0,0,46.603432088104,3.88889292358454,2,31
67,1,0.7472,0.174764706685025,1.944,0.230036772966665,0,0,0.944,0.230036772966665,47.2228725760162,3.46901423111083,2,31
67,2,0.7118,0.178753217349263,1,0,0,0,0,0,47.3100527329912,3.92179871844205,2,31
68,1,0.7454,0.173288397963825,1.944,0.230036772966665,0,0,0.944,0.230036772966665,47.9181980195363,3.49936250198696,2,31
68,2,0.7144,0.175166558804252,1,0,0,0,0,0,48.0170993768449,3.94787885004841,2,31
69,1,0.7426,0.168028192496002,1.944,0.230036772966665,0,0,0.944,0.230036772966665,48.6116661295981,3.52385832186316,2,31
69,2,0.7237,0.180390828067424,1,0,0,0,0,0,48.7266576951321,3.97396637911017,2,31
70,1,0.7484,0.173572945955202,1.944,0.230036772966665,0,0,0.944,0.230036772966665,49.3022841473073,3.54982516565706,2,31
70,2,0.7227,0.18057496315192,1,0,0,0,0,0,49.445381105279,3.9985980161032,2,31
71,1,0.7535,0.175209727037195,1.944,0.230036772966665,0,0,0.944,0.230036772966665,49.9985926429678,3.57282259091986,2,31
71,2,0.7134,0.174845677701827,1,0,0,0,0,0,50.1630396189896,4.02421185040324,2,31
72,1,0.7461,0.169863603057405,1.944,0.230036772966665,0,0,0.944,0.230036772966665,50.6998954242228,3.59862007763214,2,31
72,2,0.7201,0.179661538088341,1,0,0,0,0,0,50.8713921662745,4.05149452246678,2,31
73,1,0.7471,0.1695297328799,1.944,0.230036772966665,0,0,0.944,0.230036772966665,51.3937811664962,3.63265282957626,2,31
73,2,0.7199,0.176763217992984,1,0,0,0,0,0,51.5863258091577,4.08574201136449,2,31
74,1,0.7507,0.172537761893677,1.944,0.230036772966665,0,0,0.944,0.230036772966665,52.0885902464133,3.67069953021078,2,31
74,2,0.7321,0.178020451862367,1,0,0,0,0,0,52.300989413433,4.11847871071855,2,31
75,1,0.7505,0.168249986799578,1.944,0.230036772966665,0,0,0.944,0.230036772966665,52.7869033024254,3.7020523483345,2,31
75,2,0.734,0.182475470398893,1,0,0,0,0,0,53.0276916000805,4.15051200718466,2,31
76,1,0.7505,0.172364321886693,1.944,0.230036772966665,0,0,0.944,0.230036772966665,53.4849480215955,3.73689704595985,2,31
76,2,0.7379,0.174539548681822,1,0,0,0,0,0,53.7562069191062,4.18380155668715,2,31
77,1,0.7442,0.1789927328089,1.944,0.230036772966665,0,0,0.944,0.230036772966665,54.1829229362936,3.76965419254038,2,31
77,2,0.7363,0.173731092474814,1,0,0,0,0,0,54.4885198574764,4.21811616336019,2,31
78,1,0.7444,0.17860722421151,1.944,0.230036772966665,0,0,0.944,0.230036772966665,54.8745763796222,3.80487936048691,2,31
78,2,0.7346,0.174738013532755,1,0,0,0,0,0,55.2191718378536,4.24904691390669,2,31
79,1,0.7446,0.17967504869381,1.944,0.230036772966665,0,0,0.944,0.230036772966665,55.5663591035973,3.8398471511038,2,31
79,2,0.7305,0.177795841799974,1,0,0,0,0,0,55.9480639621108,4.27023956605835,2,31
80,1,0.7467,0.178440328824375,1.944,0.230036772966665,0,0,0.944,0.230036772966665,56.2582710754463,3.87031589373933,2,31
80,2,0.7347,0.177587858389721,1,0,0,0,0,0,56.6728154611582,4.28814821965684,2,31
81,1,0.7469,0.180230055409393,1.944,0.230036772966665,0,0,0.944,0.230036772966665,56.9521971222858,3.89404497215795,2,31
81,2,0.7271,0.176427652925262,1,0,0,0,0,0,57.4016610174312,4.30601481084325,2,31
82,1,0.7453,0.175467087223498,1.944,0.230036772966665,0,0,0.941,0.235742602375079,57.6462521629836,3.92562416913073,2,31
82,2,0.7246,0.180686157431851,1,0,0,0,0,0,58.1228950035558,4.327432979674,2,31
83,1,0.7488,0.179529359133237,1.944,0.230036772966665,0,0,0,0,58.3387996401511,3.95311750997963,2,31
83,2,0.7281,0.176781338499406,1,0,0,0,0,0,58.8415772834778,4.35130913423613,2,31
84,1,0.7437,0.176611159051464,1.944,0.230036772966665,0,0,0,0,59.081410013152,3.98064494004318,2,31
84,2,0.7314,0.176423255737913,1,0,0,0,0,0,59.5636587639558,4.37223856261814,2,31
0,1,1,0,1,0,1,0,0,0,0,0,3,31
0,2,1,0,1,0,1,0,0,0,0,0,3,31
1,1,0.8803,0.107207291745494,1.086,0.28050433629925,0.914,0.28050433629925,0.086,0.28050433629925,0.95,0,3,31
1,2,0.8853,0.108930141722922,1,0,1,0,0,0,0.95,0,3,31
2,1,0.8356,0.128487933865983,1.177,0.381859682104326,0.823,0.381859682104326,0.177,0.381859682104326,1.78021697,0.107196571016319,3,31
2,2,0.8332,0.132722927090143,1,0,1,0,0,0,1.78521647,0.108919248708749,3,31
3,1,0.8101,0.140882354600702,1.259,0.438304815295373,0.741,0.438304815295373,0.259,0.438304815295373,2.565659857856,0.196580133641532,3,31
3,2,0.8047,0.147341846125327,1,0,1,0,0,0,2.568259837832,0.206826328094845,3,31
4,1,0.7974,0.154910416813193,1.331,0.470808518041741,0.669,0.470808518041741,0.331,0.470808518041741,3.32553185065824,0.288012786730832,3,31
4,2,0.7848,0.151696974168808,1,0,1,0,0,0,3.32273345047225,0.306912903452914,3,31
5,1,0.7854,0.157135392358092,1.397,0.489520817361867,0.603,0.489520817361867,0.397,0.489520817361867,4.07263293549925,0.384680337247654,3,31
5,2,0.775,0.159500596990859,1,0,1,0,0,0,4.05723957455731,0.400811291516249,3,31
6,1,0.7711,0.164504868778562,1.462,0.49880337288836,0.538,0.49880337288836,0.462,0.49880337288836,4.8076653090319,0.481455585112754,3,31
6,2,0.7635,0.163720965531463,1,0,1,0,0,0,4.78187714705006,0.497287821152087,3,31
7,1,0.7622,0.166790224470677,1.503,0.500241183071967,0.497,0.500241183071967,0.503,0.500241183071967,5.52833275718248,0.573425676531864,3,31
7,2,0.7598,0.172724618377908,1,0,1,0,0,0,5.49494915406079,0.592592953547142,3,31
8,1,0.7579,0.170430738532216,1.558,0.496873105413125,0.427,0.494889801790172,0.558,0.496873105413125,6.24003436671955,0.667009576049762,3,31
8,2,0.7537,0.16623460513366,1,0,0.981,0.136593036636783,0,0,6.20425244309395,0.689028365898148,3,31
9,1,0.7562,0.167778752259366,1.619,0.485875575713654,0.362,0.480819287453392,0.619,0.485875575713654,6.94811764510187,0.761482724992501,3,31
9,2,0.7486,0.167947153135283,1,0,0.966,0.181319819316248,0,0,6.90833892035649,0.775666209588976,3,31
10,1,0.7499,0.170613888939614,1.648,0.477832946043201,0.322,0.467476774326313,0.648,0.477832946043201,7.65463146461648,0.849036671533205,3,31
10,2,0.755,0.174314042421675,1,0,0.916,0.277526613176144,0,0,7.60800890240568,0.858479600172828,3,31
11,1,0.7411,0.171026430822958,1.677,0.467856698028242,0.264,0.441019839121211,0.677,0.467856698028242,8.35533038016233,0.93407830152178,3,31
11,2,0.7525,0.174310453312858,1,0,0.8,0.400200150125109,0,0,8.31650002146059,0.945662945791195,3,31
12,1,0.7454,0.172651813337273,1.7,0.458486870270251,0.268,0.443139224592421,0.7,0.458486870270251,9.04861730677533,1.01568710515362,3,31
12,2,0.7506,0.175586077097447,1,0,0.871,0.33536766610911,0,0,9.02821666321805,1.0440613354327,3,31
13,1,0.7458,0.171440227927263,1.73,0.444181603960922,0.269,0.443661848524116,0.707,0.45536618051669,9.74478136664203,1.09538571471401,3,31
13,2,0.7516,0.177338345793821,1,0,1,0,0,0,9.73441866971553,1.1341721939835,3,31
14,1,0.7374,0.170558876433712,1.752,0.432067914433232,0.248,0.432067914433232,0.697,0.459785169837395,10.4408758101027,1.170472700309,3,31
14,2,0.7502,0.176326546643014,1,0,1,0,0,0,10.4351071367629,1.21511593800333,3,31
15,1,0.7409,0.178631181765948,1.775,0.417791275099839,0.22,0.414453582167861,0.714,0.452115481274871,11.1300602278881,1.24904306430684,3,31
15,2,0.7472,0.174076024950199,1,0,0.963,0.188856206322871,0,0,11.1343274936901,1.29589345639066,3,31
16,1,0.745,0.17935207600462,1.802,0.398691553653893,0.142,0.349224795737585,0.734,0.44208533049564,11.8232196564823,1.33292393928408,3,31
16,2,0.7444,0.170345700437838,1,0,0.74,0.438853725736256,0,0,11.8323296523746,1.37467522152611,3,31
17,1,0.7451,0.182727609789488,1.819,0.385210834981815,0.092,0.289170571842329,0.75,0.433229370758364,12.5232985775298,1.41632567080277,3,31
17,2,0.7476,0.169950354877897,1,0,0.511,0.500129112459102,0,0,12.5385986608586,1.44927392642812,3,31
18,1,0.7439,0.177748092491549,1.834,0.372266816386557,0.057,0.231958627355839,0.766,0.423584021680969,13.2251044331319,1.50768838251177,3,31
18,2,0.7486,0.177622041395739,1,0,0.409,0.491895274383645,0,0,13.2594221573558,1.53259790908398,3,31
19,1,0.7449,0.173216610040706,1.842,0.364923511395428,0.053,0.224145580463326,0.779,0.415128090270137,13.9265905577662,1.59173611753673,3,31
19,2,0.7448,0.174595084247648,1,0,0.348,0.476574362637273,0,0,13.9862626008314,1.61858258980582,3,31
20,1,0.7474,0.17436640629331,1.847,0.360167628640777,0.064,0.244875404979683,0.783,0.412408876093957,14.628555489728,1.66563083384579,3,31
20,2,0.7361,0.182318485157238,1,0,0.405,0.491137675419242,0,0,14.7122817839808,1.69792593535969,3,31
21,1,0.7418,0.175052573255589,1.852,0.355277669185979,0.062,0.241276219744537,0.79,0.407512044074854,15.3321967285195,1.73913651437566,3,31
21,2,0.7366,0.179980090101191,1,0,0.405,0.491137675419242,0,0,15.4267014432801,1.7793913038447,3,31
22,1,0.7431,0.174650774097606,1.857,0.350248017372938,0.062,0.241276219744537,0.797,0.402433787041984,16.02992987591,1.80747999821457,3,31
22,2,0.741,0.181747165127911,1,0,0.447,0.497431843008103,0,0,16.1415486116628,1.85201734205664,3,31
23,1,0.7468,0.178161447854191,1.86,0.347160655202344,0.072,0.258617251711642,0.803,0.397931337480914,16.7285411621788,1.87348896734463,3,31
23,2,0.7497,0.182683560517314,1,0,0.4,0.490143081395872,0,0,16.8586192406381,1.92231557655771,3,31
24,1,0.7444,0.175611729333435,1.87,0.336471712352188,0.049,0.215976030257169,0.819,0.385210834981815,17.4299759246508,1.93772824563285,3,31
24,2,0.7448,0.174135818496033,1,0,0.434,0.495872856577056,0,0,17.5866427754874,1.9897102134561,3,31
25,1,0.7457,0.17678450939707,1.876,0.32974646735444,0.068,0.251871871076227,0.838,0.368635174517967,18.1292954579927,2.00284897976076,3,31
25,2,0.7408,0.17071761626881,1,0,0.577,0.494282626960846,0,0,18.3080093297806,2.05854299915187,3,31
26,1,0.7482,0.179858580860378,1.881,0.323950527000565,0.1,0.300150112593832,0.851,0.356266650033266,18.8279465575827,2.06810712266583,3,31
26,2,0.7414,0.170455551669915,1,0,0.873,0.333139583331045,0,0,19.018181588994,2.11572347759445,3,31
27,1,0.7465,0.179889160624286,1.89,0.313046319253234,0.093,0.290577761426155,0.863,0.344019402576874,19.5267771428746,2.12683237940817,3,31
27,2,0.7349,0.173268612310516,1,0,0.887,0.316751213622507,0,0,19.7141197048684,2.16090545171024,3,31
28,1,0.7413,0.17926641193053,1.9,0.300150112593832,0.088,0.283436653127884,0.876,0.32974646735444,20.2235931032691,2.18133571392848,3,31
28,2,0.7342,0.182163507716402,1,0,0.88,0.325124138915747,0,0,20.4028076416803,2.20723106959922,3,31
29,1,0.7431,0.181508499347373,1.904,0.294738648417324,0.078,0.268305773303498,0.882,0.322769546550136,20.9147550409179,2.23475749193777,3,31
29,2,0.735,0.18162595626173,1,0,0.873,0.333139583331045,0,0,21.0910776883766,2.25133733257804,3,31
30,1,0.7433,0.181846578681531,1.914,0.28050433629925,0.067,0.250147103868051,0.892,0.310535718448671,21.6078420704857,2.28639559032136,3,31
30,2,0.7386,0.180562018826337,1,0,0.79,0.407512044074854,0,0,21.7804255777331,2.29679701598536,3,31
31,1,0.7515,0.181963899883633,1.919,0.272971634998059,0.065,0.246649216167082,0.904,0.294738648417324,22.301109042437,2.3368782019658,3,31
31,2,0.7347,0.176853575556694,1,0,0.708,0.454909818472786,0,0,22.4774313159816,2.33606081518358,3,31
32,1,0.7472,0.177379885059224,1.922,0.268305773303498,0.045,0.207407854282373,0.912,0.283436653127884,23.0019828534615,2.39027162494162,3,31
32,2,0.7411,0.178529164739722,1,0,0.495,0.50022517452166,0,0,23.1745667345855,2.37289473720155,3,31
33,1,0.7507,0.177344187840935,1.926,0.261901875885975,0.037,0.188856206322871,0.917,0.276020265899421,23.6990983987712,2.43579644527722,3,31
33,2,0.7389,0.176487784103994,1,0,0.483,0.499960959436795,0,0,23.8886279641309,2.40964387461592,3,31
34,1,0.7469,0.178556075988112,1.928,0.258617251711642,0.037,0.188856206322871,0.921,0.269873733126868,24.3997822067785,2.48169660842297,3,31
34,2,0.7407,0.179682486057478,1,0,0.424,0.494437527366672,0,0,24.6010230591142,2.4425413621283,3,31
35,1,0.7416,0.178329025234933,1.932,0.251871871076227,0.009,0.0944877131056093,0.927,0.260266668512775,25.0964095239889,2.53384603282249,3,31
35,2,0.7535,0.173487313218713,1,0,0.178,0.382704144820072,0,0,25.318080791207,2.4779448434294,3,31
36,1,0.7465,0.175038248358433,1.933,0.250147103868051,0.006,0.0772655807586403,0.929,0.256953351846254,25.7887818535051,2.57975904877094,3,31
36,2,0.7563,0.168608240423589,1,0,0.063,0.243084532807191,0,0,26.0600791167075,2.51101014256571,3,31
37,1,0.7504,0.177062675883968,1.933,0.250147103868051,0.002,0.0446989708829856,0.932,0.251871871076227,26.486017156938,2.62504618856722,3,31
37,2,0.7575,0.17208533744443,1,0,0.045,0.207407854282373,0,0,26.8105225161795,2.54605015291867,3,31
38,1,0.7474,0.176817715471342,1.933,0.250147103868051,0.001,0.0316227766016838,0.933,0.250147103868051,27.1871181481169,2.67191486479238,3,31
38,2,0.7565,0.168125001162873,1,0,0.029,0.167890402308134,0,0,27.5629831152812,2.58276369649103,3,31
39,1,0.7499,0.171316488813364,1.933,0.250147103868051,0.003,0.054717401199198,0.933,0.250147103868051,27.885160408132,2.72073292966799,3,31
39,2,0.7561,0.169975532597141,1,0,0.05,0.218054001448145,0,0,28.3151692269186,2.61876735221539,3,31
40,1,0.7472,0.173557720318868,1.933,0.250147103868051,0.001,0.0316227766016838,0.933,0.250147103868051,28.5855235216831,2.76788417826688,3,31
40,2,0.7522,0.173277768871789,1,0,0.025,0.156203071030628,0,0,29.0658357642137,2.65543621051025,3,31
41,1,0.745,0.168770505371891,1.933,0.250147103868051,0.002,0.0446989708829856,0.933,0.250147103868051,29.2832269786686,2.81456808962147,3,31
41,2,0.7523,0.173045238751763,1,0,0.009,0.0944877131056093,0,0,29.8137878142111,2.68913203865527,3,31
42,1,0.7508,0.172363189425901,1.933,0.250147103868051,0,0,0.933,0.250147103868051,29.9786198718823,2.85817937243463,3,31
42,2,0.7435,0.180417017768004,1,0,0.016,0.125537881771837,0,0,30.562561386374,2.72749195230751,3,31
43,1,0.7495,0.169376617153722,1.933,0.250147103868051,0,0,0.933,0.250147103868051,30.679818496538,2.89440661343614,3,31
43,2,0.7447,0.173960260324513,1,0,0.005,0.0705689732104696,0,0,31.3021484325031,2.76104355875376,3,31
44,1,0.7526,0.17298312970681,1.933,0.250147103868051,0,0,0.933,0.250147103868051,31.3796525796083,2.92649309337843,3,31
44,2,0.7464,0.174061303388597,1,0,0.002,0.0446989708829856,0,0,32.0434040107086,2.79146484267433,3,31
45,1,0.7541,0.174796292133854,1.933,0.250147103868051,0,0,0.933,0.250147103868051,32.0825030685553,2.95829385999609,3,31
45,2,0.746,0.174626729037953,1,0,0.002,0.0446989708829856,0,0,32.7864273408327,2.82270746781964,3,31
46,1,0.7441,0.173248968843122,1.933,0.250147103868051,0,0,0.933,0.250147103868051,32.7867765372821,2.99174492951396,3,31
46,2,0.7474,0.173560834762234,1,0,0.001,0.0316227766016838,0,0,33.5289781646695,2.85515994352547,3,31
47,1,0.7444,0.174926382341942,1.933,0.250147103868051,0,0,0.932,0.251871871076227,33.4810254753137,3.02481701198317,3,31
47,2,0.74,0.172886928048045,1,0,0.001,0.0316227766016838,0,0,34.2728980784094,2.88813260159103,3,31
48,1,0.7466,0.169815421199835,1.933,0.250147103868051,0,0,0.932,0.251871871076227,34.1755533472293,3.06386203744955,3,31
48,2,0.7469,0.174415626624482,1,0,0.002,0.0446989708829856,0,0,35.0093783002838,2.92552606143045,3,31
49,1,0.7491,0.16943405176616,1.933,0.250147103868051,0,0,0.933,0.250147103868051,34.8722012311357,3.09985411413673,3,31
49,2,0.7527,0.173616971672855,1,0,0,0,0,0,35.7526020712857,2.96304482942516,3,31
50,1,0.7465,0.174752076635124,1.933,0.250147103868051,0,0,0.933,0.250147103868051,35.5712174740206,3.12767823583442,3,31
50,2,0.7573,0.167853760413298,1,0,0,0,0,0,36.5016226791859,2.99825249706685,3,31
51,1,0.7462,0.1775304961889,1.933,0.250147103868051,0,0,0.933,0.250147103868051,36.2675767834822,3.15715067062399,3,31
51,2,0.7531,0.169880102570163,1,0,0,0,0,0,37.2551454412852,3.03159000465491,3,31
52,1,0.7427,0.178377488850271,1.933,0.250147103868051,0,0,0.933,0.250147103868051,36.963567983194,3.19419106411464,3,31
52,2,0.7481,0.172760632773315,1,0,0,0,0,0,38.0044142176457,3.06253081384574,3,31
53,1,0.7409,0.173975450732158,1.933,0.250147103868051,0,0,0.933,0.250147103868051,37.6560077374531,3.22550085465863,3,31
53,2,0.7536,0.169339055494342,1,0,0,0,0,0,38.7486340009389,3.09344207692913,3,31
54,1,0.7446,0.175389856039628,1.933,0.250147103868051,0,0,0.933,0.250147103868051,38.3465877629749,3.26714323704499,3,31
54,2,0.7498,0.163115194162183,1,0,0,0,0,0,39.4982502879151,3.12141246845092,3,31
55,1,0.7325,0.181236300438396,1.933,0.250147103868051,0,0,0.933,0.250147103868051,39.0407788033495,3.31264806177976,3,31
55,2,0.7493,0.167174930708696,1,0,0,0,0,0,40.2440120789788,3.14666875278019,3,31
56,1,0.7391,0.177968713157293,1.933,0.250147103868051,0,0,0.933,0.250147103868051,39.7228667952521,3.3560586256542,3,31
56,2,0.7547,0.170431678267149,1,0,0,0,0,0,40.9892020364514,3.17640679156405,3,31
57,1,0.7355,0.171052649815807,1.933,0.250147103868051,0,0,0.933,0.250147103868051,40.4114497198128,3.3935054309432,3,31
57,2,0.7525,0.168588766447151,1,0,0,0,0,0,41.7396873179388,3.2141272385155,3,31
58,1,0.7413,0.16891667425936,1.933,0.250147103868051,0,0,0.933,0.250147103868051,41.0963842487303,3.42501286045504,3,31
58,2,0.7516,0.16776646144443,1,0,0,0,0,0,42.4879100558504,3.242688534981,3,31
59,1,0.7444,0.17657808420022,1.933,0.250147103868051,0,0,0.933,0.250147103868051,41.7870167398901,3.45433495674514,3,31
59,2,0.7442,0.170162614329104,1,0,0,0,0,0,43.2351631766389,3.2710436395306,3,31
60,1,0.7405,0.173030892298716,1.933,0.250147103868051,0,0,0.933,0.250147103868051,42.4806619307411,3.47960800139328,3,31
60,2,0.7455,0.17282829519387,1,0,0,0,0,0,43.9749851057415,3.30253061495574,3,31
61,1,0.7455,0.181418473873701,1.933,0.250147103868051,0,0,0.933,0.250147103868051,43.1703610881764,3.50781858834904,3,31
61,2,0.7488,0.174209382379104,1,0,0,0,0,0,44.7160252756168,3.33566004444147,3,31
62,1,0.7525,0.181401920212154,1.933,0.250147103868051,0,0,0.933,0.250147103868051,43.8649608670162,3.53200536514492,3,31
62,2,0.7449,0.169359595750204,1,0,0,0,0,0,45.4602712717465,3.37054995560979,3,31
63,1,0.7462,0.174286935643312,1.933,0.250147103868051,0,0,0.933,0.250147103868051,44.5664479179838,3.56289857192947,3,31
63,2,0.7497,0.173810586904596,1,0,0,0,0,0,46.2005669496749,3.40055967738643,3,31
64,1,0.749,0.176834018984669,1.933,0.250147103868051,0,0,0.933,0.250147103868051,45.2616043874571,3.59106273470607,3,31
64,2,0.7499,0.173176153034937,1,0,0,0,0,0,46.9455584515892,3.43164917236262,3,31
65,1,0.7489,0.17438233625915,1.933,0.250147103868051,0,0,0.933,0.250147103868051,45.959473477615,3.62475431133117,3,31
65,2,0.7496,0.169554087501861,1,0,0,0,0,0,47.6906741783769,3.45769533287368,3,31
66,1,0.746,0.176338013755104,1.933,0.250147103868051,0,0,0.933,0.250147103868051,46.6571734287882,3.66439923057203,3,31
66,2,0.7517,0.170781369816137,1,0,0,0,0,0,48.4354173373651,3.48216342424427,3,31
67,1,0.7442,0.175776156680186,1.933,0.250147103868051,0,0,0.933,0.250147103868051,47.3519226878938,3.70310637926144,3,31
67,2,0.746,0.172956393099284,1,0,0,0,0,0,49.1821722069864,3.50483969193514,3,31
68,1,0.7481,0.177561025897909,1.933,0.250147103868051,0,0,0.933,0.250147103868051,48.0448144923615,3.74725145022588,3,31
68,2,0.7501,0.168963127748449,1,0,0,0,0,0,49.9231904653664,3.53157581959098,3,31
69,1,0.7502,0.175814876705218,1.933,0.250147103868051,0,0,0.933,0.250147103868051,48.7415105762957,3.79286688564724,3,31
69,2,0.7481,0.175690800149744,1,0,0,0,0,0,50.6682068351134,3.55669101085388,3,31
70,1,0.7494,0.180477733286442,1.933,0.250147103868051,0,0,0.933,0.250147103868051,49.4402225497777,3.83226883601126,3,31
70,2,0.7445,0.178610334672022,1,0,0,0,0,0,51.411162456408,3.57695196815282,3,31
71,1,0.7427,0.178545760488981,1.933,0.250147103868051,0,0,0.933,0.250147103868051,50.138070232786,3.87547839735347,3,31
71,2,0.747,0.175675444675293,1,0,0,0,0,0,52.1504688953973,3.59851695160342,3,31
72,1,0.7494,0.175870891766007,1.933,0.250147103868051,0,0,0.933,0.250147103868051,50.8291955349133,3.91694007836007,3,31
72,2,0.7467,0.1778784718586,1,0,0,0,0,0,52.892183715725,3.62462265809853,3,31
73,1,0.7468,0.177429538806934,1.933,0.250147103868051,0,0,0.933,0.250147103868051,51.5269036553635,3.9642403514819,3,31
73,2,0.7435,0.170841847733326,1,0,0,0,0,0,53.6335265169205,3.66386111479455,3,31
74,1,0.7476,0.175285381492482,1.933,0.250147103868051,0,0,0.933,0.250147103868051,52.221960916835,4.0067990385536,3,31
74,2,0.7422,0.174153637600509,1,0,0,0,0,0,54.3716184599386,3.6922630890669,3,31
75,1,0.75,0.173753245121322,1.933,0.250147103868051,0,0,0.933,0.250147103868051,52.9177427741367,4.04989255927064,3,31
75,2,0.7456,0.175189415580198,1,0,0,0,0,0,55.1083461787335,3.71895343260795,3,31
76,1,0.7534,0.179891080381437,1.933,0.250147103868051,0,0,0.933,0.250147103868051,53.6158371196908,4.08828594921214,3,31
76,2,0.7428,0.176973103830722,1,0,0,0,0,0,55.8483748188773,3.74330925111174,3,31
77,1,0.7536,0.174406013249135,1.933,0.250147103868051,0,0,0.933,0.250147103868051,54.3172359124719,4.12599225991938,3,31
77,2,0.7406,0.178166729170694,1,0,0,0,0,0,56.5855506565537,3.77150155484823,3,31
78,1,0.7526,0.177100549419262,1.933,0.250147103868051,0,0,0.933,0.250147103868051,55.018763031211,4.16175292571448,3,31
78,2,0.7405,0.176240775108403,1,0,0,0,0,0,57.3204696524349,3.79775569504435,3,31
79,1,0.747,0.184132845806784,1.933,0.250147103868051,0,0,0.933,0.250147103868051,55.7192277672842,4.19152836784574,3,31
79,2,0.7403,0.173424294682106,1,0,0,0,0,0,58.0552159334211,3.82744731684533,3,31
80,1,0.745,0.179296255251322,1.933,0.250147103868051,0,0,0.931,0.253580960056751,56.4140665247898,4.22172888788924,3,31
80,2,0.7445,0.17561489284964,1,0,0,0,0,0,58.7896903136329,3.85424838482549,3,31
81,1,0.7426,0.180770345792439,1.933,0.250147103868051,0,0,0.931,0.253580960056751,57.1069509385354,4.24924940586531,3,31
81,2,0.7473,0.178282064421788,1,0,0,0,0,0,59.5282577787824,3.88970765383571,3,31
82,1,0.7361,0.183249475771066,1.933,0.250147103868051,0,0,0.931,0.253580960056751,57.7973854262841,4.27655411766345,3,31
82,2,0.7466,0.176123421098556,1,0,0,0,0,0,60.2695287976669,3.92606060768436,3,31
83,1,0.7467,0.18210511325131,1.933,0.250147103868051,0,0,0,0,58.4813039552935,4.30540041708366,3,31
83,2,0.7514,0.177114114088656,1,0,0,0,0,0,61.0100314062644,3.95763060487213,3,31
84,1,0.7429,0.174585423418079,1.933,0.250147103868051,0,0,0,0,59.2218316870239,4.33438070084081,3,31
84,2,0.7538,0.177755892046247,1,0,0,0,0,0,61.7552202875048,3.99207439842359,3,31
0,1,1,0,1,0,1,0,0,0,0,0,4,31
0,2,1,0,1,0,1,0,0,0,0,0,4,31
1,1,0.883,0.106688248567414,1.116,0.320385153598987,0.884,0.320385153598987,0.116,0.320385153598987,0.95,0,4,31
1,2,0.8836,0.107993993826984,1,0,1,0,0,0,0.95,0,4,31
2,1,0.8305,0.132503989778826,1.197,0.397931337480914,0.803,0.397931337480914,0.197,0.397931337480914,1.7829167,0.106677579742558,4,31
2,2,0.8307,0.13515093701405,1,0,1,0,0,0,1.78351664,0.107983194427602,4,31
3,1,0.8048,0.143797210117713,1.278,0.448237567498438,0.722,0.448237567498438,0.278,0.448237567498438,2.563260607805,0.200587406415598,4,31
3,2,0.8119,0.147411397524479,1,0,1,0,0,0,2.564060507807,0.204533968848448,4,31
4,1,0.7899,0.149299297655013,1.358,0.479652026021017,0.642,0.479652026021017,0.358,0.479652026021017,3.31783419044825,0.291999346241662,4,31
4,2,0.7943,0.154341605963302,1,0,1,0,0,0,3.32573196066324,0.298134382646749,4,31
5,1,0.7794,0.154659495536354,1.437,0.496263314458441,0.563,0.496263314458441,0.437,0.496263314458441,4.05743827483929,0.382307476695135,4,31
5,2,0.7759,0.15547785489697,1,0,1,0,0,0,4.06973428531826,0.396938982706171,4,31
6,1,0.772,0.160691698048847,1.497,0.500241183071967,0.503,0.500241183071967,0.497,0.500241183071967,4.78647364777199,0.472187726881255,4,31
6,2,0.7733,0.158563086032822,1,0,1,0,0,0,4.795271407901,0.487962790372008,4,31
7,1,0.7669,0.163771826671168,1.543,0.498396829242923,0.457,0.498396829242923,0.543,0.498396829242923,5.50804055605755,0.561210196302686,4,31
7,2,0.76,0.162500481249769,1,0,1,0,0,0,5.51813753638154,0.580816477185408,4,31
8,1,0.767,0.171640497728422,1.595,0.491137675419242,0.398,0.489730370546728,0.595,0.491137675419242,6.22443887658146,0.648391373718024,4,31
8,2,0.7567,0.169185500956003,1,0,0.986,0.117549214450024,0,0,6.22764068545669,0.668175712937066,4,31
9,1,0.7602,0.171129323160133,1.627,0.483844091733179,0.358,0.479652026021017,0.627,0.483844091733179,6.9412151973993,0.739222678425694,4,31
9,2,0.7494,0.168962090979569,1,0,0.962,0.191291904148065,0,0,6.93447496348908,0.752155500432788,4,31
10,1,0.7573,0.169397182401023,1.659,0.474282557073254,0.314,0.464348597090181,0.659,0.474282557073254,7.65152559828159,0.826935661385187,4,31
10,2,0.748,0.173684098771782,1,0,0.911,0.284886223184204,0,0,7.63514404589818,0.830541880586594,4,31
11,1,0.7501,0.166155341766666,1.688,0.463541660340115,0.249,0.432650189166937,0.688,0.463541660340115,8.35946726708906,0.915877283846458,4,31
11,2,0.7525,0.17727147310037,1,0,0.796,0.403170617166661,0,0,8.3368919119164,0.918597100736024,4,31
12,1,0.7514,0.166028930026082,1.708,0.454909818472786,0.267,0.44261372200476,0.708,0.454909818472786,9.06194407876055,1.00051301164408,4,31
12,2,0.7476,0.178510801090875,1,0,0.873,0.333139583331045,0,0,9.04880833378383,1.01505643439007,4,31
13,1,0.746,0.166708703407446,1.726,0.446232140396815,0.274,0.446232140396815,0.706,0.455819889618445,9.763751362355,1.07632419484463,4,31
13,2,0.7526,0.175795745523446,1,0,1,0,0,0,9.75191405823599,1.11096483953606,4,31
14,1,0.7503,0.170789575440303,1.753,0.431482534034898,0.247,0.431482534034898,0.711,0.453524734369234,10.4598458058157,1.15230435728112,4,31
14,2,0.749,0.179642064314768,1,0,1,0,0,0,10.4536012260631,1.18806220599815,4,31
15,1,0.7537,0.167971796812812,1.783,0.412408876093957,0.209,0.406797842281009,0.733,0.44261372200476,11.1612630847441,1.22899988323672,4,31
15,2,0.7466,0.176350615364788,1,0,0.958,0.200689502157627,0,0,11.1516232618987,1.27047328240371,4,31
16,1,0.7536,0.169634359184146,1.806,0.395626743939942,0.138,0.345072564941166,0.756,0.429707631592282,11.8668039263527,1.2982201348076,4,31
16,2,0.7501,0.172306934508393,1,0,0.735,0.441554039693863,0,0,11.8492759452159,1.34453064828309,4,31
17,1,0.7507,0.17008362189946,1.82,0.384379692163553,0.097,0.296105857217784,0.768,0.422320203582962,12.5745705366358,1.36259176353827,4,31
17,2,0.7542,0.17020966873633,1,0,0.533,0.49915945364198,0,0,12.5614854408366,1.41685920476728,4,31
18,1,0.7498,0.169436326295953,1.831,0.374939434548541,0.066,0.248406331855099,0.78,0.414453582167861,13.2808188332869,1.42390640426033,4,31
18,2,0.7453,0.168185005860202,1,0,0.412,0.492441365543654,0,0,13.28779959481,1.48597976182779,4,31
19,1,0.7525,0.173042462111742,1.834,0.372266816386557,0.053,0.224145580463326,0.788,0.408929362143663,13.9870464151848,1.48799318405266,4,31
19,2,0.7418,0.171178450927861,1,0,0.34,0.47394580346768,0,0,14.0111962430099,1.55770471044664,4,31
20,1,0.745,0.172814538927906,1.837,0.369550493934953,0.065,0.246649216167082,0.793,0.40535825551642,14.6961477743662,1.55670688089002,4,31
20,2,0.7468,0.172915180535601,1,0,0.375,0.48436516143258,0,0,14.7346203617158,1.62928852516034,4,31
21,1,0.7462,0.177078843786933,1.843,0.363982806576744,0.057,0.231958627355839,0.801,0.399447817065707,15.3968449075561,1.61497153680961,4,31
21,2,0.7503,0.171724778058961,1,0,0.381,0.485875575713654,0,0,15.4612156441812,1.69419286193451,4,31
22,1,0.7464,0.176800164870676,1.848,0.359200535947575,0.064,0.244875404979683,0.807,0.394850486775573,16.0986694535512,1.67380672199053,4,31
22,2,0.7448,0.173213633883026,1,0,0.441,0.496755237280661,0,0,16.1909315538341,1.74857614942556,4,31
23,1,0.7428,0.170226722746862,1.855,0.352277020396022,0.055,0.228094337998616,0.812,0.390907672998125,16.7999748060528,1.72963344589693,4,31
23,2,0.7426,0.177698668584818,1,0,0.422,0.494125652198062,0,0,16.9120931722741,1.80372643679444,4,31
24,1,0.7525,0.165774639891725,1.861,0.346119630761965,0.055,0.228094337998616,0.826,0.379299179893482,17.4978178394232,1.78409455101135,4,31
24,2,0.7434,0.176543500609928,1,0,0.428,0.495036423974096,0,0,17.6319355463919,1.86898006551903,4,31
25,1,0.7521,0.171128241020805,1.873,0.333139583331045,0.065,0.246649216167082,0.839,0.367714854492192,18.204569513312,1.83477722161072,4,31
25,2,0.7422,0.17575565438998,1,0,0.557,0.496988931464271,0,0,18.3522047376514,1.93591852992278,4,31
26,1,0.7566,0.170603474599861,1.879,0.326290461805836,0.103,0.304110972316823,0.847,0.360167628640777,18.9097043823871,1.88473389781513,4,31
26,2,0.7485,0.179080484195849,1,0,0.833,0.373162498451077,0,0,19.0647710040593,2.00215029488666,4,31
27,1,0.7553,0.169707721423366,1.889,0.314289321768618,0.105,0.306706812883361,0.859,0.34819569244929,19.6169630251195,1.93831381558463,4,31
27,2,0.7483,0.175007821933015,1,0,0.888,0.315524255098646,0,0,19.769785489485,2.06182397898578,4,31
28,1,0.7525,0.172579064586448,1.899,0.301479501608136,0.096,0.294738648417324,0.869,0.337569182469243,20.3221563349734,1.99364057583686,4,31
28,2,0.7392,0.173532341289667,1,0,0.896,0.305413289293831,0,0,20.4717874281164,2.1156426802757,4,31
29,1,0.7533,0.179168108800677,1.902,0.297463417052391,0.088,0.283436653127884,0.879,0.326290461805836,21.0244370947328,2.05202000885338,4,31
29,2,0.7409,0.181135308540328,1,0,0.868,0.338660140392534,0,0,21.1642457306749,2.16528718216507,4,31
30,1,0.7408,0.177276018645464,1.907,0.290577761426155,0.081,0.272971634998059,0.886,0.317970289657863,21.7273455992555,2.10794409285912,4,31
30,2,0.7419,0.180241163103429,1,0,0.811,0.391704521843229,0,0,21.8597258099779,2.21980645081121,4,31
31,1,0.7409,0.178238488994266,1.914,0.28050433629925,0.064,0.244875404979683,0.894,0.307991653878573,22.4177212586036,2.1650162266423,4,31
31,2,0.7431,0.173558383584638,1,0,0.728,0.4452125494797,0,0,22.5589748080048,2.27001806282998,4,31
32,1,0.7378,0.176698563611543,1.925,0.263523138347365,0.042,0.200689502157627,0.911,0.284886223184204,23.1085761779407,2.21436383207598,4,31
32,2,0.7462,0.175260595332426,1,0,0.508,0.500186151533793,0,0,23.2634873209855,2.30912215434368,4,31
33,1,0.7407,0.178508754338199,1.93,0.255274685711618,0.031,0.173404351355637,0.916,0.277526613176144,23.7965211176641,2.26394018814716,4,31
33,2,0.7489,0.175526635014745,1,0,0.482,0.499925920438144,0,0,23.9819843325809,2.3499185692303,4,31
34,1,0.74,0.182519350517454,1.934,0.248406331855099,0.029,0.167890402308134,0.927,0.260266668512775,24.487586719772,2.31430373700851,4,31
34,2,0.7458,0.175650827533528,1,0,0.41,0.492079406338187,0,0,24.7043963155733,2.39306497625989,4,31
35,1,0.7366,0.18009129038594,1.936,0.244875404979683,0.013,0.113330683593826,0.931,0.253580960056751,25.1774371188751,2.35920649596171,4,31
35,2,0.7399,0.174322627270181,1,0,0.193,0.394850486775573,0,0,25.4272343601695,2.43452886501377,4,31
36,1,0.7345,0.178357959064241,1.936,0.244875404979683,0.001,0.0316227766016838,0.934,0.248406331855099,25.8644283162966,2.40529495695902,4,31
36,2,0.7349,0.177830294420309,1,0,0.076,0.265130711714607,0,0,26.1549328253813,2.48633870715743,4,31
37,1,0.7363,0.178056210265225,1.936,0.244875404979683,0.004,0.0631505185092568,0.935,0.246649216167082,26.5497067442151,2.44891525069907,4,31
37,2,0.747,0.179619774143225,1,0,0.04,0.196057232558349,0,0,26.8834054660956,2.53986157442401,4,31
38,1,0.7327,0.17484645058245,1.937,0.243084532807191,0.001,0.0316227766016838,0.937,0.243084532807191,27.2365107349344,2.49434790294355,4,31
38,2,0.7497,0.17745816803236,1,0,0.027,0.162164414398774,0,0,27.6256539220119,2.58925716448242,4,31
39,1,0.7361,0.180331110209274,1.937,0.243084532807191,0.004,0.0631505185092568,0.937,0.243084532807191,27.919709510328,2.53925088159327,4,31
39,2,0.7437,0.176384300382493,1,0,0.074,0.261901875885975,0,0,28.3711654466048,2.63467270007835,4,31
40,1,0.7388,0.179741110675513,1.937,0.243084532807191,0.001,0.0316227766016838,0.937,0.243084532807191,28.606077314897,2.59225782157752,4,31
40,2,0.7424,0.17892527561598,1,0,0.033,0.178725887724591,0,0,29.108284923248,2.67630289384164,4,31
41,1,0.7484,0.179860473116774,1.938,0.241276219744537,0.002,0.0446989708829856,0.938,0.241276219744537,29.2952151048873,2.63975332966751,4,31
41,2,0.7504,0.176382966725676,1,0,0.016,0.125537881771837,0,0,29.8460776937862,2.71726287480012,4,31
42,1,0.7451,0.178347407600441,1.939,0.239450070654273,0.002,0.0446989708829856,0.939,0.239450070654273,29.9937451088975,2.68832626549105,4,31
42,2,0.7508,0.174211680749913,1,0,0.012,0.108939744206914,0,0,30.592610472523,2.75978577745685,4,31
43,1,0.7472,0.177830772881928,1.939,0.239450070654273,0,0,0.939,0.239450070654273,30.6888693011022,2.73731788932558,4,31
43,2,0.7492,0.169611698087508,1,0,0.001,0.0316227766016838,0,0,31.3396660831411,2.80387960761458,4,31
44,1,0.7427,0.176912430337747,1.939,0.239450070654273,0,0,0.939,0.239450070654273,31.3861145407265,2.78315835311168,4,31
44,2,0.7468,0.167385118149069,1,0,0.002,0.0446989708829856,0,0,32.0856014937296,2.84989936826431,4,31
45,1,0.7415,0.174293224561737,1.939,0.239450070654273,0,0,0.939,0.239450070654273,32.0788098133164,2.82759297256959,4,31
45,2,0.7508,0.17530000025696,1,0,0.002,0.0446989708829856,0,0,32.8290230676324,2.89348938802764,4,31
46,1,0.7421,0.179693850423101,1.939,0.239450070654273,0,0,0.939,0.239450070654273,32.7702412045161,2.8686044636641,4,31
46,2,0.7478,0.170482328187482,1,0,0.004,0.0631505185092568,0,0,33.5763523389212,2.93251310213039,4,31
47,1,0.7407,0.181621850272748,1.939,0.239450070654273,0,0,0.939,0.239450070654273,33.4622006987776,2.90655451754942,4,31
47,2,0.752,0.173164621057495,1,0,0.001,0.0316227766016838,0,0,34.3205211052448,2.9722436101817,4,31
48,1,0.7387,0.178056210265225,1.939,0.239450070654273,0,0,0.939,0.239450070654273,34.1526975619783,2.94706906767715,4,31
48,2,0.7454,0.174497247225534,1,0,0.003,0.054717401199198,0,0,35.0689450566448,3.00727605232774,4,31
49,1,0.7405,0.176354333235254,1.939,0.239450070654273,0,0,0.939,0.239450070654273,34.8411349529672,2.98993527893314,4,31
49,2,0.745,0.173103913777144,1,0,0,0,0,0,35.8106262501895,3.04536118760164,4,31
50,1,0.7439,0.181206030875425,1.939,0.239450070654273,0,0,0.939,0.239450070654273,35.5312947013519,3.02879620348474,4,31
50,2,0.7446,0.175161415618627,1,0,0,0,0,0,36.5519844976794,3.08336283646177,4,31
51,1,0.7433,0.178401056434476,1.939,0.239450070654273,0,0,0.939,0.239450070654273,36.2247684753453,3.073587864161,4,31
51,2,0.735,0.173854034250647,1,0,0,0,0,0,37.2928706044523,3.11751766283621,4,31
52,1,0.7447,0.176983708948686,1.939,0.239450070654273,0,0,0.939,0.239450070654273,36.9175759543237,3.12127436271004,4,31
52,2,0.7371,0.178901077681482,1,0,0,0,0,0,38.0241314604143,3.15112432945355,4,31
53,1,0.7523,0.177104703709631,1.939,0.239450070654273,0,0,0.938,0.241276219744537,37.6117068910873,3.17119015972557,4,31
53,2,0.7407,0.179459509961762,1,0,0,0,0,0,38.7574082980903,3.18331414986092,4,31
54,1,0.7489,0.175754600735456,1.939,0.239450070654273,0,0,0.939,0.239450070654273,38.3133779749952,3.21694310214498,4,31
54,2,0.7471,0.181506293374457,1,0,0,0,0,0,39.4941927776064,3.21954936787697,4,31
55,1,0.7441,0.177979961981305,1.939,0.239450070654273,0,0,0.939,0.239450070654273,39.0115474725107,3.26156285664785,4,31
55,2,0.7503,0.185834454406185,1,0,0,0,0,0,40.2372691100999,3.25192585623646,4,31
56,1,0.7437,0.176213964717219,1.939,0.239450070654273,0,0,0.939,0.239450070654273,39.7048734819222,3.30153469435853,4,31
56,2,0.7424,0.181921233877014,1,0,0,0,0,0,40.9834535823963,3.28804573513036,4,31
57,1,0.7493,0.174499168937734,1.939,0.239450070654273,0,0,0.939,0.239450070654273,40.3977323925839,3.34386218007044,4,31
57,2,0.7441,0.178260951885058,1,0,0,0,0,0,41.7217075548043,3.31969900147964,4,31
58,1,0.7558,0.174805368673039,1.939,0.239450070654273,0,0,0.939,0.239450070654273,41.0960901865668,3.37906499839009,4,31
58,2,0.7429,0.179113571991828,1,0,0,0,0,0,42.4615780388973,3.34774523422539,4,31
59,1,0.754,0.172840602503792,1.939,0.239450070654273,0,0,0.939,0.239450070654273,41.8008405520151,3.41281816688622,4,31
59,2,0.7488,0.178859024235711,1,0,0,0,0,0,43.2001814761428,3.38248104474183,4,31
60,1,0.7527,0.173674617814098,1.939,0.239450070654273,0,0,0.939,0.239450070654273,42.5037310316873,3.44584588554763,4,31
60,2,0.7443,0.176744869087475,1,0,0,0,0,0,43.9445763438021,3.40725763383079,4,31
61,1,0.7496,0.173406775847744,1.939,0.239450070654273,0,0,0.939,0.239450070654273,43.2052589993459,3.47883864785911,4,31
61,2,0.737,0.177094218884644,1,0,0,0,0,0,44.6844236924784,3.43461708339425,4,31
62,1,0.7453,0.169430270662053,1.939,0.239450070654273,0,0,0.939,0.239450070654273,43.9036356675891,3.51147017127547,4,31
62,2,0.7361,0.17708232025854,1,0,0,0,0,0,45.4169414530922,3.46548935111064,4,31
63,1,0.7444,0.170756545402505,1.939,0.239450070654273,0,0,0.939,0.239450070654273,44.5976690770149,3.53950031179409,4,31
63,2,0.7398,0.177728859636097,1,0,0,0,0,0,46.1484915249449,3.49866930418871,4,31
64,1,0.7526,0.175567833227115,1.939,0.239450070654273,0,0,0.939,0.239450070654273,45.2907387355585,3.57114287047055,4,31
64,2,0.7428,0.175781281879098,1,0,0,0,0,0,46.8836452039048,3.52819303544958,4,31
65,1,0.743,0.168817947800284,1.939,0.239450070654273,0,0,0.939,0.239450070654273,45.9918867721071,3.60582406204232,4,31
65,2,0.7458,0.173356316332611,1,0,0,0,0,0,47.6217062278519,3.55678000152141,4,31
66,1,0.7452,0.172414287942405,1.939,0.239450070654273,0,0,0.939,0.239450070654273,46.6834268945907,3.63877526956606,4,31
66,2,0.7454,0.17620978942695,1,0,0,0,0,0,48.3626740079658,3.58956986531067,4,31
67,1,0.7447,0.176303695346958,1.939,0.239450070654273,0,0,0.939,0.239450070654273,47.3770833901515,3.67079210994096,4,31
67,2,0.7475,0.175283982367113,1,0,0,0,0,0,49.1031703227399,3.6265397401227,4,31
68,1,0.7475,0.173792847821635,1.939,0.239450070654273,0,0,0.939,0.239450070654273,48.0701738590317,3.70433264841964,4,31
68,2,0.7471,0.174877591966987,1,0,0,0,0,0,49.8456785642132,3.66319553051475,4,31
69,1,0.7405,0.176524533453316,1.939,0.239450070654273,0,0,0.939,0.239450070654273,48.7659760425089,3.73981228345641,4,31
69,2,0.7523,0.176708618736993,1,0,0,0,0,0,50.5877152657702,3.70186645105792,4,31
70,1,0.7385,0.177536670210042,1.939,0.239450070654273,0,0,0.939,0.239450070654273,49.454756781914,3.77684762192969,4,31
70,2,0.7523,0.174886521193874,1,0,0,0,0,0,51.3348420053772,3.73930835710009,4,31
71,1,0.7433,0.175914911409056,1.939,0.239450070654273,0,0,0.939,0.239450070654273,50.1414825950543,3.81689522295798,4,31
71,2,0.7514,0.177903596618196,1,0,0,0,0,0,52.0818940323102,3.76726614516122,4,31
72,1,0.7494,0.175529058706672,1.939,0.239450070654273,0,0,0.939,0.239450070654273,50.8329057746195,3.8481129629279,4,31
72,2,0.754,0.171094340272474,1,0,0,0,0,0,52.8279777217268,3.79883949397399,4,31
73,1,0.7494,0.172422067524344,1.939,0.239450070654273,0,0,0.939,0.239450070654273,51.5303160474196,3.88227041642651,4,31
73,2,0.7536,0.176062596930859,1,0,0,0,0,0,53.5765681490757,3.83358457385469,4,31
74,1,0.7525,0.180849264462028,1.939,0.239450070654273,0,0,0.939,0.239450070654273,52.2276565791924,3.91369610865749,4,31
74,2,0.755,0.172582689702023,1,0,0,0,0,0,54.3246866268947,3.86681027078653,4,31
75,1,0.7506,0.177851823918877,1.939,0.239450070654273,0,0,0.939,0.239450070654273,52.9280045204424,3.9440203669661,4,31
75,2,0.7517,0.178966866037094,1,0,0,0,0,0,55.0741199705894,3.89843526295677,4,31
76,1,0.74,0.179421827524391,1.939,0.239450070654273,0,0,0.939,0.239450070654273,53.6263966243013,3.98080242761342,4,31
76,2,0.7487,0.175810179509661,1,0,0,0,0,0,55.8202030295971,3.93423878691671,4,31
77,1,0.7423,0.178697069485324,1.939,0.239450070654273,0,0,0.939,0.239450070654273,54.3141991475937,4.01780356098515,4,31
77,2,0.7482,0.177843719001792,1,0,0,0,0,0,56.5632341950094,3.97055982907766,4,31
78,1,0.7414,0.179438675424888,1.939,0.239450070654273,0,0,0.939,0.239450070654273,55.0042152477638,4.05669046482272,4,31
78,2,0.7479,0.172003416172979,1,0,0,0,0,0,57.3056948927116,4.00987153721037,4,31
79,1,0.746,0.171969687949864,1.939,0.239450070654273,0,0,0.939,0.239450070654273,55.6932693393652,4.09734927942948,4,31
79,2,0.743,0.177433036615176,1,0,0,0,0,0,58.0477836753579,4.04402726459233,4,31
80,1,0.7514,0.175410401085023,1.939,0.239450070654273,0,0,0.939,0.239450070654273,56.3868183269204,4.13451470474791,4,31
80,2,0.7419,0.178455137881307,1,0,0,0,0,0,58.7849368085437,4.06935636176552,4,31
81,1,0.7487,0.174553082982738,1.939,0.239450070654273,0,0,0.939,0.239450070654273,57.085654929774,4.16687949911005,4,31
81,2,0.7436,0.178636365141454,1,0,0,0,0,0,59.5209249917464,4.10096163828491,4,31
82,1,0.7519,0.17328132160281,1.939,0.239450070654273,0,0,0.939,0.239450070654273,57.7817434317173,4.19976454292656,4,31
82,2,0.7436,0.17547031039418,1,0,0,0,0,0,60.2585258610659,4.13568494112009,4,31
83,1,0.7474,0.175453766058253,1.939,0.239450070654273,0,0,0,0,58.4809361907995,4.23268469954649,4,31
83,2,0.7453,0.176150330510445,1,0,0,0,0,0,60.9960529702986,4.16878894701321,4,31
84,1,0.7442,0.174404061812725,1.939,0.239450070654273,0,0,0,0,59.2221581362868,4.26748925475347,4,31
84,2,0.7426,0.180049042368066,1,0,0,0,0,0,61.7351922745154,4.20007235530867,4,31
0,1,1,0,1,0,1,0,0,0,0,0,5,31
0,2,1,0,1,0,1,0,0,0,0,0,5,31
1,1,0.8842,0.105078072885838,1.098,0.297463417052391,0.902,0.297463417052391,0.098,0.297463417052391,0.95,0,5,31
1,2,0.8794,0.109029938675244,1,0,1,0,0,0,0.95,0,5,31
2,1,0.8357,0.132789845783264,1.193,0.394850486775573,0.807,0.394850486775573,0.193,0.394850486775573,1.78411658,0.105067565078549,5,31
2,2,0.8301,0.134544015445103,1,0,1,0,0,0,1.77931706,0.109019035681377,5,31
3,1,0.8014,0.151528878439065,1.274,0.446232140396815,0.726,0.446232140396815,0.274,0.446232140396815,2.569659447857,0.200103398687684,5,31
3,2,0.8049,0.150161707963577,1,0,1,0,0,0,2.559261047801,0.204862191046653,5,31
4,1,0.7826,0.155568124760317,1.335,0.472226638382459,0.665,0.472226638382459,0.335,0.472226638382459,3.32083405039825,0.298674831058774,5,31
4,2,0.7865,0.149967463938817,1,0,1,0,0,0,3.31393460044724,0.306799742561769,5,31
5,1,0.7741,0.161633274158867,1.397,0.489520817361867,0.603,0.489520817361867,0.397,0.489520817361867,4.05314105435132,0.397045750331053,5,31
5,2,0.7772,0.162870152841724,1,0,1,0,0,0,4.0501400446343,0.399502377808412,5,31
6,1,0.7656,0.16812169671076,1.48,0.499849827298009,0.52,0.499849827298009,0.48,0.499849827298009,4.77687907675408,0.494446430310831,5,31
6,2,0.765,0.165355200530078,1,0,1,0,0,0,4.77697651734703,0.49438181075443,5,31
7,1,0.7624,0.164357090669229,1.527,0.499520290399219,0.473,0.499520290399219,0.527,0.499520290399219,5.49204982407977,0.593981617155052,5,31
7,2,0.7581,0.166559695401175,1,0,1,0,0,0,5.49154762458273,0.59109210495696,5,31
8,1,0.7639,0.164297850819126,1.567,0.495738597202958,0.427,0.494889801790172,0.567,0.495738597202958,6.20395129365884,0.691195983522414,5,31
8,2,0.7541,0.169976710410815,1,0,0.981,0.136593036636783,0,0,6.19915210325895,0.685965272183391,5,31
9,1,0.7484,0.171659275621526,1.615,0.486838794686714,0.359,0.479947236005532,0.615,0.486838794686714,6.91758013359485,0.782241277141563,5,31
9,2,0.7537,0.16957318498237,1,0,0.956,0.205197724417465,0,0,6.90363826063347,0.778368932890168,5,31
10,1,0.7531,0.174587716838473,1.648,0.477832946043201,0.318,0.465932498429862,0.648,0.477832946043201,7.61665065542808,0.871296943468107,5,31
10,2,0.7497,0.173233714732208,1,0,0.928,0.258617251711642,0,0,7.60890320469818,0.864696946542591,5,31
11,1,0.7542,0.168554948817206,1.683,0.465540253606203,0.256,0.436640189005381,0.683,0.465540253606203,8.32074617250352,0.959260120498244,5,31
11,2,0.7487,0.177397237238295,1,0,0.797,0.402433787041984,0,0,8.3115002210988,0.956429353759302,5,31
12,1,0.7513,0.169490521968153,1.715,0.451640320364534,0.257,0.437198058255228,0.715,0.451640320364534,9.02721858637435,1.03975176113418,5,31
12,2,0.7478,0.172988684846972,1,0,0.886,0.317970289657863,0,0,9.01957087584937,1.05160121743336,5,31
13,1,0.7523,0.171008637074137,1.751,0.432650189166937,0.249,0.432650189166937,0.721,0.448731947113597,9.72907581000179,1.1161867821856,5,31
13,2,0.7525,0.170947281268153,1,0,1,0,0,0,9.72222714000463,1.13522766157446,5,31
14,1,0.7473,0.172227675976808,1.775,0.417791275099839,0.225,0.417791275099839,0.72,0.449223554371097,10.4319614187645,1.19280610826726,5,31
14,2,0.7551,0.170185055022328,1,0,1,0,0,0,10.4238144377538,1.20814643777856,5,31
15,1,0.7514,0.173574676056642,1.795,0.403903624814309,0.194,0.395626743939942,0.735,0.441554039693863,11.1310319855553,1.27168786493637,5,31
15,2,0.7527,0.167692667790905,1,0,0.971,0.167890402308134,0,0,11.1279279391382,1.26880854160328,5,31
16,1,0.7508,0.170553359534336,1.814,0.389301368550838,0.137,0.344019402576874,0.754,0.430894035314565,11.8349253004321,1.34867454845199,5,31
16,2,0.7505,0.167295360777691,1,0,0.731,0.443661848524116,0,0,11.8310224531754,1.33057469304743,5,31
17,1,0.7495,0.171081907339786,1.828,0.377569276502417,0.087,0.281976081451088,0.766,0.423584021680969,12.5400461475368,1.42225841626765,5,31
17,2,0.7443,0.16928132255558,1,0,0.544,0.498309454367778,0,0,12.5438309895157,1.39689197465207,5,31
18,1,0.7481,0.169779902271191,1.838,0.368635174517967,0.059,0.235742602375079,0.78,0.414453582167861,13.2456954633723,1.49442078007513,5,31
18,2,0.7499,0.169554530280788,1,0,0.418,0.49347696959384,0,0,13.2597128942842,1.46291355215038,5,31
19,1,0.7522,0.17018849586304,1.843,0.363982806576744,0.05,0.218054001448145,0.79,0.407512044074854,13.9505754732058,1.56103186733952,5,31
19,2,0.7452,0.169840530515557,1,0,0.352,0.477832946043201,0,0,13.9874018090596,1.5260734222048,5,31
20,1,0.7517,0.175065010089846,1.848,0.359200535947575,0.051,0.220107808692576,0.795,0.403903624814309,14.6594273069599,1.62082435949904,5,31
20,2,0.7463,0.171568487041606,1,0,0.39,0.487993993957034,0,0,14.7136206125508,1.58751445856387,5,31
21,1,0.7429,0.171402943291441,1.851,0.356266650033266,0.048,0.213873190797121,0.802,0.398691553653893,15.3674098540115,1.68225828002153,5,31
21,2,0.7495,0.171023387286649,1,0,0.383,0.486361539955153,0,0,15.4389683926426,1.64917803166259,5,31
22,1,0.747,0.173669689817081,1.852,0.355277669185979,0.054,0.226130792098589,0.805,0.396398955765693,16.0663404839204,1.73761605770427,5,31
22,2,0.7474,0.169770616014851,1,0,0.43,0.495323475463606,0,0,16.1677861904067,1.70577751330022,5,31
23,1,0.746,0.17370715061325,1.859,0.34819569244929,0.064,0.244875404979683,0.816,0.387678080750375,16.7688431991922,1.79641985159822,5,31
23,2,0.7438,0.169677194549976,1,0,0.422,0.494125652198062,0,0,16.8920908861184,1.7684981144422,5,31
24,1,0.7535,0.174005827569159,1.867,0.339744648856206,0.05,0.218054001448145,0.827,0.37843653921657,17.4692303740095,1.84982810744467,5,31
24,2,0.7493,0.174097156265747,1,0,0.415,0.492968577110162,0,0,17.6131305032701,1.81812266817251,5,31
25,1,0.754,0.176791558778283,1.876,0.32974646735444,0.072,0.258617251711642,0.844,0.363036906933435,18.177179171208,1.90529546201989,5,31
25,2,0.7502,0.175643988826293,1,0,0.552,0.49753747953651,0,0,18.3399339925943,1.88369984043442,5,31
26,1,0.7479,0.169600572977671,1.885,0.319181573523405,0.099,0.29881145943268,0.85,0.357250091151322,18.88361079418,1.95700083757379,5,31
26,2,0.7469,0.174185908530888,1,0,0.848,0.359200535947575,0,0,19.0607296587332,1.94200910675067,5,31
27,1,0.7476,0.176253525653546,1.893,0.309267920493941,0.095,0.293361655744341,0.862,0.345072564941166,19.5822418988224,2.01289898572492,5,31
27,2,0.7423,0.178920995757129,1,0,0.888,0.315524255098646,0,0,19.7634002465276,1.98307389593953,5,31
28,1,0.7457,0.175933119288161,1.899,0.301479501608136,0.09,0.286324958712967,0.864,0.342960087505269,20.2801050278993,2.07380376972655,5,31
28,2,0.738,0.179299046701727,1,0,0.879,0.326290461805836,0,0,20.4594183641164,2.03214340235342,5,31
29,1,0.7501,0.174270939517638,1.905,0.293361655744341,0.082,0.274502006097135,0.875,0.330884397463048,20.9761532640541,2.13624963321153,5,31
29,2,0.7414,0.173193637400558,1,0,0.863,0.344019402576874,0,0,21.1515276453532,2.08335870523244,5,31
30,1,0.753,0.174646790699118,1.909,0.287753022228789,0.081,0.272971634998059,0.883,0.321581116383432,21.6763695876248,2.1917738964927,5,31
30,2,0.7421,0.171192572551781,1,0,0.811,0.391704521843229,0,0,21.8477555526984,2.13194087816477,5,31
31,1,0.7542,0.173529457074217,1.917,0.276020265899421,0.063,0.243084532807191,0.897,0.304110972316823,22.3790582506452,2.25315056560476,5,31
31,2,0.7536,0.172791483866818,1,0,0.743,0.437198058255228,0,0,22.5472039515945,2.16942788774077,5,31
32,1,0.7547,0.169843330033171,1.922,0.268305773303498,0.038,0.191291904148065,0.908,0.289170571842329,23.0830723113031,2.30581355009469,5,31
32,2,0.7539,0.174054833558523,1,0,0.485,0.500025024398804,0,0,23.2614362848688,2.19755648097118,5,31
33,1,0.7552,0.174250748415389,1.927,0.260266668512775,0.034,0.181319819316248,0.914,0.28050433629925,23.7882121365009,2.34661618682433,5,31
33,2,0.755,0.170305619414052,1,0,0.468,0.499224624017311,0,0,23.9887550203164,2.22326295722336,5,31
34,1,0.7481,0.173050097764596,1.928,0.258617251711642,0.038,0.191291904148065,0.918,0.274502006097135,24.493680129826,2.3863681204517,5,31
34,2,0.749,0.1745550614261,1,0,0.408,0.491709037722287,0,0,24.7179445991758,2.25117331520879,5,31
35,1,0.7548,0.175407319481622,1.933,0.250147103868051,0.012,0.108939744206914,0.929,0.256953351846254,25.1916030343217,2.42306447087324,5,31
35,2,0.7506,0.173406198590793,1,0,0.164,0.370460849809047,0,0,25.4440714422652,2.27932649314766,5,31
36,1,0.7491,0.173808513598729,1.935,0.246649216167082,0.007,0.0834143750078963,0.931,0.253580960056751,25.8968801158057,2.46976780223132,5,31
36,2,0.748,0.175461639074719,1,0,0.087,0.281976081451088,0,0,26.1838774546901,2.31058952650465,5,31
37,1,0.7515,0.171251502408233,1.935,0.246649216167082,0.003,0.054717401199198,0.933,0.250147103868051,26.5965566146561,2.51585418747417,5,31
37,2,0.746,0.177920363240568,1,0,0.046,0.209589904165081,0,0,26.9248549943798,2.34481906727535,5,31
38,1,0.7483,0.172356655852963,1.935,0.246649216167082,0.001,0.0316227766016838,0.935,0.246649216167082,27.2986539124872,2.55284991141781,5,31
38,2,0.7398,0.173799212213883,1,0,0.034,0.181319819316248,0,0,27.6658082516482,2.38119731158788,5,31
39,1,0.7449,0.171707523054389,1.936,0.244875404979683,0.008,0.0891288053546324,0.936,0.244875404979683,27.9974931381195,2.59195499404977,5,31
39,2,0.7486,0.170373316769578,1,0,0.054,0.226130792098589,0,0,28.40110865427,2.42009537746178,5,31
40,1,0.7443,0.177084355234642,1.936,0.244875404979683,0,0,0.936,0.244875404979683,28.692477271706,2.62680224021956,5,31
40,2,0.7519,0.171656214148675,1,0,0.023,0.149978310076802,0,0,29.1441051645784,2.46132342994446,5,31
41,1,0.742,0.177503542239324,1.936,0.244875404979683,0.003,0.054717401199198,0.936,0.244875404979683,29.3871927053211,2.6610832059426,5,31
41,2,0.747,0.176754751682217,1,0,0.015,0.121613279660528,0,0,29.8918580130178,2.49935493943346,5,31
42,1,0.7435,0.177677571233173,1.936,0.244875404979683,0,0,0.936,0.244875404979683,30.0793986923289,2.69836725521588,5,31
42,2,0.7432,0.173677643707888,1,0,0.011,0.104354635210372,0,0,30.6350544993203,2.53238021672565,5,31
43,1,0.74,0.175301827516802,1.936,0.244875404979683,0.002,0.0446989708829856,0.936,0.244875404979683,30.7731785429255,2.73715164145322,5,31
43,2,0.7484,0.174263615846245,1,0,0.006,0.0772655807586403,0,0,31.3745917550195,2.57196942936411,5,31
44,1,0.7445,0.17308873363021,1.936,0.244875404979683,0,0,0.936,0.244875404979683,31.4633044630735,2.76810840561539,5,31
44,2,0.7468,0.175728883911099,1,0,0,0,0,0,32.1194816711394,2.60901157234597,5,31
45,1,0.745,0.16728114951477,1.936,0.244875404979683,0,0,0.936,0.244875404979683,32.1579411740847,2.79651162595955,5,31
45,2,0.7504,0.173060075666775,1,0,0.003,0.054717401199198,0,0,32.863002805987,2.64732492273211,5,31
46,1,0.7501,0.171666710399715,1.936,0.244875404979683,0,0,0.936,0.244875404979683,32.8530061763676,2.82557974789535,5,31
46,2,0.7516,0.17449323163919,1,0,0.004,0.0631505185092568,0,0,33.6098840978271,2.68148536005399,5,31
47,1,0.7501,0.176099406589009,1.936,0.244875404979683,0,0,0.936,0.244875404979683,33.553078264858,2.86048447758485,5,31
47,2,0.7513,0.177904356214118,1,0,0.001,0.0316227766016838,0,0,34.3578354234231,2.71768356600611,5,31
48,1,0.7552,0.174595084247648,1.936,0.244875404979683,0,0,0.936,0.244875404979683,34.2530803461395,2.89121612531473,5,31
48,2,0.7551,0.173851126583103,1,0,0,0,0,0,35.1055626572674,2.75483854355501,5,31
49,1,0.752,0.173164621057495,1.936,0.244875404979683,0,0,0.936,0.244875404979683,34.9580880046528,2.92051907913397,5,31
49,2,0.7627,0.178579395789662,1,0,0,0,0,0,35.8570466817499,2.78805456286169,5,31
50,1,0.7596,0.175324209904333,1.936,0.244875404979683,0,0,0.936,0.244875404979683,35.6598408048271,2.94711232027734,5,31
50,2,0.7553,0.178279818526085,1,0,0,0,0,0,36.6160184070661,2.82588281300135,5,31
51,1,0.7533,0.173952204267061,1.936,0.244875404979683,0,0,0.936,0.244875404979683,36.3690855226726,2.97206838890188,5,31
51,2,0.7527,0.172807906568457,1,0,0,0,0,0,37.3675511447046,2.86490447847128,5,31
52,1,0.7644,0.169591867144039,1.936,0.244875404979683,0,0,0.936,0.244875404979683,37.0719913658524,2.99824501766963,5,31
52,2,0.7522,0.169953064238466,1,0,0,0,0,0,38.1164219559734,2.90312347930716,5,31
53,1,0.7616,0.175260252642053,1.936,0.244875404979683,0,0,0.936,0.244875404979683,37.7858693453889,3.02394135427479,5,31
53,2,0.7554,0.170469645098181,1,0,0,0,0,0,38.8647204735421,2.93558797554459,5,31
54,1,0.7556,0.174065904010346,1.936,0.244875404979683,0,0,0.935,0.246649216167082,38.4968907386089,3.04624754380848,5,31
54,2,0.7497,0.172480896506424,1,0,0,0,0,0,39.6161272452802,2.97424910892224,5,31
55,1,0.7558,0.170339001333739,1.936,0.244875404979683,0,0,0.936,0.244875404979683,39.2019230746925,3.07487798476196,5,31
55,2,0.7427,0.171511300286967,1,0,0,0,0,0,40.3617895749153,3.00838892546659,5,31
56,1,0.7504,0.172712679527792,1.936,0.244875404979683,0,0,0.936,0.244875404979683,39.907034084766,3.10392370461651,5,31
56,2,0.7443,0.172270679998621,1,0,0,0,0,0,41.1004157345509,3.04017014514915,5,31
57,1,0.7562,0.165918923239904,1.936,0.244875404979683,0,0,0.936,0.244875404979683,40.606704740728,3.13403256478755,5,31
57,2,0.7496,0.171140670587471,1,0,0,0,0,0,41.8405590961662,3.06799469912531,5,31
58,1,0.7555,0.168754935418874,1.936,0.244875404979683,0,0,0.936,0.244875404979683,41.312072462023,3.16732004550082,5,31
58,2,0.7481,0.173107932678882,1,0,0,0,0,0,42.5858983178785,3.09426348572518,5,31
59,1,0.7477,0.168947486673384,1.936,0.244875404979683,0,0,0.936,0.244875404979683,42.0166736949964,3.19772870218142,5,31
59,2,0.7482,0.175349672105503,1,0,0,0,0,0,43.3296716809198,3.11883176422668,5,31
60,1,0.7537,0.17028007900311,1.936,0.244875404979683,0,0,0.936,0.244875404979683,42.7134503546417,3.2295736411632,5,31
60,2,0.7453,0.172300892619851,1,0,0,0,0,0,44.0734700783326,3.14198441345675,5,31
61,1,0.7518,0.171598969129206,1.936,0.244875404979683,0,0,0.936,0.244875404979683,43.416121442616,3.26207204087584,5,31
61,2,0.7502,0.169731460751296,1,0,0,0,0,0,44.8143114446748,3.16867177492814,5,31
62,1,0.751,0.177342748513861,1.936,0.244875404979683,0,0,0.936,0.244875404979683,44.1168338187798,3.29562842802377,5,31
62,2,0.7478,0.171827485242276,1,0,0,0,0,0,45.5599489263742,3.19365951881382,5,31
63,1,0.7405,0.175956559157966,1.936,0.244875404979683,0,0,0.936,0.244875404979683,44.8166810686082,3.32982595155644,5,31
63,2,0.7529,0.173786627194936,1,0,0,0,0,0,46.303126679032,3.21446974979522,5,31
64,1,0.748,0.172701551312737,1.936,0.244875404979683,0,0,0.936,0.244875404979683,45.5060242790629,3.36604745893701,5,31
64,2,0.7511,0.181691501732475,1,0,0,0,0,0,47.0512980833154,3.23930428379526,5,31
65,1,0.7478,0.174199613964858,1.936,0.244875404979683,0,0,0.936,0.244875404979683,46.2027507060846,3.40275767476615,5,31
65,2,0.7539,0.177978837130897,1,0,0,0,0,0,47.7976061542453,3.26490692650824,5,31
66,1,0.7501,0.175530056687739,1.936,0.244875404979683,0,0,0.936,0.244875404979683,46.8992087563124,3.43101105582143,5,31
66,2,0.7506,0.179476605305126,1,0,0,0,0,0,48.5466214524859,3.29106813353269,5,31
67,1,0.7479,0.176937550838981,1.936,0.244875404979683,0,0,0.936,0.244875404979683,47.597882029965,3.45413267354025,5,31
67,2,0.7473,0.171236771845395,1,0,0,0,0,0,49.2922835585625,3.31543718590827,5,31
68,1,0.7425,0.174051842978016,1.936,0.244875404979683,0,0,0.936,0.244875404979683,48.2943001277534,3.48350777264411,5,31
68,2,0.7557,0.174923149148728,1,0,0,0,0,0,50.0345931356233,3.34680225221805,5,31
69,1,0.7481,0.168596603805696,1.936,0.244875404979683,0,0,0.936,0.244875404979683,48.9852851809903,3.51943945350806,5,31
69,2,0.7473,0.173789852732871,1,0,0,0,0,0,50.7851715526581,3.38450233317098,5,31
70,1,0.7548,0.171307636450645,1.936,0.244875404979683,0,0,0.936,0.244875404979683,49.681762626805,3.54810173052142,5,31
70,2,0.7451,0.176201694194571,1,0,0,0,0,0,51.5273326752266,3.41334138093156,5,31
71,1,0.7554,0.176527623906294,1.936,0.244875404979683,0,0,0.936,0.244875404979683,50.3848236863139,3.57230437804919,5,31
71,2,0.7464,0.174921804351652,1,0,0,0,0,0,52.267234928673,3.44749023586676,5,31
72,1,0.7518,0.172355639497135,1.936,0.244875404979683,0,0,0.936,0.244875404979683,51.0884101945926,3.59867102198132,5,31
72,2,0.7456,0.176782046293994,1,0,0,0,0,0,53.0083539941249,3.47956490897497,5,31
73,1,0.7403,0.172961920161132,1.936,0.244875404979683,0,0,0.936,0.244875404979683,51.7883521724188,3.62326243023791,5,31
73,2,0.7417,0.176755063159029,1,0,0,0,0,0,53.74860468727,3.50992026103101,5,31
74,1,0.7464,0.173946248299,1.936,0.244875404979683,0,0,0.936,0.244875404979683,52.4768078045413,3.65367586235131,5,31
74,2,0.7427,0.177533738281568,1,0,0,0,0,0,54.4849097230958,3.54273090348721,5,31
75,1,0.7441,0.173133373920701,1.936,0.244875404979683,0,0,0.936,0.244875404979683,53.1712496154668,3.68183980254524,5,31
75,2,0.7429,0.17776723880173,1,0,0,0,0,0,55.2221337553634,3.57822694026172,5,31
76,1,0.7457,0.172020641497179,1.936,0.244875404979683,0,0,0.936,0.244875404979683,53.8633391685413,3.70912821041839,5,31
76,2,0.7395,0.179449023268314,1,0,0,0,0,0,55.9594825707642,3.61335649206684,5,31
77,1,0.7402,0.171328086761375,1.936,0.244875404979683,0,0,0.936,0.244875404979683,54.5569473981481,3.73049367444571,5,31
77,2,0.7406,0.177604006664217,1,0,0,0,0,0,56.6933833946221,3.6485031761014,5,31
78,1,0.7556,0.175383577906825,1.936,0.244875404979683,0,0,0.936,0.244875404979683,55.2450284564036,3.74848585434039,5,31
78,2,0.7441,0.174285873109571,1,0,0,0,0,0,57.4283023905033,3.68996955622973,5,31
79,1,0.7507,0.17352123679717,1.936,0.244875404979683,0,0,0.936,0.244875404979683,55.9483210478459,3.76845502884455,5,31
79,2,0.7443,0.174751389259279,1,0,0,0,0,0,58.1666206993241,3.72938865889511,5,31
80,1,0.7503,0.172654915133395,1.936,0.244875404979683,0,0,0.936,0.244875404979683,56.6466818694468,3.79558363187401,5,31
80,2,0.7395,0.177316641044182,1,0,0,0,0,0,58.9050636024603,3.77274546019785,5,31
81,1,0.7457,0.171087056146223,1.936,0.244875404979683,0,0,0.936,0.244875404979683,57.3445760423583,3.82061219860203,5,31
81,2,0.7514,0.178072316067798,1,0,0,0,0,0,59.6386709100197,3.81036113327996,5,31
82,1,0.7481,0.171831067958958,1.936,0.244875404979683,0,0,0.934,0.248406331855099,58.0378375372043,3.84574743593684,5,31
82,2,0.7576,0.179873829654551,1,0,0,0,0,0,60.3840088513951,3.8437818941292,5,31
83,1,0.7447,0.171292881496142,1.936,0.244875404979683,0,0,0,0,58.7335092887048,3.86485671252819,5,31
83,2,0.7537,0.176911298699681,1,0,0,0,0,0,61.1354216243304,3.87298915523215,5,31
84,1,0.7457,0.168017081690344,1.936,0.244875404979683,0,0,0,0,59.4720535525586,3.88419974241833,5,31
84,2,0.7466,0.17583901546403,1,0,0,0,0,0,61.8828914936289,3.90015470669198,5,31
0,1,1,0,1,0,1,0,0,0,0,0,6,31
0,2,1,0,1,0,1,0,0,0,0,0,6,31
1,1,0.8818,0.108814523849533,1.099,0.29881145943268,0.901,0.29881145943268,0.099,0.29881145943268,0.95,0,6,31
1,2,0.8843,0.11061530520568,1,0,1,0,0,0,0.95,0,6,31
2,1,0.8315,0.133699759257919,1.207,0.40535825551642,0.793,0.40535825551642,0.207,0.40535825551642,1.78171682,0.108803642397148,6,31
2,2,0.8362,0.134266852154907,1,0,1,0,0,0,1.78421657,0.11060424367516,6,31
3,1,0.8076,0.144093729922585,1.298,0.457608353732103,0.702,0.457608353732103,0.298,0.457608353732103,2.563060527815,0.20513891562395,6,31
3,2,0.8121,0.144376017518265,1,0,1,0,0,0,2.570259337862,0.207410933537206,6,31
4,1,0.7973,0.149683382895748,1.367,0.482227688487029,0.633,0.482227688487029,0.367,0.482227688487029,3.32043327054224,0.300873678937111,6,31
4,2,0.7886,0.150906636079441,1,0,1,0,0,0,3.33213073072424,0.304845085512068,6,31
5,1,0.7831,0.156936353401686,1.44,0.496635325612916,0.56,0.496635325612916,0.44,0.496635325612916,4.06743439537725,0.388327507773157,6,31
5,2,0.7817,0.157161731378252,1,0,1,0,0,0,4.07043533503728,0.397370637514882,6,31
6,1,0.7712,0.162717660495218,1.503,0.500241183071967,0.497,0.500241183071967,0.503,0.500241183071967,4.80016791867992,0.475422187187661,6,31
6,2,0.7724,0.162310149357902,1,0,1,0,0,0,4.80176955819997,0.493523294626799,6,31
7,1,0.7683,0.162207957330772,1.565,0.496005061487301,0.435,0.496005061487301,0.565,0.496005061487301,5.5209353068455,0.563281007233812,6,31
7,2,0.7627,0.164942159304151,1,0,1,0,0,0,5.52373622654552,0.587161552292236,6,31
8,1,0.7637,0.162168457502094,1.617,0.486361539955153,0.375,0.48436516143258,0.617,0.486361539955153,6.23873264766336,0.649447647722909,6,31
8,2,0.7634,0.171200904640571,1,0,0.978,0.146756729104793,0,0,6.23593748618758,0.677383899243222,6,31
9,1,0.7656,0.167106446807311,1.652,0.476574362637273,0.33,0.470448000656099,0.652,0.476574362637273,6.95226156757138,0.732082545736411,6,31
9,2,0.7575,0.178761589010911,1,0,0.953,0.211744742168102,0,0,6.94986608620757,0.771813707820006,6,31
10,1,0.7558,0.169750331885317,1.682,0.465932498429862,0.292,0.454909818472786,0.682,0.465932498429862,7.6681169754512,0.816405464947024,6,31
10,2,0.7528,0.173442331171609,1,0,0.934,0.248406331855099,0,0,7.65907747669395,0.870042367767021,6,31
11,1,0.7538,0.172497290747754,1.714,0.452115481274871,0.223,0.416466618643613,0.714,0.452115481274871,8.37451019356136,0.898421186305511,6,31
11,2,0.7421,0.172416116756286,1,0,0.811,0.391704521843229,0,0,8.36447169435424,0.961304861573223,6,31
12,1,0.7522,0.172699116920108,1.733,0.44261372200476,0.231,0.421683313419937,0.733,0.44261372200476,9.08068293726724,0.983006754026116,6,31
12,2,0.7431,0.17692849881716,1,0,0.888,0.315524255098646,0,0,9.065250375091,1.05724871283769,6,31
13,1,0.7611,0.171073247634036,1.746,0.43551541152257,0.254,0.43551541152257,0.714,0.452115481274871,9.78383860175239,1.06092496841303,6,31
13,2,0.7465,0.177987160855578,1,0,1,0,0,0,9.76311239607932,1.14564851364216,6,31
14,1,0.7633,0.174164989143753,1.77,0.421043082447957,0.23,0.421043082447957,0.713,0.452587931606484,10.4956126474546,1.13715978350166,6,31
14,2,0.7474,0.171588702083449,1,0,1,0,0,0,10.4587074891502,1.22356878128018,6,31
15,1,0.7597,0.174746806684547,1.787,0.409632516774241,0.2,0.400200150125109,0.725,0.446737702208549,11.2107606888905,1.21699587759022,6,31
15,2,0.7495,0.172364321886693,1,0,0.968,0.176088066055048,0,0,11.1551317635304,1.2969196305057,6,31
16,1,0.7523,0.175742981639654,1.811,0.391704521843229,0.135,0.341894562536306,0.746,0.43551541152257,11.9231412626885,1.29279997899837,6,31
16,2,0.748,0.171012412547292,1,0,0.728,0.4452125494797,0,0,11.8551808493665,1.36190328209524,6,31
17,1,0.7586,0.176230238883959,1.826,0.379299179893482,0.078,0.268305773303498,0.756,0.429707631592282,12.630258912192,1.36967069083061,6,31
17,2,0.7496,0.17096511067779,1,0,0.51,0.50015012761185,0,0,12.5656431428881,1.43095400837053,6,31
18,1,0.7582,0.172692161323502,1.83,0.375820756799357,0.063,0.243084532807191,0.76,0.427296831936047,13.3459411566887,1.45247373986879,6,31
18,2,0.7472,0.170473520586692,1,0,0.399,0.489937790988855,0,0,13.2885131571719,1.50010345367555,6,31
19,1,0.7554,0.173380797382239,1.839,0.367714854492192,0.036,0.186383311320351,0.773,0.41910219117376,14.0617015631903,1.52633985311814,6,31
19,2,0.751,0.169433490513852,1,0,0.344,0.475278749672116,0,0,14.0144552192712,1.56971167109467,6,31
20,1,0.7557,0.172154428194999,1.842,0.364923511395428,0.044,0.205197724417465,0.778,0.415799096787005,14.7752943800623,1.58970103535316,6,31
20,2,0.7504,0.172944354489384,1,0,0.399,0.489937790988855,0,0,14.7468622533584,1.63836668199684,6,31
21,1,0.754,0.172666771018091,1.848,0.359200535947575,0.058,0.233860408557521,0.783,0.412408876093957,15.488466536988,1.64816085208202,6,31
21,2,0.7519,0.174030677401074,1,0,0.362,0.480819287453392,0,0,15.4758527403811,1.70790881060722,6,31
22,1,0.7542,0.176049292396628,1.853,0.354283102217022,0.064,0.244875404979683,0.791,0.406797842281009,16.1989229361365,1.70613889742167,6,31
22,2,0.7451,0.174087036554409,1,0,0.444,0.497102716861527,0,0,16.2081133003855,1.76545159026728,6,31
23,1,0.7573,0.172674626180358,1.857,0.350248017372938,0.053,0.224145580463326,0.799,0.400948574956639,16.9088093884909,1.76547501879694,6,31
23,2,0.7519,0.172934369910369,1,0,0.402,0.490547282773676,0,0,16.9294245891718,1.82448505668747,6,31
24,1,0.7492,0.171314648260762,1.864,0.342960087505269,0.045,0.207407854282373,0.809,0.393285740491152,17.6218673854168,1.82329587273511,6,31
24,2,0.7513,0.174380958589861,1,0,0.423,0.494282626960846,0,0,17.6595432993304,1.87724703025107,6,31
25,1,0.7456,0.172541039785932,1.867,0.339744648856206,0.067,0.250147103868051,0.83,0.375820756799357,18.3266737339276,1.87632181590871,6,31
25,2,0.7494,0.172131546409336,1,0,0.554,0.49732417127195,0,0,18.3879429530674,1.93483420000831,6,31
26,1,0.751,0.172129685495061,1.873,0.333139583331045,0.113,0.316751213622507,0.844,0.363036906933435,19.0256739595667,1.92085391287748,6,31
26,2,0.7505,0.172422386828044,1,0,0.85,0.357250091151322,0,0,19.1078408665084,1.98646122329289,6,31
27,1,0.755,0.174600932086531,1.881,0.323950527000565,0.11,0.313046319253234,0.86,0.347160655202344,19.7269980529771,1.9738381543083,6,31
27,2,0.751,0.172710245292017,1,0,0.885,0.319181573523405,0,0,19.8140023656687,2.02922677957901,6,31
28,1,0.7571,0.178945834295218,1.892,0.310535718448671,0.104,0.305413289293831,0.872,0.334256978577453,20.4315929807268,2.02123888344748,6,31
28,2,0.7517,0.172007839055947,1,0,0.889,0.314289321768618,0,0,20.5188466192952,2.07045806198717,6,31
29,1,0.7453,0.17835279565995,1.907,0.290577761426155,0.084,0.277526613176144,0.885,0.319181573523405,21.1379124157819,2.0647964610997,6,31
29,2,0.7503,0.169140528905755,1,0,0.849,0.358228038164697,0,0,21.2241189903846,2.11401630390823,6,31
30,1,0.7508,0.172130732261816,1.915,0.279021240863223,0.077,0.266724843503829,0.894,0.307991653878573,21.8327443774483,2.11213020052661,6,31
30,2,0.7548,0.1701937893283,1,0,0.801,0.399447817065707,0,0,21.9299190966708,2.15252970872037,6,31
31,1,0.7536,0.169398157415409,1.925,0.263523138347365,0.058,0.233860408557521,0.905,0.293361655744341,22.5328906793865,2.15831132029691,6,31
31,2,0.7572,0.168512778615025,1,0,0.717,0.450681832465115,0,0,22.6425279529334,2.1905230927817,6,31
32,1,0.7432,0.169595172462315,1.931,0.253580960056751,0.039,0.193691808077979,0.916,0.277526613176144,23.2361570615603,2.20194158661269,6,31
32,2,0.7525,0.169181477627938,1,0,0.492,0.500186151533793,0,0,23.3616451189707,2.22828476177758,6,31
33,1,0.7562,0.175534533275855,1.935,0.246649216167082,0.037,0.188856206322871,0.924,0.265130711714607,23.9293850675453,2.24509186606943,6,31
33,2,0.7579,0.171426301882112,1,0,0.465,0.499023069631078,0,0,24.0872194457469,2.25987369652384,6,31
34,1,0.7512,0.174954763208005,1.938,0.241276219744537,0.027,0.162164414398774,0.93,0.255274685711618,24.6352019077166,2.2938961972427,6,31
34,2,0.7536,0.172617602917075,1,0,0.43,0.495323475463606,0,0,24.8194489756937,2.29794942305191,6,31
35,1,0.7443,0.17736676399193,1.939,0.239450070654273,0.015,0.121613279660528,0.934,0.248406331855099,25.3361644593045,2.33823851540695,6,31
35,2,0.7484,0.170958084531462,1,0,0.165,0.37136627864268,0,0,25.5490639383972,2.33144032125877,6,31
36,1,0.7484,0.177789338963418,1.941,0.235742602375079,0.005,0.0705689732104696,0.936,0.244875404979683,26.0305796260047,2.38240478414231,6,31
36,2,0.7465,0.170519285791452,1,0,0.073,0.260266668512775,0,0,26.2866278124493,2.36722781835707,6,31
37,1,0.7497,0.178077571921962,1.941,0.235742602375079,0.001,0.0316227766016838,0.939,0.239450070654273,26.7294091795062,2.42896644806568,6,31
37,2,0.7485,0.170313701024776,1,0,0.049,0.215976030257169,0,0,27.0268082271047,2.4069033576267,6,31
38,1,0.7443,0.175494468027651,1.941,0.235742602375079,0.002,0.0446989708829856,0.941,0.235742602375079,27.4295138640329,2.47448727896195,6,31
38,2,0.7484,0.178687910529418,1,0,0.026,0.159214789983058,0,0,27.7701028050058,2.4477728082982,6,31
39,1,0.7461,0.174227280140468,1.941,0.235742602375079,0.008,0.0891288053546324,0.941,0.235742602375079,28.1240195891214,2.50808965937023,6,31
39,2,0.7482,0.172006820639027,1,0,0.072,0.258617251711642,0,0,28.5143690708218,2.49397915528502,6,31
40,1,0.7436,0.173865664434555,1.941,0.235742602375079,0.001,0.0316227766016838,0.941,0.235742602375079,28.8199500247387,2.54762180949265,6,31
40,2,0.7472,0.17123516426681,1,0,0.037,0.188856206322871,0,0,29.256070641509,2.53954770706703,6,31
41,1,0.7412,0.174105924289993,1.941,0.235742602375079,0.003,0.054717401199198,0.941,0.235742602375079,29.5136694505636,2.58845652750553,6,31
41,2,0.7485,0.177677571233173,1,0,0.009,0.0944877131056093,0,0,29.9984450478818,2.58256656589625,6,31
42,1,0.7473,0.177042520469107,1.941,0.235742602375079,0.002,0.0446989708829856,0.941,0.235742602375079,30.2048297339726,2.62571364909581,6,31
42,2,0.7444,0.175383577906825,1,0,0.015,0.121613279660528,0,0,30.7434341689251,2.62234099809957,6,31
43,1,0.7484,0.170899522078462,1.942,0.233860408557521,0,0,0.942,0.233860408557521,30.9020451242342,2.66484409034882,6,31
43,2,0.7516,0.174607926303269,1,0,0.004,0.0631505185092568,0,0,31.4839672332229,2.65849386085035,6,31
44,1,0.7431,0.171994104468647,1.942,0.233860408557521,0,0,0.942,0.233860408557521,31.6003358583271,2.71050652736536,6,31
44,2,0.749,0.169433490513852,1,0,0,0,0,0,32.2321429891011,2.69605875377681,6,31
45,1,0.7455,0.168962416821902,1.942,0.233860408557521,0,0,0.942,0.233860408557521,32.2932800332787,2.74629455435336,6,31
45,2,0.745,0.176028366992329,1,0,0.002,0.0446989708829856,0,0,32.9778544647315,2.72898617531721,6,31
46,1,0.7534,0.169756464552185,1.942,0.233860408557521,0,0,0.942,0.233860408557521,32.9885441375388,2.77631737652399,6,31
46,2,0.7442,0.174633492941236,1,0,0.002,0.0446989708829856,0,0,33.7194097786825,2.7577615596628,6,31
47,1,0.7495,0.171432608155914,1.942,0.233860408557521,0,0,0.942,0.233860408557521,33.6916024570337,2.80494295949238,6,31
47,2,0.7481,0.179968827241772,1,0,0.002,0.0446989708829856,0,0,34.4600946088342,2.78284571034723,6,31
48,1,0.7483,0.169427907429136,1.942,0.233860408557521,0,0,0.942,0.233860408557521,34.3907087586008,2.83574841544409,6,31
48,2,0.751,0.177681092327154,1,0,0,0,0,0,35.2045870825987,2.81514195485035,6,31
49,1,0.7447,0.171992707669516,1.942,0.233860408557521,0,0,0.942,0.233860408557521,35.0885508960225,2.86514323009889,6,31
49,2,0.7537,0.178880709715465,1,0,0,0,0,0,35.951990740904,2.84883009258744,6,31
50,1,0.7491,0.175755739821151,1.942,0.233860408557521,0,0,0.942,0.233860408557521,35.7827408469607,2.89925366039293,6,31
50,2,0.7506,0.1780768130649,1,0,0,0,0,0,36.7020064605458,2.88560993607832,6,31
51,1,0.7545,0.174499857307106,1.942,0.233860408557521,0,0,0.942,0.233860408557521,36.4812394327176,2.94107295942345,6,31
51,2,0.7411,0.175361174555663,1,0,0,0,0,0,37.4488626407013,2.92022591600208,6,31
52,1,0.7517,0.165663980860519,1.942,0.233860408557521,0,0,0.942,0.233860408557521,37.1850406973537,2.98082000362529,6,31
52,2,0.7431,0.17788770062608,1,0,0,0,0,0,38.1861924643114,2.95053441719128,6,31
53,1,0.7548,0.167824685684571,1.942,0.233860408557521,0,0,0.942,0.233860408557521,37.8859861047971,3.02029514436556,6,31
53,2,0.7457,0.178306767407475,1,0,0,0,0,0,38.925438181415,2.97813133373568,6,31
54,1,0.7566,0.169189435441652,1.942,0.233860408557521,0,0,0.942,0.233860408557521,38.5899450303452,3.06073582478179,6,31
54,2,0.7491,0.17472755855823,1,0,0,0,0,0,39.667196229714,3.00645852722944,6,31
55,1,0.7595,0.167862824734746,1.942,0.233860408557521,0,0,0.942,0.233860408557521,39.2956238657142,3.09913932325981,6,31
55,2,0.755,0.171943492358869,1,0,0,0,0,0,40.412261790778,3.03223490525825,6,31
56,1,0.7549,0.168714120495157,1.942,0.233860408557521,0,0,0.942,0.233860408557521,40.0041162261886,3.12627888207704,6,31
56,2,0.7527,0.179178165005714,1,0,0,0,0,0,41.1631204827463,3.06640162917679,6,31
57,1,0.7559,0.169746882162837,1.942,0.233860408557521,0,0,0.942,0.233860408557521,40.7079634267144,3.15739585038682,6,31
57,2,0.7417,0.180343099767176,1,0,0,0,0,0,41.9116169334891,3.09839441871397,6,31
58,1,0.7571,0.173492621427223,1.942,0.233860408557521,0,0,0.942,0.233860408557521,41.4127345584509,3.18547438463675,6,31
58,2,0.741,0.178243571471093,1,0,0,0,0,0,42.6491010593482,3.13751943845902,6,31
59,1,0.7499,0.169495482885883,1.942,0.233860408557521,0,0,0.942,0.233860408557521,42.1186282728732,3.22278396475969,6,31
59,2,0.7407,0.176194649619546,1,0,0,0,0,0,43.3858154852453,3.17953631776276,6,31
60,1,0.7523,0.175343820693674,1.942,0.233860408557521,0,0,0.942,0.233860408557521,42.8172937549658,3.25781481534127,6,31
60,2,0.7445,0.17641108488661,1,0,0,0,0,0,44.1221580045766,3.21525397350253,6,31
61,1,0.7493,0.175014685498504,1.942,0.233860408557521,0,0,0.942,0.233860408557521,43.5182750129082,3.29012755835954,6,31
61,2,0.7503,0.176836594575843,1,0,0,0,0,0,44.862204156786,3.25200515268496,6,31
62,1,0.7491,0.174038729826092,1.942,0.233860408557521,0,0,0.942,0.233860408557521,44.2162044179327,3.3210791159541,6,31
62,2,0.7544,0.176782046293994,1,0,0,0,0,0,45.6079410303118,3.28562082265373,6,31
63,1,0.7488,0.175297716155372,1.942,0.233860408557521,0,0,0.942,0.233860408557521,44.9138652662421,3.35638504091593,6,31
63,2,0.7599,0.175706752468034,1,0,0,0,0,0,46.3576779875265,3.32153791965518,6,31
64,1,0.7415,0.172967244493481,1.942,0.233860408557521,0,0,0.942,0.233860408557521,45.6111582326197,3.39043826047934,6,31
64,2,0.7492,0.17592700278897,1,0,0,0,0,0,47.1128054282423,3.35615992460232,6,31
65,1,0.7426,0.176057479921292,1.942,0.233860408557521,0,0,0.942,0.233860408557521,46.3011280428363,3.42497001859928,6,31
65,2,0.7505,0.174327680361267,1,0,0,0,0,0,47.8572256209472,3.3819295541055,6,31
66,1,0.741,0.179586333698451,1.942,0.233860408557521,0,0,0.942,0.233860408557521,46.9921217289038,3.459858701848,6,31
66,2,0.7465,0.175095426577648,1,0,0,0,0,0,48.6028629486161,3.40165193766211,6,31
67,1,0.7415,0.175266849314034,1.942,0.233860408557521,0,0,0.942,0.233860408557521,47.6814568413559,3.49423836256681,6,31
67,2,0.7441,0.175829764562505,1,0,0,0,0,0,49.344452026935,3.42400400535897,6,31
68,1,0.7406,0.179398505634311,1.942,0.233860408557521,0,0,0.942,0.233860408557521,48.3712196813279,3.52700226182601,6,31
68,2,0.7512,0.174496444115658,1,0,0,0,0,0,50.0835829733968,3.45264018200359,6,31
69,1,0.7387,0.175906944869307,1.942,0.233860408557521,0,0,0.942,0.233860408557521,49.0600196445588,3.55788959635445,6,31
69,2,0.7496,0.17404059908576,1,0,0,0,0,0,50.8296918881468,3.48207193324148,6,31
70,1,0.745,0.174486232824958,1.942,0.233860408557521,0,0,0.942,0.233860408557521,49.7468637933188,3.58778696963852,6,31
70,2,0.7426,0.175602038929154,1,0,0,0,0,0,51.574137194553,3.51342380354053,6,31
71,1,0.7478,0.175573306587266,1.942,0.233860408557521,0,0,0.942,0.233860408557521,50.4398953094647,3.61808545720198,6,31
71,2,0.7532,0.171870006979983,1,0,0,0,0,0,52.311556887761,3.55009538396633,6,31
72,1,0.7484,0.173745870821806,1.942,0.233860408557521,0,0,0.942,0.233860408557521,51.1356377118792,3.64555080081298,6,31
72,2,0.7516,0.173053134578335,1,0,0,0,0,0,53.059427841805,3.57995570140109,6,31
73,1,0.7461,0.175144127693353,1.942,0.233860408557521,0,0,0.942,0.233860408557521,51.8319062353537,3.67437921529383,6,31
73,2,0.752,0.170836720833623,1,0,0,0,0,0,53.8056354879528,3.60952328387582,6,31
74,1,0.7455,0.174270250244039,1.942,0.233860408557521,0,0,0.942,0.233860408557521,52.5258218616747,3.70924808075341,6,31
74,2,0.753,0.169881899741732,1,0,0,0,0,0,54.5521656038231,3.63095394046517,6,31
75,1,0.7454,0.173115016127454,1.942,0.233860408557521,0,0,0.942,0.233860408557521,53.2190725202658,3.74669448769313,6,31
75,2,0.7494,0.169730517139519,1,0,0,0,0,0,55.2996136936272,3.65221990857593,6,31
76,1,0.7443,0.175893287104564,1.942,0.233860408557521,0,0,0.942,0.233860408557521,53.9121546010229,3.78285308617679,6,31
76,2,0.7528,0.171818746595596,1,0,0,0,0,0,56.0434139389649,3.67051866363432,6,31
77,1,0.7422,0.17317375421567,1.942,0.233860408557521,0,0,0.942,0.233860408557521,54.604075702299,3.81871896952942,6,31
77,2,0.7487,0.173055650755063,1,0,0,0,0,0,56.7905140609395,3.6873978095873,6,31
78,1,0.7504,0.174155591842956,1.942,0.233860408557521,0,0,0.942,0.233860408557521,55.2938437201724,3.84774366212066,6,31
78,2,0.7504,0.172480693382157,1,0,0,0,0,0,57.5334709232353,3.70903014591365,6,31
79,1,0.7517,0.176998413660796,1.942,0.233860408557521,0,0,0.942,0.233860408557521,55.9916790468673,3.87672611351881,6,31
79,2,0.7561,0.175138412301424,1,0,0,0,0,0,58.2780402807667,3.73615650498708,6,31
80,1,0.7504,0.173695164037488,1.942,0.233860408557521,0,0,0.942,0.233860408557521,56.69073435998,3.91307889134,6,31
80,2,0.7581,0.173679459218857,1,0,0,0,0,0,59.0281903265295,3.76497198352534,6,31
81,1,0.7527,0.175395192275825,1.942,0.233860408557521,0,0,0.942,0.233860408557521,57.3884301265879,3.94059720636998,6,31
81,2,0.7514,0.174494952616081,1,0,0,0,0,0,59.7802494203237,3.78833625310674,6,31
82,1,0.7478,0.170717029918823,1.942,0.233860408557521,0,0,0.942,0.233860408557521,58.0883375679433,3.97192533742226,6,31
82,2,0.7518,0.176657770754552,1,0,0,0,0,0,60.5255873616991,3.81367238766496,6,31
83,1,0.7457,0.174332733305888,1.942,0.233860408557521,0,0,0,0,58.7833150362587,3.99911056450987,6,31
83,2,0.7487,0.179193806869603,1,0,0,0,0,0,61.271247502529,3.83984809108774,6,31
84,1,0.7475,0.173446919355271,1.942,0.233860408557521,0,0,0,0,59.5228510340509,4.02492947890486,6,31
84,2,0.7461,0.174514312436675,1,0,0,0,0,0,62.0137587021361,3.86782114953046,6,31
0,1,1,0,1,0,1,0,0,0,0,0,7,31
0,2,1,0,1,0,1,0,0,0,0,0,7,31
1,1,0.8763,0.113583498850895,1.094,0.291974740772638,0.906,0.291974740772638,0.094,0.291974740772638,0.95,0,7,31
1,2,0.8785,0.111266033137387,1,0,1,0,0,0,0.95,0,7,31
2,1,0.8238,0.131418533056913,1.184,0.387678080750375,0.816,0.387678080750375,0.184,0.387678080750375,1.77621737,0.11357214050101,7,31
2,2,0.8187,0.135272349756366,1,0,1,0,0,0,1.77841715,0.111254906534073,7,31
3,1,0.791,0.1519278844784,1.264,0.441019839121211,0.736,0.441019839121211,0.264,0.441019839121211,2.549862617738,0.204789943395606,7,31
3,2,0.7901,0.152299655893194,1,0,1,0,0,0,2.546963417687,0.204599319484372,7,31
4,1,0.7641,0.156286965597313,1.338,0.473265232169003,0.662,0.473265232169003,0.338,0.473265232169003,3.29064033996726,0.307350743619808,7,31
4,2,0.7564,0.154346567382831,1,0,1,0,0,0,3.28684140988926,0.307379698370403,7,31
5,1,0.7477,0.163895001667444,1.403,0.490746198998863,0.597,0.490746198998863,0.403,0.490746198998863,4.0044547428104,0.40825016567258,7,31
5,2,0.7396,0.160803288827367,1,0,1,0,0,0,3.99295889227043,0.402260814837402,7,31
6,1,0.7333,0.170968828563397,1.453,0.498035178515573,0.547,0.498035178515573,0.453,0.498035178515573,4.70180596257343,0.503276494470163,7,31
6,2,0.7234,0.166132597764677,1,0,1,0,0,0,4.68221416122354,0.497408170681313,7,31
7,1,0.7274,0.174469709920317,1.517,0.499960959436795,0.483,0.499960959436795,0.517,0.499960959436795,5.38469608505476,0.600906527706615,7,31
7,2,0.714,0.174626729037953,1,0,1,0,0,0,5.35521022222007,0.591813241862007,7,31
8,1,0.7206,0.176937692273147,1.57,0.495323475463606,0.427,0.494889801790172,0.57,0.495323475463606,6.06162204728505,0.698772902200395,7,31
8,2,0.6939,0.170475370220604,1,0,0.993,0.0834143750078963,0,0,6.01874556163683,0.691136293832819,7,31
9,1,0.7189,0.175395420560383,1.615,0.486838794686714,0.374,0.484105730557239,0.615,0.486838794686714,6.7318356350575,0.79769099180386,7,31
9,2,0.6851,0.17849327676372,1,0,0.982,0.133017644294634,0,0,6.66248034199076,0.781048801108162,7,31
10,1,0.7236,0.176221718565261,1.652,0.476574362637273,0.34,0.47394580346768,0.652,0.476574362637273,7.40068337100327,0.891959207598509,7,31
10,2,0.6719,0.180535267975493,1,0,0.966,0.181319819316248,0,0,7.29790817089734,0.879028071913409,7,31
11,1,0.7147,0.178565942429669,1.685,0.464748309293311,0.298,0.457608353732103,0.685,0.464748309293311,8.07400967422241,0.982760067472811,7,31
11,2,0.6517,0.175293576145385,1,0,0.927,0.260266668512775,0,0,7.92088485144253,0.980389140351737,7,31
12,1,0.7058,0.177589126631948,1.708,0.454909818472786,0.289,0.453524734369234,0.708,0.454909818472786,8.73882793516511,1.07145918075794,7,31
12,2,0.6353,0.178313503991441,1,0,0.975,0.156203071030628,0,0,8.52556929928516,1.07503195799946,7,31
13,1,0.7045,0.179616291054047,1.738,0.439942666207257,0.262,0.439942666207257,0.719,0.449712398362822,9.39399122794784,1.15425546896496,7,31
13,2,0.6199,0.185872371638548,1,0,0.999,0.0316227766016838,0,0,9.11141582627915,1.15695424821054,7,31
14,1,0.7,0.181860037042427,1.766,0.423584021680969,0.234,0.423584021680969,0.746,0.43551541152257,10.0485896540114,1.23489787024216,7,31
14,2,0.6009,0.176692983478152,1,0,1,0,0,0,9.68062533567719,1.24267005427697,7,31
15,1,0.6931,0.188461953475782,1.789,0.408222544264333,0.211,0.408222544264333,0.775,0.417791275099839,10.6986788461845,1.31428397052813,7,31
15,2,0.5777,0.178113543658068,1,0,0.999,0.0316227766016838,0,0,10.2307545767957,1.31944583388725,7,31
16,1,0.6934,0.190190989830256,1.817,0.386860001370859,0.177,0.381859682104326,0.804,0.397167145848875,11.3415138218817,1.39529317745084,7,31
16,2,0.5532,0.176070329018721,1,0,0.964,0.186383311320351,0,0,10.7577135056932,1.39146642963204,7,31
17,1,0.689,0.195236054859539,1.84,0.366789496216201,0.144,0.351265408754388,0.831,0.374939434548541,11.984833634741,1.47477839958766,7,31
17,2,0.5209,0.17687417695773,1,0,0.933,0.250147103868051,0,0,11.2619061114105,1.46470377559811,7,31
18,1,0.6884,0.200363633390857,1.853,0.354283102217022,0.132,0.338660140392534,0.846,0.36112935966827,12.6239960800457,1.56658963620591,7,31
18,2,0.4951,0.175490133018318,1,0,0.926,0.261901875885975,0,0,11.7353505310681,1.53892624620112,7,31
19,1,0.6857,0.202401769944031,1.869,0.337569182469243,0.111,0.314289321768618,0.865,0.341894562536306,13.2623459579591,1.65936135989267,7,31
19,2,0.4737,0.174323546024909,1,0,0.916,0.277526613176144,0,0,12.183343377366,1.60538589111986,7,31
20,1,0.6824,0.2036460451659,1.873,0.333139583331045,0.116,0.320385153598987,0.869,0.337569182469243,13.8980369364412,1.75546369027163,7,31
20,2,0.4476,0.175399558166505,1,0,0.924,0.265130711714607,0,0,12.6104310986605,1.66739901614125,7,31
21,1,0.6842,0.212262609555747,1.887,0.316751213622507,0.097,0.296105857217784,0.884,0.320385153598987,14.5299218387047,1.84885184652663,7,31
21,2,0.4224,0.173286665004172,1,0,0.904,0.294738648417324,0,0,13.0110290608631,1.72586484538189,7,31
22,1,0.6788,0.210653589893301,1.893,0.309267920493941,0.098,0.297463417052391,0.892,0.310535718448671,15.1637393566753,1.94422497661451,7,31
22,2,0.3896,0.171526269886747,1,0,0.918,0.274502006097135,0,0,13.3874377324817,1.78386645779598,7,31
23,1,0.6806,0.213703788710704,1.907,0.290577761426155,0.085,0.279021240863223,0.906,0.291974740772638,15.7916563493897,2.03795171807537,7,31
23,2,0.3659,0.1642381324911,1,0,0.941,0.235742602375079,0,0,13.7303823858996,1.83872490870094,7,31
24,1,0.6888,0.218454302503481,1.916,0.277526613176144,0.075,0.263523138347365,0.915,0.279021240863223,16.4212565298292,2.13666063895565,7,31
24,2,0.335,0.15912360076469,1,0,0.929,0.256953351846254,0,0,14.0484998370257,1.8860066846386,7,31
25,1,0.6883,0.220321700364834,1.922,0.268305773303498,0.07,0.255274685711618,0.921,0.269873733126868,17.0590239730039,2.24529535233619,7,31
25,2,0.3135,0.159916613656378,1,0,0.911,0.284886223184204,0,0,14.33635811284,1.93202099681644,7,31
26,1,0.6906,0.220681536020439,1.926,0.261901875885975,0.062,0.241276219744537,0.925,0.263523138347365,17.6961790127856,2.35866835881861,7,31
26,2,0.2905,0.160016734610338,1,0,0.894,0.307991653878573,0,0,14.6036390410741,1.97513851759503,7,31
27,1,0.6892,0.218566079552915,1.933,0.250147103868051,0.055,0.228094337998616,0.932,0.251871871076227,18.3357638451818,2.47272446040565,7,31
27,2,0.2736,0.152598579044257,1,0,0.879,0.326290461805836,0,0,14.8488007592853,2.01313950837121,7,31
28,1,0.6902,0.219435895222528,1.94,0.237605674293474,0.045,0.207407854282373,0.939,0.239450070654273,18.9738884941848,2.57923096863701,7,31
28,2,0.2543,0.149076268177513,1,0,0.82,0.384379692163553,0,0,15.0778315096855,2.04537608836163,7,31
29,1,0.6943,0.223668365079949,1.943,0.231958627355839,0.036,0.186383311320351,0.942,0.233860408557521,19.6130961150662,2.68435897870822,7,31
29,2,0.2348,0.143001431494267,1,0,0.7,0.458486870270251,0,0,15.2905350752612,2.07666719502235,7,31
30,1,0.7004,0.221424634738027,1.946,0.226130792098589,0.03,0.170672578726429,0.945,0.228094337998616,20.2566270730335,2.79327144207256,7,31
30,2,0.2188,0.138512619445832,1,0,0.647,0.47814184048211,0,0,15.4897564657196,2.10197304597213,7,31
31,1,0.705,0.217812861058392,1.947,0.224145580463326,0.025,0.156203071030628,0.946,0.226130792098589,20.9063249550671,2.89911360206661,7,31
31,2,0.2072,0.137866483117425,1,0,0.581,0.493642261848277,0,0,15.6756479260206,2.12784704378804,7,31
32,1,0.7107,0.221460051825503,1.949,0.220107808692576,0.02,0.140070052543788,0.948,0.222138122224316,21.5607430096109,2.99810024661892,7,31
32,2,0.1875,0.130808489253798,1,0,0.519,0.499888876540466,0,0,15.8532464886179,2.15666353806038,7,31
33,1,0.7122,0.219725827884296,1.95,0.218054001448145,0.016,0.125537881771837,0.949,0.220107808692576,22.2209269313363,3.10202192223514,7,31
33,2,0.172,0.125665396158974,1,0,0.412,0.492441365543654,0,0,16.0142803291052,2.18155628302798,7,31
34,1,0.7085,0.221510308601692,1.952,0.213873190797121,0.011,0.104354635210372,0.951,0.215976030257169,22.8826893983725,3.20144243186324,7,31
34,2,0.1606,0.1201752140921,1,0,0.253,0.434948479914783,0,0,16.1651815076718,2.20532040092832,7,31
35,1,0.6998,0.21992800714854,1.953,0.211744742168102,0.003,0.054717401199198,0.952,0.213873190797121,23.5408477392677,3.3101273842895,7,31
35,2,0.1509,0.118546375917795,1,0,0.112,0.315524255098646,0,0,16.3126293067866,2.22828811462818,7,31
36,1,0.702,0.222453333275736,1.953,0.211744742168102,0.003,0.054717401199198,0.952,0.213873190797121,24.1906194397009,3.41791570237537,7,31
36,2,0.1402,0.116006109396951,1,0,0.068,0.251871871076227,0,0,16.4574216203714,2.25333299296391,7,31
37,1,0.7058,0.225515447846078,1.953,0.211744742168102,0.002,0.0446989708829856,0.952,0.213873190797121,24.8425182568084,3.52520340055322,7,31
37,2,0.131,0.114682832857199,1,0,0.07,0.255274685711618,0,0,16.5937300012354,2.2749402492786,7,31
38,1,0.7066,0.224202378905102,1.953,0.211744742168102,0.004,0.0631505185092568,0.952,0.213873190797121,25.4981876646454,3.63380282010593,7,31
38,2,0.1209,0.112631593595562,1,0,0.067,0.250147103868051,0,0,16.7207590993956,2.29912597986774,7,31
39,1,0.7072,0.224629959307788,1.954,0.209589904165081,0.001,0.0316227766016838,0.953,0.211744742168102,26.1544888504566,3.74428905985096,7,31
39,2,0.1129,0.10758794154163,1,0,0.048,0.213873190797121,0,0,16.8378632347813,2.3225451273389,7,31
40,1,0.7128,0.223531040632227,1.954,0.209589904165081,0.001,0.0316227766016838,0.953,0.211744742168102,26.8114216813298,3.85673976892491,7,31
40,2,0.1027,0.0982464368939778,1,0,0.004,0.0631505185092568,0,0,16.9479331025774,2.34500797105681,7,31
41,1,0.7123,0.224920651117898,1.954,0.209589904165081,0,0,0.953,0.211744742168102,27.4738664625447,3.97103487294505,7,31
41,2,0.093,0.0913199832421105,1,0,0.007,0.0834143750078963,0,0,17.0500239010656,2.36316677414541,7,31
42,1,0.7142,0.226781370023619,1.954,0.209589904165081,0,0,0.953,0.211744742168102,28.1357968405963,4.08408735045712,7,31
42,2,0.0856,0.084851869984343,1,0,0.004,0.0631505185092568,0,0,17.1422947948089,2.37897506673018,7,31
43,1,0.7138,0.226585306012771,1.954,0.209589904165081,0,0,0.953,0.211744742168102,28.7995530619472,4.19701400192995,7,31
43,2,0.0827,0.0854283794064245,1,0,0.005,0.0705689732104696,0,0,17.2273368491235,2.39544692557689,7,31
44,1,0.7116,0.225113562710282,1.954,0.209589904165081,0,0,0.953,0.211744742168102,29.462844624069,4.31623803157177,7,31
44,2,0.0772,0.0850140422953019,1,0,0.002,0.0446989708829856,0,0,17.3094330576305,2.41331755320665,7,31
45,1,0.7054,0.22280143733935,1.954,0.209589904165081,0,0,0.953,0.211744742168102,30.1238795162516,4.42996881477441,7,31
45,2,0.0728,0.0829882343892618,1,0,0,0,0,0,17.3861945459764,2.43259459244917,7,31
46,1,0.7001,0.22378576824738,1.954,0.209589904165081,0,0,0.953,0.211744742168102,30.778676143653,4.54007393379297,7,31
46,2,0.0687,0.0801044738246668,1,0,0,0,0,0,17.4586676656645,2.45192460987012,7,31
47,1,0.7088,0.225373808046439,1.954,0.209589904165081,0,0,0.953,0.211744742168102,31.4281316166169,4.6524205414767,7,31
47,2,0.0649,0.0795255576171228,1,0,0,0,0,0,17.5270523556677,2.47012611811531,7,31
48,1,0.7032,0.22654156590145,1.954,0.209589904165081,0,0,0.953,0.211744742168102,32.0861813479396,4.76861771114754,7,31
48,2,0.0626,0.0814117182466251,1,0,0.001,0.0316227766016838,0,0,17.5916480261855,2.48780818384052,7,31
49,1,0.7045,0.222394265234536,1.954,0.209589904165081,0,0,0.953,0.211744742168102,32.738592091218,4.88226811443866,7,31
49,2,0.0585,0.0787016133503243,1,0,0,0,0,0,17.6538984906689,2.50884431508726,7,31
50,1,0.7078,0.223313745723431,1.954,0.209589904165081,0,0,0.953,0.211744742168102,33.3922312386861,4.99704074361802,7,31
50,2,0.054,0.0760906682175271,1,0,0,0,0,0,17.7121125275523,2.53082075772086,7,31
51,1,0.706,0.226042241837881,1.954,0.209589904165081,0,0,0.953,0.211744742168102,34.0490885625998,5.1176857849597,7,31
51,2,0.0488,0.0729649496942462,1,0,0,0,0,0,17.7658431879951,2.5526917594447,7,31
52,1,0.7025,0.22559841454373,1.954,0.209589904165081,0,0,0.953,0.211744742168102,34.7040893578686,5.23561469304852,7,31
52,2,0.0453,0.0715753661047782,1,0,0,0,0,0,17.8143949291801,2.57511722569985,7,31
53,1,0.7054,0.223787669278093,1.954,0.209589904165081,0,0,0.953,0.211744742168102,35.3555428067252,5.3548314771249,7,31
53,2,0.0407,0.0673650357978681,1,0,0,0,0,0,17.8594599688582,2.5949797964135,7,31
54,1,0.7095,0.226519449630845,1.954,0.209589904165081,0,0,0.953,0.211744742168102,36.009815780131,5.47411656817987,7,31
54,2,0.0379,0.0654054116099568,1,0,0,0,0,0,17.8999448187519,2.61277523781848,7,31
55,1,0.705,0.227786933090744,1.954,0.209589904165081,0,0,0.953,0.211744742168102,36.6681012448088,5.59707902794604,7,31
55,2,0.0361,0.0644277963377682,1,0,0,0,0,0,17.9376407001621,2.62950944725085,7,31
56,1,0.7016,0.227572470279753,1.954,0.209589904165081,0,0,0.953,0.211744742168102,37.3218455642332,5.71926058462788,7,31
56,2,0.0341,0.0614081506069102,1,0,0,0,0,0,17.9735426853012,2.64709660143991,7,31
57,1,0.6953,0.226360661664409,1.954,0.209589904165081,0,0,0.953,0.211744742168102,37.9721434969597,5.84673641291435,7,31
57,2,0.0333,0.0623297280195814,1,0,0,0,0,0,18.0074522494972,2.66468119461297,7,31
58,1,0.6963,0.228228829025604,1.954,0.209589904165081,0,0,0.953,0.211744742168102,38.616112209529,5.97758880375155,7,31
58,2,0.031,0.0603543092301009,1,0,0,0,0,0,18.0405629699922,2.6819483665006,7,31
59,1,0.6979,0.227370374691355,1.954,0.209589904165081,0,0,0.953,0.211744742168102,39.2610107417262,6.10891078018029,7,31
59,2,0.0291,0.0575021434078461,1,0,0,0,0,0,18.071383681467,2.69968256745102,7,31
60,1,0.6949,0.228640036446521,1.954,0.209589904165081,0,0,0.953,0.211744742168102,39.9074353713943,6.24023804093091,7,31
60,2,0.0268,0.0553608600441216,1,0,0,0,0,0,18.1003124884233,2.71651180924511,7,31
61,1,0.6944,0.228431216826468,1.954,0.209589904165081,0,0,0.953,0.211744742168102,40.5508133056019,6.37502174941506,7,31
61,2,0.0252,0.0544786924212387,1,0,0,0,0,0,18.1269521618675,2.73284838155639,7,31
62,1,0.6939,0.228834339982344,1.954,0.209589904165081,0,0,0.953,0.211744742168102,41.1936299428841,6.51152208412079,7,31
62,2,0.0238,0.0521179074433757,1,0,0,0,0,0,18.1519989021218,2.74807647257852,7,31
63,1,0.6953,0.231520002400465,1.954,0.209589904165081,0,0,0.953,0.211744742168102,41.8358853890665,6.64564651384408,7,31
63,2,0.0226,0.0522682692651285,1,0,0,0,0,0,18.175651791281,2.76238846804429,7,31
64,1,0.6961,0.229581134890255,1.954,0.209589904165081,0,0,0.953,0.211744742168102,42.4794678169907,6.77871210833313,7,31
64,2,0.0214,0.0516207778390127,1,0,0,0,0,0,18.1981098517629,2.77783208199667,7,31
65,1,0.6994,0.23292465282553,1.954,0.209589904165081,0,0,0.953,0.211744742168102,43.1237807827668,6.9117790029376,7,31
65,2,0.0208,0.05319953186063,1,0,0,0,0,0,18.2193733222967,2.79319840204907,7,31
66,1,0.6986,0.231757959414023,1.954,0.209589904165081,0,0,0.953,0.211744742168102,43.7713079357424,7.04626646377756,7,31
66,2,0.0197,0.0512302111505949,1,0,0,0,0,0,18.2400385540295,2.80916306052739,7,31
67,1,0.695,0.229232518521146,1.954,0.209589904165081,0,0,0.953,0.211744742168102,44.4179755988793,7.17904702082157,7,31
67,2,0.0186,0.0489534108764286,1,0,0,0,0,0,18.2596089556945,2.82503377472704,7,31
68,1,0.6974,0.228178231444863,1.954,0.209589904165081,0,0,0.953,0.211744742168102,45.0610026358261,7.3134418537699,7,31
68,2,0.0172,0.0467583826318484,1,0,0,0,0,0,18.2780847460509,2.8398712501417,7,31
69,1,0.6951,0.232378979234332,1.954,0.209589904165081,0,0,0.953,0.211744742168102,45.706349104621,7.44640382759592,7,31
69,2,0.0159,0.0458180018037593,1,0,0,0,0,0,18.2951681770063,2.85430804064995,7,31
70,1,0.7019,0.234224787866808,1.954,0.209589904165081,0,0,0.953,0.211744742168102,46.3493468549315,7.58046069006496,7,31
70,2,0.015,0.045133546692422,1,0,0,0,0,0,18.3109588391886,2.86884619400851,7,31
71,1,0.6965,0.232490433785568,1.954,0.209589904165081,0,0,0.953,0.211744742168102,46.9990328693152,7.71656706289614,7,31
71,2,0.014,0.0454539994507201,1,0,0,0,0,0,18.3258542006189,2.88335079930677,7,31
72,1,0.7006,0.233654090985444,1.954,0.209589904165081,0,0,0.953,0.211744742168102,47.6432921212157,7.85283764152178,7,31
72,2,0.0126,0.0407787064888393,1,0,0,0,0,0,18.33975514772,2.89740632746465,7,31
73,1,0.699,0.233223912567715,1.954,0.209589904165081,0,0,0.953,0.211744742168102,48.2915575317428,7.99003379522205,7,31
73,2,0.0119,0.0408663683248226,1,0,0,0,0,0,18.3522647490259,2.91016172255568,7,31
74,1,0.6974,0.234794310766612,1.954,0.209589904165081,0,0,0.953,0.211744742168102,48.9381697537802,8.12817202437891,7,31
74,2,0.0115,0.0402413887604463,1,0,0,0,0,0,18.364078191019,2.92279639481864,7,31
75,1,0.7004,0.236338096158228,1.954,0.209589904165081,0,0,0.953,0.211744742168102,49.583129111483,8.26397007179131,7,31
75,2,0.0117,0.041410443427049,1,0,0,0,0,0,18.3754934008899,2.93532974541862,7,31
76,1,0.6987,0.236863704299359,1.954,0.209589904165081,0,0,0.953,0.211744742168102,50.2310015562978,8.40032060090831,7,31
76,2,0.0111,0.0396025044455317,1,0,0,0,0,0,18.3871059747763,2.94831515017029,7,31
77,1,0.6989,0.233716523620846,1.954,0.209589904165081,0,0,0.953,0.211744742168102,50.8771220855374,8.53705157290843,7,31
77,2,0.0114,0.041614562015859,1,0,0,0,0,0,18.3981219303474,2.96103438441839,7,31
78,1,0.6997,0.232128830165048,1.954,0.209589904165081,0,0,0.953,0.211744742168102,51.5233764685614,8.67475511607158,7,31
78,2,0.0116,0.0427465468461169,1,0,0,0,0,0,18.409434483079,2.974332447294,7,31
79,1,0.6985,0.234483971163772,1.954,0.209589904165081,0,0,0.953,0.211744742168102,52.1703600101105,8.81281635794895,7,31
79,2,0.0103,0.0390568231610744,1,0,0,0,0,0,18.4209443505462,2.98777393708641,7,31
80,1,0.7012,0.231629471812661,1.954,0.209589904165081,0,0,0.953,0.211744742168102,52.816088296428,8.9494466777845,7,31
80,2,0.0103,0.0400688846302903,1,0,0,0,0,0,18.4311632970762,2.99928078391418,7,31
81,1,0.7011,0.232901337550975,1.954,0.209589904165081,0,0,0.953,0.211744742168102,53.4644304950156,9.08412484428908,7,31
81,2,0.0104,0.0411525641185763,1,0,0,0,0,0,18.4413812217116,3.01143864833788,7,31
82,1,0.7029,0.231463096767422,1.954,0.209589904165081,0,0,0.951,0.215976030257169,54.1126086661518,9.21929544299768,7,31
82,2,0.0089,0.0356659790565472,1,0,0,0,0,0,18.451697317786,3.02375118896572,7,31
83,1,0.7013,0.233886752538516,1.954,0.209589904165081,0,0,0,0,54.7626065024019,9.35654213267338,7,31
83,2,0.0088,0.0374695071219781,1,0,0,0,0,0,18.4605246325683,3.03470191709801,7,31
84,1,0.3559,0.294026600228009,1.954,0.209589904165081,0,0,0,0,55.4581095133334,9.50247759195152,7,31
84,2,0.0083,0.0349618696915988,1,0,0,0,0,0,18.4692518912254,3.0454955154634,7,31
0,1,1,0,1,0,1,0,0,0,0,0,8,31
0,2,1,0,1,0,1,0,0,0,0,0,8,31
1,1,0.882,0.10708626180546,1.09,0.286324958712967,0.91,0.286324958712967,0.09,0.286324958712967,0.95,0,8,31
1,2,0.886,0.103994301838201,1,0,1,0,0,0,0.95,0,8,31
2,1,0.8295,0.131670372852389,1.187,0.390106630529633,0.813,0.390106630529633,0.187,0.390106630529633,1.7819168,0.107075553179279,8,31
2,2,0.8406,0.130800415705565,1,0,1,0,0,0,1.7859164,0.103983902408017,8,31
3,1,0.8024,0.143996440841345,1.267,0.44261372200476,0.733,0.44261372200476,0.267,0.44261372200476,2.561260907795,0.197292727127746,8,31
3,2,0.8123,0.143594322065078,1,0,1,0,0,0,2.576358287906,0.198341519451427,8,31
4,1,0.7897,0.149017167185919,1.34,0.47394580346768,0.66,0.47394580346768,0.34,0.47394580346768,3.31343521036625,0.292310263553351,8,31
4,2,0.7902,0.152535986662909,1,0,1,0,0,0,3.33842962077424,0.295036070928741,8,31
5,1,0.774,0.152141865202012,1.409,0.491895274383645,0.591,0.491895274383645,0.409,0.491895274383645,4.05283937474529,0.387911217861664,8,31
5,2,0.7773,0.158176261587287,1,0,1,0,0,0,4.07833358518328,0.384825064811133,8,31
6,1,0.7704,0.157507614573546,1.468,0.499224624017311,0.532,0.499224624017311,0.468,0.499224624017311,4.77647744713805,0.475768681046537,8,31
6,2,0.7713,0.160599197078012,1,0,1,0,0,0,4.805270007906,0.476020145783916,8,31
7,1,0.7621,0.160309978757685,1.517,0.499960959436795,0.483,0.499960959436795,0.517,0.499960959436795,5.49644531518364,0.55674783793138,8,31
7,2,0.7631,0.16332502889963,1,0,1,0,0,0,5.52613733608658,0.569932975700339,8,31
8,1,0.7617,0.163615035616779,1.565,0.496005061487301,0.427,0.494889801790172,0.565,0.496005061487301,6.20804699469972,0.638416777942207,8,31
8,2,0.7604,0.171234228941416,1,0,0.979,0.143455845400526,0,0,6.23873831581262,0.659454753360885,8,31
9,1,0.7676,0.166547224467951,1.611,0.487767277415077,0.369,0.482775384699833,0.611,0.487767277415077,6.91957751404785,0.720691210381193,8,31
9,2,0.7554,0.167806433127574,1,0,0.956,0.205197724417465,0,0,6.94961935497879,0.753124768224724,8,31
10,1,0.7592,0.167042698922351,1.645,0.478752758952055,0.329,0.470085077384913,0.645,0.478752758952055,7.6375310326835,0.80561515749411,8,31
10,2,0.7566,0.169011848711873,1,0,0.923,0.266724843503829,0,0,7.65658276965536,0.843227813487589,8,31
11,1,0.7581,0.17534290728494,1.679,0.467094398571827,0.252,0.434378503939461,0.679,0.467094398571827,8.34732085232325,0.884427824568768,8,31
11,2,0.7517,0.171366497532267,1,0,0.796,0.403170617166661,0,0,8.36632263927262,0.933247840942351,8,31
12,1,0.7528,0.168524658612799,1.712,0.45305767983918,0.26,0.438853725736256,0.712,0.45305767983918,9.05808853855837,0.971161756415467,8,31
12,2,0.7495,0.167952249041083,1,0,0.886,0.317970289657863,0,0,9.07743994070018,1.02735128919567,8,31
13,1,0.7524,0.174656075602152,1.736,0.441019839121211,0.264,0.441019839121211,0.71,0.453989103510322,9.76144396317548,1.0573042179188,8,31
13,2,0.7409,0.174893618459273,1,0,0.999,0.0316227766016838,0,0,9.78179416597707,1.11387318119679,8,31
14,1,0.7494,0.170084004446534,1.765,0.424210979295627,0.235,0.424210979295627,0.709,0.454450795494436,10.4642297018603,1.13647637982084,8,31
14,2,0.7442,0.173886734964449,1,0,0.999,0.0316227766016838,0,0,10.4718464697205,1.1929946828368,8,31
15,1,0.749,0.177962554124936,1.791,0.406797842281009,0.205,0.403903624814309,0.727,0.445723759373078,11.1654472606067,1.20771342089861,8,31
15,2,0.7411,0.170381395169249,1,0,0.969,0.173404351355637,0,0,11.1651251512354,1.27107624224012,8,31
16,1,0.7472,0.180623322925875,1.812,0.390907672998125,0.136,0.342960087505269,0.745,0.436079310636454,11.8667943978072,1.28254561420188,8,31
16,2,0.7416,0.167024960222529,1,0,0.736,0.441019839121211,0,0,11.8567369032028,1.34391809993701,8,31
17,1,0.7459,0.176505932887097,1.823,0.381859682104326,0.102,0.302799748493435,0.758,0.428508599236491,12.5688202011936,1.35688372255428,8,31
17,2,0.7341,0.168034000801699,1,0,0.575,0.494590355364538,0,0,12.5604100685682,1.41473994997964,8,31
18,1,0.7387,0.170532669572113,1.835,0.37136627864268,0.076,0.265130711714607,0.77,0.421043082447957,13.2705262266598,1.43390638513886,8,31
18,2,0.7349,0.173672542885029,1,0,0.445,0.497214463005877,0,0,13.2645619323648,1.4887880055514,8,31
19,1,0.7417,0.172861189950176,1.842,0.364923511395428,0.061,0.239450070654273,0.781,0.413775555356053,13.9656737715838,1.50185187266389,8,31
19,2,0.7281,0.174157172464187,1,0,0.37,0.483045891539648,0,0,13.975930252138,1.56315719793739,8,31
20,1,0.7451,0.173453383005567,1.848,0.359200535947575,0.062,0.241276219744537,0.789,0.408222544264333,14.6639457272221,1.56298446993606,8,31
20,2,0.7341,0.176913788293871,1,0,0.418,0.49347696959384,0,0,14.6841832248666,1.63114969161161,8,31
21,1,0.741,0.165850856212763,1.853,0.354283102217022,0.075,0.263523138347365,0.799,0.400948574956639,15.3650919612665,1.62195845500052,8,31
21,2,0.7264,0.175937471830176,1,0,0.461,0.49872610491905,0,0,15.3959581791339,1.702697703054,8,31
22,1,0.7493,0.173694213143903,1.856,0.351265408754388,0.074,0.261901875885975,0.805,0.396398955765693,16.0609290946696,1.67047121887711,8,31
22,2,0.7245,0.177203699597811,1,0,0.487,0.500081074508005,0,0,16.0978326202339,1.77017970773592,8,31
23,1,0.7494,0.174556896483955,1.863,0.344019402576874,0.068,0.251871871076227,0.814,0.389301368550838,16.7647289529423,1.71540622337511,8,31
23,2,0.7172,0.175940657936462,1,0,0.471,0.499408058013093,0,0,16.7964439065027,1.83306601620394,8,31
24,1,0.7471,0.175391996260811,1.868,0.338660140392534,0.067,0.250147103868051,0.828,0.377569276502417,17.4684085461029,1.760329524624,8,31
24,2,0.7097,0.177390465858167,1,0,0.503,0.500241183071967,0,0,17.4885002652094,1.90335108679699,8,31
25,1,0.7455,0.174040340266388,1.875,0.330884397463048,0.075,0.263523138347365,0.843,0.363982806576744,18.1690748431681,1.80957504788533,8,31
25,2,0.7071,0.180422122097436,1,0,0.644,0.479054791744633,0,0,18.1714092331826,1.97674397300865,8,31
26,1,0.7437,0.175701966924623,1.88,0.325124138915747,0.107,0.309267920493941,0.85,0.357250091151322,18.8669279403599,1.85417209495483,8,31
26,2,0.7022,0.178120428044868,1,0,0.849,0.358228038164697,0,0,18.8446240063311,2.04192987095149,8,31
27,1,0.7387,0.172110231921092,1.89,0.313046319253234,0.097,0.296105857217784,0.865,0.341894562536306,19.5609709900642,1.89229290342486,8,31
27,2,0.7031,0.180646126509878,1,0,0.883,0.321581116383432,0,0,19.5026607988043,2.09416991051523,8,31
28,1,0.7394,0.178436205629574,1.9,0.300150112593832,0.088,0.283436653127884,0.879,0.326290461805836,20.2497087920514,1.9268043141197,8,31
28,2,0.6936,0.182132402971608,1,0,0.876,0.32974646735444,0,0,20.1598339447925,2.14063366383539,8,31
29,1,0.7398,0.174603683942941,1.911,0.284886223184204,0.073,0.260266668512775,0.898,0.302799748493435,20.9388264619579,1.96310875269391,8,31
29,2,0.6824,0.179729080959489,1,0,0.867,0.339744648856206,0,0,20.8078169589091,2.18692938285457,8,31
30,1,0.7456,0.174788990474776,1.919,0.272971634998059,0.065,0.246649216167082,0.905,0.293361655744341,21.6280746409087,2.00704819897301,8,31
30,2,0.6782,0.18324393124559,1,0,0.798,0.401693113405442,0,0,21.4450163061185,2.23202325158636,8,31
31,1,0.7396,0.175848692809366,1.923,0.266724843503829,0.052,0.222138122224316,0.912,0.283436653127884,22.3230863704654,2.05019797922436,8,31
31,2,0.6693,0.181219067292463,1,0,0.678,0.467476774326313,0,0,22.0814041801338,2.27784642735335,8,31
32,1,0.737,0.176924566700903,1.931,0.253580960056751,0.037,0.188856206322871,0.925,0.263523138347365,23.0123462423698,2.09479434386499,8,31
32,2,0.6665,0.180888005325037,1,0,0.51,0.50015012761185,0,0,22.7148373918896,2.32245477172184,8,31
33,1,0.7311,0.176504798642824,1.935,0.246649216167082,0.032,0.176088066055048,0.932,0.251871871076227,23.6990451758993,2.13580298714562,8,31
33,2,0.6618,0.180591731187708,1,0,0.465,0.499023069631078,0,0,23.3537893680726,2.35978080426039,8,31
34,1,0.7363,0.176077577542722,1.939,0.239450070654273,0.02,0.140070052543788,0.938,0.241276219744537,24.3796952078882,2.17490736632283,8,31
34,2,0.6532,0.186076286464408,1,0,0.496,0.500234179394246,0,0,23.9902355211353,2.39894242209974,8,31
35,1,0.7381,0.178241858608353,1.941,0.235742602375079,0.01,0.0995485304256668,0.94,0.237605674293474,25.065758505696,2.2152904876198,8,31
35,2,0.6445,0.187843112823002,1,0,0.229,0.42039949540376,0,0,24.6165024827018,2.43633319113482,8,31
36,1,0.7353,0.179321125543161,1.942,0.233860408557521,0.004,0.0631505185092568,0.942,0.233860408557521,25.7539455102496,2.25604270660255,8,31
36,2,0.6435,0.196663230997628,1,0,0.126,0.332015412645609,0,0,25.2473405702093,2.48579259760506,8,31
37,1,0.7375,0.181539821269899,1.943,0.231958627355839,0.003,0.054717401199198,0.943,0.231958627355839,26.4394730397414,2.29734117875252,8,31
37,2,0.6338,0.19528362884711,1,0,0.076,0.265130711714607,0,0,25.8822506600235,2.53925758445371,8,31
38,1,0.7421,0.179972164458785,1.943,0.231958627355839,0.001,0.0316227766016838,0.943,0.231958627355839,27.1271238911151,2.3408565682409,8,31
38,2,0.6302,0.197400422813445,1,0,0.054,0.226130792098589,0,0,26.5099238509325,2.59209006566941,8,31
39,1,0.7355,0.180228278114818,1.943,0.231958627355839,0.008,0.0891288053546324,0.943,0.231958627355839,27.819388150405,2.39125775997595,8,31
39,2,0.6217,0.19838968841265,1,0,0.066,0.248406331855099,0,0,27.1350437569686,2.65063311453781,8,31
40,1,0.7365,0.177452075894421,1.943,0.231958627355839,0.005,0.0705689732104696,0.943,0.231958627355839,28.504660236833,2.43336751987323,8,31
40,2,0.6073,0.195537579367611,1,0,0.031,0.173404351355637,0,0,27.7510365736661,2.70324977085806,8,31
41,1,0.7362,0.178721855131099,1.943,0.231958627355839,0.002,0.0446989708829856,0.943,0.231958627355839,29.191009205011,2.47631441774266,8,31
41,2,0.6072,0.200020419378043,1,0,0.043,0.202958597236462,0,0,28.3543682925368,2.75458217173599,8,31
42,1,0.7417,0.181284235315633,1.944,0.230036772966665,0.004,0.0631505185092568,0.944,0.230036772966665,29.8771401520637,2.51261565188837,8,31
42,2,0.5972,0.200779661501041,1,0,0.056,0.230036772966665,0,0,28.9569425425031,2.80791474412789,8,31
43,1,0.7376,0.184282935184461,1.944,0.230036772966665,0,0,0.944,0.230036772966665,30.5685300620239,2.54922669762678,8,31
43,2,0.5931,0.203380809698835,1,0,0.027,0.162164414398774,0,0,29.54885117347,2.85456462507664,8,31
44,1,0.731,0.185076344391317,1.944,0.230036772966665,0,0,0.944,0.230036772966665,31.2559675678242,2.59041439536462,8,31
44,2,0.5868,0.209115971387863,1,0,0.004,0.0631505185092568,0,0,30.1380619846771,2.89793903683643,8,31
45,1,0.7332,0.182841984213668,1.944,0.230036772966665,0,0,0.944,0.230036772966665,31.9367653075253,2.62897418239476,8,31
45,2,0.5769,0.210572388338858,1,0,0,0,0,0,30.7220864861521,2.94213914257954,8,31
46,1,0.7356,0.179512854316522,1.944,0.230036772966665,0,0,0.944,0.230036772966665,32.6196850892011,2.67250955487695,8,31
46,2,0.5632,0.215062809458102,1,0,0.005,0.0705689732104696,0,0,31.2963961392845,2.98874224816486,8,31
47,1,0.7411,0.182740756768117,1.944,0.230036772966665,0,0,0.944,0.230036772966665,33.3049255637024,2.71442595299329,8,31
47,2,0.5545,0.222236673704272,1,0,0.001,0.0316227766016838,0,0,31.8567623872806,3.0289117530529,8,31
48,1,0.7353,0.185143696053061,1.944,0.230036772966665,0,0,0.944,0.230036772966665,33.9955717235222,2.76133633930584,8,31
48,2,0.5458,0.223992259983537,1,0,0,0,0,0,32.4086124569045,3.07504209630531,8,31
49,1,0.7385,0.180832658694303,1.944,0.230036772966665,0,0,0.944,0.230036772966665,34.6803765934022,2.80853590980169,8,31
49,2,0.5392,0.226968885257153,1,0,0,0,0,0,32.951798764099,3.12967167549908,8,31
50,1,0.7391,0.18125684550947,1.944,0.230036772966665,0,0,0.944,0.230036772966665,35.3682973403683,2.85560349715853,8,31
50,2,0.5345,0.22766550371451,1,0,0,0,0,0,33.4883630151682,3.18669725685167,8,31
51,1,0.7404,0.179052785233573,1.944,0.230036772966665,0,0,0.944,0.230036772966665,36.056746302598,2.90087737685819,8,31
51,2,0.5305,0.231502361420663,1,0,0,0,0,0,34.0201970523293,3.24674304614835,8,31
52,1,0.754,0.184494005425754,1.944,0.230036772966665,0,0,0.944,0.230036772966665,36.7464198064794,2.94218917700222,8,31
52,2,0.5228,0.234894306732486,1,0,0,0,0,0,34.5479982551699,3.30622008941037,8,31
53,1,0.7413,0.183679198735317,1.944,0.230036772966665,0,0,0.944,0.230036772966665,37.4495538030463,2.99284522226641,8,31
53,2,0.5157,0.234432225746522,1,0,0,0,0,0,35.0680866159581,3.36951685631491,8,31
54,1,0.7436,0.180087399535535,1.944,0.230036772966665,0,0,0.944,0.230036772966665,38.1399846215046,3.04224847554765,8,31
54,2,0.5134,0.241658517000413,1,0,0,0,0,0,35.5810605002384,3.44406325017268,8,31
55,1,0.7396,0.178391882280735,1.944,0.230036772966665,0,0,0.944,0.230036772966665,38.8326340097371,3.08871534210585,8,31
55,2,0.5043,0.240394050049703,1,0,0,0,0,0,36.0916954742743,3.51679461447107,8,31
56,1,0.7351,0.179973276850705,1.944,0.230036772966665,0,0,0.944,0.230036772966665,39.5212360737356,3.131237075529,8,31
56,2,0.5059,0.245551390721954,1,0,0,0,0,0,36.5932292999161,3.58873913306695,8,31
57,1,0.7329,0.183087714254974,1.944,0.230036772966665,0,0,0.944,0.230036772966665,40.2052944083522,3.17559462760777,8,31
57,2,0.4986,0.248756748491212,1,0,0,0,0,0,37.0963040367712,3.66620294744533,8,31
58,1,0.7383,0.187184796786887,1.944,0.230036772966665,0,0,0.944,0.230036772966665,40.8870968420877,3.2209924512279,8,31
58,2,0.4914,0.24865210207812,1,0,0,0,0,0,37.5920699598578,3.74761042469922,8,31
59,1,0.7369,0.187946039366925,1.944,0.230036772966665,0,0,0.944,0.230036772966665,41.5741998646754,3.2672382563917,8,31
59,2,0.4852,0.24908432909961,1,0,0,0,0,0,38.080627947558,3.83916602053768,8,31
60,1,0.7388,0.189817255776683,1.944,0.230036772966665,0,0,0.944,0.230036772966665,42.2598424130523,3.31454738122723,8,31
60,2,0.4814,0.252185720526832,1,0,0,0,0,0,38.5629735535787,3.93441264012818,8,31
61,1,0.7419,0.193886518308989,1.944,0.230036772966665,0,0,0.944,0.230036772966665,42.9473050307394,3.36878961820041,8,31
61,2,0.4766,0.253410056344764,1,0,0,0,0,0,39.0414936579086,4.03499612707028,8,31
62,1,0.7333,0.18856475457165,1.944,0.230036772966665,0,0,0.944,0.230036772966665,43.6377800487834,3.42650237513307,8,31
62,2,0.4727,0.259098131683426,1,0,0,0,0,0,39.5151951025606,4.14500108620025,8,31
63,1,0.7346,0.194732536471851,1.944,0.230036772966665,0,0,0.944,0.230036772966665,44.3196391770243,3.47993653170946,8,31
63,2,0.4755,0.260187331450721,1,0,0,0,0,0,39.9849732834665,4.25994899157584,8,31
64,1,0.7304,0.195381713612134,1.944,0.230036772966665,0,0,0.944,0.230036772966665,45.0027219546899,3.53484900064945,8,31
64,2,0.477,0.261303041083106,1,0,0,0,0,0,40.4574869011272,4.37216775532483,8,31
65,1,0.7245,0.199523330865239,1.944,0.230036772966665,0,0,0.944,0.230036772966665,45.6815632195804,3.58561011880729,8,31
65,2,0.4754,0.259580858736198,1,0,0,0,0,0,40.9314436976037,4.49132061636686,8,31
66,1,0.7267,0.199341031518468,1.944,0.230036772966665,0,0,0.944,0.230036772966665,46.3544748278817,3.63801988923864,8,31
66,2,0.4716,0.260040498886349,1,0,0,0,0,0,41.4037634651904,4.6090475871019,8,31
67,1,0.7233,0.198913741799496,1.944,0.230036772966665,0,0,0.944,0.230036772966665,47.0295046721117,3.69600710346027,8,31
67,2,0.472,0.265040084225474,1,0,0,0,0,0,41.8722609994639,4.72562589330145,8,31
68,1,0.7329,0.200668527322692,1.944,0.230036772966665,0,0,0.944,0.230036772966665,47.7010897183459,3.75611211217828,8,31
68,2,0.4658,0.262601064962272,1,0,0,0,0,0,42.3411090128089,4.84580451018166,8,31
69,1,0.724,0.195453836499062,1.944,0.230036772966665,0,0,0.944,0.230036772966665,48.3821425442831,3.82077445952037,8,31
69,2,0.4677,0.263924925625388,1,0,0,0,0,0,42.8037521604267,4.96477574187282,8,31
70,1,0.718,0.194663540227475,1.944,0.230036772966665,0,0,0.944,0.230036772966665,49.0542884666093,3.88397148426918,8,31
70,2,0.467,0.264236297318935,1,0,0,0,0,0,43.2682359782045,5.08890175535656,8,31
71,1,0.7223,0.197311027673675,1.944,0.230036772966665,0,0,0.944,0.230036772966665,49.7204090297712,3.94432300524409,8,31
71,2,0.4683,0.267276161575526,1,0,0,0,0,0,43.7319782307336,5.21121653264411,8,31
72,1,0.7294,0.197115434440062,1.944,0.230036772966665,0,0,0.944,0.230036772966665,50.3907325574863,4.00963242327449,8,31
72,2,0.4708,0.26649273607057,1,0,0,0,0,0,44.1969649112684,5.33934570665777,8,31
73,1,0.7324,0.193565771012614,1.944,0.230036772966665,0,0,0.944,0.230036772966665,51.068038113902,4.07025121845223,8,31
73,2,0.4711,0.267369176002538,1,0,0,0,0,0,44.6643871568862,5.47498283703029,8,31
74,1,0.7347,0.19525376829663,1.944,0.230036772966665,0,0,0.944,0.230036772966665,51.7482541184158,4.13547683805125,8,31
74,2,0.4674,0.269647825783836,1,0,0,0,0,0,45.1320604781449,5.61255373833024,8,31
75,1,0.7328,0.194066539676014,1.944,0.230036772966665,0,0,0.944,0.230036772966665,52.4306851433033,4.19783352455101,8,31
75,2,0.4704,0.270216314934641,1,0,0,0,0,0,45.5960143123739,5.75200808131385,8,31
76,1,0.7299,0.193528921465096,1.944,0.230036772966665,0,0,0.944,0.230036772966665,53.1111621224914,4.26737833792433,8,31
76,2,0.4654,0.270954343490294,1,0,0,0,0,0,46.0628993342672,5.89253816065643,8,31
77,1,0.7326,0.192910483008193,1.944,0.230036772966665,0,0,0.944,0.230036772966665,53.788693011535,4.33524212088435,8,31
77,2,0.4753,0.278671074149377,1,0,0,0,0,0,46.5247755255092,6.03354690477987,8,31
78,1,0.7308,0.193930319880541,1.944,0.230036772966665,0,0,0.944,0.230036772966665,54.4688354362946,4.39436154806414,8,31
78,2,0.4767,0.280795220678622,1,0,0,0,0,0,46.9964295880833,6.18149722850225,8,31
79,1,0.7329,0.193248376280203,1.944,0.230036772966665,0,0,0.944,0.230036772966665,55.1471238328944,4.45557748557125,8,31
79,2,0.4702,0.280625570308036,1,0,0,0,0,0,47.4694256071867,6.33240924561625,8,31
80,1,0.7338,0.196459044475321,1.944,0.230036772966665,0,0,0.944,0.230036772966665,55.8274278751898,4.52310006324482,8,31
80,2,0.4715,0.282555459313013,1,0,0,0,0,0,47.9359254769363,6.48671309742707,8,31
81,1,0.7273,0.192097921934652,1.944,0.230036772966665,0,0,0.943,0.231958627355839,56.5085567154472,4.58623501425852,8,31
81,2,0.4726,0.285991312859379,1,0,0,0,0,0,48.4036683376723,6.64526919568079,8,31
82,1,0.7345,0.19343517562007,1.944,0.230036772966665,0,0,0.942,0.233860408557521,57.1832194793898,4.6482738656481,8,31
82,2,0.4677,0.284125742299844,1,0,0,0,0,0,48.8724555496686,6.80903753115847,8,31
83,1,0.7342,0.199474685487032,1.944,0.230036772966665,0,0,0,0,57.8650055671877,4.71106484333163,8,31
83,2,0.4649,0.283369526040272,1,0,0,0,0,0,49.3363359006478,6.97543352329971,8,31
84,1,0.6827,0.205749952716989,1.944,0.230036772966665,0,0,0,0,58.5931366246894,4.78352311769137,8,31
84,2,0.4727,0.28500164198814,1,0,0,0,0,0,49.7973930085646,7.14122175237638,8,31
0,1,1,0,1,0,1,0,0,0,0,0,9,31
0,2,1,0,1,0,1,0,0,0,0,0,9,31
1,1,0.8807,0.110225494599297,1.09,0.286324958712967,0.91,0.286324958712967,0.09,0.286324958712967,0.95,0,9,31
1,2,0.8777,0.109930863704397,1,0,1,0,0,0,0.95,0,9,31
2,1,0.8319,0.132476186312635,1.183,0.386860001370859,0.817,0.386860001370859,0.183,0.386860001370859,1.78061693,0.110214472049837,9,31
2,2,0.8361,0.131773116204157,1,0,1,0,0,0,1.77761723,0.109919870618027,9,31
3,1,0.8024,0.146887085258765,1.272,0.4452125494797,0.728,0.4452125494797,0.272,0.4452125494797,2.562360557819,0.204230035942703,9,31
3,2,0.8075,0.144203136389416,1,0,1,0,0,0,2.563560017861,0.204348412101203,9,31
4,1,0.7884,0.156748237661576,1.352,0.477832946043201,0.648,0.477832946043201,0.352,0.477832946043201,3.31453486039025,0.303360382925357,9,31
4,2,0.7902,0.149218719422954,1,0,1,0,0,0,3.32083279058524,0.300879041685223,9,31
5,1,0.7793,0.159771828045613,1.404,0.4909429956981,0.596,0.4909429956981,0.404,0.4909429956981,4.05263954469129,0.405268917052372,9,31
5,2,0.7864,0.150790509574634,1,0,1,0,0,0,4.06073675499428,0.393915212218715,9,31
6,1,0.7717,0.156184197355249,1.462,0.49880337288836,0.538,0.49880337288836,0.462,0.49880337288836,4.781574967614,0.506278055102127,9,31
6,2,0.7736,0.157759081919007,1,0,1,0,0,0,4.79676862862692,0.486156360564566,9,31
7,1,0.7664,0.157847888664866,1.515,0.500025024398804,0.485,0.500025024398804,0.515,0.500025024398804,5.50284205585457,0.592724626477879,9,31
7,2,0.7625,0.164227649075059,1,0,1,0,0,0,5.51993457715245,0.573407199205956,9,31
8,1,0.7634,0.161016664871579,1.567,0.495738597202958,0.425,0.494590355364538,0.567,0.495738597202958,6.2187407262735,0.672477141764328,9,31
8,2,0.7584,0.167084880696481,1,0,0.977,0.149978310076802,0,0,6.23193597675251,0.658633069738417,9,31
9,1,0.7658,0.165885134589805,1.607,0.488661221901012,0.374,0.484105730557239,0.607,0.488661221901012,6.93196988609753,0.752471963643208,9,31
9,2,0.757,0.16437158519044,1,0,0.957,0.202958597236462,0,0,6.94091853538678,0.746370025138946,9,31
10,1,0.7592,0.17106906390293,1.647,0.47814184048211,0.329,0.470085077384913,0.647,0.47814184048211,7.64807506906733,0.836892336047264,9,31
10,2,0.7566,0.17013343406099,1,0,0.929,0.256953351846254,0,0,7.64943055562122,0.827331484175071,9,31
11,1,0.7588,0.171615885080642,1.684,0.465145526002734,0.239,0.426686138819931,0.684,0.465145526002734,8.3577649886621,0.920811420924853,9,31
11,2,0.753,0.173265752591275,1,0,0.797,0.402433787041984,0,0,8.35887072510352,0.908535320903012,9,31
12,1,0.7586,0.168625248626872,1.709,0.454450795494436,0.263,0.440482718191106,0.709,0.454450795494436,9.06963146550203,1.00093200361357,9,31
12,2,0.7488,0.172535006095367,1,0,0.894,0.307991653878573,0,0,9.07123665221837,0.993648463462304,9,31
13,1,0.753,0.174474758751636,1.732,0.443139224592421,0.268,0.443139224592421,0.699,0.458922226101122,9.77877993394587,1.07448163333052,9,31
13,2,0.7494,0.172827976640096,1,0,1,0,0,0,9.77449219676951,1.07010832026306,9,31
14,1,0.7508,0.171781456708426,1.749,0.433805471596645,0.251,0.433805471596645,0.693,0.461480188051409,10.4825144383714,1.1549430016586,9,31
14,2,0.7471,0.168522965764284,1,0,1,0,0,0,10.4729835221015,1.14393904838399,9,31
15,1,0.7511,0.171137599837318,1.773,0.41910219117376,0.22,0.414453582167861,0.715,0.451640320364534,11.1851300383914,1.23026528088866,9,31
15,2,0.7484,0.165664977846511,1,0,0.965,0.18387171834953,0,0,11.1691082162089,1.21296630553735,9,31
16,1,0.7455,0.1713157876528,1.795,0.403903624814309,0.132,0.338660140392534,0.729,0.444698500960771,11.8884242526385,1.29914335029036,9,31
16,2,0.7516,0.163230156785087,1,0,0.732,0.443139224592421,0,0,11.8682087260479,1.27928129663481,9,31
17,1,0.7435,0.173343006198109,1.805,0.396398955765693,0.108,0.310535718448671,0.742,0.437752929890398,12.5897511751852,1.36708414495179,9,31
17,2,0.7629,0.170183878650572,1,0,0.515,0.500025024398804,0,0,12.5820655836476,1.34213286523926,9,31
18,1,0.7432,0.174769288790406,1.815,0.388491860823269,0.066,0.248406331855099,0.75,0.433229370758364,13.2895604280687,1.43771099803193,9,31
18,2,0.7589,0.174273237076612,1,0,0.38,0.485629319374187,0,0,13.3179634306705,1.41612459721342,9,31
19,1,0.7381,0.175068669495827,1.823,0.381859682104326,0.059,0.235742602375079,0.761,0.426686138819931,13.9906971821678,1.50873572857437,9,31
19,2,0.7474,0.171179854371192,1,0,0.354,0.478448443317473,0,0,14.056532742114,1.49036600280991,9,31
20,1,0.7309,0.17448677782467,1.832,0.374053359717455,0.061,0.239450070654273,0.777,0.416466618643613,14.6864738835335,1.57961329596545,9,31
20,2,0.7461,0.170745260385007,1,0,0.391,0.488218554908923,0,0,14.7848475591942,1.56502308962253,9,31
21,1,0.7388,0.176878053601474,1.845,0.362085771753194,0.068,0.251871871076227,0.787,0.409632516774241,15.3740971918484,1.64573697248897,9,31
21,2,0.7507,0.170436376864091,1,0,0.373,0.483844091733179,0,0,15.5099458388113,1.63212221825556,9,31
22,1,0.7426,0.176568446831297,1.854,0.353282901948012,0.069,0.253580960056751,0.795,0.403903624814309,16.0686869476281,1.71030174511225,9,31
22,2,0.7535,0.176348657065623,1,0,0.424,0.494437527366672,0,0,16.2404600701431,1.69538422043653,9,31
23,1,0.7454,0.179864368876082,1.859,0.34819569244929,0.06,0.237605674293474,0.802,0.398691553653893,16.7665498821655,1.7717890918019,9,31
23,2,0.7465,0.177141551108511,1,0,0.418,0.49347696959384,0,0,16.9711507006289,1.75342938038798,9,31
24,1,0.7417,0.177151044288462,1.861,0.346119630761965,0.057,0.231958627355839,0.809,0.393285740491152,17.4672363677414,1.83290728943817,9,31
24,2,0.7459,0.169740985038976,1,0,0.412,0.492441365543654,0,0,17.6950836551125,1.81980390499197,9,31
25,1,0.7452,0.17414731490117,1.867,0.339744648856206,0.078,0.268305773303498,0.824,0.381010720543621,18.1639621339126,1.89131098233108,9,31
25,2,0.7422,0.16378640354433,1,0,0.562,0.496389365722517,0,0,18.4186449354733,1.88351747100198,9,31
26,1,0.747,0.17726370870097,1.877,0.328601550481703,0.108,0.310535718448671,0.842,0.364923511395428,18.8623139826032,1.94480482886548,9,31
26,2,0.7397,0.171998527591062,1,0,0.858,0.349224795737585,0,0,19.1309618261317,1.93412990854096,9,31
27,1,0.7527,0.176985971291608,1.888,0.315524255098646,0.106,0.307991653878573,0.86,0.347160655202344,19.5599975541606,1.99912518066387,9,31
27,2,0.7473,0.174307467118001,1,0,0.895,0.306706812883361,0,0,19.8259524089211,1.97706018637015,9,31
28,1,0.7463,0.174461304439543,1.9,0.300150112593832,0.092,0.289170571842329,0.874,0.332015412645609,20.2624981445454,2.04609684137285,9,31
28,2,0.7528,0.169531415675387,1,0,0.888,0.315524255098646,0,0,20.5266079878179,2.0172827092715,9,31
29,1,0.7435,0.178744789293841,1.908,0.289170571842329,0.085,0.279021240863223,0.884,0.320385153598987,20.9585463807002,2.09083879143459,9,31
29,2,0.7469,0.172104648426502,1,0,0.857,0.350248017372938,0,0,21.2330271432506,2.05372055652302,9,31
30,1,0.7503,0.176893191506064,1.915,0.279021240863223,0.073,0.260266668512775,0.899,0.301479501608136,21.6515835550651,2.1426008620309,9,31
30,2,0.7451,0.171480014565533,1,0,0.806,0.395626743939942,0,0,21.9350382541227,2.09643414507028,9,31
31,1,0.7494,0.179365023936697,1.921,0.269873733126868,0.058,0.233860408557521,0.906,0.291974740772638,22.3511815046132,2.19175580502403,9,31
31,2,0.7401,0.171263893805207,1,0,0.744,0.436640189005381,0,0,22.6377269171431,2.13497401725146,9,31
32,1,0.7449,0.17408128645634,1.929,0.256953351846254,0.039,0.193691808077979,0.919,0.272971634998059,23.0502110420435,2.23520552793049,9,31
32,2,0.7456,0.168371580110745,1,0,0.51,0.50015012761185,0,0,23.3384511924708,2.17272643893927,9,31
33,1,0.7485,0.177395657272717,1.933,0.250147103868051,0.035,0.18387171834953,0.926,0.261901875885975,23.7449840957089,2.27896521870474,9,31
33,2,0.7484,0.167885751705217,1,0,0.466,0.499092269117739,0,0,24.0562504405977,2.2102093596262,9,31
34,1,0.7506,0.17002514093083,1.936,0.244875404979683,0.03,0.170672578726429,0.93,0.255274685711618,24.4431263052661,2.32917594251444,9,31
34,2,0.747,0.169527991021364,1,0,0.439,0.496513368929302,0,0,24.7789614351725,2.24706434798856,9,31
35,1,0.748,0.171480043752634,1.936,0.244875404979683,0.011,0.104354635210372,0.931,0.253580960056751,25.143341402651,2.37895803062709,9,31
35,2,0.7408,0.171478175768127,1,0,0.166,0.372266816386557,0,0,25.5015503283677,2.28093541047688,9,31
36,1,0.7514,0.168423295319877,1.937,0.243084532807191,0.006,0.0772655807586403,0.932,0.251871871076227,25.8417924184222,2.42684406203702,9,31
36,2,0.7462,0.173018772089896,1,0,0.089,0.284886223184204,0,0,26.2314909319523,2.32422024131826,9,31
37,1,0.7459,0.168141195016157,1.94,0.237605674293474,0.004,0.0631505185092568,0.935,0.246649216167082,26.5437606517463,2.4687659873626,9,31
37,2,0.7357,0.173567380678616,1,0,0.045,0.207407854282373,0,0,26.9705752996856,2.36750755771037,9,31
38,1,0.7505,0.170789106558114,1.94,0.237605674293474,0,0,0.94,0.237605674293474,27.240129186327,2.51109436441834,9,31
38,2,0.7404,0.172619922481843,1,0,0.042,0.200689502157627,0,0,27.7013164137685,2.41051999604812,9,31
39,1,0.7451,0.169069732875446,1.94,0.237605674293474,0.002,0.0446989708829856,0.94,0.237605674293474,27.9409608260025,2.55118297873891,9,31
39,2,0.7444,0.175440643579016,1,0,0.043,0.202958597236462,0,0,28.4368160577946,2.45025505703763,9,31
40,1,0.7542,0.172429962860554,1.941,0.235742602375079,0.002,0.0446989708829856,0.941,0.235742602375079,28.6362437918092,2.58933066540414,9,31
40,2,0.7411,0.172831306945995,1,0,0.02,0.140070052543788,0,0,29.1761767760898,2.48558928917771,9,31
41,1,0.7512,0.16878106246569,1.941,0.235742602375079,0.001,0.0316227766016838,0.941,0.235742602375079,29.34047109982,2.6289607761764,9,31
41,2,0.7417,0.174360292244282,1,0,0.015,0.121613279660528,0,0,29.9133221415644,2.51534680703731,9,31
42,1,0.7544,0.166878663970229,1.941,0.235742602375079,0.002,0.0446989708829856,0.941,0.235742602375079,30.0416900559414,2.66942104886548,9,31
42,2,0.7381,0.173229323148243,1,0,0.016,0.125537881771837,0,0,30.6512403144634,2.54317870890483,9,31
43,1,0.7473,0.16739393875147,1.942,0.233860408557521,0,0,0.942,0.233860408557521,30.7459756872526,2.708658152449,9,31
43,2,0.7437,0.172307864010903,1,0,0.003,0.054717401199198,0,0,31.3854499941604,2.57425167443908,9,31
44,1,0.749,0.173462068156381,1.942,0.233860408557521,0,0,0.942,0.233860408557521,31.4431711414261,2.73783241238601,9,31
44,2,0.7427,0.17226835573136,1,0,0.002,0.0446989708829856,0,0,32.1258094342499,2.60643411584449,9,31
45,1,0.7497,0.172886667501574,1.942,0.233860408557521,0,0,0.942,0.233860408557521,32.1419894121136,2.77221118934565,9,31
45,2,0.7479,0.17408588654999,1,0,0.003,0.054717401199198,0,0,32.865149009421,2.63756688219742,9,31
46,1,0.7496,0.168784858113304,1.942,0.233860408557521,0.001,0.0316227766016838,0.942,0.233860408557521,32.8414346578942,2.80441542363963,9,31
46,2,0.7478,0.170892844684511,1,0,0.001,0.0316227766016838,0,0,33.6095415265466,2.66720946795925,9,31
47,1,0.7497,0.173810586904596,1.942,0.233860408557521,0,0,0.942,0.233860408557521,33.5406606476,2.83163633646644,9,31
47,2,0.7372,0.170073763658846,1,0,0,0,0,0,34.3538596044204,2.69799781061109,9,31
48,1,0.7547,0.172184661214516,1.942,0.233860408557521,0,0,0.942,0.233860408557521,34.2399660113258,2.86346339998183,9,31
48,2,0.7405,0.171986421933039,1,0,0.001,0.0316227766016838,0,0,35.0876027216118,2.7323412363949,9,31
49,1,0.7488,0.172128406104827,1.942,0.233860408557521,0,0,0.942,0.233860408557521,34.9441775008289,2.89981742541362,9,31
49,2,0.7378,0.172629548342574,1,0,0,0,0,0,35.8245069010954,2.76648477019542,9,31
50,1,0.7445,0.173030892298716,1.942,0.233860408557521,0,0,0.942,0.233860408557521,35.6424474099077,2.93124744771472,9,31
50,2,0.7357,0.173278779818925,1,0,0.001,0.0316227766016838,0,0,36.5587003440458,2.796078639542,9,31
51,1,0.7444,0.172911938681337,1.942,0.233860408557521,0,0,0.942,0.233860408557521,36.3363689394047,2.96656977074711,9,31
51,2,0.7288,0.173668421771837,1,0,0,0,0,0,37.2906810913565,2.83201007589443,9,31
52,1,0.746,0.174512046731607,1.942,0.233860408557521,0,0,0.942,0.233860408557521,37.0301215854758,2.9949683187357,9,31
52,2,0.7343,0.176365003939599,1,0,0,0,0,0,38.0157734883974,2.86643726672618,9,31
53,1,0.7458,0.17208129466032,1.942,0.233860408557521,0,0,0.942,0.233860408557521,37.725396557463,3.02656401027699,9,31
53,2,0.737,0.17458946555128,1,0,0,0,0,0,38.7462648490073,2.88757061347843,9,31
54,1,0.7446,0.175959659586514,1.942,0.233860408557521,0,0,0.942,0.233860408557521,38.4204030592017,3.05645571778878,9,31
54,2,0.7351,0.174380040137621,1,0,0,0,0,0,39.4793688876239,2.92202730357819,9,31
55,1,0.7488,0.166572225494847,1.942,0.233860408557521,0,0,0.942,0.233860408557521,39.114146523148,3.08696166730259,9,31
55,2,0.7383,0.177636326984839,1,0,0,0,0,0,40.2105098486947,2.96093424761171,9,31
56,1,0.7468,0.169701380544056,1.942,0.233860408557521,0,0,0.942,0.233860408557521,39.8119975750078,3.11486383474564,9,31
56,2,0.7398,0.17851562348385,1,0,0,0,0,0,40.9447601431055,2.9927458021765,9,31
57,1,0.7411,0.173120653767137,1.942,0.233860408557521,0,0,0.942,0.233860408557521,40.5077900110178,3.13949818166055,9,31
57,2,0.7339,0.176328902570968,1,0,0,0,0,0,41.6804286355454,3.01957519932476,9,31
58,1,0.7431,0.175679404749826,1.942,0.233860408557521,0,0,0.942,0.233860408557521,41.1978452669787,3.17167527903046,9,31
58,2,0.7282,0.174915280508466,1,0,0,0,0,0,42.4101570971445,3.05566877763981,9,31
59,1,0.744,0.170214491078089,1.942,0.233860408557521,0,0,0.942,0.233860408557521,41.8898199504124,3.20447774736552,9,31
59,2,0.7318,0.17725738399339,1,0,0,0,0,0,43.134145551852,3.08892758667151,9,31
60,1,0.7514,0.172533497639756,1.942,0.233860408557521,0,0,0.942,0.233860408557521,42.5826201417476,3.23241661395595,9,31
60,2,0.7257,0.180615979725306,1,0,0,0,0,0,43.8616404291932,3.11755085272636,9,31
61,1,0.7527,0.173501621931361,1.942,0.233860408557521,0,0,0.942,0.233860408557521,43.2827067837908,3.26030649734991,9,31
61,2,0.7291,0.184491808022002,1,0,0,0,0,0,44.5829990492851,3.15001253649547,9,31
62,1,0.754,0.171445015656313,1.942,0.233860408557521,0,0,0.942,0.233860408557521,43.984015510913,3.29201808405776,9,31
62,2,0.7191,0.17634139130189,1,0,0,0,0,0,45.3076648556128,3.18061057971674,9,31
63,1,0.76,0.171958045957639,1.942,0.233860408557521,0,0,0.942,0.233860408557521,44.6865460716964,3.32678428735945,9,31
63,2,0.72,0.173233974756715,1,0,0,0,0,0,46.0223200066375,3.21211903635894,9,31
64,1,0.7582,0.169474132189787,1.942,0.233860408557521,0,0,0.942,0.233860408557521,45.3949686963659,3.36316263600876,9,31
64,2,0.7288,0.175046283025951,1,0,0,0,0,0,46.7377980396884,3.24625750785348,9,31
65,1,0.7568,0.167934397792596,1.942,0.233860408557521,0,0,0.942,0.233860408557521,46.1015319625597,3.39591917611737,9,31
65,2,0.7328,0.177187910297389,1,0,0,0,0,0,47.4619483819779,3.27924290334123,9,31
66,1,0.7609,0.167777648509387,1.942,0.233860408557521,0,0,0.942,0.233860408557521,46.806633643368,3.42997739022582,9,31
66,2,0.7338,0.178632218453082,1,0,0,0,0,0,48.1900003922588,3.31451970841128,9,31
67,1,0.7602,0.171888060974302,1.942,0.233860408557521,0,0,0.942,0.233860408557521,47.5157378417659,3.46419568792158,9,31
67,2,0.733,0.177489443355098,1,0,0,0,0,0,48.9189730187429,3.34211655624225,9,31
68,1,0.7584,0.167682907768077,1.942,0.233860408557521,0,0,0.942,0.233860408557521,48.2240758043004,3.50205709871086,9,31
68,2,0.7414,0.179047753680682,1,0,0,0,0,0,49.6470780903146,3.37374005517519,9,31
69,1,0.7586,0.168565875711706,1.942,0.233860408557521,0,0,0.942,0.233860408557521,48.9305551321248,3.53849841237542,9,31
69,2,0.7376,0.176117169115499,1,0,0,0,0,0,50.3834534223109,3.40318317625229,9,31
70,1,0.7567,0.169481072199328,1.942,0.233860408557521,0,0,0.942,0.233860408557521,49.6371624366979,3.57132091574948,9,31
70,2,0.7419,0.174139928548035,1,0,0,0,0,0,51.1159812478248,3.43897258461256,9,31
71,1,0.7607,0.174171885922631,1.942,0.233860408557521,0,0,0.942,0.233860408557521,50.3418123347594,3.60095211529785,9,31
71,2,0.7395,0.17561489284964,1,0,0,0,0,0,51.8527058241661,3.46468393510961,9,31
72,1,0.75,0.173176181936172,1.942,0.233860408557521,0,0,0.942,0.233860408557521,51.0503634670028,3.63114511318837,9,31
72,2,0.7334,0.176849415367187,1,0,0,0,0,0,52.5869737085468,3.49085553317865,9,31
73,1,0.7415,0.174178322669866,1.942,0.233860408557521,0,0,0.942,0.233860408557521,51.7482205112781,3.65610932540637,9,31
73,2,0.7361,0.176912656664491,1,0,0,0,0,0,53.3151119305861,3.52296608851744,9,31
74,1,0.743,0.173842518450525,1.942,0.233860408557521,0,0,0.942,0.233860408557521,52.4375695969966,3.68788649859037,9,31
74,2,0.7285,0.177790211652271,1,0,0,0,0,0,54.0458576995917,3.55310623577456,9,31
75,1,0.7467,0.175213611942137,1.942,0.233860408557521,0,0,0.942,0.233860408557521,53.1283386882246,3.71744134016443,9,31
75,2,0.7272,0.178302977967144,1,0,0,0,0,0,54.7689864292361,3.58014425513134,9,31
76,1,0.7445,0.172799333359853,1.942,0.233860408557521,0,0,0.942,0.233860408557521,53.822711054969,3.75487372708725,9,31
76,2,0.7273,0.175143899081257,1,0,0,0,0,0,55.4907525600202,3.60778490284241,9,31
77,1,0.7451,0.176938682309147,1.942,0.233860408557521,0,0,0.942,0.233860408557521,54.5148306419311,3.7826428560169,9,31
77,2,0.7311,0.174795146795737,1,0,0,0,0,0,56.2125457570342,3.63257798182937,9,31
78,1,0.75,0.175415993486258,1.942,0.233860408557521,0,0,0.942,0.233860408557521,55.2074764144467,3.80936877527973,9,31
78,2,0.7399,0.174494809201989,1,0,0,0,0,0,56.938037625639,3.65464506351725,9,31
79,1,0.7492,0.173981693374992,1.942,0.233860408557521,0,0,0.942,0.233860408557521,55.90491484916,3.84021284945848,9,31
79,2,0.7352,0.17864174448564,1,0,0,0,0,0,57.6721885686528,3.68634185208655,9,31
80,1,0.7452,0.174663869954457,1.942,0.233860408557521,0,0,0.942,0.233860408557521,56.601489835445,3.87414954966461,9,31
80,2,0.735,0.180520324583099,1,0,0,0,0,0,58.4016030821362,3.71780147445174,9,31
81,1,0.737,0.174417377062669,1.942,0.233860408557521,0,0,0.942,0.233860408557521,57.2940270381594,3.91159782142097,9,31
81,2,0.7321,0.180255602082382,1,0,0,0,0,0,59.1307462478646,3.7541597734619,9,31
82,1,0.7405,0.174929558252316,1.942,0.233860408557521,0,0,0.942,0.233860408557521,57.9783611421717,3.94040674430307,9,31
82,2,0.7379,0.183322658711893,1,0,0,0,0,0,59.8569398955635,3.7859345293751,9,31
83,1,0.7398,0.171888060974302,1.942,0.233860408557521,0,0,0,0,58.6660982286993,3.96661861561688,9,31
83,2,0.7349,0.176644256043589,1,0,0,0,0,0,60.5888135560029,3.82209058551669,9,31
84,1,0.7383,0.174107505362128,1.942,0.233860408557521,0,0,0,0,59.3997829962555,3.98904651514331,9,31
84,2,0.7356,0.175337911996759,1,0,0,0,0,0,61.3176388272614,3.85370196842196,9,31
0,1,1,0,1,0,1,0,0,0,0,0,10,31
0,2,1,0,1,0,1,0,0,0,0,0,10,31
1,1,0.8873,0.105355634921962,1.099,0.29881145943268,0.901,0.29881145943268,0.099,0.29881145943268,0.95,0,10,31
1,2,0.8807,0.109221973244579,1,0,1,0,0,0,0.95,0,10,31
2,1,0.8363,0.125968957200487,1.203,0.402433787041984,0.797,0.402433787041984,0.203,0.402433787041984,1.78721627,0.10534509935847,10,31
2,2,0.8402,0.130924027974628,1,0,1,0,0,0,1.78061693,0.109211051047254,10,31
3,1,0.8119,0.141167695732127,1.291,0.454450795494436,0.709,0.454450795494436,0.291,0.454450795494436,2.573359017863,0.191698451688565,10,31
3,2,0.8157,0.145412016885313,1,0,1,0,0,0,2.570658897902,0.202290198043079,10,31
4,1,0.7934,0.153231589171162,1.362,0.480819287453392,0.638,0.480819287453392,0.362,0.480819287453392,3.33503047071924,0.279846885560273,10,31
4,2,0.8008,0.15206078548555,1,0,1,0,0,0,3.33612921087223,0.298112445519911,10,31
5,1,0.7837,0.157636160696584,1.423,0.494282626960846,0.577,0.494282626960846,0.423,0.494282626960846,4.07813315532026,0.371370954638235,10,31
5,2,0.7819,0.158832042162838,1,0,1,0,0,0,4.08662893591723,0.397331858440065,10,31
6,1,0.7787,0.166745656957278,1.482,0.499925920438144,0.518,0.499925920438144,0.482,0.499925920438144,4.81146637868293,0.462332052487111,10,31
6,2,0.7788,0.163147715819674,1,0,1,0,0,0,4.81816305909991,0.498759132472322,10,31
7,1,0.768,0.161747216860638,1.542,0.498482180709085,0.458,0.498482180709085,0.542,0.498482180709085,5.53972926797335,0.558763708047613,10,31
7,2,0.7723,0.161706087884343,1,0,1,0,0,0,5.54652588840534,0.595923759869281,10,31
8,1,0.764,0.163127589973648,1.585,0.492968577110162,0.405,0.491137675419242,0.585,0.492968577110162,6.25722681872823,0.645546141286576,10,31
8,2,0.769,0.164578510401832,1,0,0.978,0.146756729104793,0,0,6.26832043006306,0.687166059607134,10,31
9,1,0.7631,0.164667864216141,1.624,0.484622387905118,0.359,0.479947236005532,0.624,0.484622387905118,6.97115541874822,0.730503106715764,10,31
9,2,0.7663,0.165231993305206,1,0,0.954,0.209589904165081,0,0,6.98784455165074,0.773548193424349,10,31
10,1,0.7568,0.163034782608928,1.662,0.473265232169003,0.317,0.465540253606203,0.662,0.473265232169003,7.68446312071026,0.814592285792266,10,31
10,2,0.7614,0.167026758149519,1,0,0.896,0.305413289293831,0,0,7.70579807028639,0.858884750947847,10,31
11,1,0.7595,0.164854259656604,1.686,0.464348597090181,0.244,0.429707631592282,0.686,0.464348597090181,8.39160558915783,0.900609226807794,10,31
11,2,0.7535,0.170753936724478,1,0,0.788,0.408929362143663,0,0,8.42168179267041,0.952734895299237,10,31
12,1,0.7537,0.172615486287025,1.714,0.452115481274871,0.249,0.432650189166937,0.714,0.452115481274871,9.10382168119021,0.980771871739648,10,31
12,2,0.7522,0.17159430236638,1,0,0.879,0.326290461805836,0,0,9.13499667530761,1.04261020356869,10,31
13,1,0.7562,0.172659698167729,1.737,0.440482718191106,0.263,0.440482718191106,0.713,0.452587931606484,9.80852548669802,1.05504655427533,10,31
13,2,0.7495,0.17008432813954,1,0,0.999,0.0316227766016838,0,0,9.84239724259683,1.12751127705867,10,31
14,1,0.7529,0.167868310796796,1.77,0.421043082447957,0.23,0.421043082447957,0.711,0.453524734369234,10.5150064182678,1.1231826068943,10,31
14,2,0.7409,0.173110245673551,1,0,1,0,0,0,10.5410383730458,1.20292949603092,10,31
15,1,0.7559,0.171390094709597,1.795,0.403903624814309,0.196,0.397167145848875,0.73,0.444181603960922,11.2198688703344,1.19246174230207,10,31
15,2,0.7366,0.177007829690587,1,0,0.962,0.191291904148065,0,0,11.2309717415134,1.28120176818143,10,31
16,1,0.7538,0.173250037736145,1.816,0.387678080750375,0.137,0.344019402576874,0.753,0.431482534034898,11.9284052150916,1.26110874318922,10,31
16,2,0.746,0.17456939730226,1,0,0.751,0.432650189166937,0,0,11.9184397141252,1.35831454707555,10,31
17,1,0.7469,0.173090584233662,1.823,0.381859682104326,0.108,0.310535718448671,0.764,0.424834655465493,12.6365711858545,1.32511293343036,10,31
17,2,0.7466,0.174582126573481,1,0,0.565,0.496005061487301,0,0,12.6257570438686,1.43424484654144,10,31
18,1,0.747,0.171114816074705,1.833,0.373162498451077,0.066,0.248406331855099,0.774,0.418448442581758,13.3386765318645,1.3898430341091,10,31
18,2,0.7441,0.176851537925081,1,0,0.431,0.495463908357092,0,0,13.3428868253363,1.51641653673488,10,31
19,1,0.7401,0.175364599457082,1.841,0.36585906146063,0.051,0.220107808692576,0.787,0.409632516774241,14.0424086099394,1.45442457109819,10,31
19,2,0.7443,0.177140873004761,1,0,0.362,0.480819287453392,0,0,14.0641373402484,1.59439228528604,10,31
20,1,0.7413,0.171504296516804,1.843,0.363982806576744,0.059,0.235742602375079,0.793,0.40535825551642,14.7392832231851,1.5178128894716,10,31
20,2,0.7424,0.172835505935881,1,0,0.401,0.490346244443087,0,0,14.788958801347,1.67262156239718,10,31
21,1,0.7467,0.170581969176722,1.848,0.359200535947575,0.055,0.228094337998616,0.799,0.400948574956639,15.4365871499189,1.58159794791733,10,31
21,2,0.7371,0.175226408666885,1,0,0.426,0.494741112874975,0,0,15.5098654729889,1.74268312966136,10,31
22,1,0.7537,0.165389430326317,1.851,0.356266650033266,0.066,0.248406331855099,0.806,0.395626743939942,16.139110227383,1.64658303063347,10,31
22,2,0.744,0.176451509302514,1,0,0.45,0.497742652128334,0,0,16.2241637952173,1.81390238563823,10,31
23,1,0.7579,0.169606474983582,1.86,0.347160655202344,0.068,0.251871871076227,0.815,0.388491860823269,16.847649646621,1.70117123543635,10,31
23,2,0.741,0.174784294344628,1,0,0.443,0.496988931464271,0,0,16.9440781607717,1.87964568645063,10,31
24,1,0.7583,0.169055285896921,1.864,0.342960087505269,0.053,0.224145580463326,0.826,0.379299179893482,17.5597598261451,1.75751059509278,10,31
24,2,0.7442,0.17685484906453,1,0,0.441,0.496755237280661,0,0,17.6612766231898,1.94679718425515,10,31
25,1,0.7546,0.173172829360812,1.865,0.341894562536306,0.073,0.260266668512775,0.836,0.370460849809047,18.272397356306,1.80824998828899,10,31
25,2,0.7381,0.175582513990486,1,0,0.591,0.491895274383645,0,0,18.3816954548629,2.01547643252418,10,31
26,1,0.7494,0.170612862201971,1.872,0.334256978577453,0.11,0.313046319253234,0.846,0.36112935966827,18.9797766071259,1.85944955197341,10,31
26,2,0.74,0.172539183288231,1,0,0.829,0.376697359827357,0,0,19.0884762038841,2.07311959059005,10,31
27,1,0.7472,0.168643412562129,1.881,0.323950527000565,0.111,0.314289321768618,0.856,0.351265408754388,19.6795547255027,1.90783383792047,10,31
27,2,0.7432,0.176252162610349,1,0,0.869,0.337569182469243,0,0,19.7852122423565,2.1242260582462,10,31
28,1,0.7473,0.164133024250605,1.892,0.310535718448671,0.089,0.284886223184204,0.869,0.337569182469243,20.3765202814233,1.95279812532404,10,31
28,2,0.7494,0.174212485172533,1,0,0.863,0.344019402576874,0,0,20.4830753714334,2.17049493310154,10,31
29,1,0.7536,0.171803831611977,1.898,0.302799748493435,0.089,0.284886223184204,0.878,0.327449573557858,21.0739646028655,1.99321675250964,10,31
29,2,0.7504,0.176949572339554,1,0,0.834,0.372266816386557,0,0,21.1873505387462,2.220629592636,10,31
30,1,0.7563,0.170673487804754,1.904,0.294738648417324,0.075,0.263523138347365,0.888,0.315524255098646,21.7771722386052,2.03231077086551,10,31
30,2,0.7518,0.173513304581715,1,0,0.768,0.422320203582962,0,0,21.8939981834803,2.26197140574418,10,31
31,1,0.7568,0.171706852639151,1.916,0.277526613176144,0.059,0.235742602375079,0.905,0.293361655744341,22.4832008661846,2.08427228019658,10,31
31,2,0.749,0.174612397868792,1,0,0.713,0.452587931606484,0,0,22.6052610838758,2.29885517076055,10,31
32,1,0.7561,0.170798015099596,1.923,0.266724843503829,0.036,0.186383311320351,0.913,0.281976081451088,23.1896074979916,2.13250469798264,10,31
32,2,0.7546,0.178803833322473,1,0,0.483,0.499960959436795,0,0,23.3164030127491,2.33470732175572,10,31
33,1,0.7578,0.171138681917468,1.93,0.255274685711618,0.027,0.162164414398774,0.921,0.269873733126868,23.8959933293833,2.18062432224017,10,31
33,2,0.7467,0.175556059223058,1,0,0.451,0.497842190705897,0,0,24.0445191921607,2.36908212377113,10,31
34,1,0.7584,0.17285635458183,1.934,0.248406331855099,0.027,0.162164414398774,0.927,0.260266668512775,24.6040527564223,2.22543436988023,10,31
34,2,0.7408,0.172815581546414,1,0,0.435,0.496005061487301,0,0,24.7662833167247,2.40669099465159,10,31
35,1,0.7548,0.17037014405695,1.939,0.239450070654273,0.012,0.108939744206914,0.934,0.248406331855099,25.3123403591997,2.26169391474205,10,31
35,2,0.7391,0.174044481330152,1,0,0.154,0.36112935966827,0,0,25.4828925762957,2.43662523539579,10,31
36,1,0.7561,0.169739805589619,1.939,0.239450070654273,0.004,0.0631505185092568,0.937,0.243084532807191,26.0173683141978,2.29936154198913,10,31
36,2,0.7381,0.173460308077896,1,0,0.068,0.251871871076227,0,0,26.2117370233425,2.47328330711158,10,31
37,1,0.7551,0.163219577963646,1.94,0.237605674293474,0.001,0.0316227766016838,0.939,0.239450070654273,26.7238701961544,2.33697771689308,10,31
37,2,0.7409,0.169369052296681,1,0,0.048,0.213873190797121,0,0,26.9437967267111,2.51004784473538,10,31
38,1,0.7499,0.166696663967153,1.94,0.237605674293474,0.003,0.054717401199198,0.94,0.237605674293474,27.4293549366031,2.37082248995136,10,31
38,2,0.7514,0.170959841095116,1,0,0.032,0.176088066055048,0,0,27.6795691893878,2.54496974285893,10,31
39,1,0.7604,0.166491920403242,1.94,0.237605674293474,0.003,0.054717401199198,0.94,0.237605674293474,28.1294394210124,2.40908368087993,10,31
39,2,0.7493,0.170495098400448,1,0,0.071,0.256953351846254,0,0,28.426525214162,2.57988336044932,10,31
40,1,0.7568,0.168172655452788,1.94,0.237605674293474,0,0,0.94,0.237605674293474,28.8399130246824,2.44371683116675,10,31
40,2,0.7525,0.167277409508074,1,0,0.022,0.146756729104793,0,0,29.1693723083602,2.60974754559015,10,31
41,1,0.754,0.172666771018091,1.94,0.237605674293474,0.001,0.0316227766016838,0.94,0.237605674293474,29.546879354116,2.47255063343888,10,31
41,2,0.753,0.164979447866145,1,0,0.017,0.129335717138491,0,0,29.9177725618633,2.64158801353252,10,31
42,1,0.7571,0.168576415930604,1.94,0.237605674293474,0.004,0.0631505185092568,0.94,0.237605674293474,30.2509366485771,2.50315102857591,10,31
42,2,0.7507,0.168546485925747,1,0,0.011,0.104354635210372,0,0,30.666844906483,2.66827664262847,10,31
43,1,0.7609,0.17265862562004,1.941,0.235742602375079,0,0,0.941,0.235742602375079,30.9578611726744,2.5356448033207,10,31
43,2,0.7565,0.166269045211054,1,0,0.003,0.054717401199198,0,0,31.4138507266711,2.6920129260203,10,31
44,1,0.7634,0.169555858610634,1.941,0.235742602375079,0,0,0.941,0.235742602375079,31.6686480549391,2.56858383332311,10,31
44,2,0.7502,0.169022272285426,1,0,0,0,0,0,32.1669552421868,2.72157497403605,10,31
45,1,0.7596,0.175324209904333,1.941,0.235742602375079,0,0,0.941,0.235742602375079,32.3818528821325,2.59500632517556,10,31
45,2,0.7488,0.169550309074644,1,0,0.004,0.0631505185092568,0,0,32.9138614491534,2.75076442826032,10,31
46,1,0.7514,0.177903596618196,1.941,0.235742602375079,0,0,0.941,0.235742602375079,33.091203451277,2.61788590716248,10,31
46,2,0.7534,0.170403865793818,1,0,0.002,0.0446989708829856,0,0,33.6591001496819,2.78676493344459,10,31
47,1,0.7514,0.175752464929881,1.941,0.235742602375079,0.001,0.0316227766016838,0.941,0.235742602375079,33.7923207206189,2.65174238171005,10,31
47,2,0.7506,0.171549028178737,1,0,0,0,0,0,34.4089427549141,2.82205863137914,10,31
48,1,0.7469,0.172395214870106,1.941,0.235742602375079,0,0,0.941,0.235742602375079,34.4933181126943,2.68734744484003,10,31
48,2,0.752,0.174489101225396,1,0,0.002,0.0446989708829856,0,0,35.1560230367425,2.84622168753928,10,31
49,1,0.745,0.169775804588946,1.941,0.235742602375079,0,0,0.941,0.235742602375079,35.1898167149113,2.72482219757035,10,31
49,2,0.7439,0.174336408082716,1,0,0,0,0,0,35.9043223851842,2.87202738323635,10,31
50,1,0.7494,0.170378016975984,1.941,0.235742602375079,0,0,0.941,0.235742602375079,35.884354954959,2.75295383948923,10,31
50,2,0.7419,0.178118264409117,1,0,0,0,0,0,36.6445860097584,2.89677927116662,10,31
51,1,0.7466,0.169165767982346,1.941,0.235742602375079,0,0,0.941,0.235742602375079,36.5832017949966,2.78139418682521,10,31
51,2,0.7438,0.176671369420098,1,0,0,0,0,0,37.3827855835092,2.91969956286226,10,31
52,1,0.7405,0.174126592081939,1.941,0.235742602375079,0,0,0.941,0.235742602375079,37.2791929947084,2.81244481168746,10,31
52,2,0.7374,0.17581852050382,1,0,0,0,0,0,38.1228016714881,2.94642391074625,10,31
53,1,0.738,0.173568793641386,1.941,0.235742602375079,0,0,0.941,0.235742602375079,37.9690462345489,2.84038086393893,10,31
53,2,0.7446,0.176697657205924,1,0,0,0,0,0,38.8563769531355,2.98454992054456,10,31
54,1,0.749,0.179864814100344,1.941,0.235742602375079,0,0,0.941,0.235742602375079,38.656343704674,2.86892596174814,10,31
54,2,0.7504,0.17450011544492,1,0,0,0,0,0,39.5970408163023,3.02380059731941,10,31
55,1,0.7464,0.177760059177079,1.941,0.235742602375079,0,0,0.941,0.235742602375079,39.3545132021895,2.89592188651886,10,31
55,2,0.748,0.176655617536514,1,0,0,0,0,0,40.3433993759371,3.05836118616401,10,31
56,1,0.7401,0.177125275902011,1.941,0.235742602375079,0,0,0.941,0.235742602375079,40.0500271442134,2.92935084745685,10,31
56,2,0.7458,0.174851173667588,1,0,0,0,0,0,41.0872964641388,3.09122138142504,10,31
57,1,0.7447,0.171818018354978,1.941,0.235742602375079,0,0,0.941,0.235742602375079,40.7392067179974,2.96160732285909,10,31
57,2,0.7525,0.173215916571641,1,0,0,0,0,0,41.8289314488126,3.12733758054601,10,31
58,1,0.7532,0.174643237087098,1.941,0.235742602375079,0,0,0.941,0.235742602375079,41.4328912271057,2.99364266676048,10,31
58,2,0.7549,0.173337924402123,1,0,0,0,0,0,42.5771541867241,3.16273790695305,10,31
59,1,0.7482,0.173455604829728,1.941,0.235742602375079,0,0,0.941,0.235742602375079,42.1349572080062,3.02473705264979,10,31
59,2,0.7551,0.17088941802579,1,0,0,0,0,0,43.3276882219599,3.19888452821701,10,31
60,1,0.7462,0.178093450966837,1.941,0.235742602375079,0,0,0.941,0.235742602375079,42.8319823969209,3.0537082636063,10,31
60,2,0.7565,0.177000223387088,1,0,0,0,0,0,44.0783460272077,3.2315368837135,10,31
61,1,0.7443,0.175836368332687,1.941,0.235742602375079,0,0,0.941,0.235742602375079,43.526949847985,3.08398092914058,10,31
61,2,0.7536,0.175436079008332,1,0,0,0,0,0,44.8303203914071,3.26237304308587,10,31
62,1,0.7427,0.17526387941452,1.941,0.235742602375079,0,0,0.941,0.235742602375079,44.2199593576023,3.11535017512476,10,31
62,2,0.7503,0.172886667501574,1,0,0,0,0,0,45.5793371952044,3.29317824811949,10,31
63,1,0.7385,0.175209727037195,1.941,0.235742602375079,0,0,0.941,0.235742602375079,44.9113094560731,3.14620614972873,10,31
63,2,0.7504,0.174270508721958,1,0,0,0,0,0,46.3249994950428,3.32400630731942,10,31
64,1,0.7377,0.177877346366395,1.941,0.235742602375079,0,0,0.941,0.235742602375079,45.5984167976746,3.17890933506274,10,31
64,2,0.7527,0.175109603886747,1,0,0,0,0,0,47.0706866006003,3.35753174613731,10,31
65,1,0.7362,0.170407155362087,1.941,0.235742602375079,0,0,0.941,0.235742602375079,46.2846605324472,3.20777629786381,10,31
65,2,0.7511,0.17461179593395,1,0,0,0,0,0,47.8185844637196,3.39468244366698,10,31
66,1,0.7476,0.176990297941909,1.941,0.235742602375079,0,0,0.941,0.235742602375079,46.9693453617117,3.24537341160421,10,31
66,2,0.7504,0.174843960177097,1,0,0,0,0,0,48.5648179038424,3.42469169588415,10,31
67,1,0.7557,0.173371184363399,1.941,0.235742602375079,0,0,0.941,0.235742602375079,47.6652867265025,3.28849204707306,10,31
67,2,0.7545,0.173752524988674,1,0,0,0,0,0,49.3102813256381,3.46202026136542,10,31
68,1,0.7538,0.174573869854672,1.941,0.235742602375079,0,0,0.941,0.235742602375079,48.3692044058603,3.33327781744813,10,31
68,2,0.7498,0.176042469168525,1,0,0,0,0,0,50.0597428215465,3.50228260628004,10,31
69,1,0.7507,0.172827600166696,1.941,0.235742602375079,0,0,0.941,0.235742602375079,49.0711645702633,3.3717747631487,10,31
69,2,0.7487,0.172997798362402,1,0,0,0,0,0,50.8044612244745,3.54193540996566,10,31
70,1,0.7463,0.177363377752477,1.941,0.235742602375079,0,0,0.941,0.235742602375079,49.7699758560861,3.40405209501573,10,31
70,2,0.7494,0.178413764803816,1,0,0,0,0,0,51.5480127198138,3.58354829606597,10,31
71,1,0.7407,0.17867690235572,1.941,0.235742602375079,0,0,0.941,0.235742602375079,50.4643479547606,3.43475350655241,10,31
71,2,0.7446,0.173438522021265,1,0,0,0,0,0,52.2921849768702,3.62152680515438,10,31
72,1,0.7455,0.179755561978099,1.941,0.235742602375079,0,0,0.941,0.235742602375079,51.1530902373849,3.46835147185125,10,31
72,2,0.7503,0.171140875302188,1,0,0,0,0,0,53.0315167776949,3.65627855245259,10,31
73,1,0.74,0.177852837007543,1.941,0.235742602375079,0,0,0.941,0.235742602375079,51.8465292081831,3.50004143800994,10,31
73,2,0.7531,0.1708788740295,1,0,0,0,0,0,53.7764337506921,3.68455860557024,10,31
74,1,0.7408,0.175345676040517,1.941,0.235742602375079,0,0,0.941,0.235742602375079,52.5344388408857,3.53521379942347,10,31
74,2,0.7559,0.167968459549415,1,0,0,0,0,0,54.5240558654021,3.71034012098486,10,31
75,1,0.7445,0.174700515941626,1.941,0.235742602375079,0,0,0.941,0.235742602375079,53.2230737841813,3.57140852755968,10,31
75,2,0.7564,0.170493718676402,1,0,0,0,0,0,55.2743825733475,3.7394533202978,10,31
76,1,0.7473,0.173155111656262,1.941,0.235742602375079,0,0,0.941,0.235742602375079,53.9153122164081,3.60979143187891,10,31
76,2,0.7525,0.172752984326157,1,0,0,0,0,0,56.0251305124634,3.75904373859883,10,31
77,1,0.7464,0.176573549033309,1.941,0.235742602375079,0,0,0.941,0.235742602375079,54.6102602243952,3.64436734368446,10,31
77,2,0.7488,0.171545877210698,1,0,0,0,0,0,56.7719329059091,3.77797358350757,10,31
78,1,0.7493,0.174384402742676,1.941,0.235742602375079,0,0,0.941,0.235742602375079,55.3042456413133,3.68097995341805,10,31
78,2,0.744,0.172492764351882,1,0,0,0,0,0,57.5149890011235,3.79649449587242,10,31
79,1,0.7538,0.172206896537901,1.941,0.235742602375079,0,0,0.941,0.235742602375079,56.0010391265564,3.71484552208658,10,31
79,2,0.7454,0.173692282525762,1,0,0,0,0,0,58.253208086949,3.81362152515571,10,31
80,1,0.7639,0.169220050305587,1.941,0.235742602375079,0,0,0.941,0.235742602375079,56.7022275207409,3.74357400607794,10,31
80,2,0.7442,0.174404061812725,1,0,0,0,0,0,58.9927423338893,3.83768417369475,10,31
81,1,0.7599,0.172080218507537,1.941,0.235742602375079,0,0,0.941,0.235742602375079,57.4133653144177,3.77738887519096,10,31
81,2,0.7468,0.174986800589017,1,0,0,0,0,0,59.7310121895833,3.86683550684796,10,31
82,1,0.7573,0.175663222011802,1.941,0.235742602375079,0,0,0.941,0.235742602375079,58.1204642650558,3.80468285204675,10,31
82,2,0.7434,0.17042736131703,1,0,0,0,0,0,60.4717872423104,3.8889199572047,10,31
83,1,0.7522,0.173624034353845,1.941,0.235742602375079,0,0,0,0,58.8249137396825,3.83833463072018,10,31
83,2,0.7458,0.175935537380352,1,0,0,0,0,0,61.2091159849187,3.91016185357048,10,31
84,1,0.7473,0.17607871453902,1.941,0.235742602375079,0,0,0,0,59.5708960080737,3.87278001850271,10,31
84,2,0.7468,0.175329690869802,1,0,0,0,0,0,61.9487511561047,3.93526497004863,10,31
0,1,1,0,1,0,1,0,0,0,0,0,11,31
0,2,1,0,1,0,1,0,0,0,0,0,11,31
1,1,0.8777,0.109566029017733,1.097,0.296105857217784,0.903,0.296105857217784,0.097,0.296105857217784,0.95,0,11,31
1,2,0.8877,0.106442660808719,1,0,1,0,0,0,0.95,0,11,31
2,1,0.8315,0.13317464280217,1.184,0.387678080750375,0.816,0.387678080750375,0.184,0.387678080750375,1.77761723,0.109555072414831,11,31
2,2,0.8333,0.131903405977664,1,0,1,0,0,0,1.78761623,0.106432016542638,11,31
3,1,0.806,0.145482525291408,1.275,0.446737702208549,0.725,0.446737702208549,0.275,0.446737702208549,2.558960937815,0.203183897278722,11,31
3,2,0.8149,0.141732417174329,1,0,1,0,0,0,2.570759577833,0.199163675688772,11,31
4,1,0.7859,0.150976766371465,1.338,0.473265232169003,0.662,0.473265232169003,0.338,0.473265232169003,3.31473416049424,0.297958975515679,11,31
4,2,0.7897,0.150021386530109,1,0,1,0,0,0,3.33543013077924,0.293070332602157,11,31
5,1,0.785,0.159249365337386,1.407,0.491520693961701,0.593,0.491520693961701,0.407,0.491520693961701,4.0503398446453,0.392987278057102,11,31
5,2,0.7819,0.152989528386082,1,0,1,0,0,0,4.07483429515828,0.384723568744883,11,31
6,1,0.7795,0.160297989524028,1.48,0.499849827298009,0.52,0.499849827298009,0.48,0.499849827298009,4.78497241813795,0.492299032860425,11,31
6,2,0.7728,0.157495920470865,1,0,1,0,0,0,4.80636841834096,0.470138314508392,11,31
7,1,0.7629,0.162295809958021,1.527,0.499520290399219,0.473,0.499520290399219,0.527,0.499520290399219,5.51403482754836,0.5831750154483,11,31
7,2,0.7726,0.160483628432918,1,0,1,0,0,0,5.5287348467465,0.55626755106491,11,31
8,1,0.7588,0.163796792976509,1.583,0.493309592805932,0.413,0.492619197427053,0.583,0.493309592805932,6.22643594723241,0.667449548549167,11,31
8,2,0.763,0.164066809312298,1,0,0.987,0.113330683593826,0,0,6.25082917846721,0.641201145482872,11,31
9,1,0.757,0.167149450908278,1.623,0.484877413483146,0.356,0.479054791744633,0.623,0.484877413483146,6.93486894571271,0.744719658280129,11,31
9,2,0.7611,0.165360618449902,1,0,0.947,0.224145580463326,0,0,6.96390845824926,0.72340152408115,11,31
10,1,0.762,0.170836720833623,1.658,0.474616962677548,0.316,0.465145526002734,0.658,0.474616962677548,7.64228195555125,0.825254220884209,11,31
10,2,0.7532,0.166184768788771,1,0,0.929,0.256953351846254,0,0,7.67701634013931,0.804526819238488,11,31
11,1,0.7586,0.165449126360381,1.69,0.462724663395106,0.239,0.426686138819931,0.69,0.462724663395106,8.35486897645067,0.911047368856377,11,31
11,2,0.7487,0.171603489934668,1,0,0.79,0.407512044074854,0,0,8.38305990809201,0.882837479881219,11,31
12,1,0.7668,0.167886705685548,1.715,0.451640320364534,0.244,0.429707631592282,0.715,0.451640320364534,9.06623600301569,0.99078457291984,11,31
12,2,0.7506,0.171315466286582,1,0,0.885,0.319181573523405,0,0,9.09148017803502,0.968445280169425,11,31
13,1,0.7667,0.16973485181282,1.732,0.443139224592421,0.268,0.443139224592421,0.701,0.458048915301421,9.78422385729857,1.07218143498859,11,31
13,2,0.7537,0.17098405055895,1,0,1,0,0,0,9.79698302407066,1.05079160430765,11,31
14,1,0.7595,0.169819282146017,1.754,0.430894035314565,0.246,0.430894035314565,0.693,0.461480188051409,10.5015406923282,1.15284647238692,11,31
14,2,0.7527,0.168229043304095,1,0,1,0,0,0,10.4997687627554,1.12105345640824,11,31
15,1,0.7583,0.17343930117246,1.779,0.415128090270137,0.21,0.407512044074854,0.713,0.452587931606484,11.2130937704894,1.2331696071709,11,31
15,2,0.7465,0.17128072596497,1,0,0.973,0.162164414398774,0,0,11.2014856219567,1.18644562179384,11,31
16,1,0.7487,0.169254119468204,1.803,0.397931337480914,0.145,0.352277020396022,0.728,0.4452125494797,11.924176292923,1.30741915385947,11,31
16,2,0.7486,0.168838818245528,1,0,0.743,0.437198058255228,0,0,11.8982895793818,1.25062114660179,11,31
17,1,0.7562,0.171262637171366,1.814,0.389301368550838,0.091,0.287753022228789,0.743,0.437198058255228,12.6280990585883,1.37561080344907,11,31
17,2,0.7475,0.169063101628748,1,0,0.525,0.499624483612067,0,0,12.6086021127235,1.31821882619158,11,31
18,1,0.751,0.179195734076208,1.828,0.377569276502417,0.06,0.237605674293474,0.758,0.428508599236491,13.3413853798226,1.44463565898261,11,31
18,2,0.7529,0.174533813491977,1,0,0.404,0.4909429956981,0,0,13.3286269681332,1.39501723241906,11,31
19,1,0.75,0.174500574355646,1.837,0.369550493934953,0.045,0.207407854282373,0.768,0.422320203582962,14.0502082856964,1.51084177719759,11,31
19,2,0.7497,0.175586846719055,1,0,0.335,0.472226638382459,0,0,14.0600092285666,1.47498017574155,11,31
20,1,0.7414,0.172498683461051,1.842,0.364923511395428,0.053,0.224145580463326,0.778,0.415799096787005,14.7582117329978,1.57485462626593,11,31
20,2,0.7495,0.177288412427832,1,0,0.366,0.481950491519903,0,0,14.7915678762011,1.55102792350426,11,31
21,1,0.7427,0.171394533419494,1.847,0.360167628640777,0.059,0.235742602375079,0.786,0.410332026988355,15.4566633619153,1.63640318191432,11,31
21,2,0.7523,0.176141238032823,1,0,0.356,0.479054791744633,0,0,15.5213068646479,1.62690775360521,11,31
22,1,0.7439,0.173703664218585,1.853,0.354283102217022,0.074,0.261901875885975,0.792,0.406079919351968,16.1556438869291,1.69131846117574,11,31
22,2,0.7495,0.173233252465454,1,0,0.437,0.496263314458441,0,0,16.2542659561215,1.68914792501743,11,31
23,1,0.7442,0.173252348833649,1.857,0.350248017372938,0.069,0.253580960056751,0.801,0.399447817065707,16.8547041842367,1.74723252616919,11,31
23,2,0.7496,0.1759852573678,1,0,0.403,0.490746198998863,0,0,16.9803168058729,1.75076770632325,11,31
24,1,0.7457,0.171320929430297,1.866,0.340822769427396,0.056,0.230036772966665,0.82,0.384379692163553,17.5537943457674,1.79232878176199,11,31
24,2,0.7553,0.173614665429082,1,0,0.398,0.489730370546728,0,0,17.7080909150902,1.81193901859026,11,31
25,1,0.7461,0.17324781327568,1.874,0.332015412645609,0.065,0.246649216167082,0.835,0.37136627864268,18.2540117215915,1.83734883520728,11,31
25,2,0.7539,0.171797276766264,1,0,0.556,0.497102716861527,0,0,18.4417279833066,1.87952158117985,11,31
26,1,0.7461,0.168918096494494,1.876,0.32974646735444,0.108,0.310535718448671,0.847,0.360167628640777,18.9533610732798,1.88200225159425,11,31
26,2,0.758,0.17153840801822,1,0,0.851,0.356266650033266,0,0,19.1660149099374,1.94063460237115,11,31
27,1,0.7546,0.167352462924353,1.887,0.316751213622507,0.102,0.302799748493435,0.86,0.347160655202344,19.6498976311027,1.92391414625065,11,31
27,2,0.7504,0.177852386746626,1,0,0.881,0.323950527000565,0,0,19.8796070632908,1.98850668028047,11,31
28,1,0.7487,0.166931651211435,1.901,0.29881145943268,0.095,0.293361655744341,0.877,0.328601550481703,20.3544925588524,1.96358783829356,11,31
28,2,0.7504,0.174958424919895,1,0,0.89,0.313046319253234,0,0,20.5840523955145,2.03301191361341,11,31
29,1,0.751,0.176607446587595,1.909,0.287753022228789,0.084,0.277526613176144,0.886,0.317970289657863,21.0526349229383,1.99842769331671,11,31
29,2,0.7444,0.170756545402505,1,0,0.865,0.341894562536306,0,0,21.2879785415054,2.07598861225483,11,31
30,1,0.755,0.175971491912656,1.916,0.277526613176144,0.073,0.260266668512775,0.898,0.302799748493435,21.753100522523,2.04040637199724,11,31
30,2,0.7502,0.173753129900299,1,0,0.807,0.394850486775573,0,0,21.9870980506141,2.1165630177312,11,31
31,1,0.7519,0.173973149240498,1.923,0.266724843503829,0.056,0.230036772966665,0.909,0.287753022228789,22.4574342427143,2.08546879844057,11,31
31,2,0.7447,0.168523916137474,1,0,0.726,0.446232140396815,0,0,22.6948215855815,2.15342724986011,11,31
32,1,0.7588,0.174507916763146,1.925,0.263523138347365,0.041,0.198389410902796,0.911,0.284886223184204,23.1589061965261,2.1320507640541,11,31
32,2,0.7544,0.174903491192232,1,0,0.533,0.49915945364198,0,0,23.4010288364595,2.18685434341518,11,31
33,1,0.7491,0.176947733810017,1.931,0.253580960056751,0.032,0.176088066055048,0.919,0.272971634998059,23.8678338805531,2.17688938931541,11,31
33,2,0.7523,0.176935061579146,1,0,0.464,0.498951854343636,0,0,24.1264536424925,2.21477104842818,11,31
34,1,0.7492,0.176324843542963,1.934,0.248406331855099,0.031,0.173404351355637,0.926,0.261901875885975,24.5670724659123,2.21596681400717,11,31
34,2,0.7445,0.179002211695252,1,0,0.424,0.494437527366672,0,0,24.8531514581655,2.24394295156492,11,31
35,1,0.7433,0.173046395671956,1.937,0.243084532807191,0.014,0.117549214450024,0.93,0.255274685711618,25.2660418062922,2.25529743829821,11,31
35,2,0.745,0.181350180280825,1,0,0.185,0.388491860823269,0,0,25.5739962915536,2.27758529175598,11,31
36,1,0.7454,0.172012872856738,1.938,0.241276219744537,0.005,0.0705689732104696,0.934,0.248406331855099,25.9597095935348,2.28742102805189,11,31
36,2,0.7447,0.180844172188696,1,0,0.075,0.263523138347365,0,0,26.3071755394545,2.32073517806066,11,31
37,1,0.7471,0.16941160022351,1.938,0.241276219744537,0.005,0.0705689732104696,0.936,0.244875404979683,26.655649568787,2.32596703891335,11,31
37,2,0.741,0.174784294344628,1,0,0.062,0.241276219744537,0,0,27.0454627821535,2.36912525735878,11,31
38,1,0.7539,0.168621538432145,1.938,0.241276219744537,0.001,0.0316227766016838,0.938,0.241276219744537,27.3531140406853,2.36611269183891,11,31
38,2,0.744,0.174110063793895,1,0,0.039,0.193691808077979,0,0,27.7806374608389,2.41003682233431,11,31
39,1,0.7529,0.165707721754446,1.938,0.241276219744537,0.005,0.0705689732104696,0.938,0.241276219744537,28.0573825945851,2.40580488583946,11,31
39,2,0.7481,0.175062951640366,1,0,0.066,0.248406331855099,0,0,28.5198728811959,2.44628063689616,11,31
40,1,0.7487,0.168186196212997,1.938,0.241276219744537,0.001,0.0316227766016838,0.938,0.241276219744537,28.7603853927486,2.43823331612438,11,31
40,2,0.751,0.17700375795539,1,0,0.016,0.125537881771837,0,0,29.2617736733633,2.48272262079872,11,31
41,1,0.748,0.172527579724999,1.938,0.241276219744537,0.002,0.0446989708829856,0.938,0.241276219744537,29.4593338594717,2.47840791967182,11,31
41,2,0.7449,0.174941689126962,1,0,0.015,0.121613279660528,0,0,30.0089787175182,2.52322492714495,11,31
42,1,0.7515,0.171835029249793,1.938,0.241276219744537,0.003,0.054717401199198,0.938,0.241276219744537,30.1574655002061,2.51619483066526,11,31
42,2,0.7344,0.171890040974415,1,0,0.017,0.129335717138491,0,0,30.7500837966231,2.56187266874802,11,31
43,1,0.7513,0.171836660343007,1.939,0.239450070654273,0,0,0.939,0.239450070654273,30.8589628674414,2.54373516400844,11,31
43,2,0.7421,0.175637235341594,1,0,0.001,0.0316227766016838,0,0,31.4805591940756,2.59526305657592,11,31
44,1,0.7518,0.173166817683836,1.939,0.239450070654273,0,0,0.939,0.239450070654273,31.5602905140382,2.5736736451238,11,31
44,2,0.7449,0.171474177045389,1,0,0,0,0,0,32.2194250706386,2.63192944835785,11,31
45,1,0.7528,0.168584046044045,1.939,0.239450070654273,0,0,0.939,0.239450070654273,32.2620458325938,2.61024571166927,11,31
45,2,0.7526,0.176023362722748,1,0,0.003,0.054717401199198,0,0,32.9610545475373,2.6754914201894,11,31
46,1,0.7539,0.17673716651012,1.939,0.239450070654273,0,0,0.939,0.239450070654273,32.9647264855033,2.64656338113707,11,31
46,2,0.7551,0.171415790910212,1,0,0.003,0.054717401199198,0,0,33.7101259611262,2.71979487479549,11,31
47,1,0.7549,0.174144527092632,1.939,0.239450070654273,0,0,0.939,0.239450070654273,33.6684318217158,2.68896439079127,11,31
47,2,0.7506,0.171081585534238,1,0,0,0,0,0,34.4616109934109,2.75967593926026,11,31
48,1,0.7545,0.170906287066799,1.939,0.239450070654273,0,0,0.939,0.239450070654273,34.3730620981885,2.72716742447196,11,31
48,2,0.7501,0.167415704215638,1,0,0.002,0.0446989708829856,0,0,35.2086912752393,2.79674616951137,11,31
49,1,0.7566,0.170486085958666,1.939,0.239450070654273,0,0,0.939,0.239450070654273,35.0772238271285,2.76270980599666,11,31
49,2,0.7529,0.168522965764284,1,0,0,0,0,0,35.9550997222819,2.82945946681123,11,31
50,1,0.7557,0.174120153422365,1.939,0.239450070654273,0,0,0.939,0.239450070654273,35.7834048745529,2.79545003894415,11,31
50,2,0.7544,0.167298023385301,1,0,0,0,0,0,36.7043193525304,2.85962617865821,11,31
51,1,0.7498,0.171491601454326,1.939,0.239450070654273,0,0,0.939,0.239450070654273,36.4886197928652,2.82125262061324,11,31
51,2,0.7517,0.169782024772754,1,0,0,0,0,0,37.4549565791615,2.88935991649918,11,31
52,1,0.7517,0.170664103537435,1.939,0.239450070654273,0,0,0.939,0.239450070654273,37.1878942045834,2.84773177087579,11,31
52,2,0.7551,0.168648843554981,1,0,0,0,0,0,38.2028324777011,2.92345128283595,11,31
53,1,0.7549,0.169837672013116,1.939,0.239450070654273,0,0,0.939,0.239450070654273,37.8889888340125,2.88117972873788,11,31
53,2,0.7481,0.171189064182546,1,0,0,0,0,0,38.9540159536598,2.95335153522138,11,31
54,1,0.7492,0.172942965365086,1.939,0.239450070654273,0,0,0.939,0.239450070654273,38.5931964379998,2.9147673983086,11,31
54,2,0.7459,0.174050232644152,1,0,0,0,0,0,39.6981613149747,2.98620262132088,11,31
55,1,0.7472,0.172051625280791,1.939,0.239450070654273,0,0,0.938,0.241276219744537,39.2916643198008,2.95384377270474,11,31
55,2,0.7477,0.173565073775904,1,0,0,0,0,0,40.440044110326,3.02531573868669,11,31
56,1,0.7551,0.172405666129956,1.939,0.239450070654273,0,0,0.939,0.239450070654273,39.9881230509073,2.98823032280021,11,31
56,2,0.7429,0.174183609820011,1,0,0,0,0,0,41.1836428440805,3.06148041703208,11,31
57,1,0.7478,0.173508689307669,1.939,0.239450070654273,0,0,0.938,0.241276219744537,40.6923182968134,3.01993765711831,11,31
57,2,0.748,0.173106805082775,1,0,0,0,0,0,41.9223940241746,3.09426451636229,11,31
58,1,0.7487,0.171836660343007,1.939,0.239450070654273,0,0,0.939,0.239450070654273,41.3892343326967,3.05300644598534,11,31
58,2,0.7555,0.172799333359853,1,0,0,0,0,0,42.6661423403976,3.12986553537703,11,31
59,1,0.7492,0.175756223930336,1.939,0.239450070654273,0,0,0.939,0.239450070654273,42.0869257610008,3.08916082831927,11,31
59,2,0.7499,0.169081573740543,1,0,0,0,0,0,43.417272905533,3.16145825089003,11,31
60,1,0.7514,0.176093864314033,1.939,0.239450070654273,0,0,0.939,0.239450070654273,42.7850444787007,3.12480321827088,11,31
60,2,0.7476,0.170597020323754,1,0,0,0,0,0,44.1627613019776,3.19059781134819,11,31
61,1,0.7483,0.176998413660796,1.939,0.239450070654273,0,0,0.939,0.239450070654273,43.4852802233938,3.16591635352049,11,31
61,2,0.7505,0.171081907339786,1,0,0,0,0,0,44.9058889089511,3.21895147747487,11,31
62,1,0.7472,0.173903428380243,1.939,0.239450070654273,0,0,0.939,0.239450070654273,44.1823647978938,3.19981473797213,11,31
62,2,0.7512,0.170316081353369,1,0,0,0,0,0,45.6518245661297,3.24661186476135,11,31
63,1,0.7512,0.179585107430463,1.939,0.239450070654273,0,0,0.939,0.239450070654273,44.8782864631768,3.22917602498785,11,31
63,2,0.7529,0.170999505352591,1,0,0,0,0,0,46.3983813029532,3.27172415642617,11,31
64,1,0.7489,0.17461179593395,1.939,0.239450070654273,0,0,0.939,0.239450070654273,45.5781134142548,3.25394661455966,11,31
64,2,0.7514,0.172997017222749,1,0,0,0,0,0,47.1465527072366,3.29699077137258,11,31
65,1,0.7531,0.16946713282849,1.939,0.239450070654273,0,0,0.939,0.239450070654273,46.2755850563653,3.28173809728107,11,31
65,2,0.7431,0.170532904365907,1,0,0,0,0,0,47.8931588642019,3.3239113957985,11,31
66,1,0.7592,0.170189084033978,1.939,0.239450070654273,0,0,0.939,0.239450070654273,46.9771597384884,3.30706163761237,11,31
66,2,0.7437,0.173638879460968,1,0,0,0,0,0,48.6314441382736,3.35534233257987,11,31
67,1,0.7566,0.169130260583507,1.939,0.239450070654273,0,0,0.939,0.239450070654273,47.6847241337096,3.33634662049244,11,31
67,2,0.7433,0.175516141468288,1,0,0,0,0,0,49.3702516366604,3.38651199694535,11,31
68,1,0.7623,0.170698119051874,1.939,0.239450070654273,0,0,0.939,0.239450070654273,48.3896351351296,3.36648773036487,11,31
68,2,0.7435,0.174837977334212,1,0,0,0,0,0,50.1085879254725,3.4158133678018,11,31
69,1,0.7594,0.169293532954748,1.939,0.239450070654273,0,0,0.939,0.239450070654273,49.1001370150103,3.39623596133498,11,31
69,2,0.7425,0.173129211064233,1,0,0,0,0,0,50.8470490252017,3.44791793013729,11,31
70,1,0.7563,0.170262442421396,1.939,0.239450070654273,0,0,0.939,0.239450070654273,49.8076877868207,3.43128245420317,11,31
70,2,0.7449,0.174712662719433,1,0,0,0,0,0,51.5844431554133,3.47411564098781,11,31
71,1,0.751,0.173462068156381,1.939,0.239450070654273,0,0,0.939,0.239450070654273,50.5120894288584,3.46044210931359,11,31
71,2,0.7395,0.178946281804825,1,0,0,0,0,0,52.3241468040407,3.49790315923873,11,31
72,1,0.7521,0.17568852112889,1.939,0.239450070654273,0,0,0.939,0.239450070654273,51.2111581293292,3.49128682421772,11,31
72,2,0.7369,0.177820161989607,1,0,0,0,0,0,53.0584146884213,3.52551640590969,11,31
73,1,0.7556,0.178102106557897,1.939,0.239450070654273,0,0,0.939,0.239450070654273,51.9112490309805,3.51517594943882,11,31
73,2,0.7398,0.179856354650894,1,0,0,0,0,0,53.7900277997123,3.55324439189026,11,31
74,1,0.7514,0.174380183646103,1.939,0.239450070654273,0,0,0.939,0.239450070654273,52.6147444653043,3.54338554570458,11,31
74,2,0.7368,0.181655604809647,1,0,0,0,0,0,54.5244466557241,3.58105151157218,11,31
75,1,0.7507,0.176835462452475,1.939,0.239450070654273,0,0,0.939,0.239450070654273,53.3140005169145,3.56917033201988,11,31
75,2,0.7314,0.179739662696764,1,0,0,0,0,0,55.2558141890145,3.61209189016315,11,31
76,1,0.7443,0.174751389259279,1.939,0.239450070654273,0,0,0.939,0.239450070654273,54.0124918735417,3.59950724674679,11,31
76,2,0.7361,0.181493056973896,1,0,0,0,0,0,55.9817489360655,3.64301256334382,11,31
77,1,0.7473,0.177550652587464,1.939,0.239450070654273,0,0,0.939,0.239450070654273,54.7045618390824,3.63021889436978,11,31
77,2,0.7469,0.181613252196456,1,0,0,0,0,0,56.7122755032619,3.6802294576201,11,31
78,1,0.739,0.175356065620068,1.939,0.239450070654273,0,0,0.939,0.239450070654273,55.3995395851874,3.66296929038556,11,31
78,2,0.7434,0.179579198930969,1,0,0,0,0,0,57.4534461730211,3.71998812526313,11,31
79,1,0.7425,0.18093227043976,1.939,0.239450070654273,0,0,0.939,0.239450070654273,56.0862123248991,3.69256731842595,11,31
79,2,0.7445,0.176127143764869,1,0,0,0,0,0,58.1910699208741,3.75835361490743,11,31
80,1,0.7444,0.179055021433918,1.939,0.239450070654273,0,0,0.939,0.239450070654273,56.7762888548955,3.72366020645511,11,31
80,2,0.7526,0.176874318442572,1,0,0,0,0,0,58.9297112501565,3.79407898721747,11,31
81,1,0.7464,0.177647399639282,1.939,0.239450070654273,0,0,0.939,0.239450070654273,57.4681812371232,3.75257208711471,11,31
81,2,0.7531,0.181998663493756,1,0,0,0,0,0,59.6763141706017,3.82513547964515,11,31
82,1,0.7435,0.174264506191359,1.939,0.239450070654273,0,0,0.935,0.246649216167082,58.1619882947423,3.78501164110641,11,31
82,2,0.7576,0.179818170868727,1,0,0,0,0,0,60.4233383969123,3.85775289918515,11,31
83,1,0.7459,0.177805525236998,1.939,0.239450070654273,0,0,0,0,58.8530480222273,3.81842912062406,11,31
83,2,0.7526,0.173445447686941,1,0,0,0,0,0,61.1747511698476,3.88462985003529,11,31
84,1,0.7473,0.176362733631042,1.939,0.239450070654273,0,0,0,0,59.5927823668071,3.84741035373714,11,31
84,2,0.7488,0.174611136669598,1,0,0,0,0,0,61.921130131814,3.91628512906258,11,31
0,1,1,0,1,0,1,0,0,0,0,0,12,31
0,2,1,0,1,0,1,0,0,0,0,0,12,31
1,1,0.8895,0.104070075336672,1.108,0.310535718448671,0.892,0.310535718448671,0.108,0.310535718448671,0.95,0,12,31
1,2,0.8853,0.106043175900928,1,0,1,0,0,0,0.95,0,12,31
2,1,0.8374,0.12937533759561,1.192,0.394070160366516,0.808,0.394070160366516,0.192,0.394070160366516,1.78941605,0.104059668329138,12,31
2,2,0.8366,0.129139912951485,1,0,1,0,0,0,1.78521647,0.106032571583338,12,31
3,1,0.8078,0.143246918569579,1.273,0.445723759373078,0.727,0.445723759373078,0.273,0.445723759373078,2.576658577874,0.196195703641245,12,31
3,2,0.8094,0.140966348862101,1,0,1,0,0,0,2.571659157866,0.1917174618864,12,31
4,1,0.789,0.147175611636781,1.345,0.475606140836303,0.655,0.475606140836303,0.345,0.475606140836303,3.33423126060724,0.292531133383232,12,31
4,2,0.7924,0.146914341790799,1,0,1,0,0,0,3.33083136064724,0.281984780796581,12,31
5,1,0.7776,0.15888197973176,1.406,0.491330240678716,0.594,0.491330240678716,0.406,0.491330240678716,4.07293570494429,0.381568612001733,12,31
5,2,0.783,0.15593368884021,1,0,1,0,0,0,4.07293444518827,0.37033794858501,12,31
6,1,0.7702,0.159679233018754,1.458,0.498482180709085,0.542,0.498482180709085,0.458,0.498482180709085,4.80017197769701,0.473628318061446,12,31
6,2,0.7676,0.161233483607581,1,0,1,0,0,0,4.80556801848094,0.46036497124403,12,31
7,1,0.7714,0.161021638198001,1.502,0.500246185638877,0.498,0.500246185638877,0.502,0.500246185638877,5.51993996571261,0.561308901411482,12,31
7,2,0.7578,0.161633181263271,1,0,1,0,0,0,5.52273756610659,0.544090116376757,12,31
8,1,0.7666,0.160093941390891,1.557,0.496988931464271,0.436,0.496135213576047,0.557,0.496988931464271,6.24083513718136,0.646788532419801,12,31
8,2,0.7618,0.170850665640933,1,0,0.986,0.117549214450024,0,0,6.23004225471982,0.62521962127526,12,31
9,1,0.7593,0.163891337081526,1.599,0.490346244443087,0.387,0.487307365497864,0.599,0.490346244443087,6.95721177788722,0.727866691753005,12,31
9,2,0.7613,0.172342716736194,1,0,0.949,0.220107808692576,0,0,6.94197245417993,0.71022229038999,12,31
10,1,0.7592,0.166682761985585,1.637,0.481105458774334,0.337,0.472921404310119,0.637,0.481105458774334,7.66657303342759,0.803705714463284,12,31
10,2,0.7565,0.17043120840033,1,0,0.907,0.290577761426155,0,0,7.65518024610597,0.802498792627314,12,31
11,1,0.755,0.171185000231633,1.663,0.472921404310119,0.278,0.448237567498438,0.663,0.472921404310119,8.37636285306734,0.876594232609412,12,31
11,2,0.7558,0.164904680205122,1,0,0.816,0.387678080750375,0,0,8.36561941603815,0.895784279349911,12,31
12,1,0.7538,0.174344360264265,1.687,0.463946382943381,0.271,0.444698500960771,0.687,0.463946382943381,9.08353449732305,0.954309390540091,12,31
12,2,0.7488,0.16286523596239,1,0,0.906,0.291974740772638,0,0,9.0798333091702,0.983446512244158,12,31
13,1,0.7525,0.172579064586448,1.718,0.450198488090174,0.282,0.450198488090174,0.685,0.464748309293311,9.78858788306179,1.03018032590128,12,31
13,2,0.754,0.169566366808848,1,0,1,0,0,0,9.78248957332546,1.05472265098217,12,31
14,1,0.7502,0.17524460240096,1.739,0.439399672362272,0.261,0.439399672362272,0.68,0.466709564737876,10.4918230370975,1.10702011153748,12,31
14,2,0.7573,0.169515325104975,1,0,1,0,0,0,10.4855749222442,1.11552551475049,12,31
15,1,0.7457,0.172020641497179,1.771,0.42039949540376,0.215,0.41102791139282,0.705,0.456270953692193,11.1939892667081,1.19199531067219,12,31
15,2,0.7527,0.166133411180022,1,0,0.955,0.207407854282373,0,0,11.1918853456298,1.1770288309113,12,31
16,1,0.7504,0.168488065536489,1.79,0.407512044074854,0.151,0.358228038164697,0.721,0.448731947113597,11.8926404510748,1.27738198279655,12,31
16,2,0.7539,0.167848035326491,1,0,0.727,0.445723759373078,0,0,11.8957786605066,1.23681749754426,12,31
17,1,0.749,0.170023256961828,1.807,0.394850486775573,0.103,0.304110972316823,0.739,0.439399672362272,12.5983104188391,1.352846950109,12,31
17,2,0.7501,0.168844598665455,1,0,0.54,0.498646817545895,0,0,12.6121814411649,1.30106130007515,12,31
18,1,0.7502,0.168547822200016,1.817,0.386860001370859,0.063,0.243084532807191,0.751,0.432650189166937,13.3040096497426,1.42240835170492,12,31
18,2,0.7528,0.17442070571633,1,0,0.409,0.491895274383645,0,0,13.3340531540894,1.37143266206841,12,31
19,1,0.7542,0.168554948817206,1.823,0.381859682104326,0.046,0.209589904165081,0.763,0.425455064621415,14.0122336346989,1.48915326875238,12,31
19,2,0.749,0.16783076942911,1,0,0.338,0.473265232169003,0,0,14.0650860439875,1.44548180747549,12,31
20,1,0.7573,0.174117853843387,1.826,0.379299179893482,0.046,0.209589904165081,0.77,0.421043082447957,14.72462872952,1.55775569899043,12,31
20,2,0.7596,0.168333526595792,1,0,0.364,0.481389380580561,0,0,14.7957963051694,1.51575672210934,12,31
21,1,0.7606,0.172735281507506,1.83,0.375820756799357,0.053,0.224145580463326,0.777,0.416466618643613,15.4396970900536,1.62784260298917,12,31
21,2,0.7543,0.170265969883886,1,0,0.368,0.48250265160806,0,0,15.5357149129846,1.57997122339436,12,31
22,1,0.7546,0.175754743121572,1.837,0.369550493934953,0.069,0.253580960056751,0.784,0.411720188372532,16.1572884892076,1.6969513978231,12,31
22,2,0.7514,0.165908304691373,1,0,0.414,0.492794933868893,0,0,16.2700710673963,1.6346316058674,12,31
23,1,0.7477,0.17828767903727,1.844,0.363036906933435,0.063,0.243084532807191,0.796,0.403170617166661,16.8676738427162,1.76162522939918,12,31
23,2,0.7484,0.166328305183168,1,0,0.397,0.489520817361867,0,0,16.9991652141885,1.69722549072153,12,31
24,1,0.744,0.172724734285029,1.847,0.360167628640777,0.055,0.228094337998616,0.802,0.398691553653893,17.5708046994862,1.82600825931559,12,31
24,2,0.7529,0.173498391034879,1,0,0.406,0.491330240678716,0,0,17.7260413911304,1.7600361369958,12,31
25,1,0.7407,0.17082942572254,1.852,0.355277669185979,0.083,0.276020265899421,0.818,0.386037595351832,18.2702738732418,1.88992123720125,12,31
25,2,0.7523,0.165293774934303,1,0,0.541,0.498565509805449,0,0,18.4568851716244,1.82357564604628,12,31
26,1,0.7443,0.171979903148848,1.857,0.350248017372938,0.125,0.330884397463048,0.831,0.374939434548541,18.9641868335927,1.94795269538632,12,31
26,2,0.7528,0.169295070279146,1,0,0.854,0.353282901948012,0,0,19.1803242207072,1.88248547203306,12,31
27,1,0.743,0.171582168189006,1.864,0.342960087505269,0.125,0.330884397463048,0.842,0.364923511395428,19.6588781954079,2.00499387476404,12,31
27,2,0.7505,0.176609572053558,1,0,0.887,0.316751213622507,0,0,19.888580266687,1.9270355193374,12,31
28,1,0.7395,0.17424152808705,1.882,0.322769546550136,0.11,0.313046319253234,0.849,0.358228038164697,20.3516550765987,2.05230398270674,12,31
28,2,0.7504,0.173579866257495,1,0,0.886,0.317970289657863,0,0,20.5928261382093,1.97378683359075,12,31
29,1,0.7449,0.178004706891912,1.891,0.311795151046671,0.101,0.301479501608136,0.861,0.346119630761965,21.0412713483936,2.10648384503497,12,31
29,2,0.7523,0.172059043105308,1,0,0.864,0.342960087505269,0,0,21.2969517249555,2.01608969896522,12,31
30,1,0.7421,0.170077971873246,1.902,0.297463417052391,0.088,0.283436653127884,0.874,0.332015412645609,21.7360534548572,2.169589267245,12,31
30,2,0.7501,0.169081573740543,1,0,0.811,0.391704521843229,0,0,22.0039982113122,2.05923273556113,12,31
31,1,0.7459,0.17513955539473,1.906,0.291974740772638,0.078,0.268305773303498,0.885,0.319181573523405,22.4279744709414,2.22786961652748,12,31
31,2,0.752,0.174144555833154,1,0,0.737,0.440482718191106,0,0,22.7114226449758,2.09555407419625,12,31
32,1,0.7535,0.175837051467171,1.916,0.277526613176144,0.048,0.213873190797121,0.903,0.296105857217784,23.1235646873447,2.27729997803285,12,31
32,2,0.747,0.171640497728422,1,0,0.5,0.500250187656387,0,0,23.424359002211,2.12460329963382,12,31
33,1,0.7568,0.172114448502685,1.917,0.276020265899421,0.046,0.209589904165081,0.907,0.290577761426155,23.8272591453578,2.32464478466221,12,31
33,2,0.7456,0.175075101860005,1,0,0.483,0.499960959436795,0,0,24.1440521797525,2.15444870642464,12,31
34,1,0.7517,0.17357199439206,1.92,0.271428947744476,0.042,0.200689502157627,0.913,0.281976081451088,24.5340726908035,2.36951524744367,12,31
34,2,0.7419,0.174828358554769,1,0,0.443,0.496988931464271,0,0,24.8631252000752,2.19024908545547,12,31
35,1,0.7512,0.174954763208005,1.924,0.265130711714607,0.014,0.117549214450024,0.915,0.279021240863223,25.2356332057539,2.41736829028024,12,31
35,2,0.7423,0.178753077351588,1,0,0.176,0.381010720543621,0,0,25.580432083569,2.22601776987351,12,31
36,1,0.7484,0.173110968478047,1.927,0.260266668512775,0.007,0.0834143750078963,0.923,0.266724843503829,25.9379207694075,2.46802922100238,12,31
36,2,0.738,0.173799327404355,1,0,0.082,0.274502006097135,0,0,26.3113691930971,2.2711169710242,12,31
37,1,0.7528,0.173442331171609,1.927,0.260266668512775,0.003,0.054717401199198,0.924,0.265130711714607,26.63729834637,2.51364793910749,12,31
37,2,0.7462,0.174401765977228,1,0,0.06,0.237605674293474,0,0,27.0426317714314,2.3135305066382,12,31
38,1,0.7511,0.177285702244203,1.928,0.258617251711642,0.007,0.0834143750078963,0.928,0.258617251711642,27.3411391808426,2.55812851893408,12,31
38,2,0.746,0.173764766837798,1,0,0.04,0.196057232558349,0,0,27.7830868753736,2.34991285249461,12,31
39,1,0.7557,0.178155126923839,1.928,0.258617251711642,0.002,0.0446989708829856,0.928,0.258617251711642,28.0428175964864,2.60194310894883,12,31
39,2,0.751,0.172420209745635,1,0,0.055,0.228094337998616,0,0,28.5242648994227,2.38152012623497,12,31
40,1,0.7394,0.172387230841955,1.928,0.258617251711642,0.002,0.0446989708829856,0.928,0.258617251711642,28.7492569651828,2.63887410353977,12,31
40,2,0.7448,0.172866546338043,1,0,0.028,0.16505527329729,0,0,29.2696022621231,2.4160616080374,12,31
41,1,0.7382,0.172657379137327,1.928,0.258617251711642,0,0,0.928,0.258617251711642,29.4393907629633,2.67792888160009,12,31
41,2,0.7486,0.17409293020783,1,0,0.019,0.136593036636783,0,0,30.0100344533051,2.45628525106957,12,31
42,1,0.7419,0.176197149339697,1.928,0.258617251711642,0.003,0.054717401199198,0.928,0.258617251711642,30.1283600483557,2.72256927100726,12,31
42,2,0.7446,0.17737616046781,1,0,0.019,0.136593036636783,0,0,30.7546252110728,2.49556612975622,12,31
43,1,0.7499,0.180201172200578,1.928,0.258617251711642,0.001,0.0316227766016838,0.928,0.258617251711642,30.8207955573444,2.76501965656432,12,31
43,2,0.7457,0.173296109424134,1,0,0.005,0.0705689732104696,0,0,31.4951582753705,2.53082588264915,12,31
44,1,0.7476,0.173621382278752,1.928,0.258617251711642,0,0,0.928,0.258617251711642,31.5212270658253,2.8048901983668,12,31
44,2,0.7498,0.172886812249662,1,0,0,0,0,0,32.2374095625936,2.56477047855619,12,31
45,1,0.7539,0.180824465953829,1.928,0.258617251711642,0,0,0.928,0.258617251711642,32.2193484099001,2.83084696147563,12,31
45,2,0.7483,0.176885269025994,1,0,0.002,0.0446989708829856,0,0,32.9839175257814,2.59644062536911,12,31
46,1,0.7464,0.176346641981463,1.928,0.258617251711642,0,0,0.928,0.258617251711642,32.9236716541212,2.86102188974191,12,31
46,2,0.7449,0.176139192160674,1,0,0.004,0.0631505185092568,0,0,33.7287580223556,2.63210449148201,12,31
47,1,0.7493,0.17495748089213,1.928,0.258617251711642,0,0,0.927,0.260266668512775,33.6204588885066,2.89500244609474,12,31
47,2,0.7483,0.175122179571229,1,0,0.001,0.0316227766016838,0,0,34.4700400987082,2.66757551388042,12,31
48,1,0.7533,0.17487049405114,1.928,0.258617251711642,0,0,0.927,0.260266668512775,34.3201126110103,2.93457715233291,12,31
48,2,0.7473,0.176249180916604,1,0,0,0,0,0,35.2147814001711,2.70113974343874,12,31
49,1,0.7559,0.172959836682118,1.928,0.258617251711642,0,0,0.928,0.258617251711642,35.0236772131926,2.97469645507261,12,31
49,2,0.7467,0.174354551158005,1,0,0,0,0,0,35.9585027768044,2.73706651934674,12,31
50,1,0.7501,0.170672549401241,1.928,0.258617251711642,0,0,0.928,0.258617251711642,35.7297089938558,3.0155394602651,12,31
50,2,0.7477,0.1752867235002,1,0,0,0,0,0,36.701552714255,2.7707943128803,12,31
51,1,0.7576,0.172951299943516,1.928,0.258617251711642,0,0,0.928,0.258617251711642,36.4298991004045,3.04890900384885,12,31
51,2,0.7429,0.176353879148406,1,0,0,0,0,0,37.4455233589422,2.80851275958235,12,31
52,1,0.7554,0.173899629329913,1.928,0.258617251711642,0,0,0.928,0.258617251711642,37.1374810334115,3.08360048097789,12,31
52,2,0.7361,0.168330404636611,1,0,0,0,0,0,38.1846440254649,2.84697080854175,12,31
53,1,0.7593,0.1702424520867,1.928,0.258617251711642,0,0,0.928,0.258617251711642,37.8428036191018,3.12093061412936,12,31
53,2,0.7379,0.175283525507431,1,0,0,0,0,0,38.916926049903,2.88469484985128,12,31
54,1,0.7574,0.170980918451371,1.928,0.258617251711642,0,0,0.928,0.258617251711642,38.5519350561843,3.15128530228263,12,31
54,2,0.7432,0.172346927629893,1,0,0,0,0,0,39.6509253309005,2.91753216621975,12,31
55,1,0.7517,0.169782024772754,1.928,0.258617251711642,0,0,0.928,0.258617251711642,39.2591058129811,3.18485517945639,12,31
55,2,0.7453,0.171310411993134,1,0,0,0,0,0,40.3901226676817,2.94514345206817,12,31
56,1,0.7518,0.175121179265751,1.928,0.258617251711642,0,0,0.928,0.258617251711642,39.9605371182066,3.21759146549686,12,31
56,2,0.743,0.170058577907496,1,0,0,0,0,0,41.1313345658591,2.97097720861265,12,31
57,1,0.7498,0.173810730883252,1.928,0.258617251711642,0,0,0.928,0.258617251711642,40.6619977218388,3.25432710985286,12,31
57,2,0.7462,0.166172119121028,1,0,0,0,0,0,41.8701851874904,2.99653453125775,12,31
58,1,0.7455,0.17587120480818,1.928,0.258617251711642,0,0,0.928,0.258617251711642,41.361399547549,3.28801350850178,12,31
58,2,0.7472,0.168643412562129,1,0,0,0,0,0,42.6121437350381,3.0191638762884,12,31
59,1,0.7476,0.172580485640828,1.928,0.258617251711642,0,0,0.928,0.258617251711642,42.0564563021302,3.32304189514161,12,31
59,2,0.7446,0.165463646213355,1,0,0,0,0,0,43.3550223032301,3.03644974219633,12,31
60,1,0.7454,0.173172829360812,1.928,0.258617251711642,0,0,0.928,0.258617251711642,42.7535311968988,3.35173848653209,12,31
60,2,0.7471,0.167987528732968,1,0,0,0,0,0,44.0952418791638,3.05286777403621,12,31
61,1,0.7409,0.174492514560475,1.928,0.258617251711642,0,0,0.928,0.258617251711642,43.4483495453131,3.37572460763564,12,31
61,2,0.7502,0.170672461425647,1,0,0,0,0,0,44.8378724773044,3.07031725043896,12,31
62,1,0.7472,0.177605472054505,1.928,0.258617251711642,0,0,0.928,0.258617251711642,44.1386257797042,3.39912086248275,12,31
62,2,0.7547,0.17311232734233,1,0,0,0,0,0,45.5835099590038,3.09361122010881,12,31
63,1,0.7452,0.176544974802819,1.928,0.258617251711642,0,0,0.928,0.258617251711642,44.835094045367,3.43038365988342,12,31
63,2,0.7499,0.173810817270388,1,0,0,0,0,0,46.3335450618801,3.1225700446518,12,31
64,1,0.7423,0.180092040754563,1.928,0.258617251711642,0,0,0.928,0.258617251711642,45.5295052252225,3.45501761647033,12,31
64,2,0.7438,0.171379493904408,1,0,0,0,0,0,47.0787353076925,3.14926696246983,12,31
65,1,0.7406,0.178054326943614,1.928,0.258617251711642,0,0,0.928,0.258617251711642,46.2209654656167,3.47656197577945,12,31
65,2,0.7494,0.173463914776906,1,0,0,0,0,0,47.817789951758,3.17485187916583,12,31
66,1,0.7398,0.173453296440414,1.928,0.258617251711642,0,0,0.928,0.258617251711642,46.910667574701,3.49912060420744,12,31
66,2,0.7574,0.168860160350965,1,0,0,0,0,0,48.5623344065949,3.20068803037987,12,31
67,1,0.7446,0.179228800595671,1.928,0.258617251711642,0,0,0.928,0.258617251711642,47.5995059764509,3.52078273638196,12,31
67,2,0.7596,0.166118738965342,1,0,0,0,0,0,49.3147517782208,3.22138422986938,12,31
68,1,0.7493,0.175243317191327,1.928,0.258617251711642,0,0,0.928,0.258617251711642,48.2930434402591,3.54804539339833,12,31
68,2,0.7585,0.170225517260858,1,0,0,0,0,0,50.0692792166463,3.24729543212213,12,31
69,1,0.7504,0.175700628088549,1.928,0.258617251711642,0,0,0.928,0.258617251711642,48.9911796971518,3.58187017129002,12,31
69,2,0.7621,0.171122391500566,1,0,0,0,0,0,50.822638657325,3.26987930936088,12,31
70,1,0.746,0.173476494356135,1.928,0.258617251711642,0,0,0.928,0.258617251711642,49.6903385761672,3.61216320719666,12,31
70,2,0.7534,0.168275835332221,1,0,0,0,0,0,51.5794980063273,3.29161292829783,12,31
71,1,0.7462,0.17313444352738,1.928,0.258617251711642,0,0,0.928,0.258617251711642,50.3850582332751,3.64033051198208,12,31
71,2,0.761,0.170610984722872,1,0,0,0,0,0,52.3276423597652,3.31484237325951,12,31
72,1,0.7448,0.174193292934324,1.928,0.258617251711642,0,0,0.928,0.258617251711642,51.079907003376,3.67042324402014,12,31
72,2,0.7531,0.176639722575619,1,0,0,0,0,0,53.0832581271941,3.3345782513758,12,31
73,1,0.7439,0.172779173058105,1.928,0.258617251711642,0,0,0.928,0.258617251711642,51.7732963328991,3.70533996490897,12,31
73,2,0.7564,0.173692858831931,1,0,0,0,0,0,53.8309550115926,3.35374306964775,12,31
74,1,0.7448,0.174423001302533,1.928,0.258617251711642,0,0,0.928,0.258617251711642,52.4657228698932,3.73928533906634,12,31
74,2,0.7556,0.172099559146031,1,0,0,0,0,0,54.5818531228217,3.37294748417297,12,31
75,1,0.7393,0.176625894779635,1.928,0.258617251711642,0,0,0.928,0.258617251711642,53.1589735284844,3.76938853788574,12,31
75,2,0.7567,0.170716883331012,1,0,0,0,0,0,55.3318820426835,3.39410700839936,12,31
76,1,0.7407,0.178003357258214,1.928,0.258617251711642,0,0,0.928,0.258617251711642,53.8466959597554,3.79971036005687,12,31
76,2,0.7556,0.168276430188416,1,0,0,0,0,0,56.0829277401042,3.41419902483538,12,31
77,1,0.7388,0.174943319864364,1.928,0.258617251711642,0,0,0.928,0.258617251711642,54.5357390185851,3.82839842027559,12,31
77,2,0.7581,0.171883489416331,1,0,0,0,0,0,56.8328066616823,3.43026832464228,12,31
78,1,0.7457,0.170559668739713,1.928,0.258617251711642,0,0,0.928,0.258617251711642,55.2228277476536,3.85979112177021,12,31
78,2,0.7567,0.171243786557161,1,0,0,0,0,0,57.5850914183358,3.44835998870167,12,31
79,1,0.7486,0.173747599201336,1.928,0.258617251711642,0,0,0.928,0.258617251711642,55.9166941545323,3.88874186609283,12,31
79,2,0.7533,0.168812344357892,1,0,0,0,0,0,58.3359118245778,3.47111361957625,12,31
80,1,0.7522,0.175744263195263,1.928,0.258617251711642,0,0,0.928,0.258617251711642,56.6133683538903,3.91948296793171,12,31
80,2,0.7557,0.173428912202054,1,0,0,0,0,0,59.0832839042936,3.48975602113614,12,31
81,1,0.749,0.172999794592158,1.928,0.258617251711642,0,0,0.928,0.258617251711642,57.3135441992933,3.95394137164063,12,31
81,2,0.7499,0.170613888939614,1,0,0,0,0,0,59.8329621224447,3.50650803875361,12,31
82,1,0.7453,0.175181616040607,1.928,0.258617251711642,0,0,0.927,0.260266668512775,58.0104758437041,3.98877898796332,12,31
82,2,0.7471,0.178447284746598,1,0,0,0,0,0,60.5768121653478,3.52706123935363,12,31
83,1,0.7433,0.17362389022037,1.928,0.258617251711642,0,0,0,0,58.7037176040567,4.02503544470142,12,31
83,2,0.7512,0.178410735076089,1,0,0,0,0,0,61.3178106905061,3.54553706726772,12,31
84,1,0.7441,0.174859274177167,1.928,0.258617251711642,0,0,0,0,59.4408734403969,4.05139331657574,12,31
84,2,0.7471,0.17950992678349,1,0,0,0,0,0,62.0628012249589,3.56534833243811,12,31
0,1,1,0,1,0,1,0,0,0,0,0,13,31
0,2,1,0,1,0,1,0,0,0,0,0,13,31
1,1,0.8726,0.11323454447324,1.106,0.307991653878573,0.894,0.307991653878573,0.106,0.307991653878573,0.95,0,13,31
1,2,0.8718,0.113214740990639,1,0,1,0,0,0,0.95,0,13,31
2,1,0.8188,0.135147418861127,1.197,0.397931337480914,0.803,0.397931337480914,0.197,0.397931337480914,1.77251774,0.113223221018792,13,31
2,2,0.8207,0.137914939475499,1,0,1,0,0,0,1.77171782,0.11320341951654,13,31
3,1,0.7826,0.148456321115941,1.289,0.453524734369234,0.711,0.453524734369234,0.289,0.453524734369234,2.541163987688,0.209418734281763,13,31
3,2,0.7852,0.148738304021133,1,0,1,0,0,0,2.542263687707,0.209675739530405,13,31
4,1,0.7666,0.160218944292209,1.356,0.479054791744633,0.644,0.479054791744633,0.356,0.479054791744633,3.27354422966527,0.304462064694571,13,31
4,2,0.76,0.155512649595408,1,0,1,0,0,0,3.27724314976226,0.310399169556186,13,31
5,1,0.748,0.166143322476721,1.424,0.494437527366672,0.576,0.494437527366672,0.424,0.494437527366672,3.9898576326584,0.405272593268355,13,31
5,2,0.7351,0.162000722943554,1,0,1,0,0,0,3.98695919235942,0.412414919342466,13,31
6,1,0.7376,0.169926793399732,1.469,0.49928778103243,0.531,0.49928778103243,0.469,0.49928778103243,4.68750870245142,0.507342036633037,13,31
6,2,0.715,0.163773690871952,1,0,1,0,0,0,4.67171671086257,0.514364101501427,13,31
7,1,0.7246,0.172059421260344,1.514,0.500054051132529,0.486,0.500054051132529,0.514,0.500054051132529,5.37469624557767,0.60731685230183,13,31
7,2,0.7083,0.171961276689494,1,0,1,0,0,0,5.33631781059928,0.613772792354939,13,31
8,1,0.7143,0.173134298986323,1.558,0.496873105413125,0.44,0.496635325612916,0.558,0.496873105413125,6.04882416722006,0.710358361527133,13,31
8,2,0.6932,0.173562334289107,1,0,0.995,0.0705689732104696,0,0,5.99415713881924,0.710191634069262,13,31
9,1,0.7063,0.178723955451563,1.597,0.490746198998863,0.392,0.488440963243844,0.597,0.490746198998863,6.71269283321486,0.804099529019565,13,31
9,2,0.6772,0.176893898853102,1,0,0.991,0.0944877131056093,0,0,6.63709255894921,0.805836413026323,13,31
10,1,0.7003,0.181280922252654,1.643,0.479354546010342,0.346,0.475931203547856,0.643,0.479354546010342,7.36895190462569,0.905549227657413,13,31
10,2,0.6614,0.177655851582777,1,0,0.972,0.16505527329729,0,0,7.26417789985049,0.896114712731073,13,31
11,1,0.7015,0.179108430370627,1.676,0.468234175646378,0.307,0.461480188051409,0.676,0.468234175646378,8.01915134743011,1.00237611696967,13,31
11,2,0.6482,0.181078848984495,1,0,0.933,0.250147103868051,0,0,7.87636537553697,0.986798267405485,13,31
12,1,0.7037,0.181077605183797,1.71,0.453989103510322,0.284,0.451162440311189,0.71,0.453989103510322,8.67078412111499,1.09838897514214,13,31
12,2,0.6238,0.170418903301842,1,0,0.976,0.1531255937048,0,0,8.47725400129024,1.07521548732125,13,31
13,1,0.7033,0.186423882225062,1.74,0.438853725736256,0.26,0.438853725736256,0.728,0.4452125494797,9.32399975261114,1.19592875349469,13,31
13,2,0.609,0.175925978610181,1,0,1,0,0,0,9.05156438066376,1.15110365568896,13,31
14,1,0.701,0.191142709867616,1.763,0.425455064621415,0.237,0.425455064621415,0.743,0.437198058255228,9.97705019246617,1.28311506158918,13,31
14,2,0.5926,0.177473200052111,1,0,1,0,0,0,9.60983811652393,1.22751766978775,13,31
15,1,0.7004,0.190515448549812,1.785,0.41102791139282,0.215,0.41102791139282,0.768,0.422320203582962,10.6281379855489,1.3648230298509,13,31
15,2,0.5676,0.173552183392663,1,0,0.999,0.0316227766016838,0,0,10.1516789700925,1.30149592125064,13,31
16,1,0.6901,0.195371850992307,1.8,0.400200150125109,0.193,0.394850486775573,0.79,0.407512044074854,11.2784117940652,1.44750405965787,13,31
16,2,0.5372,0.176939163181777,1,0,0.98,0.140070052543788,0,0,10.6685530383895,1.36382175025405,13,31
17,1,0.6894,0.201713480779863,1.82,0.384379692163553,0.168,0.374053359717455,0.813,0.390106630529633,11.9183370428464,1.53198918565607,13,31
17,2,0.5062,0.173354006621167,1,0,0.96,0.196057232558349,0,0,11.1559725039562,1.42190433958916,13,31
18,1,0.6912,0.204705799782186,1.833,0.373162498451077,0.151,0.358228038164697,0.827,0.37843653921657,12.5575993182871,1.62066638885358,13,31
18,2,0.4682,0.165819951321475,1,0,0.944,0.230036772966665,0,0,11.6133941867967,1.47776556762195,13,31
19,1,0.6837,0.207140573565917,1.851,0.356266650033266,0.139,0.346119630761965,0.848,0.359200535947575,13.1987441604822,1.7078635635723,13,31
19,2,0.4358,0.163110284669499,1,0,0.947,0.224145580463326,0,0,12.0336370305833,1.53030717989573,13,31
20,1,0.6773,0.210520851767774,1.861,0.346119630761965,0.133,0.339744648856206,0.86,0.347160655202344,13.8318899796062,1.80240370284355,13,31
20,2,0.4076,0.159774114823922,1,0,0.959,0.198389410902796,0,0,12.4213496394566,1.57646868156439,13,31
21,1,0.6822,0.215753817369959,1.877,0.328601550481703,0.118,0.322769546550136,0.876,0.32974646735444,14.458285871426,1.90833627000304,13,31
21,2,0.3764,0.153969954038919,1,0,0.957,0.202958597236462,0,0,12.7802810223818,1.61881478416514,13,31
22,1,0.6792,0.220444904581521,1.889,0.314289321768618,0.105,0.306706812883361,0.889,0.314289321768618,15.0894589488352,2.01912933280032,13,31
22,2,0.347,0.147148403500183,1,0,0.949,0.220107808692576,0,0,13.1081417569,1.65526206909589,13,31
23,1,0.6776,0.22214316912205,1.895,0.306706812883361,0.1,0.300150112593832,0.895,0.306706812883361,15.7175755020112,2.13004155461456,13,31
23,2,0.3189,0.14864348248371,1,0,0.949,0.220107808692576,0,0,13.4070334383994,1.68685112515933,13,31
24,1,0.6724,0.224875096017342,1.903,0.296105857217784,0.09,0.286324958712967,0.903,0.296105857217784,16.3439830343603,2.24671991964277,13,31
24,2,0.2915,0.143660670986838,1,0,0.915,0.279021240863223,0,0,13.6778597896874,1.71731198000426,13,31
25,1,0.6736,0.230773257324796,1.912,0.283436653127884,0.082,0.274502006097135,0.911,0.284886223184204,16.9652401518905,2.37015139504102,13,31
25,2,0.2595,0.13589782271331,1,0,0.884,0.320385153598987,0,0,13.9230206674603,1.74364983518507,13,31
26,1,0.6672,0.233749435932579,1.918,0.274502006097135,0.074,0.261901875885975,0.917,0.276020265899421,17.5876321473062,2.49820437209536,13,31
26,2,0.2309,0.129892501947041,1,0,0.846,0.36112935966827,0,0,14.1377830628653,1.76746973353255,13,31
27,1,0.6671,0.234739627444308,1.925,0.263523138347365,0.059,0.235742602375079,0.924,0.265130711714607,18.2036782630638,2.63071680885261,13,31
27,2,0.2059,0.124220049189415,1,0,0.766,0.423584021680969,0,0,14.3258933153253,1.78806084785174,13,31
28,1,0.6733,0.237599586623301,1.928,0.258617251711642,0.05,0.218054001448145,0.927,0.260266668512775,18.8199619652619,2.76362300920547,13,31
28,2,0.1796,0.116264170565817,1,0,0.674,0.468981816218864,0,0,14.4930413831113,1.80888656789674,13,31
29,1,0.6739,0.235295886394459,1.933,0.250147103868051,0.034,0.181319819316248,0.931,0.253580960056751,19.4426658636384,2.9007213407287,13,31
29,2,0.1616,0.112240981989815,1,0,0.477,0.499720642680209,0,0,14.6385334141357,1.82448353254629,13,31
30,1,0.676,0.239376902188372,1.934,0.248406331855099,0.023,0.149978310076802,0.932,0.251871871076227,20.0665040164928,3.036508257609,13,31
30,2,0.1367,0.0981465370899185,1,0,0.373,0.483844091733179,0,0,14.7758844978976,1.83572297997207,13,31
31,1,0.6835,0.241777182972683,1.938,0.241276219744537,0.016,0.125537881771837,0.936,0.244875404979683,20.6928719968313,3.17486683098302,13,31
31,2,0.1183,0.0923235269778708,1,0,0.279,0.448731947113597,0,0,14.8935808609362,1.84577708592766,13,31
32,1,0.6819,0.243971129259,1.939,0.239450070654273,0.011,0.104354635210372,0.937,0.243084532807191,21.3268036609099,3.3089366947357,13,31
32,2,0.1015,0.0819418358621801,1,0,0.204,0.403170617166661,0,0,14.997607860695,1.85565770846617,13,31
33,1,0.6812,0.243569057734939,1.939,0.239450070654273,0.009,0.0944877131056093,0.937,0.243084532807191,21.9592764048851,3.44264119126238,13,31
33,2,0.0852,0.0725687689452303,1,0,0.124,0.32974646735444,0,0,15.0886161530904,1.86403003985174,13,31
34,1,0.6849,0.24670397818611,1.94,0.237605674293474,0.003,0.054717401199198,0.938,0.241276219744537,22.5910878784211,3.57583693206598,13,31
34,2,0.0767,0.0705129922927831,1,0,0.066,0.248406331855099,0,0,15.1673558697797,1.87123606606915,13,31
35,1,0.6836,0.24501238962769,1.94,0.237605674293474,0.004,0.0631505185092568,0.937,0.243084532807191,23.2267727629457,3.71365084175987,13,31
35,2,0.0658,0.0655336146924207,1,0,0.031,0.173404351355637,0,0,15.2405067211149,1.87940632009616,13,31
36,1,0.6896,0.241971879338055,1.94,0.237605674293474,0.003,0.054717401199198,0.937,0.243084532807191,23.8610986212553,3.85176979847225,13,31
36,2,0.0572,0.0641270011170979,1,0,0.024,0.1531255937048,0,0,15.3045322279822,1.89064991292985,13,31
37,1,0.6861,0.24206483715192,1.94,0.237605674293474,0.003,0.054717401199198,0.938,0.241276219744537,24.5013893050509,3.99360189414851,13,31
37,2,0.0461,0.0573417655647093,1,0,0.02,0.140070052543788,0,0,15.3603309803827,1.90028523481389,13,31
38,1,0.677,0.243331482160057,1.941,0.235742602375079,0.005,0.0705689732104696,0.938,0.241276219744537,25.1380790711627,4.13089848672337,13,31
38,2,0.0379,0.0534457336599138,1,0,0.013,0.113330683593826,0,0,15.4052644103985,1.91046579271574,13,31
39,1,0.6726,0.243039725782244,1.941,0.235742602375079,0.002,0.0446989708829856,0.938,0.241276219744537,25.7655400636995,4.27096148103616,13,31
39,2,0.0294,0.0497807002574102,1,0,0.01,0.0995485304256668,0,0,15.4423731219521,1.9196946891697,13,31
40,1,0.674,0.24913062049067,1.941,0.235742602375079,0,0,0.938,0.241276219744537,26.3887048536833,4.41563052117744,13,31
40,2,0.0231,0.0462442269751428,1,0,0.001,0.0316227766016838,0,0,15.4711606258372,1.9276156627472,13,31
41,1,0.6691,0.24575513338603,1.941,0.235742602375079,0,0,0.938,0.241276219744537,27.0133013388732,4.5629576076664,13,31
41,2,0.0159,0.0381922590147355,1,0,0,0,0,0,15.4941186053997,1.93501431243525,13,31
42,1,0.6646,0.246957137632885,1.941,0.235742602375079,0,0,0.938,0.241276219744537,27.6329554142869,4.70652650876287,13,31
42,2,0.0111,0.0329829937676658,1,0,0,0,0,0,15.5099535456103,1.94034592396558,13,31
43,1,0.6544,0.248076968262235,1.941,0.235742602375079,0,0,0.938,0.241276219744537,28.2480663855996,4.8507839276876,13,31
43,2,0.0061,0.0239450070654273,1,0,0,0,0,0,15.521007021054,1.9434975276351,13,31
44,1,0.6463,0.247320596549251,1.941,0.235742602375079,0,0,0.938,0.241276219744537,28.8529596138349,4.99194794324631,13,31
44,2,0.0042,0.0210428800976198,1,0,0,0,0,0,15.5270808460618,1.94616350838084,13,31
45,1,0.6324,0.246761283695662,1.941,0.235742602375079,0,0,0.936,0.244875404979683,29.4497279162286,5.13449952897153,13,31
45,2,0.0024,0.01531255937048,1,0,0,0,0,0,15.5312624057383,1.94803240476855,13,31
46,1,0.6202,0.246358788462382,1.941,0.235742602375079,0,0,0.934,0.248406331855099,30.0326985053677,5.27104537154737,13,31
46,2,0.0016,0.0125537881771837,1,0,0,0,0,0,15.5336516294642,1.94931307882301,13,31
47,1,0.6122,0.249867151889947,1.941,0.235742602375079,0,0,0.931,0.253580960056751,30.6035663323963,5.40717697124778,13,31
47,2,7e-04,0.00834143750078963,1,0,0,0,0,0,15.535244286,1.95044676200039,13,31
48,1,0.5984,0.248594527774123,1.941,0.235742602375079,0,0,0.926,0.261901875885975,31.1665638829108,5.53756585978667,13,31
48,2,6e-04,0.00772655807586403,1,0,0,0,0,0,15.5359410035556,1.9508191834568,13,31
49,1,0.5844,0.250198399753554,1.941,0.235742602375079,0,0,0.923,0.266724843503829,31.7160200210605,5.66756117127216,13,31
49,2,3e-04,0.0054717401199198,1,0,0,0,0,0,15.5365381303133,1.95121963954211,13,31
50,1,0.5712,0.255608872881784,1.941,0.235742602375079,0,0,0.919,0.272971634998059,32.2516389159751,5.79360545093043,13,31
50,2,2e-04,0.00632455532033676,1,0,0,0,0,0,15.5368366638358,1.95143772023543,13,31
51,1,0.5511,0.266363923495168,1.941,0.235742602375079,0,0,0.906,0.291974740772638,32.7742690900048,5.91846131306563,13,31
51,2,0,0,1,0,0,0,0,0,15.5370356662818,1.95171205508121,13,31
52,1,0.5325,0.26978980065328,1.941,0.235742602375079,0,0,0.898,0.302799748493435,33.2774959484342,6.04057604430383,13,31
52,2,0,0,1,0,0,0,0,0,15.5370356662818,1.95171205508121,13,31
53,1,0.5115,0.26711252141953,1.941,0.235742602375079,0,0,0.886,0.317970289657863,33.7625668832474,6.16528077286497,13,31
53,2,0,0,1,0,0,0,0,0,15.5370356662818,1.95171205508121,13,31
54,1,0.4875,0.26661739409655,1.941,0.235742602375079,0,0,0.88,0.325124138915747,34.2272971503324,6.28837417680997,13,31
54,2,0,0,1,0,0,0,0,0,15.5370356662818,1.95171205508121,13,31
55,1,0.4595,0.271852264389417,1.941,0.235742602375079,0,0,0.856,0.351265408754388,34.6684085858309,6.41165861298634,13,31
55,2,0,0,1,0,0,0,0,0,15.5370356662818,1.95171205508121,13,31
56,1,0.435,0.274098759811368,1.941,0.235742602375079,0,0,0.84,0.366789496216201,35.0828229129079,6.53242640986137,13,31
56,2,0,0,1,0,0,0,0,0,15.5370356662818,1.95171205508121,13,31
57,1,0.4111,0.271109369609924,1.941,0.235742602375079,0,0,0.82,0.384379692163553,35.4736281542284,6.64834563392037,13,31
57,2,0,0,1,0,0,0,0,0,15.5370356662818,1.95171205508121,13,31
58,1,0.3815,0.265364217949912,1.941,0.235742602375079,0,0,0.792,0.406079919351968,35.8416244802099,6.75820083340631,13,31
58,2,0,0,1,0,0,0,0,0,15.5370356662818,1.95171205508121,13,31
59,1,0.3579,0.266286497026226,1.941,0.235742602375079,0,0,0.765,0.424210979295627,36.1815471012817,6.86309394362987,13,31
59,2,0,0,1,0,0,0,0,0,15.5370356662818,1.95171205508121,13,31
60,1,0.3331,0.263141850783249,1.941,0.235742602375079,0,0,0.736,0.441019839121211,36.4993166251162,6.9670132226575,13,31
60,2,0,0,1,0,0,0,0,0,15.5370356662818,1.95171205508121,13,31
61,1,0.2972,0.259382804826071,1.941,0.235742602375079,0,0,0.694,0.461060274342278,36.7938440595013,7.06694594870889,13,31
61,2,0,0,1,0,0,0,0,0,15.5370356662818,1.95171205508121,13,31
62,1,0.2693,0.24985984059056,1.941,0.235742602375079,0,0,0.665,0.472226638382459,37.0547476038176,7.15945206174703,13,31
62,2,0,0,1,0,0,0,0,0,15.5370356662818,1.95171205508121,13,31
63,1,0.2449,0.246971627894754,1.941,0.235742602375079,0,0,0.629,0.483314175865547,37.2893385486088,7.23937771931464,13,31
63,2,0,0,1,0,0,0,0,0,15.5370356662818,1.95171205508121,13,31
64,1,0.2235,0.230935231355203,1.941,0.235742602375079,0,0,0.607,0.488661221901012,37.5014479738237,7.31412312028858,13,31
64,2,0,0,1,0,0,0,0,0,15.5370356662818,1.95171205508121,13,31
65,1,0.2087,0.229885095552446,1.941,0.235742602375079,0,0,0.578,0.494125652198062,37.6933656996926,7.38319996757548,13,31
65,2,0,0,1,0,0,0,0,0,15.5370356662818,1.95171205508121,13,31
66,1,0.1887,0.220660374786687,1.941,0.235742602375079,0,0,0.545,0.498220055019088,37.8720007316911,7.44778689861772,13,31
66,2,0,0,1,0,0,0,0,0,15.5370356662818,1.95171205508121,13,31
67,1,0.1691,0.213543416641185,1.941,0.235742602375079,0,0,0.504,0.500234179394246,38.0323886174172,7.50862931825548,13,31
67,2,0,0,1,0,0,0,0,0,15.5370356662818,1.95171205508121,13,31
68,1,0.1488,0.204940382942359,1.941,0.235742602375079,0,0,0.478,0.499765710874371,38.1753276621637,7.56557104715269,13,31
68,2,0,0,1,0,0,0,0,0,15.5370356662818,1.95171205508121,13,31
69,1,0.1333,0.191252941644534,1.941,0.235742602375079,0,0,0.447,0.497431843008103,38.2993811811364,7.62015733306725,13,31
69,2,0,0,1,0,0,0,0,0,15.5370356662818,1.95171205508121,13,31
70,1,0.1183,0.183435980000541,1.941,0.235742602375079,0,0,0.41,0.492079406338187,38.4095682232199,7.67074242611134,13,31
70,2,0,0,1,0,0,0,0,0,15.5370356662818,1.95171205508121,13,31
71,1,0.1004,0.167534796110861,1.941,0.235742602375079,0,0,0.377,0.484877413483146,38.5066859797452,7.71680528526403,13,31
71,2,0,0,1,0,0,0,0,0,15.5370356662818,1.95171205508121,13,31
72,1,0.0825,0.143890425166008,1.941,0.235742602375079,0,0,0.348,0.476574362637273,38.5876589966097,7.75524402001935,13,31
72,2,0,0,1,0,0,0,0,0,15.5370356662818,1.95171205508121,13,31
73,1,0.0696,0.130202890877249,1.941,0.235742602375079,0,0,0.312,0.463541660340115,38.6522919366898,7.78595429892162,13,31
73,2,0,0,1,0,0,0,0,0,15.5370356662818,1.95171205508121,13,31
74,1,0.0587,0.115921299801839,1.941,0.235742602375079,0,0,0.283,0.450681832465115,38.7058991524571,7.81163804779125,13,31
74,2,0,0,1,0,0,0,0,0,15.5370356662818,1.95171205508121,13,31
75,1,0.0515,0.109314681995145,1.941,0.235742602375079,0,0,0.253,0.434948479914783,38.7501206828698,7.83167787726662,13,31
75,2,0,0,1,0,0,0,0,0,15.5370356662818,1.95171205508121,13,31
76,1,0.0447,0.0994072019110879,1.941,0.235742602375079,0,0,0.231,0.421683313419937,38.7886803833387,7.8482638901871,13,31
76,2,0,0,1,0,0,0,0,0,15.5370356662818,1.95171205508121,13,31
77,1,0.0397,0.0948836809620754,1.941,0.235742602375079,0,0,0.21,0.407512044074854,38.8215793857875,7.8621275462481,13,31
77,2,0,0,1,0,0,0,0,0,15.5370356662818,1.95171205508121,13,31
78,1,0.0333,0.0839533093937229,1.941,0.235742602375079,0,0,0.191,0.393285740491152,38.8505553980474,7.87559623532206,13,31
78,2,0,0,1,0,0,0,0,0,15.5370356662818,1.95171205508121,13,31
79,1,0.029,0.0796576759976422,1.941,0.235742602375079,0,0,0.173,0.37843653921657,38.8741208594565,7.88563386547473,13,31
79,2,0,0,1,0,0,0,0,0,15.5370356662818,1.95171205508121,13,31
80,1,0.0244,0.071762035853157,1.941,0.235742602375079,0,0,0.154,0.36112935966827,38.8943107198338,7.89516283410591,13,31
80,2,0,0,1,0,0,0,0,0,15.5370356662818,1.95171205508121,13,31
81,1,0.0219,0.0693916796540133,1.941,0.235742602375079,0,0,0.13,0.336471712352188,38.9108776461844,7.90306393815567,13,31
81,2,0,0,1,0,0,0,0,0,15.5370356662818,1.95171205508121,13,31
82,1,0.0154,0.0520148588919123,1.941,0.235742602375079,0,0,0.032,0.176088066055048,38.926153403833,7.91059660761206,13,31
82,2,0,0,1,0,0,0,0,0,15.5370356662818,1.95171205508121,13,31
83,1,0.0084,0.0520783270867273,1.941,0.235742602375079,0,0,0,0,38.9398407009113,7.91610549227613,13,31
83,2,0,0,1,0,0,0,0,0,15.5370356662818,1.95171205508121,13,31
84,1,7e-04,0.0164249742702928,1.941,0.235742602375079,0,0,0,0,38.948171265993,7.92158230296735,13,31
84,2,0,0,1,0,0,0,0,0,15.5370356662818,1.95171205508121,13,31
0,1,1,0,1,0,1,0,0,0,0,0,14,31
0,2,1,0,1,0,1,0,0,0,0,0,14,31
1,1,0.8838,0.107559886245427,1.095,0.293361655744341,0.905,0.293361655744341,0.095,0.293361655744341,0.95,0,14,31
1,2,0.8763,0.114810676731267,1,0,1,0,0,0,0.95,0,14,31
2,1,0.8324,0.133671642872032,1.183,0.386860001370859,0.817,0.386860001370859,0.183,0.386860001370859,1.78371662,0.107549130256802,14,31
2,2,0.8309,0.12888677900313,1,0,1,0,0,0,1.77621737,0.114799195663594,14,31
3,1,0.7978,0.143999638526963,1.264,0.441019839121211,0.736,0.441019839121211,0.264,0.441019839121211,2.565960147824,0.20249850528397,14,31
3,2,0.8026,0.146063597705159,1,0,1,0,0,0,2.556961197809,0.20356039195735,14,31
4,1,0.7817,0.1495910675391,1.345,0.475606140836303,0.655,0.475606140836303,0.345,0.475606140836303,3.31353583025725,0.29754751746934,14,31
4,2,0.784,0.153321582001711,1,0,1,0,0,0,3.30933544038625,0.299458505339787,14,31
5,1,0.7714,0.160398777326287,1.417,0.493309592805932,0.583,0.493309592805932,0.417,0.493309592805932,4.04494319415633,0.390078372428885,14,31
5,2,0.7665,0.157837456462852,1,0,1,0,0,0,4.04304188442331,0.392927631607395,14,31
6,1,0.7599,0.158767746085901,1.477,0.499720642680209,0.523,0.499720642680209,0.477,0.499720642680209,4.76598256628911,0.48771718495696,14,31
6,2,0.763,0.16546413018651,1,0,1,0,0,0,4.75918370606615,0.489178461648713,14,31
7,1,0.7588,0.158706483004784,1.536,0.498951854343636,0.464,0.498951854343636,0.536,0.498951854343636,5.47545673275992,0.576581918805894,14,31
7,2,0.7595,0.169465242656034,1,0,1,0,0,0,5.47175601300189,0.581294543770994,14,31
8,1,0.7634,0.167237580729956,1.586,0.492794933868893,0.409,0.491895274383645,0.586,0.492794933868893,6.18376072158311,0.664236663583267,14,31
8,2,0.7569,0.167153612974205,1,0,0.989,0.104354635210372,0,0,6.18075951197206,0.67327062290788,14,31
9,1,0.7583,0.169882223819827,1.619,0.485875575713654,0.361,0.480530862598762,0.619,0.485875575713654,6.89684000136515,0.756227032194758,14,31
9,2,0.7535,0.17128072596497,1,0,0.953,0.211744742168102,0,0,6.88764375001845,0.765168029512241,14,31
10,1,0.7556,0.171224875406461,1.662,0.473265232169003,0.311,0.463134422704136,0.662,0.473265232169003,7.60550188665358,0.848210092262903,14,31
10,2,0.7558,0.170749862417267,1,0,0.923,0.266724843503829,0,0,7.59285873906516,0.860069495640616,14,31
11,1,0.75,0.170555237647775,1.686,0.464348597090181,0.253,0.434948479914783,0.686,0.464348597090181,8.31174525469626,0.940868713251735,14,31
11,2,0.7462,0.169570971319723,1,0,0.819,0.385210834981815,0,0,8.30179940832252,0.953022620256537,14,31
12,1,0.743,0.167149450908278,1.706,0.455819889618445,0.263,0.440482718191106,0.706,0.455819889618445,9.01402228625778,1.03282904115091,14,31
12,2,0.7371,0.170771053614928,1,0,0.912,0.283436653127884,0,0,9.00627402109368,1.04147216264685,14,31
13,1,0.7432,0.173908033178471,1.74,0.438853725736256,0.26,0.438853725736256,0.713,0.452587931606484,9.70773928450801,1.11829077327387,14,31
13,2,0.7467,0.174124752489212,1,0,1,0,0,0,9.69694467733158,1.12486007564291,14,31
14,1,0.736,0.176791558778283,1.764,0.424834655465493,0.236,0.424834655465493,0.711,0.453524734369234,10.4013869110584,1.20417617929476,14,31
14,2,0.7446,0.174646332172598,1,0,1,0,0,0,10.3927395105584,1.20538924543185,14,31
15,1,0.7381,0.171778630504198,1.776,0.417130672569158,0.218,0.413093992508541,0.727,0.445723759373078,11.0890734274793,1.2852850241861,14,31
15,2,0.745,0.176142062057948,1,0,0.97,0.170672578726429,0,0,11.0863677023916,1.28272731478431,14,31
16,1,0.7428,0.169991344065094,1.804,0.397167145848875,0.147,0.354283102217022,0.751,0.432650189166937,11.7788878775576,1.36020777379543,14,31
16,2,0.7291,0.175539180822983,1,0,0.762,0.426072221034812,0,0,11.7818236833998,1.36186668898494,14,31
17,1,0.7401,0.170149760331718,1.824,0.381010720543621,0.104,0.305413289293831,0.771,0.42039949540376,12.4756720746469,1.42769031721147,14,31
17,2,0.7246,0.177105071091164,1,0,0.576,0.494437527366672,0,0,12.471718912213,1.44082559963622,14,31
18,1,0.7435,0.175865513045278,1.832,0.374053359717455,0.082,0.274502006097135,0.781,0.413775555356053,13.1708392262095,1.49365915816695,14,31
18,2,0.7194,0.172839560036218,1,0,0.468,0.499224624017311,0,0,13.166336998028,1.52469075893827,14,31
19,1,0.7423,0.173985576933782,1.835,0.37136627864268,0.064,0.244875404979683,0.786,0.410332026988355,13.8699296671738,1.56519486723642,14,31
19,2,0.7191,0.176171014148827,1,0,0.405,0.491137675419242,0,0,13.8610852623403,1.604786579003,14,31
20,1,0.7475,0.171531843029722,1.844,0.363036906933435,0.068,0.251871871076227,0.797,0.402433787041984,14.5684012431539,1.62566174037386,14,31
20,2,0.7111,0.179942127277548,1,0,0.474,0.499573391578829,0,0,14.5586086416968,1.67866760799071,14,31
21,1,0.7472,0.172864230082577,1.848,0.359200535947575,0.07,0.255274685711618,0.805,0.396398955765693,15.2712440804264,1.68566044081531,14,31
21,2,0.7071,0.182133914367321,1,0,0.492,0.500186151533793,0,0,15.2446351469735,1.75571546884686,14,31
22,1,0.7445,0.175329662323551,1.856,0.351265408754388,0.068,0.251871871076227,0.811,0.391704521843229,15.9732183117363,1.73467449203104,14,31
22,2,0.7002,0.178862941807273,1,0,0.525,0.499624483612067,0,0,15.9257033293162,1.82358026899295,14,31
23,1,0.7372,0.175176616153089,1.866,0.340822769427396,0.056,0.230036772966665,0.824,0.381010720543621,16.6722287189284,1.79031165428032,14,31
23,2,0.695,0.180908064297111,1,0,0.523,0.499720642680209,0,0,16.5981721951033,1.89026318699057,14,31
24,1,0.7426,0.174859417292337,1.87,0.336471712352188,0.064,0.244875404979683,0.833,0.373162498451077,17.3638361114974,1.84158849542176,14,31
24,2,0.6907,0.180543917388834,1,0,0.551,0.497641082153239,0,0,17.2654855311099,1.95798247693709,14,31
25,1,0.7375,0.17341806083515,1.874,0.332015412645609,0.085,0.279021240863223,0.844,0.363036906933435,18.0599134358759,1.89531421424586,14,31
25,2,0.6832,0.183170170364367,1,0,0.667,0.47152235719352,0,0,17.9270458000624,2.0250717717952,14,31
26,1,0.7384,0.17365366565551,1.882,0.322769546550136,0.107,0.309267920493941,0.858,0.349224795737585,18.7492378824373,1.94353670870713,14,31
26,2,0.676,0.185306066652817,1,0,0.867,0.339744648856206,0,0,18.5752731231186,2.08542489851058,14,31
27,1,0.7321,0.17981079478697,1.891,0.311795151046671,0.102,0.302799748493435,0.87,0.336471712352188,19.4375957336315,1.99138192253481,14,31
27,2,0.6739,0.182981617306964,1,0,0.882,0.322769546550136,0,0,19.2062802875871,2.13437310343989,14,31
28,1,0.7308,0.176699130112693,1.905,0.293361655744341,0.089,0.284886223184204,0.89,0.313046319253234,20.1192526807184,2.03445514445868,14,31
28,2,0.6644,0.187637543812127,1,0,0.861,0.346119630761965,0,0,19.834382036344,2.17266978905661,14,31
29,1,0.732,0.17963370582457,1.918,0.274502006097135,0.077,0.266724843503829,0.908,0.289170571842329,20.7991960758791,2.08159511526667,14,31
29,2,0.6507,0.186532314370203,1,0,0.871,0.33536766610911,0,0,20.4539946030128,2.21863046950219,14,31
30,1,0.7382,0.178921135623416,1.928,0.258617251711642,0.065,0.246649216167082,0.921,0.269873733126868,21.4799688703509,2.12438743198716,14,31
30,2,0.6351,0.186205968386254,1,0,0.782,0.413093992508541,0,0,21.0593863308247,2.2704198374776,14,31
31,1,0.731,0.177455601462705,1.932,0.251871871076227,0.052,0.222138122224316,0.928,0.258617251711642,22.1668051642709,2.17348654922217,14,31
31,2,0.6183,0.187910671385157,1,0,0.67,0.470448000656099,0,0,21.6536009210066,2.31770767310012,14,31
32,1,0.7319,0.183755696935241,1.937,0.243084532807191,0.035,0.18387171834953,0.933,0.250147103868051,22.8466941325074,2.22147052109116,14,31
32,2,0.5986,0.188290980913833,1,0,0.54,0.498646817545895,0,0,22.2365907576997,2.37229070895357,14,31
33,1,0.7367,0.182473029257494,1.94,0.237605674293474,0.043,0.202958597236462,0.937,0.243084532807191,23.5280103192797,2.26470178071119,14,31
33,2,0.5827,0.19982652636885,1,0,0.541,0.498565509805449,0,0,22.8063644700026,2.42098039421351,14,31
34,1,0.7329,0.179999972194414,1.945,0.228094337998616,0.033,0.178725887724591,0.944,0.230036772966665,24.2134445365865,2.31199757933956,14,31
34,2,0.5548,0.20074176759523,1,0,0.503,0.500241183071967,0,0,23.3601837558053,2.46389488101306,14,31
35,1,0.7356,0.182114814899299,1.948,0.222138122224316,0.019,0.136593036636783,0.948,0.222138122224316,24.8951726000168,2.35949422373071,14,31
35,2,0.5247,0.21242654032638,1,0,0.286,0.452115481274871,0,0,23.8880359139748,2.50074064941026,14,31
36,1,0.732,0.180301160585584,1.949,0.220107808692576,0.009,0.0944877131056093,0.949,0.220107808692576,25.5800213096598,2.410390113533,14,31
36,2,0.4872,0.210714405204202,1,0,0.184,0.387678080750375,0,0,24.3966525475169,2.54253697022865,14,31
37,1,0.7306,0.189260295517733,1.949,0.220107808692576,0.009,0.0944877131056093,0.949,0.220107808692576,26.2616628546094,2.45975951188381,14,31
37,2,0.4628,0.220782483238379,1,0,0.127,0.333139583331045,0,0,24.8729347555068,2.58574578370121,14,31
38,1,0.7317,0.187724133638566,1.951,0.215976030257169,0.007,0.0834143750078963,0.951,0.215976030257169,26.9418414060913,2.50814379161521,14,31
38,2,0.4229,0.217883140841744,1,0,0.118,0.322769546550136,0,0,25.3276989269202,2.63688068099502,14,31
39,1,0.7243,0.190882021012839,1.952,0.213873190797121,0.008,0.0891288053546324,0.952,0.213873190797121,27.6230477674418,2.56160363772712,14,31
39,2,0.3893,0.219917879841258,1,0,0.131,0.337569182469243,0,0,25.7431172549155,2.68563189475983,14,31
40,1,0.7231,0.192804469770707,1.952,0.213873190797121,0.003,0.054717401199198,0.952,0.213873190797121,28.2967152026497,2.61243008185712,14,31
40,2,0.3552,0.218404809151861,1,0,0.039,0.193691808077979,0,0,26.1243773625982,2.73939984474753,14,31
41,1,0.7244,0.19519923858136,1.953,0.211744742168102,0.005,0.0705689732104696,0.953,0.211744742168102,28.9693690637134,2.66760305625468,14,31
41,2,0.3187,0.212851158360991,1,0,0.086,0.28050433629925,0,0,26.4762171144613,2.79146627609944,14,31
42,1,0.7274,0.198061779423665,1.953,0.211744742168102,0.005,0.0705689732104696,0.953,0.211744742168102,29.6431009538087,2.72642500304912,14,31
42,2,0.2827,0.204040050829102,1,0,0.088,0.283436653127884,0,0,26.789330649193,2.83871476523859,14,31
43,1,0.7332,0.199091429743717,1.954,0.209589904165081,0.002,0.0446989708829856,0.954,0.209589904165081,30.3197528965107,2.78869733196438,14,31
43,2,0.2463,0.196939318306668,1,0,0.061,0.239450070654273,0,0,27.0664641821642,2.88309782667131,14,31
44,1,0.7323,0.198257448828577,1.954,0.209589904165081,0.002,0.0446989708829856,0.954,0.209589904165081,31.0022118572226,2.8520505949899,14,31
44,2,0.2157,0.188942343610979,1,0,0.017,0.129335717138491,0,0,27.3086704007127,2.93346640837064,14,31
45,1,0.7272,0.203129075765685,1.954,0.209589904165081,0,0,0.954,0.209589904165081,31.6837065235364,2.91428009302762,14,31
45,2,0.1947,0.181258833618571,1,0,0.003,0.054717401199198,0,0,27.5225770903512,2.98077702693201,14,31
46,1,0.7184,0.208001693994796,1.954,0.209589904165081,0,0,0.954,0.209589904165081,32.3601554909544,2.97946579525716,14,31
46,2,0.1679,0.170671376389595,1,0,0.002,0.0446989708829856,0,0,27.7162535386384,3.02529789770598,14,31
47,1,0.7171,0.2119493159048,1.954,0.209589904165081,0,0,0.954,0.209589904165081,33.0277772025291,3.04305490609413,14,31
47,2,0.1426,0.151948439703501,1,0,0.001,0.0316227766016838,0,0,27.883283392824,3.06166984434986,14,31
48,1,0.7152,0.214417664698912,1.954,0.209589904165081,0,0,0.954,0.209589904165081,33.6940382479007,3.11835951737922,14,31
48,2,0.1273,0.147602494885745,1,0,0,0,0,0,28.0251649464805,3.09404933523709,14,31
49,1,0.7112,0.219688012469554,1.954,0.209589904165081,0,0,0.954,0.209589904165081,34.3583417657686,3.19575072886411,14,31
49,2,0.1095,0.13497395292414,1,0,0,0,0,0,28.1518553402252,3.12640537570338,14,31
50,1,0.7082,0.223881403611115,1.954,0.209589904165081,0,0,0.954,0.209589904165081,35.0185984063183,3.28233210439573,14,31
50,2,0.0943,0.123664072401012,1,0,0,0,0,0,28.2608200759301,3.15391579763711,14,31
51,1,0.7103,0.221569408996375,1.954,0.209589904165081,0,0,0.954,0.209589904165081,35.6758039845127,3.37988800847484,14,31
51,2,0.0812,0.111350612746221,1,0,0,0,0,0,28.354649729259,3.18097204975069,14,31
52,1,0.7084,0.222033192876062,1.954,0.209589904165081,0,0,0.954,0.209589904165081,36.3350331588806,3.4809190879542,14,31
52,2,0.0666,0.0970250166392867,1,0,0,0,0,0,28.4354366428701,3.20328463831223,14,31
53,1,0.7009,0.225210812151437,1.954,0.209589904165081,0,0,0.954,0.209589904165081,36.992306265179,3.58471732011193,14,31
53,2,0.0537,0.0855197265174745,1,0,0,0,0,0,28.501691204516,3.22057647060743,14,31
54,1,0.697,0.224190234535899,1.954,0.209589904165081,0,0,0.954,0.209589904165081,37.6420532909923,3.68558362013498,14,31
54,2,0.0453,0.0744543716208354,1,0,0,0,0,0,28.5551073332456,3.2354409441694,14,31
55,1,0.6871,0.226129884634306,1.954,0.209589904165081,0,0,0.954,0.209589904165081,38.2878563463905,3.78841841723527,14,31
55,2,0.037,0.0647703265021506,1,0,0,0,0,0,28.6001633603664,3.24701332765239,14,31
56,1,0.6959,0.228660174659855,1.954,0.209589904165081,0,0,0.954,0.209589904165081,38.9237491247277,3.89510553707355,14,31
56,2,0.0342,0.0649197548868954,1,0,0,0,0,0,28.636960408847,3.25861891234374,14,31
57,1,0.6925,0.231186498734674,1.954,0.209589904165081,0,0,0.954,0.209589904165081,39.5683291690633,4.0065459256051,14,31
57,2,0.0304,0.0630858131422574,1,0,0,0,0,0,28.6709694145802,3.27033665018958,14,31
58,1,0.6932,0.230188502638048,1.954,0.209589904165081,0,0,0.954,0.209589904165081,40.2094640812299,4.11414217497934,14,31
58,2,0.0238,0.0523096195388219,1,0,0,0,0,0,28.7011966188759,3.28196135937348,14,31
59,1,0.6923,0.231828502247792,1.954,0.209589904165081,0,0,0.954,0.209589904165081,40.8512308314547,4.22191484016793,14,31
59,2,0.0202,0.0507398712506697,1,0,0,0,0,0,28.7248589715565,3.29119104044911,14,31
60,1,0.6864,0.228751759266169,1.954,0.209589904165081,0,0,0.954,0.209589904165081,41.4920386996348,4.33650359967727,14,31
60,2,0.0149,0.044158124280136,1,0,0,0,0,0,28.7449401365228,3.29971968403948,14,31
61,1,0.6833,0.231094168066861,1.954,0.209589904165081,0,0,0.954,0.209589904165081,42.1269177827996,4.45527787307837,14,31
61,2,0.0122,0.0391496193173407,1,0,0,0,0,0,28.7597509997436,3.30711843095962,14,31
62,1,0.6779,0.231030225219483,1.954,0.209589904165081,0,0,0.954,0.209589904165081,42.7586522314374,4.57302800780638,14,31
62,2,0.0096,0.0364577724109574,1,0,0,0,0,0,28.7718768025652,3.31242767030085,14,31
63,1,0.6675,0.234667464337984,1.954,0.209589904165081,0,0,0.951,0.215976030257169,43.3849568847204,4.69014450602532,14,31
63,2,0.0069,0.0286916924076154,1,0,0,0,0,0,28.7814174637386,3.31848454086279,14,31
64,1,0.6643,0.238101243596505,1.954,0.209589904165081,0,0,0.949,0.220107808692576,44.0010132827619,4.81105806960791,14,31
64,2,0.0055,0.0264660244549583,1,0,0,0,0,0,28.788274128222,3.32328878049928,14,31
65,1,0.6585,0.240635940074744,1.954,0.209589904165081,0,0,0.947,0.224145580463326,44.6139278527966,4.93425260596353,14,31
65,2,0.0034,0.0197187430844065,1,0,0,0,0,0,28.7937390388732,3.32766003581428,14,31
66,1,0.6536,0.246186205234265,1.954,0.209589904165081,0,0,0.944,0.230036772966665,45.2211180630629,5.05396310014007,14,31
66,2,0.002,0.0160080060050044,1,0,0,0,0,0,28.797117009445,3.32997452230074,14,31
67,1,0.6378,0.250187437242068,1.954,0.209589904165081,0,0,0.94,0.237605674293474,45.8235288026377,5.17605831496273,14,31
67,2,0.0011,0.0104354635210372,1,0,0,0,0,0,28.7991038522536,3.33165665670591,14,31
68,1,0.6256,0.255793021933887,1.954,0.209589904165081,0,0,0.935,0.246649216167082,46.4103834769687,5.29931096758794,14,31
68,2,0.0011,0.0104354635210372,1,0,0,0,0,0,28.800196506522,3.33236316818802,14,31
69,1,0.619,0.261088427869117,1.954,0.209589904165081,0,0,0.933,0.250147103868051,46.9853104542091,5.42272773563377,14,31
69,2,9e-04,0.0104546305195018,1,0,0,0,0,0,28.8012890515249,3.33310169163726,14,31
70,1,0.6017,0.261869596718836,1.954,0.209589904165081,0,0,0.928,0.258617251711642,47.5537246366018,5.55047041082202,14,31
70,2,5e-04,0.00705689732104696,1,0,0,0,0,0,28.8021828625919,3.33364983030958,14,31
71,1,0.591,0.275453943291569,1.954,0.209589904165081,0,0,0.918,0.274502006097135,48.1051509167506,5.67254206026677,14,31
71,2,3e-04,0.0054717401199198,1,0,0,0,0,0,28.8026793746395,3.33404224737392,14,31
72,1,0.5696,0.277439746274417,1.954,0.209589904165081,0,0,0.907,0.290577761426155,48.6463942213833,5.79731269569335,14,31
72,2,2e-04,0.00446989708829856,1,0,0,0,0,0,28.8029772520774,3.33426788531325,14,31
73,1,0.5531,0.283214760562723,1.954,0.209589904165081,0,0,0.897,0.304110972316823,49.1668829900009,5.92228448452337,14,31
73,2,0,0,1,0,0,0,0,0,28.8031758171775,3.33440187477572,14,31
74,1,0.5358,0.279206583583404,1.954,0.209589904165081,0,0,0.891,0.311795151046671,49.671436090255,6.0437665488129,14,31
74,2,0,0,1,0,0,0,0,0,28.8031758171775,3.33440187477572,14,31
75,1,0.5234,0.278908999908985,1.954,0.209589904165081,0,0,0.883,0.321581116383432,50.1590640771291,6.164429399598,14,31
75,2,0,0,1,0,0,0,0,0,28.8031758171775,3.33440187477572,14,31
76,1,0.5103,0.281750409570764,1.954,0.209589904165081,0,0,0.872,0.334256978577453,50.6347329690134,6.28915434028547,14,31
76,2,0,0,1,0,0,0,0,0,28.8031758171775,3.33440187477572,14,31
77,1,0.4931,0.286992604007063,1.954,0.209589904165081,0,0,0.857,0.350248017372938,51.0978993172142,6.40953020750091,14,31
77,2,0,0,1,0,0,0,0,0,28.8031758171775,3.33440187477572,14,31
78,1,0.4748,0.287659012908874,1.954,0.209589904165081,0,0,0.848,0.359200535947575,51.5446955336543,6.52581820041299,14,31
78,2,0,0,1,0,0,0,0,0,28.8031758171775,3.33440187477572,14,31
79,1,0.4598,0.292214560467731,1.954,0.209589904165081,0,0,0.833,0.373162498451077,51.9737357657926,6.6401274424984,14,31
79,2,0,0,1,0,0,0,0,0,28.8031758171775,3.33440187477572,14,31
80,1,0.4451,0.294487202969353,1.954,0.209589904165081,0,0,0.811,0.391704521843229,52.38859523099,6.75678824741387,14,31
80,2,0,0,1,0,0,0,0,0,28.8031758171775,3.33440187477572,14,31
81,1,0.4286,0.299050951296717,1.954,0.209589904165081,0,0,0.756,0.429707631592282,52.789921581596,6.87436186838598,14,31
81,2,0,0,1,0,0,0,0,0,28.8031758171775,3.33440187477572,14,31
82,1,0.4042,0.300020619911986,1.954,0.209589904165081,0,0,0.723,0.447740406342192,53.1775687302379,6.99144631254205,14,31
82,2,0,0,1,0,0,0,0,0,28.8031758171775,3.33440187477572,14,31
83,1,0.3778,0.297010732761251,1.954,0.209589904165081,0,0,0,0,53.5426129106481,7.10683003440817,14,31
83,2,0,0,1,0,0,0,0,0,28.8031758171775,3.33440187477572,14,31
84,1,0.0471,0.129801534807715,1.954,0.209589904165081,0,0,0,0,53.9172899925388,7.22580816297832,14,31
84,2,0,0,1,0,0,0,0,0,28.8031758171775,3.33440187477572,14,31
0,1,1,0,1,0,1,0,0,0,0,0,15,31
0,2,1,0,1,0,1,0,0,0,0,0,15,31
1,1,0.8851,0.106392242712095,1.099,0.29881145943268,0.901,0.29881145943268,0.099,0.29881145943268,0.95,0,15,31
1,2,0.8785,0.111983437571323,1,0,1,0,0,0,0.95,0,15,31
2,1,0.839,0.12990718177174,1.181,0.385210834981815,0.819,0.385210834981815,0.181,0.385210834981815,1.78501649,0.106381603487824,15,31
2,2,0.8295,0.134453812991034,1,0,1,0,0,0,1.77841715,0.111972239227565,15,31
3,1,0.8101,0.142014640647217,1.265,0.441554039693863,0.735,0.441554039693863,0.265,0.441554039693863,2.57385869789,0.199791356680941,15,31
3,2,0.8075,0.145653578620523,1,0,1,0,0,0,2.557761257795,0.206749556109765,15,31
4,1,0.7914,0.14935979495282,1.334,0.47187568984497,0.666,0.47187568984497,0.334,0.47187568984497,3.33373069069224,0.294652238538813,15,31
4,2,0.7918,0.153350175338264,1,0,1,0,0,0,3.31503403051924,0.302889790970925,15,31
5,1,0.7863,0.150681833725951,1.397,0.489520817361867,0.603,0.489520817361867,0.397,0.489520817361867,4.07483417517327,0.387934538139232,15,31
5,2,0.7827,0.158921257124294,1,0,1,0,0,0,4.05653735502428,0.402007825963613,15,31
6,1,0.7771,0.158968112717176,1.453,0.498035178515573,0.547,0.498035178515573,0.453,0.498035178515573,4.81076609879591,0.475338202186844,15,31
6,2,0.7751,0.159861019468617,1,0,1,0,0,0,4.78887107828695,0.500884446178834,15,31
7,1,0.7657,0.163585666457273,1.503,0.500241183071967,0.497,0.500241183071967,0.503,0.500241183071967,5.53742994784637,0.561704715911817,15,31
7,2,0.764,0.163127589973648,1,0,1,0,0,0,5.51353612703745,0.588822769933367,15,31
8,1,0.7662,0.164086819959692,1.542,0.498482180709085,0.449,0.497641082153239,0.542,0.498482180709085,6.25262910811832,0.641909225692045,15,31
8,2,0.7637,0.168643857732058,1,0,0.986,0.117549214450024,0,0,6.22703647695246,0.670879129962434,15,31
9,1,0.768,0.164812509122224,1.593,0.491520693961701,0.392,0.488440963243844,0.593,0.491520693961701,6.9687059887402,0.727204901975173,15,31
9,2,0.7587,0.167727285921052,1,0,0.953,0.211744742168102,0,0,6.94086515694446,0.759529655283732,15,31
10,1,0.7646,0.162644684183939,1.628,0.483580241376599,0.337,0.472921404310119,0.628,0.483580241376599,7.68680937242983,0.811496005867738,15,31
10,2,0.7575,0.169683654317505,1,0,0.932,0.251871871076227,0,0,7.65127546786274,0.845417843342727,15,31
11,1,0.7547,0.160448289656368,1.662,0.473265232169003,0.27,0.444181603960922,0.662,0.473265232169003,8.40244334470138,0.892117540576279,15,31
11,2,0.76,0.174041059208137,1,0,0.777,0.416466618643613,0,0,8.36146488768245,0.92888375165688,15,31
12,1,0.7559,0.171973151290441,1.694,0.461060274342278,0.265,0.441554039693863,0.694,0.461060274342278,9.10976482403957,0.970641726063503,15,31
12,2,0.7547,0.177903230885669,1,0,0.867,0.339744648856206,0,0,9.08182201919598,1.01863462160963,15,31
13,1,0.7526,0.170828634667676,1.715,0.451640320364534,0.285,0.451640320364534,0.683,0.465540253606203,9.81686575113086,1.0484497399004,15,31
13,2,0.747,0.1763578807485,1,0,1,0,0,0,9.79231886853052,1.10682936640366,15,31
14,1,0.7507,0.16657507994072,1.746,0.43551541152257,0.254,0.43551541152257,0.683,0.465540253606203,10.5201508402055,1.11989704661403,15,31
14,2,0.7438,0.176501310796018,1,0,1,0,0,0,10.4884133119912,1.18267313777237,15,31
15,1,0.7471,0.174476451224892,1.769,0.421683313419937,0.221,0.415128090270137,0.703,0.457165178026498,11.2230160904529,1.19314113984323,15,31
15,2,0.7446,0.168461328557088,1,0,0.98,0.140070052543788,0,0,11.1812426230968,1.25998836424865,15,31
16,1,0.7477,0.174025845767216,1.793,0.40535825551642,0.152,0.359200535947575,0.719,0.449712398362822,11.9228654760791,1.26782819024841,15,31
16,2,0.7437,0.168786251806238,1,0,0.763,0.425455064621415,0,0,11.8757999531604,1.33196702739902,15,31
17,1,0.743,0.175504421032069,1.809,0.393285740491152,0.115,0.319181573523405,0.731,0.443661848524116,12.6258896806649,1.34512715322828,15,31
17,2,0.7386,0.172394198741604,1,0,0.549,0.497842190705897,0,0,12.5802219194254,1.40738543530006,15,31
18,1,0.739,0.17621024388511,1.819,0.385210834981815,0.077,0.266724843503829,0.743,0.437198058255228,13.3253994431406,1.41806632605489,15,31
18,2,0.7402,0.168440886759517,1,0,0.435,0.496005061487301,0,0,13.290163931106,1.48834932426722,15,31
19,1,0.7408,0.175573876719135,1.827,0.37843653921657,0.064,0.244875404979683,0.758,0.428508599236491,14.0221441105112,1.49322859556063,15,31
19,2,0.7456,0.165855805289258,1,0,0.35,0.477208264521611,0,0,14.0073218197484,1.55734495012411,15,31
20,1,0.7459,0.171734337517815,1.833,0.373162498451077,0.064,0.244875404979683,0.764,0.424834655465493,14.7205158763205,1.56895836983209,15,31
20,2,0.7491,0.170200347115269,1,0,0.399,0.489937790988855,0,0,14.7340396740942,1.62160558269215,15,31
21,1,0.7464,0.174463398675704,1.846,0.36112935966827,0.058,0.233860408557521,0.778,0.415799096787005,15.4236082140677,1.64418708939767,15,31
21,2,0.7548,0.174032316674942,1,0,0.404,0.4909429956981,0,0,15.4617327586483,1.68988936769933,15,31
22,1,0.743,0.169764012145743,1.848,0.359200535947575,0.066,0.248406331855099,0.78,0.414453582167861,16.126730032791,1.7098527588117,15,31
22,2,0.7544,0.175017917000721,1,0,0.424,0.494437527366672,0,0,16.1947916403317,1.7448536953517,15,31
23,1,0.7483,0.169368815889454,1.859,0.34819569244929,0.05,0.218054001448145,0.794,0.404632830758612,16.8258901103294,1.76929462206676,15,31
23,2,0.7538,0.175773878766034,1,0,0.418,0.49347696959384,0,0,16.9263802928951,1.79820032484636,15,31
24,1,0.7432,0.170301975216856,1.864,0.342960087505269,0.061,0.239450070654273,0.81,0.392497202606661,17.5303678655125,1.82816369513563,15,31
24,2,0.7515,0.172648653506355,1,0,0.414,0.492794933868893,0,0,17.6575964758348,1.85697422929366,15,31
25,1,0.7478,0.173681678150936,1.867,0.339744648856206,0.088,0.283436653127884,0.824,0.381010720543621,18.2283406351312,1.8902984125423,15,31
25,2,0.7468,0.171461830035606,1,0,0.559,0.496755237280661,0,0,18.3866445713644,1.91823433557777,15,31
26,1,0.7509,0.172072074430451,1.875,0.330884397463048,0.11,0.313046319253234,0.839,0.367714854492192,18.928787240117,1.94403361601726,15,31
26,2,0.7428,0.171923581040292,1,0,0.845,0.362085771753194,0,0,19.103699601262,1.97708088813941,15,31
27,1,0.7488,0.169491260209154,1.886,0.317970289657863,0.105,0.306706812883361,0.849,0.358228038164697,19.6304105545016,1.99647531662154,15,31
27,2,0.7442,0.171801850618309,1,0,0.889,0.314289321768618,0,0,19.8024304462291,2.02290792905852,15,31
28,1,0.7533,0.176579416383366,1.896,0.305413289293831,0.095,0.293361655744341,0.861,0.346119630761965,20.3296200433131,2.04291262825569,15,31
28,2,0.7424,0.170561810881954,1,0,0.87,0.336471712352188,0,0,20.5002935753061,2.07400761428752,15,31
29,1,0.7559,0.178148609107472,1.906,0.291974740772638,0.082,0.274502006097135,0.873,0.333139583331045,21.0331473077933,2.08978930038697,15,31
29,2,0.7395,0.174356388326181,1,0,0.843,0.363982806576744,0,0,21.1972392948599,2.11840391863943,15,31
30,1,0.7555,0.174929558252316,1.915,0.279021240863223,0.068,0.251871871076227,0.888,0.315524255098646,21.7392465452964,2.13800091872982,15,31
30,2,0.7445,0.176864442528822,1,0,0.795,0.403903624814309,0,0,21.8925698085545,2.16407353431766,15,31
31,1,0.7579,0.17512355140945,1.925,0.263523138347365,0.053,0.224145580463326,0.9,0.300150112593832,22.4448265209201,2.18134045177023,15,31
31,2,0.7389,0.174720683713513,1,0,0.719,0.449712398362822,0,0,22.5952086213576,2.20312441666523,15,31
32,1,0.75,0.174098564928923,1.928,0.258617251711642,0.041,0.198389410902796,0.915,0.279021240863223,23.1528780453923,2.22631546529207,15,31
32,2,0.7402,0.175826263325121,1,0,0.535,0.499023069631078,0,0,23.2959827419175,2.23675781053824,15,31
33,1,0.7486,0.171894117373421,1.93,0.255274685711618,0.035,0.18387171834953,0.92,0.271428947744476,23.8528344848239,2.27022218945133,15,31
33,2,0.743,0.176073853828449,1,0,0.463,0.49887862239214,0,0,24.0071532370934,2.27657476696619,15,31
34,1,0.7491,0.172768744392726,1.932,0.251871871076227,0.029,0.167890402308134,0.927,0.260266668512775,24.5513753764909,2.30966133131265,15,31
34,2,0.7356,0.174192373492593,1,0,0.427,0.494889801790172,0,0,24.7246315289768,2.31805147296544,15,31
35,1,0.7428,0.175553350805329,1.935,0.246649216167082,0.01,0.0995485304256668,0.933,0.250147103868051,25.2502948865906,2.35134366102775,15,31
35,2,0.7316,0.174734003479494,1,0,0.165,0.37136627864268,0,0,25.4364570816486,2.3557056932922,15,31
36,1,0.7414,0.179215395985273,1.936,0.244875404979683,0.009,0.0944877131056093,0.935,0.246649216167082,25.9435142461587,2.39427519166133,15,31
36,2,0.7381,0.173863793294115,1,0,0.072,0.258617251711642,0,0,26.1572796558505,2.39693426740094,15,31
37,1,0.7417,0.176131008434438,1.939,0.239450070654273,0.002,0.0446989708829856,0.939,0.239450070654273,26.6352194946662,2.43374688255859,15,31
37,2,0.7313,0.17816299293639,1,0,0.033,0.178725887724591,0,0,26.8891400779605,2.4398508330344,15,31
38,1,0.7463,0.176741470932963,1.939,0.239450070654273,0.001,0.0316227766016838,0.939,0.239450070654273,27.3273039106423,2.47881066988479,15,31
38,2,0.7239,0.178411380300194,1,0,0.034,0.181319819316248,0,0,27.616095226765,2.484339639018,15,31
39,1,0.7499,0.172423083488609,1.939,0.239450070654273,0.003,0.054717401199198,0.939,0.239450070654273,28.0239514808272,2.52818213687929,15,31
39,2,0.7216,0.175910159980555,1,0,0.041,0.198389410902796,0,0,28.3355559377438,2.53379736919178,15,31
40,1,0.7479,0.175003474868976,1.939,0.239450070654273,0.004,0.0631505185092568,0.939,0.239450070654273,28.7240157621581,2.56701328033668,15,31
40,2,0.7164,0.171815484053564,1,0,0.044,0.205197724417465,0,0,29.0523050180393,2.57924226663234,15,31
41,1,0.7447,0.174362588625864,1.939,0.239450070654273,0,0,0.939,0.239450070654273,29.4219682210911,2.60707317525155,15,31
41,2,0.7052,0.178675361717515,1,0,0.023,0.149978310076802,0,0,29.7636537817495,2.61786853499577,15,31
42,1,0.7416,0.176126262835673,1.939,0.239450070654273,0.004,0.0631505185092568,0.939,0.239450070654273,30.1168631602101,2.64732902372437,15,31
42,2,0.7059,0.182121822850416,1,0,0.028,0.16505527329729,0,0,30.4648229424614,2.65658075376956,15,31
43,1,0.7392,0.174452841174324,1.939,0.239450070654273,0,0,0.939,0.239450070654273,30.8084024414601,2.68903081953669,15,31
43,2,0.6928,0.182760941017389,1,0,0.011,0.104354635210372,0,0,31.1663701001267,2.69444575479051,15,31
44,1,0.7436,0.174669830106832,1.939,0.239450070654273,0.001,0.0316227766016838,0.939,0.239450070654273,31.4976820089431,2.72537963886244,15,31
44,2,0.6831,0.181596716290156,1,0,0.002,0.0446989708829856,0,0,31.8556496676096,2.73034735830639,15,31
45,1,0.7427,0.174920860126251,1.939,0.239450070654273,0,0,0.939,0.239450070654273,32.1912235495628,2.76598853616793,15,31
45,2,0.6699,0.182804287169113,1,0,0.002,0.0446989708829856,0,0,32.5356509197533,2.76336054240398,15,31
46,1,0.7386,0.17928240901489,1.939,0.239450070654273,0.001,0.0316227766016838,0.939,0.239450070654273,32.8838495526254,2.80785493573245,15,31
46,2,0.659,0.191874479323895,1,0,0.005,0.0705689732104696,0,0,33.2024434412788,2.79517163872307,15,31
47,1,0.7355,0.175215440102893,1.939,0.239450070654273,0,0,0.938,0.241276219744537,33.5722753401982,2.84828173169493,15,31
47,2,0.6523,0.199284782219879,1,0,0.002,0.0446989708829856,0,0,33.8581699993522,2.8241802639176,15,31
48,1,0.7406,0.183808121217278,1.939,0.239450070654273,0,0,0.938,0.241276219744537,34.2576463528109,2.88518709097869,15,31
48,2,0.6346,0.2049019883379,1,0,0.004,0.0631505185092568,0,0,34.5073116990704,2.86438761395801,15,31
49,1,0.7422,0.177850473125012,1.939,0.239450070654273,0,0,0.939,0.239450070654273,34.9480244057621,2.92044024151022,15,31
49,2,0.6254,0.211895586881227,1,0,0,0,0,0,35.1386737241421,2.90854644829176,15,31
50,1,0.7404,0.177424122709736,1.939,0.239450070654273,0,0,0.939,0.239450070654273,35.6398758441075,2.96218176776065,15,31
50,2,0.6066,0.214388438126692,1,0,0,0,0,0,35.761016607337,2.95571168095446,15,31
51,1,0.7407,0.179793870406741,1.939,0.239450070654273,0,0,0.939,0.239450070654273,36.3298670752944,3.00009289772825,15,31
51,2,0.5875,0.221275196786067,1,0,0,0,0,0,36.3645910263116,3.00475368673864,15,31
52,1,0.7323,0.176799230676969,1.939,0.239450070654273,0,0,0.939,0.239450070654273,37.0200877811768,3.03228459341394,15,31
52,2,0.5655,0.232795927679038,1,0,0,0,0,0,36.9491022547166,3.05246349347925,15,31
53,1,0.7388,0.181900103484434,1.939,0.239450070654273,0,0,0.939,0.239450070654273,37.7018830337902,3.0611955372849,15,31
53,2,0.5498,0.234467343003103,1,0,0,0,0,0,37.5116691407643,3.10176486408205,15,31
54,1,0.7365,0.183006123507497,1.939,0.239450070654273,0,0,0.938,0.241276219744537,38.3900757462961,3.09240780553519,15,31
54,2,0.5149,0.243982617244585,1,0,0,0,0,0,38.0585627641448,3.14702552537911,15,31
55,1,0.7365,0.190772493153872,1.939,0.239450070654273,0,0,0.939,0.239450070654273,39.0759617573891,3.12229245273861,15,31
55,2,0.4844,0.249156012808679,1,0,0,0,0,0,38.5706896596085,3.19289774169412,15,31
56,1,0.7408,0.189608310238004,1.939,0.239450070654273,0,0,0.939,0.239450070654273,39.7617294541397,3.15179326902401,15,31
56,2,0.4664,0.243701519138536,1,0,0,0,0,0,39.0524326402568,3.23954124638968,15,31
57,1,0.7359,0.189359570782802,1.939,0.239450070654273,0,0,0.939,0.239450070654273,40.4517045602216,3.18643215396714,15,31
57,2,0.4336,0.244070913077758,1,0,0,0,0,0,39.5162279699053,3.29574938982182,15,31
58,1,0.7313,0.192320818678835,1.939,0.239450070654273,0,0,0.939,0.239450070654273,41.1367385207322,3.22777167286174,15,31
58,2,0.4076,0.245728758232777,1,0,0,0,0,0,39.9473633574912,3.35741241883201,15,31
59,1,0.7368,0.198356005971851,1.939,0.239450070654273,0,0,0.939,0.239450070654273,41.8171305819504,3.26708052420284,15,31
59,2,0.3815,0.24913815408287,1,0,0,0,0,0,40.3526060025596,3.41562416792323,15,31
60,1,0.7319,0.197715658159594,1.939,0.239450070654273,0,0,0.939,0.239450070654273,42.5029222478889,3.30421424863356,15,31
60,2,0.357,0.247289611896966,1,0,0,0,0,0,40.7318616676398,3.47844971771804,15,31
61,1,0.7288,0.204969686960225,1.939,0.239450070654273,0,0,0.939,0.239450070654273,43.1837746480983,3.34409088784308,15,31
61,2,0.3403,0.250496823649839,1,0,0,0,0,0,41.0867259743406,3.54408248704261,15,31
62,1,0.7196,0.204640459630342,1.939,0.239450070654273,0,0,0.939,0.239450070654273,43.861477816449,3.39233256932011,15,31
62,2,0.3134,0.245602851695091,1,0,0,0,0,0,41.424956359601,3.62194367900022,15,31
63,1,0.7101,0.209456109631259,1.939,0.239450070654273,0,0,0.939,0.239450070654273,44.5299700808584,3.44012738901122,15,31
63,2,0.2843,0.235709713565371,1,0,0,0,0,0,41.7364191941596,3.69658035610032,15,31
64,1,0.7145,0.209484208554329,1.939,0.239450070654273,0,0,0.939,0.239450070654273,45.188955160883,3.49494144703628,15,31
64,2,0.2557,0.231086371105937,1,0,0,0,0,0,42.0189336452657,3.76241587286386,15,31
65,1,0.7129,0.216819280970583,1.939,0.239450070654273,0,0,0.939,0.239450070654273,45.8522462709205,3.55592955070527,15,31
65,2,0.2405,0.232128485183602,1,0,0,0,0,0,42.2730023095405,3.82710571106313,15,31
66,1,0.7128,0.221777693525173,1.939,0.239450070654273,0,0,0.939,0.239450070654273,46.5138814186369,3.62191312746089,15,31
66,2,0.2252,0.232505954803353,1,0,0,0,0,0,42.5119440514517,3.89259268450477,15,31
67,1,0.7068,0.221003625768001,1.939,0.239450070654273,0,0,0.939,0.239450070654273,47.175351060698,3.69037982017604,15,31
67,2,0.1929,0.218877814082418,1,0,0,0,0,0,42.7356625517027,3.96384252251506,15,31
68,1,0.7092,0.227523904518024,1.939,0.239450070654273,0,0,0.939,0.239450070654273,47.8307946234219,3.76059357839705,15,31
68,2,0.171,0.200647101297924,1,0,0,0,0,0,42.9272743774956,4.01796826075326,15,31
69,1,0.7068,0.225443085022771,1.939,0.239450070654273,0,0,0.939,0.239450070654273,48.4885563763415,3.836559847961,15,31
69,2,0.1546,0.195286909384569,1,0,0,0,0,0,43.0971154643197,4.06759223955126,15,31
70,1,0.7015,0.230826842093876,1.939,0.239450070654273,0,0,0.939,0.239450070654273,49.1438688569073,3.91367229431172,15,31
70,2,0.1358,0.183281073632691,1,0,0,0,0,0,43.2506523431489,4.11755448021419,15,31
71,1,0.7006,0.231761414720728,1.939,0.239450070654273,0,0,0.939,0.239450070654273,49.7938527785196,3.99554547337215,15,31
71,2,0.1184,0.172020437829437,1,0,0,0,0,0,43.3855050152977,4.16384849146869,15,31
72,1,0.6992,0.23403874494223,1.939,0.239450070654273,0,0,0.939,0.239450070654273,50.4428780694262,4.08316064719173,15,31
72,2,0.1012,0.154215246789487,1,0,0,0,0,0,43.503067310782,4.20647119213592,15,31
73,1,0.693,0.232044919885881,1.939,0.239450070654273,0,0,0.939,0.239450070654273,51.090448502103,4.17837029264114,15,31
73,2,0.0875,0.137886775155425,1,0,0,0,0,0,43.6035412514288,4.24192890805091,15,31
74,1,0.6906,0.235429537371731,1.939,0.239450070654273,0,0,0.939,0.239450070654273,51.7317992751855,4.26812652010469,15,31
74,2,0.077,0.132092575296451,1,0,0,0,0,0,43.6904047954962,4.27090597577003,15,31
75,1,0.6919,0.23693993021551,1.939,0.239450070654273,0,0,0.939,0.239450070654273,52.370703608522,4.36006284021307,15,31
75,2,0.0681,0.125969275056492,1,0,0,0,0,0,43.7668370702836,4.29648402736585,15,31
76,1,0.6948,0.238893344465747,1.939,0.239450070654273,0,0,0.939,0.239450070654273,53.0108343374125,4.45498678797289,15,31
76,2,0.058,0.114407556957961,1,0,0,0,0,0,43.8344282054684,4.31990971929359,15,31
77,1,0.6934,0.241069605206784,1.939,0.239450070654273,0,0,0.939,0.239450070654273,53.6537790956767,4.55979532915398,15,31
77,2,0.0518,0.109675835026631,1,0,0,0,0,0,43.8919890543985,4.34015188092515,15,31
78,1,0.6901,0.240478314656062,1.939,0.239450070654273,0,0,0.939,0.239450070654273,54.2952702986032,4.66765840351771,15,31
78,2,0.0449,0.10210002161809,1,0,0,0,0,0,43.9433917062843,4.35907595360697,15,31
79,1,0.6889,0.241588814217784,1.939,0.239450070654273,0,0,0.938,0.241276219744537,54.933422993561,4.77597238531773,15,31
79,2,0.0391,0.0960750769992948,1,0,0,0,0,0,43.9879428312219,4.37560167100719,15,31
80,1,0.6828,0.242534498541925,1.939,0.239450070654273,0,0,0.938,0.241276219744537,55.5703709229086,4.89024176220189,15,31
80,2,0.0296,0.0732748879849653,1,0,0,0,0,0,44.0267351428067,4.3948731192604,15,31
81,1,0.6776,0.241488212044722,1.939,0.239450070654273,0,0,0.938,0.241276219744537,56.2012037652035,5.00820996521342,15,31
81,2,0.0249,0.0665914741121146,1,0,0,0,0,0,44.0560992757395,4.40960002280688,15,31
82,1,0.6766,0.242345148850088,1.939,0.239450070654273,0,0,0.936,0.244875404979683,56.826815476177,5.1302548171701,15,31
82,2,0.0216,0.0624286579812296,1,0,0,0,0,0,44.0807983903791,4.42215302453151,15,31
83,1,0.6807,0.24235561938244,1.939,0.239450070654273,0,0,0,0,57.4514719761698,5.25079501300442,15,31
83,2,0.0188,0.0583949481545276,1,0,0,0,0,0,44.102221985806,4.4323345975531,15,31
84,1,0.3321,0.314194698090703,1.939,0.239450070654273,0,0,0,0,58.1265452679723,5.38198986549669,15,31
84,2,0.0153,0.0511715597625139,1,0,0,0,0,0,44.1208665838461,4.44162116537741,15,31
0,1,1,0,1,0,1,0,0,0,0,0,16,31
0,2,1,0,1,0,1,0,0,0,0,0,16,31
1,1,0.8828,0.108054781642627,1.095,0.293361655744341,0.905,0.293361655744341,0.095,0.293361655744341,0.95,0,16,31
1,2,0.8857,0.106192216225045,1,0,1,0,0,0,0.95,0,16,31
2,1,0.8274,0.134786525318399,1.174,0.379299179893482,0.826,0.379299179893482,0.174,0.379299179893482,1.78271672,0.108043976164463,16,31
2,2,0.8361,0.126818267110353,1,0,1,0,0,0,1.78561643,0.106181597003423,16,31
3,1,0.808,0.149460156357266,1.265,0.441554039693863,0.735,0.441554039693863,0.265,0.441554039693863,2.559961247774,0.203037381852255,16,31
3,2,0.8082,0.144269101243383,1,0,1,0,0,0,2.571559217861,0.195681100113176,16,31
4,1,0.7898,0.152312701896983,1.328,0.469719742651548,0.672,0.469719742651548,0.328,0.469719742651548,3.31773387051324,0.301662629318762,16,31
4,2,0.7885,0.152449962253164,1,0,1,0,0,0,3.32953178060624,0.290771535536048,16,31
5,1,0.7788,0.160612441474365,1.386,0.487074164005074,0.614,0.487074164005074,0.386,0.487074164005074,4.05723799489828,0.393784607342877,16,31
5,2,0.7784,0.156582112509565,1,0,1,0,0,0,4.06773642491329,0.38876187045229,16,31
6,1,0.7673,0.158321747639975,1.441,0.496755237280661,0.559,0.496755237280661,0.441,0.496755237280661,4.785673667771,0.490740987417771,16,31
6,2,0.7711,0.160812470445083,1,0,1,0,0,0,4.795772297746,0.483030943698653,16,31
7,1,0.7649,0.164636250853495,1.505,0.50022517452166,0.495,0.50022517452166,0.505,0.50022517452166,5.50254339535165,0.580361175813297,16,31
7,2,0.7655,0.161696926055803,1,0,1,0,0,0,5.51643974589658,0.576377073313192,16,31
8,1,0.7622,0.167389304255616,1.554,0.49732417127195,0.441,0.496755237280661,0.554,0.49732417127195,6.21694311545563,0.667270217895798,16,31
8,2,0.7643,0.167521859987208,1,0,0.981,0.136593036636783,0,0,6.23143904612654,0.663564275512004,16,31
9,1,0.7555,0.167145707954729,1.604,0.489309128694145,0.377,0.484877413483146,0.604,0.489309128694145,6.92882335490174,0.750818692242614,16,31
9,2,0.7639,0.17080973615683,1,0,0.948,0.222138122224316,0,0,6.94611704635649,0.755085067292411,16,31
10,1,0.7523,0.16674085435943,1.637,0.481105458774334,0.337,0.472921404310119,0.637,0.481105458774334,7.63463780416441,0.836644220051861,16,31
10,2,0.7617,0.168438361074553,1,0,0.92,0.271428947744476,0,0,7.66197245423632,0.842204949580909,16,31
11,1,0.7563,0.1703799851489,1.679,0.467094398571827,0.255,0.436079310636454,0.679,0.467094398571827,8.33753452069999,0.920383262823408,16,31
11,2,0.7593,0.168528667923033,1,0,0.79,0.407512044074854,0,0,8.37695707621545,0.921889875778957,16,31
12,1,0.7532,0.167982076359289,1.706,0.455819889618445,0.261,0.439399672362272,0.706,0.455819889618445,9.04635435086293,0.999799930273762,16,31
12,2,0.7582,0.169769200921668,1,0,0.882,0.322769546550136,0,0,9.09596569198671,1.00805397632712,16,31
13,1,0.7579,0.167587814818607,1.739,0.439399672362272,0.261,0.439399672362272,0.699,0.458922226101122,9.7503589959089,1.07749340629021,16,31
13,2,0.7606,0.168392386989424,1,0,0.999,0.0316227766016838,0,0,9.80920924313564,1.083733503468,16,31
14,1,0.7481,0.167703650868174,1.768,0.422320203582962,0.232,0.422320203582962,0.695,0.460637804774193,10.4593366794279,1.14742927314394,16,31
14,2,0.7621,0.171764644479279,1,0,1,0,0,0,10.5189359522394,1.15071725119252,16,31
15,1,0.7438,0.174275448448518,1.793,0.40535825551642,0.2,0.400200150125109,0.713,0.452587931606484,11.160104867765,1.21567600970174,16,31
15,2,0.7644,0.169945642843591,1,0,0.962,0.191291904148065,0,0,11.2300396599913,1.21642696151954,16,31
16,1,0.7476,0.171591618920283,1.812,0.390907672998125,0.145,0.352277020396022,0.729,0.444698500960771,11.857208375505,1.28908448427882,16,31
16,2,0.7595,0.17017258506795,1,0,0.711,0.453524734369234,0,0,11.9452659617805,1.28186436211775,16,31
17,1,0.7493,0.170729782576616,1.827,0.37843653921657,0.095,0.293361655744341,0.748,0.434378503939461,12.5599829797909,1.36016907887408,16,31
17,2,0.7621,0.173792387042108,1,0,0.498,0.500246185638877,0,0,12.6680585101152,1.34700750036066,16,31
18,1,0.7515,0.174895221027729,1.832,0.374053359717455,0.064,0.244875404979683,0.757,0.429109700583819,13.2659317860342,1.42712302249015,16,31
18,2,0.7533,0.170229515913334,1,0,0.388,0.487538402275855,0,0,13.4040062722061,1.40822843297862,16,31
19,1,0.7452,0.168894894788106,1.839,0.367714854492192,0.059,0.235742602375079,0.766,0.423584021680969,13.9751040624432,1.4945886784689,16,31
19,2,0.7517,0.168182625129338,1,0,0.315,0.464748309293311,0,0,14.1365863744745,1.46882330255064,16,31
20,1,0.7413,0.172609687167621,1.842,0.364923511395428,0.069,0.253580960056751,0.774,0.418448442581758,14.6777177605159,1.5552132928331,16,31
20,2,0.7539,0.171622388528549,1,0,0.381,0.485875575713654,0,0,14.8711393272361,1.53298341211322,16,31
21,1,0.7507,0.173116953183331,1.852,0.355277669185979,0.064,0.244875404979683,0.784,0.411720188372532,15.3754707881042,1.61923080276219,16,31
21,2,0.7564,0.170434996664676,1,0,0.39,0.487993993957034,0,0,15.6045210226137,1.59876570368063,16,31
22,1,0.7541,0.17115046737442,1.856,0.351265408754388,0.067,0.250147103868051,0.791,0.406797842281009,16.0822848445926,1.67517762333234,16,31
22,2,0.7543,0.173699976055501,1,0,0.42,0.49380547166252,0,0,16.3398750791241,1.65567527470392,16,31
23,1,0.7527,0.171762080251178,1.863,0.344019402576874,0.054,0.226130792098589,0.804,0.397167145848875,16.7919218463698,1.73005624991222,16,31
23,2,0.7511,0.176323225582678,1,0,0.382,0.486119648144685,0,0,17.0715635119183,1.71685937720265,16,31
24,1,0.7528,0.172574453329402,1.867,0.339744648856206,0.041,0.198389410902796,0.814,0.389301368550838,17.5000911009074,1.78571118104379,16,31
24,2,0.7542,0.176673635762594,1,0,0.379,0.485380875802286,0,0,17.8018817625826,1.78215013259645,16,31
25,1,0.7527,0.169473984526922,1.871,0.33536766610911,0.071,0.256953351846254,0.824,0.381010720543621,18.208438939209,1.83970229791914,16,31
25,2,0.7486,0.176604725953835,1,0,0.554,0.49732417127195,0,0,18.5353691903853,1.85074571357096,16,31
26,1,0.7503,0.168190957539929,1.876,0.32974646735444,0.108,0.310535718448671,0.836,0.370460849809047,18.9146211864316,1.89197750023061,16,31
26,2,0.7522,0.172176667422752,1,0,0.851,0.356266650033266,0,0,19.2544691014281,1.91378175681425,16,31
27,1,0.7546,0.169669171117288,1.886,0.317970289657863,0.098,0.297463417052391,0.847,0.360167628640777,19.6158954096796,1.94037664815157,16,31
27,2,0.7459,0.17571017063353,1,0,0.892,0.310535718448671,0,0,19.9622763159466,1.97017697326157,16,31
28,1,0.7551,0.171006529797061,1.892,0.310535718448671,0.094,0.291974740772638,0.862,0.345072564941166,20.3213380454104,1.9929203384055,16,31
28,2,0.7431,0.17528009902186,1,0,0.903,0.296105857217784,0,0,20.6616852654595,2.02199955647567,16,31
29,1,0.756,0.171853232537341,1.901,0.29881145943268,0.084,0.277526613176144,0.874,0.332015412645609,21.0266602766887,2.04007016493659,16,31
29,2,0.7433,0.174141997908131,1,0,0.868,0.338660140392534,0,0,21.3576836414254,2.07457229239652,16,31
30,1,0.7574,0.168622874111651,1.914,0.28050433629925,0.072,0.258617251711642,0.887,0.316751213622507,21.732709658989,2.08513104810349,16,31
30,2,0.743,0.1729187696605,1,0,0.836,0.370460849809047,0,0,22.0555567704637,2.12303473185079,16,31
31,1,0.7559,0.170335563533292,1.92,0.271428947744476,0.055,0.228094337998616,0.896,0.305413289293831,22.4400343922181,2.12394333494972,16,31
31,2,0.746,0.16903423491285,1,0,0.755,0.430302405478008,0,0,22.7546562178387,2.16703515874439,16,31
32,1,0.756,0.174913105839999,1.926,0.261901875885975,0.033,0.178725887724591,0.907,0.290577761426155,23.1461917978638,2.16378720532198,16,31
32,2,0.7558,0.176514921515201,1,0,0.555,0.497214463005877,0,0,23.4607139330199,2.20275976619483,16,31
33,1,0.7528,0.173500035337928,1.929,0.256953351846254,0.037,0.188856206322871,0.915,0.279021240863223,23.8529265109897,2.20353868396809,16,31
33,2,0.748,0.175290406830285,1,0,0.501,0.500249187155011,0,0,24.1864377805394,2.24902135990943,16,31
34,1,0.7531,0.171054522447229,1.934,0.248406331855099,0.032,0.176088066055048,0.925,0.263523138347365,24.555803070601,2.23517039556344,16,31
34,2,0.7466,0.175325922724448,1,0,0.457,0.498396829242923,0,0,24.9070058587739,2.294911097942,16,31
35,1,0.7459,0.175253827073488,1.936,0.244875404979683,0.008,0.0891288053546324,0.931,0.253580960056751,25.2586591728365,2.27327582018346,16,31
35,2,0.7443,0.173947600638146,1,0,0.181,0.385210834981815,0,0,25.6282991646838,2.33533568088188,16,31
36,1,0.7409,0.172008071836111,1.938,0.241276219744537,0.003,0.054717401199198,0.934,0.248406331855099,25.9551670020181,2.31461743397637,16,31
36,2,0.7449,0.174311142427483,1,0,0.077,0.266724843503829,0,0,26.360980159613,2.37851837885305,16,31
37,1,0.7426,0.17565903363077,1.938,0.241276219744537,0.003,0.054717401199198,0.938,0.241276219744537,26.6467227895816,2.35301066421444,16,31
37,2,0.7406,0.172456897169645,1,0,0.034,0.181319819316248,0,0,27.0993670429412,2.41911347241306,16,31
38,1,0.7421,0.177733449803854,1.938,0.241276219744537,0.004,0.0631505185092568,0.938,0.241276219744537,27.3397038815448,2.39242623927575,16,31
38,2,0.7324,0.167923906691211,1,0,0.035,0.18387171834953,0,0,27.8355380282789,2.46301259922016,16,31
39,1,0.7424,0.17565048560449,1.939,0.239450070654273,0.004,0.0631505185092568,0.939,0.239450070654273,28.0320677615369,2.43689373425371,16,31
39,2,0.7342,0.167506472765736,1,0,0.042,0.200689502157627,0,0,28.56341668859,2.50430043078161,16,31
40,1,0.7414,0.174632575817161,1.939,0.239450070654273,0.003,0.054717401199198,0.939,0.239450070654273,28.7246114319912,2.48524177070984,16,31
40,2,0.741,0.171079713199047,1,0,0.034,0.181319819316248,0,0,29.2926669167663,2.54137115962706,16,31
41,1,0.7414,0.176343803795702,1.939,0.239450070654273,0.002,0.0446989708829856,0.939,0.239450070654273,29.4161396406779,2.53263362390762,16,31
41,2,0.7436,0.167771234683384,1,0,0.018,0.133017644294634,0,0,30.0290154760088,2.57724598494027,16,31
42,1,0.7433,0.178569305864689,1.939,0.239450070654273,0.001,0.0316227766016838,0.939,0.239450070654273,30.1076484919531,2.58050907416376,16,31
42,2,0.7485,0.170019577274668,1,0,0.011,0.104354635210372,0,0,30.7686764882391,2.612341556713,16,31
43,1,0.7414,0.179884402876954,1.939,0.239450070654273,0,0,0.939,0.239450070654273,30.8010300191104,2.63258611079513,16,31
43,2,0.7477,0.170950091938946,1,0,0.003,0.054717401199198,0,0,31.5134915295105,2.64385932230532,16,31
44,1,0.7486,0.178633563335533,1.939,0.239450070654273,0,0,0.939,0.239450070654273,31.4925001464323,2.685176813541,16,31
44,2,0.7416,0.170993212376043,1,0,0.001,0.0316227766016838,0,0,32.2578338056707,2.67944265694794,16,31
45,1,0.7452,0.180414826190947,1.939,0.239450070654273,0,0,0.939,0.239450070654273,32.1910695147581,2.73158906214577,16,31
45,2,0.751,0.17700375795539,1,0,0,0,0,0,32.9961279909227,2.71585511627219,16,31
46,1,0.7452,0.180470300962595,1.939,0.239450070654273,0,0,0.939,0.239450070654273,32.8861842925354,2.77345916589168,16,31
46,2,0.7494,0.179866594986373,1,0,0.003,0.054717401199198,0,0,33.7437559151772,2.74932707582123,16,31
47,1,0.7402,0.179544412879366,1.939,0.239450070654273,0,0,0.939,0.239450070654273,33.5812295588348,2.81469703196015,16,31
47,2,0.7446,0.177714440669357,1,0,0,0,0,0,34.4895671085533,2.78393034537286,16,31
48,1,0.7384,0.175887396866223,1.939,0.239450070654273,0,0,0.939,0.239450070654273,34.2712287666386,2.85309228109454,16,31
48,2,0.7397,0.174712433542763,1,0,0,0,0,0,35.2306755256189,2.81960064927645,16,31
49,1,0.7432,0.178341149389493,1.939,0.239450070654273,0,0,0.939,0.239450070654273,34.9593675942487,2.89037137754855,16,31
49,2,0.7382,0.176499042240778,1,0,0,0,0,0,35.9668332966554,2.85974878104492,16,31
50,1,0.7457,0.175762346372602,1.939,0.239450070654273,0,0,0.939,0.239450070654273,35.6522141443358,2.93261729708063,16,31
50,2,0.737,0.177207230107584,1,0,0,0,0,0,36.7014247843024,2.90058279326992,16,31
51,1,0.7488,0.179919234466276,1.939,0.239450070654273,0,0,0.939,0.239450070654273,36.3474789403438,2.97387921351669,16,31
51,2,0.7314,0.179572509829,1,0,0,0,0,0,37.4347487981242,2.94141417995358,16,31
52,1,0.7473,0.175395192275825,1.939,0.239450070654273,0,0,0.939,0.239450070654273,37.0457584393328,3.01774480719795,16,31
52,2,0.7297,0.180223168295284,1,0,0,0,0,0,38.1624279682611,2.9691903789948,16,31
53,1,0.7481,0.175120121793748,1.939,0.239450070654273,0,0,0.939,0.239450070654273,37.742475890515,3.05994325075896,16,31
53,2,0.7307,0.179888492877866,1,0,0,0,0,0,38.8883431879764,3.00129871382767,16,31
54,1,0.7482,0.173570985152723,1.939,0.239450070654273,0,0,0.939,0.239450070654273,38.4399194409574,3.09756310967035,16,31
54,2,0.7308,0.181008629971403,1,0,0,0,0,0,39.6151805299264,3.03094137791783,16,31
55,1,0.7529,0.173556076562337,1.939,0.239450070654273,0,0,0.939,0.239450070654273,39.1373927084733,3.13628925188946,16,31
55,2,0.727,0.178445629934843,1,0,0,0,0,0,40.3420446495708,3.06684953589885,16,31
56,1,0.7543,0.175420301796235,1.939,0.239450070654273,0,0,0.939,0.239450070654273,39.8394704483342,3.1744266837118,16,31
56,2,0.7288,0.176696864097193,1,0,0,0,0,0,41.0650569264727,3.10040111522417,16,31
57,1,0.7495,0.175586390647398,1.939,0.239450070654273,0,0,0.939,0.239450070654273,40.5428701619424,3.21029312031824,16,31
57,2,0.7236,0.176221718565261,1,0,0,0,0,0,41.7897868498171,3.13808913421556,16,31
58,1,0.7529,0.174648481505257,1.939,0.239450070654273,0,0,0.938,0.241276219744537,41.2414268191115,3.25186383553361,16,31
58,2,0.7197,0.178700430452318,1,0,0,0,0,0,42.5092738573291,3.16941913463305,16,31
59,1,0.7503,0.175700827490313,1.939,0.239450070654273,0,0,0.939,0.239450070654273,41.9433436675371,3.28981559138709,16,31
59,2,0.728,0.180744761109883,1,0,0,0,0,0,43.2248114717935,3.20208815549687,16,31
60,1,0.7465,0.175209727037195,1.939,0.239450070654273,0,0,0.939,0.239450070654273,42.6425559140224,3.3240697321236,16,31
60,2,0.7186,0.17946098809002,1,0,0,0,0,0,43.9485287042401,3.23632093263601,16,31
61,1,0.7511,0.175126980957988,1.939,0.239450070654273,0,0,0.939,0.239450070654273,43.3379209721529,3.35814209420539,16,31
61,2,0.7161,0.184891792611178,1,0,0,0,0,0,44.6628297989046,3.26956111801742,16,31
62,1,0.7518,0.176487699027178,1.939,0.239450070654273,0,0,0.939,0.239450070654273,44.0377885177922,3.39123316458249,16,31
62,2,0.7113,0.188992137476743,1,0,0,0,0,0,45.3745746677995,3.30335782550439,16,31
63,1,0.7426,0.180825711495733,1.939,0.239450070654273,0,0,0.939,0.239450070654273,44.7382817498876,3.42116633647791,16,31
63,2,0.7022,0.19186446250406,1,0,0,0,0,0,46.0814780316208,3.33633257367507,16,31
64,1,0.7365,0.181468125798115,1.939,0.239450070654273,0,0,0.939,0.239450070654273,45.4295627133485,3.44954123859365,16,31
64,2,0.6935,0.199015972618675,1,0,0,0,0,0,46.7792678577435,3.37890531219339,16,31
65,1,0.7362,0.178497679036511,1.939,0.239450070654273,0,0,0.939,0.239450070654273,46.1147134659908,3.48068971048631,16,31
65,2,0.6847,0.207168600006924,1,0,0,0,0,0,47.4683434098535,3.43136444965828,16,31
66,1,0.7324,0.176582619250654,1.939,0.239450070654273,0,0,0.939,0.239450070654273,46.799497647331,3.51552225932446,16,31
66,2,0.6781,0.209605162923828,1,0,0,0,0,0,48.1486070717521,3.47956822116701,16,31
67,1,0.7445,0.178610334672022,1.939,0.239450070654273,0,0,0.939,0.239450070654273,47.4804383489167,3.54169589339705,16,31
67,2,0.6729,0.216846979717525,1,0,0,0,0,0,48.8222461260161,3.52588099792048,16,31
68,1,0.7414,0.183683912686386,1.939,0.239450070654273,0,0,0.939,0.239450070654273,48.1733301533844,3.57320157656837,16,31
68,2,0.6638,0.226187357561648,1,0,0,0,0,0,49.4906525416513,3.57177008678859,16,31
69,1,0.7347,0.180827565953337,1.939,0.239450070654273,0,0,0.939,0.239450070654273,48.8630736782089,3.60465878125865,16,31
69,2,0.6456,0.224345650662033,1,0,0,0,0,0,50.1499537898023,3.61891736009645,16,31
70,1,0.7391,0.178530286122728,1.939,0.239450070654273,0,0,0.939,0.239450070654273,49.5460943018493,3.63065391442009,16,31
70,2,0.6336,0.233464227550059,1,0,0,0,0,0,50.7911142618085,3.67217244052821,16,31
71,1,0.7382,0.177686049909193,1.939,0.239450070654273,0,0,0.939,0.239450070654273,50.2334159294469,3.66138302290989,16,31
71,2,0.6199,0.235392012182655,1,0,0,0,0,0,51.4202943286232,3.73143056918727,16,31
72,1,0.7434,0.17795535425524,1.939,0.239450070654273,0,0,0.939,0.239450070654273,50.919775192568,3.68954705605692,16,31
72,2,0.6021,0.246061244685416,1,0,0,0,0,0,52.035808407768,3.78955659449477,16,31
73,1,0.7442,0.179551103028076,1.939,0.239450070654273,0,0,0.939,0.239450070654273,51.6112285123653,3.72246040705158,16,31
73,2,0.5822,0.249530409820978,1,0,0,0,0,0,52.6335886415966,3.85067725121562,16,31
74,1,0.7385,0.179052533659286,1.939,0.239450070654273,0,0,0.939,0.239450070654273,52.3034068678049,3.74828769552459,16,31
74,2,0.5723,0.256531710551578,1,0,0,0,0,0,53.2115538456654,3.92221986183072,16,31
75,1,0.7378,0.179452955850171,1.939,0.239450070654273,0,0,0.939,0.239450070654273,52.9898580318209,3.77574280341533,16,31
75,2,0.5582,0.262643754431248,1,0,0,0,0,0,53.7796342464554,3.99684575118452,16,31
76,1,0.7306,0.187613535862525,1.939,0.239450070654273,0,0,0.939,0.239450070654273,53.6755457813426,3.79775439519001,16,31
76,2,0.5406,0.268148361068166,1,0,0,0,0,0,54.3336631988807,4.07371463362909,16,31
77,1,0.7321,0.188878969886182,1.939,0.239450070654273,0,0,0.939,0.239450070654273,54.3540194773946,3.82033507895909,16,31
77,2,0.524,0.275099399635259,1,0,0,0,0,0,54.8701700080457,4.14837050627892,16,31
78,1,0.7338,0.185072450169688,1.939,0.239450070654273,0,0,0.939,0.239450070654273,55.0339138198574,3.85109719183878,16,31
78,2,0.5126,0.280749105181228,1,0,0,0,0,0,55.3901505020259,4.22720527825459,16,31
79,1,0.7375,0.184221843676823,1.939,0.239450070654273,0,0,0.939,0.239450070654273,55.7154269638079,3.87524357494391,16,31
79,2,0.4862,0.280228635382054,1,0,0,0,0,0,55.8987675764804,4.31438327135926,16,31
80,1,0.7393,0.186977192380436,1.939,0.239450070654273,0,0,0.939,0.239450070654273,56.400542840149,3.89369188280642,16,31
80,2,0.4766,0.286136880381251,1,0,0,0,0,0,56.3811415379271,4.40473421915496,16,31
81,1,0.7361,0.187461814596818,1.939,0.239450070654273,0,0,0.939,0.239450070654273,57.0873758616349,3.92471191032841,16,31
81,2,0.4538,0.284018003348778,1,0,0,0,0,0,56.8539437594049,4.49919323974337,16,31
82,1,0.7336,0.18843180874403,1.939,0.239450070654273,0,0,0.937,0.243084532807191,57.7709660164111,3.9605457591627,16,31
82,2,0.4321,0.286394154290222,1,0,0,0,0,0,57.3040826438821,4.59204808969528,16,31
83,1,0.7318,0.198010019867602,1.939,0.239450070654273,0,0,0,0,58.45210741268,3.9868037495989,16,31
83,2,0.4151,0.290768871333464,1,0,0,0,0,0,57.7326537357318,4.68785093693466,16,31
84,1,0.6363,0.244933260914687,1.939,0.239450070654273,0,0,0,0,59.1778583087297,4.01371252712981,16,31
84,2,0.4046,0.294356052231792,1,0,0,0,0,0,58.1443224935211,4.78059422406764,16,31
0,1,1,0,1,0,1,0,0,0,0,0,17,31
0,2,1,0,1,0,1,0,0,0,0,0,17,31
1,1,0.8871,0.105805409997716,1.09,0.286324958712967,0.91,0.286324958712967,0.09,0.286324958712967,0.95,0,17,31
1,2,0.8822,0.107026233301068,1,0,1,0,0,0,0.95,0,17,31
2,1,0.8373,0.128667265709913,1.182,0.386037595351832,0.818,0.386037595351832,0.182,0.386037595351832,1.78701629,0.105794829456716,17,31
2,2,0.8332,0.128741346638655,1,0,1,0,0,0,1.78211678,0.107015530677738,17,31
3,1,0.8099,0.142731784695499,1.264,0.441019839121211,0.736,0.441019839121211,0.264,0.441019839121211,2.574158837873,0.196497179795587,17,31
3,2,0.8058,0.142501461980804,1,0,1,0,0,0,2.565160147832,0.199324231583049,17,31
4,1,0.7934,0.152445661399988,1.331,0.470808518041741,0.669,0.470808518041741,0.331,0.470808518041741,3.33383089066924,0.287507652508009,17,31
4,2,0.7921,0.147883262945674,1,0,1,0,0,0,3.32073343050524,0.291923421242903,17,31
5,1,0.78,0.153243216761733,1.386,0.487074164005074,0.614,0.487074164005074,0.386,0.487074164005074,4.07693357527027,0.383938807295335,17,31
5,2,0.7821,0.157843290970838,1,0,1,0,0,0,4.06253663502828,0.382308688577524,17,31
6,1,0.7669,0.157159438434633,1.443,0.496988931464271,0.557,0.496988931464271,0.443,0.496988931464271,4.80656864826297,0.475674915030125,17,31
6,2,0.7773,0.157732652261951,1,0,1,0,0,0,4.79427065823096,0.474082941107377,17,31
7,1,0.762,0.164264977956298,1.5,0.500250187656387,0.5,0.500250187656387,0.5,0.500250187656387,5.52303861578363,0.565407320585617,17,31
7,2,0.7735,0.157964245013556,1,0,1,0,0,0,5.52113438731141,0.563076434306075,17,31
8,1,0.7588,0.16367452260309,1.545,0.498220055019088,0.452,0.497939699104163,0.545,0.498220055019088,6.23454036527871,0.652783027367557,17,31
8,2,0.7657,0.159181810672102,1,0,0.978,0.146756729104793,0,0,6.24412808922109,0.645749261905703,17,31
9,1,0.7574,0.168147297074659,1.601,0.489937790988855,0.383,0.486361539955153,0.601,0.489937790988855,6.94292340374502,0.737830184578762,17,31
9,2,0.7599,0.164587603054055,1,0,0.953,0.211744742168102,0,0,6.96035484988496,0.722805117101526,17,31
10,1,0.7532,0.170994149019781,1.641,0.479947236005532,0.332,0.471166635064494,0.641,0.479947236005532,7.65048627863754,0.82020567430647,17,31
10,2,0.7577,0.168965260510139,1,0,0.915,0.279021240863223,0,0,7.67196408123514,0.802911869812014,17,31
11,1,0.7574,0.170159320033298,1.672,0.469719742651548,0.261,0.439399672362272,0.672,0.469719742651548,8.35433204560051,0.903958525115336,17,31
11,2,0.7551,0.175056089967286,1,0,0.788,0.408929362143663,0,0,8.38320245152722,0.882808916225906,17,31
12,1,0.758,0.166804747605768,1.694,0.461060274342278,0.267,0.44261372200476,0.694,0.461060274342278,9.06430061139575,0.988245939250003,17,31
12,2,0.7511,0.177229230659618,1,0,0.88,0.325124138915747,0,0,9.09811557504415,0.971171330264408,17,31
13,1,0.7574,0.170041624769214,1.726,0.446232140396815,0.274,0.446232140396815,0.686,0.464348597090181,9.7733991398066,1.05894394263016,17,31
13,2,0.7524,0.176196723253542,1,0,1,0,0,0,9.80436752157462,1.05986032397395,17,31
14,1,0.7605,0.171052649815807,1.76,0.427296831936047,0.24,0.427296831936047,0.688,0.463541660340115,10.4818774729358,1.12793745434845,17,31
14,2,0.7515,0.170313701024776,1,0,1,0,0,0,10.5058549492458,1.13056876624853,17,31
15,1,0.76,0.171082638713779,1.779,0.415128090270137,0.216,0.411720188372532,0.711,0.453524734369234,11.1949783825069,1.20110121691891,17,31
15,2,0.75,0.169613586627866,1,0,0.965,0.18387171834953,0,0,11.2063734873555,1.19494241562375,17,31
16,1,0.7555,0.167145707954729,1.805,0.396398955765693,0.133,0.339744648856206,0.728,0.4452125494797,11.9075586565148,1.27251207844558,17,31
16,2,0.7511,0.169669023624165,1,0,0.733,0.44261372200476,0,0,11.9070715988738,1.25866831789084,17,31
17,1,0.7562,0.169086221053491,1.818,0.386037595351832,0.086,0.28050433629925,0.743,0.437198058255228,12.6188695910559,1.34027836235572,17,31
17,2,0.7505,0.168665936686096,1,0,0.525,0.499624483612067,0,0,12.6203793358138,1.32218652844038,17,31
18,1,0.751,0.172536282470583,1.827,0.37843653921657,0.059,0.235742602375079,0.757,0.429109700583819,13.3324054876301,1.40868995389317,17,31
18,2,0.7492,0.167114593280441,1,0,0.396,0.489309128694145,0,0,13.3433990953015,1.38851680354342,17,31
19,1,0.7465,0.174120843290136,1.831,0.374939434548541,0.042,0.200689502157627,0.764,0.424834655465493,14.0413282136568,1.4786709691799,17,31
19,2,0.7484,0.172008799272093,1,0,0.349,0.476892468410255,0,0,14.0714872906886,1.45844035993234,17,31
20,1,0.7514,0.172417423040039,1.835,0.37136627864268,0.045,0.207407854282373,0.775,0.417791275099839,14.7461876405747,1.5464706021409,17,31
20,2,0.7457,0.173064905343231,1,0,0.384,0.486601254397048,0,0,14.8010497349051,1.52321861307029,17,31
21,1,0.7558,0.172557631347142,1.839,0.367714854492192,0.062,0.241276219744537,0.778,0.415799096787005,15.4551681895252,1.61353284902387,17,31
21,2,0.7506,0.170730163675868,1,0,0.388,0.487538402275855,0,0,15.5260981144272,1.58635032801808,17,31
22,1,0.7502,0.176383307234758,1.844,0.363036906933435,0.072,0.258617251711642,0.782,0.413093992508541,16.1674707075563,1.67878721734467,17,31
22,2,0.7463,0.170749715857642,1,0,0.437,0.496263314458441,0,0,16.2557641289751,1.63825801501337,17,31
23,1,0.7493,0.17581359566433,1.849,0.358228038164697,0.067,0.250147103868051,0.793,0.40535825551642,16.8734158407923,1.7397610350898,17,31
23,2,0.7513,0.173402359783189,1,0,0.394,0.488879333785959,0,0,16.9786220113395,1.6897050491304,17,31
24,1,0.755,0.175173301863285,1.852,0.355277669185979,0.057,0.231958627355839,0.799,0.400948574956639,17.578093136481,1.79567831810864,17,31
24,2,0.755,0.1768226972599,1,0,0.388,0.487538402275855,0,0,17.7085411809925,1.75184230271166,17,31
25,1,0.7478,0.169894155355692,1.859,0.34819569244929,0.07,0.255274685711618,0.816,0.387678080750375,18.2885858207123,1.85565382934863,17,31
25,2,0.7518,0.172587793735671,1,0,0.53,0.499348925451281,0,0,18.4423777697604,1.81795510798848,17,31
26,1,0.751,0.171079713199047,1.86,0.347160655202344,0.121,0.326290461805836,0.823,0.381859682104326,18.9903291795951,1.91569729683703,17,31
26,2,0.7474,0.172345417528123,1,0,0.863,0.344019402576874,0,0,19.1658666939932,1.88713653346451,17,31
27,1,0.7542,0.174335173596015,1.872,0.334256978577453,0.121,0.326290461805836,0.836,0.370460849809047,19.6923015851163,1.97409417881418,17,31
27,2,0.7442,0.169927146846039,1,0,0.907,0.290577761426155,0,0,19.8682879309757,1.94794890640089,17,31
28,1,0.7554,0.173438522021265,1.888,0.315524255098646,0.106,0.307991653878573,0.849,0.358228038164697,20.39674691734,2.03465147406587,17,31
28,2,0.7437,0.168845547228284,1,0,0.901,0.29881145943268,0,0,20.5652534868962,1.99493016960442,17,31
29,1,0.7564,0.169846659925616,1.896,0.305413289293831,0.096,0.294738648417324,0.863,0.344019402576874,21.1024181699402,2.09550626071877,17,31
29,2,0.7483,0.171249631930806,1,0,0.868,0.338660140392534,0,0,21.2619499055059,2.03546850705288,17,31
30,1,0.7472,0.171176696607516,1.909,0.287753022228789,0.08,0.271428947744476,0.876,0.32974646735444,21.8088165386602,2.14723913937732,17,31
30,2,0.7474,0.167216031531672,1,0,0.806,0.395626743939942,0,0,21.9648085548259,2.0784403351469,17,31
31,1,0.7539,0.172088362199204,1.92,0.271428947744476,0.057,0.231958627355839,0.894,0.307991653878573,22.5061213782125,2.19301818253074,17,31
31,2,0.7527,0.173905011293387,1,0,0.74,0.438853725736256,0,0,22.669790327842,2.1136026774724,17,31
32,1,0.7503,0.172654915133395,1.926,0.261901875885975,0.04,0.196057232558349,0.909,0.287753022228789,23.2102849745672,2.23641946575142,17,31
32,2,0.7546,0.170962183151912,1,0,0.505,0.50022517452166,0,0,23.3832749826322,2.14105732022968,17,31
33,1,0.7471,0.172282533273897,1.928,0.258617251711642,0.039,0.193691808077979,0.917,0.276020265899421,23.9108893372196,2.27826485842689,17,31
33,2,0.7478,0.172234795627436,1,0,0.475,0.499624483612067,0,0,24.1102946765932,2.16854462189557,17,31
34,1,0.7484,0.175008765689231,1.936,0.244875404979683,0.026,0.159214789983058,0.928,0.258617251711642,24.6078853357111,2.31990251823463,17,31
34,2,0.7477,0.174485400980011,1,0,0.436,0.496135213576047,0,0,24.8319591306297,2.19841873509064,17,31
35,1,0.7481,0.176996377696601,1.939,0.239450070654273,0.009,0.0944877131056093,0.933,0.250147103868051,25.3062068824483,2.37103385934046,17,31
35,2,0.7504,0.170613448909952,1,0,0.162,0.368635174517967,0,0,25.5553951385883,2.23265480754168,17,31
36,1,0.7427,0.175035274580147,1.94,0.237605674293474,0.005,0.0705689732104696,0.935,0.246649216167082,26.004757548814,2.41998122740681,17,31
36,2,0.7534,0.166782062153747,1,0,0.064,0.244875404979683,0,0,26.2951015004189,2.27802554051787,17,31
37,1,0.7433,0.17699275814687,1.94,0.237605674293474,0.003,0.054717401199198,0.938,0.241276219744537,26.6979574067608,2.46570468457893,17,31
37,2,0.7506,0.168843561168758,1,0,0.054,0.226130792098589,0,0,27.0426055013268,2.32973049817383,17,31
38,1,0.744,0.175370336017112,1.941,0.235742602375079,0.001,0.0316227766016838,0.941,0.235742602375079,27.3916359133805,2.51018347304537,17,31
38,2,0.7522,0.169835226039841,1,0,0.032,0.176088066055048,0,0,27.7877432465346,2.37971546968431,17,31
39,1,0.752,0.176938710595809,1.941,0.235742602375079,0.002,0.0446989708829856,0.941,0.235742602375079,28.0858925867136,2.55659450475633,17,31
39,2,0.7548,0.171307636450645,1,0,0.056,0.230036772966665,0,0,28.5354962369261,2.42432260373691,17,31
40,1,0.7544,0.176158087159437,1.943,0.231958627355839,0.001,0.0316227766016838,0.943,0.231958627355839,28.7879988882163,2.6101746956379,17,31
40,2,0.7558,0.17110124381674,1,0,0.029,0.167890402308134,0,0,29.2845690023797,2.46966657932416,17,31
41,1,0.7471,0.172862579731622,1.943,0.231958627355839,0,0,0.943,0.231958627355839,29.4923755973956,2.65811050348112,17,31
41,2,0.7549,0.173453383005567,1,0,0.014,0.117549214450024,0,0,30.0359074788636,2.50456241162716,17,31
42,1,0.7484,0.169487952864403,1.943,0.231958627355839,0.002,0.0446989708829856,0.943,0.231958627355839,30.1894615345312,2.69992775287858,17,31
42,2,0.7557,0.175836368332687,1,0,0.014,0.117549214450024,0,0,30.7870214352715,2.53711394760683,17,31
43,1,0.7526,0.169711643802192,1.944,0.230036772966665,0.001,0.0316227766016838,0.944,0.230036772966665,30.8876727333913,2.73868186380023,17,31
43,2,0.7458,0.173529457074217,1,0,0.004,0.0631505185092568,0,0,31.5388569271625,2.56602241595555,17,31
44,1,0.7545,0.1700254647359,1.944,0.230036772966665,0,0,0.944,0.230036772966665,31.5899960890058,2.77426092602806,17,31
44,2,0.7443,0.171221572317354,1,0,0.001,0.0316227766016838,0,0,32.2812575707383,2.60219670438951,17,31
45,1,0.7543,0.1697360312966,1.944,0.230036772966665,0,0,0.944,0.230036772966665,32.2941906507059,2.80998883106703,17,31
45,2,0.7524,0.17006811330512,1,0,0,0,0,0,33.0222399014965,2.64554286017924,17,31
46,1,0.7433,0.173046395671956,1.944,0.230036772966665,0,0,0.944,0.230036772966665,32.9981156909727,2.84060956618197,17,31
46,2,0.7471,0.167749008133371,1,0,0.002,0.0446989708829856,0,0,33.7712615395912,2.68183330396162,17,31
47,1,0.7414,0.176059754166127,1.944,0.230036772966665,0,0,0.944,0.230036772966665,33.6910208250522,2.86649473138496,17,31
47,2,0.7458,0.169502481076505,1,0,0.002,0.0446989708829856,0,0,34.5148330597139,2.71717788556178,17,31
48,1,0.7502,0.171199501369803,1.944,0.230036772966665,0,0,0.944,0.230036772966665,34.3819655781102,2.90163956364352,17,31
48,2,0.7475,0.170536895810944,1,0,0.001,0.0316227766016838,0,0,35.2570363186527,2.75554865244096,17,31
49,1,0.7481,0.17194753838295,1.944,0.230036772966665,0,0,0.944,0.230036772966665,35.0815990958047,2.927099917062,17,31
49,2,0.7529,0.173382962403033,1,0,0,0,0,0,36.0009069769753,2.78519789892017,17,31
50,1,0.7433,0.172524997826039,1.944,0.230036772966665,0,0,0.944,0.230036772966665,35.7790729154902,2.95798466065843,17,31
50,2,0.7556,0.174926382341942,1,0,0,0,0,0,36.7501266072238,2.81296553777666,17,31
51,1,0.7412,0.176504146449067,1.944,0.230036772966665,0,0,0.944,0.230036772966665,36.4717009290877,2.99361345943744,17,31
51,2,0.7553,0.170355307903602,1,0,0,0,0,0,37.5019578485314,2.83875447843038,17,31
52,1,0.7409,0.175977720630079,1.944,0.230036772966665,0,0,0.944,0.230036772966665,37.1621703631524,3.03002515625292,17,31
52,2,0.7586,0.171800918378091,1,0,0,0,0,0,38.2534154328962,2.86705560478016,17,31
53,1,0.7427,0.174978076704847,1.944,0.230036772966665,0,0,0.944,0.230036772966665,37.8522723063024,3.06523505477444,17,31
53,2,0.752,0.173164621057495,1,0,0,0,0,0,39.0080807551876,2.89027321867303,17,31
54,1,0.7457,0.173469310258621,1.944,0.230036772966665,0,0,0.944,0.230036772966665,38.54409572402,3.09276868071145,17,31
54,2,0.7406,0.171175176182006,1,0,0,0,0,0,39.7561055001533,2.91173840683303,17,31
55,1,0.7456,0.174502409986484,1.944,0.230036772966665,0,0,0.944,0.230036772966665,39.2388338022515,3.12450322361648,17,31
55,2,0.7404,0.178940939585831,1,0,0,0,0,0,40.4927168397928,2.93791980090467,17,31
56,1,0.7536,0.171337084124822,1.944,0.230036772966665,0,0,0.944,0.230036772966665,39.9334029551927,3.15864416064516,17,31
56,2,0.7391,0.181532763280197,1,0,0,0,0,0,41.2290556153337,2.96276262572861,17,31
57,1,0.75,0.169495512414721,1.944,0.230036772966665,0,0,0.944,0.230036772966665,40.6358579741973,3.18862847325166,17,31
57,2,0.7376,0.178768560429954,1,0,0,0,0,0,41.9640280170129,2.99170887475681,17,31
58,1,0.75,0.173233974756715,1.944,0.230036772966665,0,0,0.944,0.230036772966665,41.3346632103491,3.22002247093586,17,31
58,2,0.7296,0.180544832206398,1,0,0,0,0,0,42.6974354475559,3.02239744044904,17,31
59,1,0.7477,0.171008637074137,1.944,0.230036772966665,0,0,0.944,0.230036772966665,42.0333985659772,3.25387907848243,17,31
59,2,0.7304,0.17946600805737,1,0,0,0,0,0,43.4228158053623,3.05956661289798,17,31
60,1,0.7454,0.175012769446888,1.944,0.230036772966665,0,0,0.944,0.230036772966665,42.7297775787915,3.29021092042841,17,31
60,2,0.7383,0.18170340152602,1,0,0,0,0,0,44.1489189187949,3.10374770000126,17,31
61,1,0.7487,0.172243949031535,1.944,0.230036772966665,0,0,0.944,0.230036772966665,43.4238007130731,3.32586395938554,17,31
61,2,0.7362,0.177654499298839,1,0,0,0,0,0,44.8828021614762,3.15107665216108,17,31
62,1,0.7474,0.174251552657655,1.944,0.230036772966665,0,0,0.944,0.230036772966665,44.1210343753127,3.35653103235446,17,31
62,2,0.7369,0.175211555238486,1,0,0,0,0,0,45.6145247874788,3.19594572330621,17,31
63,1,0.7421,0.169192837366764,1.944,0.230036772966665,0,0,0.944,0.230036772966665,44.8169063496522,3.37933210053703,17,31
63,2,0.7346,0.174738013532755,1,0,0,0,0,0,46.3468699144293,3.23211936945763,17,31
64,1,0.7485,0.168362989092306,1.944,0.230036772966665,0,0,0.944,0.230036772966665,45.5074420234954,3.40763538824655,17,31
64,2,0.7351,0.17415027510262,1,0,0,0,0,0,47.0768562520393,3.26473635627014,17,31
65,1,0.7524,0.16947850295233,1.944,0.230036772966665,0,0,0.944,0.230036772966665,46.2042678125289,3.43502743636584,17,31
65,2,0.7355,0.176807836395933,1,0,0,0,0,0,47.8072664010747,3.29097322396353,17,31
66,1,0.7524,0.1697145928995,1.944,0.230036772966665,0,0,0.944,0.230036772966665,46.9048986499334,3.46275444120054,17,31
66,2,0.7388,0.177837527496831,1,0,0,0,0,0,48.5380009173978,3.31639149874881,17,31
67,1,0.754,0.174167546731113,1.944,0.230036772966665,0,0,0.944,0.230036772966665,47.6054594242543,3.49170799892977,17,31
67,2,0.7351,0.177339898047336,1,0,0,0,0,0,49.2719406509035,3.34013570202161,17,31
68,1,0.7499,0.172190707181426,1.944,0.230036772966665,0,0,0.944,0.230036772966665,48.3075394577971,3.51284327313165,17,31
68,2,0.7355,0.17607030059255,1,0,0,0,0,0,50.0021316988058,3.36811194133786,17,31
69,1,0.755,0.174256607809762,1.944,0.230036772966665,0,0,0.944,0.230036772966665,49.0054770701437,3.53193049331932,17,31
69,2,0.7356,0.177944666411512,1,0,0,0,0,0,50.7326470166953,3.39604686793767,17,31
70,1,0.7556,0.175668720891055,1.944,0.230036772966665,0,0,0.944,0.230036772966665,49.7084098181084,3.55185060168918,17,31
70,2,0.7411,0.17824859764543,1,0,0,0,0,0,51.4631885953938,3.42261868252635,17,31
71,1,0.7457,0.174676907523639,1.944,0.230036772966665,0,0,0.944,0.230036772966665,50.4118680872554,3.57063135222692,17,31
71,2,0.7401,0.175136126092427,1,0,0,0,0,0,52.1991187524589,3.44949926710641,17,31
72,1,0.744,0.174512046731607,1.944,0.230036772966665,0,0,0.944,0.230036772966665,51.1054260551254,3.58902277794948,17,31
72,2,0.7381,0.174782547581098,1,0,0,0,0,0,52.9339823917152,3.47079224105273,17,31
73,1,0.7449,0.171532543307133,1.944,0.230036772966665,0,0,0.944,0.230036772966665,51.7972268638479,3.60950314636951,17,31
73,2,0.7336,0.175618569296877,1,0,0,0,0,0,53.6667868936068,3.49257443732284,17,31
74,1,0.7506,0.173059497253371,1.944,0.230036772966665,0,0,0.944,0.230036772966665,52.4898519460856,3.63637731283415,17,31
74,2,0.7369,0.177256339265511,1,0,0,0,0,0,54.3950508470676,3.52179593316055,17,31
75,1,0.7466,0.171807910056429,1.944,0.230036772966665,0,0,0.944,0.230036772966665,53.1880657394032,3.6566958246688,17,31
75,2,0.74,0.179366028478562,1,0,0,0,0,0,55.1265176430524,3.55181259559087,17,31
76,1,0.7466,0.171982609638353,1.944,0.230036772966665,0,0,0.944,0.230036772966665,53.8822396006111,3.67631044306868,17,31
76,2,0.7354,0.173311502436731,1,0,0,0,0,0,55.8609881281737,3.57765583166792,17,31
77,1,0.7438,0.172020786973991,1.944,0.230036772966665,0,0,0.944,0.230036772966665,54.5763440444329,3.69608894118041,17,31
77,2,0.7346,0.175595198321804,1,0,0,0,0,0,56.5908199954693,3.61051390837764,17,31
78,1,0.7414,0.171158801512909,1.944,0.230036772966665,0,0,0.944,0.230036772966665,55.2676005560867,3.72053500034404,17,31
78,2,0.7278,0.180941703042444,1,0,0,0,0,0,57.3197850162286,3.64429034596187,17,31
79,1,0.7458,0.172719982029272,1.944,0.230036772966665,0,0,0.944,0.230036772966665,55.9564065901996,3.74263628693831,17,31
79,2,0.722,0.1860392716891,1,0,0,0,0,0,58.0419299767982,3.6765000196423,17,31
80,1,0.7556,0.171166404232659,1.944,0.230036772966665,0,0,0.944,0.230036772966665,56.6495091189259,3.76526153239458,17,31
80,2,0.7189,0.186728834564075,1,0,0,0,0,0,58.7582483646314,3.70896616517283,17,31
81,1,0.751,0.171722125797722,1.944,0.230036772966665,0,0,0.944,0.230036772966665,57.3522642462756,3.79053405385698,17,31
81,2,0.7198,0.18155142775787,1,0,0,0,0,0,59.4714198229201,3.73817323256723,17,31
82,1,0.7414,0.173135831115388,1.944,0.230036772966665,0,0,0.944,0.230036772966665,58.0503862094643,3.82015502865849,17,31
82,2,0.7207,0.18437870133371,1,0,0,0,0,0,60.1854127031464,3.774655269327,17,31
83,1,0.743,0.178893831651634,1.944,0.230036772966665,0,0,0,0,58.7389167624892,3.85314299286434,17,31
83,2,0.724,0.186329597001439,1,0,0,0,0,0,60.900226833894,3.80655647622268,17,31
84,1,0.7406,0.179063406936492,1.944,0.230036772966665,0,0,0,0,59.4757750786479,3.88456880825059,17,31
84,2,0.7146,0.183686092507246,1,0,0,0,0,0,61.618242205225,3.84449754800582,17,31
0,1,1,0,1,0,1,0,0,0,0,0,18,31
0,2,1,0,1,0,1,0,0,0,0,0,18,31
1,1,0.882,0.107552626967302,1.095,0.293361655744341,0.905,0.293361655744341,0.095,0.293361655744341,0.95,0,18,31
1,2,0.8848,0.110095781395479,1,0,1,0,0,0,0.95,0,18,31
2,1,0.8421,0.131662162085107,1.185,0.388491860823269,0.815,0.388491860823269,0.185,0.388491860823269,1.7819168,0.107541871704605,18,31
2,2,0.8355,0.134639807924246,1,0,1,0,0,0,1.78471652,0.110084771817339,18,31
3,1,0.8136,0.143162619197665,1.257,0.437198058255228,0.743,0.437198058255228,0.257,0.437198058255228,2.573858387921,0.198988293375022,18,31
3,2,0.8077,0.146602190304928,1,0,1,0,0,0,2.570059427855,0.207623446741938,18,31
4,1,0.7926,0.14929007846313,1.345,0.475606140836303,0.655,0.475606140836303,0.345,0.475606140836303,3.33722933082824,0.291954299314448,18,31
4,2,0.7941,0.151387278554402,1,0,1,0,0,0,3.32753214058524,0.30771755786514,18,31
5,1,0.7738,0.156390594403941,1.413,0.492619197427053,0.587,0.492619197427053,0.413,0.492619197427053,4.07953233538127,0.388227245481267,18,31
5,2,0.7856,0.154843845911346,1,0,1,0,0,0,4.07133454522827,0.403604235319386,18,31
6,1,0.7648,0.163669629888223,1.484,0.499993993957921,0.516,0.499993993957921,0.484,0.499993993957921,4.80297050775403,0.477798299416857,18,31
6,2,0.7759,0.156056219176115,1,0,1,0,0,0,4.80656681878091,0.490362046028089,18,31
7,1,0.7623,0.16509380959311,1.538,0.49880337288836,0.462,0.49880337288836,0.538,0.49880337288836,5.51734173495973,0.568590500277577,18,31
7,2,0.7686,0.159246348150905,1,0,1,0,0,0,5.53203138765139,0.572214534059494,18,31
8,1,0.7524,0.163526698067872,1.588,0.492441365543654,0.405,0.491137675419242,0.588,0.492441365543654,6.22914327451781,0.657109472266939,18,31
8,2,0.7656,0.164632146750699,1,0,0.983,0.129335717138491,0,0,6.25012851853224,0.654820193446814,18,31
9,1,0.7529,0.168285204073055,1.632,0.48250265160806,0.35,0.477208264521611,0.632,0.48250265160806,6.93133127124846,0.739822221568613,18,31
9,2,0.7642,0.165244260613389,1,0,0.947,0.224145580463326,0,0,6.96600555909813,0.736688923771905,18,31
10,1,0.7544,0.172308822555116,1.67,0.470448000656099,0.304,0.460212772308414,0.67,0.470448000656099,7.63449810455735,0.821341614190505,18,31
10,2,0.7595,0.167325275280657,1,0,0.915,0.279021240863223,0,0,7.68221065210392,0.816745737990278,18,31
11,1,0.756,0.172898507494697,1.699,0.458922226101122,0.229,0.42039949540376,0.699,0.458922226101122,8.33949272203768,0.905416652334084,18,31
11,2,0.7524,0.16529235179391,1,0,0.817,0.386860001370859,0,0,8.39524722320579,0.897579727825571,18,31
12,1,0.7532,0.174757833301687,1.72,0.449223554371097,0.248,0.432067914433232,0.72,0.449223554371097,9.04831255220062,0.991201862191569,18,31
12,2,0.7499,0.169613557119585,1,0,0.884,0.320385153598987,0,0,9.1060149094409,0.981039634604296,18,31
13,1,0.7462,0.170454142262999,1.747,0.434948479914783,0.253,0.434948479914783,0.706,0.455819889618445,9.7522672572136,1.07258677612222,18,31
13,2,0.75,0.169849488809501,1,0,1,0,0,0,9.81086853504769,1.06188799639956,18,31
14,1,0.7528,0.171993435170479,1.772,0.419752536850216,0.228,0.419752536850216,0.71,0.453989103510322,10.4496100766489,1.15076038482224,18,31
14,2,0.757,0.176414631258641,1,0,1,0,0,0,10.5099590808475,1.13576154778069,18,31
15,1,0.7521,0.172468360389189,1.784,0.411720188372532,0.212,0.408929362143663,0.726,0.446232140396815,11.1545224587611,1.22857352167502,18,31
15,2,0.7472,0.176588061157439,1,0,0.958,0.200689502157627,0,0,11.2159699239603,1.20784149756426,18,31
16,1,0.7508,0.170142023933854,1.802,0.398691553653893,0.149,0.356266650033266,0.736,0.441019839121211,11.8586653989003,1.2987336315663,18,31
16,2,0.7453,0.175124465962294,1,0,0.738,0.439942666207257,0,0,11.9142217079072,1.27910780243647,18,31
17,1,0.7531,0.173148405624685,1.82,0.384379692163553,0.093,0.290577761426155,0.75,0.433229370758364,12.5640857663648,1.3629166439716,18,31
17,2,0.7457,0.173527005453392,1,0,0.52,0.499849827298009,0,0,12.6214891175906,1.35756282482261,18,31
18,1,0.7573,0.173945298777998,1.83,0.375820756799357,0.064,0.244875404979683,0.763,0.425455064621415,13.2738281177735,1.42899919376618,18,31
18,2,0.7467,0.175099314018559,1,0,0.396,0.489309128694145,0,0,13.3399666058934,1.43704218947813,18,31
19,1,0.7542,0.167840789233519,1.836,0.370460849809047,0.049,0.215976030257169,0.774,0.418448442581758,13.988490502593,1.49284864546607,18,31
19,2,0.7497,0.171374675139821,1,0,0.326,0.468981816218864,0,0,14.0655592974574,1.51368080860137,18,31
20,1,0.7546,0.167651265867416,1.84,0.366789496216201,0.057,0.231958627355839,0.779,0.415128090270137,14.7001869262178,1.5527235304966,18,31
20,2,0.7451,0.17603118183145,1,0,0.395,0.489095301770743,0,0,14.7975670908611,1.58849798359763,18,31
21,1,0.7464,0.166176576732868,1.848,0.359200535947575,0.059,0.235742602375079,0.791,0.406797842281009,15.4115626797256,1.61087407077761,18,31
21,2,0.7456,0.174042899685483,1,0,0.399,0.489937790988855,0,0,15.5214677681995,1.65725096800818,18,31
22,1,0.7454,0.171663357500395,1.853,0.354283102217022,0.069,0.253580960056751,0.797,0.402433787041984,16.1139859669798,1.66443124670799,18,31
22,2,0.75,0.179310212068784,1,0,0.407,0.491520693961701,0,0,16.2455954260998,1.71724812892178,18,31
23,1,0.7441,0.171214790554159,1.86,0.347160655202344,0.054,0.226130792098589,0.807,0.394850486775573,16.8145429677501,1.71350925834693,18,31
23,2,0.7466,0.180113522204417,1,0,0.416,0.493140129362017,0,0,16.9736418804682,1.78026588032291,18,31
24,1,0.7454,0.174497247225534,1.866,0.340822769427396,0.052,0.222138122224316,0.821,0.383544138406659,17.5139823251656,1.76182495614549,18,31
24,2,0.7521,0.181572460903515,1,0,0.435,0.496005061487301,0,0,17.6977743754575,1.84507323457412,18,31
25,1,0.7474,0.172112936361166,1.873,0.333139583331045,0.07,0.255274685711618,0.836,0.370460849809047,18.214050060576,1.81274472902102,18,31
25,2,0.752,0.174202027388737,1,0,0.534,0.499092269117739,0,0,18.426373549746,1.91255104338974,18,31
26,1,0.7577,0.177798544207545,1.876,0.32974646735444,0.109,0.311795151046671,0.847,0.360167628640777,18.9143969152621,1.85778972507695,18,31
26,2,0.7523,0.172987382877002,1,0,0.848,0.359200535947575,0,0,19.1498624739787,1.97068456975766,18,31
27,1,0.7511,0.176152830859512,1.89,0.313046319253234,0.103,0.304110972316823,0.857,0.350248017372938,19.6224534805924,1.90244495526631,18,31
27,2,0.7543,0.173872774584584,1,0,0.877,0.328601550481703,0,0,19.8579190393091,2.01356358891722,18,31
28,1,0.7557,0.178379733516253,1.902,0.297463417052391,0.089,0.284886223184204,0.871,0.33536766610911,20.3236575764181,1.94689969396816,18,31
28,2,0.7507,0.176892059744921,1,0,0.873,0.333139583331045,0,0,20.5664533159117,2.05427976425811,18,31
29,1,0.7574,0.171039453034949,1.914,0.28050433629925,0.077,0.266724843503829,0.88,0.325124138915747,21.0293786892071,1.99819102616546,18,31
29,2,0.7497,0.175130181809363,1,0,0.848,0.359200535947575,0,0,21.2715262462459,2.09524443541836,18,31
30,1,0.7574,0.170922363821866,1.919,0.272971634998059,0.067,0.250147103868051,0.887,0.316751213622507,21.7368738723891,2.04028938292221,18,31
30,2,0.7493,0.173982124885805,1,0,0.812,0.390907672998125,0,0,21.9767779453011,2.12961740017586,18,31
31,1,0.7521,0.169718574099579,1.921,0.269873733126868,0.057,0.231958627355839,0.892,0.310535718448671,22.4444478567047,2.08098279107761,18,31
31,2,0.7428,0.175610361308776,1,0,0.751,0.432650189166937,0,0,22.6833549252707,2.1616202237825,18,31
32,1,0.7516,0.170254005610518,1.93,0.255274685711618,0.033,0.178725887724591,0.905,0.293361655744341,23.146916715162,2.12523211491329,18,31
32,2,0.7419,0.174828358554769,1,0,0.508,0.500186151533793,0,0,23.3864219265153,2.19526180929005,18,31
33,1,0.7455,0.173925271309261,1.934,0.248406331855099,0.033,0.178725887724591,0.919,0.272971634998059,23.8493651669812,2.17044020723684,18,31
33,2,0.7453,0.175752094720941,1,0,0.48,0.499849827298009,0,0,24.1006326768041,2.23491053585129,18,31
34,1,0.7474,0.172461540590889,1.937,0.243084532807191,0.032,0.176088066055048,0.927,0.260266668512775,24.5449657780883,2.21531298173779,18,31
34,2,0.742,0.17784158014263,1,0,0.449,0.497641082153239,0,0,24.8195561913356,2.27374683187338,18,31
35,1,0.7494,0.177062110545963,1.941,0.235742602375079,0.005,0.0705689732104696,0.937,0.243084532807191,25.2420415678206,2.25258597624925,18,31
35,2,0.7479,0.177220193536168,1,0,0.158,0.364923511395428,0,0,25.5366637537087,2.30802712871523,18,31
36,1,0.7465,0.170871141352034,1.941,0.235742602375079,0.004,0.0631505185092568,0.937,0.243084532807191,25.9418876919127,2.29437209107474,18,31
36,2,0.7406,0.175277957434363,1,0,0.081,0.272971634998059,0,0,26.2740781518692,2.35256323611535,18,31
37,1,0.7532,0.168814271488693,1.941,0.235742602375079,0.005,0.0705689732104696,0.938,0.241276219744537,26.6388240734577,2.3313299099556,18,31
37,2,0.7441,0.172322038302954,1,0,0.049,0.215976030257169,0,0,27.0079812068796,2.39481977755431,18,31
38,1,0.7529,0.17053055641342,1.941,0.235742602375079,0.001,0.0316227766016838,0.941,0.235742602375079,27.3422663852694,2.37109180349454,18,31
38,2,0.7431,0.173616049179022,1,0,0.035,0.18387171834953,0,0,27.7468920355109,2.43357763156285,18,31
39,1,0.7549,0.17054346975207,1.941,0.235742602375079,0.004,0.0631505185092568,0.941,0.235742602375079,28.0453893010944,2.40849218484253,18,31
39,2,0.752,0.174202027388737,1,0,0.058,0.233860408557521,0,0,28.4854301109528,2.47220161126378,18,31
40,1,0.7526,0.168052020164833,1.941,0.235742602375079,0.002,0.0446989708829856,0.941,0.235742602375079,28.7502847033195,2.44478932789329,18,31
40,2,0.7565,0.168125001162873,1,0,0.026,0.159214789983058,0,0,29.2316141649439,2.50799883949599,18,31
41,1,0.7527,0.167094675650155,1.941,0.235742602375079,0.001,0.0316227766016838,0.941,0.235742602375079,29.4529183988661,2.47474495878729,18,31
41,2,0.7543,0.165677273513777,1,0,0.02,0.140070052543788,0,0,29.9837992480495,2.54887868598899,18,31
42,1,0.7545,0.173233252465454,1.941,0.235742602375079,0,0,0.941,0.235742602375079,30.1556312172716,2.50380384940546,18,31
42,2,0.7501,0.168250700736426,1,0,0.009,0.0944877131056093,0,0,30.7340168870869,2.58768737129592,18,31
43,1,0.7525,0.175341080453197,1.941,0.235742602375079,0,0,0.941,0.235742602375079,30.8601160103025,2.53581985528404,18,31
43,2,0.7508,0.176040763320176,1,0,0.002,0.0446989708829856,0,0,31.4805248029758,2.62472013137808,18,31
44,1,0.7568,0.165774670083343,1.941,0.235742602375079,0,0,0.941,0.235742602375079,31.5625389368187,2.57502558003843,18,31
44,2,0.7475,0.174826526346302,1,0,0.001,0.0316227766016838,0,0,32.2280035625417,2.66385471640593,18,31
45,1,0.7604,0.170002178635277,1.941,0.235742602375079,0,0,0.941,0.235742602375079,32.2691727416634,2.61509094422592,18,31
45,2,0.7511,0.175754600735456,1,0,0.001,0.0316227766016838,0,0,32.9721718435296,2.70003081964148,18,31
46,1,0.7582,0.172285932224435,1.941,0.235742602375079,0,0,0.941,0.235742602375079,32.9793197187166,2.64801705589458,18,31
46,2,0.749,0.175413140242599,1,0,0.005,0.0705689732104696,0,0,33.7198495432784,2.74020618673037,18,31
47,1,0.7652,0.171401103667212,1.941,0.235742602375079,0,0,0.941,0.235742602375079,33.6872057783354,2.68439979061895,18,31
47,2,0.7494,0.175243688475078,1,0,0,0,0,0,34.4651630314871,2.77426284615606,18,31
48,1,0.7612,0.169597533364502,1.941,0.235742602375079,0,0,0.941,0.235742602375079,34.4019882249049,2.72272438356044,18,31
48,2,0.748,0.175461639074719,1,0,0.001,0.0316227766016838,0,0,35.2110489403629,2.80691302457059,18,31
49,1,0.76,0.174270968237312,1.941,0.235742602375079,0,0,0.941,0.235742602375079,35.1127183481789,2.7583868894697,18,31
49,2,0.7493,0.175471650987561,1,0,0,0,0,0,35.9554172043169,2.84280449806835,18,31
50,1,0.7547,0.17409255646988,1.941,0.235742602375079,0,0,0.941,0.235742602375079,35.8221832643506,2.79542514172925,18,31
50,2,0.7483,0.175179330395449,1,0,0,0,0,0,36.7010544322956,2.87274675098774,18,31
51,1,0.7561,0.173357557789797,1.941,0.235742602375079,0,0,0.941,0.235742602375079,36.5263036692094,2.83676948502902,18,31
51,2,0.7507,0.180144280958242,1,0,0,0,0,0,37.4456220843212,2.90029646352193,18,31
52,1,0.7519,0.16704578502403,1.941,0.235742602375079,0,0,0.941,0.235742602375079,37.2317465398487,2.87453098571232,18,31
52,2,0.7542,0.176730284879512,1,0,0,0,0,0,38.1925030701316,2.93202548855353,18,31
53,1,0.7497,0.168071883901378,1.941,0.235742602375079,0,0,0.941,0.235742602375079,37.9329406506015,2.90849858032198,18,31
53,2,0.7503,0.175586846719055,1,0,0,0,0,0,38.9427912141762,2.96569847162644,18,31
54,1,0.7483,0.169013832793874,1.941,0.235742602375079,0,0,0.941,0.235742602375079,38.6318762716788,2.94134806083138,18,31
54,2,0.7533,0.176692756870027,1,0,0,0,0,0,39.6891249457556,2.99280054558553,18,31
55,1,0.7545,0.171840854511607,1.941,0.235742602375079,0,0,0.941,0.235742602375079,39.3293495391947,2.97141382255733,18,31
55,2,0.7593,0.169239924817261,1,0,0,0,0,0,40.4383678868176,3.02847525370464,18,31
56,1,0.7573,0.169633385527394,1.941,0.235742602375079,0,0,0.941,0.235742602375079,40.0329190512913,3.00182910738053,18,31
56,2,0.7597,0.171216895268035,1,0,0,0,0,0,41.1935029925282,3.06005099329772,18,31
57,1,0.7623,0.171808696602437,1.941,0.235742602375079,0,0,0.941,0.235742602375079,40.7392025694793,3.03365688618392,18,31
57,2,0.7569,0.173558383584638,1,0,0,0,0,0,41.9489603508772,3.08899318271573,18,31
58,1,0.7599,0.165799515920522,1.941,0.235742602375079,0,0,0.941,0.235742602375079,41.4503870389693,3.06647429695232,18,31
58,2,0.7482,0.17130705212018,1,0,0,0,0,0,42.7015580788842,3.11922545230096,18,31
59,1,0.7604,0.173094776933915,1.941,0.235742602375079,0,0,0.941,0.235742602375079,42.1591142704143,3.09748183752207,18,31
59,2,0.7469,0.173552615971383,1,0,0,0,0,0,43.4454308635754,3.15123648482903,18,31
60,1,0.7559,0.173768194401005,1.941,0.235742602375079,0,0,0.941,0.235742602375079,42.8682676876749,3.12884353799474,18,31
60,2,0.7463,0.171276518080108,1,0,0,0,0,0,44.1879369087874,3.17806180465155,18,31
61,1,0.7442,0.173944291704605,1.941,0.235742602375079,0,0,0.941,0.235742602375079,43.5728771100976,3.16225824484826,18,31
61,2,0.7507,0.172885509512508,1,0,0,0,0,0,44.9297722927954,3.20390603195779,18,31
62,1,0.7534,0.177256480445314,1.941,0.235742602375079,0,0,0.941,0.235742602375079,44.2657872278885,3.19119361280833,18,31
62,2,0.7494,0.173867391623242,1,0,0,0,0,0,45.6759067336268,3.22929739633725,18,31
63,1,0.7474,0.168824588676359,1.941,0.235742602375079,0,0,0.941,0.235742602375079,44.9677711882922,3.22720788557478,18,31
63,2,0.7484,0.172415681326169,1,0,0,0,0,0,46.4206745964802,3.25134479468288,18,31
64,1,0.7496,0.174843960177097,1.941,0.235742602375079,0,0,0.941,0.235742602375079,45.6637226333578,3.25946059921636,18,31
64,2,0.7474,0.172461540590889,1,0,0,0,0,0,47.1643742630571,3.27658827070713,18,31
65,1,0.7476,0.175056804737448,1.941,0.235742602375079,0,0,0.941,0.235742602375079,46.3617904475393,3.2888396411061,18,31
65,2,0.746,0.17370715061325,1,0,0,0,0,0,47.9070059395488,3.30817470655218,18,31
66,1,0.7435,0.17455147727309,1.941,0.235742602375079,0,0,0.941,0.235742602375079,47.0578014134267,3.31830387503029,18,31
66,2,0.7394,0.17452248593834,1,0,0,0,0,0,48.648172423814,3.34116937435525,18,31
67,1,0.7461,0.17197198715013,1.941,0.235742602375079,0,0,0.941,0.235742602375079,47.7496697504597,3.35405476181404,18,31
67,2,0.7442,0.175833094943123,1,0,0,0,0,0,49.3827082101623,3.37415759991265,18,31
68,1,0.7501,0.174041030450524,1.941,0.235742602375079,0,0,0.941,0.235742602375079,48.4440515380208,3.38686022424827,18,31
68,2,0.7476,0.172812337823733,1,0,0,0,0,0,50.1219384888303,3.39943576114246,18,31
69,1,0.7593,0.171822679041601,1.941,0.235742602375079,0,0,0.941,0.235742602375079,49.1423367783229,3.42881643551282,18,31
69,2,0.7457,0.169912861138821,1,0,0,0,0,0,50.8644718017524,3.43008651433257,18,31
70,1,0.748,0.172933241182561,1.941,0.235742602375079,0,0,0.941,0.235742602375079,49.8496889254518,3.46627766525617,18,31
70,2,0.7479,0.174373151591625,1,0,0,0,0,0,51.6050439268686,3.45525496095578,18,31
71,1,0.7482,0.17223944503634,1.941,0.235742602375079,0,0,0.941,0.235742602375079,50.5457491650885,3.50247038148153,18,31
71,2,0.7403,0.171158421368057,1,0,0,0,0,0,52.347726647782,3.47931729497804,18,31
72,1,0.7498,0.17108252169415,1.941,0.235742602375079,0,0,0.941,0.235742602375079,51.2419383836598,3.53551938011873,18,31
72,2,0.7422,0.175413596764703,1,0,0,0,0,0,53.082788871997,3.50465551731431,18,31
73,1,0.7518,0.171248609004821,1.941,0.235742602375079,0,0,0.941,0.235742602375079,51.93964650411,3.5676799816798,18,31
73,2,0.7365,0.169429798018107,1,0,0,0,0,0,53.8196639584405,3.52732662046799,18,31
74,1,0.7545,0.175015371840248,1.941,0.235742602375079,0,0,0.941,0.235742602375079,52.6392703061839,3.60078470506513,18,31
74,2,0.7392,0.174624894713938,1,0,0,0,0,0,54.5508068179332,3.54757750562263,18,31
75,1,0.7521,0.174028376639776,1.941,0.235742602375079,0,0,0.941,0.235742602375079,53.34150423863,3.63158497176684,18,31
75,2,0.7389,0.172645870488108,1,0,0,0,0,0,55.2845566558922,3.57307963966517,18,31
76,1,0.7472,0.17378826877083,1.941,0.235742602375079,0,0,0.941,0.235742602375079,54.0412858812445,3.66025008014278,18,31
76,2,0.7457,0.174562258183096,1,0,0,0,0,0,56.0179353605627,3.59822186344649,18,31
77,1,0.7493,0.177963988439182,1.941,0.235742602375079,0,0,0.941,0.235742602375079,54.7361346463887,3.68935827173453,18,31
77,2,0.7495,0.173810126172096,1,0,0,0,0,0,56.7579892406855,3.62383907926509,18,31
78,1,0.7517,0.176318456771259,1.941,0.235742602375079,0,0,0.941,0.235742602375079,55.432997817949,3.71665000392573,18,31
78,2,0.7513,0.171894903524967,1,0,0,0,0,0,57.5017399663308,3.65174127790569,18,31
79,1,0.756,0.176961338476277,1.941,0.235742602375079,0,0,0.941,0.235742602375079,56.1321726550819,3.74237857693534,18,31
79,2,0.7465,0.173198578942634,1,0,0,0,0,0,58.247202330821,3.67405636334572,18,31
80,1,0.7518,0.17368628882824,1.941,0.235742602375079,0,0,0.941,0.235742602375079,56.8355437368747,3.76881571537653,18,31
80,2,0.7505,0.174155333194479,1,0,0,0,0,0,58.9878279215655,3.68908377554757,18,31
81,1,0.7479,0.174430547829261,1.941,0.235742602375079,0,0,0.941,0.235742602375079,57.5346779491838,3.7984254907577,18,31
81,2,0.7516,0.172183295029126,1,0,0,0,0,0,59.7323475758229,3.70498505928307,18,31
82,1,0.7467,0.175783986784946,1.941,0.235742602375079,0,0,0.941,0.235742602375079,58.2298737120437,3.82558599897289,18,31
82,2,0.7582,0.172227821278742,1,0,0,0,0,0,60.4778839036613,3.72201818044554,18,31
83,1,0.7499,0.178639026816376,1.941,0.235742602375079,0,0,0,0,58.9238097555813,3.85479838733267,18,31
83,2,0.7569,0.172691088977435,1,0,0,0,0,0,61.2298917764695,3.7409134752708,18,31
84,1,0.7534,0.176180247131963,1.941,0.235742602375079,0,0,0,0,59.6675110359144,3.87991498696911,18,31
84,2,0.7535,0.170812549090888,1,0,0,0,0,0,61.9805351943706,3.75879428754306,18,31
0,1,1,0,1,0,1,0,0,0,0,0,19,31
0,2,1,0,1,0,1,0,0,0,0,0,19,31
1,1,0.8731,0.109262657519979,1.103,0.304110972316823,0.897,0.304110972316823,0.103,0.304110972316823,0.95,0,19,31
1,2,0.8779,0.108412837539395,1,0,1,0,0,0,0.95,0,19,31
2,1,0.8174,0.132570037394635,1.19,0.392497202606661,0.81,0.392497202606661,0.19,0.392497202606661,1.77301769,0.109251731254228,19,31
2,2,0.8189,0.132326491302008,1,0,1,0,0,0,1.77781721,0.108401996255641,19,31
3,1,0.7898,0.146004374171726,1.27,0.444181603960922,0.73,0.444181603960922,0.27,0.444181603960922,2.540264217674,0.201562983040619,19,31
3,2,0.7885,0.141837469900826,1,0,1,0,0,0,2.546563437689,0.203120839783408,19,31
4,1,0.7701,0.158370044740383,1.345,0.475606140836303,0.655,0.475606140836303,0.345,0.475606140836303,3.27984229986726,0.298215537950464,19,31
4,2,0.7624,0.156750792058001,1,0,1,0,0,0,3.28484190984326,0.292545690413597,19,31
5,1,0.7577,0.163791139984852,1.408,0.491709037722287,0.592,0.491709037722287,0.408,0.491709037722287,3.99965430307038,0.397707270175615,19,31
5,2,0.7482,0.163166734916721,1,0,1,0,0,0,3.99695699258441,0.39225507693325,19,31
6,1,0.7501,0.164277134674844,1.474,0.499573391578829,0.526,0.499573391578829,0.474,0.499573391578829,4.7070005238333,0.498284034417013,19,31
6,2,0.7346,0.163736525093363,1,0,1,0,0,0,4.69480796239743,0.4933088639328,19,31
7,1,0.7374,0.169321912078472,1.531,0.49928778103243,0.469,0.49928778103243,0.531,0.49928778103243,5.4066805688343,0.595995132692002,19,31
7,2,0.7186,0.168411408171782,1,0,1,0,0,0,5.37899730507374,0.587941138050687,19,31
8,1,0.7304,0.17241103666983,1.583,0.493309592805932,0.409,0.491895274383645,0.583,0.493309592805932,6.09359953316425,0.686681076781046,19,31
8,2,0.7051,0.173476465504933,1,0,0.991,0.0944877131056093,0,0,6.04712942545634,0.682764321407957,19,31
9,1,0.7269,0.173194648838774,1.631,0.482775384699833,0.365,0.481671056850011,0.631,0.482775384699833,6.77385508375013,0.778958950909085,19,31
9,2,0.6929,0.17841362453978,1,0,0.979,0.143455845400526,0,0,6.70215516897363,0.775918076514941,19,31
10,1,0.7259,0.180587379962726,1.673,0.469351990824894,0.316,0.465145526002734,0.673,0.469351990824894,7.45034593744926,0.86860980169964,19,31
10,2,0.6775,0.180600017625598,1,0,0.973,0.162164414398774,0,0,7.34552584574155,0.867995439007842,19,31
11,1,0.7196,0.180965711085246,1.708,0.454909818472786,0.271,0.444698500960771,0.708,0.454909818472786,8.1261197917706,0.960800611890269,19,31
11,2,0.6668,0.183497769554378,1,0,0.914,0.28050433629925,0,0,7.9737472786486,0.957976007939579,19,31
12,1,0.7192,0.185325944502397,1.742,0.437752929890398,0.251,0.433805471596645,0.742,0.437752929890398,8.79603244551746,1.05373961288228,19,31
12,2,0.6453,0.175124465962294,1,0,0.963,0.188856206322871,0,0,8.59416441015114,1.04918184724672,19,31
13,1,0.7098,0.18411370904378,1.77,0.421043082447957,0.23,0.421043082447957,0.75,0.433229370758364,9.46477942727319,1.14712249501956,19,31
13,2,0.6182,0.174869492305946,1,0,1,0,0,0,9.1905982241388,1.1294314284814,19,31
14,1,0.7102,0.194509109796415,1.79,0.407512044074854,0.21,0.407512044074854,0.761,0.426686138819931,10.1247209025083,1.23663454684605,19,31
14,2,0.5965,0.176263492586579,1,0,0.999,0.0316227766016838,0,0,9.75806000717233,1.20181609421098,19,31
15,1,0.7009,0.190171910006066,1.812,0.390907672998125,0.188,0.390907672998125,0.798,0.401693113405442,10.785445194369,1.33499904031783,19,31
15,2,0.5667,0.175533250189022,1,0,0.995,0.0705689732104696,0,0,10.3038453343339,1.26796460727151,19,31
16,1,0.7066,0.196761670950303,1.827,0.37843653921657,0.166,0.372266816386557,0.814,0.389301368550838,11.4360684782526,1.4288255361577,19,31
16,2,0.5414,0.176627396621354,1,0,0.968,0.176088066055048,0,0,10.8200204518963,1.33004964845279,19,31
17,1,0.6911,0.199626252383399,1.842,0.364923511395428,0.146,0.353282901948012,0.834,0.372266816386557,12.0926171070045,1.53108984590153,19,31
17,2,0.502,0.1697197831863,1,0,0.952,0.213873190797121,0,0,11.3122322432203,1.39011665452568,19,31
18,1,0.6862,0.211883115076342,1.855,0.352277020396022,0.131,0.337569182469243,0.851,0.356266650033266,12.733626409824,1.63217101979928,19,31
18,2,0.4622,0.168581077169354,1,0,0.939,0.239450070654273,0,0,11.7658603808954,1.45110899609253,19,31
19,1,0.6799,0.216778649739736,1.867,0.339744648856206,0.123,0.328601550481703,0.866,0.340822769427396,13.3695806040673,1.72924462340318,19,31
19,2,0.4234,0.1717612934917,1,0,0.947,0.224145580463326,0,0,12.1803635658892,1.50130636296769,19,31
20,1,0.6709,0.219342885230639,1.874,0.332015412645609,0.119,0.323950527000565,0.874,0.332015412645609,13.9988338265261,1.82951758398571,19,31
20,2,0.3844,0.164205979195654,1,0,0.957,0.202958597236462,0,0,12.5556997135705,1.55146790017854,19,31
21,1,0.6706,0.223753671937928,1.881,0.323950527000565,0.11,0.313046319253234,0.881,0.323950527000565,14.6188425061932,1.93147955611396,19,31
21,2,0.3444,0.158157053758767,1,0,0.948,0.222138122224316,0,0,12.891577252632,1.58886566917598,19,31
22,1,0.6682,0.228781776156015,1.891,0.311795151046671,0.1,0.300150112593832,0.891,0.311795151046671,15.2385896045726,2.0369621130975,19,31
22,2,0.3062,0.149478774091521,1,0,0.916,0.277526613176144,0,0,13.1879541759371,1.62481077850084,19,31
23,1,0.6695,0.233996804474985,1.899,0.301479501608136,0.09,0.286324958712967,0.899,0.301479501608136,15.8558800027018,2.14879133332991,19,31
23,2,0.2654,0.150484170215626,1,0,0.892,0.310535718448671,0,0,13.4477818970603,1.65825546603308,19,31
24,1,0.6608,0.233533504872209,1.907,0.290577761426155,0.079,0.269873733126868,0.907,0.290577761426155,16.4745054553308,2.2707972690818,19,31
24,2,0.2305,0.139997676228391,1,0,0.798,0.401693113405442,0,0,13.6680746152935,1.68857765348191,19,31
25,1,0.6637,0.240312421776445,1.911,0.284886223184204,0.068,0.251871871076227,0.911,0.284886223184204,17.0845395418337,2.39703084378417,19,31
25,2,0.1958,0.134090791407689,1,0,0.724,0.447240454368815,0,0,13.8582177009639,1.71102335662765,19,31
26,1,0.663,0.246681681224715,1.921,0.269873733126868,0.055,0.228094337998616,0.92,0.271428947744476,17.6977545096706,2.53338992983376,19,31
26,2,0.1645,0.118083418368938,1,0,0.659,0.474282557073254,0,0,14.017419179397,1.73421931999475,19,31
27,1,0.6686,0.25293876337568,1.923,0.266724843503829,0.043,0.202958597236462,0.922,0.268305773303498,18.310409454387,2.67484108507991,19,31
27,2,0.1427,0.1055360026145,1,0,0.566,0.495872856577056,0,0,14.1486275765927,1.74599073856131,19,31
28,1,0.6652,0.25654390418557,1.925,0.263523138347365,0.025,0.156203071030628,0.924,0.265130711714607,18.929086685002,2.8199205064276,19,31
28,2,0.1222,0.096001960273613,1,0,0.439,0.496513368929302,0,0,14.2627190978023,1.75885804077859,19,31
29,1,0.6744,0.25758686106048,1.927,0.260266668512775,0.012,0.108939744206914,0.926,0.261901875885975,19.5451093180745,2.96797380296439,19,31
29,2,0.101,0.0831017804015408,1,0,0.23,0.421043082447957,0,0,14.362688776419,1.76531897136002,19,31
30,1,0.6699,0.253393366523669,1.929,0.256953351846254,0.007,0.0834143750078963,0.928,0.258617251711642,20.1707921134331,3.11834818837032,19,31
30,2,0.0876,0.0774095099599024,1,0,0.175,0.380157229997694,0,0,14.4519295894622,1.77357176265298,19,31
31,1,0.6713,0.255796289538652,1.93,0.255274685711618,0.004,0.0631505185092568,0.929,0.256953351846254,20.7920753716074,3.26730915988259,19,31
31,2,0.0741,0.0733796604964521,1,0,0.119,0.323950527000565,0,0,14.5305433821398,1.77879075801108,19,31
32,1,0.6699,0.255086375682942,1.93,0.255274685711618,0.003,0.054717401199198,0.929,0.256953351846254,21.414791858424,3.41639598832572,19,31
32,2,0.0601,0.0685761816718654,1,0,0.071,0.256953351846254,0,0,14.5984824337312,1.78353142997291,19,31
33,1,0.6579,0.255073818046174,1.93,0.255274685711618,0,0,0.929,0.256953351846254,22.0361003869027,3.56678857042806,19,31
33,2,0.0455,0.0606912961917393,1,0,0.043,0.202958597236462,0,0,14.6548517539389,1.78962687586738,19,31
34,1,0.6589,0.25641087445063,1.93,0.255274685711618,0,0,0.929,0.256953351846254,22.6455358270251,3.71173078329252,19,31
34,2,0.0319,0.0521066704473151,1,0,0.02,0.140070052543788,0,0,14.6980589275906,1.79659450539829,19,31
35,1,0.6561,0.254769891662452,1.93,0.255274685711618,0.001,0.0316227766016838,0.928,0.258617251711642,23.2559069292076,3.86064678356176,19,31
35,2,0.0218,0.0438940393070254,1,0,0.011,0.104354635210372,0,0,14.7288540407548,1.80155071711506,19,31
36,1,0.647,0.25082646174978,1.93,0.255274685711618,0.001,0.0316227766016838,0.927,0.260266668512775,23.8634267776381,4.01387890465641,19,31
36,2,0.0151,0.0382551101613033,1,0,0.008,0.0891288053546324,0,0,14.7500297920533,1.80497551594054,19,31
37,1,0.6399,0.25574087157393,1.93,0.255274685711618,0,0,0.928,0.258617251711642,24.4618683971333,4.16791956004788,19,31
37,2,0.0084,0.0284648950507507,1,0,0.002,0.0446989708829856,0,0,14.7646769645585,1.80905742130134,19,31
38,1,0.6238,0.253372764435639,1.93,0.255274685711618,0,0,0.926,0.261901875885975,25.0531763952358,4.32205308459852,19,31
38,2,0.0046,0.021431269194784,1,0,0.001,0.0316227766016838,0,0,14.772946309772,1.81193682950703,19,31
39,1,0.6161,0.256430393180189,1.93,0.255274685711618,0,0,0.925,0.263523138347365,25.6284859501932,4.47306611283873,19,31
39,2,0.0026,0.0165382439670454,1,0,0.001,0.0316227766016838,0,0,14.7774790517202,1.81333219303497,19,31
40,1,0.5962,0.255638242270031,1.93,0.255274685711618,0,0,0.922,0.268305773303498,26.1961177525786,4.62127287272359,19,31
40,2,0.0015,0.0121613279660528,1,0,0,0,0,0,14.7800191255924,1.81420383928538,19,31
41,1,0.5777,0.257719089570659,1.93,0.255274685711618,0,0,0.913,0.281976081451088,26.7440216379286,4.76562100618615,19,31
41,2,6e-04,0.00772655807586403,1,0,0,0,0,0,14.7815131372776,1.81512119830845,19,31
42,1,0.548,0.263676934003575,1.93,0.255274685711618,0,0,0.901,0.29881145943268,27.2738945900723,4.90709138565973,19,31
42,2,1e-04,0.00316227766016838,1,0,0,0,0,0,14.7821106821912,1.81525842643466,19,31
43,1,0.5168,0.265760020297238,1.93,0.255274685711618,0,0,0.892,0.310535718448671,27.7747365247036,5.03829092480332,19,31
43,2,1e-04,0.00316227766016838,1,0,0,0,0,0,14.7822102630511,1.8152310737258,19,31
44,1,0.4819,0.260749650777101,1.93,0.255274685711618,0,0,0.878,0.327449573557858,28.244910322848,5.16433164988439,19,31
44,2,1e-04,0.00316227766016838,1,0,0,0,0,0,14.7823098339528,1.81520918545171,19,31
45,1,0.4442,0.265625520078393,1.93,0.255274685711618,0,0,0.854,0.353282901948012,28.6809872605331,5.2778534059603,19,31
45,2,0,0,1,0,0,0,0,0,14.7824093948975,1.81519276017121,19,31
46,1,0.4002,0.260399246864824,1.93,0.255274685711618,0,0,0.832,0.374053359717455,29.0806844796918,5.39082512961046,19,31
46,2,0,0,1,0,0,0,0,0,14.7824093948975,1.81519276017121,19,31
47,1,0.3557,0.253992169213978,1.93,0.255274685711618,0,0,0.77,0.421043082447957,29.4376386257641,5.49840191018149,19,31
47,2,0,0,1,0,0,0,0,0,14.7824093948975,1.81519276017121,19,31
48,1,0.3158,0.247288316568963,1.93,0.255274685711618,0,0,0.721,0.448731947113597,29.7533512095583,5.59925446456973,19,31
48,2,0,0,1,0,0,0,0,0,14.7824093948975,1.81519276017121,19,31
49,1,0.2543,0.238407945229072,1.93,0.255274685711618,0,0,0.621,0.485380875802286,30.0317615603052,5.68724442599146,19,31
49,2,0,0,1,0,0,0,0,0,14.7824093948975,1.81519276017121,19,31
50,1,0.2059,0.224154936228126,1.93,0.255274685711618,0,0,0.531,0.49928778103243,30.2539202566168,5.75559254352588,19,31
50,2,0,0,1,0,0,0,0,0,14.7824093948975,1.81519276017121,19,31
51,1,0.1639,0.20447151048153,1.93,0.255274685711618,0,0,0.447,0.497431843008103,30.4323757001431,5.81367972196756,19,31
51,2,0,0,1,0,0,0,0,0,14.7824093948975,1.81519276017121,19,31
52,1,0.1248,0.187563696221151,1.93,0.255274685711618,0,0,0.341,0.474282557073254,30.5732055969614,5.86367828010936,19,31
52,2,0,0,1,0,0,0,0,0,14.7824093948975,1.81519276017121,19,31
53,1,0.0885,0.160260517387888,1.93,0.255274685711618,0,0,0.249,0.432650189166937,30.680396723348,5.90467855240465,19,31
53,2,0,0,1,0,0,0,0,0,14.7824093948975,1.81519276017121,19,31
54,1,0.0569,0.134202833056536,1.93,0.255274685711618,0,0,0.166,0.372266816386557,30.7560447045377,5.93467947063629,19,31
54,2,0,0,1,0,0,0,0,0,14.7824093948975,1.81519276017121,19,31
55,1,0.0346,0.1036029612201,1.93,0.255274685711618,0,0,0.101,0.301479501608136,30.8043829587998,5.95739748092481,19,31
55,2,0,0,1,0,0,0,0,0,14.7824093948975,1.81519276017121,19,31
56,1,0.0199,0.0784866240205944,1.93,0.255274685711618,0,0,0.059,0.235742602375079,30.833770871843,5.97161367183626,19,31
56,2,0,0,1,0,0,0,0,0,14.7824093948975,1.81519276017121,19,31
57,1,0.012,0.0611534115135022,1.93,0.255274685711618,0,0,0.04,0.196057232558349,30.8506262124038,5.97986616744218,19,31
57,2,0,0,1,0,0,0,0,0,14.7824093948975,1.81519276017121,19,31
58,1,0.0071,0.0451844180180694,1.93,0.255274685711618,0,0,0.028,0.16505527329729,30.8605693717116,5.98417537398163,19,31
58,2,0,0,1,0,0,0,0,0,14.7824093948975,1.81519276017121,19,31
59,1,0.0039,0.0312372496511099,1.93,0.255274685711618,0,0,0.017,0.129335717138491,30.8662364057569,5.98661851072463,19,31
59,2,0,0,1,0,0,0,0,0,14.7824093948975,1.81519276017121,19,31
60,1,0.0029,0.0283265315983513,1.93,0.255274685711618,0,0,0.011,0.104354635210372,30.8692684628434,5.98725456499206,19,31
60,2,0,0,1,0,0,0,0,0,14.7824093948975,1.81519276017121,19,31
61,1,0.0019,0.0220652866937386,1.93,0.255274685711618,0,0,0.008,0.0891288053546324,30.8716044043581,5.9873515039166,19,31
61,2,0,0,1,0,0,0,0,0,14.7824093948975,1.81519276017121,19,31
62,1,8e-04,0.0148182178273765,1.93,0.255274685711618,0,0,0.004,0.0631505185092568,30.8730952817542,5.98762441382725,19,31
62,2,0,0,1,0,0,0,0,0,14.7824093948975,1.81519276017121,19,31
63,1,4e-04,0.00773950256152809,1.93,0.255274685711618,0,0,0.003,0.054717401199198,30.8736915730776,5.98765671405538,19,31
63,2,0,0,1,0,0,0,0,0,14.7824093948975,1.81519276017121,19,31
64,1,3e-04,0.00706823598643678,1.93,0.255274685711618,0,0,0.002,0.0446989708829856,30.8739400029501,5.98772679685269,19,31
64,2,0,0,1,0,0,0,0,0,14.7824093948975,1.81519276017121,19,31
65,1,2e-04,0.00632455532033676,1.93,0.255274685711618,0,0,0.001,0.0316227766016838,30.8741387269738,5.9877837892988,19,31
65,2,0,0,1,0,0,0,0,0,14.7824093948975,1.81519276017121,19,31
66,1,0,0,1.93,0.255274685711618,0,0,0,0,30.8742877550873,5.9879262211684,19,31
66,2,0,0,1,0,0,0,0,0,14.7824093948975,1.81519276017121,19,31
67,1,0,0,1.93,0.255274685711618,0,0,0,0,30.8742877550873,5.9879262211684,19,31
67,2,0,0,1,0,0,0,0,0,14.7824093948975,1.81519276017121,19,31
68,1,0,0,1.93,0.255274685711618,0,0,0,0,30.8742877550873,5.9879262211684,19,31
68,2,0,0,1,0,0,0,0,0,14.7824093948975,1.81519276017121,19,31
69,1,0,0,1.93,0.255274685711618,0,0,0,0,30.8742877550873,5.9879262211684,19,31
69,2,0,0,1,0,0,0,0,0,14.7824093948975,1.81519276017121,19,31
70,1,0,0,1.93,0.255274685711618,0,0,0,0,30.8742877550873,5.9879262211684,19,31
70,2,0,0,1,0,0,0,0,0,14.7824093948975,1.81519276017121,19,31
71,1,0,0,1.93,0.255274685711618,0,0,0,0,30.8742877550873,5.9879262211684,19,31
71,2,0,0,1,0,0,0,0,0,14.7824093948975,1.81519276017121,19,31
72,1,0,0,1.93,0.255274685711618,0,0,0,0,30.8742877550873,5.9879262211684,19,31
72,2,0,0,1,0,0,0,0,0,14.7824093948975,1.81519276017121,19,31
73,1,0,0,1.93,0.255274685711618,0,0,0,0,30.8742877550873,5.9879262211684,19,31
73,2,0,0,1,0,0,0,0,0,14.7824093948975,1.81519276017121,19,31
74,1,0,0,1.93,0.255274685711618,0,0,0,0,30.8742877550873,5.9879262211684,19,31
74,2,0,0,1,0,0,0,0,0,14.7824093948975,1.81519276017121,19,31
75,1,0,0,1.93,0.255274685711618,0,0,0,0,30.8742877550873,5.9879262211684,19,31
75,2,0,0,1,0,0,0,0,0,14.7824093948975,1.81519276017121,19,31
76,1,0,0,1.93,0.255274685711618,0,0,0,0,30.8742877550873,5.9879262211684,19,31
76,2,0,0,1,0,0,0,0,0,14.7824093948975,1.81519276017121,19,31
77,1,0,0,1.93,0.255274685711618,0,0,0,0,30.8742877550873,5.9879262211684,19,31
77,2,0,0,1,0,0,0,0,0,14.7824093948975,1.81519276017121,19,31
78,1,0,0,1.93,0.255274685711618,0,0,0,0,30.8742877550873,5.9879262211684,19,31
78,2,0,0,1,0,0,0,0,0,14.7824093948975,1.81519276017121,19,31
79,1,0,0,1.93,0.255274685711618,0,0,0,0,30.8742877550873,5.9879262211684,19,31
79,2,0,0,1,0,0,0,0,0,14.7824093948975,1.81519276017121,19,31
80,1,0,0,1.93,0.255274685711618,0,0,0,0,30.8742877550873,5.9879262211684,19,31
80,2,0,0,1,0,0,0,0,0,14.7824093948975,1.81519276017121,19,31
81,1,0,0,1.93,0.255274685711618,0,0,0,0,30.8742877550873,5.9879262211684,19,31
81,2,0,0,1,0,0,0,0,0,14.7824093948975,1.81519276017121,19,31
82,1,0,0,1.93,0.255274685711618,0,0,0,0,30.8742877550873,5.9879262211684,19,31
82,2,0,0,1,0,0,0,0,0,14.7824093948975,1.81519276017121,19,31
83,1,0,0,1.93,0.255274685711618,0,0,0,0,30.8742877550873,5.9879262211684,19,31
83,2,0,0,1,0,0,0,0,0,14.7824093948975,1.81519276017121,19,31
84,1,0,0,1.93,0.255274685711618,0,0,0,0,30.8742877550873,5.9879262211684,19,31
84,2,0,0,1,0,0,0,0,0,14.7824093948975,1.81519276017121,19,31
0,1,1,0,1,0,1,0,0,0,0,0,20,31
0,2,1,0,1,0,1,0,0,0,0,0,20,31
1,1,0.8864,0.107268572035553,1.096,0.294738648417324,0.904,0.294738648417324,0.096,0.294738648417324,0.95,0,20,31
1,2,0.8814,0.111294323424092,1,0,1,0,0,0,0.95,0,20,31
2,1,0.8421,0.131510018192094,1.178,0.382704144820072,0.822,0.382704144820072,0.178,0.382704144820072,1.78631636,0.107257845178349,20,31
2,2,0.8277,0.135281229337299,1,0,1,0,0,0,1.78131686,0.11128319399175,20,31
3,1,0.8074,0.144034669388956,1.248,0.432067914433232,0.752,0.432067914433232,0.248,0.432067914433232,2.578257947921,0.199962924258867,20,31
3,2,0.8009,0.141453876578902,1,0,1,0,0,0,2.558861327777,0.208895083094052,20,31
4,1,0.7835,0.152843420241472,1.32,0.466709564737876,0.68,0.466709564737876,0.32,0.466709564737876,3.33543075064224,0.296599640341059,20,31
4,2,0.7825,0.152469659267006,1,0,1,0,0,0,3.30953608030325,0.299819802254189,20,31
5,1,0.7794,0.158936782718479,1.381,0.485875575713654,0.619,0.485875575713654,0.381,0.485875575713654,4.06863739464931,0.392445655797884,20,31
5,2,0.7668,0.162308669220421,1,0,1,0,0,0,4.04174312425032,0.387947758555623,20,31
6,1,0.772,0.163409616310371,1.437,0.496263314458441,0.563,0.496263314458441,0.437,0.496263314458441,4.79767276758202,0.48639354724525,20,31
6,2,0.7584,0.165761626792563,1,0,1,0,0,0,4.75818479592315,0.486984095749052,20,31
7,1,0.7671,0.16695947252392,1.494,0.500214168346134,0.506,0.500214168346134,0.494,0.500214168346134,5.51923967586758,0.582445232174682,20,31
7,2,0.7533,0.165458413163207,1,0,1,0,0,0,5.46615986216898,0.578074158032693,20,31
8,1,0.7646,0.16208983038153,1.533,0.49915945364198,0.46,0.498646817545895,0.533,0.49915945364198,6.23583785643348,0.672370854335821,20,31
8,2,0.751,0.168247755727401,1,0,0.979,0.143455845400526,0,0,6.16896769983737,0.669898463705972,20,31
9,1,0.7577,0.164826811768832,1.579,0.493966601100725,0.406,0.491330240678716,0.579,0.493966601100725,6.95021609657945,0.754844493102214,20,31
9,2,0.7477,0.1706570649983,1,0,0.964,0.186383311320351,0,0,6.87045625637206,0.762987507510507,20,31
10,1,0.7578,0.167592503553253,1.626,0.484105730557239,0.35,0.477208264521611,0.626,0.484105730557239,7.65802874656195,0.832628142046551,20,31
10,2,0.7448,0.169415647629319,1,0,0.929,0.256953351846254,0,0,7.56932695813331,0.851596580481179,20,31
11,1,0.7498,0.16783363229141,1.661,0.473606696852255,0.285,0.451640320364534,0.661,0.473606696852255,8.36632006552688,0.910501475115053,20,31
11,2,0.7446,0.169350286446523,1,0,0.816,0.387678080750375,0,0,8.26697892230703,0.941053275457382,20,31
12,1,0.755,0.166260766997637,1.688,0.463541660340115,0.288,0.45305767983918,0.688,0.463541660340115,9.06804770178599,0.984233890018404,20,31
12,2,0.7442,0.171976556355615,1,0,0.897,0.304110972316823,0,0,8.97000512928092,1.03732412033234,20,31
13,1,0.7515,0.16883795857643,1.716,0.451162440311189,0.284,0.451162440311189,0.692,0.461897552872224,9.77340072772266,1.04982630753704,20,31
13,2,0.7392,0.170916858655232,1,0,0.999,0.0316227766016838,0,0,9.6685163706981,1.1258284557147,20,31
14,1,0.7532,0.16756442891568,1.75,0.433229370758364,0.25,0.433229370758364,0.698,0.45935499018407,10.4751877656277,1.11397776103445,20,31
14,2,0.7349,0.170061491557939,1,0,1,0,0,0,10.356870883116,1.19860018236971,20,31
15,1,0.743,0.174187661277547,1.773,0.41910219117376,0.22,0.414453582167861,0.72,0.449223554371097,11.1800002876489,1.17713329648734,20,31
15,2,0.734,0.175712477857649,1,0,0.97,0.170672578726429,0,0,11.0408126461258,1.26641776688075,20,31
16,1,0.7365,0.179415550998067,1.792,0.406079919351968,0.154,0.36112935966827,0.731,0.443661848524116,11.8749570181323,1.24841910586821,20,31
16,2,0.7342,0.171463581438624,1,0,0.771,0.42039949540376,0,0,11.725285115589,1.33307417882072,20,31
17,1,0.7384,0.177248009458095,1.804,0.397167145848875,0.108,0.310535718448671,0.749,0.433805471596645,12.5661002484448,1.31886712258929,20,31
17,2,0.7258,0.170421252792612,1,0,0.594,0.491330240678716,0,0,12.4198229099795,1.40042374977794,20,31
18,1,0.7397,0.178453791654186,1.817,0.386860001370859,0.08,0.271428947744476,0.768,0.422320203582962,13.26046875892,1.39176338004966,20,31
18,2,0.7262,0.175910501404846,1,0,0.485,0.500025024398804,0,0,13.1147404862024,1.47002592679165,20,31
19,1,0.7409,0.175977720630079,1.833,0.373162498451077,0.065,0.246649216167082,0.783,0.412408876093957,13.9565146852202,1.46008619593589,20,31
19,2,0.7195,0.176864442528822,1,0,0.411,0.49226143594773,0,0,13.8154280496133,1.54244080404602,20,31
20,1,0.735,0.173161730717226,1.839,0.367714854492192,0.067,0.250147103868051,0.795,0.403903624814309,14.6536887289786,1.5324337635178,20,31
20,2,0.7146,0.176629663528067,1,0,0.479,0.499808772240753,0,0,14.5130512391408,1.61358419975067,20,31
21,1,0.7372,0.180134973307819,1.844,0.363036906933435,0.072,0.258617251711642,0.805,0.396398955765693,15.3442062428002,1.60037924003015,20,31
21,2,0.7046,0.173634642249146,1,0,0.472,0.499465179432426,0,0,15.2023212505888,1.69150836946731,20,31
22,1,0.7332,0.176206721803706,1.852,0.355277669185979,0.063,0.243084532807191,0.816,0.387678080750375,16.0361016629134,1.67018741309414,20,31
22,2,0.701,0.176380583143696,1,0,0.512,0.500106094849989,0,0,15.8818925797834,1.7564424236981,20,31
23,1,0.7388,0.176991202848859,1.86,0.347160655202344,0.065,0.246649216167082,0.826,0.379299179893482,16.72383690402,1.73521482627707,20,31
23,2,0.6986,0.179750800694602,1,0,0.508,0.500186151533793,0,0,16.5558082589178,1.82202098928462,20,31
24,1,0.7359,0.17886638360291,1.865,0.341894562536306,0.072,0.258617251711642,0.835,0.37136627864268,17.4164918842436,1.79727397424189,20,31
24,2,0.6858,0.17891442191833,1,0,0.563,0.496263314458441,0,0,17.2274616009222,1.88698106141627,20,31
25,1,0.7301,0.18071150114657,1.872,0.334256978577453,0.093,0.290577761426155,0.854,0.353282901948012,18.1053864687647,1.85677439038279,20,31
25,2,0.6751,0.180006645411752,1,0,0.699,0.458922226101122,0,0,17.8835350547058,1.95502838304324,20,31
26,1,0.7267,0.184529567173288,1.884,0.320385153598987,0.104,0.305413289293831,0.87,0.336471712352188,18.7864316404452,1.91181234720144,20,31
26,2,0.6605,0.184238143970497,1,0,0.871,0.33536766610911,0,0,18.5220865986843,2.01501287602857,20,31
27,1,0.7261,0.185534937985311,1.896,0.305413289293831,0.094,0.291974740772638,0.887,0.316751213622507,19.4626710421834,1.96400295329167,20,31
27,2,0.6351,0.18987902476062,1,0,0.9,0.300150112593832,0,0,19.1374345321686,2.06741594208674,20,31
28,1,0.7232,0.18530001644926,1.904,0.294738648417324,0.085,0.279021240863223,0.898,0.302799748493435,20.1378953816497,2.00971090645347,20,31
28,2,0.6047,0.194436919631318,1,0,0.879,0.326290461805836,0,0,19.7259433316946,2.11420596879586,20,31
29,1,0.7198,0.181881942592004,1.906,0.291974740772638,0.089,0.284886223184204,0.902,0.297463417052391,20.8100605873519,2.06133130752888,20,31
29,2,0.5742,0.194247502151487,1,0,0.895,0.306706812883361,0,0,20.2851253494937,2.15430925607242,20,31
30,1,0.7196,0.183765093555903,1.916,0.277526613176144,0.074,0.261901875885975,0.916,0.277526613176144,21.4783695811194,2.11609507129835,20,31
30,2,0.5456,0.195188982114101,1,0,0.796,0.403170617166661,0,0,20.8130420921274,2.20076937204759,20,31
31,1,0.7208,0.186069830929095,1.921,0.269873733126868,0.062,0.241276219744537,0.921,0.269873733126868,22.1464621933356,2.16190199359389,20,31
31,2,0.5099,0.195269352741592,1,0,0.7,0.458486870270251,0,0,21.3173268903052,2.24406594921766,20,31
32,1,0.7179,0.194286739993591,1.928,0.258617251711642,0.043,0.202958597236462,0.928,0.258617251711642,22.8160331984912,2.20611668365453,20,31
32,2,0.4664,0.202662557252474,1,0,0.594,0.491330240678716,0,0,21.790756906457,2.28563024840714,20,31
33,1,0.7177,0.199691228116276,1.93,0.255274685711618,0.045,0.207407854282373,0.93,0.255274685711618,23.4832445951496,2.24929327069868,20,31
33,2,0.4307,0.207003285868511,1,0,0.562,0.496389365722517,0,0,22.2260616303246,2.32269915300205,20,31
34,1,0.7124,0.20578772701157,1.936,0.244875404979683,0.036,0.186383311320351,0.936,0.244875404979683,24.1499905885586,2.30079162511283,20,31
34,2,0.3954,0.205964223255548,1,0,0.524,0.499673567115245,0,0,22.6273351738576,2.35245569683151,20,31
35,1,0.7134,0.203769384260644,1.94,0.237605674293474,0.026,0.159214789983058,0.94,0.237605674293474,24.8115373885075,2.35652047292235,20,31
35,2,0.3479,0.203610036705087,1,0,0.345,0.475606140836303,0,0,22.9952819628621,2.38523452581997,20,31
36,1,0.7139,0.205228918305654,1.943,0.231958627355839,0.014,0.117549214450024,0.943,0.231958627355839,25.4743134915029,2.40706016660596,20,31
36,2,0.3068,0.19731369109287,1,0,0.172,0.377569276502417,0,0,23.3247766530672,2.41550276721881,20,31
37,1,0.7126,0.210821454519424,1.943,0.231958627355839,0.006,0.0772655807586403,0.942,0.233860408557521,26.1379699028662,2.46138688683166,20,31
37,2,0.2623,0.189114976864537,1,0,0.106,0.307991653878573,0,0,23.6219050095998,2.44612067826013,20,31
38,1,0.7075,0.207018372630563,1.944,0.230036772966665,0.004,0.0631505185092568,0.944,0.230036772966665,26.800713087934,2.52391096486928,20,31
38,2,0.2143,0.173538542190562,1,0,0.081,0.272971634998059,0,0,23.8779558192246,2.47620661486895,20,31
39,1,0.7024,0.205807183053937,1.944,0.230036772966665,0.003,0.054717401199198,0.944,0.230036772966665,27.4583093428732,2.59119725755994,20,31
39,2,0.18,0.16299253530934,1,0,0.055,0.228094337998616,0,0,24.08740834551,2.50797534517449,20,31
40,1,0.7044,0.218101371403777,1.944,0.230036772966665,0.001,0.0316227766016838,0.944,0.230036772966665,28.1108094958126,2.66301425211499,20,31
40,2,0.1511,0.151795361694064,1,0,0.015,0.121613279660528,0,0,24.263968382314,2.53994048759277,20,31
41,1,0.6967,0.218373067929167,1.944,0.230036772966665,0.004,0.0631505185092568,0.944,0.230036772966665,28.765336015096,2.73882714520929,20,31
41,2,0.1207,0.135054617654302,1,0,0.035,0.18387171834953,0,0,24.41371815356,2.57185771235843,20,31
42,1,0.7037,0.224781753789841,1.944,0.230036772966665,0.001,0.0316227766016838,0.944,0.230036772966665,29.411979202441,2.82354316312323,20,31
42,2,0.0936,0.114245753059324,1,0,0.024,0.1531255937048,0,0,24.5321814326832,2.59872846667756,20,31
43,1,0.7053,0.227318242962556,1.945,0.228094337998616,0,0,0.945,0.228094337998616,30.0656777569468,2.91619369870416,20,31
43,2,0.0733,0.0996345172971548,1,0,0.011,0.104354635210372,0,0,24.6241941471874,2.61880079628041,20,31
44,1,0.6933,0.231427458761204,1.945,0.228094337998616,0,0,0.945,0.228094337998616,30.7209040760254,3.01145306329621,20,31
44,2,0.0566,0.084756260085162,1,0,0.001,0.0316227766016838,0,0,24.696631978223,2.63428507021882,20,31
45,1,0.6892,0.230773951339003,1.945,0.228094337998616,0,0,0.945,0.228094337998616,31.3641175591109,3.11086255745825,20,31
45,2,0.0435,0.0722701388747315,1,0,0.001,0.0316227766016838,0,0,24.7529336924378,2.648830067081,20,31
46,1,0.6762,0.230882798984391,1.945,0.228094337998616,0,0,0.945,0.228094337998616,32.0031851303162,3.21009649298473,20,31
46,2,0.0316,0.0583510483611464,1,0,0,0,0,0,24.7961885969769,2.65951318921467,20,31
47,1,0.6714,0.236850455220458,1.945,0.228094337998616,0,0,0.945,0.228094337998616,32.6292484604115,3.31470766156935,20,31
47,2,0.0249,0.0515038119234163,1,0,0,0,0,0,24.8276435635578,2.66699436396146,20,31
48,1,0.6645,0.234658932953371,1.945,0.228094337998616,0,0,0.944,0.230036772966665,33.2504716923635,3.425636635679,20,31
48,2,0.017,0.0430447773005373,1,0,0,0,0,0,24.8524268023235,2.67442738080426,20,31
49,1,0.6643,0.237343299551181,1.945,0.228094337998616,0,0,0.944,0.230036772966665,33.8648156048427,3.53487523092358,20,31
49,2,0.0113,0.0352640546953063,1,0,0,0,0,0,24.8693453937898,2.67965388858117,20,31
50,1,0.6472,0.238220294913991,1.945,0.228094337998616,0,0,0.941,0.235742602375079,34.4788990605823,3.64579784001739,20,31
50,2,0.007,0.0277807806184738,1,0,0,0,0,0,24.8805901564698,2.68259165127275,20,31
51,1,0.6261,0.244680728008273,1.945,0.228094337998616,0,0,0.937,0.243084532807191,35.0760556506707,3.75890103968752,20,31
51,2,0.0043,0.0221811181413833,1,0,0,0,0,0,24.8875552420828,2.68482404343629,20,31
52,1,0.5972,0.252855880090015,1.945,0.228094337998616,0,0,0.924,0.265130711714607,35.6523588490598,3.87711466265,20,31
52,2,0.0021,0.0150271692549134,1,0,0,0,0,0,24.8918333668183,2.68582726539147,20,31
53,1,0.5664,0.261073168286592,1.945,0.228094337998616,0,0,0.91,0.286324958712967,36.2005009431576,3.99560570823226,20,31
53,2,0.0013,0.0113330683593826,1,0,0,0,0,0,24.893922474618,2.68583606417843,20,31
54,1,0.5329,0.279294818418809,1.945,0.228094337998616,0,0,0.883,0.321581116383432,36.7186473389722,4.1109630506987,20,31
54,2,9e-04,0.00944877131056093,1,0,0,0,0,0,24.8952156025016,2.68567094766621,20,31
55,1,0.5018,0.284425135418193,1.945,0.228094337998616,0,0,0.858,0.349224795737585,37.2047650708772,4.22917291531631,20,31
55,2,1e-04,0.00316227766016838,1,0,0,0,0,0,24.8961107553583,2.68529107065811,20,31
56,1,0.4602,0.287852078017198,1.945,0.228094337998616,0,0,0.826,0.379299179893482,37.6611479235186,4.33765551521018,20,31
56,2,0,0,1,0,0,0,0,0,24.8962102068406,2.6853284317053,20,31
57,1,0.4212,0.285713479192341,1.945,0.228094337998616,0,0,0.798,0.401693113405442,38.077708522982,4.44702358837062,20,31
57,2,0,0,1,0,0,0,0,0,24.8962102068406,2.6853284317053,20,31
58,1,0.3713,0.286056180038359,1.945,0.228094337998616,0,0,0.742,0.437752929890398,38.4568411873883,4.55526884243665,20,31
58,2,0,0,1,0,0,0,0,0,24.8962102068406,2.6853284317053,20,31
59,1,0.3302,0.283104412025154,1.945,0.228094337998616,0,0,0.689,0.463134422704136,38.7891083414163,4.65174758213969,20,31
59,2,0,0,1,0,0,0,0,0,24.8962102068406,2.6853284317053,20,31
60,1,0.2782,0.273312018505333,1.945,0.228094337998616,0,0,0.616,0.486601254397048,39.0831184670978,4.74178401592309,20,31
60,2,0,0,1,0,0,0,0,0,24.8962102068406,2.6853284317053,20,31
61,1,0.2211,0.252286421430957,1.945,0.228094337998616,0,0,0.536,0.498951854343636,39.3290384376238,4.82207581358927,20,31
61,2,0,0,1,0,0,0,0,0,24.8962102068406,2.6853284317053,20,31
62,1,0.1864,0.239274512416789,1.945,0.228094337998616,0,0,0.465,0.499023069631078,39.5221567563311,4.89021102519836,20,31
62,2,0,0,1,0,0,0,0,0,24.8962102068406,2.6853284317053,20,31
63,1,0.1471,0.215122913395733,1.945,0.228094337998616,0,0,0.399,0.489937790988855,39.6842983053363,4.95329238771144,20,31
63,2,0,0,1,0,0,0,0,0,24.8962102068406,2.6853284317053,20,31
64,1,0.1164,0.193309100686979,1.945,0.228094337998616,0,0,0.327,0.469351990824894,39.8106497385341,5.00278709887308,20,31
64,2,0,0,1,0,0,0,0,0,24.8962102068406,2.6853284317053,20,31
65,1,0.0792,0.156945825022496,1.945,0.228094337998616,0,0,0.255,0.436079310636454,39.91006143138,5.04306958486914,20,31
65,2,0,0,1,0,0,0,0,0,24.8962102068406,2.6853284317053,20,31
66,1,0.0586,0.13822136283927,1.945,0.228094337998616,0,0,0.203,0.402433787041984,39.9760808856419,5.07199258407351,20,31
66,2,0,0,1,0,0,0,0,0,24.8962102068406,2.6853284317053,20,31
67,1,0.0405,0.109735098267563,1.945,0.228094337998616,0,0,0.158,0.364923511395428,40.0242121526809,5.0951266647842,20,31
67,2,0,0,1,0,0,0,0,0,24.8962102068406,2.6853284317053,20,31
68,1,0.0282,0.0875924222317915,1.945,0.228094337998616,0,0,0.123,0.328601550481703,40.0565944519076,5.11163420235409,20,31
68,2,0,0,1,0,0,0,0,0,24.8962102068406,2.6853284317053,20,31
69,1,0.0187,0.0698941713964419,1.945,0.228094337998616,0,0,0.094,0.291974740772638,40.0784950131034,5.12345421833958,20,31
69,2,0,0,1,0,0,0,0,0,24.8962102068406,2.6853284317053,20,31
70,1,0.0131,0.0610091149920413,1.945,0.228094337998616,0,0,0.07,0.255274685711618,40.0923987408111,5.13039379791082,20,31
70,2,0,0,1,0,0,0,0,0,24.8962102068406,2.6853284317053,20,31
71,1,0.0076,0.0405448379437369,1.945,0.228094337998616,0,0,0.049,0.215976030257169,40.1019317721265,5.13333572055781,20,31
71,2,0,0,1,0,0,0,0,0,24.8962102068406,2.6853284317053,20,31
72,1,0.0044,0.0272283194740583,1.945,0.228094337998616,0,0,0.031,0.173404351355637,40.1070453348101,5.13573332082441,20,31
72,2,0,0,1,0,0,0,0,0,24.8962102068406,2.6853284317053,20,31
73,1,0.0022,0.0213451543825669,1.945,0.228094337998616,0,0,0.014,0.117549214450024,40.1098748874864,5.1368807193677,20,31
73,2,0,0,1,0,0,0,0,0,24.8962102068406,2.6853284317053,20,31
74,1,9e-04,0.0113718652524254,1.945,0.228094337998616,0,0,0.007,0.0834143750078963,40.1113639768133,5.13765302334182,20,31
74,2,0,0,1,0,0,0,0,0,24.8962102068406,2.6853284317053,20,31
75,1,7e-04,0.00946570650292938,1.945,0.228094337998616,0,0,0.006,0.0772655807586403,40.1119099216332,5.13758926509024,20,31
75,2,0,0,1,0,0,0,0,0,24.8962102068406,2.6853284317053,20,31
76,1,4e-04,0.00773950256152809,1.945,0.228094337998616,0,0,0.003,0.054717401199198,40.1123069327062,5.13759895173737,20,31
76,2,0,0,1,0,0,0,0,0,24.8962102068406,2.6853284317053,20,31
77,1,1e-04,0.00316227766016838,1.945,0.228094337998616,0,0,0.001,0.0316227766016838,40.1125550398137,5.1376174388155,20,31
77,2,0,0,1,0,0,0,0,0,24.8962102068406,2.6853284317053,20,31
78,1,1e-04,0.00316227766016838,1.945,0.228094337998616,0,0,0.001,0.0316227766016838,40.112604656273,5.13759950200974,20,31
78,2,0,0,1,0,0,0,0,0,24.8962102068406,2.6853284317053,20,31
79,1,1e-04,0.00316227766016838,1.945,0.228094337998616,0,0,0.001,0.0316227766016838,40.1126542677708,5.13758204603667,20,31
79,2,0,0,1,0,0,0,0,0,24.8962102068406,2.6853284317053,20,31
80,1,0,0,1.945,0.228094337998616,0,0,0,0,40.1127038743073,5.13756507075729,20,31
80,2,0,0,1,0,0,0,0,0,24.8962102068406,2.6853284317053,20,31
81,1,0,0,1.945,0.228094337998616,0,0,0,0,40.1127038743073,5.13756507075729,20,31
81,2,0,0,1,0,0,0,0,0,24.8962102068406,2.6853284317053,20,31
82,1,0,0,1.945,0.228094337998616,0,0,0,0,40.1127038743073,5.13756507075729,20,31
82,2,0,0,1,0,0,0,0,0,24.8962102068406,2.6853284317053,20,31
83,1,0,0,1.945,0.228094337998616,0,0,0,0,40.1127038743073,5.13756507075729,20,31
83,2,0,0,1,0,0,0,0,0,24.8962102068406,2.6853284317053,20,31
84,1,0,0,1.945,0.228094337998616,0,0,0,0,40.1127038743073,5.13756507075729,20,31
84,2,0,0,1,0,0,0,0,0,24.8962102068406,2.6853284317053,20,31
