0,1,1,0,1,0,0,0,0,0,0,0,1,32
0,2,1,0,1,0,0,0,0,0,0,0,1,32
1,1,0.8685,0.112829430914458,1,0,0.159,0.36585906146063,0,0,1,0,1,32
1,2,0.8793,0.10924030137016,1,0,0.131,0.337569182469243,0,0,1,0,1,32
2,1,0.8129,0.136242989368819,1.012,0.108939744206914,0.279,0.448731947113597,0.012,0.108939744206914,1.860463945,0.126980705310425,1,32
2,2,0.815,0.133764318459344,1,0,0.305,0.460637804774193,0,0,1.872662725,0.121970658367707,1,32
3,1,0.781,0.149871483149602,1.04,0.196057232558349,0.609,0.488218554908923,0.04,0.196057232558349,2.6586542829835,0.226729710440302,1,32
3,2,0.7829,0.150133707508108,1,0,0.637,0.481105458774334,0,0,2.6722527829975,0.219503952935929,1,32
4,1,0.7639,0.157135233100287,1.096,0.294738648417324,0.403,0.490746198998863,0.096,0.294738648417324,3.40697974043925,0.34103990363198,1,32
4,2,0.7615,0.158217517306975,1,0,0.467,0.49915945364198,0,0,3.42307749052825,0.331677647289423,1,32
5,1,0.7476,0.158995344332844,1.141,0.34819569244929,0.437,0.496263314458441,0.141,0.34819569244929,4.1456342047733,0.451790172421651,1,32
5,2,0.7441,0.164658137674098,1,0,0.512,0.500106094849989,0,0,4.1609322748143,0.444208080144723,1,32
6,1,0.7364,0.168354932756315,1.188,0.390907672998125,0.551,0.497641082153239,0.188,0.390907672998125,4.86397492663611,0.560587649434488,1,32
6,2,0.7304,0.162856876926835,1,0,0.704,0.45671938057476,0,0,4.87907309665711,0.561181742677117,1,32
7,1,0.717,0.172164574290534,1.246,0.430894035314565,0.41,0.492079406338187,0.246,0.430894035314565,5.56300536153962,0.665158320860768,1,32
7,2,0.7169,0.165867121220276,1,0,0.573,0.494889801790172,0,0,5.57385608092321,0.665338913063081,1,32
8,1,0.7067,0.171273011430419,1.293,0.45536618051669,0.448,0.49753747953651,0.293,0.45536618051669,6.24672656519768,0.767023935211736,1,32
8,2,0.7024,0.1697145928995,1,0,0.672,0.469719742651548,0,0,6.26162445043162,0.766631722014778,1,32
9,1,0.701,0.176323821675037,1.344,0.475278749672116,0.395,0.489095301770743,0.344,0.475278749672116,6.91584103266218,0.863125572394845,1,32
9,2,0.6893,0.173336538431906,1,0,0.619,0.485875575713654,0,0,6.92988959765817,0.864836033607421,1,32
10,1,0.6977,0.178091062174457,1.379,0.485380875802286,0.555,0.497214463005877,0.379,0.485380875802286,7.57929362666441,0.957204889726159,1,32
10,2,0.6722,0.173139068777492,1,0,0.922,0.268305773303498,0,0,7.58764731960888,0.955908182446825,1,32
11,1,0.691,0.175869070418678,1.437,0.496263314458441,0.563,0.496263314458441,0.258,0.437752929890398,8.2296429195363,1.04598214972681,1,32
11,2,0.6591,0.177957463622234,1,0,1,0,0,0,8.21312150127876,1.04524772422484,1,32
12,1,0.6746,0.17442839581119,1.49,0.50015012761185,0.509,0.50016914056064,0.227,0.41910219117376,8.87887833190158,1.12500161405356,1,32
12,2,0.6463,0.177306930907248,1,0,0.998,0.0446989708829856,0,0,8.82155182618328,1.13309090502599,1,32
13,1,0.6624,0.174059003032123,1.553,0.497431843008103,0.443,0.496988931464271,0.242,0.428508599236491,9.5159133927093,1.19628596351342,1,32
13,2,0.6303,0.182167766344914,1,0,0.985,0.121613279660528,0,0,9.4172365396761,1.21082885577878,1,32
14,1,0.6489,0.176946602397729,1.606,0.488879333785959,0.388,0.487538402275855,0.338,0.473265232169003,10.1432472874867,1.26414653413759,1,32
14,2,0.609,0.180309488135016,1,0,0.962,0.191291904148065,0,0,9.99753162772896,1.29049176233618,1,32
15,1,0.63,0.177740236276403,1.644,0.479054791744633,0.346,0.475931203547856,0.452,0.497939699104163,10.7549902047298,1.32892787616787,1,32
15,2,0.5862,0.184563332283592,1,0,0.939,0.239450070654273,0,0,10.5576468779439,1.3655646738963,1,32
16,1,0.6318,0.186396093047852,1.68,0.466709564737876,0.295,0.456270953692193,0.538,0.49880337288836,11.3442056740664,1.3818601927458,1,32
16,2,0.562,0.182618042233919,1,0,0.916,0.277526613176144,0,0,11.0960885689111,1.44048424644041,1,32
17,1,0.6196,0.194302839901,1.713,0.452587931606484,0.267,0.44261372200476,0.609,0.488218554908923,11.933412141916,1.42643274204907,1,32
17,2,0.5314,0.178341935185883,1,0,0.907,0.290577761426155,0,0,11.6114632680621,1.51971357613009,1,32
18,1,0.624,0.204366743296863,1.741,0.438304815295373,0.226,0.418448442581758,0.667,0.47152235719352,12.5082340646126,1.46907579918436,1,32
18,2,0.5059,0.172467199591502,1,0,0.906,0.291974740772638,0,0,12.0966876437597,1.59977485092982,1,32
19,1,0.6235,0.209956738000551,1.767,0.422953768028954,0.202,0.401693113405442,0.715,0.451640320364534,13.0865421205455,1.52193894665957,1,32
19,2,0.4756,0.164108414079143,1,0,0.923,0.266724843503829,0,0,12.556459268102,1.6726649879888,1,32
20,1,0.6243,0.212378470223831,1.788,0.408929362143663,0.195,0.396398955765693,0.75,0.433229370758364,13.6630955727675,1.57717168523448,1,32
20,2,0.4603,0.169359359329777,1,0,0.948,0.222138122224316,0,0,12.9850940470455,1.73210773706079,1,32
21,1,0.6372,0.216478689535536,1.809,0.393285740491152,0.181,0.385210834981815,0.773,0.41910219117376,14.2389925685049,1.6374657433155,1,32
21,2,0.4441,0.167132052949526,1,0,0.964,0.186383311320351,0,0,13.397169031085,1.78445975236998,1,32
22,1,0.6395,0.219768168869034,1.83,0.375820756799357,0.164,0.370460849809047,0.807,0.394850486775573,14.8272558556712,1.70642293661874,1,32
22,2,0.4339,0.165976921101514,1,0,0.958,0.200689502157627,0,0,13.7922384719487,1.83612296789573,1,32
23,1,0.6446,0.222081426868976,1.847,0.360167628640777,0.141,0.34819569244929,0.832,0.374053359717455,15.4169071298561,1.77860323631732,1,32
23,2,0.4226,0.173664617580552,1,0,0.943,0.231958627355839,0,0,14.1773901630145,1.88387138041305,1,32
24,1,0.6466,0.214696377553359,1.86,0.347160655202344,0.128,0.334256978577453,0.849,0.358228038164697,16.0114879515547,1.8600074528016,1,32
24,2,0.4029,0.172253479678238,1,0,0.933,0.250147103868051,0,0,14.5519775772384,1.92808111753737,1,32
25,1,0.6549,0.220191903744153,1.88,0.325124138915747,0.103,0.304110972316823,0.876,0.32974646735444,16.6078050001355,1.94562171263812,1,32
25,2,0.3833,0.163822916430968,1,0,0.905,0.293361655744341,0,0,14.9073735597678,1.97351411974455,1,32
26,1,0.6595,0.221988803837106,1.887,0.316751213622507,0.1,0.300150112593832,0.885,0.319181573523405,17.2122419415926,2.03277373989183,1,32
26,2,0.3669,0.162852420647993,1,0,0.912,0.283436653127884,0,0,15.2445794481407,2.01400367524055,1,32
27,1,0.665,0.227170875348506,1.894,0.307991653878573,0.096,0.294738648417324,0.892,0.310535718448671,17.8209072733193,2.12526224250687,1,32
27,2,0.3489,0.155379963099921,1,0,0.912,0.283436653127884,0,0,15.5650451115308,2.05444331691538,1,32
28,1,0.6674,0.226469707750349,1.906,0.291974740772638,0.08,0.271428947744476,0.904,0.294738648417324,18.4348473122758,2.22649139059637,1,32
28,2,0.3409,0.162306911539631,1,0,0.853,0.354283102217022,0,0,15.8675272652272,2.08945468769209,1,32
29,1,0.6719,0.224032543574769,1.914,0.28050433629925,0.073,0.260266668512775,0.913,0.281976081451088,19.0513186870478,2.3251325646186,1,32
29,2,0.33,0.166516448820312,1,0,0.831,0.374939434548541,0,0,16.1649432916357,2.12710031600357,1,32
30,1,0.6775,0.22309980619338,1.924,0.265130711714607,0.058,0.233860408557521,0.923,0.266724843503829,19.6721156725303,2.42870176248332,1,32
30,2,0.323,0.167627858958763,1,0,0.775,0.417791275099839,0,0,16.4525579566894,2.16977976403479,1,32
31,1,0.6792,0.224271392865113,1.933,0.250147103868051,0.049,0.215976030257169,0.932,0.251871871076227,20.298683053738,2.53863556694084,1,32
31,2,0.3091,0.161472174888627,1,0,0.741,0.438304815295373,0,0,16.7359564420236,2.22567418666769,1,32
32,1,0.6819,0.224483368610645,1.935,0.246649216167082,0.043,0.202958597236462,0.933,0.250147103868051,20.926882516105,2.65119141365994,1,32
32,2,0.3051,0.164532857086544,1,0,0.699,0.458922226101122,0,0,17.0071643508341,2.27831999174477,1,32
33,1,0.682,0.223306663281385,1.946,0.226130792098589,0.034,0.181319819316248,0.944,0.230036772966665,21.5579597331431,2.75839718846328,1,32
33,2,0.3,0.164398987305357,1,0,0.715,0.451640320364534,0,0,17.2764512094391,2.33088597054064,1,32
34,1,0.689,0.222909597569707,1.949,0.220107808692576,0.033,0.178725887724591,0.947,0.224145580463326,22.1889738424595,2.86754722816224,1,32
34,2,0.2879,0.160028744915403,1,0,0.74,0.438853725736256,0,0,17.5398305782385,2.37831815419165,1,32
35,1,0.6985,0.224495318766669,1.953,0.211744742168102,0.027,0.162164414398774,0.951,0.215976030257169,22.8268014290327,2.97328749017047,1,32
35,2,0.285,0.163773690871952,1,0,0.688,0.463541660340115,0,0,17.7898789242873,2.41990346050282,1,32
36,1,0.6935,0.218987912236511,1.955,0.207407854282373,0.02,0.140070052543788,0.953,0.211744742168102,23.4741316899045,3.07617354338226,1,32
36,2,0.2767,0.167795307637804,1,0,0.59,0.492079406338187,0,0,18.0396033137184,2.4656368297793,1,32
37,1,0.694,0.22052807674451,1.956,0.205197724417465,0.015,0.121613279660528,0.954,0.209589904165081,24.116664287859,3.17851104194951,1,32
37,2,0.2714,0.168137771813208,1,0,0.397,0.489520817361867,0,0,18.2859149493148,2.51576665881981,1,32
38,1,0.7028,0.219591394140072,1.959,0.198389410902796,0.011,0.104354635210372,0.957,0.202958597236462,24.7598300472104,3.28547394440805,1,32
38,2,0.2644,0.162292880247345,1,0,0.238,0.426072221034812,0,0,18.536535887685,2.56394830314549,1,32
39,1,0.7088,0.217600344461837,1.959,0.198389410902796,0.011,0.104354635210372,0.957,0.202958597236462,25.4117479221267,3.39017760370469,1,32
39,2,0.2595,0.168695608147362,1,0,0.253,0.434948479914783,0,0,18.7880781606317,2.60725747621534,1,32
40,1,0.7094,0.213675682512768,1.959,0.198389410902796,0.007,0.0834143750078963,0.957,0.202958597236462,26.0695772496607,3.49073075482625,1,32
40,2,0.2569,0.167452770745755,1,0,0.127,0.333139583331045,0,0,19.0339672725363,2.64735025115711,1,32
41,1,0.7085,0.209192522599426,1.96,0.196057232558349,0.005,0.0705689732104696,0.958,0.200689502157627,26.7281376004941,3.58693226278238,1,32
41,2,0.2532,0.170877028763257,1,0,0.123,0.328601550481703,0,0,19.2835170243531,2.69256976029549,1,32
42,1,0.7163,0.209112500912877,1.962,0.191291904148065,0.004,0.0631505185092568,0.96,0.196057232558349,27.3857855733315,3.67728089406917,1,32
42,2,0.2485,0.170900429949597,1,0,0.077,0.266724843503829,0,0,19.5295561425321,2.74162358073494,1,32
43,1,0.7201,0.209976379814683,1.963,0.188856206322871,0.001,0.0316227766016838,0.961,0.193691808077979,28.0510852980101,3.76348621780223,1,32
43,2,0.25,0.175073272233801,1,0,0.048,0.213873190797121,0,0,19.7731807161628,2.79526685994681,1,32
44,1,0.7163,0.207719660738837,1.963,0.188856206322871,0,0,0.961,0.193691808077979,28.7202017578853,3.84976658775979,1,32
44,2,0.2455,0.172015520635027,1,0,0.04,0.196057232558349,0,0,20.0197182689382,2.85026786854647,1,32
45,1,0.72,0.210152716290235,1.963,0.188856206322871,0,0,0.961,0.193691808077979,29.385517770689,3.92929564115416,1,32
45,2,0.2431,0.171877665599495,1,0,0.035,0.18387171834953,0,0,20.2621491692266,2.90618001983894,1,32
46,1,0.7176,0.208791364366043,1.963,0.188856206322871,0,0,0.961,0.193691808077979,30.0544506384691,4.01560700581294,1,32
46,2,0.2414,0.173770642619046,1,0,0,0,0,0,20.5024154801704,2.96694258596659,1,32
47,1,0.7239,0.212659384965757,1.963,0.188856206322871,0,0,0.961,0.193691808077979,30.7209276281587,4.10232547827139,1,32
47,2,0.238,0.173741722640781,1,0,0,0,0,0,20.7427075349999,3.03022214041056,1,32
48,1,0.7207,0.213182919008435,1.963,0.188856206322871,0,0,0.961,0.193691808077979,31.3936084281504,4.18626167552717,1,32
48,2,0.2401,0.174448910636961,1,0,0,0,0,0,20.979591503925,3.09510731344452,1,32
49,1,0.724,0.211254890188674,1.963,0.188856206322871,0,0,0.961,0.193691808077979,32.0630372840213,4.2722939240354,1,32
49,2,0.24,0.181804986326154,1,0,0,0,0,0,21.2185417281049,3.16257641176665,1,32
50,1,0.721,0.213927008030227,1.963,0.188856206322871,0,0,0.961,0.193691808077979,32.7356830657539,4.35971994240235,1,32
50,2,0.2456,0.188987714829182,1,0,0,0,0,0,21.4573685460882,3.2303535549526,1,32
51,1,0.7228,0.21425700937441,1.963,0.188856206322871,0,0,0.961,0.193691808077979,33.405276546217,4.45097391474106,1,32
51,2,0.2411,0.182795525667901,1,0,0,0,0,0,21.7017435498801,3.30065092532092,1,32
52,1,0.7185,0.214741388334582,1.963,0.188856206322871,0,0,0.961,0.193691808077979,34.0765939102447,4.5374060399317,1,32
52,2,0.2451,0.188551164254007,1,0,0,0,0,0,21.9416170088902,3.37453278379591,1,32
53,1,0.7197,0.209632668865938,1.963,0.188856206322871,0,0,0.961,0.193691808077979,34.7435664456129,4.62353132344093,1,32
53,2,0.2501,0.19203350454248,1,0,0,0,0,0,22.1854457335061,3.45642814823341,1,32
54,1,0.7187,0.207324126172747,1.963,0.188856206322871,0,0,0.961,0.193691808077979,35.4116659402355,4.71053668306675,1,32
54,2,0.2465,0.192833956903173,1,0,0,0,0,0,22.4342236440326,3.5372898464462,1,32
55,1,0.7165,0.211476884014477,1.963,0.188856206322871,0,0,0.961,0.193691808077979,36.0787040106234,4.79547200099847,1,32
55,2,0.2464,0.194794725249389,1,0,0,0,0,0,22.6793960653412,3.62143019924982,1,32
56,1,0.715,0.210854118905606,1.963,0.188856206322871,0,0,0.961,0.193691808077979,36.7434874445919,4.88646403169476,1,32
56,2,0.2464,0.195461620900997,1,0,0,0,0,0,22.9244445179253,3.70170167357131,1,32
57,1,0.7213,0.213452270711445,1.963,0.188856206322871,0,0,0.961,0.193691808077979,37.4067127771585,4.97502957780209,1,32
57,2,0.2446,0.192374239044233,1,0,0,0,0,0,23.1694684656641,3.78231925524249,1,32
58,1,0.7208,0.207678815699846,1.963,0.188856206322871,0,0,0.961,0.193691808077979,38.0761359775558,5.06625286294125,1,32
58,2,0.2503,0.201595016184802,1,0,0,0,0,0,23.4126781423328,3.86504457270246,1,32
59,1,0.7246,0.205321691491661,1.963,0.188856206322871,0,0,0.961,0.193691808077979,38.7449951273834,5.15535578799392,1,32
59,2,0.2541,0.206654048825316,1,0,0,0,0,0,23.6615305320791,3.95373698128381,1,32
60,1,0.7248,0.20382960164438,1.963,0.188856206322871,0,0,0.961,0.193691808077979,39.4175650361907,5.2482791736379,1,32
60,2,0.2561,0.207426651652616,1,0,0,0,0,0,23.9141356814811,4.04748543023343,1,32
61,1,0.7306,0.200459032781823,1.963,0.188856206322871,0,0,0.961,0.193691808077979,40.0902664915403,5.33935807959437,1,32
61,2,0.2571,0.209555490272871,1,0,0,0,0,0,24.1687036056999,4.13913137998794,1,32
62,1,0.7253,0.201122749484886,1.963,0.188856206322871,0,0,0.961,0.193691808077979,40.7686654026759,5.4305585733147,1,32
62,2,0.2546,0.207995437695403,1,0,0,0,0,0,24.4242399913902,4.23716864671237,1,32
63,1,0.7301,0.203728975591337,1.963,0.188856206322871,0,0,0.961,0.193691808077979,41.4417292338975,5.52362075861726,1,32
63,2,0.2535,0.205548047910945,1,0,0,0,0,0,24.6772662762614,4.33362920460166,1,32
64,1,0.7207,0.203477057460818,1.963,0.188856206322871,0,0,0.961,0.193691808077979,42.1194956122897,5.61377147620951,1,32
64,2,0.2512,0.204989220644844,1,0,0,0,0,0,24.9291741670648,4.4253890674349,1,32
65,1,0.7217,0.206304802832294,1.963,0.188856206322871,0,0,0.961,0.193691808077979,42.7878541849311,5.70872296051742,1,32
65,2,0.2528,0.208123702339439,1,0,0,0,0,0,25.1787715408067,4.51940952879699,1,32
66,1,0.7213,0.208181770694866,1.963,0.188856206322871,0,0,0.961,0.193691808077979,43.4571394424716,5.80169194091278,1,32
66,2,0.2568,0.209756424830702,1,0,0,0,0,0,25.4299335880215,4.61500528010032,1,32
67,1,0.7157,0.208535361502545,1.963,0.188856206322871,0,0,0.961,0.193691808077979,44.1259604029247,5.8962660513517,1,32
67,2,0.2589,0.213040315846969,1,0,0,0,0,0,25.6850442046488,4.71401179851676,1,32
68,1,0.7142,0.203420106527697,1.963,0.188856206322871,0,0,0.961,0.193691808077979,44.7891518777335,5.98873329676767,1,32
68,2,0.2624,0.217562803745433,1,0,0,0,0,0,25.9422152865451,4.81528150414868,1,32
69,1,0.7156,0.198988030384333,1.963,0.188856206322871,0,0,0.961,0.193691808077979,45.4507871992999,6.08240533796055,1,32
69,2,0.2647,0.217925219746135,1,0,0,0,0,0,26.202836930888,4.92106430996411,1,32
70,1,0.7272,0.198644455295434,1.963,0.188856206322871,0,0,0.961,0.193691808077979,46.1137467301049,6.17094663591553,1,32
70,2,0.2661,0.219747762398344,1,0,0,0,0,0,26.4657166969041,5.03351075567258,1,32
71,1,0.7326,0.20104143268903,1.963,0.188856206322871,0,0,0.961,0.193691808077979,46.788159044463,6.25561484229841,1,32
71,2,0.2746,0.226641139703731,1,0,0,0,0,0,26.7299604086772,5.14881484612119,1,32
72,1,0.7371,0.203408369948154,1.963,0.188856206322871,0,0,0.961,0.193691808077979,47.4678657114714,6.34151126328891,1,32
72,2,0.2776,0.230198243327857,1,0,0,0,0,0,27.0026175568191,5.26940957808754,1,32
73,1,0.7395,0.205455498738685,1.963,0.188856206322871,0,0,0.961,0.193691808077979,48.1519721225653,6.42814951230591,1,32
73,2,0.2783,0.227312077947435,1,0,0,0,0,0,27.2782259157475,5.39588604549025,1,32
74,1,0.7319,0.203306969196149,1.963,0.188856206322871,0,0,0.961,0.193691808077979,48.838392665941,6.51827489929971,1,32
74,2,0.2846,0.227848095789179,1,0,0,0,0,0,27.5545016221926,5.52287159456718,1,32
75,1,0.7294,0.205615947625465,1.963,0.188856206322871,0,0,0.961,0.193691808077979,49.5172006024782,6.60703487300461,1,32
75,2,0.2863,0.23202617556247,1,0,0,0,0,0,27.8370032508224,5.65526340368076,1,32
76,1,0.7253,0.211316266682346,1.963,0.188856206322871,0,0,0.961,0.193691808077979,50.1934593390152,6.69259044079421,1,32
76,2,0.2961,0.241315194347606,1,0,0,0,0,0,28.1211639263497,5.78940526384923,1,32
77,1,0.7233,0.210455224219788,1.963,0.188856206322871,0,0,0.961,0.193691808077979,50.8655814931163,6.78306400125991,1,32
77,2,0.2971,0.241453701338145,1,0,0,0,0,0,28.4150219844219,5.92854055510118,1,32
78,1,0.7246,0.209949800949939,1.963,0.188856206322871,0,0,0.961,0.193691808077979,51.535651776628,6.87308692423473,1,32
78,2,0.3012,0.248032417397565,1,0,0,0,0,0,28.7098429858751,6.07046976292888,1,32
79,1,0.7225,0.207573690136387,1.963,0.188856206322871,0,0,0.961,0.193691808077979,52.2069449520517,6.96696376306448,1,32
79,2,0.3035,0.247465126813838,1,0,0,0,0,0,29.0087026480399,6.21763435121966,1,32
80,1,0.7233,0.210597866706815,1.963,0.188856206322871,0,0,0.961,0.193691808077979,52.8760875236225,7.05835340957965,1,32
80,2,0.3093,0.253273878751161,1,0,0,0,0,0,29.30981432492,6.3667004368742,1,32
81,1,0.7256,0.20723799745121,1.963,0.188856206322871,0,0,0.96,0.196057232558349,53.5459568061506,7.15206917451234,1,32
81,2,0.3114,0.252296836471831,1,0,0,0,0,0,29.6166496734368,6.51733140959237,1,32
82,1,0.7181,0.20189886862772,1.963,0.188856206322871,0,0,0.759,0.427904314189635,54.2180901426904,7.24104661456155,1,32
82,2,0.3141,0.250627221195153,1,0,0,0,0,0,29.9255373962798,6.67127475437304,1,32
83,1,0.7097,0.212511343393879,1.963,0.188856206322871,0,0,0,0,54.8926854403565,7.33367160294088,1,32
83,2,0.3161,0.253919800853075,1,0,0,0,0,0,30.237072179779,6.82509122930473,1,32
84,1,0.6311,0.216447775778915,1.963,0.188856206322871,0,0,0,0,55.5965190163698,7.41928695512528,1,32
84,2,0.3171,0.253696574576702,1,0,0,0,0,0,30.5505592776764,6.98304330882158,1,32
0,1,1,0,1,0,0,0,0,0,0,0,2,32
0,2,1,0,1,0,0,0,0,0,0,0,2,32
1,1,0.8828,0.108977227144188,1,0,0.14,0.347160655202344,0,0,1,0,2,32
1,2,0.884,0.107217048530052,1,0,0.122,0.327449573557858,0,0,1,0,2,32
2,1,0.8344,0.133470800006797,1.016,0.125537881771837,0.233,0.422953768028954,0.016,0.125537881771837,1.87571242,0.122336975658044,2,32
2,2,0.8398,0.133092725848086,1,0,0.262,0.439942666207257,0,0,1.87781221,0.119323018764499,2,32
3,1,0.8031,0.146361920634473,1.042,0.200689502157627,0.55,0.497742652128334,0.042,0.200689502157627,2.6974980382195,0.219215910650658,2,32
3,2,0.8093,0.145687112452457,1,0,0.56,0.496635325612916,0,0,2.704346878267,0.218258151416879,2,32
4,1,0.7849,0.152791803887955,1.093,0.290577761426155,0.342,0.474616962677548,0.093,0.290577761426155,3.47076601142373,0.325070729045286,2,32
4,2,0.7962,0.151289287289115,1,0,0.368,0.48250265160806,0,0,3.48541251170522,0.330337583007865,2,32
5,1,0.7696,0.157545741486911,1.123,0.328601550481703,0.395,0.489095301770743,0.123,0.328601550481703,4.23361079720967,0.432626242666966,2,32
5,2,0.7804,0.159503232823919,1,0,0.424,0.494437527366672,0,0,4.26290143837011,0.439396511577605,2,32
6,1,0.7714,0.161704014137523,1.157,0.363982806576744,0.478,0.499765710874371,0.157,0.363982806576744,4.97693902157224,0.53619997995601,2,32
6,2,0.7717,0.161663988708819,1,0,0.593,0.491520693961701,0,0,5.02172191428252,0.553821009482413,2,32
7,1,0.7649,0.165727051067276,1.199,0.399447817065707,0.33,0.470448000656099,0.199,0.399447817065707,5.71614534250495,0.638142600434902,2,32
7,2,0.7689,0.160712845219723,1,0,0.437,0.496263314458441,0,0,5.76332679557518,0.664485805541651,2,32
8,1,0.7468,0.166003967775826,1.238,0.426072221034812,0.394,0.488879333785959,0.238,0.426072221034812,6.4540785825536,0.738308425396807,2,32
8,2,0.7573,0.162212894133059,1,0,0.543,0.498396829242923,0,0,6.50985401742953,0.764340906725562,2,32
9,1,0.7456,0.168668577657752,1.275,0.446737702208549,0.334,0.47187568984497,0.275,0.446737702208549,7.16870662276956,0.83791328113621,2,32
9,2,0.754,0.166768737513395,1,0,0.468,0.499224624017311,0,0,7.23942010183065,0.860571883079126,2,32
10,1,0.7376,0.167673356125397,1.312,0.463541660340115,0.552,0.49753747953651,0.312,0.463541660340115,7.88321324516349,0.936326872519461,2,32
10,2,0.7516,0.168480936090187,1,0,0.822,0.382704144820072,0,0,7.96936282478529,0.951249132166564,2,32
11,1,0.7346,0.168556374104485,1.374,0.484105730557239,0.626,0.484105730557239,0.224,0.417130672569158,8.57691915756018,1.02894921740454,2,32
11,2,0.7521,0.168653591820732,1,0,1,0,0,0,8.67915264442504,1.04175996449847,2,32
12,1,0.7398,0.171596635763658,1.442,0.496873105413125,0.557,0.496988931464271,0.14,0.347160655202344,9.26825822810101,1.10516385279095,2,32
12,2,0.7442,0.166355144296875,1,0,0.996,0.0631505185092568,0,0,9.38048072046422,1.12178548054544,2,32
13,1,0.7359,0.167956540210256,1.492,0.500186151533793,0.498,0.500246185638877,0.125,0.330884397463048,9.97236275321295,1.18417883243616,2,32
13,2,0.7453,0.16728985592646,1,0,0.97,0.170672578726429,0,0,10.0740478986155,1.1962868936511,2,32
14,1,0.7358,0.169844656104357,1.548,0.497939699104163,0.411,0.49226143594773,0.176,0.381010720543621,10.6761971277164,1.24722587544733,2,32
14,2,0.7409,0.17362988607189,1,0,0.9,0.300150112593832,0,0,10.7699426019203,1.26537408598148,2,32
15,1,0.7373,0.169668787634902,1.595,0.491137675419242,0.337,0.472921404310119,0.241,0.427904314189635,11.3816587403289,1.31313028865173,2,32
15,2,0.7394,0.170107544149507,1,0,0.819,0.385210834981815,0,0,11.464868974936,1.33074734930019,2,32
16,1,0.7429,0.174757346426782,1.626,0.484105730557239,0.262,0.439942666207257,0.284,0.451162440311189,12.0889968838266,1.38355680340657,2,32
16,2,0.7396,0.172457477604137,1,0,0.704,0.45671938057476,0,0,12.1622720329908,1.3958941635957,2,32
17,1,0.7417,0.173612359154673,1.657,0.474949025240158,0.184,0.387678080750375,0.32,0.466709564737876,12.803452782146,1.45603068488489,2,32
17,2,0.7296,0.169801862983516,1,0,0.571,0.495180981262613,0,0,12.8655458378765,1.45771920115257,2,32
18,1,0.7422,0.171547627755643,1.677,0.467856698028242,0.146,0.353282901948012,0.345,0.475606140836303,13.518735706099,1.52775836211317,2,32
18,2,0.7323,0.172326453008255,1,0,0.473,0.499520290399219,0,0,13.5654050058279,1.51603051035191,2,32
19,1,0.7437,0.166276751104771,1.697,0.459785169837395,0.104,0.305413289293831,0.373,0.483844091733179,14.2350950335181,1.60336621779516,2,32
19,2,0.7314,0.176082494998921,1,0,0.397,0.489520817361867,0,0,14.2727805194844,1.57597935848093,2,32
20,1,0.7388,0.167996377290651,1.71,0.453989103510322,0.108,0.310535718448671,0.398,0.489730370546728,14.9535785487643,1.67343290064565,2,32
20,2,0.7271,0.177050662062973,1,0,0.472,0.499465179432426,0,0,14.9829797905457,1.64128860021405,2,32
21,1,0.7354,0.172268733426924,1.723,0.447740406342192,0.109,0.311795151046671,0.413,0.492619197427053,15.6656529036013,1.73848294665407,2,32
21,2,0.7231,0.178404647412051,1,0,0.549,0.497842190705897,0,0,15.685074126394,1.71382694111757,2,32
22,1,0.7343,0.174309764195509,1.733,0.44261372200476,0.134,0.340822769427396,0.424,0.494437527366672,16.3734648621884,1.81464324293341,2,32
22,2,0.7276,0.176151268145504,1,0,0.581,0.493642261848277,0,0,16.3792647213342,1.78339204635348,2,32
23,1,0.7348,0.179725516444553,1.751,0.432650189166937,0.136,0.342960087505269,0.444,0.497102716861527,17.078312412885,1.88801021486165,2,32
23,2,0.7343,0.176705219885364,1,0,0.618,0.486119648144685,0,0,17.0762795239095,1.84706791322161,2,32
24,1,0.7335,0.177423868826123,1.767,0.422953768028954,0.137,0.344019402576874,0.464,0.498951854343636,17.7824908573097,1.96030987464485,2,32
24,2,0.73,0.177796545555901,1,0,0.609,0.488218554908923,0,0,17.7780634822664,1.90564970218221,2,32
25,1,0.7317,0.177247077624785,1.778,0.415799096787005,0.139,0.346119630761965,0.484,0.499993993957921,18.4842545174086,2.03448160498823,2,32
25,2,0.7162,0.173342457602307,1,0,0.577,0.494282626960846,0,0,18.4759364916092,1.95785728630156,2,32
26,1,0.7315,0.178520641998676,1.794,0.404632830758612,0.145,0.352277020396022,0.523,0.499720642680209,19.1830552424483,2.10383413135749,2,32
26,2,0.7167,0.179397026991233,1,0,0.601,0.489937790988855,0,0,19.1615701770792,2.00170334800971,2,32
27,1,0.7378,0.174417836191089,1.813,0.390106630529633,0.139,0.346119630761965,0.548,0.497939699104163,19.8793424494592,2.16892693875405,2,32
27,2,0.7171,0.176830028159413,1,0,0.604,0.489309128694145,0,0,19.8464371169074,2.04184464519945,2,32
28,1,0.7391,0.168075695564348,1.831,0.374939434548541,0.115,0.319181573523405,0.58,0.49380547166252,20.5808956015124,2.23449325333972,2,32
28,2,0.719,0.17829972179112,1,0,0.562,0.496389365722517,0,0,20.5314848959184,2.0861833726642,2,32
29,1,0.7406,0.166671591518829,1.839,0.367714854492192,0.096,0.294738648417324,0.608,0.488440963243844,21.2832760816494,2.28911715642439,2,32
29,2,0.7116,0.17999399389379,1,0,0.508,0.500186151533793,0,0,21.2204529852585,2.12775265663337,2,32
30,1,0.7398,0.171070819327041,1.845,0.362085771753194,0.087,0.281976081451088,0.638,0.480819287453392,21.9866332829975,2.33625593916323,2,32
30,2,0.7063,0.176696155961389,1,0,0.476,0.499673567115245,0,0,21.9046657887247,2.16928805057136,2,32
31,1,0.7413,0.173650408765613,1.854,0.353282901948012,0.053,0.224145580463326,0.667,0.47152235719352,22.6880756905855,2.38560292322652,2,32
31,2,0.7062,0.182961840379449,1,0,0.309,0.462312375707954,0,0,22.5851212548306,2.20684028431796,2,32
32,1,0.7384,0.176908837361893,1.86,0.347160655202344,0.037,0.188856206322871,0.689,0.463134422704136,23.3911925370624,2.43019456603194,2,32
32,2,0.708,0.178235147397386,1,0,0.269,0.443661848524116,0,0,23.2737331387154,2.25709744877214,2,32
33,1,0.7384,0.175374445676091,1.861,0.346119630761965,0.046,0.209589904165081,0.706,0.455819889618445,24.0910492959985,2.4732760754007,2,32
33,2,0.7055,0.177005878662493,1,0,0.267,0.44261372200476,0,0,23.9660640202409,2.30531140904236,2,32
34,1,0.7434,0.178348670441493,1.867,0.339744648856206,0.04,0.196057232558349,0.732,0.443139224592421,24.7895403524018,2.50905810587172,2,32
34,2,0.708,0.175746655407399,1,0,0.238,0.426072221034812,0,0,24.6559335760194,2.35586908838091,2,32
35,1,0.7424,0.175707464591329,1.873,0.333139583331045,0.03,0.170672578726429,0.756,0.429707631592282,25.4919479821156,2.54893077496993,2,32
35,2,0.704,0.179878726803245,1,0,0.22,0.414453582167861,0,0,25.3496707369782,2.40607563389134,2,32
36,1,0.7499,0.172539154280296,1.877,0.328601550481703,0.022,0.146756729104793,0.77,0.421043082447957,26.1925913109625,2.58310283807822,2,32
36,2,0.7024,0.179461545871104,1,0,0.158,0.364923511395428,0,0,26.0402493557961,2.46121101768094,2,32
37,1,0.7449,0.16930048036746,1.88,0.325124138915747,0.022,0.146756729104793,0.789,0.408222544264333,26.9003387007851,2.62262202354359,2,32
37,2,0.6991,0.180947318112018,1,0,0.189,0.391704521843229,0,0,26.7322535261915,2.51483743919302,2,32
38,1,0.751,0.176096592840435,1.881,0.323950527000565,0.018,0.133017644294634,0.808,0.394070160366516,27.602087291288,2.6580050852064,2,32
38,2,0.7,0.184754253358709,1,0,0.132,0.338660140392534,0,0,27.4193564089064,2.57085085652685,2,32
39,1,0.7485,0.176206693399538,1.884,0.320385153598987,0.012,0.108939744206914,0.819,0.385210834981815,28.3090954144972,2.69370218290558,2,32
39,2,0.6986,0.182897489024567,1,0,0.151,0.358228038164697,0,0,28.110126357664,2.62381319180017,2,32
40,1,0.7586,0.176684060563644,1.885,0.319181573523405,0.007,0.0834143750078963,0.826,0.379299179893482,29.0132935415417,2.73758744306318,2,32
40,2,0.7038,0.182644241406399,1,0,0.085,0.279021240863223,0,0,28.7984863770347,2.67606927792422,2,32
41,1,0.7471,0.173498391034879,1.885,0.319181573523405,0.006,0.0772655807586403,0.839,0.367714854492192,29.7273813266747,2.777925631339,2,32
41,2,0.7014,0.184965543418909,1,0,0.039,0.193691808077979,0,0,29.4952436266195,2.72780524120988,2,32
42,1,0.7396,0.171117273006325,1.885,0.319181573523405,0.008,0.0891288053546324,0.852,0.355277669185979,30.4293472139382,2.8217821377001,2,32
42,2,0.7015,0.183415897324609,1,0,0.049,0.215976030257169,0,0,30.1918316096605,2.78005168533088,2,32
43,1,0.7421,0.170899961371549,1.885,0.319181573523405,0.01,0.0995485304256668,0.862,0.345072564941166,31.123027483675,2.86371439440674,2,32
43,2,0.7013,0.182377552268835,1,0,0.078,0.268305773303498,0,0,30.8879516104637,2.82910090789762,2,32
44,1,0.7451,0.173568764805526,1.886,0.317970289657863,0.008,0.0891288053546324,0.869,0.337569182469243,31.8185302325184,2.91001272986651,2,32
44,2,0.6971,0.184433200930867,1,0,0.05,0.218054001448145,0,0,31.5823590793877,2.88175764989357,2,32
45,1,0.7423,0.179200510107597,1.887,0.316751213622507,0.005,0.0705689732104696,0.874,0.332015412645609,32.5167013570656,2.95523925902172,2,32
45,2,0.6993,0.184400416250923,1,0,0.052,0.222138122224316,0,0,32.2739094011138,2.93149260493464,2,32
46,1,0.746,0.177413290019309,1.887,0.316751213622507,0,0,0.876,0.32974646735444,33.2119156858314,2.99765337244429,2,32
46,2,0.6961,0.178175577834159,1,0,0.005,0.0705689732104696,0,0,32.967481138568,2.97431026640221,2,32
47,1,0.7426,0.178317237072127,1.887,0.316751213622507,0,0,0.877,0.328601550481703,33.9108928229534,3.03282798456299,2,32
47,2,0.701,0.179642064314768,1,0,0,0,0,0,33.6601374200639,3.01429369274495,2,32
48,1,0.7488,0.17643607819743,1.887,0.316751213622507,0,0,0.881,0.323950527000565,34.6063662401232,3.06610475099714,2,32
48,2,0.7092,0.186037549892407,1,0,0,0,0,0,34.3578502865196,3.05609602664591,2,32
49,1,0.7428,0.181386496358084,1.887,0.316751213622507,0,0,0.882,0.322769546550136,35.3077413775275,3.10463294892212,2,32
49,2,0.7144,0.183483803934588,1,0,0,0,0,0,35.0636541140431,3.10763968929092,2,32
50,1,0.739,0.18114030973754,1.887,0.316751213622507,0,0,0.884,0.320385153598987,36.0030259513815,3.14367234813149,2,32
50,2,0.7141,0.179285619427029,1,0,0,0,0,0,35.7745619422401,3.15497954310298,2,32
51,1,0.7432,0.179404420084751,1.887,0.316751213622507,0,0,0.886,0.317970289657863,36.6943604490794,3.17992416638099,2,32
51,2,0.7158,0.176242507419242,1,0,0,0,0,0,36.4851001759852,3.1988649612278,2,32
52,1,0.7459,0.181041337726957,1.887,0.316751213622507,0,0,0.887,0.316751213622507,37.3897049555172,3.21788056492251,2,32
52,2,0.7186,0.178790396850631,1,0,0,0,0,0,37.1972587075465,3.24058675620619,2,32
53,1,0.7443,0.180997984160792,1.887,0.316751213622507,0,0,0.887,0.316751213622507,38.0876161825849,3.25751776482962,2,32
53,2,0.7222,0.181549222306569,1,0,0,0,0,0,37.9121315003209,3.28555730058691,2,32
54,1,0.7388,0.178118742097193,1.887,0.316751213622507,0,0,0.887,0.316751213622507,38.7838660765194,3.29504504989378,2,32
54,2,0.7254,0.179574739557342,1,0,0,0,0,0,38.6305137753398,3.32865699898223,2,32
55,1,0.7444,0.17860722421151,1.887,0.316751213622507,0,0,0.887,0.316751213622507,39.4745759668957,3.33070098900304,2,32
55,2,0.715,0.177331459268925,1,0,0,0,0,0,39.3520069778439,3.3656608886484,2,32
56,1,0.7488,0.171662541132386,1.887,0.316751213622507,0,0,0.887,0.316751213622507,40.1707860692962,3.36686790881215,2,32
56,2,0.7127,0.179836178370902,1,0,0,0,0,0,40.0630850768602,3.3983195494403,2,32
57,1,0.7499,0.171899795053803,1.887,0.316751213622507,0,0,0.887,0.316751213622507,40.8713019783247,3.40353833346166,2,32
57,2,0.7125,0.17918107002654,1,0,0,0,0,0,40.7718049127103,3.4314208697745,2,32
58,1,0.7444,0.173662888375147,1.887,0.316751213622507,0,0,0.887,0.316751213622507,41.5728415832862,3.43868473091788,2,32
58,2,0.7127,0.182707668399802,1,0,0,0,0,0,41.4802550133907,3.45746476670061,2,32
59,1,0.7466,0.169992168458836,1.887,0.316751213622507,0,0,0.887,0.316751213622507,42.2688428435416,3.47332116491607,2,32
59,2,0.7114,0.17922656656356,1,0,0,0,0,0,42.1888331123608,3.4880832001744,2,32
60,1,0.7467,0.173491236692835,1.887,0.316751213622507,0,0,0.887,0.316751213622507,42.9669615612416,3.50178267055564,2,32
60,2,0.716,0.176281238579365,1,0,0,0,0,0,42.8960480013203,3.51660851488844,2,32
61,1,0.7471,0.174820342500958,1.887,0.316751213622507,0,0,0.887,0.316751213622507,43.6651098688364,3.53419547499008,2,32
61,2,0.718,0.177559926581218,1,0,0,0,0,0,43.6077646500536,3.54462689781731,2,32
62,1,0.7475,0.171005827365599,1.887,0.316751213622507,0,0,0.887,0.316751213622507,44.363585928906,3.56036686034497,2,32
62,2,0.7146,0.175891380623889,1,0,0,0,0,0,44.3213979636502,3.57268248186734,2,32
63,1,0.7517,0.171074183839574,1.887,0.316751213622507,0,0,0.887,0.316751213622507,45.0623896689186,3.59319462987631,2,32
63,2,0.7095,0.177401299942309,1,0,0,0,0,0,45.0315809297499,3.59976760567326,2,32
64,1,0.7526,0.175225408956418,1.887,0.316751213622507,0,0,0.887,0.316751213622507,45.7652971504166,3.62646721632496,2,32
64,2,0.7121,0.173590678677525,1,0,0,0,0,0,45.7366249081521,3.62917520362361,2,32
65,1,0.7488,0.163356191328169,1.887,0.316751213622507,0,0,0.887,0.316751213622507,46.469028599273,3.65829549346743,2,32
65,2,0.7104,0.175962503968325,1,0,0,0,0,0,46.4441817944644,3.66151088994326,2,32
66,1,0.7501,0.166034808270909,1.887,0.316751213622507,0,0,0.887,0.316751213622507,47.1689142961103,3.68851940844349,2,32
66,2,0.7118,0.179312333409927,1,0,0,0,0,0,47.1499789398022,3.6935062957061,2,32
67,1,0.7476,0.167935828346552,1.887,0.316751213622507,0,0,0.887,0.316751213622507,47.8700214522035,3.72336583130115,2,32
67,2,0.7169,0.176849273862421,1,0,0,0,0,0,47.8570962953914,3.72612125621183,2,32
68,1,0.7501,0.169554530280788,1.887,0.316751213622507,0,0,0.887,0.316751213622507,48.5685751924256,3.75342797617311,2,32
68,2,0.7166,0.178707516283945,1,0,0,0,0,0,48.5692088817622,3.75741546666985,2,32
69,1,0.7479,0.169600572977671,1.887,0.316751213622507,0,0,0.887,0.316751213622507,49.2695421340986,3.78825537194214,2,32
69,2,0.7185,0.181605976583181,1,0,0,0,0,0,49.2809522900554,3.79100803653825,2,32
70,1,0.7497,0.167833483185204,1.887,0.316751213622507,0,0,0.887,0.316751213622507,49.9682541075806,3.82777321129622,2,32
70,2,0.7261,0.184126838599626,1,0,0,0,0,0,49.9945114584823,3.82258493124343,2,32
71,1,0.7536,0.1677950988414,1.887,0.316751213622507,0,0,0.887,0.316751213622507,50.6686836532368,3.86200436869603,2,32
71,2,0.7284,0.18288490065308,1,0,0,0,0,0,50.7155462541171,3.85776058521569,2,32
72,1,0.7498,0.170965461977527,1.887,0.316751213622507,0,0,0.887,0.316751213622507,51.372915562631,3.89760673518266,2,32
72,2,0.7273,0.176680292975549,1,0,0,0,0,0,51.4387926732961,3.88868977822621,2,32
73,1,0.7495,0.172480432222034,1.887,0.316751213622507,0,0,0.887,0.316751213622507,52.0733043119324,3.92875355702713,2,32
73,2,0.7313,0.175445407723004,1,0,0,0,0,0,52.1608746597826,3.92506243487984,2,32
74,1,0.7561,0.170034413286551,1.887,0.316751213622507,0,0,0.887,0.316751213622507,52.7733252044935,3.95726403675314,2,32
74,2,0.7263,0.179249659526707,1,0,0,0,0,0,52.8868553429422,3.96075222829328,2,32
75,1,0.7595,0.176807836395933,1.887,0.316751213622507,0,0,0.887,0.316751213622507,53.4798274328043,3.99199263521297,2,32
75,2,0.7247,0.178414522227709,1,0,0,0,0,0,53.607800293307,3.98994658828701,2,32
76,1,0.7598,0.174569282619923,1.887,0.316751213622507,0,0,0.887,0.316751213622507,54.1896336050131,4.02372780919215,2,32
76,2,0.7279,0.176075530930884,1,0,0,0,0,0,54.3270851048845,4.01804213596169,2,32
77,1,0.7565,0.169134137170343,1.887,0.316751213622507,0,0,0.887,0.316751213622507,54.8996665251336,4.04952572484323,2,32
77,2,0.7253,0.181336132066372,1,0,0,0,0,0,55.0494737589564,4.04261484845849,2,32
78,1,0.7543,0.170030645533152,1.887,0.316751213622507,0,0,0.887,0.316751213622507,55.6063537556451,4.07280429854487,2,32
78,2,0.7292,0.179163220163792,1,0,0,0,0,0,55.7692101182767,4.06740430023557,2,32
79,1,0.753,0.170587514490657,1.887,0.316751213622507,0,0,0.887,0.316751213622507,56.3107874115346,4.09644613258572,2,32
79,2,0.7291,0.179319115950713,1,0,0,0,0,0,56.492744200782,4.09637700788968,2,32
80,1,0.749,0.17294192351454,1.887,0.316751213622507,0,0,0.887,0.316751213622507,57.0138608541081,4.11883787135801,2,32
80,2,0.7295,0.177231941706796,1,0,0,0,0,0,57.2161067168059,4.1225536269991,2,32
81,1,0.7525,0.174195562785319,1.887,0.316751213622507,0,0,0.878,0.327449573557858,57.7128958632653,4.14001280608774,2,32
81,2,0.7285,0.178296212914183,1,0,0,0,0,0,57.9397937091854,4.14743002767132,2,32
82,1,0.7527,0.172227675976808,1.887,0.316751213622507,0,0,0.423,0.494282626960846,58.4157791015652,4.16493976253554,2,32
82,2,0.7347,0.176570346001493,1,0,0,0,0,0,58.6624164005507,4.16814231800067,2,32
83,1,0.7429,0.169818810584777,1.887,0.316751213622507,0,0,0,0,59.1413546216824,4.19720596901219,2,32
83,2,0.7346,0.175481148940944,1,0,0,0,0,0,59.391116195001,4.19210375455813,2,32
84,1,0.7488,0.174496444115658,1.887,0.316751213622507,0,0,0,0,59.8781137644473,4.21773236305042,2,32
84,2,0.7333,0.176783376940148,1,0,0,0,0,0,60.119643946078,4.21373591637484,2,32
0,1,1,0,1,0,0,0,0,0,0,0,3,32
0,2,1,0,1,0,0,0,0,0,0,0,3,32
1,1,0.8817,0.108659637938459,1,0,0.119,0.323950527000565,0,0,1,0,3,32
1,2,0.8818,0.110457960152091,1,0,0.119,0.323950527000565,0,0,1,0,3,32
2,1,0.8305,0.134899770007024,1.015,0.121613279660528,0.241,0.427904314189635,0.015,0.121613279660528,1.875662425,0.120710798418987,3,32
2,2,0.836,0.129695107158369,1,0,0.27,0.444181603960922,0,0,1.875762415,0.122622628840873,3,32
3,1,0.8119,0.144877118204979,1.034,0.181319819316248,0.539,0.49872610491905,0.034,0.181319819316248,2.693198893177,0.220653815467432,3,32
3,2,0.8133,0.140829481796046,1,0,0.567,0.495738597202958,0,0,2.698097923225,0.217007783667439,3,32
4,1,0.7946,0.152230135039072,1.085,0.279021240863223,0.336,0.472575208117531,0.085,0.279021240863223,3.47621394167372,0.329437047439581,3,32
4,2,0.7882,0.151735901433325,1,0,0.404,0.4909429956981,0,0,3.48281246177272,0.319138225599056,3,32
5,1,0.7848,0.159104601675358,1.12,0.325124138915747,0.344,0.475278749672116,0.12,0.325124138915747,4.24945456808362,0.431916625686614,3,32
5,2,0.7786,0.158325952096007,1,0,0.414,0.492794933868893,0,0,4.25050530784964,0.425669589655998,3,32
6,1,0.7725,0.159433902195139,1.143,0.350248017372938,0.499,0.500249187155011,0.143,0.350248017372938,5.01067384423601,0.536752945179288,3,32
6,2,0.7727,0.161774166296355,1,0,0.605,0.489095301770743,0,0,5.00802643363206,0.530257445866948,3,32
7,1,0.7685,0.16044779055348,1.196,0.397167145848875,0.318,0.465932498429862,0.196,0.397167145848875,5.7506297152812,0.637846103922891,3,32
7,2,0.763,0.163333026904168,1,0,0.453,0.498035178515573,0,0,5.75003107498472,0.636718525321553,3,32
8,1,0.7621,0.168350622012311,1.224,0.417130672569158,0.388,0.487538402275855,0.224,0.417130672569158,6.49290991124321,0.734017706007221,3,32
8,2,0.7597,0.168980662989777,1,0,0.526,0.499573391578829,0,0,6.48986298543231,0.730981294570688,3,32
9,1,0.7528,0.169117594474261,1.262,0.439942666207257,0.326,0.468981816218864,0.262,0.439942666207257,7.22382491602225,0.834154562873216,3,32
9,2,0.7574,0.170629289262876,1,0,0.469,0.49928778103243,0,0,7.22267647074324,0.836330982638314,3,32
10,1,0.7603,0.169595615133979,1.287,0.452587931606484,0.554,0.49732417127195,0.287,0.452587931606484,7.94657411638549,0.931923941007274,3,32
10,2,0.7608,0.170799685399396,1,0,0.813,0.390106630529633,0,0,7.9559661799036,0.934349646062008,3,32
11,1,0.7575,0.165623612993985,1.335,0.472226638382459,0.665,0.472226638382459,0.176,0.381010720543621,8.66410618951181,1.02299934705105,3,32
11,2,0.7576,0.169029023575275,1,0,1,0,0,0,8.6753963538847,1.03380400936299,3,32
12,1,0.7626,0.173064124506471,1.396,0.489309128694145,0.603,0.489520817361867,0.113,0.316751213622507,9.37876958789129,1.10241958638502,3,32
12,2,0.7586,0.176514014166573,1,0,1,0,0,0,9.38221838294797,1.11310078770034,3,32
13,1,0.7559,0.172670220376894,1.448,0.49753747953651,0.536,0.498951854343636,0.117,0.321581116383432,10.1046979074194,1.18456282116263,3,32
13,2,0.7573,0.172093946222191,1,0,0.966,0.181319819316248,0,0,10.0899685304681,1.18709226924963,3,32
14,1,0.7529,0.176018671090804,1.501,0.500249187155011,0.446,0.49732417127195,0.149,0.356266650033266,10.8270082463476,1.26040595143138,3,32
14,2,0.7536,0.170751855615675,1,0,0.866,0.340822769427396,0,0,10.7980473832854,1.2559162246245,3,32
15,1,0.7471,0.177321834620086,1.552,0.49753747953651,0.352,0.477832946043201,0.207,0.40535825551642,11.549146494151,1.33720617211348,3,32
15,2,0.7443,0.171688633831675,1,0,0.766,0.423584021680969,0,0,11.5073536093999,1.31753361911285,3,32
16,1,0.7477,0.176878478046358,1.587,0.492619197427053,0.275,0.446737702208549,0.242,0.428508599236491,12.2672185239314,1.42208263776949,3,32
16,2,0.7381,0.168483758198756,1,0,0.673,0.469351990824894,0,0,12.2122953503788,1.37899115702491,3,32
17,1,0.7441,0.177811154899817,1.616,0.486601254397048,0.195,0.396398955765693,0.271,0.444698500960771,12.9879144297473,1.50418131026186,3,32
17,2,0.7379,0.170301475603098,1,0,0.55,0.497742652128334,0,0,12.9156190753244,1.44331427522493,3,32
18,1,0.7398,0.176655504208522,1.637,0.481105458774334,0.131,0.337569182469243,0.3,0.458486870270251,13.7074900495453,1.58528654671724,3,32
18,2,0.7354,0.168568251029828,1,0,0.433,0.495738597202958,0,0,13.6248123609855,1.5077097371686,3,32
19,1,0.7438,0.17672801926348,1.649,0.477521755553637,0.11,0.313046319253234,0.311,0.463134422704136,14.4244482978819,1.67125724694771,3,32
19,2,0.7411,0.173582605467601,1,0,0.382,0.486119648144685,0,0,14.3372787024408,1.57714464144545,3,32
20,1,0.7499,0.170789809880915,1.66,0.47394580346768,0.106,0.307991653878573,0.328,0.469719742651548,15.1458263080843,1.75698609077669,3,32
20,2,0.739,0.175013227013359,1,0,0.413,0.492619197427053,0,0,15.0579081363615,1.64090451812521,3,32
21,1,0.7559,0.175943587965422,1.667,0.47152235719352,0.126,0.332015412645609,0.342,0.474616962677548,15.8725712908346,1.83367430344404,3,32
21,2,0.7344,0.17385875550822,1,0,0.476,0.499673567115245,0,0,15.7748228004079,1.71722207382556,3,32
22,1,0.7532,0.172799362324112,1.676,0.468234175646378,0.141,0.34819569244929,0.353,0.47814184048211,16.6035345781108,1.91133910229245,3,32
22,2,0.7388,0.176140811811419,1,0,0.543,0.498396829242923,0,0,16.4839320317232,1.79471388744846,3,32
23,1,0.7521,0.173798146698392,1.693,0.461480188051409,0.17,0.375820756799357,0.37,0.483045891539648,17.3304335598244,1.98385600281681,3,32
23,2,0.7449,0.175113262360835,1,0,0.615,0.486838794686714,0,0,17.1940180445393,1.86876019305148,3,32
24,1,0.7525,0.168944642685977,1.712,0.45305767983918,0.186,0.389301368550838,0.385,0.486838794686714,18.0538676630439,2.05356825257224,3,32
24,2,0.7414,0.178431717690207,1,0,0.618,0.486119648144685,0,0,17.9065273050747,1.93137631705901,3,32
25,1,0.7483,0.172066024295085,1.734,0.44208533049564,0.158,0.364923511395428,0.41,0.492079406338187,18.7760821796814,2.10963264918213,3,32
25,2,0.7476,0.175912436129983,1,0,0.534,0.499092269117739,0,0,18.6153240646174,1.98069272614231,3,32
26,1,0.7416,0.173434481921905,1.754,0.430894035314565,0.161,0.367714854492192,0.443,0.496988931464271,19.4941845877265,2.17010820309476,3,32
26,2,0.7487,0.173229092009161,1,0,0.572,0.495036423974096,0,0,19.3344239756602,2.0285126648414,3,32
27,1,0.744,0.175027525362826,1.77,0.421043082447957,0.159,0.36585906146063,0.465,0.499023069631078,20.203737257928,2.23372957728888,3,32
27,2,0.7484,0.172763674675226,1,0,0.587,0.492619197427053,0,0,20.052654054114,2.073064413047,3,32
28,1,0.7486,0.178016094018855,1.785,0.41102791139282,0.136,0.342960087505269,0.483,0.499960959436795,20.9146151977723,2.29563206441495,3,32
28,2,0.7508,0.172130732261816,1,0,0.558,0.496873105413125,0,0,20.7697651408776,2.11510210483572,3,32
29,1,0.7373,0.176152603556518,1.795,0.403903624814309,0.117,0.321581116383432,0.513,0.500081074508005,21.6302584881397,2.3600043029981,3,32
29,2,0.7493,0.16639470303227,1,0,0.475,0.499624483612067,0,0,21.4906437510728,2.15264465482996,3,32
30,1,0.7366,0.176384669264513,1.809,0.393285740491152,0.104,0.305413289293831,0.549,0.497842190705897,22.3340145311104,2.41607953503982,3,32
30,2,0.7535,0.173140774307289,1,0,0.413,0.492619197427053,0,0,22.2140925991564,2.19318186951619,3,32
31,1,0.736,0.177976615530456,1.819,0.385210834981815,0.071,0.256953351846254,0.576,0.494437527366672,23.0358557404368,2.4754314296247,3,32
31,2,0.7439,0.169916631503987,1,0,0.285,0.451640320364534,0,0,22.9447472340805,2.23195276316419,3,32
32,1,0.738,0.17913148268266,1.829,0.376697359827357,0.047,0.211744742168102,0.606,0.488879333785959,23.7373276942486,2.52959541690854,3,32
32,2,0.7445,0.171869977859105,1,0,0.238,0.426072221034812,0,0,23.6721387086756,2.27019140695299,3,32
33,1,0.7425,0.17864956105646,1.833,0.373162498451077,0.041,0.198389410902796,0.628,0.483580241376599,24.4404240692886,2.58217895174743,3,32
33,2,0.7477,0.17071571062399,1,0,0.264,0.441019839121211,0,0,24.4023980187405,2.30899152119758,3,32
34,1,0.741,0.179139864606098,1.836,0.370460849809047,0.032,0.176088066055048,0.651,0.476892468410255,25.1471379442069,2.63562372962543,3,32
34,2,0.7548,0.16930926030677,1,0,0.172,0.377569276502417,0,0,25.1344780428961,2.35033063152006,3,32
35,1,0.745,0.177669824580784,1.838,0.368635174517967,0.028,0.16505527329729,0.673,0.469351990824894,25.8515886154089,2.6901942797812,3,32
35,2,0.7595,0.170876999473156,1,0,0.152,0.359200535947575,0,0,25.8781451446163,2.39775219911816,3,32
36,1,0.7495,0.173637265297228,1.84,0.366789496216201,0.021,0.143455845400526,0.688,0.463541660340115,26.5590580099685,2.73768844141775,3,32
36,2,0.7571,0.170465975046778,1,0,0.105,0.306706812883361,0,0,26.627417963504,2.44880534177123,3,32
37,1,0.7514,0.172417423040039,1.843,0.363982806576744,0.029,0.167890402308134,0.71,0.453989103510322,27.2705419233894,2.78283373730567,3,32
37,2,0.7495,0.175814278887298,1,0,0.135,0.341894562536306,0,0,27.3765660347952,2.49669104419871,3,32
38,1,0.757,0.170997778465804,1.846,0.36112935966827,0.018,0.133017644294634,0.72,0.449223554371097,27.9823532110798,2.8269976222015,3,32
38,2,0.7521,0.17316343602382,1,0,0.094,0.291974740772638,0,0,28.116572800744,2.54156995908661,3,32
39,1,0.7548,0.173859676714261,1.849,0.358228038164697,0.012,0.108939744206914,0.733,0.44261372200476,28.6997218873134,2.87794604357873,3,32
39,2,0.7492,0.176551778610499,1,0,0.111,0.314289321768618,0,0,28.8611379286664,2.58392192850429,3,32
40,1,0.7528,0.178392780078074,1.851,0.356266650033266,0.003,0.054717401199198,0.748,0.434378503939461,29.4144787528071,2.92442275231874,3,32
40,2,0.7509,0.177794265376589,1,0,0.055,0.228094337998616,0,0,29.6018931973228,2.63068134944199,3,32
41,1,0.7504,0.176553139340571,1.851,0.356266650033266,0.007,0.0834143750078963,0.755,0.430302405478008,30.1268733246969,2.97431958504727,3,32
41,2,0.7478,0.176028821918873,1,0,0.03,0.170672578726429,0,0,30.3470564255079,2.67681807930076,3,32
42,1,0.7485,0.17455147727309,1.852,0.355277669185979,0.012,0.108939744206914,0.777,0.416466618643613,30.836258727971,3.02462687077898,3,32
42,2,0.7505,0.17587120480818,1,0,0.033,0.178725887724591,0,0,31.0903027072199,2.72215830291732,3,32
43,1,0.7509,0.173923659803488,1.855,0.352277020396022,0.012,0.108939744206914,0.796,0.403170617166661,31.5423368147596,3.07505431706437,3,32
43,2,0.7541,0.174452353448223,1,0,0.044,0.205197724417465,0,0,31.83601397623,2.77111703616553,3,32
44,1,0.7478,0.173681678150936,1.857,0.350248017372938,0.002,0.0446989708829856,0.812,0.390907672998125,32.2497880718151,3.11798889883333,3,32
44,2,0.7478,0.173335527821636,1,0,0.028,0.16505527329729,0,0,32.5846875866171,2.82019176235831,3,32
45,1,0.7453,0.177903230885669,1.857,0.350248017372938,0.005,0.0705689732104696,0.826,0.379299179893482,32.9537835116258,3.16074704561426,3,32
45,2,0.7468,0.174471201635686,1,0,0.035,0.18387171834953,0,0,33.3278104776859,2.86415618739657,3,32
46,1,0.7461,0.178035070945268,1.857,0.350248017372938,0,0,0.832,0.374053359717455,33.6543735937751,3.20413976606795,3,32
46,2,0.7473,0.175281012757895,1,0,0.006,0.0772655807586403,0,0,34.0695151181197,2.90480513291716,3,32
47,1,0.7485,0.174264506191359,1.857,0.350248017372938,0,0,0.833,0.373162498451077,34.3556401746673,3.24693513112293,3,32
47,2,0.7535,0.178884738727902,1,0,0,0,0,0,34.8130866382424,2.94486756532918,3,32
48,1,0.7476,0.171241243757348,1.857,0.350248017372938,0,0,0.838,0.368635174517967,35.0591756092668,3.28693922086791,3,32
48,2,0.7535,0.176348657065623,1,0,0,0,0,0,35.5630533213728,2.98977050164083,3,32
49,1,0.7491,0.170904647094216,1.857,0.350248017372938,0,0,0.845,0.362085771753194,35.7614961973707,3.32404041279062,3,32
49,2,0.7483,0.173629655466044,1,0,0,0,0,0,36.312945007835,3.02404378661978,3,32
50,1,0.7508,0.174269130168627,1.857,0.350248017372938,0,0,0.851,0.356266650033266,36.4648909319187,3.35642889278227,3,32
50,2,0.7539,0.173882215953861,1,0,0,0,0,0,37.0575871240721,3.06323807163739,3,32
51,1,0.7525,0.173965554101995,1.857,0.350248017372938,0,0,0.855,0.352277020396022,37.1696083441158,3.38313754627983,3,32
51,2,0.7503,0.177683655639683,1,0,0,0,0,0,37.807726844588,3.09403251022438,3,32
52,1,0.7485,0.170900429949597,1.857,0.350248017372938,0,0,0.857,0.350248017372938,37.8757476536654,3.41552152868639,3,32
52,2,0.7539,0.181101042480676,1,0,0,0,0,0,38.5542098653068,3.12802101118406,3,32
53,1,0.7495,0.168843887239835,1.857,0.350248017372938,0,0,0.857,0.350248017372938,38.5777376150087,3.45088159364037,3,32
53,2,0.7496,0.175871460933179,1,0,0,0,0,0,39.30419956538,3.15602269861994,3,32
54,1,0.7452,0.171015222147639,1.857,0.350248017372938,0,0,0.857,0.350248017372938,39.2806520911124,3.48778225019716,3,32
54,2,0.7491,0.174326072575446,1,0,0,0,0,0,40.0498369973298,3.1830134724241,3,32
55,1,0.7558,0.173771564292195,1.857,0.350248017372938,0,0,0.857,0.350248017372938,39.9792194343419,3.52266223187101,3,32
55,2,0.7496,0.172770627392765,1,0,0,0,0,0,40.7949025583938,3.21131451344957,3,32
56,1,0.7547,0.173919976305651,1.857,0.350248017372938,0,0,0.857,0.350248017372938,40.6882587779695,3.55555949978401,3,32
56,2,0.7478,0.173796908388398,1,0,0,0,0,0,41.5403908703135,3.24079043549885,3,32
57,1,0.7521,0.179186209563397,1.857,0.350248017372938,0,0,0.857,0.350248017372938,41.3961333607531,3.58587349201354,3,32
57,2,0.7385,0.173314130375419,1,0,0,0,0,0,42.284014685732,3.27646420122721,3,32
58,1,0.7461,0.176453750104456,1.857,0.350248017372938,0,0,0.857,0.350248017372938,42.1013519346585,3.61073469010366,3,32
58,2,0.7404,0.170929977058025,1,0,0,0,0,0,43.0183170006126,3.31443804146544,3,32
59,1,0.7527,0.173270692076683,1.857,0.350248017372938,0,0,0.857,0.350248017372938,42.8005346877113,3.64447753810298,3,32
59,2,0.7475,0.174826526346302,1,0,0,0,0,0,43.7544348966102,3.34250539842984,3,32
60,1,0.7459,0.168972606483245,1.857,0.350248017372938,0,0,0.857,0.350248017372938,43.5062086952006,3.67748345416678,3,32
60,2,0.7515,0.178183892368248,1,0,0,0,0,0,44.4975374120687,3.37312294070826,3,32
61,1,0.7488,0.17236086640612,1.857,0.350248017372938,0,0,0.857,0.350248017372938,44.2050528151614,3.70529415002511,3,32
61,2,0.7432,0.175854157427923,1,0,0,0,0,0,45.244541687939,3.40492551453678,3,32
62,1,0.7523,0.173622737148263,1.857,0.350248017372938,0,0,0.857,0.350248017372938,44.9067094136761,3.73570263112031,3,32
62,2,0.7436,0.174956136358945,1,0,0,0,0,0,45.9832217417899,3.43379740598834,3,32
63,1,0.7499,0.172771061928321,1.857,0.350248017372938,0,0,0.857,0.350248017372938,45.6117742125837,3.77186929517214,3,32
63,2,0.7421,0.173573378482179,1,0,0,0,0,0,46.7222254551844,3.4619003853875,3,32
64,1,0.7471,0.175449059194891,1.857,0.350248017372938,0,0,0.857,0.350248017372938,46.3143835782346,3.79922292697702,3,32
64,2,0.7485,0.178071500974916,1,0,0,0,0,0,47.459664688972,3.48652902090822,3,32
65,1,0.7449,0.170185055022328,1.857,0.350248017372938,0,0,0.857,0.350248017372938,47.0141405466174,3.82439017487786,3,32
65,2,0.7422,0.168426623571001,1,0,0,0,0,0,48.203389347594,3.5101118615671,3,32
66,1,0.7441,0.169156152131112,1.857,0.350248017372938,0,0,0.857,0.350248017372938,47.7116417936394,3.84978185926729,3,32
66,2,0.7481,0.172876476931583,1,0,0,0,0,0,48.9407804529849,3.52858635681622,3,32
67,1,0.7466,0.17435262785183,1.857,0.350248017372938,0,0,0.857,0.350248017372938,48.4082785534132,3.86799393596339,3,32
67,2,0.7541,0.172780331759848,1,0,0,0,0,0,49.6839590055507,3.55088394738694,3,32
68,1,0.7504,0.169907941864731,1.857,0.350248017372938,0,0,0.857,0.350248017372938,49.1073289546664,3.88800056283656,3,32
68,2,0.7533,0.1732602929962,1,0,0,0,0,0,50.4330231726343,3.58099100706808,3,32
69,1,0.7495,0.174270250244039,1.857,0.350248017372938,0,0,0.857,0.350248017372938,49.8100836972534,3.9068462858109,3,32
69,2,0.7469,0.174587716838473,1,0,0,0,0,0,51.1812178551172,3.60483780236516,3,32
70,1,0.7478,0.174257067361773,1.857,0.350248017372938,0,0,0.857,0.350248017372938,50.5118743532991,3.92397093096505,3,32
70,2,0.7518,0.169722024397441,1,0,0,0,0,0,51.9229817283226,3.6294391275124,3,32
71,1,0.7502,0.175015972387067,1.857,0.350248017372938,0,0,0.857,0.350248017372938,51.2119066893172,3.93579161227423,3,32
71,2,0.742,0.170719492575233,1,0,0,0,0,0,52.6695372432079,3.65491116171937,3,32
72,1,0.7549,0.173568764805526,1.857,0.350248017372938,0,0,0.857,0.350248017372938,51.9142520416048,3.95154081112638,3,32
72,2,0.7461,0.171913770083564,1,0,0,0,0,0,53.4062874395709,3.68257130116824,3,32
73,1,0.7476,0.173909414594163,1.857,0.350248017372938,0,0,0.857,0.350248017372938,52.6211934392093,3.96818333991522,3,32
73,2,0.742,0.172527579724999,1,0,0,0,0,0,54.1470345454661,3.70955995803253,3,32
74,1,0.7465,0.172619661532363,1.857,0.350248017372938,0,0,0.857,0.350248017372938,53.3208172412833,3.98434402480879,3,32
74,2,0.7514,0.176321096664946,1,0,0,0,0,0,54.8836373991574,3.73526310357505,3,32
75,1,0.7441,0.171623555040224,1.857,0.350248017372938,0,0,0.857,0.350248017372938,54.0192791913372,3.99954006852837,3,32
75,2,0.755,0.174772839839449,1,0,0,0,0,0,55.6294972858489,3.76092878481173,3,32
76,1,0.7384,0.170101071055929,1.857,0.350248017372938,0,0,0.857,0.350248017372938,54.7152892287579,4.01552707927343,3,32
76,2,0.7512,0.172418932511161,1,0,0,0,0,0,56.3788556862092,3.79035921221377,3,32
77,1,0.7398,0.171829815473001,1.857,0.350248017372938,0,0,0.857,0.350248017372938,55.4055728231248,4.03431509585708,3,32
77,2,0.7576,0.172197247050851,1,0,0,0,0,0,57.1243679226961,3.81709532093054,3,32
78,1,0.7388,0.172291161248174,1.857,0.350248017372938,0,0,0.857,0.350248017372938,56.0971766499941,4.06027582823893,3,32
78,2,0.7523,0.171417893156152,1,0,0,0,0,0,57.876156514756,3.84026276758805,3,32
79,1,0.7383,0.1757669024703,1.857,0.350248017372938,0,0,0.857,0.350248017372938,56.7877190865267,4.08406808128223,3,32
79,2,0.7503,0.170261266584326,1,0,0,0,0,0,58.6226111092002,3.86198283147111,3,32
80,1,0.7419,0.179684937255956,1.857,0.350248017372938,0,0,0.857,0.350248017372938,57.47769640345,4.11398399743332,3,32
80,2,0.7529,0.179454155131036,1,0,0,0,0,0,59.3670067967228,3.88570124608011,3,32
81,1,0.7475,0.178116466042518,1.857,0.350248017372938,0,0,0.844,0.363036906933435,58.1711760361065,4.14142996468293,3,32
81,2,0.7463,0.176401324902699,1,0,0,0,0,0,60.1139073266234,3.91039036635693,3,32
82,1,0.7512,0.170433587087779,1.857,0.350248017372938,0,0,0.387,0.487307365497864,58.8707858977674,4.16972453181542,3,32
82,2,0.7499,0.17734554249104,1,0,0,0,0,0,60.8541864131931,3.93851772496038,3,32
83,1,0.7522,0.169599304019574,1.857,0.350248017372938,0,0,0,0,59.5966589678211,4.20587100904797,3,32
83,2,0.7515,0.175580689651734,1,0,0,0,0,0,61.5979620710919,3.97137127373037,3,32
84,1,0.7522,0.17159430236638,1.857,0.350248017372938,0,0,0,0,60.3426412362122,4.22253737788849,3,32
84,2,0.7515,0.173111864751431,1,0,0,0,0,0,62.3432501257262,4.00068697525036,3,32
0,1,1,0,1,0,0,0,0,0,0,0,4,32
0,2,1,0,1,0,0,0,0,0,0,0,4,32
1,1,0.8846,0.106931166056834,1,0,0.13,0.336471712352188,0,0,1,0,4,32
1,2,0.8809,0.107129205479489,1,0,0.129,0.33536766610911,0,0,1,0,4,32
2,1,0.832,0.130126603478816,1.012,0.108939744206914,0.265,0.441554039693863,0.012,0.108939744206914,1.87801219,0.119694836643328,4,32
2,2,0.8364,0.129041434011296,1,0,0.26,0.438853725736256,0,0,1.874362555,0.119671036013137,4,32
3,1,0.814,0.140939220459969,1.043,0.202958597236462,0.522,0.499765710874371,0.043,0.202958597236462,2.6959985681815,0.212590281910917,4,32
3,2,0.8112,0.140193488487213,1,0,0.565,0.496005061487301,0,0,2.697597883234,0.209375623218962,4,32
4,1,0.7915,0.152908898142427,1.093,0.290577761426155,0.342,0.474616962677548,0.093,0.290577761426155,3.48151286675321,0.315574870916532,4,32
4,2,0.7934,0.155307953951369,1,0,0.351,0.477521755553637,0,0,3.48031302172172,0.309629914312576,4,32
5,1,0.784,0.155782759855731,1.123,0.328601550481703,0.344,0.475278749672116,0.123,0.328601550481703,4.25095501293514,0.421845610730417,4,32
5,2,0.7753,0.156474900205734,1,0,0.443,0.496988931464271,0,0,4.25585272826961,0.424089840308126,4,32
6,1,0.781,0.1575557800394,1.154,0.36112935966827,0.469,0.49928778103243,0.154,0.36112935966827,5.01122476399253,0.526319624390194,4,32
6,2,0.776,0.162881952746554,1,0,0.589,0.49226143594773,0,0,5.00862622857708,0.535004863315285,4,32
7,1,0.7733,0.155824874109981,1.202,0.401693113405442,0.318,0.465932498429862,0.202,0.401693113405442,5.76062496645503,0.623780692388009,4,32
7,2,0.7692,0.156639381688948,1,0,0.425,0.494590355364538,0,0,5.75472841054465,0.64084433090487,4,32
8,1,0.7738,0.161553890883691,1.234,0.423584021680969,0.364,0.481389380580561,0.234,0.423584021680969,6.50740201336188,0.711911007503742,4,32
8,2,0.7705,0.165671956580458,1,0,0.508,0.500186151533793,0,0,6.50215500258798,0.73742103929676,4,32
9,1,0.7644,0.168050233206863,1.259,0.438304815295373,0.303,0.459785169837395,0.259,0.438304815295373,7.25070710161223,0.79920939448575,4,32
9,2,0.7649,0.164453747403442,1,0,0.439,0.496513368929302,0,0,7.24665913117426,0.829696296126266,4,32
10,1,0.7581,0.164503651787586,1.293,0.45536618051669,0.552,0.49753747953651,0.293,0.45536618051669,7.98634469661839,0.890078186707387,4,32
10,2,0.7527,0.16571110454695,1,0,0.824,0.381010720543621,0,0,7.98894074357386,0.922370285113032,4,32
11,1,0.7593,0.168588053941944,1.35,0.477208264521611,0.65,0.477208264521611,0.18,0.384379692163553,8.701479168665,0.979621316914336,4,32
11,2,0.746,0.166588570291457,1,0,1,0,0,0,8.69972956366349,1.00273786914117,4,32
12,1,0.7552,0.167215193451196,1.41,0.492079406338187,0.589,0.49226143594773,0.121,0.326290461805836,9.41848998333659,1.05576014658557,4,32
12,2,0.7466,0.169165767982346,1,0,0.997,0.054717401199198,0,0,9.39496434634868,1.07287421710688,4,32
13,1,0.7583,0.16964636715795,1.467,0.49915945364198,0.522,0.499765710874371,0.113,0.316751213622507,10.1373268181803,1.1299158650694,4,32
13,2,0.7506,0.172422067524344,1,0,0.971,0.167890402308134,0,0,10.0908787060504,1.14866543807027,4,32
14,1,0.7557,0.172154428194999,1.527,0.499520290399219,0.43,0.495323475463606,0.16,0.366789496216201,10.8629328696815,1.19944434526813,4,32
14,2,0.7442,0.170749862417267,1,0,0.888,0.315524255098646,0,0,10.7920165884487,1.21645548199055,4,32
15,1,0.7504,0.169376883099579,1.569,0.495463908357092,0.367,0.482227688487029,0.21,0.407512044074854,11.5881168502593,1.27274504545252,4,32
15,2,0.7438,0.1741030495766,1,0,0.808,0.394070160366516,0,0,11.490837505012,1.27863371015974,4,32
16,1,0.7528,0.171176696607516,1.601,0.489937790988855,0.277,0.447740406342192,0.243,0.429109700583819,12.3085852825586,1.34752689388107,4,32
16,2,0.7511,0.177398591483304,1,0,0.681,0.466322266738847,0,0,12.1931831432621,1.34461597715362,4,32
17,1,0.7485,0.166809998428079,1.626,0.484105730557239,0.192,0.394070160366516,0.274,0.446232140396815,13.0342232743117,1.42053236094516,4,32
17,2,0.7481,0.174604916531227,1,0,0.54,0.498646817545895,0,0,12.9090867233207,1.4159591061363,4,32
18,1,0.7489,0.169491939388036,1.637,0.481105458774334,0.159,0.36585906146063,0.295,0.456270953692193,13.7581914200907,1.48453973547231,4,32
18,2,0.7475,0.178789585031443,1,0,0.413,0.492619197427053,0,0,13.6289618335265,1.48856985085369,4,32
19,1,0.7492,0.16972969147491,1.65,0.477208264521611,0.12,0.325124138915747,0.313,0.463946382943381,14.4830853705844,1.54725465733298,4,32
19,2,0.7516,0.181025440781704,1,0,0.358,0.479652026021017,0,0,14.3545046150141,1.56907966056865,4,32
20,1,0.7517,0.171716617124251,1.661,0.473606696852255,0.125,0.330884397463048,0.329,0.470085077384913,15.2092542689902,1.61349929586931,4,32
20,2,0.7493,0.17615487657326,1,0,0.424,0.494437527366672,0,0,15.0868118389304,1.64730409495424,4,32
21,1,0.7472,0.17378826877083,1.672,0.469719742651548,0.136,0.342960087505269,0.339,0.473606696852255,15.9367976532595,1.68430062314314,4,32
21,2,0.7514,0.175752464929881,1,0,0.491,0.50016914056064,0,0,15.8134570214908,1.7222059858654,4,32
22,1,0.7475,0.174080596431808,1.681,0.466322266738847,0.16,0.366789496216201,0.358,0.479652026021017,16.6587299265427,1.7553604043389,4,32
22,2,0.7532,0.173666116211309,1,0,0.545,0.498220055019088,0,0,16.5387821619095,1.79467982156494,4,32
23,1,0.7462,0.177078843786933,1.699,0.458922226101122,0.186,0.389301368550838,0.372,0.483580241376599,17.378744072328,1.82580516593845,4,32
23,2,0.7507,0.171198185793012,1,0,0.619,0.485875575713654,0,0,17.2631367477365,1.85704645143642,4,32
24,1,0.7392,0.175767614349897,1.707,0.45536618051669,0.195,0.396398955765693,0.39,0.487993993957034,18.0953937983555,1.89968016213851,4,32
24,2,0.7545,0.175415280179694,1,0,0.577,0.494282626960846,0,0,17.98123314243,1.91571247995605,4,32
25,1,0.7413,0.177414164557923,1.732,0.443139224592421,0.163,0.369550493934953,0.415,0.492968577110162,18.8036418763813,1.96778604062452,4,32
25,2,0.7455,0.175415280179694,1,0,0.537,0.49887862239214,0,0,18.7051435837561,1.96606513001494,4,32
26,1,0.7358,0.172997943017506,1.747,0.434948479914783,0.17,0.375820756799357,0.451,0.497842190705897,19.5142630119437,2.03735262357615,4,32
26,2,0.7516,0.174206164609028,1,0,0.566,0.495872856577056,0,0,19.4219991130541,2.01510729894198,4,32
27,1,0.7408,0.175858711147007,1.763,0.425455064621415,0.156,0.363036906933435,0.48,0.499849827298009,20.2171829505499,2.10717560487058,4,32
27,2,0.7462,0.175317701035281,1,0,0.597,0.490746198998863,0,0,20.1434208818996,2.05698797502991,4,32
28,1,0.7381,0.178073299795618,1.776,0.417130672569158,0.137,0.344019402576874,0.504,0.500234179394246,20.9242711370673,2.17262288014006,4,32
28,2,0.7447,0.177096790691625,1,0,0.551,0.497641082153239,0,0,20.857839249194,2.10371417526057,4,32
29,1,0.7371,0.176194876868298,1.787,0.409632516774241,0.113,0.316751213622507,0.528,0.499465179432426,21.6283468636247,2.23789907032445,4,32
29,2,0.7443,0.173832470291737,1,0,0.486,0.500054051132529,0,0,21.5729839376731,2.14314449482575,4,32
30,1,0.7434,0.178853091749705,1.797,0.402433787041984,0.092,0.289170571842329,0.552,0.49753747953651,22.3313550785532,2.30208690294517,4,32
30,2,0.7465,0.17832428199645,1,0,0.429,0.495180981262613,0,0,22.2908988582439,2.19107124075951,4,32
31,1,0.7451,0.179633677962286,1.809,0.393285740491152,0.068,0.251871871076227,0.583,0.493309592805932,23.0404245693876,2.36857151480117,4,32
31,2,0.7429,0.174068635571977,1,0,0.296,0.45671938057476,0,0,23.0137768592697,2.24302037949024,4,32
32,1,0.7415,0.175723159056024,1.815,0.388491860823269,0.058,0.233860408557521,0.604,0.489309128694145,23.7507689745445,2.42813594948414,4,32
32,2,0.7425,0.174224292520027,1,0,0.259,0.438304815295373,0,0,23.7396231316642,2.29086022611968,4,32
33,1,0.7472,0.174879223302091,1.82,0.384379692163553,0.054,0.226130792098589,0.625,0.48436516143258,24.4569056046973,2.49031715418415,4,32
33,2,0.747,0.174818653357019,1,0,0.269,0.443661848524116,0,0,24.4668421866162,2.33574470101,4,32
34,1,0.7462,0.175659945395689,1.825,0.380157229997694,0.036,0.186383311320351,0.659,0.474282557073254,25.1678056417688,2.55160689819644,4,32
34,2,0.7481,0.174030677401074,1,0,0.197,0.397931337480914,0,0,25.197975340761,2.37755815873428,4,32
35,1,0.7433,0.1742569237519,1.83,0.375820756799357,0.025,0.156203071030628,0.681,0.466322266738847,25.8768406987493,2.60479082116665,4,32
35,2,0.7495,0.171432608155914,1,0,0.166,0.372266816386557,0,0,25.9337194279292,2.42792761593593,4,32
36,1,0.7435,0.174837977334212,1.834,0.372266816386557,0.02,0.140070052543788,0.697,0.459785169837395,26.5823669067191,2.65619049593184,4,32
36,2,0.7438,0.174677050788225,1,0,0.121,0.326290461805836,0,0,26.6723296332219,2.48053009317839,4,32
37,1,0.7418,0.172576193440876,1.835,0.37136627864268,0.026,0.159214789983058,0.713,0.452587931606484,27.2874738198656,2.70939916237215,4,32
37,2,0.7457,0.173527005453392,1,0,0.136,0.342960087505269,0,0,27.4074283757838,2.52875297347601,4,32
38,1,0.7434,0.171889458623809,1.837,0.369550493934953,0.018,0.133017644294634,0.723,0.447740406342192,27.9897205636946,2.75712342751292,4,32
38,2,0.7454,0.170845040981669,1,0,0.09,0.286324958712967,0,0,28.1435993611214,2.57805328220025,4,32
39,1,0.7435,0.178464561186807,1.838,0.368635174517967,0.022,0.146756729104793,0.737,0.440482718191106,28.6933913933816,2.79965335530463,4,32
39,2,0.7448,0.172228402485254,1,0,0.116,0.320385153598987,0,0,28.8816891434036,2.62159991704752,4,32
40,1,0.7368,0.178767216563098,1.839,0.367714854492192,0.008,0.0891288053546324,0.746,0.43551541152257,29.3961949700648,2.83943538052089,4,32
40,2,0.7513,0.17131158062915,1,0,0.043,0.202958597236462,0,0,29.617812512646,2.6625572384813,4,32
41,1,0.7377,0.176974659287792,1.839,0.367714854492192,0.005,0.0705689732104696,0.759,0.427904314189635,30.0925040161441,2.88723416435573,4,32
41,2,0.7548,0.175178901833662,1,0,0.022,0.146756729104793,0,0,30.3639717486212,2.70519665789372,4,32
42,1,0.7361,0.177421160711648,1.839,0.367714854492192,0.012,0.108939744206914,0.779,0.415128090270137,30.7891417945945,2.92648057450013,4,32
42,2,0.7524,0.174999613899188,1,0,0.026,0.159214789983058,0,0,31.1145877509344,2.74692417612351,4,32
43,1,0.7394,0.174923521112051,1.841,0.36585906146063,0.01,0.0995485304256668,0.798,0.401693113405442,31.4827722739014,2.97222124871748,4,32
43,2,0.7448,0.172228402485254,1,0,0.05,0.218054001448145,0,0,31.8625395892912,2.78355932138997,4,32
44,1,0.7516,0.176035304494378,1.843,0.363982806576744,0.005,0.0705689732104696,0.807,0.394850486775573,32.1787728772537,3.01339596124143,4,32
44,2,0.7447,0.17234155509224,1,0,0.023,0.149978310076802,0,0,32.6016543931086,2.8178644935497,4,32
45,1,0.7508,0.17841297932379,1.843,0.363982806576744,0.004,0.0631505185092568,0.812,0.390907672998125,32.8866511939068,3.05597206626893,4,32
45,2,0.7377,0.173143549370713,1,0,0.034,0.181319819316248,0,0,33.3419397972541,2.85014564938984,4,32
46,1,0.7437,0.178527819070816,1.843,0.363982806576744,0.001,0.0316227766016838,0.816,0.387678080750375,33.5934632128425,3.09845512823905,4,32
46,2,0.7378,0.174761842808153,1,0,0.006,0.0772655807586403,0,0,34.0746350732212,2.88756385477923,4,32
47,1,0.7407,0.179960817668447,1.843,0.363982806576744,0,0,0.818,0.386037595351832,34.2930873666822,3.1415197397207,4,32
47,2,0.7401,0.174334111356276,1,0,0,0,0,0,34.808750195163,2.91908207577029,4,32
48,1,0.7412,0.17622035527604,1.843,0.363982806576744,0,0,0.822,0.382704144820072,34.9896058601854,3.18062262645524,4,32
48,2,0.7371,0.179571255594641,1,0,0,0,0,0,35.5453797136565,2.949010047754,4,32
49,1,0.7413,0.175997969548757,1.843,0.363982806576744,0,0,0.824,0.381010720543621,35.6863532652181,3.21744154773303,4,32
49,2,0.7477,0.182285320138342,1,0,0,0,0,0,36.2789499354099,2.98188848494453,4,32
50,1,0.7413,0.177864965482092,1.843,0.363982806576744,0,0,0.833,0.373162498451077,36.3830309955103,3.25685000687039,4,32
50,2,0.7451,0.181628684350735,1,0,0,0,0,0,37.0229949846021,3.0123375524336,4,32
51,1,0.738,0.173741722640781,1.843,0.363982806576744,0,0,0.841,0.36585906146063,37.0791913025257,3.29275818713526,4,32
51,2,0.7499,0.179867568900962,1,0,0,0,0,0,37.7643785974903,3.04984019443908,4,32
52,1,0.74,0.175473048616563,1.843,0.363982806576744,0,0,0.841,0.36585906146063,37.7716008164125,3.32509194137146,4,32
52,2,0.7457,0.176671227772727,1,0,0,0,0,0,38.5104636531174,3.09499824001594,4,32
53,1,0.7396,0.173441407748905,1.843,0.363982806576744,0,0,0.841,0.36585906146063,38.4659307158236,3.35976357970331,4,32
53,2,0.7475,0.178677574630046,1,0,0,0,0,0,39.2522958846396,3.13545974453024,4,32
54,1,0.7381,0.176094859094181,1.843,0.363982806576744,0,0,0.842,0.364923511395428,39.1597932967422,3.39435359103065,4,32
54,2,0.753,0.17338125925561,1,0,0,0,0,0,39.9958444177005,3.17600362934778,4,32
55,1,0.7417,0.175105030686648,1.843,0.363982806576744,0,0,0.842,0.364923511395428,39.8520448392606,3.43020200727578,4,32
55,2,0.7533,0.175099314018559,1,0,0,0,0,0,40.7447889744769,3.21099971938173,4,32
56,1,0.7472,0.177097497225465,1.843,0.363982806576744,0,0,0.842,0.364923511395428,40.5478074099905,3.4624679164264,4,32
56,2,0.7541,0.170974917524245,1,0,0,0,0,0,41.4939569912447,3.24122148453792,4,32
57,1,0.7483,0.174893389519723,1.843,0.363982806576744,0,0,0.843,0.363982806576744,41.248969689011,3.49906027824326,4,32
57,2,0.7501,0.169849459342203,1,0,0,0,0,0,42.2438456235087,3.27408594955395,4,32
58,1,0.7483,0.172878561415223,1.843,0.363982806576744,0,0,0.843,0.363982806576744,41.9511058835309,3.52942617236149,4,32
58,2,0.7458,0.168851623832496,1,0,0,0,0,0,42.9896820031864,3.31050675658999,4,32
59,1,0.7493,0.180199839017636,1.843,0.363982806576744,0,0,0.843,0.363982806576744,42.6531718644314,3.562004567039,4,32
59,2,0.7444,0.172622242015444,1,0,0,0,0,0,43.7311686682796,3.34359701565159,4,32
60,1,0.7507,0.175699688048614,1.843,0.363982806576744,0,0,0.843,0.363982806576744,43.3561617558113,3.59574525441718,4,32
60,2,0.7464,0.169220789726545,1,0,0,0,0,0,44.4711894207977,3.37897555767126,4,32
61,1,0.7484,0.17107514929617,1.843,0.363982806576744,0,0,0.843,0.363982806576744,44.0604729729342,3.62182478197352,4,32
61,2,0.7499,0.171199589074563,1,0,0,0,0,0,45.2131242065723,3.4090732302179,4,32
62,1,0.7424,0.174392237936935,1.843,0.363982806576744,0,0,0.843,0.363982806576744,44.7624277469281,3.64719344442476,4,32
62,2,0.7552,0.170534577262331,1,0,0,0,0,0,45.9584635127925,3.43873387246385,4,32
63,1,0.746,0.175655500497009,1.843,0.363982806576744,0,0,0.843,0.363982806576744,45.4583494122111,3.67643750215264,4,32
63,2,0.7479,0.169600572977671,1,0,0,0,0,0,46.7089955251049,3.46555243421037,4,32
64,1,0.7474,0.181124393845904,1.843,0.363982806576744,0,0,0.843,0.363982806576744,46.1577788754929,3.70788566541283,4,32
64,2,0.7467,0.17221721391536,1,0,0,0,0,0,47.4521983319365,3.49169802203664,4,32
65,1,0.7455,0.181914383276427,1.843,0.363982806576744,0,0,0.843,0.363982806576744,46.8585294639941,3.7411871041616,4,32
65,2,0.7486,0.177622041395739,1,0,0,0,0,0,48.1941344743454,3.51500531415431,4,32
66,1,0.7512,0.177567142484442,1.843,0.363982806576744,0,0,0.843,0.363982806576744,47.5573222879994,3.77219267583499,4,32
66,2,0.7511,0.17598227115184,1,0,0,0,0,0,48.9378841125772,3.53946226182281,4,32
67,1,0.7499,0.177289089967266,1.843,0.363982806576744,0,0,0.843,0.363982806576744,48.2617077347268,3.80967913447193,4,32
67,2,0.7506,0.169848427983566,1,0,0,0,0,0,49.6840429293559,3.56118620787495,4,32
68,1,0.7557,0.17452211312028,1.843,0.363982806576744,0,0,0.843,0.363982806576744,48.9647314242287,3.84654227432466,4,32
68,2,0.7529,0.171700527288273,1,0,0,0,0,0,50.4296304692219,3.57900819203623,4,32
69,1,0.7466,0.175268819700365,1.843,0.363982806576744,0,0,0.843,0.363982806576744,49.6734455031955,3.88585347836028,4,32
69,2,0.7503,0.175301570559538,1,0,0,0,0,0,51.1774278626128,3.59467751370476,4,32
70,1,0.7561,0.175709031252419,1.843,0.363982806576744,0,0,0.843,0.363982806576744,50.3730512877443,3.92199902158564,4,32
70,2,0.7534,0.175440073014175,1,0,0,0,0,0,51.9225683554044,3.61827984419665,4,32
71,1,0.7498,0.178470758982562,1.843,0.363982806576744,0,0,0.843,0.363982806576744,51.0820208406206,3.95890398975449,4,32
71,2,0.7581,0.178791376627499,1,0,0,0,0,0,52.6707127088422,3.63941028557057,4,32
72,1,0.7487,0.177679148691904,1.843,0.363982806576744,0,0,0.843,0.363982806576744,51.784664070346,3.99814863709917,4,32
72,2,0.7505,0.178918310303227,1,0,0,0,0,0,53.4234489943716,3.66763029883183,4,32
73,1,0.7424,0.178533229719607,1.843,0.363982806576744,0,0,0.843,0.363982806576744,52.486144927698,4.04116968486018,4,32
73,2,0.7522,0.173046540286436,1,0,0,0,0,0,54.1685645324689,3.69982243840273,4,32
74,1,0.7409,0.172298801147532,1.843,0.363982806576744,0,0,0.843,0.363982806576744,53.1813014617913,4.08538294178483,4,32
74,2,0.7551,0.17112356142061,1,0,0,0,0,0,54.9152931935828,3.73104173603841,4,32
75,1,0.7393,0.176228733657615,1.843,0.363982806576744,0,0,0.843,0.363982806576744,53.8748995398134,4.12257938212898,4,32
75,2,0.7548,0.171832728216968,1,0,0,0,0,0,55.664825799972,3.76113430473617,4,32
76,1,0.7457,0.171787720809786,1.843,0.363982806576744,0,0,0.843,0.363982806576744,54.5668402137354,4.15801271816004,4,32
76,2,0.7552,0.172112122125615,1,0,0,0,0,0,56.4139856947957,3.79491784247601,4,32
77,1,0.7514,0.175752464929881,1.843,0.363982806576744,0,0,0.843,0.363982806576744,55.265063235541,4.19707581870937,4,32
77,2,0.7567,0.171535811230584,1,0,0,0,0,0,57.1634676450019,3.822883498893,4,32
78,1,0.7506,0.171898775996774,1.843,0.363982806576744,0,0,0.843,0.363982806576744,55.9688727114102,4.23782613450562,4,32
78,2,0.7582,0.175224037915645,1,0,0,0,0,0,57.9143631407935,3.85182165171901,4,32
79,1,0.7493,0.171606989831297,1.843,0.363982806576744,0,0,0.843,0.363982806576744,56.6718180223686,4.27643911924382,4,32
79,2,0.7554,0.170762993649092,1,0,0,0,0,0,58.6666718919667,3.88434007363553,4,32
80,1,0.7446,0.175560991286965,1.843,0.363982806576744,0,0,0.842,0.364923511395428,57.3734032688454,4.31344429443355,4,32
80,2,0.7529,0.169352502993815,1,0,0,0,0,0,59.4161274462178,3.91525092917161,4,32
81,1,0.7468,0.177373113016661,1.843,0.363982806576744,0,0,0.825,0.380157229997694,58.070305410239,4.34861223161508,4,32
81,2,0.7506,0.172654132442434,1,0,0,0,0,0,60.1630279761184,3.94326477849903,4,32
82,1,0.7508,0.176211266411687,1.843,0.363982806576744,0,0,0.387,0.487307365497864,58.7701632549786,4.38600514878424,4,32
82,2,0.7473,0.172981596225242,1,0,0,0,0,0,60.9075723716419,3.97479871341643,4,32
83,1,0.7492,0.171022245946569,1.843,0.363982806576744,0,0,0,0,59.4956395917837,4.4358865159963,4,32
83,2,0.7498,0.175814876705218,1,0,0,0,0,0,61.6487692634245,4.0057193967039,4,32
84,1,0.7507,0.172014822323831,1.843,0.363982806576744,0,0,0,0,60.2386466583599,4.46456430740025,4,32
84,2,0.7518,0.172065006222551,1,0,0,0,0,0,62.3923713703637,4.0356971734944,4,32
0,1,1,0,1,0,0,0,0,0,0,0,5,32
0,2,1,0,1,0,0,0,0,0,0,0,5,32
1,1,0.8807,0.107093319021211,1,0,0.13,0.336471712352188,0,0,1,0,5,32
1,2,0.8849,0.107394243437549,1,0,0.13,0.336471712352188,0,0,1,0,5,32
2,1,0.8357,0.132412397618361,1.009,0.0944877131056093,0.257,0.437198058255228,0.009,0.0944877131056093,1.87411258,0.119627802295602,5,32
2,2,0.845,0.126217791657638,1,0,0.258,0.437752929890398,0,0,1.87831216,0.120124878533246,5,32
3,1,0.8207,0.14325512916483,1.034,0.181319819316248,0.506,0.500214168346134,0.034,0.181319819316248,2.696348108224,0.216981258783875,5,32
3,2,0.8075,0.145447258155336,1,0,0.562,0.496389365722517,0,0,2.710245748321,0.211117487773801,5,32
4,1,0.7991,0.151433556790172,1.086,0.28050433629925,0.327,0.469351990824894,0.086,0.28050433629925,3.48981002203421,0.324130422582306,5,32
4,2,0.7937,0.148769763199524,1,0,0.348,0.476574362637273,0,0,3.48941195170222,0.320001217975225,5,32
5,1,0.788,0.155564135327524,1.116,0.320385153598987,0.351,0.477521755553637,0.116,0.320385153598987,4.26794868873809,0.433480775116505,5,32
5,2,0.7784,0.152829306079681,1,0,0.418,0.49347696959384,0,0,4.26540147827712,0.429505204905507,5,32
6,1,0.7813,0.155449266561391,1.145,0.352277020396022,0.485,0.500025024398804,0.145,0.352277020396022,5.03221644019545,0.533732533551847,5,32
6,2,0.7729,0.156716783243372,1,0,0.597,0.490746198998863,0,0,5.02252280401954,0.531603525768358,5,32
7,1,0.7752,0.159217807767568,1.202,0.401693113405442,0.321,0.467094398571827,0.202,0.401693113405442,5.78156667265045,0.630339379773457,5,32
7,2,0.7659,0.160102538464644,1,0,0.442,0.496873105413125,0,0,5.76512708546218,0.630380166880968,5,32
8,1,0.7707,0.161299496364767,1.239,0.426686138819931,0.343,0.474949025240158,0.239,0.426686138819931,6.53009249492474,0.723766179091945,5,32
8,2,0.7679,0.163970962296611,1,0,0.495,0.50022517452166,0,0,6.50840658163415,0.72794072506664,5,32
9,1,0.7692,0.161112747221681,1.273,0.445723759373078,0.286,0.452115481274871,0.273,0.445723759373078,7.27109942253121,0.812820012998585,5,32
9,2,0.7618,0.161328195882762,1,0,0.456,0.498309454367778,0,0,7.25096226967454,0.820047170896642,5,32
10,1,0.7575,0.165502692247411,1.298,0.457608353732103,0.539,0.49872610491905,0.298,0.457608353732103,8.01168256431896,0.896046157994598,5,32
10,2,0.7608,0.164834858359907,1,0,0.816,0.387678080750375,0,0,7.98929743565247,0.901218864721551,5,32
11,1,0.7516,0.168718421951801,1.359,0.479947236005532,0.641,0.479947236005532,0.193,0.394850486775573,8.7266172362756,0.977213586537105,5,32
11,2,0.7655,0.168368934480498,1,0,1,0,0,0,8.70857775956609,0.985880148355634,5,32
12,1,0.7516,0.172705724477411,1.412,0.492441365543654,0.588,0.492441365543654,0.145,0.352277020396022,9.43573673660348,1.04900610972977,5,32
12,2,0.7602,0.168298200478449,1,0,0.996,0.0631505185092568,0,0,9.42329110297305,1.0596132204997,5,32
13,1,0.7473,0.170709846968041,1.475,0.499624483612067,0.515,0.500025024398804,0.13,0.336471712352188,10.1498292683132,1.11921560955737,5,32
13,2,0.7553,0.16816714955719,1,0,0.965,0.18387171834953,0,0,10.1328390916808,1.132975522719,5,32
14,1,0.7481,0.169248441750685,1.531,0.49928778103243,0.436,0.496135213576047,0.152,0.359200535947575,10.8639502608478,1.1862192889239,5,32
14,2,0.7561,0.173357557789797,1,0,0.883,0.321581116383432,0,0,10.8389704779776,1.20230815899892,5,32
15,1,0.759,0.175584252795716,1.576,0.494437527366672,0.345,0.475606140836303,0.204,0.403170617166661,11.5816447346032,1.25401228530897,5,32
15,2,0.7574,0.173883511223679,1,0,0.764,0.424834655465493,0,0,11.5499243955931,1.27275950617979,5,32
16,1,0.7545,0.165611524892373,1.61,0.487993993957034,0.265,0.441554039693863,0.234,0.423584021680969,12.312098177398,1.32552182124999,5,32
16,2,0.7531,0.175274388063719,1,0,0.665,0.472226638382459,0,0,12.2680463504259,1.3392865706362,5,32
17,1,0.7477,0.16853223167428,1.639,0.480530862598762,0.201,0.400948574956639,0.267,0.44261372200476,13.0404817724496,1.39553550534444,5,32
17,2,0.7466,0.174524780185792,1,0,0.516,0.499993993957921,0,0,12.9867454538429,1.40960990021114,5,32
18,1,0.7508,0.170963705471625,1.663,0.472921404310119,0.146,0.353282901948012,0.294,0.455819889618445,13.7635514470052,1.4648465614799,5,32
18,2,0.745,0.17591459844466,1,0,0.432,0.495602281695334,0,0,13.706321073641,1.48571458204378,5,32
19,1,0.7527,0.164620198668966,1.677,0.467856698028242,0.102,0.302799748493435,0.316,0.465145526002734,14.4910407214747,1.53354136584703,5,32
19,2,0.739,0.175070413404577,1,0,0.383,0.486361539955153,0,0,14.4284200598529,1.56364427016068,5,32
20,1,0.7504,0.168844154024794,1.686,0.464348597090181,0.102,0.302799748493435,0.331,0.470808518041741,15.2214515521439,1.60429171881356,5,32
20,2,0.7408,0.175060006871947,1,0,0.417,0.493309592805932,0,0,15.1469035750991,1.64524876283459,5,32
21,1,0.7494,0.168546871961624,1.699,0.458922226101122,0.115,0.319181573523405,0.354,0.478448443317473,15.9487454359385,1.67006634976791,5,32
21,2,0.7432,0.177158531110261,1,0,0.478,0.499765710874371,0,0,15.8654150421837,1.7285393829373,5,32
22,1,0.7463,0.170691081915387,1.711,0.453524734369234,0.122,0.327449573557858,0.372,0.483580241376599,16.6731724644684,1.7408633902612,5,32
22,2,0.7488,0.176719522944664,1,0,0.522,0.499765710874371,0,0,16.5832060217575,1.80676771979932,5,32
23,1,0.7435,0.172938305929189,1.724,0.447240454368815,0.166,0.372266816386557,0.388,0.487538402275855,17.3931866102537,1.8126684659365,5,32
23,2,0.7504,0.16836920201803,1,0,0.604,0.489309128694145,0,0,17.3043177500821,1.8805651133169,5,32
24,1,0.7447,0.17799885840531,1.739,0.439399672362272,0.166,0.372266816386557,0.403,0.490746198998863,18.1073420799606,1.88161958405186,5,32
24,2,0.7418,0.170651345971492,1,0,0.614,0.487074164005074,0,0,18.0228631109132,1.94536318227852,5,32
25,1,0.7429,0.177146749817689,1.758,0.428508599236491,0.142,0.349224795737585,0.433,0.495738597202958,18.8218750553617,1.95389459039859,5,32
25,2,0.7389,0.174777965823319,1,0,0.544,0.498309454367778,0,0,18.7322584321107,1.99659450617477,5,32
26,1,0.7373,0.172998955599849,1.771,0.42039949540376,0.149,0.356266650033266,0.465,0.499023069631078,19.5342418211701,2.02423449757893,5,32
26,2,0.7401,0.170795670791625,1,0,0.575,0.494590355364538,0,0,19.4421813155747,2.05272984168249,5,32
27,1,0.7448,0.171995763152883,1.785,0.41102791139282,0.155,0.362085771753194,0.494,0.500214168346134,20.239006955784,2.08485211102864,5,32
27,2,0.7399,0.178465234261017,1,0,0.61,0.487993993957034,0,0,20.1516841156138,2.11116171595368,5,32
28,1,0.7459,0.174853549474307,1.806,0.395626743939942,0.128,0.334256978577453,0.522,0.499765710874371,20.9494361090501,2.14587613286825,5,32
28,2,0.7429,0.178329446226335,1,0,0.57,0.495323475463606,0,0,20.859171223534,2.15716255327257,5,32
29,1,0.7424,0.176219446410699,1.818,0.386037595351832,0.107,0.309267920493941,0.548,0.497939699104163,21.6608412833664,2.20655908306227,5,32
29,2,0.7466,0.180779205444435,1,0,0.487,0.500081074508005,0,0,21.5715736016271,2.20331204998809,5,32
30,1,0.7385,0.171631020527197,1.824,0.381010720543621,0.088,0.283436653127884,0.567,0.495738597202958,22.3684361769541,2.27478785901202,5,32
30,2,0.7495,0.179644153876551,1,0,0.433,0.495738597202958,0,0,22.2917320063247,2.25279181393665,5,32
31,1,0.7401,0.173643721862157,1.834,0.372266816386557,0.06,0.237605674293474,0.591,0.491895274383645,23.0720719941032,2.34512549770325,5,32
31,2,0.7445,0.181170010135708,1,0,0.32,0.466709564737876,0,0,23.0174016195191,2.29839890637186,5,32
32,1,0.7431,0.178673765042085,1.84,0.366789496216201,0.039,0.193691808077979,0.62,0.485629319374187,23.7774318760324,2.41249432853575,5,32
32,2,0.7387,0.18238852917762,1,0,0.271,0.444698500960771,0,0,23.7436466537718,2.34742491560604,5,32
33,1,0.7434,0.179634931760804,1.843,0.363982806576744,0.042,0.200689502157627,0.649,0.477521755553637,24.4853129148566,2.47753290201856,5,32
33,2,0.742,0.178739889078929,1,0,0.285,0.451640320364534,0,0,24.4664797669217,2.39131671787666,5,32
34,1,0.745,0.177613475126598,1.849,0.358228038164697,0.025,0.156203071030628,0.675,0.468609213091884,25.1918274487201,2.53718321136359,5,32
34,2,0.7458,0.16944341554357,1,0,0.2,0.400200150125109,0,0,25.1918320304741,2.43596132207234,5,32
35,1,0.7464,0.174118802423395,1.854,0.353282901948012,0.026,0.159214789983058,0.699,0.458922226101122,25.8994174275747,2.59484100950785,5,32
35,2,0.7498,0.169318128470133,1,0,0.161,0.367714854492192,0,0,25.9251344339124,2.47807272881208,5,32
36,1,0.7495,0.173694904703391,1.856,0.351265408754388,0.013,0.113330683593826,0.721,0.448731947113597,26.607086123323,2.64876324951855,5,32
36,2,0.748,0.169128958503872,1,0,0.116,0.320385153598987,0,0,26.6642927174741,2.51867172289488,5,32
37,1,0.7578,0.173462529813355,1.859,0.34819569244929,0.022,0.146756729104793,0.737,0.440482718191106,27.3173245288778,2.70187690815052,5,32
37,2,0.7482,0.17218131840129,1,0,0.134,0.340822769427396,0,0,27.4038254680391,2.56077468985396,5,32
38,1,0.7544,0.172018110180964,1.862,0.345072564941166,0.013,0.113330683593826,0.747,0.434948479914783,28.0345158724903,2.75058165452006,5,32
38,2,0.751,0.175812143806706,1,0,0.095,0.293361655744341,0,0,28.1425868506726,2.59485744147512,5,32
39,1,0.7545,0.174958167458282,1.864,0.342960087505269,0.013,0.113330683593826,0.757,0.429109700583819,28.7481985827441,2.79627154943392,5,32
39,2,0.7609,0.173063979906684,1,0,0.093,0.290577761426155,0,0,28.8860063405202,2.63244183049947,5,32
40,1,0.7492,0.169375464716847,1.864,0.342960087505269,0.004,0.0631505185092568,0.763,0.425455064621415,29.4614114817664,2.84137320855955,5,32
40,2,0.7587,0.166589501656203,1,0,0.047,0.211744742168102,0,0,29.6393125624276,2.66950994749733,5,32
41,1,0.7488,0.171019904712311,1.864,0.342960087505269,0.003,0.054717401199198,0.772,0.419752536850216,30.1694236193797,2.8878461265387,5,32
41,2,0.7544,0.174330235561795,1,0,0.022,0.146756729104793,0,0,30.3926430544917,2.70118679429579,5,32
42,1,0.7462,0.170630227904304,1.864,0.342960087505269,0.004,0.0631505185092568,0.799,0.400948574956639,30.8765682292278,2.93570743988167,5,32
42,2,0.7571,0.174183609820011,1,0,0.034,0.181319819316248,0,0,31.1428606935292,2.73554640069968,5,32
43,1,0.7499,0.173118340911528,1.864,0.342960087505269,0.011,0.104354635210372,0.815,0.388491860823269,31.5796588902207,2.97521248844561,5,32
43,2,0.7525,0.174023084773354,1,0,0.053,0.224145580463326,0,0,31.8950945088596,2.76785257047295,5,32
44,1,0.7497,0.17621282859361,1.864,0.342960087505269,0.008,0.0891288053546324,0.825,0.380157229997694,32.2852183001426,3.01164644521624,5,32
44,2,0.7498,0.175073157881528,1,0,0.038,0.191291904148065,0,0,32.6417269157605,2.80238080419323,5,32
45,1,0.7516,0.176035304494378,1.867,0.339744648856206,0.006,0.0772655807586403,0.832,0.374053359717455,32.9901595689278,3.05724103522529,5,32
45,2,0.7491,0.174670259917651,1,0,0.034,0.181319819316248,0,0,33.3863432209994,2.83818251407063,5,32
46,1,0.7456,0.174330235561795,1.867,0.339744648856206,0,0,0.835,0.37136627864268,33.6966729348977,3.09843845182671,5,32
46,2,0.7526,0.176307470982725,1,0,0.006,0.0772655807586403,0,0,34.130387309665,2.87082956998236,5,32
47,1,0.7384,0.176965411187488,1.867,0.339744648856206,0,0,0.841,0.36585906146063,34.3972924990723,3.14440281174671,5,32
47,2,0.7481,0.178348530126262,1,0,0,0,0,0,34.8792345045623,2.90592750260003,5,32
48,1,0.739,0.177286295100412,1.867,0.339744648856206,0,0,0.847,0.360167628640777,35.0903771703369,3.19236982089971,5,32
48,2,0.7449,0.176423113891335,1,0,0,0,0,0,35.6238265094062,2.94116421512714,5,32
49,1,0.7424,0.174162488993964,1.867,0.339744648856206,0,0,0.849,0.358228038164697,35.7836910965131,3.23462998887525,5,32
49,2,0.7444,0.17770824466023,1,0,0,0,0,0,36.3651593790089,2.97966328701487,5,32
50,1,0.7464,0.172269314495405,1.867,0.339744648856206,0,0,0.856,0.351265408754388,36.4802195600441,3.26671557968974,5,32
50,2,0.7475,0.178341121325272,1,0,0,0,0,0,37.1059205594538,3.00795531612256,5,32
51,1,0.7493,0.173405823372745,1.867,0.339744648856206,0,0,0.867,0.339744648856206,37.1803101653697,3.3009289042379,5,32
51,2,0.7474,0.174308988935234,1,0,0,0,0,0,37.849692201695,3.04135483753997,5,32
52,1,0.7474,0.174136623269097,1.867,0.339744648856206,0,0,0.867,0.339744648856206,37.8826688065484,3.33932924950164,5,32
52,2,0.7515,0.1757516390781,1,0,0,0,0,0,38.5932899754991,3.06612379786321,5,32
53,1,0.7472,0.171527203619664,1.867,0.339744648856206,0,0,0.867,0.339744648856206,38.583067066711,3.37448384633338,5,32
53,2,0.7476,0.174827929132633,1,0,0,0,0,0,39.3408921238013,3.10313051418703,5,32
54,1,0.7541,0.169917809725944,1.867,0.339744648856206,0,0,0.867,0.339744648856206,39.2831963442962,3.40913328651189,5,32
54,2,0.7479,0.171770472128055,1,0,0,0,0,0,40.0845401282379,3.14009085103249,5,32
55,1,0.7487,0.16717133802257,1.867,0.339744648856206,0,0,0.867,0.339744648856206,39.9901184475217,3.44182453798038,5,32
55,2,0.7413,0.171854135370214,1,0,0,0,0,0,40.8284121521596,3.16792734571723,5,32
56,1,0.7597,0.174861335024317,1.867,0.339744648856206,0,0,0.867,0.339744648856206,40.6915994784883,3.46892782925029,5,32
56,2,0.7469,0.17754411258026,1,0,0,0,0,0,41.5656459910418,3.19933044070411,5,32
57,1,0.7553,0.172863506246379,1.867,0.339744648856206,0,0,0.867,0.339744648856206,41.4039489304474,3.49471322906709,5,32
57,2,0.7472,0.176190814752652,1,0,0,0,0,0,42.3083748326252,3.22438685749277,5,32
58,1,0.7483,0.175635867515602,1.867,0.339744648856206,0,0,0.867,0.339744648856206,42.1118521573659,3.5162547122703,5,32
58,2,0.7411,0.173467232873765,1,0,0,0,0,0,43.0513276961036,3.25620172709297,5,32
59,1,0.744,0.174282455727404,1.867,0.339744648856206,0,0,0.867,0.339744648856206,42.8127250784673,3.54144831554479,5,32
59,2,0.746,0.177695176005359,1,0,0,0,0,0,43.7881415436506,3.28829068750316,5,32
60,1,0.7427,0.176118504785067,1.867,0.339744648856206,0,0,0.867,0.339744648856206,43.5092532088432,3.56863130802457,5,32
60,2,0.7451,0.178010330255515,1,0,0,0,0,0,44.5297528834928,3.31853688905048,5,32
61,1,0.7433,0.180520629562656,1.867,0.339744648856206,0,0,0.867,0.339744648856206,44.2044194634405,3.60109561107865,5,32
61,2,0.7421,0.176319819301968,1,0,0,0,0,0,45.2703954463018,3.348678203813,5,32
62,1,0.7433,0.175173616152079,1.867,0.339744648856206,0,0,0.867,0.339744648856206,44.9001125523708,3.64482572522705,5,32
62,2,0.7421,0.171659712970333,1,0,0,0,0,0,46.0079821900623,3.38116544698416,5,32
63,1,0.7422,0.179475266739937,1.867,0.339744648856206,0,0,0.867,0.339744648856206,45.5957360719922,3.68666910789577,5,32
63,2,0.7459,0.17571017063353,1,0,0,0,0,0,46.7454951751484,3.40810705569245,5,32
64,1,0.7444,0.180447225529242,1.867,0.339744648856206,0,0,0.867,0.339744648856206,46.2901969378222,3.72079496162859,5,32
64,2,0.7536,0.172443546637086,1,0,0,0,0,0,47.4867105429994,3.43376805981827,5,32
65,1,0.7463,0.172441427870585,1.867,0.339744648856206,0,0,0.867,0.339744648856206,46.9867743218262,3.75255011923712,5,32
65,2,0.7511,0.172651668392166,1,0,0,0,0,0,48.2355026642252,3.46252104395941,5,32
66,1,0.7484,0.174206164609028,1.867,0.339744648856206,0,0,0.866,0.340822769427396,47.6851697375289,3.7822706358834,5,32
66,2,0.7537,0.171451759121059,1,0,0,0,0,0,48.9817361043479,3.49291767207549,5,32
67,1,0.7475,0.16876679837051,1.867,0.339744648856206,0,0,0.866,0.340822769427396,48.3856311697092,3.80647751674088,5,32
67,2,0.7606,0.169163401054295,1,0,0,0,0,0,49.7304778167779,3.52893019145834,5,32
68,1,0.7512,0.173749097116356,1.867,0.339744648856206,0,0,0.867,0.339744648856206,49.0851285658905,3.84036317197616,5,32
68,2,0.7544,0.172830872561908,1,0,0,0,0,0,50.4859985772656,3.5594078611919,5,32
69,1,0.7459,0.169150234412494,1.867,0.339744648856206,0,0,0.867,0.339744648856206,49.7881812752964,3.8722948441049,5,32
69,2,0.7551,0.175512947655707,1,0,0,0,0,0,51.2352858047514,3.59066057217135,5,32
70,1,0.7536,0.170575895530805,1.867,0.339744648856206,0,0,0.867,0.339744648856206,50.4859001253707,3.90680966969738,5,32
70,2,0.7562,0.172369577568872,1,0,0,0,0,0,51.9851932898999,3.62362875134952,5,32
71,1,0.753,0.175390312622339,1.867,0.339744648856206,0,0,0.867,0.339744648856206,51.1911954890941,3.93641446979591,5,32
71,2,0.7464,0.171978535336875,1,0,0,0,0,0,52.7361181108047,3.65722182275039,5,32
72,1,0.7422,0.174211106160054,1.867,0.339744648856206,0,0,0.867,0.339744648856206,51.8958245684054,3.96843237764388,5,32
72,2,0.7418,0.166554797290563,1,0,0,0,0,0,53.4772371762567,3.69320292341355,5,32
73,1,0.7493,0.172943399467628,1.867,0.339744648856206,0,0,0.867,0.339744648856206,52.5896606694038,3.99711614083235,5,32
73,2,0.736,0.17605395478374,1,0,0,0,0,0,54.2137151324999,3.71770574317306,5,32
74,1,0.7431,0.172864896009202,1.867,0.339744648856206,0,0,0.867,0.339744648856206,53.2904757429393,4.02926344803602,5,32
74,2,0.7398,0.174259365103648,1,0,0,0,0,0,54.9443616288837,3.74422975469384,5,32
75,1,0.7433,0.166682011305638,1.867,0.339744648856206,0,0,0.867,0.339744648856206,53.9850664479066,4.05790829411812,5,32
75,2,0.7392,0.167963006556716,1,0,0,0,0,0,55.6787070430099,3.77003270997686,5,32
76,1,0.7417,0.170880982880806,1.867,0.339744648856206,0,0,0.867,0.339744648856206,54.6797861993399,4.0886998781604,5,32
76,2,0.7421,0.169251990346454,1,0,0,0,0,0,56.4123835059851,3.79238948862721,5,32
77,1,0.7456,0.175873737583448,1.867,0.339744648856206,0,0,0.867,0.339744648856206,55.3728485933104,4.11547554893389,5,32
77,2,0.7441,0.175943587965422,1,0,0,0,0,0,57.1488646437606,3.8229455368761,5,32
78,1,0.7484,0.169074025284862,1.867,0.339744648856206,0,0,0.867,0.339744648856206,56.0697117648707,4.14249018040567,5,32
78,2,0.7362,0.176012898790232,1,0,0,0,0,0,57.8872567917962,3.85588716401952,5,32
79,1,0.7509,0.169729190176581,1.867,0.339744648856206,0,0,0.867,0.339744648856206,56.7692834939852,4.16875062942414,5,32
79,2,0.734,0.174512046731607,1,0,0,0,0,0,58.6177364839799,3.89377507692243,5,32
80,1,0.7497,0.168428852273826,1.867,0.339744648856206,0,0,0.866,0.340822769427396,57.4712655927545,4.19308559137862,5,32
80,2,0.7368,0.180272732986046,1,0,0,0,0,0,59.3459604405861,3.92672818830809,5,32
81,1,0.748,0.1697197831863,1.867,0.339744648856206,0,0,0.859,0.34819569244929,58.1720366570683,4.21811807035576,5,32
81,2,0.741,0.176834018984669,1,0,0,0,0,0,60.0768892630469,3.95945488014244,5,32
82,1,0.7518,0.172471755677579,1.867,0.339744648856206,0,0,0.382,0.486119648144685,58.8713985356505,4.24567974097181,5,32
82,2,0.7442,0.173598665019338,1,0,0,0,0,0,60.8119111083479,3.99121111226,5,32
83,1,0.7502,0.172886812249662,1.867,0.339744648856206,0,0,0,0,59.5981146638576,4.27991348830191,5,32
83,2,0.7434,0.171422944280589,1,0,0,0,0,0,61.5500333174535,4.01809004759958,5,32
84,1,0.7503,0.169731313312302,1.867,0.339744648856206,0,0,0,0,60.3421134643721,4.30028585887365,5,32
84,2,0.741,0.175356065620068,1,0,0,0,0,0,62.2872883271876,4.0440648645924,5,32
0,1,1,0,1,0,0,0,0,0,0,0,6,32
0,2,1,0,1,0,0,0,0,0,0,0,6,32
1,1,0.8842,0.106120787886359,1,0,0.122,0.327449573557858,0,0,1,0,6,32
1,2,0.8875,0.105379575131307,1,0,0.113,0.316751213622507,0,0,1,0,6,32
2,1,0.8301,0.127907585194743,1.011,0.104354635210372,0.288,0.45305767983918,0.011,0.104354635210372,1.87801219,0.11818022519517,6,32
2,2,0.8385,0.125632533738413,1,0,0.284,0.451162440311189,0,0,1.881761815,0.117021515356737,6,32
3,1,0.809,0.148124747901696,1.037,0.188856206322871,0.541,0.498565509805449,0.037,0.188856206322871,2.6929991681515,0.211749589530227,6,32
3,2,0.8146,0.142573374678329,1,0,0.537,0.49887862239214,0,0,2.705896963243,0.208013369940264,6,32
4,1,0.7936,0.155122864540025,1.083,0.276020265899421,0.34,0.47394580346768,0.083,0.276020265899421,3.47286516155372,0.323026507663898,6,32
4,2,0.7889,0.15352641583897,1,0,0.378,0.485130241637595,0,0,3.49341066187471,0.312894550569922,6,32
5,1,0.7739,0.162342678138391,1.127,0.333139583331045,0.354,0.478448443317473,0.127,0.333139583331045,4.24500622789763,0.435541441979352,6,32
5,2,0.7792,0.157455238566877,1,0,0.416,0.493140129362017,0,0,4.26310270807163,0.422706039348169,6,32
6,1,0.7646,0.164966827132166,1.157,0.363982806576744,0.494,0.500214168346134,0.157,0.363982806576744,4.99448137787513,0.553310044745566,6,32
6,2,0.77,0.159202215265195,1,0,0.608,0.488440963243844,0,0,5.02112358390405,0.530177428967295,6,32
7,1,0.7634,0.163300664747903,1.204,0.403170617166661,0.329,0.470085077384913,0.204,0.403170617166661,5.72609225766799,0.664100444755217,6,32
7,2,0.7661,0.158952999518902,1,0,0.438,0.496389365722517,0,0,5.76027993482926,0.63424108036933,6,32
8,1,0.7635,0.163965345834523,1.237,0.425455064621415,0.38,0.485629319374187,0.237,0.425455064621415,6.46232668735971,0.771408894573987,6,32
8,2,0.7629,0.166677447098794,1,0,0.509,0.50016914056064,0,0,6.50395915108521,0.727307272131095,6,32
9,1,0.7534,0.165698207280272,1.28,0.449223554371097,0.322,0.467476774326313,0.28,0.449223554371097,7.19439077246069,0.870578420977839,6,32
9,2,0.7594,0.165102691979564,1,0,0.468,0.499224624017311,0,0,7.24081939752992,0.826129440045705,6,32
10,1,0.7582,0.169651235013311,1.315,0.464748309293311,0.527,0.499520290399219,0.315,0.464748309293311,7.91704006278794,0.961182972857455,6,32
10,2,0.752,0.164569386834499,1,0,0.837,0.369550493934953,0,0,7.97615726242811,0.914253972398993,6,32
11,1,0.7519,0.169366688209562,1.363,0.481105458774334,0.637,0.481105458774334,0.202,0.401693113405442,8.63242428494702,1.05105464372352,6,32
11,2,0.7591,0.165724635026464,1,0,1,0,0,0,8.6855974319104,0.996375312139617,6,32
12,1,0.7458,0.172197595836911,1.43,0.495323475463606,0.569,0.495463908357092,0.118,0.322769546550136,9.3415937303024,1.12470662550804,6,32
12,2,0.7539,0.167788387390019,1,0,0.997,0.054717401199198,0,0,9.39391781179843,1.07072989647562,6,32
13,1,0.7428,0.174753250895938,1.482,0.499925920438144,0.505,0.50022517452166,0.121,0.326290461805836,10.0521904597029,1.19897788962932,6,32
13,2,0.7553,0.170120107132728,1,0,0.964,0.186383311320351,0,0,10.0971234163166,1.14065841799956,6,32
14,1,0.7415,0.173198578942634,1.527,0.499520290399219,0.431,0.495463908357092,0.149,0.356266650033266,10.7627660644695,1.27565633418629,6,32
14,2,0.7449,0.171182047228362,1,0,0.89,0.313046319253234,0,0,10.8033047376524,1.21021797757792,6,32
15,1,0.7464,0.17354295478975,1.567,0.495738597202958,0.348,0.476574362637273,0.197,0.397931337480914,11.4742692125852,1.34622793201388,6,32
15,2,0.7424,0.175136840535945,1,0,0.78,0.414453582167861,0,0,11.5027248147615,1.27409163761875,6,32
16,1,0.7488,0.174897539002552,1.594,0.491330240678716,0.285,0.451640320364534,0.231,0.421683313419937,12.1923412423656,1.41919745585884,6,32
16,2,0.7411,0.174158321997891,1,0,0.679,0.467094398571827,0,0,12.2050704530116,1.33682966498331,6,32
17,1,0.7489,0.174439729474736,1.615,0.486838794686714,0.214,0.410332026988355,0.259,0.438304815295373,12.9141853095608,1.49653788205782,6,32
17,2,0.7426,0.173364631039019,1,0,0.526,0.499573391578829,0,0,12.9110898611957,1.40632946803134,6,32
18,1,0.7443,0.172386853406016,1.634,0.481950491519903,0.159,0.36585906146063,0.282,0.450198488090174,13.6382033704078,1.58086313656205,6,32
18,2,0.7419,0.179015184932554,1,0,0.444,0.497102716861527,0,0,13.6261731248768,1.47724445437115,6,32
19,1,0.7391,0.175076674179749,1.655,0.475606140836303,0.122,0.327449573557858,0.311,0.463134422704136,14.3591544248612,1.65996278646168,6,32
19,2,0.7449,0.175854812032298,1,0,0.383,0.486361539955153,0,0,14.3445787654307,1.54916328473667,6,32
20,1,0.7423,0.173178233911484,1.668,0.471166635064494,0.112,0.315524255098646,0.326,0.468981816218864,15.0752424960058,1.73495216448031,6,32
20,2,0.7455,0.176722893200007,1,0,0.4,0.490143081395872,0,0,15.0689510807603,1.61822869683618,6,32
21,1,0.7447,0.173441609748042,1.681,0.466322266738847,0.145,0.352277020396022,0.343,0.474949025240158,15.7942030639449,1.81622977141027,6,32
21,2,0.7394,0.175893657016331,1,0,0.485,0.500025024398804,0,0,15.7930014583835,1.69698656083433,6,32
22,1,0.7439,0.17243121098723,1.689,0.463134422704136,0.152,0.359200535947575,0.358,0.479652026021017,16.5129919456173,1.8909706325472,6,32
22,2,0.7407,0.176591887397736,1,0,0.536,0.498951854343636,0,0,16.5066511442478,1.76838603766325,6,32
23,1,0.7449,0.17281161377018,1.702,0.457608353732103,0.167,0.373162498451077,0.371,0.483314175865547,17.2298131240155,1.96434078874154,6,32
23,2,0.7464,0.176743538151408,1,0,0.605,0.489095301770743,0,0,17.2189822122579,1.82849323917658,6,32
24,1,0.7423,0.173004741670975,1.718,0.450198488090174,0.179,0.383544138406659,0.392,0.488440963243844,17.9461635392845,2.03362554972092,6,32
24,2,0.7489,0.178186813598932,1,0,0.607,0.488661221901012,0,0,17.9334868778498,1.87908638971091,6,32
25,1,0.7423,0.175132468095957,1.739,0.439399672362272,0.148,0.355277669185979,0.415,0.492968577110162,18.6582025077907,2.0919069726099,6,32
25,2,0.7447,0.177096790691625,1,0,0.55,0.497742652128334,0,0,18.6503143395942,1.93624703757421,6,32
26,1,0.7417,0.177546142263448,1.751,0.432650189166937,0.162,0.368635174517967,0.446,0.49732417127195,19.370569273599,2.15630588089671,6,32
26,2,0.7504,0.1764397091671,1,0,0.572,0.495036423974096,0,0,19.3657234895455,1.98658891947672,6,32
27,1,0.7416,0.179949497976021,1.776,0.417130672569158,0.144,0.351265408754388,0.486,0.500054051132529,20.0800222034757,2.22063569095703,6,32
27,2,0.748,0.17642881603391,1,0,0.59,0.492079406338187,0,0,20.0856491535199,2.03006888449634,6,32
28,1,0.7311,0.173415290164572,1.791,0.406797842281009,0.128,0.334256978577453,0.51,0.50015012761185,20.7882074238509,2.28017420893457,6,32
28,2,0.75,0.177514820540459,1,0,0.55,0.497742652128334,0,0,20.8022117233546,2.0746602248869,6,32
29,1,0.7372,0.174145015680859,1.803,0.397931337480914,0.097,0.296105857217784,0.539,0.49872610491905,21.4854523045378,2.3390590816194,6,32
29,2,0.7518,0.175976497657294,1,0,0.471,0.499408058013093,0,0,21.5226914520391,2.11160184582603,6,32
30,1,0.7366,0.176043833835302,1.812,0.390907672998125,0.086,0.28050433629925,0.564,0.496135213576047,22.1888095058859,2.39388566979455,6,32
30,2,0.7499,0.172306934508393,1,0,0.412,0.492441365543654,0,0,22.2488324810748,2.14612201446918,6,32
31,1,0.7382,0.179088896453222,1.82,0.384379692163553,0.057,0.231958627355839,0.592,0.491709037722287,22.8908002658642,2.44355645293401,6,32
31,2,0.7566,0.1722385151646,1,0,0.275,0.446737702208549,0,0,22.9759477505709,2.17843257843371,6,32
32,1,0.7397,0.177271924836775,1.828,0.377569276502417,0.051,0.220107808692576,0.621,0.485380875802286,23.5943657194316,2.50073308786501,6,32
32,2,0.7488,0.173518496618282,1,0,0.248,0.432067914433232,0,0,23.7164983664866,2.20886388905685,6,32
33,1,0.7472,0.18106613417463,1.831,0.374939434548541,0.045,0.207407854282373,0.646,0.478448443317473,24.2982096981879,2.55990839390413,6,32
33,2,0.7408,0.170189084033978,1,0,0.267,0.44261372200476,0,0,24.4505455353807,2.24810355548199,6,32
34,1,0.741,0.173577444183077,1.835,0.37136627864268,0.032,0.176088066055048,0.667,0.47152235719352,25.0085117120945,2.61764033249839,6,32
34,2,0.7431,0.173211986861165,1,0,0.19,0.392497202606661,0,0,25.1755987873507,2.28749042508552,6,32
35,1,0.7407,0.171647816685715,1.841,0.36585906146063,0.023,0.149978310076802,0.689,0.463134422704136,25.7121650988133,2.67129274828998,6,32
35,2,0.7491,0.17137257236372,1,0,0.163,0.369550493934953,0,0,25.9067086584603,2.33465206050043,6,32
36,1,0.7527,0.178786673649561,1.843,0.363982806576744,0.013,0.113330683593826,0.705,0.456270953692193,26.4148014395471,2.72368318060222,6,32
36,2,0.7454,0.168425672648819,1,0,0.118,0.322769546550136,0,0,26.6450697372671,2.38224540657594,6,32
37,1,0.7553,0.180567202211571,1.845,0.362085771753194,0.022,0.146756729104793,0.722,0.448237567498438,27.1290254702734,2.77953215508568,6,32
37,2,0.7517,0.171424900456429,1,0,0.15,0.357250091151322,0,0,27.3819121908414,2.42274598455261,6,32
38,1,0.7551,0.173966244582834,1.846,0.36112935966827,0.015,0.121613279660528,0.732,0.443139224592421,27.8444732772445,2.83494433825487,6,32
38,2,0.7543,0.167180918347338,1,0,0.087,0.281976081451088,0,0,28.1233636014359,2.45715312359591,6,32
39,1,0.7503,0.170202464373695,1.848,0.359200535947575,0.014,0.117549214450024,0.742,0.437752929890398,28.5595008669774,2.88677474762877,6,32
39,2,0.7515,0.173689141623528,1,0,0.108,0.310535718448671,0,0,28.8704690572634,2.49015260258513,6,32
40,1,0.7471,0.174934822697461,1.849,0.358228038164697,0.008,0.0891288053546324,0.756,0.429707631592282,29.2692273900967,2.93215768348589,6,32
40,2,0.7561,0.173818879880763,1,0,0.052,0.222138122224316,0,0,29.6136647890519,2.53212132624173,6,32
41,1,0.7465,0.173256364292247,1.849,0.358228038164697,0.003,0.054717401199198,0.768,0.422320203582962,29.9752973125192,2.97352775577432,6,32
41,2,0.7498,0.176383307234758,1,0,0.03,0.170672578726429,0,0,30.3641566589142,2.57585123158154,6,32
42,1,0.7415,0.175780114485822,1.85,0.357250091151322,0.003,0.054717401199198,0.791,0.406797842281009,30.6803505151696,3.01297050592908,6,32
42,2,0.7437,0.17678111200454,1,0,0.04,0.196057232558349,0,0,31.1093947570049,2.62367984746977,6,32
43,1,0.7462,0.178486462840792,1.85,0.357250091151322,0.008,0.0891288053546324,0.801,0.399447817065707,31.3792089896188,3.05617899192947,6,32
43,2,0.7429,0.176297109082,1,0,0.058,0.233860408557521,0,0,31.8479859945355,2.67107166619206,6,32
44,1,0.7453,0.170431678267149,1.852,0.355277669185979,0.003,0.054717401199198,0.817,0.386860001370859,32.0819306288404,3.09579928911648,6,32
44,2,0.7496,0.174557469935578,1,0,0.024,0.1531255937048,0,0,32.5848106676123,2.71195265502515,6,32
45,1,0.7423,0.170557321155674,1.852,0.355277669185979,0.005,0.0705689732104696,0.82,0.384379692163553,32.7831383622002,3.13078412489819,6,32
45,2,0.7581,0.175628116300424,1,0,0.024,0.1531255937048,0,0,33.3299247775746,2.75541237982539,6,32
46,1,0.7395,0.17424152808705,1.853,0.354283102217022,0.001,0.0316227766016838,0.828,0.377569276502417,33.4810405676577,3.1701340712912,6,32
46,2,0.7582,0.174594510919568,1,0,0,0,0,0,34.0834262101555,2.79817147289805,6,32
47,1,0.7383,0.172257896140591,1.853,0.354283102217022,0,0,0.834,0.372266816386557,34.1758867518902,3.1989809167648,6,32
47,2,0.7531,0.172220933832244,1,0,0,0,0,0,34.8381463260284,2.84146290868636,6,32
48,1,0.7439,0.173357557789797,1.853,0.354283102217022,0,0,0.839,0.367714854492192,34.8692202508532,3.22963930599191,6,32
48,2,0.7552,0.174766997752732,1,0,0,0,0,0,35.5877148848413,2.88286285915074,6,32
49,1,0.7475,0.171531843029722,1.853,0.354283102217022,0,0,0.843,0.363982806576744,35.567808796722,3.26587793965504,6,32
49,2,0.7532,0.174184098298611,1,0,0,0,0,0,36.33929843045,2.92207888722519,6,32
50,1,0.751,0.180475958430954,1.853,0.354283102217022,0,0,0.847,0.360167628640777,36.2697108636575,3.3055886159956,6,32
50,2,0.7529,0.1729783556157,1,0,0,0,0,0,37.088816594221,2.96979497924906,6,32
51,1,0.7479,0.176030044528133,1.853,0.354283102217022,0,0,0.852,0.355277669185979,36.9748262807468,3.34760146213598,6,32
51,2,0.7536,0.174003785353415,1,0,0,0,0,0,37.8379613025065,3.00896740072006,6,32
52,1,0.749,0.175698235249731,1.853,0.354283102217022,0,0,0.853,0.354283102217022,37.6765382286515,3.38845259198209,6,32
52,2,0.7571,0.171869511924393,1,0,0,0,0,0,38.5877275352316,3.05122325753208,6,32
53,1,0.7462,0.177586871972838,1.853,0.354283102217022,0,0,0.853,0.354283102217022,38.3792245592613,3.42958297296269,6,32
53,2,0.7564,0.173808081656893,1,0,0,0,0,0,39.3409006376661,3.09247825036624,6,32
54,1,0.7445,0.176751212134432,1.853,0.354283102217022,0,0,0.853,0.354283102217022,39.0790554227195,3.46621750008356,6,32
54,2,0.7544,0.169556448976114,1,0,0,0,0,0,40.0933021231608,3.12839960354274,6,32
55,1,0.7496,0.177345119163994,1.853,0.354283102217022,0,0,0.853,0.354283102217022,39.7771254588065,3.50118635248639,6,32
55,2,0.7517,0.172820649741219,1,0,0,0,0,0,40.8436391399365,3.15685864951035,6,32
56,1,0.7518,0.178461784728856,1.853,0.354283102217022,0,0,0.853,0.354283102217022,40.4801977134913,3.53335898189176,6,32
56,2,0.7523,0.172407756305899,1,0,0,0,0,0,41.5912159329863,3.18168145018498,6,32
57,1,0.7498,0.179923128953262,1.853,0.354283102217022,0,0,0.853,0.354283102217022,41.1853873747696,3.56199500968082,6,32
57,2,0.7563,0.176384300382493,1,0,0,0,0,0,42.3393146175801,3.20583557046595,6,32
58,1,0.7505,0.18344863968807,1.853,0.354283102217022,0,0,0.853,0.354283102217022,41.8885178852203,3.5918676542854,6,32
58,2,0.7559,0.175316644748654,1,0,0,0,0,0,43.0913157560286,3.23350372067905,6,32
59,1,0.7415,0.176291885317586,1.853,0.354283102217022,0,0,0.853,0.354283102217022,42.5922740341694,3.6243973983648,6,32
59,2,0.7572,0.174179500798741,1,0,0,0,0,0,43.8428440077636,3.26151381147844,6,32
60,1,0.7475,0.179738855165087,1.853,0.354283102217022,0,0,0.853,0.354283102217022,43.2870127538058,3.65930679759736,6,32
60,2,0.7524,0.172232122160484,1,0,0,0,0,0,44.5955894588742,3.28942482947006,6,32
61,1,0.7499,0.17649685872882,1.853,0.354283102217022,0,0,0.852,0.355277669185979,43.9876461055651,3.70230909588873,6,32
61,2,0.7517,0.175293576145385,1,0,0,0,0,0,45.3434883506438,3.31553100846922,6,32
62,1,0.7443,0.172792845243567,1.853,0.354283102217022,0,0,0.852,0.355277669185979,44.6906444937363,3.74137543619852,6,32
62,2,0.7507,0.174441795278368,1,0,0,0,0,0,46.0906167097393,3.3450732692068,6,32
63,1,0.7516,0.174951559147234,1.853,0.354283102217022,0,0,0.853,0.354283102217022,45.3880071963841,3.77520987634063,6,32
63,2,0.7477,0.169656987753212,1,0,0,0,0,0,46.8366765371266,3.37126044188201,6,32
64,1,0.7516,0.171600952464976,1.853,0.354283102217022,0,0,0.853,0.354283102217022,46.0925046290666,3.80453836699839,6,32
64,2,0.7544,0.174042899685483,1,0,0,0,0,0,47.5796806000602,3.40191315813312,6,32
65,1,0.7518,0.174835143284545,1.853,0.354283102217022,0,0,0.853,0.354283102217022,46.7969316120059,3.83185993598186,6,32
65,2,0.756,0.171969687949864,1,0,0,0,0,0,48.3292676173807,3.43872547564016,6,32
66,1,0.7486,0.176548036548723,1.853,0.354283102217022,0,0,0.853,0.354283102217022,47.5014868563982,3.86005643263748,6,32
66,2,0.7629,0.172926266060114,1,0,0,0,0,0,49.0803693092098,3.46372859247392,6,32
67,1,0.7485,0.181908880599164,1.853,0.354283102217022,0,0,0.853,0.354283102217022,48.2027926967723,3.88701501875079,6,32
67,2,0.7576,0.171848106686608,1,0,0,0,0,0,49.8382504985594,3.48538830138824,6,32
68,1,0.7444,0.179222656940357,1.853,0.354283102217022,0,0,0.853,0.354283102217022,48.9039290743561,3.91385932570173,6,32
68,2,0.7545,0.176212374142115,1,0,0,0,0,0,50.5907912928606,3.5072157308662,6,32
69,1,0.7421,0.182238307720415,1.853,0.354283102217022,0,0,0.852,0.355277669185979,49.6009231251092,3.94399923325696,6,32
69,2,0.7478,0.176312921381974,1,0,0,0,0,0,51.3401778426194,3.53253168294035,6,32
70,1,0.7498,0.184808317221152,1.853,0.354283102217022,0,0,0.852,0.355277669185979,50.29561294879,3.97734971770565,6,32
70,2,0.7457,0.176671227772727,1,0,0,0,0,0,52.0828355268917,3.56440600521771,6,32
71,1,0.7504,0.176949572339554,1.853,0.354283102217022,0,0,0.852,0.355277669185979,50.9978795890227,4.01047225809107,6,32
71,2,0.7499,0.179923212405633,1,0,0,0,0,0,52.8233335947954,3.59784286487245,6,32
72,1,0.7542,0.176900123385072,1.853,0.354283102217022,0,0,0.853,0.354283102217022,51.700671757467,4.04961865410715,6,32
72,2,0.7449,0.179795206599943,1,0,0,0,0,0,53.5679278970226,3.62685504481565,6,32
73,1,0.7529,0.175847981257996,1.853,0.354283102217022,0,0,0.853,0.354283102217022,52.4071167423213,4.08018664974566,6,32
73,2,0.7489,0.180918549412495,1,0,0,0,0,0,54.3074836123173,3.65286780193108,6,32
74,1,0.7564,0.175527347868786,1.853,0.354283102217022,0,0,0.853,0.354283102217022,53.1122005385938,4.11702079918108,6,32
74,2,0.7458,0.1803188145338,1,0,0,0,0,0,55.0509362769122,3.68368368508831,6,32
75,1,0.7576,0.178869321668737,1.853,0.354283102217022,0,0,0.853,0.354283102217022,53.8206880207952,4.15216242441627,6,32
75,2,0.7451,0.178963733806652,1,0,0,0,0,0,55.7912374527101,3.70981682139443,6,32
76,1,0.7555,0.175101143372653,1.853,0.354283102217022,0,0,0.853,0.354283102217022,54.5302956874674,4.18586414433198,6,32
76,2,0.7499,0.180423231715161,1,0,0,0,0,0,56.5307698290127,3.73834607192351,6,32
77,1,0.7508,0.172595333509192,1.853,0.354283102217022,0,0,0.853,0.354283102217022,55.2377482936704,4.2107426937573,6,32
77,2,0.7554,0.171873152005717,1,0,0,0,0,0,57.2749919085408,3.75873445480345,6,32
78,1,0.7428,0.172562852137817,1.853,0.354283102217022,0,0,0.853,0.354283102217022,55.9404662074339,4.23749576530897,6,32
78,2,0.753,0.17732016930525,1,0,0,0,0,0,58.0245973763893,3.77794474903519,6,32
79,1,0.7451,0.174374299701523,1.853,0.354283102217022,0,0,0.853,0.354283102217022,56.6351760097735,4.26605683789382,6,32
79,2,0.7542,0.175878632281734,1,0,0,0,0,0,58.7717465318014,3.80707651191772,6,32
80,1,0.7477,0.171184152344818,1.853,0.354283102217022,0,0,0.853,0.354283102217022,57.3320982418144,4.28958395286552,6,32
80,2,0.7462,0.17261331164008,1,0,0,0,0,0,59.5200115291751,3.83567886966321,6,32
81,1,0.7434,0.175177416144682,1.853,0.354283102217022,0,0,0.846,0.36112935966827,58.0315300635788,4.31340297188849,6,32
81,2,0.7462,0.172265014542232,1,0,0,0,0,0,60.2602654479052,3.86481206964561,6,32
82,1,0.7424,0.176559942833626,1.853,0.354283102217022,0,0,0.365,0.481671056850011,58.7269738095174,4.33127066143373,6,32
82,2,0.749,0.175298972414928,1,0,0,0,0,0,61.0004453412433,3.89325557905607,6,32
83,1,0.7408,0.172931388895322,1.853,0.354283102217022,0,0,0,0,59.4452097645347,4.36327216341201,6,32
83,2,0.749,0.178636253070061,1,0,0,0,0,0,61.7433283493327,3.91977158663588,6,32
84,1,0.7395,0.174585882104568,1.853,0.354283102217022,0,0,0,0,60.1798862660292,4.38207218297394,6,32
84,2,0.7475,0.180350426326849,1,0,0,0,0,0,62.4861370691213,3.94892298061493,6,32
0,1,1,0,1,0,0,0,0,0,0,0,7,32
0,2,1,0,1,0,0,0,0,0,0,0,7,32
1,1,0.8736,0.110159771128916,1,0,0.155,0.362085771753194,0,0,1,0,7,32
1,2,0.871,0.11221226132465,1,0,0.145,0.352277020396022,0,0,1,0,7,32
2,1,0.8195,0.136778867002394,1.024,0.1531255937048,0.26,0.438853725736256,0.024,0.1531255937048,1.865763415,0.124151564668039,7,32
2,2,0.8166,0.134247765204723,1,0,0.292,0.454909818472786,0,0,1.863663625,0.125662536355621,7,32
3,1,0.7831,0.146989781944175,1.053,0.224145580463326,0.607,0.488661221901012,0.053,0.224145580463326,2.670902363053,0.226441069132632,7,32
3,2,0.7873,0.146048074414009,1,0,0.619,0.485875575713654,0,0,2.66550323302,0.222415534181847,7,32
4,1,0.7631,0.155861100607825,1.108,0.310535718448671,0.405,0.491137675419242,0.108,0.310535718448671,3.42077735555525,0.333683291592355,7,32
4,2,0.7585,0.161039385504552,1,0,0.48,0.499849827298009,0,0,3.42162635070974,0.327456352746596,7,32
5,1,0.7464,0.163382170795144,1.152,0.359200535947575,0.428,0.495036423974096,0.152,0.359200535947575,4.1579324197993,0.442111493870498,7,32
5,2,0.7349,0.164557190876209,1,0,0.541,0.498565509805449,0,0,4.15583259477681,0.439849310413206,7,32
6,1,0.73,0.16512803295403,1.188,0.390907672998125,0.572,0.495036423974096,0.188,0.390907672998125,4.87497379153213,0.554725974501677,7,32
6,2,0.7304,0.169246815286092,1,0,0.702,0.457608353732103,0,0,4.86332874055473,0.552858759138406,7,32
7,1,0.7248,0.169332907710326,1.249,0.432650189166937,0.404,0.4909429956981,0.249,0.432650189166937,5.56655869531829,0.66266762718569,7,32
7,2,0.7109,0.168105471206173,1,0,0.586,0.492794933868893,0,0,5.55821166483582,0.657904099070629,7,32
8,1,0.7129,0.178593072333407,1.281,0.449712398362822,0.469,0.49928778103243,0.281,0.449712398362822,6.25822433564556,0.763891898055145,7,32
8,2,0.6966,0.175725124325804,1,0,0.683,0.465540253606203,0,0,6.23933468794797,0.760186077805872,7,32
9,1,0.7061,0.179345908665224,1.323,0.467856698028242,0.406,0.491330240678716,0.323,0.467856698028242,6.93308420471975,0.863143669930363,7,32
9,2,0.6848,0.176635670690153,1,0,0.646,0.478448443317473,0,0,6.90125491339688,0.85773632387366,7,32
10,1,0.6975,0.178873546802611,1.368,0.48250265160806,0.57,0.495323475463606,0.368,0.48250265160806,7.60213176073751,0.967156477472267,7,32
10,2,0.6739,0.171225313864826,1,0,0.926,0.261901875885975,0,0,7.55316789824208,0.952134229502669,7,32
11,1,0.6804,0.178851412708505,1.424,0.494437527366672,0.575,0.494590355364538,0.259,0.438304815295373,8.25208145342945,1.05807345132222,7,32
11,2,0.6507,0.171956619759401,1,0,1,0,0,0,8.18014058058678,1.04389105302621,7,32
12,1,0.6661,0.178753301347815,1.475,0.499624483612067,0.524,0.499673567115245,0.21,0.407512044074854,8.89007923460908,1.13739683335629,7,32
12,2,0.6334,0.178595454411181,1,0,0.999,0.0316227766016838,0,0,8.78018014087268,1.12365761055653,7,32
13,1,0.6401,0.176955653493476,1.53,0.499348925451281,0.465,0.499023069631078,0.251,0.433805471596645,9.51872436987465,1.21400379796148,7,32
13,2,0.6167,0.177207540789077,1,0,0.989,0.104354635210372,0,0,9.36293038582135,1.20460303278742,7,32
14,1,0.6262,0.177383835297992,1.587,0.492619197427053,0.403,0.490746198998863,0.367,0.482227688487029,10.1222392510559,1.28065484673466,7,32
14,2,0.5982,0.179468573764236,1,0,0.969,0.173404351355637,0,0,9.92944340311416,1.27985366131802,7,32
15,1,0.6117,0.177777149022912,1.629,0.483314175865547,0.354,0.478448443317473,0.482,0.499925920438144,10.709117005649,1.34299812168634,7,32
15,2,0.5724,0.177340603612624,1,0,0.946,0.226130792098589,0,0,10.4784242531866,1.35571669164177,7,32
16,1,0.6097,0.181352691732984,1.677,0.467856698028242,0.299,0.458048915301421,0.573,0.494889801790172,11.2781627537848,1.40694944216774,7,32
16,2,0.5455,0.174212801194689,1,0,0.932,0.251871871076227,0,0,11.0027371543028,1.42958797898493,7,32
17,1,0.6084,0.193873739910868,1.716,0.451162440311189,0.253,0.434948479914783,0.645,0.478752758952055,11.8433576727879,1.46254343279691,7,32
17,2,0.5233,0.173023255798309,1,0,0.911,0.284886223184204,0,0,11.5008395127035,1.49632293538295,7,32
18,1,0.5989,0.19546610191283,1.739,0.439399672362272,0.236,0.424834655465493,0.695,0.460637804774193,12.4059004887648,1.51710445518605,7,32
18,2,0.4909,0.177026914700925,1,0,0.913,0.281976081451088,0,0,11.9777779871187,1.56318794577414,7,32
19,1,0.6167,0.211934013376867,1.758,0.428508599236491,0.215,0.41102791139282,0.719,0.449712398362822,12.9572571034098,1.56080328228541,7,32
19,2,0.4625,0.165078772108957,1,0,0.915,0.279021240863223,0,0,12.422227217988,1.62513095924839,7,32
20,1,0.6221,0.219567301299168,1.774,0.418448442581758,0.206,0.404632830758612,0.745,0.436079310636454,13.5261750775577,1.61744383891594,7,32
20,2,0.4339,0.161947574903167,1,0,0.959,0.198389410902796,0,0,12.8381861052268,1.68420499068181,7,32
21,1,0.6247,0.227489915516406,1.793,0.40535825551642,0.192,0.394070160366516,0.777,0.416466618643613,14.0995770685479,1.68046836849863,7,32
21,2,0.417,0.165403622567217,1,0,0.972,0.16505527329729,0,0,13.2233649380921,1.73011559587952,7,32
22,1,0.6177,0.233218998156456,1.809,0.393285740491152,0.177,0.381859682104326,0.797,0.402433787041984,14.6746181529069,1.7575469630657,7,32
22,2,0.3954,0.165790006714296,1,0,0.971,0.167890402308134,0,0,13.5909920712423,1.77340630960066,7,32
23,1,0.618,0.233002768846832,1.826,0.379299179893482,0.161,0.367714854492192,0.816,0.387678080750375,15.242367666421,1.8435558204217,7,32
23,2,0.3657,0.162788236706496,1,0,0.944,0.230036772966665,0,0,13.9370798019319,1.82114941048531,7,32
24,1,0.6251,0.240328416438314,1.845,0.362085771753194,0.145,0.352277020396022,0.837,0.369550493934953,15.8102100603631,1.93961209133607,7,32
24,2,0.345,0.161558352000449,1,0,0.935,0.246649216167082,0,0,14.2548480571731,1.86651214945087,7,32
25,1,0.627,0.242342174888585,1.861,0.346119630761965,0.124,0.32974646735444,0.856,0.351265408754388,16.3848292489579,2.04650130230833,7,32
25,2,0.3195,0.158602978865168,1,0,0.918,0.274502006097135,0,0,14.5523830797398,1.9088682518639,7,32
26,1,0.6313,0.241139914693645,1.87,0.336471712352188,0.117,0.321581116383432,0.865,0.341894562536306,16.9613859816292,2.16470447060086,7,32
26,2,0.2982,0.156464824293645,1,0,0.903,0.296105857217784,0,0,14.8252998999109,1.95271756917732,7,32
27,1,0.6372,0.247866088034643,1.884,0.320385153598987,0.102,0.302799748493435,0.88,0.325124138915747,17.5420741522663,2.28671745521204,7,32
27,2,0.2723,0.152203402970748,1,0,0.888,0.315524255098646,0,0,15.0776927916658,1.98846392192301,7,32
28,1,0.6361,0.243075864445395,1.895,0.306706812883361,0.081,0.272971634998059,0.891,0.311795151046671,18.1285883447782,2.4191014955264,7,32
28,2,0.2587,0.149018510650578,1,0,0.748,0.434378503939461,0,0,15.3049782609286,2.02693896523136,7,32
29,1,0.6399,0.249560153610848,1.904,0.294738648417324,0.069,0.253580960056751,0.9,0.300150112593832,18.7144455636047,2.5552984388381,7,32
29,2,0.2399,0.148997282492635,1,0,0.708,0.454909818472786,0,0,15.5256594567181,2.06739077682527,7,32
30,1,0.6423,0.248359401658951,1.913,0.281976081451088,0.053,0.224145580463326,0.908,0.289170571842329,19.304182757732,2.69632731327766,7,32
30,2,0.2242,0.148446611266126,1,0,0.646,0.478448443317473,0,0,15.7295672362413,2.10497522048067,7,32
31,1,0.6523,0.250634250507642,1.916,0.277526613176144,0.046,0.209589904165081,0.911,0.284886223184204,19.8966525903085,2.83799447716033,7,32
31,2,0.2032,0.144605223524846,1,0,0.576,0.494437527366672,0,0,15.9208923702277,2.14361320647152,7,32
32,1,0.656,0.249772669414382,1.919,0.272971634998059,0.04,0.196057232558349,0.914,0.28050433629925,20.4992316032858,2.97873473419513,7,32
32,2,0.1871,0.138934851253719,1,0,0.518,0.499925920438144,0,0,16.0947525404043,2.17937703930485,7,32
33,1,0.6585,0.250180615436809,1.922,0.268305773303498,0.036,0.186383311320351,0.917,0.276020265899421,21.1055880574389,3.12280206353034,7,32
33,2,0.1706,0.128888526456982,1,0,0.49,0.50015012761185,0,0,16.2554374991574,2.2112309821066,7,32
34,1,0.6625,0.251051342909726,1.923,0.266724843503829,0.031,0.173404351355637,0.918,0.274502006097135,21.7144254743966,3.2680897439442,7,32
34,2,0.1591,0.12455000081374,1,0,0.45,0.497742652128334,0,0,16.4010561397688,2.23669523292372,7,32
35,1,0.6665,0.251656673031098,1.924,0.265130711714607,0.027,0.162164414398774,0.919,0.272971634998059,22.3273877511495,3.41585933296374,7,32
35,2,0.1507,0.121054385150494,1,0,0.421,0.493966601100725,0,0,16.5371924652781,2.26342596750324,7,32
36,1,0.6675,0.249471413163885,1.926,0.261901875885975,0.025,0.156203071030628,0.921,0.269873733126868,22.94442423134,3.56314393957672,7,32
36,2,0.14,0.118211564468008,1,0,0.365,0.481671056850011,0,0,16.6663894608477,2.28811597222162,7,32
37,1,0.6651,0.247817278258404,1.93,0.255274685711618,0.015,0.121613279660528,0.925,0.263523138347365,23.5623954141755,3.70860717768378,7,32
37,2,0.1306,0.113914953437275,1,0,0.248,0.432067914433232,0,0,16.7877019270041,2.31109534925109,7,32
38,1,0.6723,0.249569619535301,1.932,0.251871871076227,0.01,0.0995485304256668,0.927,0.260266668512775,24.1782125559229,3.85661807096909,7,32
38,2,0.1209,0.110387387755012,1,0,0.16,0.366789496216201,0,0,16.9054653732985,2.33470702140196,7,32
39,1,0.6713,0.245777779135374,1.934,0.248406331855099,0.012,0.108939744206914,0.929,0.256953351846254,24.8012902375647,4.00521201261819,7,32
39,2,0.1105,0.10729054600132,1,0,0.149,0.356266650033266,0,0,17.0179371460339,2.35897066371296,7,32
40,1,0.6681,0.251227995067241,1.935,0.246649216167082,0.006,0.0772655807586403,0.93,0.255274685711618,25.4231102825573,4.15140298538672,7,32
40,2,0.1007,0.102176073275253,1,0,0.083,0.276020265899421,0,0,17.1205860136935,2.38042515693304,7,32
41,1,0.6635,0.248514606229713,1.935,0.246649216167082,0.007,0.0834143750078963,0.93,0.255274685711618,26.0419299225646,4.29243507699381,7,32
41,2,0.0922,0.096064501187423,1,0,0.101,0.301479501608136,0,0,17.2167505658304,2.40055080483084,7,32
42,1,0.6659,0.250019398646784,1.935,0.246649216167082,0.003,0.054717401199198,0.93,0.255274685711618,26.6560567075273,4.43573495000785,7,32
42,2,0.0868,0.0951567906920721,1,0,0.071,0.256953351846254,0,0,17.3035439645323,2.41899419509299,7,32
43,1,0.6765,0.253143895505761,1.935,0.246649216167082,0,0,0.93,0.255274685711618,27.2727111821677,4.58100520382412,7,32
43,2,0.079,0.0883561362147916,1,0,0.015,0.121613279660528,0,0,17.38644503036,2.438599209238,7,32
44,1,0.6725,0.252026322568233,1.935,0.246649216167082,0.001,0.0316227766016838,0.93,0.255274685711618,27.9000078633007,4.72514299472241,7,32
44,2,0.0737,0.0847673020420934,1,0,0.009,0.0944877131056093,0,0,17.4643592609928,2.45603585556181,7,32
45,1,0.6759,0.248819414638611,1.935,0.246649216167082,0,0,0.93,0.255274685711618,28.5232095965061,4.86791723680593,7,32
45,2,0.0714,0.0832404286928471,1,0,0.016,0.125537881771837,0,0,17.5372876529687,2.47486497128014,7,32
46,1,0.676,0.246464489825096,1.935,0.246649216167082,0,0,0.93,0.255274685711618,29.1497835186443,5.00712866393486,7,32
46,2,0.0662,0.0820017334224362,1,0,0,0,0,0,17.6075706509079,2.49251490000613,7,32
47,1,0.6809,0.251213650700551,1.935,0.246649216167082,0,0,0.929,0.256953351846254,29.7763943244237,5.1478294227689,7,32
47,2,0.0613,0.0809868438011315,1,0,0,0,0,0,17.6734668150741,2.51224428611799,7,32
48,1,0.6762,0.249791825238449,1.935,0.246649216167082,0,0,0.93,0.255274685711618,30.4078692575519,5.29141032187807,7,32
48,2,0.0584,0.0794717292863051,1,0,0,0,0,0,17.7344793667342,2.53235918271305,7,32
49,1,0.6799,0.249014051808323,1.935,0.246649216167082,0,0,0.928,0.258617251711642,31.0345537896889,5.43101533990533,7,32
49,2,0.053,0.0733237777012094,1,0,0,0,0,0,17.7925997044772,2.55313219767437,7,32
50,1,0.6693,0.244104684709444,1.935,0.246649216167082,0,0,0.93,0.255274685711618,31.6649570779907,5.57191373854951,7,32
50,2,0.0474,0.0702721721464349,1,0,0,0,0,0,17.8453406267819,2.57309958480782,7,32
51,1,0.6703,0.245210191546025,1.935,0.246649216167082,0,0,0.93,0.255274685711618,32.2846506950981,5.71052948187052,7,32
51,2,0.0427,0.0650456834919962,1,0,0,0,0,0,17.8925042065039,2.59270203607321,7,32
52,1,0.6779,0.247957805025519,1.935,0.246649216167082,0,0,0.93,0.255274685711618,32.9052772555731,5.84873017640503,7,32
52,2,0.0402,0.0631502014877858,1,0,0,0,0,0,17.9349869800408,2.61226439566899,7,32
53,1,0.6783,0.253265183657867,1.935,0.246649216167082,0,0,0.93,0.255274685711618,33.5334023340002,5.99146747971076,7,32
53,2,0.0385,0.0622223562847119,1,0,0,0,0,0,17.9749784722054,2.63043068304094,7,32
54,1,0.6705,0.246090045126393,1.935,0.246649216167082,0,0,0.93,0.255274685711618,34.1618624854222,6.14239317215984,7,32
54,2,0.0359,0.0613592287676023,1,0,0,0,0,0,18.0132749518347,2.64796411819929,7,32
55,1,0.6731,0.249576999498509,1.935,0.246649216167082,0,0,0.93,0.255274685711618,34.7825017994042,6.28656923604469,7,32
55,2,0.0348,0.0620710303830443,1,0,0,0,0,0,18.0489816046743,2.66453676412851,7,32
56,1,0.675,0.250514985096217,1.935,0.246649216167082,0,0,0.93,0.255274685711618,35.4056647879967,6.43124043876387,7,32
56,2,0.0328,0.0621934725516113,1,0,0,0,0,0,18.0835907205425,2.68178442195908,7,32
57,1,0.6709,0.245567696355798,1.935,0.246649216167082,0,0,0.93,0.255274685711618,36.0306548494977,6.57850563040048,7,32
57,2,0.0326,0.0627788274912903,1,0,0,0,0,0,18.1162075447545,2.69778427745803,7,32
58,1,0.6756,0.249332723096682,1.935,0.246649216167082,0,0,0.93,0.255274685711618,36.6515057166764,6.72428195268473,7,32
58,2,0.0306,0.0613792098955942,1,0,0,0,0,0,18.1486222440979,2.71535802749934,7,32
59,1,0.6794,0.252704371745919,1.935,0.246649216167082,0,0,0.93,0.255274685711618,37.2769673163146,6.87029498530434,7,32
59,2,0.0296,0.0640932753722881,1,0,0,0,0,0,18.179045268973,2.73299880513635,7,32
60,1,0.686,0.253235321643976,1.935,0.246649216167082,0,0,0.93,0.255274685711618,37.9061440146874,7.01763308549836,7,32
60,2,0.0274,0.0610980603045054,1,0,0,0,0,0,18.2084711344681,2.7514302086141,7,32
61,1,0.6866,0.254490088618801,1.935,0.246649216167082,0,0,0.93,0.255274685711618,38.5418183119848,7.16497650132414,7,32
61,2,0.0241,0.0563237282356412,1,0,0,0,0,0,18.2357072185118,2.76926569422438,7,32
62,1,0.6889,0.255170338993195,1.935,0.246649216167082,0,0,0.93,0.255274685711618,39.178025392811,7.31471950301844,7,32
62,2,0.0243,0.0572956612039061,1,0,0,0,0,0,18.2596606486757,2.78613170450925,7,32
63,1,0.6795,0.253009414377734,1.935,0.246649216167082,0,0,0.93,0.255274685711618,39.8164546363352,7.46660906631121,7,32
63,2,0.0228,0.0544345765403123,1,0,0,0,0,0,18.283810447271,2.80366061860942,7,32
64,1,0.6798,0.253527584763939,1.935,0.246649216167082,0,0,0.93,0.255274685711618,40.4454790737258,7.62141930370214,7,32
64,2,0.0213,0.0532836668140355,1,0,0,0,0,0,18.306467251651,2.81977606920608,7,32
65,1,0.68,0.254174358668621,1.935,0.246649216167082,0,0,0.93,0.255274685711618,41.0747386947082,7.77709662127009,7,32
65,2,0.02,0.0527520879471399,1,0,0,0,0,0,18.3276313601729,2.83503662399326,7,32
66,1,0.6844,0.2539313315074,1.935,0.246649216167082,0,0,0.93,0.255274685711618,41.7041340938798,7.9331282963335,7,32
66,2,0.018,0.0464559808653112,1,0,0,0,0,0,18.3475017753006,2.84978011964934,7,32
67,1,0.6845,0.25066428262236,1.935,0.246649216167082,0,0,0.93,0.255274685711618,42.3378376076904,8.08825814567898,7,32
67,2,0.0164,0.0446433985381157,1,0,0,0,0,0,18.3653833605783,2.86348221415654,7,32
68,1,0.6795,0.250544452188674,1.935,0.246649216167082,0,0,0.93,0.255274685711618,42.9715770833558,8.24275131532293,7,32
68,2,0.0161,0.0468292962042244,1,0,0,0,0,0,18.3816738423979,2.8769619462865,7,32
69,1,0.6836,0.25178251415544,1.935,0.246649216167082,0,0,0.93,0.255274685711618,43.6002870714239,8.39522798110521,7,32
69,2,0.0155,0.0470314996780026,1,0,0,0,0,0,18.3976647283503,2.89104560610201,7,32
70,1,0.6829,0.250320295322314,1.935,0.246649216167082,0,0,0.93,0.255274685711618,44.2330059944647,8.54975184405778,7,32
70,2,0.0145,0.0438368757060956,1,0,0,0,0,0,18.4130581411696,2.90550728602541,7,32
71,1,0.6829,0.252827038727094,1.935,0.246649216167082,0,0,0.93,0.255274685711618,44.8649665287464,8.70614417215104,7,32
71,2,0.0129,0.0390527222497372,1,0,0,0,0,0,18.4274569905522,2.91991720428431,7,32
72,1,0.6785,0.255916477084308,1.935,0.246649216167082,0,0,0.93,0.255274685711618,45.4968638669747,8.8645698015085,7,32
72,2,0.0122,0.039909306593234,1,0,0,0,0,0,18.4402657203811,2.93293842033534,7,32
73,1,0.6786,0.253468511429499,1.935,0.246649216167082,0,0,0.93,0.255274685711618,46.1243295832672,9.02411715632161,7,32
73,2,0.0118,0.0410175869895152,1,0,0,0,0,0,18.4523781914867,2.94604247106924,7,32
74,1,0.6793,0.254413514256291,1.935,0.246649216167082,0,0,0.93,0.255274685711618,46.7518318256098,9.1841552927516,7,32
74,2,0.0117,0.0411680070540803,1,0,0,0,0,0,18.4640923608581,2.95990876535789,7,32
75,1,0.6821,0.253404427356358,1.935,0.246649216167082,0,0,0.93,0.255274685711618,47.3799661565899,9.34332470468568,7,32
75,2,0.0119,0.041594712646202,1,0,0,0,0,0,18.475706096118,2.97386640857467,7,32
76,1,0.6836,0.255453119566578,1.935,0.246649216167082,0,0,0.93,0.255274685711618,48.0108167516482,9.501832132917,7,32
76,2,0.0113,0.0397981644538274,1,0,0,0,0,0,18.4875171755409,2.98849102418429,7,32
77,1,0.6808,0.256275314919399,1.935,0.246649216167082,0,0,0.93,0.255274685711618,48.6430929042916,9.66392463479608,7,32
77,2,0.0109,0.0383752871345957,1,0,0,0,0,0,18.498731616798,3.00253297164439,7,32
78,1,0.6812,0.253753721058334,1.935,0.246649216167082,0,0,0.93,0.255274685711618,49.2725273075963,9.82375620016099,7,32
78,2,0.0109,0.0396580731095544,1,0,0,0,0,0,18.5095480049361,3.01610313887209,7,32
79,1,0.6795,0.253799456587606,1.935,0.246649216167082,0,0,0.93,0.255274685711618,49.9022956594423,9.97784790189521,7,32
79,2,0.0105,0.0417311812855986,1,0,0,0,0,0,18.5203633114354,3.03042832084295,7,32
80,1,0.6837,0.254929989015218,1.935,0.246649216167082,0,0,0.93,0.255274685711618,50.5303144122102,10.1331946434131,7,32
80,2,0.01,0.0400200150125109,1,0,0,0,0,0,18.5307806841117,3.04487626535861,7,32
81,1,0.685,0.25123319469791,1.935,0.246649216167082,0,0,0.927,0.260266668512775,51.1624368954785,10.2880097093815,7,32
81,2,0.0095,0.0387459836789731,1,0,0,0,0,0,18.5407009992917,3.05842996712638,7,32
82,1,0.6798,0.250309038219986,1.935,0.246649216167082,0,0,0.781,0.413775555356053,51.795934468355,10.442708389436,7,32
82,2,0.009,0.0366106588351035,1,0,0,0,0,0,18.5501243562827,3.07168478166429,7,32
83,1,0.6419,0.288544013363036,1.935,0.246649216167082,0,0,0,0,52.4314515410296,10.6010435235742,7,32
83,2,0.0087,0.0376261308896587,1,0,0,0,0,0,18.5590508543772,3.08400652882481,7,32
84,1,0.3133,0.290994480682689,1.935,0.246649216167082,0,0,0,0,53.0680455560259,10.743883739812,7,32
84,2,0.0088,0.0392950900762946,1,0,0,0,0,0,18.5676789396405,3.09523857186682,7,32
0,1,1,0,1,0,0,0,0,0,0,0,8,32
0,2,1,0,1,0,0,0,0,0,0,0,8,32
1,1,0.8827,0.110466795522061,1,0,0.135,0.341894562536306,0,0,1,0,8,32
1,2,0.8833,0.108549034509262,1,0,0.121,0.326290461805836,0,0,1,0,8,32
2,1,0.8333,0.132660124787778,1.012,0.108939744206914,0.28,0.449223554371097,0.012,0.108939744206914,1.875862405,0.123658130207671,8,32
2,2,0.8329,0.130708357325286,1,0,0.274,0.446232140396815,0,0,1.877162275,0.120733596233231,8,32
3,1,0.8044,0.143740395509757,1.038,0.191291904148065,0.538,0.49880337288836,0.038,0.191291904148065,2.694398673187,0.221048926938588,8,32
3,2,0.8024,0.145035427655712,1,0,0.606,0.488879333785959,0,0,2.696198443192,0.216245668768557,8,32
4,1,0.7807,0.15159317428727,1.09,0.286324958712967,0.359,0.479947236005532,0.09,0.286324958712967,3.46976601645422,0.328289201113428,8,32
4,2,0.7848,0.156950927342254,1,0,0.406,0.491330240678716,0,0,3.46806683635423,0.322804041912007,8,32
5,1,0.7801,0.161183032512638,1.128,0.334256978577453,0.365,0.481671056850011,0.128,0.334256978577453,4.22771276194619,0.44414656683659,8,32
5,2,0.7664,0.157085058855754,1,0,0.456,0.498309454367778,0,0,4.23226108222117,0.435257921272166,8,32
6,1,0.7716,0.16667699667687,1.172,0.377569276502417,0.457,0.498396829242923,0.172,0.377569276502417,4.98278511248364,0.553255593639825,8,32
6,2,0.7561,0.161644421242797,1,0,0.64,0.480240180150131,0,0,4.97548935657373,0.537701482293469,8,32
7,1,0.7558,0.166234755673999,1.226,0.418448442581758,0.332,0.471166635064494,0.226,0.418448442581758,5.72249113349134,0.66074517155692,8,32
7,2,0.7467,0.167681922780088,1,0,0.499,0.500249187155011,0,0,5.69915500517425,0.640987989274019,8,32
8,1,0.7562,0.169500118850372,1.264,0.441019839121211,0.348,0.476574362637273,0.264,0.441019839121211,6.44988175632486,0.763254307643499,8,32
8,2,0.7379,0.169417508812673,1,0,0.586,0.492794933868893,0,0,6.42039993171649,0.741733924315676,8,32
9,1,0.7596,0.169931505956714,1.301,0.458922226101122,0.288,0.45305767983918,0.301,0.458922226101122,7.17490147945223,0.861845604782138,8,32
9,2,0.7393,0.166292402602053,1,0,0.503,0.500241183071967,0,0,7.12843325008482,0.840840413498161,8,32
10,1,0.7525,0.167755452644294,1.32,0.466709564737876,0.527,0.499520290399219,0.32,0.466709564737876,7.90439460724491,0.9614810024314,8,32
10,2,0.7402,0.175370221858543,1,0,0.849,0.358228038164697,0,0,7.84194077211884,0.931299214296936,8,32
11,1,0.7567,0.174026996168397,1.371,0.483314175865547,0.629,0.483314175865547,0.205,0.403903624814309,8.61383477672721,1.05156282252745,8,32
11,2,0.7366,0.174444463571851,1,0,1,0,0,0,8.53899333602262,1.02075123370848,8,32
12,1,0.7558,0.170044921345141,1.426,0.494741112874975,0.573,0.494889801790172,0.133,0.339744648856206,9.32804866985926,1.12682556237972,8,32
12,2,0.7282,0.175543657178423,1,0,1,0,0,0,9.22483845353936,1.09547771988074,8,32
13,1,0.7499,0.172365018781943,1.491,0.50016914056064,0.498,0.500246185638877,0.136,0.342960087505269,10.0476845452308,1.2012572897679,8,32
13,2,0.7312,0.174805941309548,1,0,0.955,0.207407854282373,0,0,9.90222506100219,1.16256420354062,8,32
14,1,0.744,0.173476494356135,1.539,0.49872610491905,0.423,0.494282626960846,0.169,0.374939434548541,10.7649514452214,1.26714256037421,8,32
14,2,0.7351,0.176377717127474,1,0,0.888,0.315524255098646,0,0,10.5847871088978,1.23175010220341,8,32
15,1,0.7409,0.172936685226406,1.583,0.493309592805932,0.353,0.47814184048211,0.224,0.417130672569158,11.4783519350655,1.32830657170534,8,32
15,2,0.7336,0.176584886732195,1,0,0.791,0.406797842281009,0,0,11.2745207571834,1.30022124249685,8,32
16,1,0.7312,0.178040046782341,1.634,0.481950491519903,0.267,0.44261372200476,0.264,0.441019839121211,12.1893346073941,1.40097201726501,8,32
16,2,0.7319,0.174536107590529,1,0,0.691,0.462312375707954,0,0,11.9675304106202,1.37288803884996,8,32
17,1,0.738,0.181738903455009,1.664,0.472575208117531,0.191,0.393285740491152,0.301,0.458922226101122,12.8928580125796,1.47556663359929,8,32
17,2,0.7326,0.175408118421035,1,0,0.547,0.498035178515573,0,0,12.6637654870498,1.44934466012514,8,32
18,1,0.7341,0.174291616458072,1.685,0.464748309293311,0.138,0.345072564941166,0.332,0.471166635064494,13.6050462023187,1.55569529744251,8,32
18,2,0.724,0.174167546731113,1,0,0.472,0.499465179432426,0,0,13.3678175207104,1.52130661427441,8,32
19,1,0.7319,0.171877665599495,1.695,0.460637804774193,0.125,0.330884397463048,0.355,0.478752758952055,14.314368208957,1.63406856442225,8,32
19,2,0.7225,0.177975912486565,1,0,0.407,0.491520693961701,0,0,14.0669578717511,1.59152867081298,8,32
20,1,0.7397,0.174769718356626,1.709,0.454450795494436,0.116,0.320385153598987,0.374,0.484105730557239,15.0209244087803,1.70874712639259,8,32
20,2,0.7242,0.179238630006164,1,0,0.482,0.499925920438144,0,0,14.7677749867475,1.66164893280359,8,32
21,1,0.7318,0.164608188908863,1.724,0.447240454368815,0.124,0.32974646735444,0.398,0.489730370546728,15.7346953668454,1.78236486020292,8,32
21,2,0.7241,0.180448751039601,1,0,0.545,0.498220055019088,0,0,15.4664761161397,1.73636390602278,8,32
22,1,0.725,0.170011481682573,1.735,0.441554039693863,0.156,0.363036906933435,0.415,0.492968577110162,16.4389148778772,1.85154271891708,8,32
22,2,0.7152,0.179948162928498,1,0,0.63,0.483045891539648,0,0,16.1618641935983,1.81423864509568,8,32
23,1,0.7237,0.172040425214273,1.748,0.434378503939461,0.172,0.377569276502417,0.432,0.495602281695334,17.1338342956047,1.91533378758568,8,32
23,2,0.7088,0.178421956032307,1,0,0.646,0.478448443317473,0,0,16.8440616318929,1.87746061659772,8,32
24,1,0.7225,0.176223735077897,1.762,0.426072221034812,0.166,0.372266816386557,0.459,0.498565509805449,17.8257409989321,1.9785600475891,8,32
24,2,0.7015,0.177423868826123,1,0,0.645,0.478752758952055,0,0,17.5190073922405,1.93555245198621,8,32
25,1,0.7197,0.179817252354284,1.779,0.415128090270137,0.145,0.352277020396022,0.491,0.50016914056064,18.5153339053837,2.04060843911608,8,32
25,2,0.7032,0.17799281289266,1,0,0.587,0.492619197427053,0,0,18.1866530380166,1.98971429922543,8,32
26,1,0.7248,0.177979315193189,1.795,0.403903624814309,0.147,0.354283102217022,0.523,0.499720642680209,19.2015162175024,2.09783798863833,8,32
26,2,0.7116,0.178822306822771,1,0,0.59,0.492079406338187,0,0,18.8588204330176,2.04005927470847,8,32
27,1,0.7268,0.178195155695977,1.811,0.391704521843229,0.136,0.342960087505269,0.57,0.495323475463606,19.8910210824311,2.14860229006405,8,32
27,2,0.7062,0.181478633713433,1,0,0.597,0.490746198998863,0,0,19.5391491880702,2.08015838511741,8,32
28,1,0.7204,0.181098416990974,1.825,0.380157229997694,0.117,0.321581116383432,0.612,0.487538402275855,20.5806564575747,2.19830188502294,8,32
28,2,0.6996,0.184753819917137,1,0,0.558,0.496873105413125,0,0,20.2136754150815,2.11708195892073,8,32
29,1,0.7245,0.180228278114818,1.835,0.37136627864268,0.101,0.301479501608136,0.639,0.480530862598762,21.2626939806665,2.25027578679172,8,32
29,2,0.6938,0.183671705211487,1,0,0.512,0.500106094849989,0,0,20.8834971919084,2.15839236269471,8,32
30,1,0.7266,0.180291278061211,1.842,0.364923511395428,0.08,0.271428947744476,0.671,0.470085077384913,21.948203019406,2.30265445615632,8,32
30,2,0.6898,0.183165251916158,1,0,0.466,0.499092269117739,0,0,21.5497621223604,2.20575189228419,8,32
31,1,0.7242,0.179684853692922,1.852,0.355277669185979,0.063,0.243084532807191,0.703,0.457165178026498,22.6351888639778,2.35320225824043,8,32
31,2,0.6834,0.186115767948552,1,0,0.318,0.465932498429862,0,0,22.2142655189312,2.25735393247528,8,32
32,1,0.7191,0.182752807334357,1.859,0.34819569244929,0.048,0.213873190797121,0.736,0.441019839121211,23.3189657603318,2.38802461211531,8,32
32,2,0.6738,0.185439876908792,1,0,0.296,0.45671938057476,0,0,22.8796993698079,2.31564219989104,8,32
33,1,0.7246,0.185497302539011,1.864,0.342960087505269,0.054,0.226130792098589,0.758,0.428508599236491,23.996693449266,2.42639817970333,8,32
33,2,0.6723,0.188037411352284,1,0,0.327,0.469351990824894,0,0,23.5365938351817,2.37185433363263,8,32
34,1,0.7179,0.185267142024467,1.872,0.334256978577453,0.04,0.196057232558349,0.786,0.410332026988355,24.6784398570569,2.46260284857551,8,32
34,2,0.6629,0.188013135017049,1,0,0.331,0.470808518041741,0,0,24.1903826600215,2.42269586324357,8,32
35,1,0.7214,0.184813950220745,1.88,0.325124138915747,0.034,0.181319819316248,0.814,0.389301368550838,25.3527432087372,2.50526792472246,8,32
35,2,0.6518,0.184907952643879,1,0,0.304,0.460212772308414,0,0,24.8345386921802,2.48064409635742,8,32
36,1,0.7243,0.184318972120299,1.883,0.321581116383432,0.03,0.170672578726429,0.829,0.376697359827357,26.0293707443467,2.55085536763708,8,32
36,2,0.6486,0.187117751838389,1,0,0.236,0.424834655465493,0,0,25.468914375787,2.53868981803326,8,32
37,1,0.7211,0.180158949950446,1.886,0.317970289657863,0.032,0.176088066055048,0.846,0.36112935966827,26.7082721719909,2.59465390716718,8,32
37,2,0.6378,0.188909626136009,1,0,0.289,0.453524734369234,0,0,26.103425903084,2.59586121646407,8,32
38,1,0.7294,0.18354653178235,1.889,0.314289321768618,0.023,0.149978310076802,0.854,0.353282901948012,27.3829710368855,2.63851935482318,8,32
38,2,0.6305,0.197835509676319,1,0,0.22,0.414453582167861,0,0,26.7244736547557,2.64732616938369,8,32
39,1,0.7291,0.186219944871294,1.89,0.313046319253234,0.03,0.170672578726429,0.86,0.347160655202344,28.0659207605238,2.68172050123597,8,32
39,2,0.6258,0.199835668223404,1,0,0.265,0.441554039693863,0,0,27.3416239046191,2.70974871065777,8,32
40,1,0.7253,0.187790242491923,1.894,0.307991653878573,0.019,0.136593036636783,0.875,0.330884397463048,28.7478558871589,2.7288223948747,8,32
40,2,0.6183,0.199586935807294,1,0,0.179,0.383544138406659,0,0,27.9517894930216,2.77575868389324,8,32
41,1,0.7282,0.192462468553746,1.895,0.306706812883361,0.012,0.108939744206914,0.884,0.320385153598987,29.4257387891208,2.7718626053384,8,32
41,2,0.6076,0.203921121573573,1,0,0.106,0.307991653878573,0,0,28.5587068399368,2.84036916939633,8,32
42,1,0.7247,0.189673102694836,1.896,0.305413289293831,0.016,0.125537881771837,0.888,0.315524255098646,30.1063424457226,2.81063033926097,8,32
42,2,0.5966,0.20763321398936,1,0,0.146,0.353282901948012,0,0,29.1585423423824,2.89638759915166,8,32
43,1,0.7275,0.190289148297952,1.897,0.304110972316823,0.021,0.143455845400526,0.891,0.311795151046671,30.7829943884246,2.85474409857158,8,32
43,2,0.5827,0.205360373204966,1,0,0.182,0.386037595351832,0,0,29.7453723494968,2.95963840842174,8,32
44,1,0.73,0.187497080391016,1.9,0.300150112593832,0.012,0.108939744206914,0.896,0.305413289293831,31.4619683675746,2.90031961385565,8,32
44,2,0.576,0.213235713400616,1,0,0.135,0.341894562536306,0,0,30.3165110420331,3.00901053496346,8,32
45,1,0.7262,0.190656523386717,1.901,0.29881145943268,0.013,0.113330683593826,0.897,0.304110972316823,32.1435625948331,2.94130334486884,8,32
45,2,0.569,0.217730122873263,1,0,0.154,0.36112935966827,0,0,30.8832617196066,3.06507683707644,8,32
46,1,0.7255,0.193176259066861,1.901,0.29881145943268,0.002,0.0446989708829856,0.898,0.302799748493435,32.8212061741141,2.98809386588273,8,32
46,2,0.5705,0.226916815686368,1,0,0.006,0.0772655807586403,0,0,31.4420414185201,3.12504714264952,8,32
47,1,0.7246,0.198126459853534,1.902,0.297463417052391,0,0,0.899,0.301479501608136,33.4985829069702,3.03619973820617,8,32
47,2,0.5582,0.224104848191606,1,0,0,0,0,0,32.0096243914438,3.18364280889882,8,32
48,1,0.7307,0.199316926619987,1.902,0.297463417052391,0,0,0.9,0.300150112593832,34.1750458879783,3.08246771605054,8,32
48,2,0.5473,0.227693993233363,1,0,0,0,0,0,32.5652068765445,3.24174240785849,8,32
49,1,0.7226,0.195927608130216,1.902,0.297463417052391,0,0,0.901,0.29881145943268,34.8574622508277,3.13100911225778,8,32
49,2,0.5474,0.230708618101853,1,0,0,0,0,0,33.1098860006331,3.29567581896188,8,32
50,1,0.7276,0.196205852962486,1.902,0.297463417052391,0,0,0.901,0.29881145943268,35.5317002113469,3.17780686557351,8,32
50,2,0.5377,0.228124419452962,1,0,0,0,0,0,33.6546101679834,3.35071297310068,8,32
51,1,0.7288,0.200426372343389,1.902,0.297463417052391,0,0,0.901,0.29881145943268,36.2108458092221,3.22674641618899,8,32
51,2,0.5467,0.235211467480721,1,0,0,0,0,0,34.1896282442818,3.40976462831769,8,32
52,1,0.7267,0.202628152457076,1.902,0.297463417052391,0,0,0.901,0.29881145943268,36.8911173878126,3.28247965969812,8,32
52,2,0.5284,0.234410725839046,1,0,0,0,0,0,34.7335470333354,3.4799479187993,8,32
53,1,0.7182,0.199219598555083,1.902,0.297463417052391,0,0,0.901,0.29881145943268,37.5692318314456,3.33435888904479,8,32
53,2,0.5159,0.230717187093681,1,0,0,0,0,0,35.2592063482561,3.5576194031566,8,32
54,1,0.7206,0.206102203088948,1.902,0.297463417052391,0,0,0.901,0.29881145943268,38.2388233967031,3.38281814623744,8,32
54,2,0.5162,0.238861078065504,1,0,0,0,0,0,35.7723791752877,3.63180321127629,8,32
55,1,0.7205,0.202856848296775,1.902,0.297463417052391,0,0,0.901,0.29881145943268,38.9107350770886,3.43365990833548,8,32
55,2,0.5144,0.238892674039431,1,0,0,0,0,0,36.2857990693222,3.70869500587529,8,32
56,1,0.7149,0.204963411368956,1.902,0.297463417052391,0,0,0.901,0.29881145943268,39.5824801148236,3.4786624841319,8,32
56,2,0.5065,0.242294152749208,1,0,0,0,0,0,36.7973774946844,3.7922566405853,8,32
57,1,0.7128,0.20449444485848,1.902,0.297463417052391,0,0,0.901,0.29881145943268,40.24858925197,3.52375435904052,8,32
57,2,0.5,0.24099393784508,1,0,0,0,0,0,37.3010488807628,3.87963945211601,8,32
58,1,0.7084,0.203004065601285,1.902,0.297463417052391,0,0,0.901,0.29881145943268,40.912543714748,3.57802252226401,8,32
58,2,0.5009,0.243368893695185,1,0,0,0,0,0,37.7982068461526,3.96821120044713,8,32
59,1,0.7201,0.21078524716028,1.902,0.297463417052391,0,0,0.901,0.29881145943268,41.5720572294833,3.6316818950945,8,32
59,2,0.4916,0.248336689015359,1,0,0,0,0,0,38.296209890595,4.05651121399563,8,32
60,1,0.7124,0.211733490669452,1.902,0.297463417052391,0,0,0.9,0.300150112593832,42.2431359626742,3.68543758649205,8,32
60,2,0.486,0.248768739768255,1,0,0,0,0,0,38.784917845912,4.14662440757298,8,32
61,1,0.7059,0.210474439040681,1.902,0.297463417052391,0,0,0.9,0.300150112593832,42.9065433528483,3.7432001356333,8,32
61,2,0.4913,0.24991351857546,1,0,0,0,0,0,39.2680104315047,4.23687465303011,8,32
62,1,0.7098,0.20728465193286,1.902,0.297463417052391,0,0,0.901,0.29881145943268,43.563423933567,3.80512524796219,8,32
62,2,0.4837,0.24463064843587,1,0,0,0,0,0,39.7563224746384,4.33896945855386,8,32
63,1,0.7133,0.20793351424517,1.902,0.297463417052391,0,0,0.901,0.29881145943268,44.2240650288857,3.87300571998478,8,32
63,2,0.4805,0.246313662675095,1,0,0,0,0,0,40.2370326631388,4.44122019712873,8,32
64,1,0.7132,0.205591896795637,1.902,0.297463417052391,0,0,0.901,0.29881145943268,44.8881180783111,3.93798513064461,8,32
64,2,0.4805,0.252415259965525,1,0,0,0,0,0,40.7145148782513,4.54650026351375,8,32
65,1,0.7144,0.20207294097299,1.902,0.297463417052391,0,0,0.901,0.29881145943268,45.5520053604197,4.0059197600993,8,32
65,2,0.4789,0.253829114207215,1,0,0,0,0,0,41.1919493451422,4.65125570388873,8,32
66,1,0.719,0.202830323522249,1.902,0.297463417052391,0,0,0.901,0.29881145943268,46.2170184787077,4.07032620378606,8,32
66,2,0.4818,0.256074860801162,1,0,0,0,0,0,41.6677464353763,4.76229727993753,8,32
67,1,0.7246,0.207937678351178,1.902,0.297463417052391,0,0,0.901,0.29881145943268,46.8865348341438,4.13467388452053,8,32
67,2,0.4804,0.255031137081104,1,0,0,0,0,0,42.1463768679738,4.87714491664472,8,32
68,1,0.721,0.210388362946393,1.902,0.297463417052391,0,0,0.901,0.29881145943268,47.5615468414925,4.19745221434315,8,32
68,2,0.4832,0.262805682638003,1,0,0,0,0,0,42.623568786641,4.99592820795373,8,32
69,1,0.7163,0.206414430011366,1.902,0.297463417052391,0,0,0.901,0.29881145943268,48.2329157458125,4.26344233963262,8,32
69,2,0.4757,0.26131934065009,1,0,0,0,0,0,43.1034940097603,5.11416859333696,8,32
70,1,0.7149,0.202852505873453,1.902,0.297463417052391,0,0,0.901,0.29881145943268,48.899549833226,4.32404586504271,8,32
70,2,0.4715,0.258736728538286,1,0,0,0,0,0,43.5759228147995,5.23226802140771,8,32
71,1,0.7184,0.203181501920629,1.902,0.297463417052391,0,0,0.901,0.29881145943268,49.5647270234973,4.38626597731409,8,32
71,2,0.4741,0.2621600997824,1,0,0,0,0,0,44.0441336757578,5.34975357398154,8,32
72,1,0.7272,0.201893340457086,1.902,0.297463417052391,0,0,0.901,0.29881145943268,50.2333129328248,4.45291265061937,8,32
72,2,0.4826,0.271423858403993,1,0,0,0,0,0,44.5148793200916,5.46975998452307,8,32
73,1,0.7218,0.203976386786232,1.902,0.297463417052391,0,0,0.901,0.29881145943268,50.9105688479654,4.51874521761417,8,32
73,2,0.4795,0.270227261342694,1,0,0,0,0,0,44.9940169066149,5.59235665133405,8,32
74,1,0.7211,0.201159775440457,1.902,0.297463417052391,0,0,0.901,0.29881145943268,51.5823963159378,4.59198523367511,8,32
74,2,0.474,0.26550799327797,1,0,0,0,0,0,45.470029128104,5.71359427251788,8,32
75,1,0.7183,0.202376051117878,1.902,0.297463417052391,0,0,0.901,0.29881145943268,52.2534617623018,4.66306059183397,8,32
75,2,0.4768,0.267606751359852,1,0,0,0,0,0,45.9405343001719,5.83498203354413,8,32
76,1,0.7211,0.204809025037318,1.902,0.297463417052391,0,0,0.901,0.29881145943268,52.9216810246098,4.7332706706389,8,32
76,2,0.4707,0.268185445976163,1,0,0,0,0,0,46.4137714992339,5.96491177326115,8,32
77,1,0.7199,0.199182488345898,1.902,0.297463417052391,0,0,0.901,0.29881145943268,53.5926122645951,4.80471683579292,8,32
77,2,0.4724,0.261929087439419,1,0,0,0,0,0,46.880907561154,6.09752814806501,8,32
78,1,0.7189,0.202370313395379,1.902,0.297463417052391,0,0,0.901,0.29881145943268,54.262285616432,4.87311450818313,8,32
78,2,0.4865,0.269221526312868,1,0,0,0,0,0,47.3496838690858,6.22616834909605,8,32
79,1,0.7219,0.203252802444891,1.902,0.297463417052391,0,0,0.901,0.29881145943268,54.9308997709797,4.94139689576646,8,32
79,2,0.4881,0.270261783150026,1,0,0,0,0,0,47.8324037417391,6.35946289675721,8,32
80,1,0.7186,0.21113649286331,1.902,0.297463417052391,0,0,0.901,0.29881145943268,55.6024234563051,5.00822563890568,8,32
80,2,0.4876,0.273753869709966,1,0,0,0,0,0,48.3166627515748,6.49588616860168,8,32
81,1,0.7163,0.209256058689105,1.902,0.297463417052391,0,0,0.895,0.306706812883361,56.2706062852526,5.07889993265104,8,32
81,2,0.4856,0.274860306679935,1,0,0,0,0,0,48.8003773197506,6.64015430866059,8,32
82,1,0.7088,0.211677507939241,1.902,0.297463417052391,0,0,0.439,0.496513368929302,56.9367384312875,5.15329700830708,8,32
82,2,0.4927,0.278017992230726,1,0,0,0,0,0,49.2820596518399,6.78891952272028,8,32
83,1,0.6857,0.213004415167576,1.902,0.297463417052391,0,0,0,0,57.6179790108685,5.24323390244129,8,32
83,2,0.4899,0.277028400592312,1,0,0,0,0,0,49.7707358308594,6.93885376380648,8,32
84,1,0.6579,0.215601656009582,1.902,0.297463417052391,0,0,0,0,58.2980109723625,5.31385041557904,8,32
84,2,0.4917,0.281033966078996,1,0,0,0,0,0,50.2565862872338,7.08703400738257,8,32
0,1,1,0,1,0,0,0,0,0,0,0,9,32
0,2,1,0,1,0,0,0,0,0,0,0,9,32
1,1,0.8813,0.109600740519042,1,0,0.126,0.332015412645609,0,0,1,0,9,32
1,2,0.8895,0.105122789160109,1,0,0.113,0.316751213622507,0,0,1,0,9,32
2,1,0.8287,0.136399834731993,1.013,0.113330683593826,0.269,0.443661848524116,0.013,0.113330683593826,1.8749125,0.122155393205495,9,32
2,2,0.837,0.127307530049118,1,0,0.267,0.44261372200476,0,0,1.883761615,0.116929970148956,9,32
3,1,0.809,0.148057154237547,1.032,0.176088066055048,0.538,0.49880337288836,0.032,0.176088066055048,2.689349588146,0.22517048731999,9,32
3,2,0.8079,0.145494875369405,1,0,0.573,0.494889801790172,0,0,2.7072468932365,0.209819269712727,9,32
4,1,0.7916,0.15418564528909,1.084,0.277526613176144,0.324,0.468234175646378,0.084,0.277526613176144,3.46961546156022,0.340546321914968,9,32
4,2,0.7874,0.152264324201122,1,0,0.39,0.487993993957034,0,0,3.48626314161322,0.317228122815546,9,32
5,1,0.7847,0.155435099221733,1.115,0.319181573523405,0.333,0.47152235719352,0.115,0.319181573523405,4.24050702782913,0.456517348554886,9,32
5,2,0.7803,0.162936976952619,1,0,0.424,0.494437527366672,0,0,4.25385602768415,0.426071103360038,9,32
6,1,0.7741,0.156983546379338,1.152,0.359200535947575,0.493,0.50020116073556,0.152,0.359200535947575,5.00242595405151,0.559055887155001,9,32
6,2,0.7761,0.161693954540468,1,0,0.576,0.494437527366672,0,0,5.01257655358656,0.534655277190425,9,32
7,1,0.7653,0.156302080409508,1.197,0.397931337480914,0.34,0.47394580346768,0.197,0.397931337480914,5.74383095531418,0.651810406567872,9,32
7,2,0.7679,0.16169643080704,1,0,0.43,0.495323475463606,0,0,5.75942828566661,0.642286175422494,9,32
8,1,0.7616,0.160845613279664,1.225,0.417791275099839,0.381,0.485875575713654,0.225,0.417791275099839,6.48176419536283,0.735416915981073,9,32
8,2,0.7627,0.160201043612001,1,0,0.531,0.49928778103243,0,0,6.50530596238449,0.741865981963202,9,32
9,1,0.7623,0.169048180372601,1.259,0.438304815295373,0.296,0.45671938057476,0.259,0.438304815295373,7.21247936008589,0.819893248781348,9,32
9,2,0.7675,0.161678353188947,1,0,0.421,0.493966601100725,0,0,7.24086724846527,0.836762370978604,9,32
10,1,0.7493,0.168487085255511,1.296,0.45671938057476,0.559,0.496755237280661,0.296,0.45671938057476,7.94636852946219,0.911880987712562,9,32
10,2,0.7626,0.165071161892344,1,0,0.814,0.389301368550838,0,0,7.98664571212458,0.925644462170088,9,32
11,1,0.7533,0.164426719684321,1.356,0.479054791744633,0.644,0.479054791744633,0.21,0.407512044074854,8.65221229732492,0.997477994226358,9,32
11,2,0.7609,0.167299668795784,1,0,0.999,0.0316227766016838,0,0,8.70782413689297,1.00968157098615,9,32
12,1,0.7525,0.168707475270695,1.416,0.493140129362017,0.582,0.49347696959384,0.123,0.328601550481703,9.3620310280377,1.07051150979154,9,32
12,2,0.7585,0.169400255154608,1,0,0.995,0.0705689732104696,0,0,9.41799248279819,1.08344088655712,9,32
13,1,0.7545,0.167594265527905,1.468,0.499224624017311,0.519,0.499888876540466,0.115,0.319181573523405,10.0784208012649,1.14706803050439,9,32
13,2,0.7592,0.170951994971058,1,0,0.956,0.205197724417465,0,0,10.1258924504173,1.1523396595789,9,32
14,1,0.7509,0.171489354184447,1.52,0.499849827298009,0.441,0.496755237280661,0.152,0.359200535947575,10.8002817248423,1.21803480866311,9,32
14,2,0.7511,0.163479403948985,1,0,0.894,0.307991653878573,0,0,10.8363681851059,1.2171519571978,9,32
15,1,0.7476,0.174082005228986,1.554,0.49732417127195,0.372,0.483580241376599,0.196,0.397167145848875,11.5205226309173,1.29383216879096,9,32
15,2,0.7555,0.16845809012371,1,0,0.781,0.413775555356053,0,0,11.5417798676728,1.27725589808327,9,32
16,1,0.7412,0.173645364789023,1.583,0.493309592805932,0.295,0.456270953692193,0.227,0.41910219117376,12.2386445857502,1.36861377031173,9,32
16,2,0.7556,0.172854038189793,1,0,0.663,0.472921404310119,0,0,12.2571559446194,1.33875364274672,9,32
17,1,0.7349,0.181397064184884,1.612,0.487538402275855,0.219,0.413775555356053,0.267,0.44261372200476,12.9526012834698,1.44681310699464,9,32
17,2,0.7545,0.169317507713817,1,0,0.513,0.500081074508005,0,0,12.978450891155,1.40567429526643,9,32
18,1,0.7394,0.178996311916418,1.634,0.481950491519903,0.171,0.376697359827357,0.283,0.450681832465115,13.6619942294028,1.52719762326296,9,32
18,2,0.751,0.168544971468767,1,0,0.424,0.494437527366672,0,0,13.7060628368956,1.47591978890158,9,32
19,1,0.7426,0.178541639728992,1.653,0.476253942574566,0.124,0.32974646735444,0.298,0.457608353732103,14.3774052653692,1.6068650952369,9,32
19,2,0.7541,0.173992710949233,1,0,0.346,0.475931203547856,0,0,14.4345503128943,1.54738446862199,9,32
20,1,0.7423,0.178136022304425,1.665,0.472226638382459,0.119,0.323950527000565,0.314,0.464348597090181,15.0975356484353,1.69219807194952,9,32
20,2,0.7547,0.169902256538213,1,0,0.381,0.485875575713654,0,0,15.1699516521086,1.61051424323536,9,32
21,1,0.7464,0.180609135039343,1.678,0.467476774326313,0.145,0.352277020396022,0.333,0.47152235719352,15.8167457168491,1.78044904308247,9,32
21,2,0.75,0.172132593164774,1,0,0.476,0.499673567115245,0,0,15.9041317490053,1.6771684422255,9,32
22,1,0.7452,0.179301726453231,1.696,0.460212772308414,0.155,0.362085771753194,0.353,0.47814184048211,16.5377299831387,1.86141973743913,9,32
22,2,0.7523,0.166980815043503,1,0,0.524,0.499673567115245,0,0,16.6288082530599,1.74186717360807,9,32
23,1,0.7405,0.177992784773517,1.711,0.453524734369234,0.184,0.387678080750375,0.368,0.48250265160806,17.2559480847687,1.93659994441663,9,32
23,2,0.7462,0.168920377971677,1,0,0.595,0.491137675419242,0,0,17.3533125092332,1.80030944295247,9,32
24,1,0.7435,0.176036185878753,1.727,0.445723759373078,0.187,0.390106630529633,0.387,0.487307365497864,17.9672102171438,2.00926790829361,9,32
24,2,0.748,0.17351111234185,1,0,0.588,0.492441365543654,0,0,18.0681164855835,1.84721408995047,9,32
25,1,0.7494,0.174786126995795,1.751,0.432650189166937,0.141,0.34819569244929,0.414,0.492794933868893,18.6802966685458,2.07765654717153,9,32
25,2,0.7481,0.177052923550383,1,0,0.54,0.498646817545895,0,0,18.7849938274658,1.89805419465466,9,32
26,1,0.7512,0.171720843371002,1.762,0.426072221034812,0.153,0.360167628640777,0.443,0.496988931464271,19.4001447068369,2.14437012285929,9,32
26,2,0.751,0.178411969415818,1,0,0.611,0.487767277415077,0,0,19.5042932391082,1.94392793038422,9,32
27,1,0.7504,0.174442742096856,1.778,0.415799096787005,0.148,0.355277669185979,0.474,0.499573391578829,20.1196714095123,2.20684165378422,9,32
27,2,0.7501,0.175758017970393,1,0,0.617,0.486361539955153,0,0,20.2228724086986,1.98913168843622,9,32
28,1,0.7421,0.175352041158175,1.795,0.403903624814309,0.127,0.333139583331045,0.499,0.500249187155011,20.8370318221526,2.26637846523013,9,32
28,2,0.7468,0.169406193683875,1,0,0.585,0.492968577110162,0,0,20.9401829561636,2.03829439716984,9,32
29,1,0.7423,0.177629564719002,1.814,0.389301368550838,0.094,0.291974740772638,0.53,0.499348925451281,21.5458442666495,2.31965135064741,9,32
29,2,0.7501,0.171783292259461,1,0,0.507,0.50020116073556,0,0,21.6557265261534,2.08372644153935,9,32
30,1,0.7435,0.17472343368386,1.823,0.381859682104326,0.074,0.261901875885975,0.555,0.497214463005877,22.2548849611189,2.37106095747855,9,32
30,2,0.7465,0.173775567753203,1,0,0.445,0.497214463005877,0,0,22.3783776909919,2.12439350194544,9,32
31,1,0.7395,0.172915151590743,1.83,0.375820756799357,0.048,0.213873190797121,0.589,0.49226143594773,22.9648019056474,2.42214541220872,9,32
31,2,0.7482,0.178181111536853,1,0,0.282,0.450198488090174,0,0,23.1004580885409,2.17021495246401,9,32
32,1,0.7468,0.172451440989919,1.834,0.372266816386557,0.045,0.207407854282373,0.62,0.485629319374187,23.6702614780412,2.47350470576636,9,32
32,2,0.7423,0.175303854610905,1,0,0.268,0.443139224592421,0,0,23.8322857888084,2.21573971785746,9,32
33,1,0.7491,0.17655129668275,1.838,0.368635174517967,0.03,0.170672578726429,0.644,0.479054791744633,24.3815316537126,2.52865340088256,9,32
33,2,0.74,0.177965366494921,1,0,0.274,0.446232140396815,0,0,24.5588569205397,2.26087791707145,9,32
34,1,0.7471,0.169293385134359,1.839,0.367714854492192,0.027,0.162164414398774,0.671,0.470085077384913,25.0945746071243,2.5799090291122,9,32
34,2,0.741,0.176380583143696,1,0,0.195,0.396398955765693,0,0,25.282763961444,2.30888277340849,9,32
35,1,0.7532,0.17378135676752,1.844,0.363036906933435,0.024,0.1531255937048,0.693,0.461480188051409,25.8043571183078,2.63084207379761,9,32
35,2,0.742,0.171246387773072,1,0,0.169,0.374939434548541,0,0,26.0115318093841,2.35788822289706,9,32
36,1,0.7507,0.173924580665758,1.844,0.363036906933435,0.017,0.129335717138491,0.708,0.454909818472786,26.519200656849,2.67901421702836,9,32
36,2,0.7415,0.177085033554813,1,0,0.13,0.336471712352188,0,0,26.7425187442093,2.40391409506282,9,32
37,1,0.7485,0.173804366912796,1.847,0.360167628640777,0.022,0.146756729104793,0.724,0.447240454368815,27.231083132787,2.72897368355792,9,32
37,2,0.7381,0.17885854852475,1,0,0.144,0.351265408754388,0,0,27.4748773694657,2.44826561170223,9,32
38,1,0.7524,0.173159534026355,1.85,0.357250091151322,0.024,0.1531255937048,0.739,0.439399672362272,27.9396564238577,2.77735454124525,9,32
38,2,0.7433,0.176312779446631,1,0,0.122,0.327449573557858,0,0,28.2030779015855,2.49391015191574,9,32
39,1,0.751,0.174497706143804,1.852,0.355277669185979,0.024,0.1531255937048,0.746,0.43551541152257,28.651197289015,2.82314041811215,9,32
39,2,0.737,0.173900089825282,1,0,0.115,0.319181573523405,0,0,28.9374817178879,2.53981953089111,9,32
40,1,0.7523,0.176708618736993,1.855,0.352277020396022,0.011,0.104354635210372,0.757,0.429109700583819,29.3609238121343,2.86609700065923,9,32
40,2,0.7336,0.172976764222716,1,0,0.06,0.237605674293474,0,0,29.6658852547735,2.58179083911909,9,32
41,1,0.7501,0.175187558578458,1.857,0.350248017372938,0.005,0.0705689732104696,0.771,0.42039949540376,30.0719737735075,2.90725717052139,9,32
41,2,0.7274,0.178272322644377,1,0,0.028,0.16505527329729,0,0,30.3935685462418,2.62070957424794,9,32
42,1,0.7488,0.176719522944664,1.857,0.350248017372938,0.006,0.0772655807586403,0.791,0.406797842281009,30.7803632685923,2.95148546503497,9,32
42,2,0.7263,0.17620828402592,1,0,0.046,0.209589904165081,0,0,31.11659789171,2.66323435473627,9,32
43,1,0.7474,0.175453766058253,1.857,0.350248017372938,0.015,0.121613279660528,0.805,0.396398955765693,31.486341774521,2.99458336095134,9,32
43,2,0.734,0.173303300701499,1,0,0.053,0.224145580463326,0,0,31.8375633170466,2.7002831953069,9,32
44,1,0.7421,0.178464112469257,1.858,0.349224795737585,0.011,0.104354635210372,0.818,0.386037595351832,32.189710624604,3.03513776194299,9,32
44,2,0.7393,0.173999384440824,1,0,0.03,0.170672578726429,0,0,32.5657751071205,2.74524690990457,9,32
45,1,0.7405,0.177767689278314,1.861,0.346119630761965,0.004,0.0631505185092568,0.828,0.377569276502417,32.8872843834831,3.07487986836309,9,32
45,2,0.7408,0.17671045975433,1,0,0.037,0.188856206322871,0,0,33.3003357569471,2.7922957384211,9,32
46,1,0.74,0.173464953492312,1.861,0.346119630761965,0,0,0.833,0.373162498451077,33.5830462426861,3.11702269864275,9,32
46,2,0.7427,0.176912430337747,1,0,0.009,0.0944877131056093,0,0,34.0359677870774,2.83251963547693,9,32
47,1,0.7346,0.175652195243025,1.861,0.346119630761965,0,0,0.844,0.363036906933435,34.278191050019,3.1535413491525,9,32
47,2,0.7402,0.175427291875394,1,0,0,0,0,0,34.7748111081097,2.86719825753176,9,32
48,1,0.7372,0.178067031951083,1.861,0.346119630761965,0,0,0.846,0.36112935966827,34.9673442436481,3.18553039809629,9,32
48,2,0.7431,0.17732409264912,1,0,0,0,0,0,35.5115401576825,2.90406493640476,9,32
49,1,0.7357,0.177163475064407,1.861,0.346119630761965,0,0,0.849,0.358228038164697,35.6589165501146,3.22243564150702,9,32
49,2,0.7442,0.17775814456153,1,0,0,0,0,0,36.2510816470123,2.9458722639789,9,32
50,1,0.7385,0.178043392040956,1.861,0.346119630761965,0,0,0.853,0.354283102217022,36.3487777649769,3.26073318379503,9,32
50,2,0.7409,0.177788635178964,1,0,0,0,0,0,36.9916438051089,2.9895303708988,9,32
51,1,0.737,0.175846301985347,1.861,0.346119630761965,0,0,0.859,0.34819569244929,37.0411570255167,3.29481488815691,9,32
51,2,0.7388,0.177273760004085,1,0,0,0,0,0,37.7288483666293,3.02929415227653,9,32
52,1,0.7403,0.175774875357108,1.861,0.346119630761965,0,0,0.86,0.347160655202344,37.731676205218,3.3239623524831,9,32
52,2,0.7351,0.178801454020822,1,0,0,0,0,0,38.4638898909623,3.0676620593867,9,32
53,1,0.7457,0.177180424717018,1.861,0.346119630761965,0,0,0.86,0.347160655202344,38.4253594760245,3.34783222724076,9,32
53,2,0.7345,0.172073703276705,1,0,0,0,0,0,39.1951771021624,3.10684650890048,9,32
54,1,0.7365,0.177790211652271,1.861,0.346119630761965,0,0,0.86,0.347160655202344,39.1243448327896,3.37546344362361,9,32
54,2,0.7424,0.174162488993964,1,0,0,0,0,0,39.9257943563875,3.14535218278052,9,32
55,1,0.7351,0.180028887683062,1.861,0.346119630761965,0,0,0.86,0.347160655202344,39.8141098395949,3.41130266226771,9,32
55,2,0.7384,0.172032075599392,1,0,0,0,0,0,40.6641960017405,3.18407369430804,9,32
56,1,0.7363,0.171819183538486,1.861,0.346119630761965,0,0,0.86,0.347160655202344,40.5024135491463,3.44722233197904,9,32
56,2,0.7404,0.174293483005585,1,0,0,0,0,0,41.3985457476337,3.22057342914183,9,32
57,1,0.741,0.173057646317489,1.861,0.346119630761965,0,0,0.861,0.346119630761965,41.1918417267734,3.48146305276692,9,32
57,2,0.7365,0.173169679036885,1,0,0,0,0,0,42.134810889297,3.25920743712638,9,32
58,1,0.7459,0.171967330510079,1.861,0.346119630761965,0,0,0.861,0.346119630761965,41.8858245306609,3.51666313335357,9,32
58,2,0.7391,0.174446615391706,1,0,0,0,0,0,42.8671245723161,3.29406231634409,9,32
59,1,0.7427,0.170868095049678,1.861,0.346119630761965,0,0,0.861,0.346119630761965,42.5846095971141,3.55143722648914,9,32
59,2,0.7392,0.175311420318512,1,0,0,0,0,0,43.6019499868647,3.32562435734575,9,32
60,1,0.7372,0.169661265305151,1.861,0.346119630761965,0,0,0.861,0.346119630761965,43.2801436104125,3.59051480797728,9,32
60,2,0.7378,0.173497150585424,1,0,0,0,0,0,44.3368013305797,3.35540792293397,9,32
61,1,0.7396,0.172805386784387,1.861,0.346119630761965,0,0,0.861,0.346119630761965,43.9701409731475,3.6256076598744,9,32
61,2,0.743,0.172396985822609,1,0,0,0,0,0,45.0701875644281,3.38686218225355,9,32
62,1,0.743,0.17064618401863,1.861,0.346119630761965,0,0,0.861,0.346119630761965,44.66245473998,3.66284197689853,9,32
62,2,0.7437,0.174271858544863,1,0,0,0,0,0,45.8086688346263,3.41377288167381,9,32
63,1,0.7451,0.172527550715113,1.861,0.346119630761965,0,0,0.861,0.346119630761965,45.3580782596013,3.70060704420096,9,32
63,2,0.7423,0.174960913695949,1,0,0,0,0,0,46.547771929908,3.44391285019905,9,32
64,1,0.7421,0.177564408368116,1.861,0.346119630761965,0,0,0.861,0.346119630761965,46.0557190278005,3.72988427449681,9,32
64,2,0.7404,0.173025367440089,1,0,0,0,0,0,47.2854099075937,3.47105644609447,9,32
65,1,0.7346,0.174393959910466,1.861,0.346119630761965,0,0,0.861,0.346119630761965,46.7503091715677,3.75231413474554,9,32
65,2,0.7377,0.171983395385393,1,0,0,0,0,0,48.0210862432566,3.49775624541358,9,32
66,1,0.7393,0.172148613544069,1.861,0.346119630761965,0,0,0.861,0.346119630761965,47.4373784506475,3.77413937859665,9,32
66,2,0.7349,0.17297951298322,1,0,0,0,0,0,48.7540065052438,3.52215304235945,9,32
67,1,0.7388,0.168650535139984,1.861,0.346119630761965,0,0,0.861,0.346119630761965,48.1290481033997,3.78873249129011,9,32
67,2,0.7387,0.178897496668663,1,0,0,0,0,0,49.4840718952727,3.55041379975845,9,32
68,1,0.7443,0.170283606100254,1.861,0.346119630761965,0,0,0.861,0.346119630761965,48.8201519281556,3.79851432912548,9,32
68,2,0.7339,0.178585225264249,1,0,0,0,0,0,50.2178389025988,3.58153807288298,9,32
69,1,0.7476,0.170831564482163,1.861,0.346119630761965,0,0,0.861,0.346119630761965,49.5166493675438,3.81607710813223,9,32
69,2,0.7304,0.176598491010051,1,0,0,0,0,0,50.9467650641203,3.61489904444441,9,32
70,1,0.7527,0.17228578697151,1.861,0.346119630761965,0,0,0.861,0.346119630761965,50.2163544644334,3.83082402017384,9,32
70,2,0.7323,0.179941904761201,1,0,0,0,0,0,51.6721424010988,3.64156196250032,9,32
71,1,0.7512,0.174324263798672,1.861,0.346119630761965,0,0,0.861,0.346119630761965,50.9210540136997,3.84366889131915,9,32
71,2,0.7325,0.178901525303044,1,0,0,0,0,0,52.3993339461248,3.67561265017994,9,32
72,1,0.7413,0.173650408765613,1.861,0.346119630761965,0,0,0.861,0.346119630761965,51.6241937058216,3.86381930183178,9,32
72,2,0.7361,0.174749327115521,1,0,0,0,0,0,53.1266513569548,3.70707375711343,9,32
73,1,0.7422,0.170963119965648,1.861,0.346119630761965,0,0,0.861,0.346119630761965,52.3174341115197,3.88265468771793,9,32
73,2,0.7345,0.173637265297228,1,0,0,0,0,0,53.8574702078454,3.73473746638479,9,32
74,1,0.7407,0.172404272665248,1.861,0.346119630761965,0,0,0.861,0.346119630761965,53.0114986467733,3.89997113840808,9,32
74,2,0.733,0.174072689705483,1,0,0,0,0,0,54.5866276149023,3.758292384228,9,32
75,1,0.7386,0.172103630582448,1.861,0.346119630761965,0,0,0.861,0.346119630761965,53.7040048351555,3.91801304609942,9,32
75,2,0.7329,0.174637018092065,1,0,0,0,0,0,55.3142231658006,3.78239793573896,9,32
76,1,0.745,0.175857686570493,1.861,0.346119630761965,0,0,0.861,0.346119630761965,54.3943574647854,3.9419071265196,9,32
76,2,0.7434,0.177617532884532,1,0,0,0,0,0,56.0416467043754,3.80523346323779,9,32
77,1,0.7484,0.176829603598234,1.861,0.346119630761965,0,0,0.861,0.346119630761965,55.0909926011033,3.97187653808718,9,32
77,2,0.7362,0.175500314416699,1,0,0,0,0,0,56.7794179991097,3.8309301975351,9,32
78,1,0.7508,0.174842586145166,1.861,0.346119630761965,0,0,0.861,0.346119630761965,55.7909319931432,4.00007068375776,9,32
78,2,0.7345,0.176496178148143,1,0,0,0,0,0,57.5099707465681,3.85138148486618,9,32
79,1,0.7444,0.174467988694428,1.861,0.346119630761965,0,0,0.861,0.346119630761965,56.4931827431338,4.02659395103347,9,32
79,2,0.7376,0.173598319048245,1,0,0,0,0,0,58.2387636478299,3.87886840362209,9,32
80,1,0.7475,0.176422433026174,1.861,0.346119630761965,0,0,0.861,0.346119630761965,57.1890136313704,4.04241916452685,9,32
80,2,0.7432,0.175512291776287,1,0,0,0,0,0,58.9705592750679,3.90440543402295,9,32
81,1,0.7481,0.177335382363018,1.861,0.346119630761965,0,0,0.851,0.356266650033266,57.8878502342241,4.05703179162822,9,32
81,2,0.7385,0.179944797452247,1,0,0,0,0,0,59.7078370992439,3.93421174495883,9,32
82,1,0.7503,0.175015829399916,1.861,0.346119630761965,0,0,0.395,0.489095301770743,58.5877080789637,4.07928904066961,9,32
82,2,0.7421,0.181688196095951,1,0,0,0,0,0,60.4403791137578,3.9593528434893,9,32
83,1,0.7427,0.171744595857355,1.861,0.346119630761965,0,0,0,0,59.3122917659593,4.10796912622879,9,32
83,2,0.7393,0.179771599057882,1,0,0,0,0,0,61.176418473308,3.98539594199657,9,32
84,1,0.7469,0.175559708393501,1.861,0.346119630761965,0,0,0,0,60.0488525619366,4.1250990626274,9,32
84,2,0.7332,0.179136400125295,1,0,0,0,0,0,61.909607373895,4.01307984225518,9,32
0,1,1,0,1,0,0,0,0,0,0,0,10,32
0,2,1,0,1,0,0,0,0,0,0,0,10,32
1,1,0.8874,0.108318848650514,1,0,0.121,0.326290461805836,0,0,1,0,10,32
1,2,0.8828,0.109800802438854,1,0,0.137,0.344019402576874,0,0,1,0,10,32
2,1,0.8304,0.133917040639994,1.012,0.108939744206914,0.261,0.439399672362272,0.012,0.108939744206914,1.881261865,0.120525105312783,10,32
2,2,0.8302,0.132459448532392,1,0,0.269,0.443661848524116,0,0,1.875862405,0.122866500757323,10,32
3,1,0.8037,0.145456067138733,1.038,0.191291904148065,0.571,0.495180981262613,0.038,0.191291904148065,2.6978485231675,0.22035162005366,10,32
3,2,0.7999,0.144328863436323,1,0,0.597,0.490746198998863,0,0,2.6924490631675,0.221225087846469,10,32
4,1,0.7874,0.154159025052071,1.084,0.277526613176144,0.344,0.475278749672116,0.084,0.277526613176144,3.47086657136423,0.325210352021982,10,32
4,2,0.7772,0.155126478153229,1,0,0.412,0.492441365543654,0,0,3.46226807126823,0.329540294946896,10,32
5,1,0.7714,0.156481713073849,1.122,0.327449573557858,0.366,0.481950491519903,0.122,0.327449573557858,4.23656021732116,0.432233940805774,10,32
5,2,0.7787,0.15906480318289,1,0,0.418,0.49347696959384,0,0,4.2185654766612,0.436244091660787,10,32
6,1,0.7627,0.159135269610586,1.154,0.36112935966827,0.514,0.500054051132529,0.154,0.36112935966827,4.98318679201369,0.541086120888218,10,32
6,2,0.7811,0.156835542487624,1,0,0.584,0.493140129362017,0,0,4.97598665243363,0.549081276488946,10,32
7,1,0.7694,0.165139065368891,1.21,0.407512044074854,0.335,0.472226638382459,0.21,0.407512044074854,5.71204932139411,0.642869936532379,10,32
7,2,0.7739,0.161415132019414,1,0,0.408,0.491709037722287,0,0,5.72743562520359,0.649616760128594,10,32
8,1,0.7607,0.168386056025622,1.24,0.427296831936047,0.375,0.48436516143258,0.24,0.427296831936047,6.45367997221964,0.737557276019906,10,32
8,2,0.7682,0.166843029811247,1,0,0.504,0.500234179394246,0,0,6.48040833341222,0.748261033717694,10,32
9,1,0.7584,0.168694688410447,1.283,0.450681832465115,0.31,0.462724663395106,0.283,0.450681832465115,7.18304621656476,0.827379679758214,10,32
9,2,0.7688,0.166476047148754,1,0,0.428,0.495036423974096,0,0,7.22281414141062,0.8453157238091,10,32
10,1,0.7585,0.169341153965675,1.313,0.463946382943381,0.537,0.49887862239214,0.313,0.463946382943381,7.91114060385356,0.914501031690876,10,32
10,2,0.764,0.168024498904869,1,0,0.81,0.392497202606661,0,0,7.96954175041185,0.932038927775294,10,32
11,1,0.7592,0.165113968587223,1.364,0.481389380580561,0.636,0.481389380580561,0.182,0.386037595351832,8.62642492596765,1.00055681807283,10,32
11,2,0.7554,0.168044872218938,1,0,0.999,0.0316227766016838,0,0,8.69231857590004,1.02070511253651,10,32
12,1,0.7643,0.172468128230277,1.436,0.496135213576047,0.561,0.496513368929302,0.13,0.336471712352188,9.34393519091416,1.07456060392042,10,32
12,2,0.7629,0.173099836954151,1,0,0.992,0.0891288053546324,0,0,9.39699296878116,1.09710636391368,10,32
13,1,0.7609,0.173295185222271,1.501,0.500249187155011,0.482,0.499925920438144,0.113,0.316751213622507,10.0728099723886,1.15494044599471,10,32
13,2,0.759,0.166993673194187,1,0,0.959,0.198389410902796,0,0,10.1094374794023,1.1679076248352,10,32
14,1,0.7605,0.173030892298716,1.553,0.497431843008103,0.406,0.491330240678716,0.156,0.363036906933435,10.8030100474766,1.23721572291683,10,32
14,2,0.7569,0.170767536585709,1,0,0.878,0.327449573557858,0,0,10.819563668818,1.23314847539241,10,32
15,1,0.7555,0.175956559157966,1.595,0.491137675419242,0.315,0.464748309293311,0.199,0.399447817065707,11.5343853536941,1.31518152927378,10,32
15,2,0.7453,0.172765036271109,1,0,0.787,0.409632516774241,0,0,11.5315661173885,1.30053570355029,10,32
16,1,0.7542,0.172429962860554,1.63,0.483045891539648,0.231,0.421683313419937,0.23,0.421043082447957,12.2630914196521,1.39659354290391,10,32
16,2,0.7459,0.174624407468382,1,0,0.671,0.470085077384913,0,0,12.2364579333149,1.36933412247705,10,32
17,1,0.7562,0.173642482450902,1.646,0.478448443317473,0.172,0.377569276502417,0.258,0.437752929890398,12.9930724566228,1.48309555532799,10,32
17,2,0.7437,0.175245602001936,1,0,0.525,0.499624483612067,0,0,12.9476690277361,1.43547830534319,10,32
18,1,0.756,0.172318581974474,1.662,0.473265232169003,0.131,0.337569182469243,0.286,0.452115481274871,13.7265244653154,1.56547914364614,10,32
18,2,0.7492,0.174556093648517,1,0,0.432,0.495602281695334,0,0,13.6639003379804,1.50735973241798,10,32
19,1,0.7565,0.172300427850419,1.676,0.468234175646378,0.097,0.296105857217784,0.302,0.45935499018407,14.4603523194952,1.63481393049683,10,32
19,2,0.7424,0.174219954633769,1,0,0.366,0.481950491519903,0,0,14.3901917706149,1.58087234345444,10,32
20,1,0.7511,0.173634498124477,1.686,0.464348597090181,0.096,0.294738648417324,0.32,0.466709564737876,15.1955041332823,1.70731551772934,10,32
20,2,0.7504,0.176836396454777,1,0,0.409,0.491895274383645,0,0,15.1129172181245,1.64600157503839,10,32
21,1,0.752,0.174947439554303,1.699,0.458922226101122,0.114,0.317970289657863,0.334,0.47187568984497,15.9243449200201,1.7715130158447,10,32
21,2,0.755,0.176652784314899,1,0,0.486,0.500054051132529,0,0,15.8414087041978,1.72261314660751,10,32
22,1,0.7514,0.17529623147338,1.713,0.452587931606484,0.129,0.33536766610911,0.353,0.47814184048211,16.6524142912102,1.8452335503892,10,32
22,2,0.7514,0.171427615708285,1,0,0.546,0.498128630106855,0,0,16.5705757676964,1.79366768058468,10,32
23,1,0.7514,0.17874560131648,1.725,0.446737702208549,0.153,0.360167628640777,0.367,0.482227688487029,17.3781159101537,1.92068274631671,10,32
23,2,0.7485,0.169724943825463,1,0,0.619,0.485875575713654,0,0,17.2930844192528,1.85357576644044,10,32
24,1,0.7461,0.175372590633615,1.735,0.441554039693863,0.155,0.362085771753194,0.387,0.487307365497864,18.1018493241316,1.99538295625271,10,32
24,2,0.7496,0.175472592249133,1,0,0.626,0.484105730557239,0,0,18.0089858683841,1.90775569431979,10,32
25,1,0.7427,0.174519818837767,1.749,0.433805471596645,0.15,0.357250091151322,0.416,0.493140129362017,18.8191257071171,2.06633168795157,10,32
25,2,0.7515,0.173343006198109,1,0,0.549,0.497842190705897,0,0,18.7255639294391,1.95804935780195,10,32
26,1,0.7516,0.173918623751707,1.767,0.422953768028954,0.15,0.357250091151322,0.439,0.496513368929302,19.5317418486749,2.1346384863559,10,32
26,2,0.7492,0.173578482219109,1,0,0.585,0.492968577110162,0,0,19.4478059749247,1.99973871799988,10,32
27,1,0.7553,0.170472786599419,1.782,0.413093992508541,0.154,0.36112935966827,0.464,0.498951854343636,20.2520166037859,2.19986754733489,10,32
27,2,0.7505,0.176439453866988,1,0,0.589,0.49226143594773,0,0,20.1658864428914,2.04601133324457,10,32
28,1,0.7509,0.175185273010832,1.801,0.399447817065707,0.134,0.340822769427396,0.491,0.50016914056064,20.9744632643123,2.26363120933163,10,32
28,2,0.751,0.176096592840435,1,0,0.552,0.49753747953651,0,0,20.8849921366691,2.08993645272028,10,32
29,1,0.7531,0.177600484041942,1.811,0.391704521843229,0.107,0.309267920493941,0.504,0.500234179394246,21.6921009622332,2.32788577198639,10,32
29,2,0.7468,0.181666625340933,1,0,0.478,0.499765710874371,0,0,21.6063693487527,2.13245585259981,10,32
30,1,0.7511,0.174037579502471,1.821,0.383544138406659,0.082,0.274502006097135,0.519,0.499888876540466,22.4125584981477,2.39315317485178,10,32
30,2,0.7451,0.177785256974805,1,0,0.421,0.493966601100725,0,0,22.3271758710869,2.17689781635163,10,32
31,1,0.7505,0.179811240143886,1.826,0.379299179893482,0.068,0.251871871076227,0.546,0.498128630106855,23.1314484817897,2.45560757823374,10,32
31,2,0.7544,0.17847266595334,1,0,0.285,0.451640320364534,0,0,23.0490568677668,2.21168212016818,10,32
32,1,0.7417,0.175789681187526,1.831,0.374939434548541,0.045,0.207407854282373,0.585,0.492968577110162,23.8490204456265,2.51723010567871,10,32
32,2,0.7464,0.17899463421868,1,0,0.242,0.428508599236491,0,0,23.7869158411396,2.25151613002018,10,32
33,1,0.7441,0.175601896419219,1.836,0.370460849809047,0.051,0.220107808692576,0.623,0.484877413483146,24.5569513246985,2.57569115085267,10,32
33,2,0.7423,0.173985576933782,1,0,0.263,0.440482718191106,0,0,24.5188697196281,2.29523689148997,10,32
34,1,0.7542,0.178196840920691,1.841,0.36585906146063,0.029,0.167890402308134,0.649,0.477521755553637,25.2650107517374,2.62743121761636,10,32
34,2,0.746,0.175027525362826,1,0,0.203,0.402433787041984,0,0,25.2456173705649,2.33893440486065,10,32
35,1,0.7484,0.176603025536452,1.847,0.360167628640777,0.017,0.129335717138491,0.678,0.467476774326313,25.9828657683135,2.68509803204816,10,32
35,2,0.7479,0.17534633254316,1,0,0.149,0.356266650033266,0,0,25.9789696042834,2.38740406477121,10,32
36,1,0.7511,0.179306834618597,1.849,0.358228038164697,0.014,0.117549214450024,0.69,0.462724663395106,26.6940222348639,2.73604814711065,10,32
36,2,0.7476,0.178566867380615,1,0,0.119,0.323950527000565,0,0,26.7168324301186,2.44040790591782,10,32
37,1,0.7506,0.177682895100263,1.85,0.357250091151322,0.022,0.146756729104793,0.707,0.45536618051669,27.4073494999266,2.78692630219005,10,32
37,2,0.7417,0.179452816398387,1,0,0.138,0.345072564941166,0,0,27.4558171572226,2.49731746661397,10,32
38,1,0.7545,0.174958167458282,1.851,0.356266650033266,0.007,0.0834143750078963,0.724,0.447240454368815,28.1188618956213,2.83738059640999,10,32
38,2,0.7436,0.175413254373237,1,0,0.095,0.293361655744341,0,0,28.187903285286,2.55545673669195,10,32
39,1,0.7554,0.174760926357643,1.852,0.355277669185979,0.012,0.108939744206914,0.737,0.440482718191106,28.8340887267585,2.88711245234638,10,32
39,2,0.7419,0.173448766137077,1,0,0.111,0.314289321768618,0,0,28.923950843174,2.61266293016294,10,32
40,1,0.7499,0.179978838707172,1.852,0.355277669185979,0.005,0.0705689732104696,0.754,0.430894035314565,29.5492440352126,2.93928058156733,10,32
40,2,0.7455,0.177118946251159,1,0,0.063,0.243084532807191,0,0,29.6574345278041,2.66765417352027,10,32
41,1,0.7527,0.179234022537114,1.852,0.355277669185979,0.005,0.0705689732104696,0.76,0.427296831936047,30.258351781395,2.99369760165815,10,32
41,2,0.7451,0.177503514042673,1,0,0.023,0.149978310076802,0,0,30.3968209108064,2.72000521303271,10,32
42,1,0.7465,0.173429604819442,1.853,0.354283102217022,0.005,0.0705689732104696,0.784,0.411720188372532,30.9698783872762,3.04426949762448,10,32
42,2,0.7441,0.174859274177167,1,0,0.041,0.198389410902796,0,0,31.1377268082735,2.76793652323994,10,32
43,1,0.7478,0.176199336565738,1.853,0.354283102217022,0.014,0.117549214450024,0.794,0.404632830758612,31.6739648568677,3.08967834074817,10,32
43,2,0.7446,0.174760926357643,1,0,0.063,0.243084532807191,0,0,31.8766665788135,2.80932680971779,10,32
44,1,0.7416,0.175784926374079,1.855,0.352277020396022,0.009,0.0944877131056093,0.814,0.389301368550838,32.3783294159684,3.13567473883275,10,32
44,2,0.7408,0.173220568540129,1,0,0.032,0.176088066055048,0,0,32.6149350299659,2.85311718984694,10,32
45,1,0.7307,0.17764872380366,1.855,0.352277020396022,0.007,0.0834143750078963,0.816,0.387678080750375,33.0757040529581,3.17998706012517,10,32
45,2,0.742,0.174144555833154,1,0,0.031,0.173404351355637,0,0,33.350889533018,2.89947216853444,10,32
46,1,0.7349,0.179566796023748,1.856,0.351265408754388,0.001,0.0316227766016838,0.822,0.382704144820072,33.7621578947287,3.22741742225812,10,32
46,2,0.7394,0.171630699751231,1,0,0.003,0.054717401199198,0,0,34.088014827977,2.95018832646146,10,32
47,1,0.7449,0.17408128645634,1.856,0.351265408754388,0,0,0.826,0.379299179893482,34.4527238145213,3.2724132228154,10,32
47,2,0.7411,0.174330666209882,1,0,0,0,0,0,34.8238719180048,2.9909802233187,10,32
48,1,0.7518,0.172587793735671,1.856,0.351265408754388,0,0,0.83,0.375820756799357,35.153024489041,3.31779528667204,10,32
48,2,0.7465,0.171689333469576,1,0,0,0,0,0,35.561496747292,3.03287470995603,10,32
49,1,0.7501,0.172771061928321,1.856,0.351265408754388,0,0,0.835,0.37136627864268,35.8599230489535,3.36008804439022,10,32
49,2,0.7477,0.173565073775904,1,0,0,0,0,0,36.3044219549151,3.07058304598018,10,32
50,1,0.7478,0.173450988020378,1.856,0.351265408754388,0,0,0.842,0.364923511395428,36.5648104511138,3.40663676846901,10,32
50,2,0.7465,0.173371877211409,1,0,0,0,0,0,37.0484670041073,3.10568634973219,10,32
51,1,0.758,0.178515735630974,1.856,0.351265408754388,0,0,0.854,0.353282901948012,37.2669905821233,3.45484893862878,10,32
51,2,0.7435,0.172300427850419,1,0,0,0,0,0,37.7912436341181,3.13678621648536,10,32
52,1,0.7559,0.172263939537167,1.856,0.351265408754388,0,0,0.856,0.351265408754388,37.9786516573201,3.50551951988141,10,32
52,2,0.7463,0.175034130805814,1,0,0,0,0,0,38.5309612482782,3.15986729002023,10,32
53,1,0.7555,0.172857252175399,1.856,0.351265408754388,0,0,0.856,0.351265408754388,38.6880529772859,3.54486732876761,10,32
53,2,0.7436,0.170258709110659,1,0,0,0,0,0,39.2733903677432,3.18331944281994,10,32
54,1,0.7572,0.177029657118516,1.856,0.351265408754388,0,0,0.856,0.351265408754388,39.396985471617,3.5821504899766,10,32
54,2,0.7507,0.174900257575854,1,0,0,0,0,0,40.0130595171534,3.21409063588779,10,32
55,1,0.7547,0.175581145738199,1.856,0.351265408754388,0,0,0.856,0.351265408754388,40.1075379169836,3.62403697558641,10,32
55,2,0.754,0.170155672702831,1,0,0,0,0,0,40.7597164610737,3.2460573107743,10,32
56,1,0.7514,0.173747599201336,1.856,0.351265408754388,0,0,0.856,0.351265408754388,40.8155330200461,3.65948152470534,10,32
56,2,0.7506,0.174269934326062,1,0,0,0,0,0,41.5095806382182,3.27717107237413,10,32
57,1,0.7509,0.174326072575446,1.856,0.351265408754388,0,0,0.856,0.351265408754388,41.5201757528698,3.70001242540713,10,32
57,2,0.7501,0.175358891250888,1,0,0,0,0,0,42.2559888166791,3.30417397562745,10,32
58,1,0.7519,0.173223544578664,1.856,0.351265408754388,0,0,0.856,0.351265408754388,42.2242508634547,3.73477475288736,10,32
58,2,0.7499,0.178974920092235,1,0,0,0,0,0,43.0018251963568,3.33171955656228,10,32
59,1,0.7452,0.169663625287643,1.856,0.351265408754388,0,0,0.856,0.351265408754388,42.9292497830278,3.76793633346143,10,32
59,2,0.7474,0.175396704655487,1,0,0,0,0,0,43.7473881490967,3.3682585180533,10,32
60,1,0.751,0.173519765759147,1.856,0.351265408754388,0,0,0.856,0.351265408754388,43.6275176182894,3.8034574181855,10,32
60,2,0.739,0.171896912562584,1,0,0,0,0,0,44.4903912528474,3.39958977737821,10,32
61,1,0.7432,0.171998091103777,1.856,0.351265408754388,0,0,0.856,0.351265408754388,44.3314809292293,3.83649344623334,10,32
61,2,0.7451,0.174431695561376,1,0,0,0,0,0,45.2249703078949,3.42575848484868,10,32
62,1,0.7412,0.174163408593461,1.856,0.351265408754388,0,0,0.856,0.351265408754388,45.0276212813784,3.87109502726234,10,32
62,2,0.7488,0.174725753937675,1,0,0,0,0,0,45.9655388064476,3.45573802372776,10,32
63,1,0.7426,0.174400847634568,1.856,0.351265408754388,0,0,0.856,0.351265408754388,45.7217043817478,3.90008202332423,10,32
63,2,0.7489,0.176039142748935,1,0,0,0,0,0,46.7097103779777,3.49083006147972,10,32
64,1,0.7512,0.169904171306732,1.856,0.351265408754388,0,0,0.856,0.351265408754388,46.4171092810937,3.93401488991916,10,32
64,2,0.7455,0.171899096272491,1,0,0,0,0,0,47.4539069042997,3.52101926391936,10,32
65,1,0.7523,0.172059043105308,1.856,0.351265408754388,0,0,0.856,0.351265408754388,47.1209897729679,3.97748430370572,10,32
65,2,0.7497,0.174729620958899,1,0,0,0,0,0,48.1946507025664,3.55450594452818,10,32
66,1,0.748,0.169660793304714,1.856,0.351265408754388,0,0,0.856,0.351265408754388,47.8258927496249,4.01070365299932,10,32
66,2,0.7441,0.171448489595518,1,0,0,0,0,0,48.9394932136303,3.59026996497127,10,32
67,1,0.7544,0.170204611011599,1.856,0.351265408754388,0,0,0.856,0.351265408754388,48.5264535239457,4.03786068200244,10,32
67,2,0.7441,0.171623555040224,1,0,0,0,0,0,49.6786980805788,3.62796920596152,10,32
68,1,0.7519,0.167763328932561,1.856,0.351265408754388,0,0,0.856,0.351265408754388,49.233301503387,4.06950977225842,10,32
68,2,0.7414,0.171334162954722,1,0,0,0,0,0,50.4178290270406,3.66442861305284,10,32
69,1,0.7499,0.175016058179301,1.856,0.351265408754388,0,0,0.856,0.351265408754388,49.9375957412054,4.09919136173396,10,32
69,2,0.7458,0.176730284879512,1,0,0,0,0,0,51.1542043590369,3.6995672531667,10,32
70,1,0.7502,0.178358548356314,1.856,0.351265408754388,0,0,0.856,0.351265408754388,50.6398333027846,4.12994525475458,10,32
70,2,0.7454,0.179418591653794,1,0,0,0,0,0,51.8948757964939,3.73460095655846,10,32
71,1,0.7506,0.174843387665105,1.856,0.351265408754388,0,0,0.856,0.351265408754388,51.3422985478363,4.15578284219189,10,32
71,2,0.7422,0.175470652674315,1,0,0,0,0,0,52.635075957169,3.76862839646434,10,32
72,1,0.7491,0.175470738244244,1.856,0.351265408754388,0,0,0.856,0.351265408754388,52.0450907162807,4.17549152292588,10,32
72,2,0.7441,0.175487851391445,1,0,0,0,0,0,53.3720247384905,3.8126061720902,10,32
73,1,0.7471,0.172108138131848,1.856,0.351265408754388,0,0,0.856,0.351265408754388,52.7463233672575,4.19435433654081,10,32
73,2,0.7453,0.17552412574549,1,0,0,0,0,0,54.1107861933849,3.84638401169638,10,32
74,1,0.7491,0.175641794684637,1.856,0.351265408754388,0,0,0.856,0.351265408754388,53.4455004425335,4.2129626943118,10,32
74,2,0.7452,0.171249193534703,1,0,0,0,0,0,54.8506650435952,3.87300854611621,10,32
75,1,0.7482,0.177223497787873,1.856,0.351265408754388,0,0,0.856,0.351265408754388,54.1465928539924,4.24023440930943,10,32
75,2,0.7478,0.171477592018796,1,0,0,0,0,0,55.590370643226,3.90070557850497,10,32
76,1,0.7484,0.176092158963562,1.856,0.351265408754388,0,0,0.856,0.351265408754388,54.8467218812959,4.26149692607069,10,32
76,2,0.7461,0.168977345651254,1,0,0,0,0,0,56.3325828442715,3.92173709322895,10,32
77,1,0.7475,0.174826526346302,1.856,0.351265408754388,0,0,0.856,0.351265408754388,55.5469793813826,4.28109204233329,10,32
77,2,0.7489,0.177172741075427,1,0,0,0,0,0,57.0730336957663,3.94323264275408,10,32
78,1,0.7472,0.176190814752652,1.856,0.351265408754388,0,0,0.856,0.351265408754388,56.246273759451,4.3072139456177,10,32
78,2,0.7526,0.17940296938854,1,0,0,0,0,0,57.8161890238995,3.95618724808181,10,32
79,1,0.7453,0.177396108692889,1.856,0.351265408754388,0,0,0.856,0.351265408754388,56.9452005390954,4.33800559671347,10,32
79,2,0.7481,0.171656214148675,1,0,0,0,0,0,58.5629412873299,3.98208564531631,10,32
80,1,0.7416,0.177033275913826,1.856,0.351265408754388,0,0,0.855,0.352277020396022,57.6421723776728,4.36689923661509,10,32
80,2,0.751,0.175413140242599,1,0,0,0,0,0,59.3051542872441,4.00107980931106,10,32
81,1,0.7449,0.174769947458179,1.856,0.351265408754388,0,0,0.839,0.367714854492192,58.3354536040257,4.39568770549713,10,32
81,2,0.7408,0.170365443633339,1,0,0,0,0,0,60.0501699572605,4.02012239196391,10,32
82,1,0.7382,0.169497756591317,1.856,0.351265408754388,0,0,0.396,0.489309128694145,59.0327324247468,4.42347923482516,10,32
82,2,0.7424,0.170150495712446,1,0,0,0,0,0,60.7849934160985,4.04334531420707,10,32
83,1,0.7393,0.168683028085116,1.856,0.351265408754388,0,0,0,0,59.7452653393147,4.45053365242552,10,32
83,2,0.7466,0.1775386154051,1,0,0,0,0,0,61.5213303255852,4.07199148165203,10,32
84,1,0.7396,0.174075104889074,1.856,0.351265408754388,0,0,0,0,60.4784542399017,4.46437861464176,10,32
84,2,0.7461,0.178259828807745,1,0,0,0,0,0,62.2617588839219,4.09526656240032,10,32
0,1,1,0,1,0,0,0,0,0,0,0,11,32
0,2,1,0,1,0,0,0,0,0,0,0,11,32
1,1,0.8776,0.105969191133411,1,0,0.134,0.340822769427396,0,0,1,0,11,32
1,2,0.8789,0.107779434060522,1,0,0.136,0.342960087505269,0,0,1,0,11,32
2,1,0.8362,0.129870806675043,1.009,0.0944877131056093,0.276,0.447240454368815,0.009,0.0944877131056093,1.87081291,0.118951721363742,11,32
2,2,0.8346,0.129613423840433,1,0,0.271,0.444698500960771,0,0,1.87201279,0.120802595563633,11,32
3,1,0.8171,0.141271184420417,1.035,0.18387171834953,0.524,0.499673567115245,0.035,0.18387171834953,2.6925985282195,0.214506670325712,11,32
3,2,0.8048,0.147168674039751,1,0,0.568,0.495602281695334,0,0,2.6928985882105,0.214633188504217,11,32
4,1,0.7963,0.15139098133386,1.08,0.271428947744476,0.323,0.467856698028242,0.08,0.271428947744476,3.48151180689321,0.315535387142714,11,32
4,2,0.7862,0.155350229139495,1,0,0.398,0.489730370546728,0,0,3.46906569150172,0.320559588945552,11,32
5,1,0.7866,0.160081435732149,1.115,0.319181573523405,0.34,0.47394580346768,0.115,0.319181573523405,4.25735139345911,0.423658123060408,11,32
5,2,0.7757,0.158507522328231,1,0,0.427,0.494889801790172,0,0,4.23505921747666,0.433180823776076,11,32
6,1,0.782,0.161747216860638,1.149,0.356266650033266,0.467,0.49915945364198,0.149,0.356266650033266,5.02081954483647,0.536278123436266,11,32
6,2,0.7638,0.159984859143468,1,0,0.617,0.486361539955153,0,0,4.98903211790412,0.538116481304294,11,32
7,1,0.7666,0.158964491977642,1.202,0.401693113405442,0.325,0.468609213091884,0.202,0.401693113405442,5.77156893750145,0.642548079564417,11,32
7,2,0.763,0.168580602144551,1,0,0.446,0.49732417127195,0,0,5.72154245783196,0.637604645017906,11,32
8,1,0.7645,0.16576256280363,1.229,0.42039949540376,0.356,0.479054791744633,0.229,0.42039949540376,6.51130091792804,0.742793052546429,11,32
8,2,0.7577,0.166818879442761,1,0,0.545,0.498220055019088,0,0,6.46172412335304,0.742367688845369,11,32
9,1,0.7623,0.166902865663135,1.276,0.447240454368815,0.291,0.454450795494436,0.276,0.447240454368815,7.24596292375687,0.845419588912537,11,32
9,2,0.7559,0.168028043562446,1,0,0.472,0.499465179432426,0,0,7.19158996783814,0.84269583243545,11,32
10,1,0.7581,0.168590666446315,1.3,0.458486870270251,0.53,0.499348925451281,0.3,0.458486870270251,7.97925263291723,0.947768878709677,11,32
10,2,0.7541,0.166766306552016,1,0,0.829,0.376697359827357,0,0,7.92323116140463,0.941298419439753,11,32
11,1,0.7586,0.172150154445692,1.349,0.476892468410255,0.651,0.476892468410255,0.17,0.375820756799357,8.69513635530125,1.03877491189288,11,32
11,2,0.7547,0.168065928004924,1,0,1,0,0,0,8.63516883201163,1.02437096384818,11,32
12,1,0.7566,0.168893353821176,1.417,0.493309592805932,0.581,0.493642261848277,0.117,0.321581116383432,9.41189744483538,1.11707202626659,11,32
12,2,0.7542,0.171906695366736,1,0,0.999,0.0316227766016838,0,0,9.33909404948038,1.09384126580368,11,32
13,1,0.7568,0.173158146628288,1.481,0.499888876540466,0.508,0.500186151533793,0.113,0.316751213622507,10.1327318809986,1.19316823123013,11,32
13,2,0.7534,0.169402293777673,1,0,0.965,0.18387171834953,0,0,10.0424994141305,1.16416521204526,11,32
14,1,0.7554,0.174302097581243,1.531,0.49928778103243,0.435,0.496005061487301,0.151,0.358228038164697,10.8575389718761,1.27639467993696,11,32
14,2,0.7527,0.161984409586074,1,0,0.894,0.307991653878573,0,0,10.7467332689459,1.23149106617146,11,32
15,1,0.7538,0.172960907361969,1.585,0.492968577110162,0.333,0.47152235719352,0.212,0.408929362143663,11.5826230923629,1.35370031496625,11,32
15,2,0.7495,0.168725274390704,1,0,0.775,0.417791275099839,0,0,11.4537427129682,1.29016936726766,11,32
16,1,0.7562,0.170207316324918,1.61,0.487993993957034,0.274,0.446232140396815,0.239,0.426686138819931,12.3080840299099,1.43260639993615,11,32
16,2,0.753,0.165766336988179,1,0,0.667,0.47152235719352,0,0,12.1634273339324,1.35191511249107,11,32
17,1,0.7582,0.169415056773185,1.641,0.479947236005532,0.199,0.399447817065707,0.26,0.438853725736256,13.0374660261609,1.50982361188714,11,32
17,2,0.7479,0.170483590572978,1,0,0.496,0.500234179394246,0,0,12.8819267571095,1.40789615869277,11,32
18,1,0.7572,0.171106509044622,1.66,0.47394580346768,0.139,0.346119630761965,0.285,0.451640320364534,13.7714671006011,1.58206012630645,11,32
18,2,0.7531,0.168578791100212,1,0,0.414,0.492794933868893,0,0,13.603798470034,1.46507671218135,11,32
19,1,0.756,0.169093443375527,1.676,0.468234175646378,0.103,0.304110972316823,0.307,0.461480188051409,14.5061434260808,1.65440477623287,11,32
19,2,0.7531,0.168519401817087,1,0,0.354,0.478448443317473,0,0,14.3348812700086,1.52409232422059,11,32
20,1,0.7597,0.172324129493248,1.69,0.462724663395106,0.098,0.297463417052391,0.322,0.467476774326313,15.2402472330734,1.72073095238935,11,32
20,2,0.7531,0.169880102570163,1,0,0.409,0.491895274383645,0,0,15.0688852668303,1.57866304553951,11,32
21,1,0.7588,0.165256981304482,1.706,0.455819889618445,0.109,0.311795151046671,0.344,0.475278749672116,15.9774712357616,1.79062692871123,11,32
21,2,0.7518,0.174031741492887,1,0,0.496,0.500234179394246,0,0,15.8000713580304,1.64204305877831,11,32
22,1,0.76,0.169731578702399,1.714,0.452115481274871,0.136,0.342960087505269,0.349,0.476892468410255,16.712076865698,1.85522910116233,11,32
22,2,0.7508,0.177851035957036,1,0,0.538,0.49880337288836,0,0,16.5255461837639,1.6984163833233,11,32
23,1,0.7602,0.165418630520638,1.721,0.448731947113597,0.146,0.353282901948012,0.354,0.478448443317473,17.446209914148,1.91771906540353,11,32
23,2,0.7516,0.177225418179359,1,0,0.576,0.494437527366672,0,0,17.2478552748587,1.75261186536059,11,32
24,1,0.7589,0.173755520720871,1.739,0.439399672362272,0.156,0.363036906933435,0.376,0.484622387905118,18.1797208129026,1.97388174132282,11,32
24,2,0.7553,0.178840414598865,1,0,0.571,0.495180981262613,0,0,17.9689946622632,1.80158340856245,11,32
25,1,0.7527,0.171936826399327,1.755,0.430302405478008,0.143,0.350248017372938,0.397,0.489520817361867,18.9102653125692,2.03475254016962,11,32
25,2,0.7572,0.175039420699449,1,0,0.517,0.499960959436795,0,0,18.6940024666231,1.85168489803118,11,32
26,1,0.7537,0.169396000557879,1.767,0.422953768028954,0.152,0.359200535947575,0.425,0.494590355364538,19.634153238001,2.09304529248261,11,32
26,2,0.7522,0.179129135673813,1,0,0.566,0.495872856577056,0,0,19.4235262839919,1.90081461254017,11,32
27,1,0.7504,0.166756252199573,1.786,0.410332026988355,0.147,0.354283102217022,0.462,0.49880337288836,20.35712098188,2.14882802597529,11,32
27,2,0.7487,0.176718814899658,1,0,0.586,0.492794933868893,0,0,20.1455464947858,1.94677346676034,11,32
28,1,0.7557,0.17452211312028,1.799,0.400948574956639,0.124,0.32974646735444,0.491,0.50016914056064,21.0751296417999,2.20111809538532,11,32
28,2,0.7503,0.176949770333904,1,0,0.558,0.496873105413125,0,0,20.8630066377768,1.99223219150382,11,32
29,1,0.755,0.17048185846026,1.816,0.387678080750375,0.095,0.293361655744341,0.515,0.500025024398804,21.7980525197374,2.25667691964956,11,32
29,2,0.7447,0.18112071862356,1,0,0.496,0.500234179394246,0,0,21.5833866460837,2.03411627243141,11,32
30,1,0.7504,0.171316050588347,1.824,0.381010720543621,0.092,0.289170571842329,0.547,0.498035178515573,22.5204544085618,2.30868185404006,11,32
30,2,0.7417,0.173266070340188,1,0,0.416,0.493140129362017,0,0,22.3012018562489,2.08152794189119,11,32
31,1,0.7554,0.169409384449444,1.835,0.37136627864268,0.046,0.209589904165081,0.57,0.495323475463606,23.2367521809044,2.36304679044793,11,32
31,2,0.7439,0.174451205852018,1,0,0.296,0.45671938057476,0,0,23.019942289239,2.12217611584958,11,32
32,1,0.7504,0.166876264602512,1.84,0.366789496216201,0.042,0.200689502157627,0.597,0.490746198998863,23.9591092870396,2.41565336052429,11,32
32,2,0.7418,0.175623471106807,1,0,0.254,0.43551541152257,0,0,23.746785466279,2.16126393226373,11,32
33,1,0.7522,0.169363053361245,1.847,0.360167628640777,0.041,0.198389410902796,0.625,0.48436516143258,24.6752638069907,2.46290154980221,11,32
33,2,0.7522,0.176483161537599,1,0,0.256,0.436640189005381,0,0,24.4735559590013,2.19950612496466,11,32
34,1,0.7563,0.171200524589207,1.851,0.356266650033266,0.027,0.162164414398774,0.648,0.477832946043201,25.3917952288633,2.51389096843324,11,32
34,2,0.7486,0.177452893832503,1,0,0.189,0.391704521843229,0,0,25.2105198390022,2.23975194957765,11,32
35,1,0.7602,0.169188015487459,1.852,0.355277669185979,0.019,0.136593036636783,0.673,0.469351990824894,26.1118926080484,2.56461699988464,11,32
35,2,0.7496,0.173406775847744,1,0,0.155,0.362085771753194,0,0,25.947160871214,2.28180702618554,11,32
36,1,0.7558,0.167852716792236,1.852,0.355277669185979,0.015,0.121613279660528,0.687,0.463946382943381,26.8349573206231,2.61394545848646,11,32
36,2,0.753,0.17435997648945,1,0,0.107,0.309267920493941,0,0,26.68641880537,2.32906997530822,11,32
37,1,0.7529,0.168582353791878,1.853,0.354283102217022,0.026,0.159214789983058,0.707,0.45536618051669,27.5530673358916,2.65774526946414,11,32
37,2,0.7487,0.177397237238295,1,0,0.143,0.350248017372938,0,0,27.4313819702312,2.37769074013226,11,32
38,1,0.756,0.174282455727404,1.856,0.351265408754388,0.019,0.136593036636783,0.727,0.445723759373078,28.266671975556,2.69605340577582,11,32
38,2,0.7434,0.174088330300301,1,0,0.101,0.301479501608136,0,0,28.1701931681972,2.42192630271463,11,32
39,1,0.7482,0.169839941137547,1.857,0.350248017372938,0.021,0.143455845400526,0.738,0.439942666207257,28.9826459619594,2.73668323349058,11,32
39,2,0.7421,0.1741491255158,1,0,0.112,0.315524255098646,0,0,28.9057426225745,2.46362390806316,11,32
40,1,0.7354,0.172094324300531,1.86,0.347160655202344,0.017,0.129335717138491,0.75,0.433229370758364,29.6901312434268,2.77361932956286,11,32
40,2,0.7532,0.174872354419846,1,0,0.05,0.218054001448145,0,0,29.6393757233146,2.50180707429444,11,32
41,1,0.7406,0.173556220752129,1.861,0.346119630761965,0.009,0.0944877131056093,0.765,0.424210979295627,30.3843984735363,2.80739816516498,11,32
41,2,0.7509,0.175470738244244,1,0,0.025,0.156203071030628,0,0,30.3870787713646,2.54565383050766,11,32
42,1,0.7461,0.169450593104608,1.861,0.346119630761965,0.005,0.0705689732104696,0.794,0.404632830758612,31.0834264316411,2.84031366993914,11,32
42,2,0.7495,0.17311764704882,1,0,0.037,0.188856206322871,0,0,31.1336613455109,2.58227763128234,11,32
43,1,0.7472,0.171643880233528,1.861,0.346119630761965,0.011,0.104354635210372,0.807,0.394850486775573,31.7866166734939,2.87592503423936,11,32
43,2,0.7475,0.177101990714715,1,0,0.055,0.228094337998616,0,0,31.8781776442027,2.61561396956263,11,32
44,1,0.7503,0.167176128253581,1.861,0.346119630761965,0.006,0.0772655807586403,0.821,0.383544138406659,32.4898859526752,2.90516673587737,11,32
44,2,0.746,0.172318581974474,1,0,0.033,0.178725887724591,0,0,32.6197319351135,2.65588967906181,11,32
45,1,0.7516,0.169782997577102,1.862,0.345072564941166,0.009,0.0944877131056093,0.827,0.37843653921657,33.1957232699625,2.93072764637433,11,32
45,2,0.751,0.173404351355637,1,0,0.027,0.162164414398774,0,0,33.3608138268164,2.69418413040521,11,32
46,1,0.7471,0.171175029986534,1.862,0.345072564941166,0.001,0.0316227766016838,0.831,0.374939434548541,33.902336186921,2.95615575969583,11,32
46,2,0.7455,0.172654451316957,1,0,0.001,0.0316227766016838,0,0,34.107097812725,2.73468638825151,11,32
47,1,0.7496,0.173060075666775,1.862,0.345072564941166,0,0,0.833,0.373162498451077,34.604598178148,2.9800377909216,11,32
47,2,0.7496,0.171549611684985,1,0,0,0,0,0,34.8491264468287,2.77586300575847,11,32
48,1,0.7459,0.17015329013023,1.862,0.345072564941166,0,0,0.839,0.367714854492192,35.3092284546207,3.0142816573413,11,32
48,2,0.7558,0.173540993648407,1,0,0,0,0,0,35.5952114178633,2.8155362527005,11,32
49,1,0.7528,0.171118208970996,1.862,0.345072564941166,0,0,0.85,0.357250091151322,36.0098074230148,3.05590530952498,11,32
49,2,0.757,0.173784928003556,1,0,0,0,0,0,36.3473920902297,2.855293599165,11,32
50,1,0.7512,0.169373100719232,1.862,0.345072564941166,0,0,0.853,0.354283102217022,36.7166352930713,3.08831682247214,11,32
50,2,0.7556,0.16774020620226,1,0,0,0,0,0,37.1006916786188,2.88726996858459,11,32
51,1,0.7549,0.170367294440614,1.862,0.345072564941166,0,0,0.858,0.349224795737585,37.4216512089375,3.11954204302753,11,32
51,2,0.7537,0.172963077638628,1,0,0,0,0,0,37.8525229199264,2.91572554437093,11,32
52,1,0.7582,0.166133561812056,1.862,0.345072564941166,0,0,0.861,0.346119630761965,38.1300290721279,3.14678667302535,11,32
52,2,0.7539,0.17197198715013,1,0,0,0,0,0,38.6023886439244,2.94271879323586,11,32
53,1,0.7647,0.169388909325855,1.862,0.345072564941166,0,0,0.861,0.346119630761965,38.8414697592314,3.17315704540959,11,32
53,2,0.7399,0.1752389759691,1,0,0,0,0,0,39.3523783439976,2.97174036940288,11,32
54,1,0.7559,0.167908854392445,1.862,0.345072564941166,0,0,0.862,0.345072564941166,39.5593049416842,3.19892665931446,11,32
54,2,0.7433,0.174601247405612,1,0,0,0,0,0,40.0883670525084,3.00750761927407,11,32
55,1,0.7532,0.178442151975372,1.862,0.345072564941166,0,0,0.862,0.345072564941166,40.2682660041944,3.22476056129704,11,32
55,2,0.7486,0.175638517668787,1,0,0,0,0,0,40.827663850718,3.03983369912666,11,32
56,1,0.7549,0.175518650851688,1.862,0.345072564941166,0,0,0.862,0.345072564941166,40.9744709805741,3.24652080081773,11,32
56,2,0.7457,0.171787720809786,1,0,0,0,0,0,41.572157647814,3.07174276485623,11,32
57,1,0.7514,0.180417822264295,1.862,0.345072564941166,0,0,0.861,0.346119630761965,41.6822958425892,3.27232620250443,11,32
57,2,0.7457,0.173757594659059,1,0,0,0,0,0,42.3136931909506,3.0996677501704,11,32
58,1,0.7453,0.181689077604904,1.862,0.345072564941166,0,0,0.862,0.345072564941166,42.3866195321568,3.29557267343111,11,32
58,2,0.7448,0.173790572710844,1,0,0,0,0,0,43.0551545805328,3.13332069734562,11,32
59,1,0.7459,0.180930721343629,1.862,0.345072564941166,0,0,0.862,0.345072564941166,43.0847583578855,3.31612943463056,11,32
59,2,0.7467,0.172275328439068,1,0,0,0,0,0,43.7956470291268,3.16559010414016,11,32
60,1,0.7338,0.176886542305651,1.862,0.345072564941166,0,0,0.862,0.345072564941166,43.7834238399781,3.34201482696485,11,32
60,2,0.7541,0.170564598561021,1,0,0,0,0,0,44.5379542509233,3.19793223591603,11,32
61,1,0.7365,0.177339220702018,1.862,0.345072564941166,0,0,0.862,0.345072564941166,44.469991841766,3.36991448482703,11,32
61,2,0.7524,0.169596589007571,1,0,0,0,0,0,45.2875429727247,3.22825689072832,11,32
62,1,0.741,0.174669715490435,1.862,0.345072564941166,0,0,0.862,0.345072564941166,45.1591747660667,3.39880927584785,11,32
62,2,0.754,0.171211311873116,1,0,0,0,0,0,46.0353670746051,3.26247783362166,11,32
63,1,0.7445,0.17424152808705,1.862,0.345072564941166,0,0,0.862,0.345072564941166,45.852760957,3.42996611129755,11,32
63,2,0.7513,0.164028092762231,1,0,0,0,0,0,46.7847065042708,3.29724687860386,11,32
64,1,0.7501,0.175415964954051,1.862,0.345072564941166,0,0,0.862,0.345072564941166,46.5497558075304,3.46531256511044,11,32
64,2,0.7513,0.166931651211435,1,0,0,0,0,0,47.5312879573696,3.33090224669647,11,32
65,1,0.7466,0.170873162426513,1.862,0.345072564941166,0,0,0.862,0.345072564941166,47.2522452312388,3.50006209736652,11,32
65,2,0.7517,0.171308074697185,1,0,0,0,0,0,48.2777947523232,3.36489925302002,11,32
66,1,0.7477,0.174370625723242,1.862,0.345072564941166,0,0,0.862,0.345072564941166,47.9511870833575,3.53414733038661,11,32
66,2,0.7462,0.174229492095672,1,0,0,0,0,0,49.0246243048997,3.39258533703591,11,32
67,1,0.7501,0.175758017970393,1.862,0.345072564941166,0,0,0.862,0.345072564941166,48.6511518048357,3.56937995894313,11,32
67,2,0.7449,0.1704788932773,1,0,0,0,0,0,49.7659153567973,3.40989346665409,11,32
68,1,0.7469,0.173667931842786,1.862,0.345072564941166,0,0,0.862,0.345072564941166,49.353430502791,3.60449763214246,11,32
68,2,0.7454,0.172767730461127,1,0,0,0,0,0,50.5058409609089,3.42605927018717,11,32
69,1,0.7534,0.171457976885993,1.862,0.345072564941166,0,0,0.862,0.345072564941166,50.0524606601406,3.64229562676794,11,32
69,2,0.7517,0.175122179571229,1,0,0,0,0,0,51.2461891838251,3.45217171708852,11,32
70,1,0.7553,0.171117477749034,1.862,0.345072564941166,0,0,0.861,0.346119630761965,50.7578762166245,3.672730813958,11,32
70,2,0.7509,0.177737955374705,1,0,0,0,0,0,51.9927200493874,3.48193676929741,11,32
71,1,0.7574,0.171623700853625,1.862,0.345072564941166,0,0,0.861,0.346119630761965,51.4651576285387,3.70690559730492,11,32
71,2,0.7559,0.177754850248275,1,0,0,0,0,0,52.7383818425869,3.5177310725154,11,32
72,1,0.7547,0.171018002435876,1.862,0.345072564941166,0,0,0.861,0.346119630761965,52.1744534543768,3.7414855773542,11,32
72,2,0.7565,0.175466630840563,1,0,0,0,0,0,53.4889336935718,3.5521675776743,11,32
73,1,0.7582,0.174192718283811,1.862,0.345072564941166,0,0,0.861,0.346119630761965,52.8809977217811,3.77662651653361,11,32
73,2,0.7526,0.175624839029347,1,0,0,0,0,0,54.2400061846719,3.5897053354678,11,32
74,1,0.7565,0.175466630840563,1.862,0.345072564941166,0,0,0.861,0.346119630761965,53.5909458765214,3.8133127065437,11,32
74,2,0.7409,0.176261902458411,1,0,0,0,0,0,54.987131936273,3.62336556134839,11,32
75,1,0.7563,0.174616152748824,1.862,0.345072564941166,0,0,0.861,0.346119630761965,54.2991355706392,3.84507507690689,11,32
75,2,0.7472,0.174707420227885,1,0,0,0,0,0,55.722569240039,3.65726293850714,11,32
76,1,0.7454,0.169610163632984,1.862,0.345072564941166,0,0,0.861,0.346119630761965,55.007055940251,3.88395689919692,11,32
76,2,0.7425,0.173648794709045,1,0,0,0,0,0,56.464185924475,3.6780194505561,11,32
77,1,0.7529,0.173729018220249,1.862,0.345072564941166,0,0,0.861,0.346119630761965,55.7040880479408,3.91307582301498,11,32
77,2,0.7459,0.183239642999998,1,0,0,0,0,0,57.2010640336224,3.7033275617908,11,32
78,1,0.7475,0.177722635967778,1.862,0.345072564941166,0,0,0.861,0.346119630761965,56.4084929213222,3.93830705996534,11,32
78,2,0.7354,0.176572982129254,1,0,0,0,0,0,57.9412423741946,3.73359653262418,11,32
79,1,0.7413,0.175997969548757,1.862,0.345072564941166,0,0,0.861,0.346119630761965,57.1074693124643,3.96344273808217,11,32
79,2,0.7396,0.178223465356287,1,0,0,0,0,0,58.670928282415,3.75802208852019,11,32
80,1,0.7464,0.181051980988389,1.862,0.345072564941166,0,0,0.861,0.346119630761965,57.8002245954346,3.98834335426848,11,32
80,2,0.7387,0.177943738226367,1,0,0,0,0,0,59.4047081711152,3.78882087659077,11,32
81,1,0.7466,0.178045331699936,1.862,0.345072564941166,0,0,0.843,0.363982806576744,58.4979699636185,4.01724658027879,11,32
81,2,0.7378,0.173323977571487,1,0,0,0,0,0,60.1375218534602,3.81804051624107,11,32
82,1,0.7463,0.174289089408048,1.862,0.345072564941166,0,0,0.347,0.476253942574566,59.1967366828118,4.04492499947862,11,32
82,2,0.744,0.176791558778283,1,0,0,0,0,0,60.8693695153537,3.83986414836775,11,32
83,1,0.7436,0.174038298455625,1.862,0.345072564941166,0,0,0,0,59.9197334368128,4.08675306018755,11,32
83,2,0.742,0.179577972614261,1,0,0,0,0,0,61.607293357835,3.86316772663964,11,32
84,1,0.7474,0.17217108608266,1.862,0.345072564941166,0,0,0,0,60.6571867933345,4.11245251260433,11,32
84,2,0.7452,0.182071716941732,1,0,0,0,0,0,62.3431599400554,3.88897704665206,11,32
0,1,1,0,1,0,0,0,0,0,0,0,12,32
0,2,1,0,1,0,0,0,0,0,0,0,12,32
1,1,0.8816,0.107484850062662,1,0,0.126,0.332015412645609,0,0,1,0,12,32
1,2,0.8858,0.10644101507262,1,0,0.12,0.325124138915747,0,0,1,0,12,32
2,1,0.8318,0.133666101262162,1.011,0.104354635210372,0.26,0.438853725736256,0.011,0.104354635210372,1.87521247,0.119943409920397,12,32
2,2,0.8357,0.130891721062268,1,0,0.282,0.450198488090174,0,0,1.87971202,0.118503995482283,12,32
3,1,0.8037,0.147709607433397,1.036,0.186383311320351,0.549,0.497842190705897,0.036,0.186383311320351,2.6932988281825,0.219759302851683,12,32
3,2,0.804,0.143403502623069,1,0,0.586,0.492794933868893,0,0,2.701147708216,0.211302587202868,12,32
4,1,0.7805,0.154446118771575,1.093,0.290577761426155,0.359,0.479947236005532,0.093,0.290577761426155,3.46751651641523,0.330420608803589,12,32
4,2,0.7845,0.155608367268486,1,0,0.385,0.486838794686714,0,0,3.47561532145623,0.316299228302271,12,32
5,1,0.7755,0.15554402574173,1.114,0.317970289657863,0.379,0.485380875802286,0.114,0.317970289657863,4.22511340188619,0.439767538762887,12,32
5,2,0.7743,0.161417364510655,1,0,0.438,0.496389365722517,0,0,4.24055926736816,0.426986774061604,12,32
6,1,0.7765,0.16230863838408,1.15,0.357250091151322,0.491,0.50016914056064,0.15,0.357250091151322,4.97558805196369,0.546041437737983,12,32
6,2,0.7663,0.15652095325805,1,0,0.625,0.48436516143258,0,0,4.99258314260064,0.537224463727624,12,32
7,1,0.7709,0.16226373445573,1.197,0.397931337480914,0.341,0.474282557073254,0.197,0.397931337480914,5.7195914936163,0.648909418249891,12,32
7,2,0.7677,0.161532667912106,1,0,0.436,0.496135213576047,0,0,5.72719222284344,0.638537519338005,12,32
8,1,0.7662,0.164452438731095,1.236,0.424834655465493,0.368,0.48250265160806,0.236,0.424834655465493,6.46307084983026,0.745694950987163,12,32
8,2,0.7597,0.165630140202028,1,0,0.523,0.499720642680209,0,0,6.47257024945634,0.732804648225585,12,32
9,1,0.7633,0.163553843916491,1.275,0.446737702208549,0.29,0.453989103510322,0.275,0.446737702208549,7.19848225586905,0.839104095052948,12,32
9,2,0.7566,0.168061550286449,1,0,0.465,0.499023069631078,0,0,7.20553361480926,0.83160294002542,12,32
10,1,0.7575,0.165563163660161,1.308,0.461897552872224,0.542,0.498482180709085,0.308,0.461897552872224,7.93287097542532,0.928939147864147,12,32
10,2,0.7564,0.168426266975812,1,0,0.829,0.376697359827357,0,0,7.93822386375367,0.931691694252634,12,32
11,1,0.7521,0.166983452693593,1.371,0.483314175865547,0.628,0.483580241376599,0.211,0.408222544264333,8.64715629708953,1.00924549503911,12,32
11,2,0.7587,0.172841500179165,1,0,1,0,0,0,8.65245923539539,1.02200207599928,12,32
12,1,0.7503,0.170554973539323,1.444,0.497102716861527,0.553,0.497431843008103,0.136,0.342960087505269,9.35652552255488,1.08083388481478,12,32
12,2,0.7542,0.170913930302862,1,0,0.993,0.0834143750078963,0,0,9.36038005506348,1.09884767132418,12,32
13,1,0.7495,0.16645557202286,1.514,0.500054051132529,0.47,0.499348925451281,0.134,0.340822769427396,10.0715169748584,1.15525244778211,12,32
13,2,0.7521,0.172989928942455,1,0,0.96,0.196057232558349,0,0,10.0640850599115,1.1713772298728,12,32
14,1,0.7448,0.169533777465441,1.558,0.496873105413125,0.394,0.488879333785959,0.177,0.381859682104326,10.7898824457068,1.22869432483385,12,32
14,2,0.7577,0.169261216347276,1,0,0.88,0.325124138915747,0,0,10.7672702789082,1.24079197438613,12,32
15,1,0.7483,0.172704768136079,1.598,0.490547282773676,0.325,0.468609213091884,0.225,0.417791275099839,11.5051303472336,1.29990782141175,12,32
15,2,0.7555,0.167982046564411,1,0,0.77,0.421043082447957,0,0,11.4799717481155,1.30807337743922,12,32
16,1,0.7522,0.174429314008814,1.631,0.482775384699833,0.25,0.433229370758364,0.254,0.43551541152257,12.2248499037458,1.36559345891459,12,32
16,2,0.7647,0.171794713025237,1,0,0.633,0.482227688487029,0,0,12.1958970006393,1.37405170538422,12,32
17,1,0.7534,0.167679922938188,1.654,0.475931203547856,0.177,0.381859682104326,0.28,0.449223554371097,12.9506875757388,1.43447607539264,12,32
17,2,0.7539,0.172088362199204,1,0,0.508,0.500186151533793,0,0,12.927774999889,1.45114608586985,12,32
18,1,0.7595,0.171520171318621,1.674,0.468981816218864,0.121,0.326290461805836,0.306,0.461060274342278,13.6799966337902,1.5031019786361,12,32
18,2,0.7559,0.169805842137495,1,0,0.4,0.490143081395872,0,0,13.6550375401538,1.52499763379992,12,32
19,1,0.7569,0.168168578131203,1.685,0.464748309293311,0.106,0.307991653878573,0.319,0.466322266738847,14.4168190925576,1.57353466771443,12,32
19,2,0.7521,0.172410310930975,1,0,0.366,0.481950491519903,0,0,14.3896140454805,1.59433780301818,12,32
20,1,0.7546,0.171196227026615,1.698,0.45935499018407,0.101,0.301479501608136,0.331,0.470808518041741,15.1510726148065,1.63648745090386,12,32
20,2,0.7554,0.167388347440492,1,0,0.409,0.491895274383645,0,0,15.1220210795677,1.66946534932016,12,32
21,1,0.7543,0.172369432386433,1.715,0.451640320364534,0.122,0.327449573557858,0.349,0.476892468410255,15.8826080066712,1.70833408451584,12,32
21,2,0.7586,0.169099481473583,1,0,0.465,0.499023069631078,0,0,15.8555025751352,1.74149718726348,12,32
22,1,0.7484,0.169014810019732,1.729,0.444698500960771,0.136,0.342960087505269,0.37,0.483045891539648,16.6118249652748,1.77490680298705,12,32
22,2,0.756,0.173995040947362,1,0,0.504,0.500234179394246,0,0,16.5893098833927,1.81057836373671,12,32
23,1,0.7489,0.173403745227313,1.74,0.438853725736256,0.154,0.36112935966827,0.386,0.487074164005074,17.3333358145227,1.83946483402517,12,32
23,2,0.7536,0.171745557545273,1,0,0.603,0.489520817361867,0,0,17.3185038104158,1.87334863990562,12,32
24,1,0.7472,0.172980004862071,1.756,0.429707631592282,0.149,0.356266650033266,0.401,0.490346244443087,18.0535772696519,1.90230824758313,12,32
24,2,0.7496,0.171257610543792,1,0,0.581,0.493642261848277,0,0,18.0402917044637,1.93259155983981,12,32
25,1,0.7462,0.170395406612369,1.771,0.42039949540376,0.139,0.346119630761965,0.427,0.494889801790172,18.771551974568,1.96435902270305,12,32
25,2,0.7487,0.171428403999156,1,0,0.52,0.499849827298009,0,0,18.759114371724,1.98347908655787,12,32
26,1,0.7441,0.174458091316011,1.788,0.408929362143663,0.132,0.338660140392534,0.462,0.49880337288836,19.4876593766177,2.02390754117628,12,32
26,2,0.7462,0.171332760775384,1,0,0.584,0.493140129362017,0,0,19.4800097881628,2.03089569397839,12,32
27,1,0.7426,0.17588682775062,1.798,0.401693113405442,0.144,0.351265408754388,0.495,0.50022517452166,20.2002042565613,2.07951476760307,12,32
27,2,0.7448,0.170886401337737,1,0,0.601,0.489937790988855,0,0,20.1951479165496,2.0781704976322,12,32
28,1,0.7497,0.176326404718638,1.808,0.394070160366516,0.123,0.328601550481703,0.519,0.499888876540466,20.9089379938654,2.13865341713405,12,32
28,2,0.7473,0.171762080251178,1,0,0.567,0.495738597202958,0,0,20.9079705982327,2.12089904625149,12,32
29,1,0.7504,0.172596725431364,1.819,0.385210834981815,0.093,0.290577761426155,0.551,0.497641082153239,21.624531424044,2.19927846497481,12,32
29,2,0.7448,0.178114246158708,1,0,0.491,0.50016914056064,0,0,21.6249102535099,2.1571880791907,12,32
30,1,0.746,0.175027525362826,1.825,0.380157229997694,0.091,0.287753022228789,0.577,0.494282626960846,22.3406515573134,2.2598481907414,12,32
30,2,0.7454,0.173807505732776,1,0,0.432,0.495602281695334,0,0,22.3430744500948,2.19898719934729,12,32
31,1,0.7481,0.174318033423902,1.836,0.370460849809047,0.056,0.230036772966665,0.6,0.490143081395872,23.0511168542322,2.31948310170162,12,32
31,2,0.7421,0.173919055419002,1,0,0.329,0.470085077384913,0,0,23.0647061956882,2.23599884053105,12,32
32,1,0.7481,0.172818564559067,1.84,0.366789496216201,0.045,0.207407854282373,0.624,0.484622387905118,23.7642027471642,2.38139708603186,12,32
32,2,0.7414,0.173482379901061,1,0,0.262,0.439942666207257,0,0,23.7881100517012,2.27178428137138,12,32
33,1,0.7489,0.175640654859972,1.845,0.362085771753194,0.051,0.220107808692576,0.641,0.479947236005532,24.4765694082861,2.43618131755927,12,32
33,2,0.7426,0.176114327231649,1,0,0.266,0.44208533049564,0,0,24.5140831004594,2.31265310243528,12,32
34,1,0.7468,0.172160969442552,1.847,0.360167628640777,0.039,0.193691808077979,0.666,0.47187568984497,25.1885159858958,2.48580987383559,12,32
34,2,0.7356,0.179066202016753,1,0,0.221,0.415128090270137,0,0,25.2409802571873,2.3522870787373,12,32
35,1,0.7549,0.174144527092632,1.853,0.354283102217022,0.019,0.136593036636783,0.689,0.463134422704136,25.8976507034367,2.53717210671849,12,32
35,2,0.7407,0.181897214372834,1,0,0.179,0.383544138406659,0,0,25.9630708475805,2.39991043327316,12,32
36,1,0.7564,0.174038298455625,1.858,0.349224795737585,0.011,0.104354635210372,0.717,0.450681832465115,26.6146367297563,2.58441875273127,12,32
36,2,0.7385,0.185045918603983,1,0,0.138,0.345072564941166,0,0,26.6922640717075,2.45078612877729,12,32
37,1,0.7558,0.170044921345141,1.858,0.349224795737585,0.019,0.136593036636783,0.726,0.446232140396815,27.3320492606198,2.62388188433023,12,32
37,2,0.7406,0.179063406936492,1,0,0.144,0.351265408754388,0,0,27.4212349155682,2.50161353702946,12,32
38,1,0.7545,0.166935968615567,1.858,0.349224795737585,0.012,0.108939744206914,0.743,0.437198058255228,28.0479454055844,2.66251027442024,12,32
38,2,0.7404,0.182211528287979,1,0,0.119,0.323950527000565,0,0,28.1519262143185,2.55529973874461,12,32
39,1,0.754,0.174167546731113,1.861,0.346119630761965,0.016,0.125537881771837,0.758,0.428508599236491,28.7619767882957,2.69669872265023,12,32
39,2,0.7378,0.175675900515757,1,0,0.124,0.32974646735444,0,0,28.8835904613116,2.60314287499345,12,32
40,1,0.7551,0.171649216291405,1.863,0.344019402576874,0.01,0.0995485304256668,0.769,0.421683313419937,29.4744924121374,2.73096349048033,12,32
40,2,0.7381,0.174036429171248,1,0,0.05,0.218054001448145,0,0,29.6123426357876,2.65592466695454,12,32
41,1,0.752,0.169955537964742,1.864,0.342960087505269,0.005,0.0705689732104696,0.78,0.414453582167861,30.1877833910384,2.7687409571456,12,32
41,2,0.7397,0.178901972923487,1,0,0.027,0.162164414398774,0,0,30.3450059662065,2.71036456132312,12,32
42,1,0.7411,0.168906244169123,1.865,0.341894562536306,0.008,0.0891288053546324,0.802,0.398691553653893,30.8976169529977,2.81052358020975,12,32
42,2,0.7373,0.17880346943133,1,0,0.038,0.191291904148065,0,0,31.0803347778132,2.76257951754787,12,32
43,1,0.7483,0.173398896124448,1.865,0.341894562536306,0.009,0.0944877131056093,0.816,0.387678080750375,31.5952804571287,2.8509544647347,12,32
43,2,0.737,0.177150733507887,1,0,0.058,0.233860408557521,0,0,31.812652421173,2.81274104572956,12,32
44,1,0.7483,0.176318456771259,1.866,0.340822769427396,0.005,0.0705689732104696,0.819,0.385210834981815,32.2992965180732,2.8915206149245,12,32
44,2,0.7425,0.176960631398809,1,0,0.03,0.170672578726429,0,0,32.5436024110456,2.85510973263242,12,32
45,1,0.744,0.17836988483434,1.866,0.340822769427396,0.005,0.0705689732104696,0.828,0.377569276502417,33.0032919578839,2.93657453436814,12,32
45,2,0.7468,0.175101171956159,1,0,0.035,0.18387171834953,0,0,33.2813490111018,2.89918393290481,12,32
46,1,0.7361,0.17837771331814,1.866,0.340822769427396,0.002,0.0446989708829856,0.837,0.369550493934953,33.702488326193,2.9840004675729,12,32
46,2,0.7465,0.176405410543069,1,0,0.003,0.054717401199198,0,0,34.0230536515356,2.93991799179483,12,32
47,1,0.7388,0.179741110675513,1.867,0.339744648856206,0,0,0.846,0.36112935966827,34.3934524101197,3.02990330231692,12,32
47,2,0.7489,0.174955421177509,1,0,0,0,0,0,34.7659781549407,2.97947578160598,12,32
48,1,0.7381,0.176094859094181,1.867,0.339744648856206,0,0,0.848,0.359200535947575,35.0866863780033,3.07084078978241,12,32
48,2,0.7557,0.175037562106389,1,0,0,0,0,0,35.5113664084197,3.02007346819453,12,32
49,1,0.7443,0.178604057651021,1.867,0.339744648856206,0,0,0.853,0.354283102217022,35.77905485348,3.11030888121158,12,32
49,2,0.7516,0.174665245392287,1,0,0,0,0,0,36.2634475596598,3.06081400221204,12,32
50,1,0.7473,0.174938027064767,1.867,0.339744648856206,0,0,0.856,0.351265408754388,36.4772750069717,3.15349352352359,12,32
50,2,0.749,0.171372017460169,1,0,0,0,0,0,37.0113735446442,3.10663675824196,12,32
51,1,0.7443,0.176461465052993,1.867,0.339744648856206,0,0,0.864,0.342960087505269,37.1782611233047,3.19393812886618,12,32
51,2,0.7443,0.173313437296557,1,0,0,0,0,0,37.756637705231,3.15130572158249,12,32
52,1,0.7491,0.17751253674234,1.867,0.339744648856206,0,0,0.865,0.341894562536306,37.8757944377468,3.23611848249915,12,32
52,2,0.7412,0.175480350334028,1,0,0,0,0,0,38.4971512495746,3.19608028375858,12,32
53,1,0.7425,0.179822373708296,1.867,0.339744648856206,0,0,0.865,0.341894562536306,38.5779833617376,3.2752390151487,12,32
53,2,0.7424,0.177746543802781,1,0,0,0,0,0,39.2345068215261,3.23423616840719,12,32
54,1,0.7419,0.179182857708254,1.867,0.339744648856206,0,0,0.866,0.340822769427396,39.2735369560424,3.31639807823436,12,32
54,2,0.7448,0.174824264687496,1,0,0,0,0,0,39.9729823144283,3.2687100216171,12,32
55,1,0.746,0.181430198470147,1.867,0.339744648856206,0,0,0.866,0.340822769427396,39.9683744957024,3.35299721154891,12,32
55,2,0.7478,0.17402713996801,1,0,0,0,0,0,40.7137710340659,3.3107211245379,12,32
56,1,0.7437,0.176157149560673,1.867,0.339744648856206,0,0,0.866,0.340822769427396,40.667220062386,3.38819570110704,12,32
56,2,0.7509,0.174956565466403,1,0,0,0,0,0,41.4574692193028,3.34225108316864,12,32
57,1,0.7419,0.179015184932554,1.867,0.339744648856206,0,0,0.866,0.340822769427396,41.3637085891566,3.42419771213592,12,32
57,2,0.7521,0.172294153340371,1,0,0,0,0,0,42.2041757223754,3.37010323965403,12,32
58,1,0.7399,0.174609502829824,1.867,0.339744648856206,0,0,0.867,0.339744648856206,42.0583376983992,3.46010392154767,12,32
58,2,0.7512,0.178129981446949,1,0,0,0,0,0,42.9520007339146,3.39389808610524,12,32
59,1,0.7443,0.179888492877865,1.867,0.339744648856206,0,0,0.867,0.339744648856206,42.7508592009074,3.50075900892117,12,32
59,2,0.7482,0.174376509791793,1,0,0,0,0,0,43.6988561681034,3.42355949769657,12,32
60,1,0.7455,0.179644153876551,1.867,0.339744648856206,0,0,0.867,0.339744648856206,43.4476855664066,3.54377197200564,12,32
60,2,0.7478,0.174716014393889,1,0,0,0,0,0,44.4426545655162,3.44821203987609,12,32
61,1,0.7524,0.179238294921499,1.867,0.339744648856206,0,0,0.867,0.339744648856206,44.1456350704683,3.58566523584756,12,32
61,2,0.745,0.173854034250647,1,0,0,0,0,0,45.1859809760229,3.47711075385871,12,32
62,1,0.7514,0.176774685091755,1.867,0.339744648856206,0,0,0.867,0.339744648856206,44.8503728156015,3.62858276777732,12,32
62,2,0.736,0.175997087972997,1,0,0,0,0,0,45.9264500827492,3.50644720569281,12,32
63,1,0.7476,0.172348321558244,1.867,0.339744648856206,0,0,0.867,0.339744648856206,45.554046268088,3.67003187678712,12,32
63,2,0.7447,0.175050142966387,1,0,0,0,0,0,46.6579007727147,3.54153968900877,12,32
64,1,0.7423,0.173351552519038,1.867,0.339744648856206,0,0,0.867,0.339744648856206,46.2538732191659,3.70667521622525,12,32
64,2,0.7416,0.176863565271994,1,0,0,0,0,0,47.3979236771772,3.57763865492386,12,32
65,1,0.7475,0.179850204603987,1.867,0.339744648856206,0,0,0.867,0.339744648856206,46.9483640009212,3.73981647321402,12,32
65,2,0.7491,0.175869611133135,1,0,0,0,0,0,48.1347923569823,3.61508620205088,12,32
66,1,0.7465,0.176064615265955,1.867,0.339744648856206,0,0,0.867,0.339744648856206,47.6479516415316,3.77031824802861,12,32
66,2,0.749,0.177906297388964,1,0,0,0,0,0,48.8790387555923,3.6451999941678,12,32
67,1,0.7444,0.174123401525926,1.867,0.339744648856206,0,0,0.867,0.339744648856206,48.3464759019736,3.80137168304782,12,32
67,2,0.7447,0.18112071862356,1,0,0,0,0,0,49.6231113874219,3.67103466266615,12,32
68,1,0.743,0.173496689020572,1.867,0.339744648856206,0,0,0.867,0.339744648856206,49.0428443336589,3.83475570284305,12,32
68,2,0.7494,0.179420823294934,1,0,0,0,0,0,50.3628383271211,3.70299162753014,12,32
69,1,0.7412,0.173875797029928,1.867,0.339744648856206,0,0,0.866,0.340822769427396,49.7377526166792,3.87240008957185,12,32
69,2,0.7397,0.172637521164183,1,0,0,0,0,0,51.1071594409571,3.73234087731663,12,32
70,1,0.7412,0.174105924289993,1.867,0.339744648856206,0,0,0.866,0.340822769427396,50.4308534429077,3.9092958339192,12,32
70,2,0.7469,0.171755319829954,1,0,0,0,0,0,51.8417728256271,3.76830691780983,12,32
71,1,0.7475,0.180239385918384,1.867,0.339744648856206,0,0,0.867,0.339744648856206,51.1238849590535,3.9405217970326,12,32
71,2,0.7498,0.176893332975698,1,0,0,0,0,0,52.5834625224452,3.80338100051642,12,32
72,1,0.7476,0.179851568207193,1.867,0.339744648856206,0,0,0.867,0.339744648856206,51.8230529520036,3.96582969620204,12,32
72,2,0.7526,0.176250685968323,1,0,0,0,0,0,53.3279575321932,3.83806033825219,12,32
73,1,0.7465,0.175893970017988,1.867,0.339744648856206,0,0,0.867,0.339744648856206,52.5222503107045,3.98830615715734,12,32
73,2,0.7428,0.179444588551342,1,0,0,0,0,0,54.0751580038414,3.87021309759771,12,32
74,1,0.751,0.178580208564362,1.867,0.339744648856206,0,0,0.867,0.339744648856206,53.2202857508298,4.01093082427472,12,32
74,2,0.7448,0.178675361717515,1,0,0,0,0,0,54.812555038507,3.89586414603433,12,32
75,1,0.7598,0.17497021053475,1.867,0.339744648856206,0,0,0.867,0.339744648856206,53.922718208665,4.03852617685806,12,32
75,2,0.7413,0.173823256569783,1,0,0,0,0,0,55.5518635873596,3.92177575699277,12,32
76,1,0.7568,0.171473505717831,1.867,0.339744648856206,0,0,0.867,0.339744648856206,54.6338146668611,4.07164698019841,12,32
76,2,0.743,0.175390312622339,1,0,0,0,0,0,56.2876243584683,3.94217218805138,12,32
77,1,0.7533,0.173664242920842,1.867,0.339744648856206,0,0,0.867,0.339744648856206,55.341862730122,4.09921317397444,12,32
77,2,0.7456,0.171259948528458,1,0,0,0,0,0,57.0249986818306,3.96770301446812,12,32
78,1,0.7472,0.172632447593035,1.867,0.339744648856206,0,0,0.867,0.339744648856206,56.0463668364221,4.12994461619329,12,32
78,2,0.7455,0.174212801194689,1,0,0,0,0,0,57.7648793236467,3.98848243281695,12,32
79,1,0.7464,0.171337084124822,1.867,0.339744648856206,0,0,0.867,0.339744648856206,56.7447478895917,4.15836330453053,12,32
79,2,0.7448,0.175395905664082,1,0,0,0,0,0,58.5045867544032,4.00674801180159,12,32
80,1,0.7493,0.174499168937734,1.867,0.339744648856206,0,0,0.867,0.339744648856206,57.4422654000712,4.17879495274923,12,32
80,2,0.7487,0.177058351002317,1,0,0,0,0,0,59.2435257229049,4.02851010113302,12,32
81,1,0.7555,0.174929558252316,1.867,0.339744648856206,0,0,0.852,0.355277669185979,58.1425900502019,4.20728343789374,12,32
81,2,0.7427,0.175891010707334,1,0,0,0,0,0,59.98625972043,4.04846021804102,12,32
82,1,0.7575,0.17690405604464,1.867,0.339744648856206,0,0,0.392,0.488440963243844,58.8497385974557,4.23181155870549,12,32
82,2,0.7429,0.179169449660626,1,0,0,0,0,0,60.7229678506662,4.06807691229367,12,32
83,1,0.7525,0.176252134213503,1.867,0.339744648856206,0,0,0,0,59.5816122578951,4.26297931975648,12,32
83,2,0.7376,0.178824545905248,1,0,0,0,0,0,61.4598006767137,4.09237699071181,12,32
84,1,0.7421,0.175352041158175,1.867,0.339744648856206,0,0,0,0,60.3278920464677,4.27816277542988,12,32
84,2,0.7459,0.172896162719371,1,0,0,0,0,0,62.1913036296056,4.11334535802608,12,32
0,1,1,0,1,0,0,0,0,0,0,0,13,32
0,2,1,0,1,0,0,0,0,0,0,0,13,32
1,1,0.8734,0.111646338519921,1,0,0.146,0.353282901948012,0,0,1,0,13,32
1,2,0.8724,0.111403099825142,1,0,0.148,0.355277669185979,0,0,1,0,13,32
2,1,0.81,0.138993954254562,1.016,0.125537881771837,0.276,0.447240454368815,0.016,0.125537881771837,1.86601339,0.125253117095344,13,32
2,2,0.8109,0.13780486268699,1,0,0.268,0.443139224592421,0,0,1.8649135,0.124929934941929,13,32
3,1,0.7792,0.14936421817045,1.046,0.209589904165081,0.618,0.486119648144685,0.046,0.209589904165081,2.661254317954,0.231624209815389,13,32
3,2,0.7805,0.150307492635405,1,0,0.655,0.475606140836303,0,0,2.662254007975,0.224139292040161,13,32
4,1,0.7527,0.153023286221824,1.107,0.309267920493941,0.43,0.495323475463606,0.107,0.309267920493941,3.40703054033325,0.343862427543621,13,32
4,2,0.7605,0.166124493520213,1,0,0.474,0.499573391578829,0,0,3.40977970540675,0.333377364504224,13,32
5,1,0.7364,0.158556551993855,1.151,0.358228038164697,0.442,0.496873105413125,0.151,0.358228038164697,4.13259024388135,0.45159009400336,13,32
5,2,0.7334,0.164777400123899,1,0,0.547,0.498035178515573,0,0,4.14628502961181,0.452779282894839,13,32
6,1,0.7273,0.163803362424407,1.203,0.402433787041984,0.562,0.496389365722517,0.203,0.402433787041984,4.83898693954928,0.55904747628385,13,32
6,2,0.7196,0.167343490592983,1,0,0.723,0.447740406342192,0,0,4.85198207520975,0.5688802989228,13,32
7,1,0.7146,0.169751747135797,1.259,0.438304815295373,0.431,0.495463908357092,0.259,0.438304815295373,5.527623612893,0.656858158660068,13,32
7,2,0.7092,0.175002817080143,1,0,0.58,0.49380547166252,0,0,5.53502210771358,0.678958169580099,13,32
8,1,0.7109,0.175219553394853,1.305,0.460637804774193,0.459,0.498565509805449,0.305,0.460637804774193,6.2072476856902,0.750152937210379,13,32
8,2,0.6928,0.172678828980214,1,0,0.692,0.461897552872224,0,0,6.21474611053177,0.788658743944495,13,32
9,1,0.6971,0.171496358564842,1.353,0.47814184048211,0.396,0.489309128694145,0.353,0.47814184048211,6.87940971400854,0.84183823806616,13,32
9,2,0.6808,0.178390535576255,1,0,0.641,0.479947236005532,0,0,6.87241973479092,0.895839391748735,13,32
10,1,0.6906,0.175449201828969,1.395,0.489095301770743,0.554,0.49732417127195,0.395,0.489095301770743,7.53846626642713,0.9259729334113,13,32
10,2,0.6627,0.178971340556919,1,0,0.927,0.260266668512775,0,0,7.52058609328643,1.00556756663685,13,32
11,1,0.6891,0.181780731196225,1.452,0.497939699104163,0.548,0.497939699104163,0.273,0.445723759373078,8.18097340576747,1.00460193215569,13,32
11,2,0.6499,0.179142630554768,1,0,0.999,0.0316227766016838,0,0,8.13632002056998,1.10738659802668,13,32
12,1,0.6748,0.173074882391741,1.509,0.50016914056064,0.491,0.50016914056064,0.256,0.436640189005381,8.82831090708806,1.07659160118527,13,32
12,2,0.6268,0.178643985831244,1,0,0.997,0.054717401199198,0,0,8.73561040544351,1.20262207354532,13,32
13,1,0.6546,0.173634642249146,1.562,0.496389365722517,0.434,0.495872856577056,0.267,0.44261372200476,9.46499638766486,1.14109012540082,13,32
13,2,0.6093,0.176166241217052,1,0,0.993,0.0834143750078963,0,0,9.31186844610361,1.28820378507301,13,32
14,1,0.6341,0.181604433233801,1.608,0.488440963243844,0.376,0.484622387905118,0.383,0.486361539955153,10.0837414557367,1.20117559894825,13,32
14,2,0.5833,0.172106742258201,1,0,0.977,0.149978310076802,0,0,9.87079133747059,1.3647462049677,13,32
15,1,0.6187,0.181254415568734,1.649,0.477521755553637,0.331,0.470808518041741,0.508,0.500186151533793,10.6790573880163,1.25981710524823,13,32
15,2,0.5585,0.173025107102084,1,0,0.956,0.205197724417465,0,0,10.4044935936256,1.43683362260539,13,32
16,1,0.614,0.184710904166804,1.681,0.466322266738847,0.301,0.458922226101122,0.591,0.491895274383645,11.2549428683414,1.32001447980714,13,32
16,2,0.5321,0.173463770510385,1,0,0.943,0.231958627355839,0,0,10.9144280796283,1.5074947165505,13,32
17,1,0.607,0.192894292834724,1.707,0.45536618051669,0.269,0.443661848524116,0.641,0.479947236005532,11.8234325113027,1.37563069836161,13,32
17,2,0.5025,0.164410403505316,1,0,0.948,0.222138122224316,0,0,11.3986027412968,1.57680127982517,13,32
18,1,0.6038,0.200163996826666,1.735,0.441554039693863,0.245,0.430302405478008,0.688,0.463541660340115,12.383978724561,1.43346805139603,13,32
18,2,0.4781,0.168756833547175,1,0,0.931,0.253580960056751,0,0,11.8529296899235,1.63983005770104,13,32
19,1,0.6042,0.209347047235413,1.757,0.429109700583819,0.225,0.417791275099839,0.721,0.448731947113597,12.940126706546,1.49515327594536,13,32
19,2,0.4441,0.169451774566996,1,0,0.935,0.246649216167082,0,0,12.2837035598429,1.70391087956834,13,32
20,1,0.6126,0.222555096034152,1.77,0.421043082447957,0.219,0.413775555356053,0.746,0.43551541152257,13.4959695483056,1.55348130704003,13,32
20,2,0.41,0.162006932710444,1,0,0.966,0.181319819316248,0,0,12.6802992739266,1.75810258633847,13,32
21,1,0.6172,0.23302029623717,1.788,0.408929362143663,0.209,0.406797842281009,0.771,0.42039949540376,14.0591919199275,1.62445633578873,13,32
21,2,0.3878,0.157848269157682,1,0,0.977,0.149978310076802,0,0,13.0412765607444,1.80848110525376,13,32
22,1,0.6179,0.237667995481251,1.808,0.394070160366516,0.185,0.388491860823269,0.797,0.402433787041984,14.6261998923921,1.71215227772726,13,32
22,2,0.3518,0.154404017436725,1,0,0.959,0.198389410902796,0,0,13.3795154770888,1.85476088099755,13,32
23,1,0.6192,0.240102080392922,1.823,0.381859682104326,0.169,0.374939434548541,0.813,0.390106630529633,15.1937498454446,1.80574081462092,13,32
23,2,0.3294,0.152311650371332,1,0,0.939,0.239450070654273,0,0,13.6826977085146,1.89240722193506,13,32
24,1,0.6212,0.248217993248218,1.843,0.363982806576744,0.15,0.357250091151322,0.837,0.369550493934953,15.7625400567885,1.91299422164821,13,32
24,2,0.2956,0.149743323934869,1,0,0.944,0.230036772966665,0,0,13.9644987876131,1.92776828457449,13,32
25,1,0.6234,0.253489046502402,1.856,0.351265408754388,0.134,0.340822769427396,0.851,0.356266650033266,16.3330191939377,2.03298347200352,13,32
25,2,0.2619,0.139778138233158,1,0,0.916,0.277526613176144,0,0,14.2123033126946,1.96449521319261,13,32
26,1,0.6266,0.257290961051178,1.872,0.334256978577453,0.116,0.320385153598987,0.867,0.339744648856206,16.9057355400678,2.16632107820215,13,32
26,2,0.234,0.135286001871229,1,0,0.891,0.311795151046671,0,0,14.4278637104979,1.99834027167329,13,32
27,1,0.6336,0.262029959546041,1.882,0.322769546550136,0.101,0.301479501608136,0.877,0.328601550481703,17.4816860452798,2.3097057412317,13,32
27,2,0.205,0.12518254938557,1,0,0.861,0.346119630761965,0,0,14.6168217557181,2.0220543312714,13,32
28,1,0.6325,0.261729349237437,1.893,0.309267920493941,0.063,0.243084532807191,0.887,0.316751213622507,18.0648094058676,2.45801795533012,13,32
28,2,0.1774,0.115423405609792,1,0,0.557,0.496988931464271,0,0,14.7783350586892,2.03986993175693,13,32
29,1,0.6366,0.259861439940534,1.898,0.302799748493435,0.054,0.226130792098589,0.892,0.310535718448671,18.6481736152523,2.60936036937622,13,32
29,2,0.1611,0.112113154265498,1,0,0.473,0.499520290399219,0,0,14.9274668834986,2.05407251350968,13,32
30,1,0.6416,0.262599311496429,1.905,0.293361655744341,0.045,0.207407854282373,0.899,0.301479501608136,19.2357670356584,2.76137444344204,13,32
30,2,0.1386,0.0988929715390321,1,0,0.388,0.487538402275855,0,0,15.0645188360436,2.06283881160611,13,32
31,1,0.6426,0.261560038334707,1.908,0.289170571842329,0.034,0.181319819316248,0.902,0.297463417052391,19.8283864188868,2.91260258077343,13,32
31,2,0.1214,0.09192654943209,1,0,0.308,0.461897552872224,0,0,15.18336175408,2.066653251837,13,32
32,1,0.6423,0.263989394484703,1.911,0.284886223184204,0.018,0.133017644294634,0.905,0.293361655744341,20.4223422066806,3.0685150380343,13,32
32,2,0.1085,0.0910276663220366,1,0,0.233,0.422953768028954,0,0,15.2890336465039,2.07218879492652,13,32
33,1,0.6461,0.265434069488537,1.913,0.281976081451088,0.011,0.104354635210372,0.907,0.290577761426155,21.0165874806298,3.22695331162,13,32
33,2,0.0917,0.0797964753449517,1,0,0.16,0.366789496216201,0,0,15.3855742063998,2.07696468556476,13,32
34,1,0.6491,0.268050444955872,1.916,0.277526613176144,0.004,0.0631505185092568,0.909,0.287753022228789,21.6148099864136,3.38532398619192,13,32
34,2,0.0782,0.0721801217093042,1,0,0.114,0.317970289657863,0,0,15.4689984378795,2.08169633021753,13,32
35,1,0.6506,0.265914178543286,1.916,0.277526613176144,0.003,0.054717401199198,0.909,0.287753022228789,22.2162116381598,3.54891881173724,13,32
35,2,0.0677,0.0684938055695652,1,0,0.083,0.276020265899421,0,0,15.541252344171,2.0857926598589,13,32
36,1,0.6532,0.267022585301433,1.916,0.277526613176144,0.002,0.0446989708829856,0.909,0.287753022228789,22.8190977339532,3.70788094204829,13,32
36,2,0.0567,0.062921133723647,1,0,0.061,0.239450070654273,0,0,15.6045802968779,2.0885729254712,13,32
37,1,0.6544,0.265727776589598,1.916,0.277526613176144,0,0,0.909,0.287753022228789,23.4245640178132,3.86952990180251,13,32
37,2,0.0446,0.0573945479478159,1,0,0.029,0.167890402308134,0,0,15.6580374944902,2.09160302381232,13,32
38,1,0.6539,0.265622561815342,1.916,0.277526613176144,0.002,0.0446989708829856,0.909,0.287753022228789,24.0312649536927,4.02778010570043,13,32
38,2,0.0365,0.053297191207329,1,0,0.018,0.133017644294634,0,0,15.7010281265342,2.09627581681758,13,32
39,1,0.6438,0.265163858532553,1.916,0.277526613176144,0,0,0.909,0.287753022228789,24.6373074952656,4.18498456494805,13,32
39,2,0.0285,0.0483744776725299,1,0,0.011,0.104354635210372,0,0,15.7364930965021,2.10169920976108,13,32
40,1,0.6445,0.267022566557681,1.916,0.277526613176144,0,0,0.909,0.287753022228789,25.2333283585757,4.34387271295354,13,32
40,2,0.0212,0.0444132022323603,1,0,0.011,0.104354635210372,0,0,15.7643342983564,2.10699383493059,13,32
41,1,0.6422,0.270355788272144,1.916,0.277526613176144,0,0,0.909,0.287753022228789,25.8299868252526,4.50557578873503,13,32
41,2,0.0158,0.0391393905406292,1,0,0.008,0.0891288053546324,0,0,15.7849018592226,2.1115613111206,13,32
42,1,0.6348,0.271334816384817,1.916,0.277526613176144,0,0,0.909,0.287753022228789,26.4242950372473,4.668502041262,13,32
42,2,0.0111,0.0332851002386638,1,0,0.004,0.0631505185092568,0,0,15.8002388453386,2.11617281749759,13,32
43,1,0.6187,0.26827650341072,1.916,0.277526613176144,0,0,0.908,0.289170571842329,27.0111748347916,4.83407958958219,13,32
43,2,0.0068,0.0259698755182699,1,0,0,0,0,0,15.8110931590626,2.1204354059343,13,32
44,1,0.6074,0.268695808373405,1.916,0.277526613176144,0,0,0.907,0.290577761426155,27.5820148146226,4.99385972304488,13,32
44,2,0.005,0.0231416407269566,1,0,0.001,0.0316227766016838,0,0,15.8178639803827,2.12332792361119,13,32
45,1,0.5947,0.267120316081093,1.916,0.277526613176144,0,0,0.907,0.290577761426155,28.1415971041794,5.15073709716098,13,32
45,2,0.0031,0.0173404351355637,1,0,0,0,0,0,15.8227922471442,2.12576238597909,13,32
46,1,0.589,0.268199423807977,1.916,0.277526613176144,0,0,0.907,0.290577761426155,28.6884804599573,5.30851505044234,13,32
46,2,0.0021,0.0143455845400526,1,0,0,0,0,0,15.8258783277903,2.12728506922085,13,32
47,1,0.5809,0.270847832829706,1.916,0.277526613176144,0,0,0.902,0.297463417052391,29.2296352884911,5.46984986517519,13,32
47,2,0.001,0.00995485304256668,1,0,0,0,0,0,15.8279686894935,2.12852329590054,13,32
48,1,0.5714,0.272353109430049,1.916,0.277526613176144,0,0,0.899,0.301479501608136,29.7629228118106,5.62564765774166,13,32
48,2,6e-04,0.00772655807586403,1,0,0,0,0,0,15.8289640002873,2.12926620504277,13,32
49,1,0.5589,0.273011584599125,1.916,0.277526613176144,0,0,0.892,0.310535718448671,30.2868517810714,5.78063609572211,13,32
49,2,3e-04,0.0054717401199198,1,0,0,0,0,0,15.8295611270449,2.12951098978177,13,32
50,1,0.5432,0.271601781156765,1.916,0.277526613176144,0,0,0.888,0.315524255098646,30.7986377497748,5.93491817537311,13,32
50,2,2e-04,0.00446989708829856,1,0,0,0,0,0,15.8298596605674,2.1297698310399,13,32
51,1,0.5279,0.274129051245461,1.916,0.277526613176144,0,0,0.879,0.326290461805836,31.2949498503098,6.08466555873989,13,32
51,2,1e-04,0.00316227766016838,1,0,0,0,0,0,15.8300586630135,2.12987930201249,13,32
52,1,0.5043,0.275113062571004,1.916,0.277526613176144,0,0,0.868,0.338660140392534,31.7764378656061,6.23039498690451,13,32
52,2,2e-04,0.00632455532033676,1,0,0,0,0,0,15.8301581542864,2.13004959858347,13,32
53,1,0.4823,0.280062752155914,1.916,0.277526613176144,0,0,0.847,0.360167628640777,32.2349472869667,6.37502914301148,13,32
53,2,2e-04,0.00632455532033676,1,0,0,0,0,0,15.830357116934,2.13040405348055,13,32
54,1,0.4554,0.280373767406028,1.916,0.277526613176144,0,0,0.827,0.37843653921657,32.6725716041843,6.51722033383546,13,32
54,2,0,0,1,0,0,0,0,0,15.8305560596853,2.13077698953411,13,32
55,1,0.4378,0.283286800630406,1.916,0.277526613176144,0,0,0.816,0.387678080750375,33.0843916489828,6.65514938811932,13,32
55,2,0,0,1,0,0,0,0,0,15.8305560596853,2.13077698953411,13,32
56,1,0.4143,0.283029354688901,1.916,0.277526613176144,0,0,0.804,0.397167145848875,33.479214034031,6.78946482069181,13,32
56,2,0,0,1,0,0,0,0,0,15.8305560596853,2.13077698953411,13,32
57,1,0.3881,0.283211226116831,1.916,0.277526613176144,0,0,0.784,0.411720188372532,33.8512248248147,6.92090496408828,13,32
57,2,0,0,1,0,0,0,0,0,15.8305560596853,2.13077698953411,13,32
58,1,0.3572,0.272180532445365,1.916,0.277526613176144,0,0,0.762,0.426072221034812,34.1981416530637,7.04695106205287,13,32
58,2,0,0,1,0,0,0,0,0,15.8305560596853,2.13077698953411,13,32
59,1,0.3326,0.266999117093163,1.916,0.277526613176144,0,0,0.737,0.440482718191106,34.515396137954,7.16215152280124,13,32
59,2,0,0,1,0,0,0,0,0,15.8305560596853,2.13077698953411,13,32
60,1,0.3104,0.265069994722341,1.916,0.277526613176144,0,0,0.716,0.451162440311189,34.8094062636355,7.26801809523807,13,32
60,2,0,0,1,0,0,0,0,0,15.8305560596853,2.13077698953411,13,32
61,1,0.2886,0.254744842803412,1.916,0.277526613176144,0,0,0.694,0.461060274342278,35.082363514672,7.36970866307307,13,32
61,2,0,0,1,0,0,0,0,0,15.8305560596853,2.13077698953411,13,32
62,1,0.2677,0.252409232042769,1.916,0.277526613176144,0,0,0.674,0.468981816218864,35.3347193619174,7.4628762634667,13,32
62,2,0,0,1,0,0,0,0,0,15.8305560596853,2.13077698953411,13,32
63,1,0.2464,0.24590141827063,1.916,0.277526613176144,0,0,0.644,0.479054791744633,35.5672729780205,7.54873220815432,13,32
63,2,0,0,1,0,0,0,0,0,15.8305560596853,2.13077698953411,13,32
64,1,0.219,0.233095116493961,1.916,0.277526613176144,0,0,0.613,0.487307365497864,35.7801276928532,7.63155185518531,13,32
64,2,0,0,1,0,0,0,0,0,15.8305560596853,2.13077698953411,13,32
65,1,0.2038,0.228949728058318,1.916,0.277526613176144,0,0,0.595,0.491137675419242,35.9672760421537,7.70857066855016,13,32
65,2,0,0,1,0,0,0,0,0,15.8305560596853,2.13077698953411,13,32
66,1,0.1835,0.216805799633577,1.916,0.277526613176144,0,0,0.559,0.496755237280661,36.140198329803,7.78303933722653,13,32
66,2,0,0,1,0,0,0,0,0,15.8305560596853,2.13077698953411,13,32
67,1,0.1594,0.201624136184863,1.916,0.277526613176144,0,0,0.524,0.499673567115245,36.2947250292437,7.85187347060852,13,32
67,2,0,0,1,0,0,0,0,0,15.8305560596853,2.13077698953411,13,32
68,1,0.1433,0.190292725350501,1.916,0.277526613176144,0,0,0.497,0.500241183071967,36.427035527925,7.91059273723208,13,32
68,2,0,0,1,0,0,0,0,0,15.8305560596853,2.13077698953411,13,32
69,1,0.1326,0.183659932949381,1.916,0.277526613176144,0,0,0.469,0.49928778103243,36.5446827602894,7.96242752104852,13,32
69,2,0,0,1,0,0,0,0,0,15.8305560596853,2.13077698953411,13,32
70,1,0.1166,0.173593129399105,1.916,0.277526613176144,0,0,0.436,0.496135213576047,36.653082180239,8.0114071618706,13,32
70,2,0,0,1,0,0,0,0,0,15.8305560596853,2.13077698953411,13,32
71,1,0.1008,0.162066732013778,1.916,0.277526613176144,0,0,0.397,0.489520817361867,36.7472208644783,8.05517721088302,13,32
71,2,0,0,1,0,0,0,0,0,15.8305560596853,2.13077698953411,13,32
72,1,0.0906,0.155550107154691,1.916,0.277526613176144,0,0,0.372,0.483580241376599,36.827598126467,8.09508877958147,13,32
72,2,0,0,1,0,0,0,0,0,15.8305560596853,2.13077698953411,13,32
73,1,0.0795,0.142934181286983,1.916,0.277526613176144,0,0,0.35,0.477208264521611,36.8990815625003,8.1318200259075,13,32
73,2,0,0,1,0,0,0,0,0,15.8305560596853,2.13077698953411,13,32
74,1,0.0671,0.127136752175576,1.916,0.277526613176144,0,0,0.32,0.466709564737876,36.9606305880109,8.16222401403799,13,32
74,2,0,0,1,0,0,0,0,0,15.8305560596853,2.13077698953411,13,32
75,1,0.0574,0.118656307541232,1.916,0.277526613176144,0,0,0.289,0.453524734369234,37.0113538249152,8.18773406771343,13,32
75,2,0,0,1,0,0,0,0,0,15.8305560596853,2.13077698953411,13,32
76,1,0.0504,0.110236073914087,1.916,0.277526613176144,0,0,0.266,0.44208533049564,37.0539828888828,8.20864950514946,13,32
76,2,0,0,1,0,0,0,0,0,15.8305560596853,2.13077698953411,13,32
77,1,0.0425,0.0937685583900198,1.916,0.277526613176144,0,0,0.242,0.428508599236491,37.0908019836294,8.22680898590897,13,32
77,2,0,0,1,0,0,0,0,0,15.8305560596853,2.13077698953411,13,32
78,1,0.0368,0.082901342767368,1.916,0.277526613176144,0,0,0.224,0.417130672569158,37.1209687909137,8.24088370186591,13,32
78,2,0,0,1,0,0,0,0,0,15.8305560596853,2.13077698953411,13,32
79,1,0.0342,0.0832904394111191,1.916,0.277526613176144,0,0,0.204,0.403170617166661,37.1463698777378,8.25308568117672,13,32
79,2,0,0,1,0,0,0,0,0,15.8305560596853,2.13077698953411,13,32
80,1,0.0265,0.0717837231056101,1.916,0.277526613176144,0,0,0.171,0.376697359827357,37.1701810152835,8.26619217315315,13,32
80,2,0,0,1,0,0,0,0,0,15.8305560596853,2.13077698953411,13,32
81,1,0.0235,0.0672478421384082,1.916,0.277526613176144,0,0,0.151,0.358228038164697,37.1879879810316,8.27467680819726,13,32
81,2,0,0,1,0,0,0,0,0,15.8305560596853,2.13077698953411,13,32
82,1,0.0206,0.0630842263931295,1.916,0.277526613176144,0,0,0.039,0.193691808077979,37.2038093014534,8.28258000968515,13,32
82,2,0,0,1,0,0,0,0,0,15.8305560596853,2.13077698953411,13,32
83,1,0.0082,0.0472757336801344,1.916,0.277526613176144,0,0,0,0,37.2223069891715,8.29298735544491,13,32
83,2,0,0,1,0,0,0,0,0,15.8305560596853,2.13077698953411,13,32
84,1,1e-04,0.00316227766016838,1.916,0.277526613176144,0,0,0,0,37.2304392074656,8.29896914131991,13,32
84,2,0,0,1,0,0,0,0,0,15.8305560596853,2.13077698953411,13,32
0,1,1,0,1,0,0,0,0,0,0,0,14,32
0,2,1,0,1,0,0,0,0,0,0,0,14,32
1,1,0.8821,0.106493807007407,1,0,0.118,0.322769546550136,0,0,1,0,14,32
1,2,0.882,0.110490760736852,1,0,0.133,0.339744648856206,0,0,1,0,14,32
2,1,0.832,0.130049655566299,1.013,0.113330683593826,0.245,0.430302405478008,0.013,0.113330683593826,1.87611238,0.118320590727378,14,32
2,2,0.8259,0.132501874502766,1,0,0.299,0.458048915301421,0,0,1.875262465,0.123560081623555,14,32
3,1,0.8089,0.14701157234178,1.036,0.186383311320351,0.535,0.499023069631078,0.036,0.186383311320351,2.695048568191,0.212565455034934,14,32
3,2,0.7996,0.145605772691336,1,0,0.593,0.491520693961701,0,0,2.6860502831095,0.222027922101928,14,32
4,1,0.7907,0.151414782753985,1.089,0.284886223184204,0.351,0.477521755553637,0.089,0.284886223184204,3.47516448660072,0.318043476525532,14,32
4,2,0.7842,0.154771813694595,1,0,0.396,0.489309128694145,0,0,3.45576932120723,0.329644284720645,14,32
5,1,0.776,0.157952362910306,1.121,0.326290461805836,0.363,0.481105458774334,0.121,0.326290461805836,4.24355705271964,0.424848021525386,14,32
5,2,0.777,0.160364324950148,1,0,0.442,0.496873105413125,0,0,4.21986360706817,0.440656727846004,14,32
6,1,0.7628,0.158875427305173,1.158,0.364923511395428,0.52,0.499849827298009,0.158,0.364923511395428,4.99498122789213,0.534262035732546,14,32
6,2,0.7701,0.16383782479279,1,0,0.594,0.491330240678716,0,0,4.97438623255062,0.551112980719931,14,32
7,1,0.7588,0.165014513876173,1.211,0.408222544264333,0.362,0.480819287453392,0.211,0.408222544264333,5.72344399721255,0.627622999652519,14,32
7,2,0.7615,0.165030254756469,1,0,0.457,0.498396829242923,0,0,5.71434210359582,0.650611840077906,14,32
8,1,0.7492,0.163236043832255,1.24,0.427296831936047,0.396,0.489309128694145,0.24,0.427296831936047,6.4530830455185,0.722762558030218,14,32
8,2,0.7556,0.165154218583468,1,0,0.546,0.498128630106855,0,0,6.45247520368647,0.754651054826075,14,32
9,1,0.7539,0.168858826548402,1.278,0.448237567498438,0.326,0.468981816218864,0.278,0.448237567498438,7.16990932635033,0.818000792793773,14,32
9,2,0.7561,0.164285665168267,1,0,0.468,0.499224624017311,0,0,7.18019276756969,0.853809391565801,14,32
10,1,0.7552,0.172112122125615,1.317,0.465540253606203,0.532,0.499224624017311,0.317,0.465540253606203,7.89295825682155,0.910546916298184,14,32
10,2,0.7472,0.172342281120629,1,0,0.838,0.368635174517967,0,0,7.91223360128015,0.94284547435382,14,32
11,1,0.7503,0.165491079207604,1.366,0.481950491519903,0.634,0.481950491519903,0.192,0.394070160366516,8.60499582747353,1.00196605173029,14,32
11,2,0.7438,0.172949332093164,1,0,1,0,0,0,8.61682861858053,1.03145991832447,14,32
12,1,0.7475,0.167934367989259,1.437,0.496263314458441,0.563,0.496263314458441,0.132,0.338660140392534,9.31321631730657,1.07474548112827,14,32
12,2,0.7431,0.170415467113262,1,0,0.997,0.054717401199198,0,0,9.30986582005607,1.11229240652569,14,32
13,1,0.7431,0.169827062717434,1.495,0.50022517452166,0.491,0.50016914056064,0.134,0.340822769427396,10.0251114875648,1.1443937434177,14,32
13,2,0.7349,0.171000676113375,1,0,0.965,0.18387171834953,0,0,10.0022843774486,1.18446768900683,14,32
14,1,0.7422,0.171955601039131,1.545,0.498220055019088,0.411,0.49226143594773,0.176,0.381010720543621,10.7360366376043,1.21331976680912,14,32
14,2,0.7299,0.175118978573588,1,0,0.894,0.307991653878573,0,0,10.6880422678393,1.25671436488782,14,32
15,1,0.7403,0.172730268759548,1.594,0.491330240678716,0.326,0.468981816218864,0.241,0.427904314189635,11.4478892960384,1.28347608272313,14,32
15,2,0.7323,0.174290238071692,1,0,0.786,0.410332026988355,0,0,11.3722836111219,1.32953954807424,14,32
16,1,0.7407,0.177721960081176,1.623,0.484877413483146,0.262,0.439942666207257,0.272,0.4452125494797,12.158772118262,1.35873876294038,14,32
16,2,0.731,0.17472701430955,1,0,0.711,0.453524734369234,0,0,12.0642448384567,1.39577585309497,14,32
17,1,0.7352,0.172889707185971,1.643,0.479354546010342,0.188,0.390907672998125,0.306,0.461060274342278,12.8716305746623,1.43167312860828,14,32
17,2,0.7276,0.172069311173863,1,0,0.592,0.491709037722287,0,0,12.7585829526074,1.46177917465032,14,32
18,1,0.7359,0.173063979906684,1.66,0.47394580346768,0.148,0.355277669185979,0.331,0.470808518041741,13.5809236904593,1.50549942042678,14,32
18,2,0.7278,0.176460472339553,1,0,0.482,0.499925920438144,0,0,13.4553973014129,1.52277198009376,14,32
19,1,0.7321,0.175528916137485,1.676,0.468234175646378,0.127,0.333139583331045,0.354,0.478448443317473,14.2915932691621,1.57621248705057,14,32
19,2,0.7249,0.178218269971829,1,0,0.413,0.492619197427053,0,0,14.1578317174999,1.58363978212485,14,32
20,1,0.7289,0.176141465350484,1.683,0.465540253606203,0.127,0.333139583331045,0.373,0.483844091733179,14.9982991842418,1.6489073692344,14,32
20,2,0.7171,0.179470888446566,1,0,0.485,0.500025024398804,0,0,14.8607448460852,1.64915454441132,14,32
21,1,0.7304,0.176598491010051,1.695,0.460637804774193,0.147,0.354283102217022,0.389,0.487767277415077,15.7007927208497,1.72119425514432,14,32
21,2,0.7158,0.181668278362964,1,0,0.556,0.497102716861527,0,0,15.5522104617107,1.72525148075033,14,32
22,1,0.7245,0.176807836395933,1.708,0.454909818472786,0.166,0.372266816386557,0.411,0.49226143594773,16.4029166374743,1.7944468880484,14,32
22,2,0.7077,0.176640629278521,1,0,0.601,0.489937790988855,0,0,16.2387671055961,1.80253143901003,14,32
23,1,0.7226,0.176919587780835,1.731,0.443661848524116,0.177,0.381859682104326,0.431,0.495463908357092,17.097037813355,1.85844104864285,14,32
23,2,0.7079,0.180998205378811,1,0,0.655,0.475606140836303,0,0,16.9149278399245,1.86949723282396,14,32
24,1,0.7201,0.183574752320927,1.749,0.433805471596645,0.178,0.382704144820072,0.458,0.498482180709085,17.7876475033957,1.92089719381031,14,32
24,2,0.7024,0.181954245202873,1,0,0.657,0.474949025240158,0,0,17.5885267018589,1.93484033225389,14,32
25,1,0.7138,0.181390359342669,1.77,0.421043082447957,0.158,0.364923511395428,0.497,0.500241183071967,18.4742974817114,1.97509320652489,14,32
25,2,0.6961,0.181680482710163,1,0,0.588,0.492441365543654,0,0,18.2564716284625,1.99919166042302,14,32
26,1,0.7091,0.181549305011477,1.791,0.406797842281009,0.144,0.351265408754388,0.543,0.498396829242923,19.1536468982958,2.02473216240985,14,32
26,2,0.6911,0.182822903965051,1,0,0.623,0.484877413483146,0,0,18.9215068770299,2.06384300693898,14,32
27,1,0.7075,0.175569287105047,1.801,0.399447817065707,0.15,0.357250091151322,0.588,0.492441365543654,19.82664473948,2.07790263400374,14,32
27,2,0.6877,0.179027262618744,1,0,0.652,0.476574362637273,0,0,19.5797431501525,2.11386852045533,14,32
28,1,0.7135,0.182924058590474,1.823,0.381859682104326,0.131,0.337569182469243,0.644,0.479054791744633,20.4954364713256,2.12502307580489,14,32
28,2,0.6723,0.186057322692033,1,0,0.626,0.484105730557239,0,0,20.2330766776385,2.15663422130401,14,32
29,1,0.7131,0.185722596586637,1.836,0.370460849809047,0.113,0.316751213622507,0.685,0.464748309293311,21.1682997196715,2.17263152236492,14,32
29,2,0.6533,0.187628127726933,1,0,0.596,0.4909429956981,0,0,20.8722842985199,2.19648015221241,14,32
30,1,0.7029,0.182907203371122,1.849,0.358228038164697,0.09,0.286324958712967,0.724,0.447240454368815,21.8395501704053,2.22121284381659,14,32
30,2,0.6382,0.187071525774918,1,0,0.528,0.499465179432426,0,0,21.4939786776531,2.24940253861719,14,32
31,1,0.6984,0.18251233040743,1.854,0.353282901948012,0.069,0.253580960056751,0.754,0.430894035314565,22.4997664482885,2.25156300161827,14,32
31,2,0.6171,0.186527162585995,1,0,0.415,0.492968577110162,0,0,22.1039459365009,2.29975275909053,14,32
32,1,0.6926,0.187350848250923,1.861,0.346119630761965,0.059,0.235742602375079,0.791,0.406797842281009,23.1549820265488,2.28728965704038,14,32
32,2,0.6027,0.193649710070039,1,0,0.401,0.490346244443087,0,0,22.6984500218497,2.34410431013754,14,32
33,1,0.703,0.191540303037475,1.867,0.339744648856206,0.056,0.230036772966665,0.816,0.387678080750375,23.8030049278226,2.31890496527032,14,32
33,2,0.5727,0.194480159740094,1,0,0.486,0.500054051132529,0,0,23.2792384289058,2.39022589196843,14,32
34,1,0.7056,0.192524558707988,1.871,0.33536766610911,0.064,0.244875404979683,0.834,0.372266816386557,24.4602323858596,2.35070812349424,14,32
34,2,0.5516,0.195334573477394,1,0,0.529,0.499408058013093,0,0,23.825831601468,2.43439885947706,14,32
35,1,0.7043,0.196800000610366,1.878,0.327449573557858,0.056,0.230036772966665,0.85,0.357250091151322,25.118689708436,2.3806658816157,14,32
35,2,0.5167,0.200777044059876,1,0,0.547,0.498035178515573,0,0,24.3491990344194,2.48378336946505,14,32
36,1,0.705,0.201234926132358,1.88,0.325124138915747,0.055,0.228094337998616,0.859,0.34819569244929,25.7753871251763,2.41716537483976,14,32
36,2,0.4908,0.205079051629896,1,0,0.513,0.500081074508005,0,0,24.8368392178517,2.53211573358828,14,32
37,1,0.6918,0.2059008381604,1.885,0.319181573523405,0.062,0.241276219744537,0.874,0.332015412645609,26.4323177940628,2.45236206093317,14,32
37,2,0.4493,0.211953849774979,1,0,0.536,0.498951854343636,0,0,25.3003176049783,2.58201261668513,14,32
38,1,0.6957,0.209129733049237,1.891,0.311795151046671,0.054,0.226130792098589,0.883,0.321581116383432,27.0749355847554,2.48729831103512,14,32
38,2,0.4154,0.208725672609783,1,0,0.483,0.499960959436795,0,0,25.7212571655482,2.63254234379519,14,32
39,1,0.699,0.216716326025443,1.895,0.306706812883361,0.057,0.231958627355839,0.888,0.315524255098646,27.721324510702,2.52828698142519,14,32
39,2,0.3866,0.215096970473102,1,0,0.566,0.495872856577056,0,0,26.111023162738,2.67820854454209,14,32
40,1,0.6908,0.221188345724372,1.901,0.29881145943268,0.045,0.207407854282373,0.894,0.307991653878573,28.3705375092185,2.57533850597766,14,32
40,2,0.3544,0.209963627147001,1,0,0.452,0.497939699104163,0,0,26.4679284444695,2.73340289543953,14,32
41,1,0.6851,0.227463688815885,1.905,0.293361655744341,0.031,0.173404351355637,0.898,0.302799748493435,29.0118171248932,2.63215102623074,14,32
41,2,0.325,0.205370828447414,1,0,0.347,0.476253942574566,0,0,26.7984038292343,2.79266028389636,14,32
42,1,0.6888,0.235052780902098,1.906,0.291974740772638,0.032,0.176088066055048,0.899,0.301479501608136,29.6478538900216,2.69060719857117,14,32
42,2,0.2917,0.197535136444457,1,0,0.34,0.47394580346768,0,0,27.1047949836879,2.84929464661589,14,32
43,1,0.6851,0.238673322671293,1.91,0.286324958712967,0.03,0.170672578726429,0.903,0.296105857217784,30.2874119624283,2.76675381593282,14,32
43,2,0.2599,0.194164079298128,1,0,0.254,0.43551541152257,0,0,27.3783436057044,2.89467222266358,14,32
44,1,0.6823,0.238859297000899,1.913,0.281976081451088,0.014,0.117549214450024,0.906,0.291974740772638,30.9231223847605,2.85031973420304,14,32
44,2,0.2342,0.191015305268575,1,0,0.197,0.397931337480914,0,0,27.6244828748727,2.93715840296721,14,32
45,1,0.6835,0.24061514010063,1.913,0.281976081451088,0.015,0.121613279660528,0.906,0.291974740772638,31.55662867574,2.93913318014715,14,32
45,2,0.2027,0.177296768566559,1,0,0.176,0.381010720543621,0,0,27.8478478542555,2.97941806606001,14,32
46,1,0.6825,0.244055963486478,1.915,0.279021240863223,0,0,0.908,0.289170571842329,32.1912164524591,3.03580019169367,14,32
46,2,0.1726,0.162775107850481,1,0,0,0,0,0,28.0408772211169,3.01508743925502,14,32
47,1,0.6789,0.247196067719323,1.915,0.279021240863223,0,0,0.907,0.290577761426155,32.8253923767833,3.13335792102954,14,32
47,2,0.1516,0.157232827876885,1,0,0,0,0,0,28.2126850449097,3.05285798955633,14,32
48,1,0.6755,0.244723598452703,1.915,0.279021240863223,0,0,0.908,0.289170571842329,33.4559715301971,3.24047672077558,14,32
48,2,0.1289,0.143441156455758,1,0,0,0,0,0,28.3635741612502,3.08971441746328,14,32
49,1,0.681,0.247427201859901,1.915,0.279021240863223,0,0,0.907,0.290577761426155,34.0830541468391,3.34683669307373,14,32
49,2,0.1147,0.134803865234206,1,0,0,0,0,0,28.4918568930152,3.11960742676246,14,32
50,1,0.6775,0.249371080793134,1.915,0.279021240863223,0,0,0.908,0.289170571842329,34.7155969253854,3.45653935862239,14,32
50,2,0.0971,0.126560687449174,1,0,0,0,0,0,28.6059962097764,3.14597210111544,14,32
51,1,0.6735,0.254701045586041,1.915,0.279021240863223,0,0,0.908,0.289170571842329,35.3445441562357,3.57481274746289,14,32
51,2,0.0798,0.111464722600401,1,0,0,0,0,0,28.7026118973505,3.17040178431585,14,32
52,1,0.674,0.256690260605832,1.915,0.279021240863223,0,0,0.908,0.289170571842329,35.9694488414462,3.70596681998599,14,32
52,2,0.0665,0.0985772157624036,1,0,0,0,0,0,28.7820059331407,3.19668852568547,14,32
53,1,0.6694,0.259520694725856,1.915,0.279021240863223,0,0,0.908,0.289170571842329,36.5947884428072,3.84527028326741,14,32
53,2,0.0547,0.0901445285973366,1,0,0,0,0,0,28.8481610134628,3.21731080078502,14,32
54,1,0.6675,0.26157632188746,1.915,0.279021240863223,0,0,0.908,0.289170571842329,37.2154898269276,3.98730109213167,14,32
54,2,0.0478,0.0837984616934117,1,0,0,0,0,0,28.902571855949,3.23147019265782,14,32
55,1,0.6592,0.261732427994438,1.915,0.279021240863223,0,0,0.908,0.289170571842329,37.8342393737677,4.12999291561773,14,32
55,2,0.0428,0.0765115286346706,1,0,0,0,0,0,28.9501144187829,3.24432150264234,14,32
56,1,0.6573,0.264531069416594,1.915,0.279021240863223,0,0,0.908,0.289170571842329,38.4446725726156,4.27641453146581,14,32
56,2,0.0354,0.0721945430905415,1,0,0,0,0,0,28.9926796532415,3.25720668238209,14,32
57,1,0.6621,0.269232383037546,1.915,0.279021240863223,0,0,0.908,0.289170571842329,39.0531553389362,4.42317512273991,14,32
57,2,0.029,0.0631108784836892,1,0,0,0,0,0,29.0278819574215,3.27029935766752,14,32
58,1,0.6559,0.26753834634827,1.915,0.279021240863223,0,0,0.908,0.289170571842329,39.6663499734479,4.57843495044704,14,32
58,2,0.0239,0.0544219785725561,1,0,0,0,0,0,29.0567171194141,3.28178769449531,14,32
59,1,0.645,0.264887080026877,1.915,0.279021240863223,0,0,0.908,0.289170571842329,40.2733191462011,4.74158850472824,14,32
59,2,0.0197,0.0494404121580146,1,0,0,0,0,0,29.0804788937447,3.29079781573603,14,32
60,1,0.6387,0.266764828029247,1.915,0.279021240863223,0,0,0.908,0.289170571842329,40.869391745892,4.89899714978144,14,32
60,2,0.0159,0.0428839017467981,1,0,0,0,0,0,29.1000630001721,3.29704111288005,14,32
61,1,0.6383,0.269473051947177,1.915,0.279021240863223,0,0,0.907,0.290577761426155,41.4591424270282,5.05463742619751,14,32
61,2,0.0128,0.0381787587228503,1,0,0,0,0,0,29.1158678810588,3.3028851915028,14,32
62,1,0.6291,0.268244562191194,1.915,0.279021240863223,0,0,0.906,0.291974740772638,42.0484862617038,5.21385760150638,14,32
62,2,0.01,0.0352312537563062,1,0,0,0,0,0,29.1285900348388,3.30854058142634,14,32
63,1,0.6291,0.269175863787312,1.915,0.279021240863223,0,0,0.901,0.29881145943268,42.628677719315,5.3722235694356,14,32
63,2,0.008,0.0322030594359765,1,0,0,0,0,0,29.1385282235612,3.31253191701957,14,32
64,1,0.6278,0.27287656847304,1.915,0.279021240863223,0,0,0.901,0.29881145943268,43.2090595876531,5.52813399689851,14,32
64,2,0.0059,0.026379649085723,1,0,0,0,0,0,29.146477979484,3.31531188987879,14,32
65,1,0.6193,0.279491727293717,1.915,0.279021240863223,0,0,0.896,0.305413289293831,43.7880917116504,5.68454742187139,14,32
65,2,0.0035,0.0199536499956311,1,0,0,0,0,0,29.1523403381825,3.31749580211095,14,32
66,1,0.6098,0.277093379099431,1.915,0.279021240863223,0,0,0.894,0.307991653878573,44.358869386195,5.84579657544535,14,32
66,2,0.0025,0.0156203071030628,1,0,0,0,0,0,29.1558176608299,3.3197950099658,14,32
67,1,0.6081,0.28046934423044,1.915,0.279021240863223,0,0,0.89,0.313046319253234,44.9202518217717,6.00537922425216,14,32
67,2,0.0017,0.013685660279917,1,0,0,0,0,0,29.1583012143406,3.32129220120704,14,32
68,1,0.6012,0.281171864911156,1.915,0.279021240863223,0,0,0.887,0.316751213622507,45.4800881360116,6.16916798231284,14,32
68,2,0.0014,0.0117549214450024,1,0,0,0,0,0,29.1599898618463,3.32238187288326,14,32
69,1,0.584,0.275644662527646,1.915,0.279021240863223,0,0,0.885,0.319181573523405,46.0331642131928,6.33496467758908,14,32
69,2,0.001,0.00995485304256668,1,0,0,0,0,0,29.1613803736683,3.32325465437779,14,32
70,1,0.5793,0.282314029426827,1.915,0.279021240863223,0,0,0.883,0.321581116383432,46.5692025724948,6.49937786524636,14,32
70,2,7e-04,0.00946570650292938,1,0,0,0,0,0,29.162373497076,3.323715089126,14,32
71,1,0.5622,0.284309676219421,1.915,0.279021240863223,0,0,0.88,0.325124138915747,47.1006194171222,6.66380812191233,14,32
71,2,2e-04,0.00446989708829856,1,0,0,0,0,0,29.1630686139427,3.32453518120107,14,32
72,1,0.5524,0.28753594021777,1.915,0.279021240863223,0,0,0.873,0.333139583331045,47.6151530448247,6.82220549855527,14,32
72,2,1e-04,0.00316227766016838,1,0,0,0,0,0,29.1632671989013,3.32485380735351,14,32
73,1,0.5442,0.291670072910183,1.915,0.279021240863223,0,0,0.869,0.337569182469243,48.1202530181851,6.98096437953942,14,32
73,2,0,0,1,0,0,0,0,0,29.1633664814514,3.32489304627959,14,32
74,1,0.5308,0.290164704186356,1.915,0.279021240863223,0,0,0.862,0.345072564941166,48.6173606718049,7.13986009670049,14,32
74,2,0,0,1,0,0,0,0,0,29.1633664814514,3.32489304627959,14,32
75,1,0.5174,0.292237305357551,1.915,0.279021240863223,0,0,0.852,0.355277669185979,49.1014648330233,7.29892222770762,14,32
75,2,0,0,1,0,0,0,0,0,29.1633664814514,3.32489304627959,14,32
76,1,0.5012,0.299279347981327,1.915,0.279021240863223,0,0,0.835,0.37136627864268,49.5727169767201,7.45862193430948,14,32
76,2,0,0,1,0,0,0,0,0,29.1633664814514,3.32489304627959,14,32
77,1,0.4825,0.303010834072918,1.915,0.279021240863223,0,0,0.825,0.380157229997694,50.0286882188046,7.61567044766558,14,32
77,2,0,0,1,0,0,0,0,0,29.1633664814514,3.32489304627959,14,32
78,1,0.4695,0.304815784799053,1.915,0.279021240863223,0,0,0.813,0.390106630529633,50.4665534725618,7.76829334771876,14,32
78,2,0,0,1,0,0,0,0,0,29.1633664814514,3.32489304627959,14,32
79,1,0.4536,0.309423306786646,1.915,0.279021240863223,0,0,0.797,0.402433787041984,50.8920712883632,7.92012332105117,14,32
79,2,0,0,1,0,0,0,0,0,29.1633664814514,3.32489304627959,14,32
80,1,0.4266,0.303619209907121,1.915,0.279021240863223,0,0,0.78,0.414453582167861,51.3025653783438,8.06887960642169,14,32
80,2,0,0,1,0,0,0,0,0,29.1633664814514,3.32489304627959,14,32
81,1,0.4093,0.30224967305998,1.915,0.279021240863223,0,0,0.727,0.445723759373078,51.6870767947198,8.21221480857579,14,32
81,2,0,0,1,0,0,0,0,0,29.1633664814514,3.32489304627959,14,32
82,1,0.3878,0.308003288985728,1.915,0.279021240863223,0,0,0.576,0.494437527366672,52.0570179515417,8.35287349970912,14,32
82,2,0,0,1,0,0,0,0,0,29.1633664814514,3.32489304627959,14,32
83,1,0.3156,0.310440031266931,1.915,0.279021240863223,0,0,0,0,52.4130860422013,8.48993703271469,14,32
83,2,0,0,1,0,0,0,0,0,29.1633664814514,3.32489304627959,14,32
84,1,0.0421,0.130746643110577,1.915,0.279021240863223,0,0,0,0,52.7260772731296,8.60010420908487,14,32
84,2,0,0,1,0,0,0,0,0,29.1633664814514,3.32489304627959,14,32
0,1,1,0,1,0,0,0,0,0,0,0,15,32
0,2,1,0,1,0,0,0,0,0,0,0,15,32
1,1,0.879,0.11176534119078,1,0,0.13,0.336471712352188,0,0,1,0,15,32
1,2,0.8843,0.105994078819266,1,0,0.122,0.327449573557858,0,0,1,0,15,32
2,1,0.8269,0.131086130363107,1.013,0.113330683593826,0.277,0.447740406342192,0.013,0.113330683593826,1.87241275,0.12442321946578,15,32
2,2,0.8333,0.132584647258605,1,0,0.271,0.444698500960771,0,0,1.87811218,0.118241055200097,15,32
3,1,0.8056,0.14102669438276,1.043,0.202958597236462,0.566,0.495872856577056,0.043,0.202958597236462,2.684650278124,0.221259801562368,15,32
3,2,0.8129,0.143262396022523,1,0,0.561,0.496513368929302,0,0,2.6976982381975,0.222333842170635,15,32
4,1,0.7954,0.152059073921821,1.102,0.302799748493435,0.312,0.463541660340115,0.102,0.302799748493435,3.45956775637773,0.323854363340357,15,32
4,2,0.7976,0.150588568347391,1,0,0.362,0.480819287453392,0,0,3.48231280674222,0.323664838625581,15,32
5,1,0.7863,0.155713058400882,1.133,0.339744648856206,0.339,0.473606696852255,0.133,0.339744648856206,4.23395792285663,0.429818392072621,15,32
5,2,0.7869,0.152583326977988,1,0,0.41,0.492079406338187,0,0,4.2615010535091,0.424458479379022,15,32
6,1,0.7774,0.160358831858289,1.161,0.367714854492192,0.48,0.499849827298009,0.161,0.367714854492192,4.996276649119,0.535436662932445,15,32
6,2,0.7726,0.157143036542934,1,0,0.6,0.490143081395872,0,0,5.02751793014143,0.526159433784924,15,32
7,1,0.7738,0.163708156059374,1.207,0.40535825551642,0.318,0.465932498429862,0.207,0.40535825551642,5.74117955090659,0.639521674516464,15,32
7,2,0.7664,0.16497956921467,1,0,0.434,0.495872856577056,0,0,5.76967248151658,0.627723567102546,15,32
8,1,0.7629,0.167516123557261,1.24,0.427296831936047,0.36,0.480240180150131,0.24,0.427296831936047,6.48820642286593,0.741118892839569,15,32
8,2,0.7667,0.170793092015691,1,0,0.493,0.50020116073556,0,0,6.51385134787752,0.722749279843732,15,32
9,1,0.7526,0.164864855018953,1.286,0.452115481274871,0.306,0.461060274342278,0.286,0.452115481274871,7.2205203080369,0.841855603019823,15,32
9,2,0.7528,0.169944229207823,1,0,0.465,0.499023069631078,0,0,7.25530791560997,0.822561235951318,15,32
10,1,0.7585,0.168570952913502,1.313,0.463946382943381,0.541,0.498565509805449,0.313,0.463946382943381,7.94286986825617,0.936210068455179,15,32
10,2,0.753,0.169940812872835,1,0,0.83,0.375820756799357,0,0,7.9842015831867,0.91712262661434,15,32
11,1,0.7575,0.1703900900369,1.368,0.48250265160806,0.632,0.48250265160806,0.197,0.397931337480914,8.65795439028029,1.02405323559702,15,32
11,2,0.7497,0.173060278111009,1,0,1,0,0,0,8.69499040327633,1.01082570891541,15,32
12,1,0.7562,0.166340702262643,1.418,0.49347696959384,0.581,0.493642261848277,0.134,0.340822769427396,9.37321712898967,1.10014309261294,15,32
12,2,0.7504,0.171666273068734,1,0,0.994,0.0772655807586403,0,0,9.39392111799591,1.09801476428817,15,32
13,1,0.7539,0.169273280358843,1.49,0.50015012761185,0.499,0.500249187155011,0.129,0.33536766610911,10.0928030643282,1.17439061208127,15,32
13,2,0.752,0.169955537964742,1,0,0.973,0.162164414398774,0,0,10.0937807403038,1.17218397897444,15,32
14,1,0.7528,0.169708458719537,1.548,0.497939699104163,0.407,0.491520693961701,0.171,0.376697359827357,10.8143643776716,1.25116833667563,15,32
14,2,0.7486,0.176604725953835,1,0,0.888,0.315524255098646,0,0,10.7962169337157,1.24426012714534,15,32
15,1,0.7487,0.171720114715189,1.606,0.488879333785959,0.305,0.460637804774193,0.229,0.42039949540376,11.5372515761572,1.31786678582483,15,32
15,2,0.75,0.171783321395034,1,0,0.784,0.411720188372532,0,0,11.4994316942814,1.31542247988538,15,32
16,1,0.7423,0.173640032425881,1.63,0.483045891539648,0.242,0.428508599236491,0.276,0.447240454368815,12.2581693339288,1.3842638436863,15,32
16,2,0.746,0.167666669651759,1,0,0.656,0.475278749672116,0,0,12.2091662402981,1.38966155213837,15,32
17,1,0.7472,0.178392780078074,1.659,0.474282557073254,0.166,0.372266816386557,0.302,0.45935499018407,12.9734239532077,1.45343158500587,15,32
17,2,0.7461,0.169036574040541,1,0,0.532,0.499224624017311,0,0,12.9212259757388,1.45984222474702,15,32
18,1,0.745,0.17935207600462,1.673,0.469351990824894,0.135,0.341894562536306,0.325,0.468609213091884,13.6959944770837,1.52818194101842,15,32
18,2,0.7452,0.1750645812482,1,0,0.435,0.496005061487301,0,0,13.6395038037698,1.53439955113962,15,32
19,1,0.7456,0.176668763090287,1.687,0.463946382943381,0.092,0.289170571842329,0.339,0.473606696852255,14.4166959811548,1.60261631251295,15,32
19,2,0.7394,0.171397249152421,1,0,0.378,0.485130241637595,0,0,14.3616527000581,1.60739810128344,15,32
20,1,0.7431,0.174879881555807,1.701,0.458048915301421,0.1,0.300150112593832,0.358,0.479652026021017,15.139371523579,1.672935144383,15,32
20,2,0.744,0.176394770656942,1,0,0.414,0.492794933868893,0,0,15.0807849814153,1.67772468690468,15,32
21,1,0.7497,0.177288864121076,1.707,0.45536618051669,0.112,0.315524255098646,0.375,0.48436516143258,15.8581324911383,1.74712221316043,15,32
21,2,0.7416,0.176750334315612,1,0,0.498,0.500246185638877,0,0,15.802639754861,1.74850640857076,15,32
22,1,0.7455,0.174385091565077,1.719,0.449712398362822,0.137,0.344019402576874,0.386,0.487074164005074,16.581960778409,1.81886544744266,15,32
22,2,0.7372,0.171597219108019,1,0,0.558,0.496873105413125,0,0,16.5178361889783,1.82786186928251,15,32
23,1,0.7449,0.17591172483645,1.732,0.443139224592421,0.171,0.376697359827357,0.399,0.489937790988855,17.2997298690002,1.88572063019002,15,32
23,2,0.7412,0.171907277658952,1,0,0.618,0.486119648144685,0,0,17.2255773663695,1.89665335023375,15,32
24,1,0.7424,0.17565048560449,1.748,0.434378503939461,0.168,0.374053359717455,0.412,0.492441365543654,18.0144839602241,1.95569491159308,15,32
24,2,0.7488,0.177002513795397,1,0,0.628,0.483580241376599,0,0,17.9342454721711,1.95055191406319,15,32
25,1,0.7349,0.178111520440744,1.766,0.423584021680969,0.147,0.354283102217022,0.441,0.496755237280661,18.726173767765,2.02327094372898,15,32
25,2,0.7487,0.172185823916947,1,0,0.545,0.498220055019088,0,0,18.6499256907439,1.99724205831358,15,32
26,1,0.7359,0.17300613029925,1.773,0.41910219117376,0.147,0.354283102217022,0.469,0.49928778103243,19.4299121326432,2.08313248484644,15,32
26,2,0.7499,0.173176153034937,1,0,0.582,0.49347696959384,0,0,19.3695742284355,2.04528382787655,15,32
27,1,0.7377,0.17209976272014,1.791,0.406797842281009,0.136,0.342960087505269,0.5,0.500250187656387,20.133181162386,2.14252188200382,15,32
27,2,0.7483,0.175464805296954,1,0,0.596,0.4909429956981,0,0,20.0885024891625,2.08450659236587,15,32
28,1,0.7508,0.174556093648517,1.802,0.398691553653893,0.121,0.326290461805836,0.526,0.499573391578829,20.8371777080315,2.20062120658706,15,32
28,2,0.7428,0.172620850299024,1,0,0.569,0.495463908357092,0,0,20.8050650589971,2.1252800326037,15,32
29,1,0.7499,0.172423083488609,1.811,0.391704521843229,0.097,0.296105857217784,0.551,0.497641082153239,21.5536187614203,2.26013422977041,15,32
29,2,0.7431,0.17407668624113,1,0,0.486,0.500054051132529,0,0,21.5174175769014,2.16253041516575,15,32
30,1,0.7448,0.171879325407399,1.825,0.380157229997694,0.077,0.266724843503829,0.573,0.494889801790172,22.2690409218503,2.3133682492761,15,32
30,2,0.7442,0.176003799212793,1,0,0.443,0.496988931464271,0,0,22.2341359726046,2.20553533629537,15,32
31,1,0.744,0.170096833988563,1.83,0.375820756799357,0.058,0.233860408557521,0.595,0.491137675419242,22.9792071174653,2.36058298391211,15,32
31,2,0.7374,0.17108626628257,1,0,0.287,0.452587931606484,0,0,22.9540229605925,2.25065201386182,15,32
32,1,0.743,0.171290222547407,1.84,0.366789496216201,0.046,0.209589904165081,0.628,0.483580241376599,23.6883552370475,2.40312983399699,15,32
32,2,0.7363,0.171177135189288,1,0,0.259,0.438304815295373,0,0,23.6748348645272,2.29080023692612,15,32
33,1,0.741,0.170493601252563,1.845,0.362085771753194,0.041,0.198389410902796,0.661,0.473606696852255,24.3953889916599,2.44625475151514,15,32
33,2,0.7265,0.175666185159833,1,0,0.266,0.44208533049564,0,0,24.395873728758,2.33312610046629,15,32
34,1,0.7409,0.171015895274201,1.848,0.359200535947575,0.028,0.16505527329729,0.69,0.462724663395106,25.0989632449634,2.48639767543017,15,32
34,2,0.7297,0.175381494658555,1,0,0.229,0.42039949540376,0,0,25.1067239305657,2.37553718252551,15,32
35,1,0.7389,0.172761791599406,1.854,0.353282901948012,0.028,0.16505527329729,0.719,0.449712398362822,25.801570195798,2.52751594112901,15,32
35,2,0.7276,0.178072878198646,1,0,0.201,0.400948574956639,0,0,25.8225359056535,2.41968165410369,15,32
36,1,0.7437,0.175302712588942,1.856,0.351265408754388,0.02,0.140070052543788,0.737,0.440482718191106,26.5006689404325,2.57102985976544,15,32
36,2,0.7302,0.182541176947234,1,0,0.151,0.358228038164697,0,0,26.5375787453834,2.46209702627946,15,32
37,1,0.7412,0.175252027872071,1.857,0.350248017372938,0.021,0.143455845400526,0.754,0.430894035314565,27.2039823222519,2.61591655815748,15,32
37,2,0.7307,0.176744869087475,1,0,0.149,0.356266650033266,0,0,27.2576317529229,2.50879650968574,15,32
38,1,0.7387,0.17303829706817,1.861,0.346119630761965,0.011,0.104354635210372,0.77,0.421043082447957,27.9038379301155,2.65091653474907,15,32
38,2,0.7249,0.179282269430449,1,0,0.116,0.320385153598987,0,0,27.978210539153,2.55947181208953,15,32
39,1,0.7353,0.172202100926683,1.861,0.346119630761965,0.018,0.133017644294634,0.782,0.413093992508541,28.6008341727579,2.69113092604873,15,32
39,2,0.7225,0.17479789559461,1,0,0.14,0.347160655202344,0,0,28.694583008365,2.61238233612539,15,32
40,1,0.7387,0.176361598465804,1.864,0.342960087505269,0.01,0.0995485304256668,0.795,0.403903624814309,29.2934276485823,2.73239085348314,15,32
40,2,0.7227,0.173276469073948,1,0,0.062,0.241276219744537,0,0,29.4072978536869,2.6645702604745,15,32
41,1,0.7348,0.175213183464201,1.865,0.341894562536306,0.006,0.0772655807586403,0.805,0.396398955765693,29.9890892895979,2.77308002806023,15,32
41,2,0.7129,0.180322228541315,1,0,0.041,0.198389410902796,0,0,30.1240250594639,2.71066122932761,15,32
42,1,0.7312,0.173772140335431,1.866,0.340822769427396,0.006,0.0772655807586403,0.823,0.381859682104326,30.6804985500543,2.81855665515461,15,32
42,2,0.7013,0.175952463095204,1,0,0.057,0.231958627355839,0,0,30.8319663958634,2.75026622065985,15,32
43,1,0.734,0.176621615877545,1.866,0.340822769427396,0.008,0.0891288053546324,0.836,0.370460849809047,31.3673575308912,2.86387517077508,15,32
43,2,0.6952,0.181851670407588,1,0,0.091,0.287753022228789,0,0,31.5274889115075,2.79129841532772,15,32
44,1,0.737,0.17204825079204,1.867,0.339744648856206,0.006,0.0772655807586403,0.846,0.36112935966827,32.0561890293162,2.90230542457372,15,32
44,2,0.6877,0.179864007130557,1,0,0.075,0.263523138347365,0,0,32.2151753445622,2.82833104099197,15,32
45,1,0.7397,0.17379330859994,1.867,0.339744648856206,0.012,0.108939744206914,0.851,0.356266650033266,32.747540229153,2.93493644128384,15,32
45,2,0.6759,0.185805580415965,1,0,0.08,0.271428947744476,0,0,32.8961224256803,2.86302768270389,15,32
46,1,0.734,0.17605395478374,1.867,0.339744648856206,0.002,0.0446989708829856,0.856,0.351265408754388,33.4409626401243,2.95995950846698,15,32
46,2,0.6683,0.194686961589658,1,0,0.019,0.136593036636783,0,0,33.565005517966,2.89432350525165,15,32
47,1,0.7295,0.182079386265725,1.867,0.339744648856206,0,0,0.857,0.350248017372938,34.1288907225297,2.97909670900551,15,32
47,2,0.6519,0.197168114220493,1,0,0,0,0,0,34.229292604919,2.928290463837,15,32
48,1,0.7313,0.184022211089244,1.867,0.339744648856206,0,0,0.863,0.344019402576874,34.8123208790944,3.0044532092793,15,32
48,2,0.6252,0.207045472850357,1,0,0,0,0,0,34.8781357113991,2.96674830123926,15,32
49,1,0.7308,0.184025066839345,1.867,0.339744648856206,0,0,0.865,0.341894562536306,35.4971755095375,3.02700242163066,15,32
49,2,0.6107,0.218776994616375,1,0,0,0,0,0,35.5003417928538,3.00371102663989,15,32
50,1,0.7274,0.187841753943378,1.867,0.339744648856206,0,0,0.866,0.340822769427396,36.1813645874726,3.06047414463094,15,32
50,2,0.5973,0.221521515392482,1,0,0,0,0,0,36.1080565334472,3.03775009787757,15,32
51,1,0.7252,0.191576777459226,1.867,0.339744648856206,0,0,0.866,0.340822769427396,36.862052454305,3.09462244820452,15,32
51,2,0.5797,0.229369833501532,1,0,0,0,0,0,36.7023773386788,3.07329407617337,15,32
52,1,0.7181,0.202443506621905,1.867,0.339744648856206,0,0,0.866,0.340822769427396,37.5404834443465,3.12743804312117,15,32
52,2,0.5483,0.231193772754719,1,0,0,0,0,0,37.279128247796,3.114416582064,15,32
53,1,0.7177,0.203661945851915,1.867,0.339744648856206,0,0,0.866,0.340822769427396,38.2117834172996,3.16062600553549,15,32
53,2,0.5222,0.23774710026346,1,0,0,0,0,0,37.8245843461514,3.15918509123137,15,32
54,1,0.721,0.206158922924771,1.867,0.339744648856206,0,0,0.866,0.340822769427396,38.8826183747529,3.19728479907932,15,32
54,2,0.4953,0.245373425859685,1,0,0,0,0,0,38.3440238698497,3.20607641030343,15,32
55,1,0.7164,0.210417003389259,1.867,0.339744648856206,0,0,0.866,0.340822769427396,39.5566684758516,3.23632654703285,15,32
55,2,0.4749,0.247833434813407,1,0,0,0,0,0,38.8366563253229,3.25938493644662,15,32
56,1,0.7065,0.213432198375276,1.867,0.339744648856206,0,0,0.866,0.340822769427396,40.2260764037508,3.27741196455969,15,32
56,2,0.4476,0.248426963021239,1,0,0,0,0,0,39.3089514151451,3.31685167150762,15,32
57,1,0.7081,0.214966510416392,1.867,0.339744648856206,0,0,0.866,0.340822769427396,40.8855726786712,3.31682202263997,15,32
57,2,0.4209,0.247010534601673,1,0,0,0,0,0,39.754051735794,3.37512044316551,15,32
58,1,0.7071,0.222056071520008,1.867,0.339744648856206,0,0,0.866,0.340822769427396,41.5465939094534,3.36146749615203,15,32
58,2,0.4031,0.249163545633129,1,0,0,0,0,0,40.1725593110591,3.43853428789527,15,32
59,1,0.7027,0.226702677761212,1.867,0.339744648856206,0,0,0.866,0.340822769427396,42.2065548216133,3.41219197977936,15,32
59,2,0.3902,0.261404461117809,1,0,0,0,0,0,40.5733279818811,3.50007457734741,15,32
60,1,0.6962,0.234649995995356,1.867,0.339744648856206,0,0,0.866,0.340822769427396,42.8620756225409,3.4642481045455,15,32
60,2,0.3542,0.253073914907101,1,0,0,0,0,0,40.9612324655359,3.57268439395677,15,32
61,1,0.6844,0.241899059847605,1.867,0.339744648856206,0,0,0.866,0.340822769427396,43.5110697565604,3.52555301281144,15,32
61,2,0.3278,0.251456537776194,1,0,0,0,0,0,41.3133135227724,3.6516360595581,15,32
62,1,0.6842,0.246070946905381,1.867,0.339744648856206,0,0,0.866,0.340822769427396,44.1482707556506,3.59456588245155,15,32
62,2,0.2916,0.243821428280799,1,0,0,0,0,0,41.6391199297319,3.73044463968301,15,32
63,1,0.6823,0.246855519783633,1.867,0.339744648856206,0,0,0.866,0.340822769427396,44.7852092708665,3.66768323520969,15,32
63,2,0.2686,0.243830870673698,1,0,0,0,0,0,41.9289175128759,3.8120315229255,15,32
64,1,0.6769,0.251673855872496,1.867,0.339744648856206,0,0,0.866,0.340822769427396,45.4201960251992,3.74038835919394,15,32
64,2,0.2461,0.234306828090198,1,0,0,0,0,0,42.1958305679835,3.8865655906751,15,32
65,1,0.6723,0.253509323254544,1.867,0.339744648856206,0,0,0.866,0.340822769427396,46.0497537322171,3.82249456776579,15,32
65,2,0.2221,0.228766089978222,1,0,0,0,0,0,42.4403604791216,3.95568749578715,15,32
66,1,0.6692,0.261456917521261,1.867,0.339744648856206,0,0,0.866,0.340822769427396,46.6746782879849,3.90947001233344,15,32
66,2,0.2017,0.221350640627277,1,0,0,0,0,0,42.6610214391153,4.01929491175404,15,32
67,1,0.6658,0.261952245607819,1.867,0.339744648856206,0,0,0.866,0.340822769427396,47.2964607449438,4.00043271048571,15,32
67,2,0.1802,0.208785898833115,1,0,0,0,0,0,42.861394536365,4.07692830291823,15,32
68,1,0.6632,0.270293948912695,1.867,0.339744648856206,0,0,0.866,0.340822769427396,47.9148037286456,4.10235533230754,15,32
68,2,0.1656,0.204984532730298,1,0,0,0,0,0,43.0403911719683,4.13353956542949,15,32
69,1,0.662,0.273112779984003,1.867,0.339744648856206,0,0,0.866,0.340822769427396,48.5305024989511,4.21578835052046,15,32
69,2,0.1493,0.193848103129969,1,0,0,0,0,0,43.2048688560506,4.19208911019616,15,32
70,1,0.6579,0.270907698268213,1.867,0.339744648856206,0,0,0.866,0.340822769427396,49.1449479512904,4.33903824233158,15,32
70,2,0.1294,0.17631428395546,1,0,0,0,0,0,43.3531421808191,4.25110903366109,15,32
71,1,0.6507,0.27242195896022,1.867,0.339744648856206,0,0,0.866,0.340822769427396,49.7552605602934,4.46398013990437,15,32
71,2,0.1142,0.162741650614847,1,0,0,0,0,0,43.4816394987576,4.30323169933535,15,32
72,1,0.6522,0.278123196645861,1.867,0.339744648856206,0,0,0.866,0.340822769427396,50.3583630795264,4.59718010808247,15,32
72,2,0.1045,0.160297989524028,1,0,0,0,0,0,43.5950315101115,4.35168356159552,15,32
73,1,0.653,0.284062830535239,1.867,0.339744648856206,0,0,0.866,0.340822769427396,50.9628945267582,4.73268206569037,15,32
73,2,0.0904,0.146797102796307,1,0,0,0,0,0,43.6987817749099,4.39820713625168,15,32
74,1,0.6496,0.281849745927292,1.867,0.339744648856206,0,0,0.866,0.340822769427396,51.5681597018196,4.87938641704431,15,32
74,2,0.0785,0.132911306574781,1,0,0,0,0,0,43.7885242250092,4.43623015908234,15,32
75,1,0.6459,0.282565095213533,1.867,0.339744648856206,0,0,0.866,0.340822769427396,52.1699894187494,5.02654855126905,15,32
75,2,0.0659,0.114456499554592,1,0,0,0,0,0,43.8664454402145,4.46951649120785,15,32
76,1,0.6532,0.285641998577505,1.867,0.339744648856206,0,0,0.866,0.340822769427396,52.768086600282,5.18107699871584,15,32
76,2,0.06,0.112750666129796,1,0,0,0,0,0,43.9318530144976,4.49575799892138,15,32
77,1,0.6442,0.285250289619008,1.867,0.339744648856206,0,0,0.866,0.340822769427396,53.3733686996342,5.34423934447173,15,32
77,2,0.0513,0.102121196324459,1,0,0,0,0,0,43.9913987202873,4.52430770292621,15,32
78,1,0.6472,0.293527372349357,1.867,0.339744648856206,0,0,0.866,0.340822769427396,53.9696593080935,5.50796447947681,15,32
78,2,0.0457,0.097627050764842,1,0,0,0,0,0,44.0423052075797,4.54910658846795,15,32
79,1,0.6392,0.291184045146962,1.867,0.339744648856206,0,0,0.866,0.340822769427396,54.5688669773543,5.67697582457152,15,32
79,2,0.0378,0.0828131512383028,1,0,0,0,0,0,44.0876501164805,4.56997229224743,15,32
80,1,0.6384,0.290878067323836,1.867,0.339744648856206,0,0,0.866,0.340822769427396,55.1600776799995,5.85232554602593,15,32
80,2,0.036,0.0815515214490242,1,0,0,0,0,0,44.125152658115,4.58868092618987,15,32
81,1,0.6332,0.290072235661916,1.867,0.339744648856206,0,0,0.86,0.347160655202344,55.75043563636,6.03218129865426,15,32
81,2,0.0305,0.0744667395237316,1,0,0,0,0,0,44.1608657927629,4.60687987829536,15,32
82,1,0.6305,0.294323591267123,1.867,0.339744648856206,0,0,0.421,0.493966601100725,56.3358740885822,6.21157276252988,15,32
82,2,0.0276,0.0710160776393859,1,0,0,0,0,0,44.1911197283657,4.62203242935884,15,32
83,1,0.4767,0.349813492420575,1.867,0.339744648856206,0,0,0,0,56.9403467845503,6.40547432835922,15,32
83,2,0.0221,0.0629726572057711,1,0,0,0,0,0,44.2184943225223,4.63580344272869,15,32
84,1,0.2321,0.288830422589126,1.867,0.339744648856206,0,0,0,0,57.413106352939,6.51969259510463,15,32
84,2,0.0193,0.060672820860672,1,0,0,0,0,0,44.2404116425588,4.64683286435341,15,32
0,1,1,0,1,0,0,0,0,0,0,0,16,32
0,2,1,0,1,0,0,0,0,0,0,0,16,32
1,1,0.8832,0.109953853274225,1,0,0.125,0.330884397463048,0,0,1,0,16,32
1,2,0.8785,0.106296985136217,1,0,0.136,0.342960087505269,0,0,1,0,16,32
2,1,0.8337,0.132483439953308,1.016,0.125537881771837,0.242,0.428508599236491,0.016,0.125537881771837,1.876862305,0.12244670107813,16,32
2,2,0.8284,0.130730755870723,1,0,0.282,0.450198488090174,0,0,1.87161283,0.119417422687531,16,32
3,1,0.8069,0.146846702223625,1.042,0.200689502157627,0.54,0.498646817545895,0.042,0.200689502157627,2.697498153208,0.219751677321389,16,32
3,2,0.8053,0.143116708990922,1,0,0.576,0.494437527366672,0,0,2.685749978143,0.214524482465969,16,32
4,1,0.7869,0.150602360775225,1.099,0.29881145943268,0.34,0.47394580346768,0.099,0.29881145943268,3.47506483654122,0.330403735519986,16,32
4,2,0.7889,0.153721893107067,1,0,0.379,0.485380875802286,0,0,3.46201705143722,0.323075708454034,16,32
5,1,0.774,0.158458540663194,1.133,0.339744648856206,0.373,0.483844091733179,0.133,0.339744648856206,4.23970890243516,0.434983240230175,16,32
5,2,0.7748,0.158461572849919,1,0,0.444,0.497102716861527,0,0,4.23165911763114,0.428388598629841,16,32
6,1,0.7645,0.15554402574173,1.178,0.382704144820072,0.504,0.500234179394246,0.178,0.382704144820072,4.98803462729768,0.541402459064374,16,32
6,2,0.7642,0.164698164790885,1,0,0.613,0.487307365497864,0,0,4.98388289288362,0.538886973063404,16,32
7,1,0.7632,0.163439507073634,1.228,0.419752536850216,0.332,0.471166635064494,0.228,0.419752536850216,5.71799649684307,0.638700471782346,16,32
7,2,0.7633,0.165440262573778,1,0,0.453,0.498035178515573,0,0,5.71699287290145,0.645799369873803,16,32
8,1,0.7641,0.165917807117617,1.265,0.441554039693863,0.359,0.479947236005532,0.265,0.441554039693863,6.45268201120934,0.736982305310486,16,32
8,2,0.7631,0.169343045523184,1,0,0.535,0.499023069631078,0,0,6.45712457341203,0.748221520895418,16,32
9,1,0.758,0.16572104110059,1.298,0.457608353732103,0.291,0.454450795494436,0.298,0.457608353732103,7.1849958963803,0.840437819061233,16,32
9,2,0.7537,0.168150481963581,1,0,0.464,0.498951854343636,0,0,7.1928856995488,0.851210823323415,16,32
10,1,0.7606,0.165090565735583,1.333,0.47152235719352,0.519,0.499888876540466,0.333,0.47152235719352,7.91289046359711,0.934412576930171,16,32
10,2,0.753,0.166188503268483,1,0,0.829,0.376697359827357,0,0,7.92272851246745,0.948464343204035,16,32
11,1,0.7517,0.171308074697185,1.389,0.487767277415077,0.611,0.487767277415077,0.231,0.421683313419937,8.63017278661097,1.01945844896899,16,32
11,2,0.7608,0.169564477742575,1,0,1,0,0,0,8.63356728257958,1.0398720855998,16,32
12,1,0.7515,0.172532656379937,1.453,0.498035178515573,0.545,0.498220055019088,0.147,0.354283102217022,9.33899261677391,1.09448472281467,16,32
12,2,0.7592,0.170247890866067,1,0,0.995,0.0705689732104696,0,0,9.34358579340232,1.11537188792513,16,32
13,1,0.7504,0.17450011544492,1.493,0.50020116073556,0.495,0.50022517452166,0.138,0.345072564941166,10.0550328097702,1.16783209416965,16,32
13,2,0.7582,0.172344023576283,1,0,0.963,0.188856206322871,0,0,10.0521849214833,1.18677265782885,16,32
14,1,0.7459,0.174107735335061,1.547,0.498035178515573,0.407,0.491520693961701,0.178,0.382704144820072,10.7728489951897,1.24750418827914,16,32
14,2,0.7534,0.168454197979204,1,0,0.867,0.339744648856206,0,0,10.7613124101192,1.25999389069797,16,32
15,1,0.7489,0.171896301118838,1.576,0.494437527366672,0.346,0.475931203547856,0.23,0.421043082447957,11.4884963370804,1.32707866677927,16,32
15,2,0.7522,0.174371917365055,1,0,0.769,0.421683313419937,0,0,11.4703689860064,1.32632423869344,16,32
16,1,0.7429,0.171927743977373,1.614,0.487074164005074,0.263,0.440482718191106,0.263,0.440482718191106,12.2075169428579,1.40095902688974,16,32
16,2,0.7486,0.173286087347104,1,0,0.658,0.474616962677548,0,0,12.1830491101192,1.39678062074206,16,32
17,1,0.7473,0.172576048432256,1.643,0.479354546010342,0.181,0.385210834981815,0.296,0.45671938057476,12.9229712423767,1.47984013286372,16,32
17,2,0.7505,0.178301827084137,1,0,0.513,0.500081074508005,0,0,12.8976048485585,1.46435915164234,16,32
18,1,0.7392,0.174682208235051,1.664,0.472575208117531,0.136,0.342960087505269,0.33,0.470448000656099,13.6451923607769,1.55499453975926,16,32
18,2,0.7467,0.178271957668308,1,0,0.416,0.493140129362017,0,0,13.6212235888618,1.54345274927425,16,32
19,1,0.7429,0.176637455798001,1.68,0.466709564737876,0.097,0.296105857217784,0.36,0.480240180150131,14.35980483552,1.62906078259987,16,32
19,2,0.7502,0.178806968353954,1,0,0.363,0.481105458774334,0,0,14.3458180788967,1.62455662997828,16,32
20,1,0.7426,0.176114327231649,1.692,0.461897552872224,0.11,0.313046319253234,0.372,0.483580241376599,15.078487971108,1.70397906420142,16,32
20,2,0.7496,0.174098104958527,1,0,0.405,0.491137675419242,0,0,15.0764784349931,1.70354344234173,16,32
21,1,0.7442,0.176401466766797,1.707,0.45536618051669,0.109,0.311795151046671,0.384,0.486601254397048,15.7955523354393,1.78480809819761,16,32
21,2,0.7477,0.177161214988202,1,0,0.488,0.500106094849989,0,0,15.804371119927,1.79291101925715,16,32
22,1,0.7497,0.176383165356054,1.719,0.449712398362822,0.137,0.344019402576874,0.396,0.489309128694145,16.5135927905377,1.86146407965726,16,32
22,2,0.7482,0.175691854186891,1,0,0.533,0.49915945364198,0,0,16.5261537078955,1.87783626542976,16,32
23,1,0.7524,0.174656075602152,1.732,0.443139224592421,0.153,0.360167628640777,0.41,0.492079406338187,17.2350537496703,1.93156780135941,16,32
23,2,0.7469,0.177938337780401,1,0,0.584,0.493140129362017,0,0,17.2461179635653,1.95709412686187,16,32
24,1,0.753,0.170352634320752,1.739,0.439399672362272,0.157,0.363982806576744,0.426,0.494741112874975,17.9576398057407,1.99627105511268,16,32
24,2,0.7421,0.178856309867948,1,0,0.606,0.488879333785959,0,0,17.9621690680759,2.02842164158503,16,32
25,1,0.7466,0.169815421199835,1.751,0.432650189166937,0.143,0.350248017372938,0.439,0.496513368929302,18.6797545621024,2.06415570616218,16,32
25,2,0.743,0.174818653357019,1,0,0.545,0.498220055019088,0,0,18.672262711204,2.0890619249943,16,32
26,1,0.7473,0.173039454034774,1.757,0.429109700583819,0.154,0.36112935966827,0.464,0.498951854343636,19.3954629629531,2.12618364603399,16,32
26,2,0.742,0.173568793641386,1,0,0.581,0.493642261848277,0,0,19.3862254818087,2.14018301235013,16,32
27,1,0.7564,0.175641367251254,1.774,0.418448442581758,0.15,0.357250091151322,0.487,0.500081074508005,20.1100026493915,2.18351939450183,16,32
27,2,0.7483,0.178125907264605,1,0,0.58,0.49380547166252,0,0,20.0973241270435,2.18235017580403,16,32
28,1,0.7506,0.170730163675868,1.786,0.410332026988355,0.132,0.338660140392534,0.51,0.50015012761185,20.832598905444,2.24407066860827,16,32
28,2,0.7527,0.17607871453902,1,0,0.553,0.497431843008103,0,0,20.8146845396839,2.21939045381726,16,32
29,1,0.7519,0.168299479246713,1.8,0.400200150125109,0.11,0.313046319253234,0.532,0.499224624017311,21.5490898190217,2.29450266418134,16,32
29,2,0.7472,0.177097497225465,1,0,0.467,0.49915945364198,0,0,21.5377071379991,2.258228890083,16,32
30,1,0.7486,0.171252349961591,1.81,0.392497202606661,0.096,0.294738648417324,0.56,0.496635325612916,22.2668053187812,2.34356589114249,16,32
30,2,0.7419,0.174197401630262,1,0,0.443,0.496988931464271,0,0,22.2594609091868,2.29980001758702,16,32
31,1,0.7487,0.169490521968153,1.815,0.388491860823269,0.064,0.244875404979683,0.577,0.494282626960846,22.980461029607,2.39930741693314,16,32
31,2,0.7427,0.175206756169411,1,0,0.301,0.458922226101122,0,0,22.9770547871791,2.34509865561056,16,32
32,1,0.7533,0.171634986435076,1.819,0.385210834981815,0.05,0.218054001448145,0.595,0.491137675419242,23.6948927438104,2.45255781897271,16,32
32,2,0.7463,0.171976410841388,1,0,0.229,0.42039949540376,0,0,23.7024524524831,2.39035630793174,16,32
33,1,0.7599,0.171789119275644,1.827,0.37843653921657,0.039,0.193691808077979,0.614,0.487074164005074,24.4136389566446,2.50514202471901,16,32
33,2,0.7494,0.179309207214219,1,0,0.272,0.4452125494797,0,0,24.4349545736969,2.4306281549504,16,32
34,1,0.7569,0.172110464562769,1.83,0.375820756799357,0.029,0.167890402308134,0.645,0.478752758952055,25.1384928675597,2.5580923558046,16,32
34,2,0.7489,0.177961963521592,1,0,0.206,0.404632830758612,0,0,25.1683303147094,2.4717979266666,16,32
35,1,0.7538,0.17232311294558,1.831,0.374939434548541,0.027,0.162164414398774,0.663,0.472921404310119,25.8592380403875,2.606667344165,16,32
35,2,0.7538,0.178149648602789,1,0,0.167,0.373162498451077,0,0,25.904423213839,2.513327362769,16,32
36,1,0.7506,0.174843387665105,1.838,0.368635174517967,0.016,0.125537881771837,0.684,0.465145526002734,26.5760247655184,2.64821447876066,16,32
36,2,0.7507,0.175585706537692,1,0,0.117,0.321581116383432,0,0,26.6472685693915,2.56330408011851,16,32
37,1,0.7472,0.172806313605788,1.839,0.367714854492192,0.026,0.159214789983058,0.697,0.459785169837395,27.2890531086932,2.68907245163765,16,32
37,2,0.7507,0.176098042352891,1,0,0.122,0.327449573557858,0,0,27.3894417966326,2.60948506283118,16,32
38,1,0.7504,0.170554768121354,1.84,0.366789496216201,0.018,0.133017644294634,0.713,0.452587931606484,27.9974769537661,2.73661221008275,16,32
38,2,0.7439,0.176731502636129,1,0,0.089,0.284886223184204,0,0,28.131291729888,2.66407111896617,16,32
39,1,0.7436,0.172129801802793,1.84,0.366789496216201,0.016,0.125537881771837,0.726,0.446232140396815,28.7086193361148,2.78569716098204,16,32
39,2,0.7423,0.173004741670975,1,0,0.115,0.319181573523405,0,0,28.867937011989,2.71378069876853,16,32
40,1,0.7442,0.176911440154835,1.841,0.36585906146063,0.009,0.0944877131056093,0.736,0.441019839121211,29.4123692148289,2.83108001662395,16,32
40,2,0.7458,0.175536814295957,1,0,0.063,0.243084532807191,0,0,29.6016199180992,2.76251845541274,16,32
41,1,0.7472,0.174363306238906,1.842,0.364923511395428,0.005,0.0705689732104696,0.749,0.433805471596645,30.1164969220607,2.88323519775834,16,32
41,2,0.743,0.173612042039546,1,0,0.022,0.146756729104793,0,0,30.3413051034386,2.80982060410124,16,32
42,1,0.7533,0.169522411048946,1.844,0.363036906933435,0.002,0.0446989708829856,0.771,0.42039949540376,30.8230937824046,2.92420260937967,16,32
42,2,0.7426,0.177303910494599,1,0,0.031,0.173404351355637,0,0,31.0801693891174,2.85051854545437,16,32
43,1,0.7534,0.171866162981484,1.844,0.363036906933435,0.007,0.0834143750078963,0.785,0.41102791139282,31.5347483973449,2.96370665257415,16,32
43,2,0.742,0.173337953276384,1,0,0.053,0.224145580463326,0,0,31.818113351059,2.89014872317563,16,32
44,1,0.7616,0.1709815038964,1.847,0.360167628640777,0.003,0.054717401199198,0.798,0.401693113405442,32.2454854941587,3.00403889056456,16,32
44,2,0.7438,0.169441052493988,1,0,0.018,0.133017644294634,0,0,32.5542908132743,2.93323037368031,16,32
45,1,0.7647,0.172434461879416,1.847,0.360167628640777,0.003,0.054717401199198,0.801,0.399447817065707,32.9638674904753,3.04291161784554,16,32
45,2,0.7444,0.17104940192207,1,0,0.029,0.167890402308134,0,0,33.2939290712794,2.97451672892941,16,32
46,1,0.7624,0.166835470071787,1.848,0.359200535947575,0.002,0.0446989708829856,0.811,0.391704521843229,33.6851144027554,3.08096470236602,16,32
46,2,0.7547,0.17154398076685,1,0,0.005,0.0705689732104696,0,0,34.033543140953,3.00925742380729,16,32
47,1,0.7589,0.176725838580616,1.848,0.359200535947575,0,0,0.814,0.389301368550838,34.4035518119235,3.11486024304897,16,32
47,2,0.752,0.171713381789206,1,0,0,0,0,0,34.7845304680702,3.04370622389293,16,32
48,1,0.7554,0.176810921897099,1.848,0.359200535947575,0,0,0.825,0.380157229997694,35.1183840240327,3.15191614558599,16,32
48,2,0.7493,0.173982124885805,1,0,0,0,0,0,35.53300418501,3.07751493407108,16,32
49,1,0.7516,0.176886202765305,1.848,0.359200535947575,0,0,0.833,0.373162498451077,35.8291141473066,3.18453302031572,16,32
49,2,0.7499,0.175758017970393,1,0,0,0,0,0,36.2787159841686,3.11118718604405,16,32
50,1,0.7452,0.17705453484254,1.848,0.359200535947575,0,0,0.839,0.367714854492192,36.5355937282536,3.21636838055218,16,32
50,2,0.7465,0.177930911899561,1,0,0,0,0,0,37.0249502791923,3.14483784883421,16,32
51,1,0.7397,0.174081056448467,1.848,0.359200535947575,0,0,0.845,0.362085771753194,37.2353360792985,3.24763923971032,16,32
51,2,0.7368,0.173481572092992,1,0,0,0,0,0,37.7677269092031,3.17934051590066,16,32
52,1,0.7391,0.172368503215932,1.848,0.359200535947575,0,0,0.847,0.360167628640777,37.9292379622791,3.28062858256383,16,32
52,2,0.7339,0.174789419992577,1,0,0,0,0,0,38.5007786080777,3.22296096533885,16,32
53,1,0.7512,0.168840359710192,1.848,0.359200535947575,0,0,0.848,0.359200535947575,38.6223740858047,3.31384851281496,16,32
53,2,0.7408,0.178457858350949,1,0,0,0,0,0,39.2308720433923,3.26529379642685,16,32
54,1,0.7513,0.177679148691904,1.848,0.359200535947575,0,0,0.848,0.359200535947575,39.3274271964851,3.34120537462306,16,32
54,2,0.7368,0.174918141873153,1,0,0,0,0,0,39.967755994284,3.30297186844413,16,32
55,1,0.7525,0.179961485146506,1.848,0.359200535947575,0,0,0.848,0.359200535947575,40.032509263283,3.37865731401625,16,32
55,2,0.7352,0.176442886204267,1,0,0,0,0,0,40.7005877996397,3.34345162724694,16,32
56,1,0.7524,0.176820546050241,1.848,0.359200535947575,0,0,0.848,0.359200535947575,40.7387142396627,3.41080384270108,16,32
56,2,0.7329,0.180721471469912,1,0,0,0,0,0,41.4317550980968,3.38067867784229,16,32
57,1,0.7501,0.1775147923456,1.848,0.359200535947575,0,0,0.848,0.359200535947575,41.4447491540075,3.43592096813638,16,32
57,2,0.7275,0.184031566905294,1,0,0,0,0,0,42.1605621244677,3.41620037499406,16,32
58,1,0.7459,0.17791808464809,1.848,0.359200535947575,0,0,0.848,0.359200535947575,42.1484265382201,3.46202717241701,16,32
58,2,0.7157,0.186703959166292,1,0,0,0,0,0,42.8839269641097,3.45129376101982,16,32
59,1,0.7419,0.177047269777694,1.848,0.359200535947575,0,0,0.848,0.359200535947575,42.8478578453978,3.48620067823358,16,32
59,2,0.7134,0.187284584297575,1,0,0,0,0,0,43.5954877125774,3.48725844670659,16,32
60,1,0.7418,0.179178304671254,1.848,0.359200535947575,0,0,0.848,0.359200535947575,43.5432427411345,3.50650727199609,16,32
60,2,0.7073,0.185394393337773,1,0,0,0,0,0,44.304690835692,3.53003485519011,16,32
61,1,0.7415,0.177930911899561,1.848,0.359200535947575,0,0,0.848,0.359200535947575,44.2384586966151,3.53484486085347,16,32
61,2,0.7097,0.188497855270137,1,0,0,0,0,0,45.0077595307326,3.56749925796506,16,32
62,1,0.7371,0.179292319232408,1.848,0.359200535947575,0,0,0.848,0.359200535947575,44.933306955021,3.56619014574115,16,32
62,2,0.7056,0.186127062200217,1,0,0,0,0,0,45.7131433227375,3.60080658199774,16,32
63,1,0.7353,0.1828040681367,1.848,0.359200535947575,0,0,0.848,0.359200535947575,45.6237129255631,3.59437558000685,16,32
63,2,0.7002,0.183066855201791,1,0,0,0,0,0,46.414381918987,3.629503836627,16,32
64,1,0.7355,0.182765295264591,1.848,0.359200535947575,0,0,0.848,0.359200535947575,46.3122611604256,3.61737550765845,16,32
64,2,0.6932,0.185008075466959,1,0,0,0,0,0,47.110184306129,3.66307846843073,16,32
65,1,0.7371,0.184520019612067,1.848,0.359200535947575,0,0,0.848,0.359200535947575,47.0009392644883,3.64700974749939,16,32
65,2,0.6894,0.190062525932294,1,0,0,0,0,0,47.7989617722035,3.69289667898178,16,32
66,1,0.729,0.188187179197772,1.848,0.359200535947575,0,0,0.848,0.359200535947575,47.6911381339507,3.68022330787016,16,32
66,2,0.6787,0.200190874882914,1,0,0,0,0,0,48.4838949816572,3.72165488479843,16,32
67,1,0.7251,0.189038952932261,1.848,0.359200535947575,0,0,0.848,0.359200535947575,48.3732212701513,3.70984230082124,16,32
67,2,0.6662,0.205182015926493,1,0,0,0,0,0,49.1581300887637,3.7507552041513,16,32
68,1,0.7311,0.189363799731228,1.848,0.359200535947575,0,0,0.848,0.359200535947575,49.0513622419959,3.73466622740106,16,32
68,2,0.6531,0.211032994872662,1,0,0,0,0,0,49.8198812465824,3.78071867384724,16,32
69,1,0.725,0.19440368513172,1.848,0.359200535947575,0,0,0.848,0.359200535947575,49.735394736123,3.7580045772823,16,32
69,2,0.6395,0.216232528789048,1,0,0,0,0,0,50.4685550115228,3.80969384626745,16,32
70,1,0.7254,0.191445792566699,1.848,0.359200535947575,0,0,0.848,0.359200535947575,50.4133007742138,3.7818197781679,16,32
70,2,0.6336,0.224368851183451,1,0,0,0,0,0,51.103657430742,3.84559887048762,16,32
71,1,0.7165,0.188077439165688,1.848,0.359200535947575,0,0,0.848,0.359200535947575,51.0915362313389,3.80783326268701,16,32
71,2,0.6326,0.227835794266724,1,0,0,0,0,0,51.7328374975568,3.88438515065955,16,32
72,1,0.7155,0.189804572589218,1.848,0.359200535947575,0,0,0.848,0.359200535947575,51.7608668342611,3.83906685445889,16,32
72,2,0.6204,0.228333037416787,1,0,0,0,0,0,52.3609617215719,3.92856334460391,16,32
73,1,0.7128,0.192336042262373,1.848,0.359200535947575,0,0,0.848,0.359200535947575,52.4291376786226,3.86628785068399,16,32
73,2,0.6103,0.242946358138855,1,0,0,0,0,0,52.976910662059,3.97154409466577,16,32
74,1,0.7151,0.199202589520497,1.848,0.359200535947575,0,0,0.848,0.359200535947575,53.0946613351113,3.89749422289497,16,32
74,2,0.5851,0.25165715034809,1,0,0,0,0,0,53.5827714728511,4.02259677768193,16,32
75,1,0.7172,0.201108439913905,1.848,0.359200535947575,0,0,0.848,0.359200535947575,53.7624014812085,3.926580315069,16,32
75,2,0.57,0.260860207866298,1,0,0,0,0,0,54.1635574985408,4.08155108473236,16,32
76,1,0.7213,0.200090845233725,1.848,0.359200535947575,0,0,0.848,0.359200535947575,54.4321591614245,3.95534916345734,16,32
76,2,0.5453,0.268756655992257,1,0,0,0,0,0,54.7292982776207,4.14516623042498,16,32
77,1,0.7164,0.201324542894232,1.848,0.359200535947575,0,0,0.848,0.359200535947575,55.1059188224348,3.98831845094353,16,32
77,2,0.5178,0.277344695424448,1,0,0,0,0,0,55.270469500406,4.20765826594251,16,32
78,1,0.7127,0.204329294180889,1.848,0.359200535947575,0,0,0.848,0.359200535947575,55.7747486944628,4.01797905999747,16,32
78,2,0.4956,0.284607873470924,1,0,0,0,0,0,55.7842975534269,4.28010974472896,16,32
79,1,0.7078,0.209721584828894,1.848,0.359200535947575,0,0,0.848,0.359200535947575,56.4398404326735,4.04352389959409,16,32
79,2,0.4719,0.28789455235081,1,0,0,0,0,0,56.2760467186622,4.34985574283141,16,32
80,1,0.7131,0.210196509420524,1.848,0.359200535947575,0,0,0.848,0.359200535947575,57.1000042211282,4.0733437420778,16,32
80,2,0.4553,0.290648217586804,1,0,0,0,0,0,56.7442332106546,4.4130737120692,16,32
81,1,0.7143,0.214736167474465,1.848,0.359200535947575,0,0,0.839,0.367714854492192,57.7653597602494,4.1063305664228,16,32
81,2,0.4408,0.289169464119189,1,0,0,0,0,0,57.1959051607991,4.48486410452205,16,32
82,1,0.7125,0.21794781772537,1.848,0.359200535947575,0,0,0.412,0.492441365543654,58.4322854521362,4.14284103016698,16,32
82,2,0.4318,0.293726122493446,1,0,0,0,0,0,57.6331489251833,4.5642517564082,16,32
83,1,0.6643,0.244203081768321,1.848,0.359200535947575,0,0,0,0,59.1185347889813,4.18518028258111,16,32
83,2,0.4058,0.293994545515377,1,0,0,0,0,0,58.0614224670965,4.65415579245503,16,32
84,1,0.5959,0.264732456025462,1.848,0.359200535947575,0,0,0,0,59.7773436441957,4.19924320644445,16,32
84,2,0.3943,0.298473778742114,1,0,0,0,0,0,58.4638680992596,4.74731877194507,16,32
0,1,1,0,1,0,0,0,0,0,0,0,17,32
0,2,1,0,1,0,0,0,0,0,0,0,17,32
1,1,0.879,0.107287047263454,1,0,0.132,0.338660140392534,0,0,1,0,17,32
1,2,0.8783,0.10913762422291,1,0,0.13,0.336471712352188,0,0,1,0,17,32
2,1,0.8324,0.128789855294689,1.011,0.104354635210372,0.261,0.439399672362272,0.011,0.104354635210372,1.87231276,0.120165695148711,17,32
2,2,0.8301,0.134989674465169,1,0,0.291,0.454450795494436,0,0,1.87171282,0.121702965484845,17,32
3,1,0.8047,0.143556673542258,1.032,0.176088066055048,0.56,0.496635325612916,0.032,0.176088066055048,2.690949008188,0.214544589603886,17,32
3,2,0.8025,0.144515170949747,1,0,0.589,0.49226143594773,0,0,2.6870997181555,0.219842603230586,17,32
4,1,0.7845,0.150772950102074,1.091,0.287753022228789,0.351,0.477521755553637,0.091,0.287753022228789,3.46581650144023,0.318891824678823,17,32
4,2,0.7817,0.151320877634278,1,0,0.399,0.489937790988855,0,0,3.45991782634623,0.324579327909778,17,32
5,1,0.7785,0.160666000023538,1.12,0.325124138915747,0.368,0.48250265160806,0.12,0.325124138915747,4.22791158718118,0.430887799008954,17,32
5,2,0.7708,0.162584728046006,1,0,0.445,0.497214463005877,0,0,4.22136317204818,0.428111155961962,17,32
6,1,0.7693,0.161100786663081,1.162,0.368635174517967,0.466,0.499092269117739,0.162,0.368635174517967,4.98163461258364,0.543306019178655,17,32
6,2,0.7663,0.163893780147909,1,0,0.602,0.489730370546728,0,0,4.9695389718957,0.534644697266296,17,32
7,1,0.7647,0.162204254630451,1.21,0.407512044074854,0.329,0.470085077384913,0.21,0.407512044074854,5.71909198325388,0.646843813877791,17,32
7,2,0.7608,0.165198821577669,1,0,0.451,0.497842190705897,0,0,5.70529736231097,0.646172075774578,17,32
8,1,0.7615,0.165212121362341,1.241,0.427904314189635,0.382,0.486119648144685,0.241,0.427904314189635,6.45632571315556,0.738606757016889,17,32
8,2,0.7646,0.164966827132166,1,0,0.517,0.499960959436795,0,0,6.44303074231764,0.747362944640248,17,32
9,1,0.7574,0.165869686057317,1.277,0.447740406342192,0.324,0.468234175646378,0.277,0.447740406342192,7.18609163761267,0.829366767258042,17,32
9,2,0.7639,0.165753625191922,1,0,0.453,0.498035178515573,0,0,7.18118994912627,0.844602855940178,17,32
10,1,0.754,0.169979095458509,1.31,0.462724663395106,0.55,0.497742652128334,0.31,0.462724663395106,7.91278728439758,0.915856833263628,17,32
10,2,0.7509,0.165004292115134,1,0,0.835,0.37136627864268,0,0,7.92177309091402,0.944763980562808,17,32
11,1,0.754,0.1687971933786,1.359,0.479947236005532,0.641,0.479947236005532,0.193,0.394850486775573,8.62307660426227,0.998192710800778,17,32
11,2,0.7526,0.172112936361166,1,0,1,0,0,0,8.63021425994643,1.04060292146759,17,32
12,1,0.7589,0.169615917765873,1.43,0.495323475463606,0.57,0.495323475463606,0.128,0.334256978577453,9.33459346590977,1.06998198885976,17,32
12,2,0.7521,0.173221233096857,1,0,0.999,0.0316227766016838,0,0,9.33204178626053,1.12573565306099,17,32
13,1,0.7583,0.170880982880806,1.49,0.50015012761185,0.493,0.50020116073556,0.13,0.336471712352188,10.0577251435905,1.13908656824548,17,32
13,2,0.7563,0.166276751104771,1,0,0.973,0.162164414398774,0,0,10.0333496695251,1.20211446862284,17,32
14,1,0.7542,0.174736638667719,1.535,0.499023069631078,0.406,0.491330240678716,0.166,0.372266816386557,10.7839304155596,1.20450341834469,17,32
14,2,0.76,0.163544326550164,1,0,0.883,0.321581116383432,0,0,10.7400802762898,1.27444400923953,17,32
15,1,0.7519,0.171714518535492,1.572,0.495036423974096,0.331,0.470808518041741,0.211,0.408222544264333,11.5085152355916,1.27460529341207,17,32
15,2,0.7606,0.167737222391978,1,0,0.756,0.429707631592282,0,0,11.4549287374528,1.33254814704809,17,32
16,1,0.7576,0.168554592493502,1.601,0.489937790988855,0.261,0.439399672362272,0.242,0.428508599236491,12.2322287963019,1.34637215337697,17,32
16,2,0.7631,0.166961870695876,1,0,0.636,0.481389380580561,0,0,12.176645296064,1.38919914051661,17,32
17,1,0.7498,0.167236144203124,1.628,0.483580241376599,0.188,0.390907672998125,0.272,0.4452125494797,12.9635077548318,1.42212847428446,17,32
17,2,0.7535,0.167737550613707,1,0,0.51,0.50015012761185,0,0,12.9067760932146,1.45298050421992,17,32
18,1,0.751,0.169374400922004,1.649,0.477521755553637,0.146,0.353282901948012,0.294,0.455819889618445,13.6890731827858,1.49605323957523,17,32
18,2,0.7528,0.173903428380243,1,0,0.413,0.492619197427053,0,0,13.6335394827997,1.51438288631545,17,32
19,1,0.7489,0.172709636727713,1.659,0.474282557073254,0.108,0.310535718448671,0.319,0.466322266738847,14.4167620975611,1.57485734610601,17,32
19,2,0.7564,0.172884148865444,1,0,0.339,0.473606696852255,0,0,14.364372732392,1.58570727924788,17,32
20,1,0.7493,0.170788403232417,1.676,0.468234175646378,0.102,0.302799748493435,0.337,0.472921404310119,15.1429309959669,1.65282247262417,17,32
20,2,0.748,0.169128958503872,1,0,0.396,0.489309128694145,0,0,15.1024190411353,1.65728805552455,17,32
21,1,0.7427,0.174117853843387,1.682,0.465932498429862,0.12,0.325124138915747,0.35,0.477208264521611,15.8688276771031,1.726077589681,17,32
21,2,0.7477,0.172755765618849,1,0,0.474,0.499573391578829,0,0,15.8291640238855,1.72629510350524,17,32
22,1,0.7488,0.176492803563516,1.694,0.461060274342278,0.136,0.342960087505269,0.362,0.480819287453392,16.586518866467,1.80291676531885,17,32
22,2,0.7507,0.170788403232417,1,0,0.534,0.499092269117739,0,0,16.551645143323,1.79202362766177,17,32
23,1,0.7524,0.174024494036111,1.704,0.45671938057476,0.175,0.380157229997694,0.372,0.483580241376599,17.3088279575617,1.8790770926708,17,32
23,2,0.7502,0.172364931670191,1,0,0.609,0.488218554908923,0,0,17.2740540146486,1.8456820027828,17,32
24,1,0.7467,0.170757923002912,1.728,0.4452125494797,0.162,0.368635174517967,0.384,0.486601254397048,18.0322121756548,1.94766039530137,17,32
24,2,0.7482,0.173397885877616,1,0,0.58,0.49380547166252,0,0,17.992150409342,1.89201909750997,17,32
25,1,0.7415,0.173602672467586,1.744,0.436640189005381,0.153,0.360167628640777,0.417,0.493309592805932,18.7498875997435,2.01437514227461,17,32
25,2,0.7426,0.173075692097981,1,0,0.563,0.496263314458441,0,0,18.7096263128791,1.93392844178049,17,32
26,1,0.7433,0.175287865626334,1.76,0.427296831936047,0.15,0.357250091151322,0.447,0.497431843008103,19.4611072371045,2.07162177626132,17,32
26,2,0.7476,0.171299689385543,1,0,0.58,0.49380547166252,0,0,19.4222923295868,1.97948368659513,17,32
27,1,0.7456,0.177177967117901,1.773,0.41910219117376,0.154,0.36112935966827,0.482,0.499925920438144,20.1727045839631,2.12715074686815,17,32
27,2,0.7468,0.170994149019781,1,0,0.595,0.491137675419242,0,0,20.1390263031695,2.02188429931703,17,32
28,1,0.7439,0.171324668807916,1.785,0.41102791139282,0.138,0.345072564941166,0.505,0.50022517452166,20.8845798273145,2.18566092058465,17,32
28,2,0.7438,0.174218001113295,1,0,0.555,0.497214463005877,0,0,20.8541427829189,2.05922651949164,17,32
29,1,0.7497,0.168309946937899,1.802,0.398691553653893,0.095,0.293361655744341,0.526,0.499573391578829,21.5943396153993,2.237429475755,17,32
29,2,0.7426,0.173075692097981,1,0,0.505,0.50022517452166,0,0,21.5681905472436,2.09162462377287,17,32
30,1,0.747,0.166909732666669,1.809,0.393285740491152,0.094,0.291974740772638,0.553,0.497431843008103,22.310908445494,2.28856181486194,17,32
30,2,0.7482,0.174777879914214,1,0,0.418,0.49347696959384,0,0,22.2834631420651,2.12583886895949,17,32
31,1,0.7507,0.168724562461954,1.818,0.386037595351832,0.071,0.256953351846254,0.581,0.493642261848277,23.023417601322,2.33795418791569,17,32
31,2,0.7519,0.173107932678882,1,0,0.28,0.449223554371097,0,0,23.0085844028692,2.15626068933153,17,32
32,1,0.7582,0.165590398816417,1.82,0.384379692163553,0.056,0.230036772966665,0.601,0.489937790988855,23.7392948272614,2.37797823007784,17,32
32,2,0.7478,0.171068478757556,1,0,0.249,0.432650189166937,0,0,23.7442003407897,2.19113045046053,17,32
33,1,0.7594,0.166009635862498,1.828,0.377569276502417,0.048,0.213873190797121,0.628,0.483580241376599,24.4623273014023,2.42724472160903,17,32
33,2,0.7483,0.173744920205735,1,0,0.256,0.436640189005381,0,0,24.477200864481,2.2266025378289,17,32
34,1,0.761,0.166393168990457,1.83,0.375820756799357,0.033,0.178725887724591,0.642,0.479652026021017,25.1855366486144,2.47293900598364,17,32
34,2,0.7434,0.173050242375983,1,0,0.197,0.397931337480914,0,0,25.2102775939111,2.26641583893685,17,32
35,1,0.7598,0.166408087699041,1.833,0.373162498451077,0.018,0.133017644294634,0.667,0.47152235719352,25.9103180741384,2.51870923350713,17,32
35,2,0.7447,0.172515714274589,1,0,0.175,0.380157229997694,0,0,25.9413376347405,2.31492712953454,17,32
36,1,0.7606,0.165151188051782,1.834,0.372266816386557,0.014,0.117549214450024,0.687,0.463946382943381,26.6333329614159,2.5606646814078,17,32
36,2,0.7489,0.17501262645712,1,0,0.116,0.320385153598987,0,0,26.67471618383,2.36816615658641,17,32
37,1,0.7613,0.168821831558631,1.834,0.372266816386557,0.027,0.162164414398774,0.701,0.458048915301421,27.3562755472048,2.59624500288089,17,32
37,2,0.7521,0.174545283683221,1,0,0.148,0.355277669185979,0,0,27.4151457000587,2.40863498103308,17,32
38,1,0.7554,0.167148971814902,1.837,0.369550493934953,0.014,0.117549214450024,0.717,0.450681832465115,28.0784982394111,2.63561602085767,17,32
38,2,0.7527,0.176759593668785,1,0,0.091,0.287753022228789,0,0,28.1570952639793,2.44502991716183,17,32
39,1,0.7588,0.169798090069916,1.839,0.367714854492192,0.02,0.140070052543788,0.728,0.4452125494797,28.7946216568677,2.67238203263269,17,32
39,2,0.7489,0.175754600735456,1,0,0.114,0.317970289657863,0,0,28.9024075471679,2.49264668551873,17,32
40,1,0.757,0.169764012145743,1.84,0.366789496216201,0.013,0.113330683593826,0.736,0.441019839121211,29.5132135358547,2.71112658507938,17,32
40,2,0.7519,0.172934369910369,1,0,0.045,0.207407854282373,0,0,29.6427145674939,2.53747325989593,17,32
41,1,0.758,0.170778116763141,1.841,0.36585906146063,0.002,0.0446989708829856,0.75,0.433229370758364,30.2298909412421,2.75723805629335,17,32
41,2,0.7487,0.175239889919559,1,0,0.027,0.162164414398774,0,0,30.3893718073642,2.58056521657224,17,32
42,1,0.7573,0.16927895724326,1.841,0.36585906146063,0.005,0.0705689732104696,0.769,0.421683313419937,30.94734320085,2.79395682682109,17,32
42,2,0.7449,0.174311142427483,1,0,0.036,0.186383311320351,0,0,31.133663792675,2.62008103909033,17,32
43,1,0.7626,0.170147554170462,1.841,0.36585906146063,0.009,0.0944877131056093,0.785,0.41102791139282,31.6629312597545,2.82771432340314,17,32
43,2,0.7466,0.173200572858286,1,0,0.051,0.220107808692576,0,0,31.8736491622435,2.66357211777191,17,32
44,1,0.761,0.171838670061568,1.843,0.363982806576744,0.007,0.0834143750078963,0.801,0.399447817065707,32.3827293086291,2.86685503710076,17,32
44,2,0.7508,0.175699260756072,1,0,0.029,0.167890402308134,0,0,32.6145064568419,2.70861296512298,17,32
45,1,0.7559,0.174285873109571,1.843,0.363982806576744,0.006,0.0772655807586403,0.808,0.394070160366516,33.1001654759712,2.90788151651878,17,32
45,2,0.7439,0.170680760257042,1,0,0.031,0.173404351355637,0,0,33.3605663957787,2.74954529657212,17,32
46,1,0.75,0.169908413178597,1.843,0.363982806576744,0,0,0.813,0.390106630529633,33.8121541463132,2.9474952279728,17,32
46,2,0.74,0.171666739555074,1,0,0.003,0.054717401199198,0,0,34.0995831595208,2.7926736309258,17,32
47,1,0.7512,0.17218655060198,1.843,0.363982806576744,0,0,0.823,0.381859682104326,34.5182484673293,2.97860195384339,17,32
47,2,0.7432,0.172868862562474,1,0,0,0,0,0,34.8360374957494,2.82383610071605,17,32
48,1,0.7492,0.170083180497921,1.843,0.363982806576744,0,0,0.83,0.375820756799357,35.224968896469,3.0082953918558,17,32
48,2,0.7442,0.175377071241132,1,0,0,0,0,0,35.5757524777037,2.856417587362,17,32
49,1,0.7494,0.173232934656345,1.843,0.363982806576744,0,0,0.83,0.375820756799357,35.9292799070984,3.04368579332255,17,32
49,2,0.7441,0.174285873109571,1,0,0,0,0,0,36.3163886994224,2.89630498578571,17,32
50,1,0.7507,0.177400622831435,1.843,0.363982806576744,0,0,0.832,0.374053359717455,36.633719508975,3.07761600845177,17,32
50,2,0.7462,0.173307805928053,1,0,0,0,0,0,37.0568513463449,2.93391652087311,17,32
51,1,0.7455,0.177005878662493,1.843,0.363982806576744,0,0,0.837,0.369550493934953,37.339282681568,3.11691135771861,17,32
51,2,0.7469,0.174300805422037,1,0,0,0,0,0,37.7993294726865,2.97573093411594,17,32
52,1,0.7462,0.172960907361969,1.843,0.363982806576744,0,0,0.84,0.366789496216201,38.0393530234696,3.15043608668613,17,32
52,2,0.7429,0.171461333801499,1,0,0,0,0,0,38.542429790126,3.00876508733485,17,32
53,1,0.7396,0.174075104889074,1.843,0.363982806576744,0,0,0.84,0.366789496216201,38.7399005056178,3.18306467412231,17,32
53,2,0.7396,0.170178731928525,1,0,0,0,0,0,39.281476544582,3.04661620324434,17,32
54,1,0.7368,0.176513220232698,1.843,0.363982806576744,0,0,0.842,0.364923511395428,39.4338128222242,3.21777896985185,17,32
54,2,0.7369,0.173777411042369,1,0,0,0,0,0,40.0171668389658,3.08171487003807,17,32
55,1,0.7351,0.175181844603482,1.843,0.363982806576744,0,0,0.843,0.363982806576744,40.1247713661718,3.24760175260097,17,32
55,2,0.748,0.177108349231106,1,0,0,0,0,0,40.75009810575,3.11058604939803,17,32
56,1,0.7415,0.17617828693908,1.843,0.363982806576744,0,0,0.843,0.363982806576744,40.8139204133234,3.28179624132875,17,32
56,2,0.7414,0.176230238883959,1,0,0,0,0,0,41.4939951939517,3.14491051823048,17,32
57,1,0.7434,0.175405835727342,1.843,0.363982806576744,0,0,0.843,0.363982806576744,41.5093648039531,3.31254823290757,17,32
57,2,0.7417,0.17816524030476,1,0,0,0,0,0,42.2312547509873,3.17698919647505,17,32
58,1,0.7436,0.176664230251204,1.843,0.363982806576744,0,0,0.843,0.363982806576744,42.2066288504122,3.34231245860781,17,32
58,2,0.7412,0.17887021706968,1,0,0,0,0,0,42.9687388768464,3.22088142434718,17,32
59,1,0.7466,0.175497120316087,1.843,0.363982806576744,0,0,0.843,0.363982806576744,42.9040220137665,3.3741931409855,17,32
59,2,0.7354,0.171977953285927,1,0,0,0,0,0,43.7056521460434,3.26562001918967,17,32
60,1,0.7488,0.178298486674313,1.843,0.363982806576744,0,0,0.843,0.363982806576744,43.604327789037,3.40063096899417,17,32
60,2,0.7426,0.173941069030564,1,0,0,0,0,0,44.4367258448637,3.30389336525162,17,32
61,1,0.7478,0.176142516690849,1.843,0.363982806576744,0,0,0.843,0.363982806576744,44.3067503725949,3.42160605599828,17,32
61,2,0.745,0.171535490276573,1,0,0,0,0,0,45.1748833635081,3.34019785160576,17,32
62,1,0.7426,0.172728327367213,1.843,0.363982806576744,0,0,0.843,0.363982806576744,45.0081087956303,3.44874893636914,17,32
62,2,0.7476,0.174082005228986,1,0,0,0,0,0,45.9153524702344,3.36889403305922,17,32
63,1,0.7504,0.17450011544492,1.843,0.363982806576744,0,0,0.843,0.363982806576744,45.7042292246878,3.48258849093542,17,32
63,2,0.745,0.167221299369916,1,0,0,0,0,0,46.6583314591178,3.39500970611199,17,32
64,1,0.7556,0.17308552394293,1.843,0.363982806576744,0,0,0.843,0.363982806576744,46.4080310537271,3.51651541379449,17,32
64,2,0.7438,0.167001345651613,1,0,0,0,0,0,47.3986524794274,3.4162421212135,17,32
65,1,0.7544,0.173639830657573,1.843,0.363982806576744,0,0,0.843,0.363982806576744,47.1169293271992,3.54957728517624,17,32
65,2,0.7432,0.17135671309617,1,0,0,0,0,0,48.1377071234929,3.43441816407754,17,32
66,1,0.7469,0.174358225475,1.843,0.363982806576744,0,0,0.843,0.363982806576744,47.8245644859363,3.58207842136411,17,32
66,2,0.7431,0.170826144285854,1,0,0,0,0,0,48.8760917496402,3.45899855682049,17,32
67,1,0.7471,0.171175029986534,1.843,0.363982806576744,0,0,0.843,0.363982806576744,48.5246782206252,3.61065799381788,17,32
67,2,0.7436,0.171547277648083,1,0,0,0,0,0,49.6143031951845,3.48798477034086,17,32
68,1,0.7387,0.173211755698949,1.843,0.363982806576744,0,0,0.843,0.363982806576744,49.224920608353,3.63952284842141,17,32
68,2,0.7466,0.173142768888621,1,0,0,0,0,0,50.3529374806152,3.51867012641047,17,32
69,1,0.7391,0.178810411226984,1.843,0.363982806576744,0,0,0.843,0.363982806576744,49.9167499009104,3.66407922829158,17,32
69,2,0.753,0.168580602144551,1,0,0,0,0,0,51.0944775708073,3.54335957995724,17,32
70,1,0.7332,0.17773392852618,1.843,0.363982806576744,0,0,0.843,0.363982806576744,50.6089072599016,3.69731565069365,17,32
70,2,0.7496,0.169021916946911,1,0,0,0,0,0,51.8422994967997,3.56615319111949,17,32
71,1,0.7373,0.173749529204827,1.843,0.363982806576744,0,0,0.843,0.363982806576744,51.2951365609943,3.73762776320429,17,32
71,2,0.7522,0.165839267553444,1,0,0,0,0,0,52.5866703586752,3.58699621813298,17,32
72,1,0.7429,0.171169182065256,1.843,0.363982806576744,0,0,0.843,0.363982806576744,51.9853682308079,3.77615484630529,17,32
72,2,0.7512,0.170668355847496,1,0,0,0,0,0,53.3335483879262,3.60564657859494,17,32
73,1,0.7459,0.170035590692367,1.843,0.363982806576744,0,0,0.843,0.363982806576744,52.6810907002572,3.81723847567405,17,32
73,2,0.744,0.173476494356135,1,0,0,0,0,0,54.0793589038738,3.63334246967096,17,32
74,1,0.7437,0.173926882800102,1.843,0.363982806576744,0,0,0.843,0.363982806576744,53.3797217761132,3.85191750351732,17,32
74,2,0.7452,0.172646363317525,1,0,0,0,0,0,54.8179472100009,3.66206904696404,17,32
75,1,0.7425,0.173013536128488,1.843,0.363982806576744,0,0,0.843,0.363982806576744,54.0760992095821,3.88483182917296,17,32
75,2,0.7464,0.172443546637086,1,0,0,0,0,0,55.5576528096316,3.68961026900936,17,32
76,1,0.7417,0.178894139404043,1.843,0.363982806576744,0,0,0.843,0.363982806576744,54.7712159720884,3.9130358581488,17,32
76,2,0.7425,0.177130249040431,1,0,0,0,0,0,56.2984754719216,3.71776302591513,17,32
77,1,0.7411,0.17564635390933,1.843,0.363982806576744,0,0,0.843,0.363982806576744,55.4654692801747,3.9438268741742,17,32
77,2,0.7445,0.178890334427972,1,0,0,0,0,0,57.0353535810689,3.74153483171718,17,32
78,1,0.7395,0.177147201872147,1.843,0.363982806576744,0,0,0.843,0.363982806576744,56.159057765418,3.97007732395841,17,32
78,2,0.7382,0.178809207628502,1,0,0,0,0,0,57.7741426607794,3.77513645410741,17,32
79,1,0.7399,0.178969327036842,1.843,0.363982806576744,0,0,0.843,0.363982806576744,56.8509893238862,4.0044519374925,17,32
79,2,0.7322,0.180321035033841,1,0,0,0,0,0,58.5066068128712,3.80994479542918,17,32
80,1,0.7404,0.179722397435991,1.843,0.363982806576744,0,0,0.842,0.364923511395428,57.543248541491,4.03950464480813,17,32
80,2,0.7255,0.177626859740585,1,0,0,0,0,0,59.2330449341614,3.84457663362736,17,32
81,1,0.7394,0.175437790736256,1.843,0.363982806576744,0,0,0.833,0.373162498451077,58.2359841505089,4.07147545213255,17,32
81,2,0.7275,0.183922748939813,1,0,0,0,0,0,59.9527638004689,3.87931331640092,17,32
82,1,0.742,0.175004647442937,1.843,0.363982806576744,0,0,0.362,0.480819287453392,58.9281049231928,4.09924954578358,17,32
82,2,0.7275,0.18614080261565,1,0,0,0,0,0,60.6743945595195,3.91410531300094,17,32
83,1,0.7388,0.176934637269998,1.843,0.363982806576744,0,0,0,0,59.6460929199297,4.1345154892495,17,32
83,2,0.7237,0.189958928177631,1,0,0,0,0,0,61.3959531554941,3.94677154894974,17,32
84,1,0.7311,0.183129261250971,1.843,0.363982806576744,0,0,0,0,60.3787859535475,4.15401546790778,17,32
84,2,0.7192,0.186939311826877,1,0,0,0,0,0,62.1136710066436,3.97854127555185,17,32
0,1,1,0,1,0,0,0,0,0,0,0,18,32
0,2,1,0,1,0,0,0,0,0,0,0,18,32
1,1,0.8837,0.106562965732311,1,0,0.112,0.315524255098646,0,0,1,0,18,32
1,2,0.8853,0.106982967594638,1,0,0.112,0.315524255098646,0,0,1,0,18,32
2,1,0.8333,0.130760117039594,1.017,0.129335717138491,0.277,0.447740406342192,0.017,0.129335717138491,1.87801219,0.11807432238599,18,32
2,2,0.8383,0.13122625625358,1,0,0.257,0.437198058255228,0,0,1.87961203,0.118613522527178,18,32
3,1,0.8084,0.144326956145657,1.052,0.222138122224316,0.531,0.49928778103243,0.052,0.222138122224316,2.696448478186,0.217834269350228,18,32
3,2,0.813,0.136929725588529,1,0,0.573,0.494889801790172,0,0,2.7048969482545,0.215575984774131,18,32
4,1,0.7922,0.151532577758455,1.11,0.313046319253234,0.305,0.460637804774193,0.11,0.313046319253234,3.47546472656272,0.323857450057906,18,32
4,2,0.7962,0.148551767500853,1,0,0.385,0.486838794686714,0,0,3.48901166678422,0.309846214520755,18,32
5,1,0.783,0.156638231398135,1.145,0.352277020396022,0.319,0.466322266738847,0.145,0.352277020396022,4.24660619284664,0.431331635484648,18,32
5,2,0.7822,0.15603687867779,1,0,0.423,0.494282626960846,0,0,4.26565093339811,0.408958696099862,18,32
6,1,0.7732,0.158325066956647,1.177,0.381859682104326,0.483,0.499960959436795,0.177,0.381859682104326,5.00602636881904,0.539777935807833,18,32
6,2,0.7728,0.157241485889968,1,0,0.589,0.49226143594773,0,0,5.0263204844955,0.504462660113378,18,32
7,1,0.7758,0.157477487785268,1.228,0.419752536850216,0.299,0.458048915301421,0.228,0.419752536850216,5.74578235983423,0.636744966725238,18,32
7,2,0.7692,0.158481785945504,1,0,0.434,0.495872856577056,0,0,5.76922458598313,0.598363197125973,18,32
8,1,0.7749,0.159641709698548,1.26,0.438853725736256,0.344,0.475278749672116,0.26,0.438853725736256,6.49470790219251,0.72804168811024,18,32
8,2,0.766,0.170155672702831,1,0,0.497,0.500241183071967,0,0,6.51620149293197,0.69318511858946,18,32
9,1,0.7671,0.163628739420569,1.293,0.45536618051669,0.287,0.452587931606484,0.293,0.45536618051669,7.23881235066681,0.817004567139893,18,32
9,2,0.7512,0.165789161425125,1,0,0.471,0.499408058013093,0,0,7.25675878041247,0.794311309990608,18,32
10,1,0.762,0.167104529932387,1.319,0.466322266738847,0.524,0.499673567115245,0.319,0.466322266738847,7.97624832632082,0.90546577119003,18,32
10,2,0.7469,0.173610283481511,1,0,0.819,0.385210834981815,0,0,7.98375415730536,0.888353491749042,18,32
11,1,0.7599,0.16712246982354,1.375,0.48436516143258,0.625,0.48436516143258,0.198,0.398691553653893,8.69537880016695,0.990046517693438,18,32
11,2,0.7386,0.170936418762238,1,0,1,0,0,0,8.68899852489816,0.984914338492117,18,32
12,1,0.7571,0.164306380237003,1.438,0.496389365722517,0.562,0.496389365722517,0.129,0.33536766610911,9.41333857036088,1.06544906185589,18,32
12,2,0.7429,0.173550308872412,1,0,0.998,0.0446989708829856,0,0,9.37684144351456,1.06119027778706,18,32
13,1,0.7551,0.168886093307035,1.482,0.499925920438144,0.506,0.500214168346134,0.126,0.332015412645609,10.135021987085,1.13505369378896,18,32
13,2,0.7476,0.169891445055668,1,0,0.964,0.186383311320351,0,0,10.0690103007421,1.13804002898556,18,32
14,1,0.7471,0.173267456874081,1.526,0.499573391578829,0.432,0.495602281695334,0.172,0.377569276502417,10.8575820012081,1.20102660018456,18,32
14,2,0.7477,0.174370625723242,1,0,0.901,0.29881145943268,0,0,10.7675016260742,1.20776823793743,18,32
15,1,0.7474,0.168111574561365,1.572,0.495036423974096,0.351,0.477521755553637,0.218,0.413093992508541,11.5734789933262,1.26923072715566,18,32
15,2,0.7427,0.168389622795067,1,0,0.788,0.408929362143663,0,0,11.46916855523,1.2792732961361,18,32
16,1,0.7537,0.175946773960955,1.597,0.490746198998863,0.271,0.444698500960771,0.255,0.436079310636454,12.2913513228967,1.33470032356024,18,32
16,2,0.7479,0.175517510227317,1,0,0.67,0.470448000656099,0,0,12.1714143433751,1.34622039754702,18,32
17,1,0.7448,0.173617692367751,1.623,0.484877413483146,0.192,0.394070160366516,0.291,0.454450795494436,13.0175883553695,1.40678769454556,18,32
17,2,0.7431,0.171819416574239,1,0,0.559,0.496755237280661,0,0,12.8846721602551,1.41492154668343,18,32
18,1,0.7496,0.17632620602432,1.639,0.480530862598762,0.14,0.347160655202344,0.313,0.463946382943381,13.7370142299636,1.48897563717491,18,32
18,2,0.751,0.168900939984144,1,0,0.445,0.497214463005877,0,0,13.598607377373,1.48560651150514,18,32
19,1,0.7546,0.17403772329334,1.653,0.476253942574566,0.104,0.305413289293831,0.33,0.470448000656099,14.4626568316041,1.56793293736224,18,32
19,2,0.7503,0.169081336931367,1,0,0.377,0.484877413483146,0,0,14.3260467417661,1.55210943441702,18,32
20,1,0.7476,0.17687714811565,1.664,0.472575208117531,0.105,0.306706812883361,0.346,0.475931203547856,15.1941655741532,1.65184210676376,18,32
20,2,0.7502,0.168310095622004,1,0,0.416,0.493140129362017,0,0,15.0561082368371,1.62364006095553,18,32
21,1,0.7534,0.174295205954779,1.676,0.468234175646378,0.116,0.320385153598987,0.355,0.478752758952055,15.917766850922,1.7364413816603,18,32
21,2,0.7437,0.170144818490776,1,0,0.507,0.50020116073556,0,0,15.7840508218659,1.69924851449108,18,32
22,1,0.7431,0.176305057991748,1.688,0.463541660340115,0.146,0.353282901948012,0.371,0.483314175865547,16.6460856976368,1.81975184148981,18,32
22,2,0.7486,0.171719327763439,1,0,0.56,0.496635325612916,0,0,16.5008937944459,1.77380560912827,18,32
23,1,0.7436,0.175698349195176,1.702,0.457608353732103,0.183,0.386860001370859,0.383,0.486361539955153,17.3617594033802,1.89903908670582,18,32
23,2,0.7484,0.170312790026018,1,0,0.59,0.492079406338187,0,0,17.2199101379227,1.83951873230259,18,32
24,1,0.7449,0.17568396299849,1.717,0.450681832465115,0.187,0.390106630529633,0.392,0.488440963243844,18.0754160218231,1.96861478827311,18,32
24,2,0.7463,0.1745186716852,1,0,0.588,0.492441365543654,0,0,17.9371584854672,1.89518954810267,18,32
25,1,0.7511,0.177285702244203,1.736,0.441019839121211,0.17,0.375820756799357,0.412,0.492441365543654,18.7896497163967,2.03579802546703,18,32
25,2,0.7479,0.174143377467867,1,0,0.518,0.499925920438144,0,0,18.652339902661,1.95423212566481,18,32
26,1,0.7495,0.175415280179694,1.753,0.431482534034898,0.173,0.37843653921657,0.439,0.496513368929302,19.5098468807371,2.10008114684966,18,32
26,2,0.7472,0.177210506357731,1,0,0.573,0.494889801790172,0,0,19.3725370670013,2.00402037197666,18,32
27,1,0.751,0.174784294344628,1.766,0.423584021680969,0.164,0.370460849809047,0.471,0.499408058013093,20.226880075294,2.1648391919069,18,32
27,2,0.7384,0.172496942567673,1,0,0.584,0.493140129362017,0,0,20.0892211704216,2.05316088395247,18,32
28,1,0.7458,0.175022835632934,1.785,0.41102791139282,0.135,0.341894562536306,0.495,0.50022517452166,20.9441906227589,2.22172654381702,18,32
28,2,0.7411,0.175189844116266,1,0,0.557,0.496988931464271,0,0,20.7965088176404,2.09616778716634,18,32
29,1,0.7552,0.176930111242446,1.791,0.406797842281009,0.119,0.323950527000565,0.518,0.499925920438144,21.6564932804744,2.28327850248519,18,32
29,2,0.7447,0.181286443990649,1,0,0.488,0.500106094849989,0,0,21.5077644113903,2.13877018442557,18,32
30,1,0.7516,0.175522785552897,1.798,0.401693113405442,0.1,0.300150112593832,0.542,0.498482180709085,22.377748499634,2.34215449207403,18,32
30,2,0.7427,0.177251595558765,1,0,0.437,0.496263314458441,0,0,22.225978463178,2.17755557230968,18,32
31,1,0.7517,0.172414723376041,1.811,0.391704521843229,0.068,0.251871871076227,0.572,0.495036423974096,23.0950931265398,2.40270539558894,18,32
31,2,0.746,0.174741336078601,1,0,0.297,0.457165178026498,0,0,22.9446690459509,2.21469338276313,18,32
32,1,0.7465,0.16851156086793,1.818,0.386037595351832,0.054,0.226130792098589,0.596,0.4909429956981,23.812565399912,2.45842655989048,18,32
32,2,0.7524,0.17687714811565,1,0,0.254,0.43551541152257,0,0,23.6735558775141,2.24897858306336,18,32
33,1,0.7508,0.172537326770555,1.823,0.381859682104326,0.056,0.230036772966665,0.626,0.484105730557239,24.5242841378131,2.51545219899425,18,32
33,2,0.749,0.174669715490435,1,0,0.248,0.432067914433232,0,0,24.4108925027599,2.29129133253184,18,32
34,1,0.7482,0.173570985152723,1.826,0.379299179893482,0.036,0.186383311320351,0.653,0.476253942574566,25.2386228080817,2.56284427347264,18,32
34,2,0.7469,0.175616716833083,1,0,0.202,0.401693113405442,0,0,25.145065607992,2.335739755669,18,32
35,1,0.7501,0.175244688081267,1.832,0.374053359717455,0.029,0.167890402308134,0.671,0.470085077384913,25.9499500579514,2.61661569582123,18,32
35,2,0.7482,0.176203881364196,1,0,0.17,0.375820756799357,0,0,25.8793646170344,2.38532531387847,18,32
36,1,0.7557,0.174005137245392,1.834,0.372266816386557,0.018,0.133017644294634,0.693,0.461480188051409,26.6625514581199,2.67037785740116,18,32
36,2,0.7514,0.169902639493643,1,0,0.109,0.311795151046671,0,0,26.6164800634119,2.4308396560757,18,32
37,1,0.7578,0.174612856484423,1.837,0.369550493934953,0.023,0.149978310076802,0.705,0.456270953692193,27.3801134499272,2.71842588355533,18,32
37,2,0.7513,0.175411171477415,1,0,0.141,0.34819569244929,0,0,27.3597493375753,2.48412560005061,18,32
38,1,0.7607,0.172264869271669,1.839,0.367714854492192,0.013,0.113330683593826,0.722,0.448237567498438,28.0988490688507,2.7611194546453,18,32
38,2,0.756,0.17605395478374,1,0,0.084,0.277526613176144,0,0,28.1012505635023,2.52912467734576,18,32
39,1,0.755,0.172582689702023,1.843,0.363982806576744,0.013,0.113330683593826,0.731,0.443661848524116,28.8200531421173,2.80239199694324,18,32
39,2,0.7462,0.174573869854672,1,0,0.107,0.309267920493941,0,0,28.8501990023197,2.57115535010601,18,32
40,1,0.7551,0.177159180894966,1.843,0.363982806576744,0.009,0.0944877131056093,0.74,0.438853725736256,29.5350590344612,2.83953437061081,18,32
40,2,0.7445,0.17424152808705,1,0,0.05,0.218054001448145,0,0,29.5881651702537,2.61336634033144,18,32
41,1,0.7597,0.177136352246757,1.843,0.363982806576744,0.003,0.054717401199198,0.745,0.436079310636454,30.2498440250474,2.88118402147654,18,32
41,2,0.7377,0.170639467380286,1,0,0.022,0.146756729104793,0,0,30.3272029505295,2.65255391922895,18,32
42,1,0.755,0.173335065826408,1.843,0.363982806576744,0.004,0.0631505185092568,0.77,0.421043082447957,30.969188510215,2.92250927882763,18,32
42,2,0.7468,0.174872354419846,1,0,0.032,0.176088066055048,0,0,31.0607889228048,2.6907261309023,18,32
43,1,0.7563,0.1714926229309,1.844,0.363036906933435,0.01,0.0995485304256668,0.791,0.406797842281009,31.6824862093429,2.96636438748578,18,32
43,2,0.7479,0.173682917282489,1,0,0.057,0.231958627355839,0,0,31.8028654904302,2.72536192861462,18,32
44,1,0.7587,0.169626304219255,1.844,0.363036906933435,0.003,0.054717401199198,0.802,0.398691553653893,32.39566279325,3.00623760423257,18,32
44,2,0.7447,0.175735007305866,1,0,0.027,0.162164414398774,0,0,32.5447184940462,2.75995795765778,18,32
45,1,0.7488,0.174036918062947,1.844,0.363036906933435,0.002,0.0446989708829856,0.807,0.394850486775573,33.1109584002816,3.05416831860304,18,32
45,2,0.7562,0.173007200692606,1,0,0.035,0.18387171834953,0,0,33.2848047763024,2.80176725800741,18,32
46,1,0.748,0.176031210263939,1.845,0.362085771753194,0.001,0.0316227766016838,0.809,0.393285740491152,33.8161278279056,3.09965237318277,18,32
46,2,0.7557,0.171396869536427,1,0,0.007,0.0834143750078963,0,0,34.035867209663,2.84003328176194,18,32
47,1,0.7458,0.175878632281734,1.845,0.362085771753194,0,0,0.815,0.388491860823269,34.5203806398023,3.15001742229704,18,32
47,2,0.7541,0.170916360838869,1,0,0,0,0,0,34.7877504060816,2.87524664703147,18,32
48,1,0.7417,0.172745335540358,1.845,0.362085771753194,0,0,0.823,0.381859682104326,35.222124514973,3.19419501768503,18,32
48,2,0.7488,0.171779125821702,1,0,0,0,0,0,35.5383142756883,2.90699661225096,18,32
49,1,0.7443,0.178267465593948,1.845,0.362085771753194,0,0,0.827,0.37843653921657,35.9193197650739,3.23821031779371,18,32
49,2,0.7447,0.17234155509224,1,0,0,0,0,0,36.2835284692156,2.93533050103113,18,32
50,1,0.7399,0.179639250333161,1.845,0.362085771753194,0,0,0.833,0.373162498451077,36.6188335638296,3.28383636126543,18,32
50,2,0.7435,0.173977061758204,1,0,0,0,0,0,37.024588183183,2.9670907727446,18,32
51,1,0.737,0.174302557013319,1.845,0.362085771753194,0,0,0.84,0.366789496216201,37.3136008537225,3.32864432029499,18,32
51,2,0.7409,0.172994558056365,1,0,0,0,0,0,37.7643797765025,3.0031934490944,18,32
52,1,0.741,0.179920458456984,1.845,0.362085771753194,0,0,0.844,0.363036906933435,38.0050652005165,3.37118894038004,18,32
52,2,0.7458,0.178421395001256,1,0,0,0,0,0,38.5015106175668,3.03795772851827,18,32
53,1,0.7389,0.179357071115022,1.845,0.362085771753194,0,0,0.844,0.363036906933435,38.7002406911799,3.41411618703693,18,32
53,2,0.7491,0.179196264752649,1,0,0,0,0,0,39.2434423304128,3.06953914547252,18,32
54,1,0.7441,0.177867441727897,1.845,0.362085771753194,0,0,0.844,0.363036906933435,39.3932577654054,3.45657139491311,18,32
54,2,0.7446,0.175161415618627,1,0,0,0,0,0,39.9885824054843,3.09368615860979,18,32
55,1,0.7462,0.177135363315564,1.845,0.362085771753194,0,0,0.844,0.363036906933435,40.0913775322066,3.49360727201199,18,32
55,2,0.7486,0.169784766298001,1,0,0,0,0,0,40.7291722022647,3.1162793685213,18,32
56,1,0.7443,0.18022205744578,1.845,0.362085771753194,0,0,0.844,0.363036906933435,40.7915159681612,3.52952379910916,18,32
56,2,0.746,0.17179497522778,1,0,0,0,0,0,41.4736659993607,3.13362845030629,18,32
57,1,0.7444,0.174582699942231,1.845,0.362085771753194,0,0,0.844,0.363036906933435,41.4896950010647,3.56504928387992,18,32
57,2,0.7423,0.175475073732714,1,0,0,0,0,0,42.215499867109,3.15959763708533,18,32
58,1,0.7511,0.176720174343565,1.845,0.362085771753194,0,0,0.845,0.362085771753194,42.1879036476581,3.60413697846139,18,32
58,2,0.748,0.178571800371413,1,0,0,0,0,0,42.9535805825266,3.19146871688571,18,32
59,1,0.752,0.17264358026236,1.845,0.362085771753194,0,0,0.845,0.362085771753194,42.8926540131063,3.64095547736141,18,32
59,2,0.7456,0.179032658173565,1,0,0,0,0,0,43.697254523918,3.22096353161592,18,32
60,1,0.7514,0.172359356426472,1.845,0.362085771753194,0,0,0.845,0.362085771753194,43.5982286088878,3.67390014145488,18,32
60,2,0.7417,0.177207540789077,1,0,0,0,0,0,44.4384682169292,3.26189284529988,18,32
61,1,0.7506,0.168546871961624,1.845,0.362085771753194,0,0,0.845,0.362085771753194,44.3031362366103,3.70815648077,18,32
61,2,0.7448,0.175681028639474,1,0,0,0,0,0,45.1757311196743,3.30031814006957,18,32
62,1,0.7497,0.174672322994859,1.845,0.362085771753194,0,0,0.845,0.362085771753194,45.0071782389587,3.73919580422661,18,32
62,2,0.7429,0.174528078113666,1,0,0,0,0,0,45.9160014427478,3.34388195924526,18,32
63,1,0.7524,0.174311860252321,1.845,0.362085771753194,0,0,0.845,0.362085771753194,45.7102554001218,3.77795314583358,18,32
63,2,0.7424,0.173471416470646,1,0,0,0,0,0,46.6543094829317,3.37721121797519,18,32
64,1,0.7512,0.175297716155372,1.845,0.362085771753194,0,0,0.845,0.362085771753194,46.4159452961928,3.8187105945032,18,32
64,2,0.7456,0.176838660682306,1,0,0,0,0,0,47.3920468325664,3.40839468601564,18,32
65,1,0.7483,0.174492285094664,1.845,0.362085771753194,0,0,0.845,0.362085771753194,47.1203722791321,3.85869604230783,18,32
65,2,0.7437,0.177572075062049,1,0,0,0,0,0,48.1328899928451,3.43458939826228,18,32
66,1,0.7467,0.17157665502203,1.845,0.362085771753194,0,0,0.845,0.362085771753194,47.8218476091796,3.89892621523947,18,32
66,2,0.7475,0.177722635967778,1,0,0,0,0,0,48.8717713793706,3.46700208751331,18,32
67,1,0.7406,0.168641869297278,1.845,0.362085771753194,0,0,0.845,0.362085771753194,48.5216633174472,3.93789451408641,18,32
67,2,0.7456,0.175816812482628,1,0,0,0,0,0,49.6143538790938,3.50656130256068,18,32
68,1,0.7407,0.175568602928697,1.845,0.362085771753194,0,0,0.845,0.362085771753194,49.2153497795647,3.96638967752731,18,32
68,2,0.7465,0.176915372562842,1,0,0,0,0,0,50.3549748086489,3.54380510664421,18,32
69,1,0.741,0.178018793082895,1.845,0.362085771753194,0,0,0.845,0.362085771753194,49.909066195309,3.98647667964901,18,32
69,2,0.7393,0.17428679205805,1,0,0,0,0,0,51.096415576568,3.58220463777965,18,32
70,1,0.7402,0.17667816836037,1.845,0.362085771753194,0,0,0.845,0.362085771753194,50.603011176434,4.01260199433829,18,32
70,2,0.7442,0.174518815079684,1,0,0,0,0,0,51.8306317118749,3.61574632835952,18,32
71,1,0.7419,0.1680554451145,1.845,0.362085771753194,0,0,0.845,0.362085771753194,51.2960923437846,4.03741436324963,18,32
71,2,0.7433,0.172641000098224,1,0,0,0,0,0,52.5696402436356,3.64381536340639,18,32
72,1,0.7488,0.168543664867496,1.845,0.362085771753194,0,0,0.845,0.362085771753194,51.9907921751665,4.0660875120578,18,32
72,2,0.7442,0.176968013148359,1,0,0,0,0,0,53.3076812422294,3.67620638102423,18,32
73,1,0.7539,0.170803875728755,1.845,0.362085771753194,0,0,0.845,0.362085771753194,52.6922730325185,4.09071772692511,18,32
73,2,0.7408,0.1773324753304,1,0,0,0,0,0,54.0465419796738,3.71701359945133,18,32
74,1,0.7509,0.17218838183466,1.845,0.362085771753194,0,0,0.845,0.362085771753194,53.398746645496,4.11752830818229,18,32
74,2,0.7418,0.170827228338874,1,0,0,0,0,0,54.7819535619035,3.75009513347431,18,32
75,1,0.7532,0.175158329634763,1.845,0.362085771753194,0,0,0.845,0.362085771753194,54.1021717302764,4.14808518326827,18,32
75,2,0.7424,0.176276241488504,1,0,0,0,0,0,55.5182842299203,3.78521769758549,18,32
76,1,0.7531,0.171405279293754,1.845,0.362085771753194,0,0,0.845,0.362085771753194,54.8078092862183,4.18341195237458,18,32
76,2,0.7468,0.172509476607865,1,0,0,0,0,0,56.2551367814798,3.8131657803322,18,32
77,1,0.7431,0.17545134132623,1.845,0.362085771753194,0,0,0.845,0.362085771753194,55.5132770355616,4.2149095910231,18,32
77,2,0.7464,0.174692751874706,1,0,0,0,0,0,56.9962823328755,3.84061376172118,18,32
78,1,0.749,0.177568382688277,1.845,0.362085771753194,0,0,0.845,0.362085771753194,56.2087509462602,4.23872765400168,18,32
78,2,0.7503,0.173580068095505,1,0,0,0,0,0,57.7369568380412,3.86642600297791,18,32
79,1,0.7453,0.174264965722541,1.845,0.362085771753194,0,0,0.845,0.362085771753194,56.9100094662966,4.25996896019375,18,32
79,2,0.7503,0.173291488365528,1,0,0,0,0,0,58.4814269725772,3.88998861414589,18,32
80,1,0.7473,0.175281012757895,1.845,0.362085771753194,0,0,0.844,0.363036906933435,57.6075269767761,4.27361708214501,18,32
80,2,0.7519,0.169011700645118,1,0,0,0,0,0,59.2258226600998,3.907338666638,18,32
81,1,0.7608,0.174739502957671,1.845,0.362085771753194,0,0,0.836,0.370460849809047,58.3070084001164,4.28936781777741,18,32
81,2,0.7454,0.171488332688403,1,0,0,0,0,0,59.9717311584824,3.92740091858138,18,32
82,1,0.7544,0.176895256951485,1.845,0.362085771753194,0,0,0.4,0.490143081395872,59.0202077344908,4.30611298025891,18,32
82,2,0.7438,0.169263729753926,1,0,0,0,0,0,60.7111175059687,3.95087103397354,18,32
83,1,0.7528,0.176020291850523,1.845,0.362085771753194,0,0,0,0,59.7486099790046,4.34100580644667,18,32
83,2,0.7499,0.173176153034937,1,0,0,0,0,0,61.4488429818257,3.97552462514851,18,32
84,1,0.7463,0.172209076317034,1.845,0.362085771753194,0,0,0,0,60.4951872877587,4.36597283076003,18,32
84,2,0.749,0.17908397770619,1,0,0,0,0,0,62.1925442621587,3.99309698198696,18,32
0,1,1,0,1,0,0,0,0,0,0,0,19,32
0,2,1,0,1,0,0,0,0,0,0,0,19,32
1,1,0.8747,0.111724627510645,1,0,0.16,0.366789496216201,0,0,1,0,19,32
1,2,0.8757,0.111318919784113,1,0,0.138,0.345072564941166,0,0,1,0,19,32
2,1,0.8142,0.134671810326053,1.012,0.108939744206914,0.293,0.45536618051669,0.012,0.108939744206914,1.86661333,0.126110411040024,19,32
2,2,0.8137,0.131907959235634,1,0,0.294,0.455819889618445,0,0,1.86871312,0.124514922032358,19,32
3,1,0.7885,0.144771228870617,1.041,0.198389410902796,0.602,0.489730370546728,0.041,0.198389410902796,2.6654035479895,0.225316952818535,19,32
3,2,0.7819,0.148338782502737,1,0,0.649,0.477521755553637,0,0,2.66755332799,0.220764422997807,19,32
4,1,0.7678,0.154942464054136,1.114,0.317970289657863,0.375,0.48436516143258,0.114,0.317970289657863,3.42152666567924,0.326093717408043,19,32
4,2,0.755,0.157161381069586,1,0,0.471,0.499408058013093,0,0,3.41677851547275,0.327033178202343,19,32
5,1,0.75,0.155190476782836,1.146,0.353282901948012,0.426,0.494741112874975,0.146,0.353282901948012,4.16457937027727,0.432841178545855,19,32
5,2,0.7387,0.161611968704142,1,0,0.526,0.499573391578829,0,0,4.14793597935683,0.444388178296454,19,32
6,1,0.7391,0.161825144453442,1.194,0.395626743939942,0.541,0.498565509805449,0.194,0.395626743939942,4.88561874241006,0.534974977787571,19,32
6,2,0.7214,0.16188961748132,1,0,0.729,0.444698500960771,0,0,4.8599798505897,0.556558901957891,19,32
7,1,0.7393,0.170218931040247,1.251,0.433805471596645,0.385,0.486838794686714,0.251,0.433805471596645,5.58754743774851,0.632543354707159,19,32
7,2,0.7105,0.170671845595221,1,0,0.579,0.493966601100725,0,0,5.5445189833185,0.659557970699547,19,32
8,1,0.7209,0.166495978662882,1.291,0.454450795494436,0.45,0.497742652128334,0.291,0.454450795494436,6.29455233629875,0.731847932059995,19,32
8,2,0.7006,0.169317182554838,1,0,0.69,0.462724663395106,0,0,6.22559204142015,0.762436794282047,19,32
9,1,0.7096,0.170225781880468,1.333,0.47152235719352,0.408,0.491709037722287,0.333,0.47152235719352,6.97785544773846,0.820706014876136,19,32
9,2,0.685,0.170540564336125,1,0,0.641,0.479947236005532,0,0,6.89115934789085,0.862757710174031,19,32
10,1,0.6986,0.178633563335533,1.374,0.484105730557239,0.568,0.495602281695334,0.374,0.484105730557239,7.64980039479997,0.904332382417321,19,32
10,2,0.668,0.177051821078879,1,0,0.933,0.250147103868051,0,0,7.54352192789802,0.960225749905099,19,32
11,1,0.6939,0.183429649829128,1.422,0.494125652198062,0.578,0.494125652198062,0.244,0.429707631592282,8.30064918789681,0.985123766269086,19,32
11,2,0.6573,0.175206756169411,1,0,0.999,0.0316227766016838,0,0,8.16425085743097,1.05375265224289,19,32
12,1,0.6782,0.18324393124559,1.486,0.500054051132529,0.514,0.500054051132529,0.193,0.394850486775573,8.95273146682912,1.07447567084821,19,32
12,2,0.6367,0.178030347988215,1,0,0.999,0.0316227766016838,0,0,8.77093310637327,1.13744040503082,19,32
13,1,0.6472,0.183045528942025,1.545,0.498220055019088,0.45,0.497742652128334,0.254,0.43551541152257,9.59481047096872,1.15792856798606,19,32
13,2,0.6134,0.177346812466116,1,0,0.988,0.108939744206914,0,0,9.35697939349922,1.21864929240673,19,32
14,1,0.6264,0.183239233289753,1.59,0.492079406338187,0.4,0.490143081395872,0.365,0.481671056850011,10.2060153481537,1.23632458865076,19,32
14,2,0.5891,0.178558318409065,1,0,0.966,0.181319819316248,0,0,9.92024663325796,1.29669542243342,19,32
15,1,0.6069,0.179818588373741,1.621,0.485380875802286,0.365,0.481671056850011,0.468,0.499224624017311,10.7933424731562,1.30881803470776,19,32
15,2,0.5656,0.181520218128972,1,0,0.937,0.243084532807191,0,0,10.4602900051892,1.37063143448848,19,32
16,1,0.5893,0.182890565527473,1.655,0.475606140836303,0.334,0.47187568984497,0.567,0.495738597202958,11.3577451914116,1.37661848249365,19,32
16,2,0.5307,0.175380353142159,1,0,0.942,0.233860408557521,0,0,10.9782624246407,1.4409773965754,19,32
17,1,0.5902,0.186919498444916,1.689,0.463134422704136,0.297,0.457165178026498,0.626,0.484105730557239,11.9011250442069,1.42935857308711,19,32
17,2,0.4975,0.177807101560555,1,0,0.926,0.261901875885975,0,0,11.46108924469,1.5038675134093,19,32
18,1,0.5901,0.20759355742673,1.717,0.450681832465115,0.269,0.443661848524116,0.668,0.471166635064494,12.4442508987451,1.48190232333559,19,32
18,2,0.4549,0.176258494992602,1,0,0.926,0.261901875885975,0,0,11.9115228180153,1.5669454967411,19,32
19,1,0.585,0.220098712952719,1.737,0.440482718191106,0.252,0.434378503939461,0.711,0.453524734369234,12.9865238794745,1.5417168625495,19,32
19,2,0.413,0.162964896703424,1,0,0.953,0.211744742168102,0,0,12.31938796284,1.62677596183753,19,32
20,1,0.5914,0.230519368338496,1.767,0.422953768028954,0.227,0.41910219117376,0.751,0.432650189166937,13.522354781968,1.61400966596295,19,32
20,2,0.3772,0.166817229289987,1,0,0.964,0.186383311320351,0,0,12.6840444222346,1.67594146178693,19,32
21,1,0.599,0.242110754857395,1.792,0.406079919351968,0.201,0.400948574956639,0.781,0.413775555356053,14.0637708120998,1.70126508463612,19,32
21,2,0.3341,0.157200196888878,1,0,0.958,0.200689502157627,0,0,13.0123870469597,1.7265208545131,19,32
22,1,0.6049,0.255482408907661,1.815,0.388491860823269,0.172,0.377569276502417,0.806,0.395626743939942,14.6125171761587,1.79942857985889,19,32
22,2,0.3032,0.157716944665545,1,0,0.928,0.258617251711642,0,0,13.2979866275992,1.76955420765834,19,32
23,1,0.5975,0.258167388336328,1.835,0.37136627864268,0.146,0.353282901948012,0.824,0.381010720543621,15.1672952596629,1.92182310337687,19,32
23,2,0.2637,0.147628263229316,1,0,0.899,0.301479501608136,0,0,13.5542222604119,1.80823925507075,19,32
24,1,0.6006,0.270023244467125,1.843,0.363982806576744,0.138,0.345072564941166,0.834,0.372266816386557,15.7150339476611,2.05280727580792,19,32
24,2,0.2292,0.137427239826194,1,0,0.893,0.309267920493941,0,0,13.7724696884622,1.83543591145717,19,32
25,1,0.5986,0.275379508812609,1.865,0.341894562536306,0.109,0.311795151046671,0.856,0.351265408754388,16.2657106700645,2.19922128950351,19,32
25,2,0.1963,0.130588526920872,1,0,0.827,0.37843653921657,0,0,13.9565772774469,1.8656513982674,19,32
26,1,0.6057,0.280742455510965,1.876,0.32974646735444,0.09,0.286324958712967,0.866,0.340822769427396,16.8146864448493,2.35622657166542,19,32
26,2,0.1696,0.118363211555998,1,0,0.773,0.41910219117376,0,0,14.1111403669407,1.8837505195383,19,32
27,1,0.6118,0.283162393232119,1.89,0.313046319253234,0.066,0.248406331855099,0.88,0.325124138915747,17.3711377165746,2.51894488666935,19,32
27,2,0.1458,0.111780386718131,1,0,0.699,0.458922226101122,0,0,14.2417503221879,1.89389698495475,19,32
28,1,0.6256,0.289047034560447,1.895,0.306706812883361,0.022,0.146756729104793,0.884,0.320385153598987,17.9341155463195,2.69273661726443,19,32
28,2,0.1186,0.0952003314232839,1,0,0.317,0.465540253606203,0,0,14.3523014159474,1.90406930178586,19,32
29,1,0.6253,0.28679637752622,1.9,0.300150112593832,0.013,0.113330683593826,0.888,0.315524255098646,18.5127928979536,2.87174742342,19,32
29,2,0.0964,0.0837499495764269,1,0,0.209,0.406797842281009,0,0,14.454764104006,1.90900280944861,19,32
30,1,0.6235,0.286705336451818,1.9,0.300150112593832,0.006,0.0772655807586403,0.888,0.315524255098646,19.0913625266497,3.05685767534353,19,32
30,2,0.0852,0.0795442473550872,1,0,0.155,0.362085771753194,0,0,14.5404651976491,1.91209027938478,19,32
31,1,0.6262,0.286907434333577,1.9,0.300150112593832,0.005,0.0705689732104696,0.888,0.315524255098646,19.6684286420814,3.24232273034294,19,32
31,2,0.0683,0.0689192270695186,1,0,0.092,0.289170571842329,0,0,14.6176831842424,1.91717265604253,19,32
32,1,0.6213,0.284072186260829,1.902,0.297463417052391,0,0,0.889,0.314289321768618,20.2481785386767,3.42835581760896,19,32
32,2,0.0563,0.0640657038860451,1,0,0.062,0.241276219744537,0,0,14.6811860101613,1.92039902601974,19,32
33,1,0.6176,0.284272846137388,1.902,0.297463417052391,0.001,0.0316227766016838,0.889,0.314289321768618,20.8231854769936,3.61222390303404,19,32
33,2,0.0457,0.0598756636296843,1,0,0.042,0.200689502157627,0,0,14.7342160337696,1.92435374041203,19,32
34,1,0.6175,0.284542992735219,1.902,0.297463417052391,0,0,0.889,0.314289321768618,21.3943972698371,3.79544686402878,19,32
34,2,0.0349,0.0532430730219887,1,0,0.026,0.159214789983058,0,0,14.7776723837399,1.92781287420531,19,32
35,1,0.6162,0.28523484871053,1.902,0.297463417052391,0,0,0.889,0.314289321768618,21.9655021112211,3.98107804312018,19,32
35,2,0.024,0.0458923316699654,1,0,0.01,0.0995485304256668,0,0,14.811158332035,1.93145404518559,19,32
36,1,0.6135,0.288324263427275,1.902,0.297463417052391,0.002,0.0446989708829856,0.889,0.314289321768618,22.5352543843945,4.16500171844748,19,32
36,2,0.0149,0.0367333545887023,1,0,0.004,0.0631505185092568,0,0,14.8345762217063,1.93432796294715,19,32
37,1,0.5997,0.284342681918773,1.902,0.297463417052391,0.001,0.0316227766016838,0.888,0.315524255098646,23.1021597447205,4.35136649599996,19,32
37,2,0.0086,0.0284050496716138,1,0,0,0,0,0,14.8492233942114,1.93650494984618,19,32
38,1,0.5963,0.282977713586046,1.902,0.297463417052391,0,0,0.888,0.315524255098646,23.6553590133749,4.53647199667952,19,32
38,2,0.0056,0.0238581057338844,1,0,0,0,0,0,14.8577916314206,1.93603900875842,19,32
39,1,0.5822,0.279394382945007,1.902,0.297463417052391,0,0,0.888,0.315524255098646,24.2051656685801,4.72155556876344,19,32
39,2,0.0027,0.0168223955783055,1,0,0.001,0.0316227766016838,0,0,14.8633703907414,1.93547781098094,19,32
40,1,0.5708,0.279294406255058,1.902,0.297463417052391,0,0,0.887,0.316751213622507,24.7408722287676,4.90140927528046,19,32
40,2,7e-04,0.00834143750078963,1,0,0,0,0,0,14.8660100753537,1.93650563516162,19,32
41,1,0.5499,0.279961369421512,1.902,0.297463417052391,0,0,0.883,0.321581116383432,25.2652205298811,5.07700316473919,19,32
41,2,2e-04,0.00446989708829856,1,0,0,0,0,0,14.8667072808068,1.93678919034772,19,32
42,1,0.5331,0.276026412831418,1.902,0.297463417052391,0,0,0.882,0.322769546550136,25.7689010966449,5.24587918830878,19,32
42,2,1e-04,0.00316227766016838,1,0,0,0,0,0,14.8669064624447,1.93703498384061,19,32
43,1,0.5094,0.275113299073904,1.902,0.297463417052391,0,0,0.872,0.334256978577453,26.2558515013267,5.40690773546694,19,32
43,2,0,0,1,0,0,0,0,0,14.8670060433046,1.93720535542736,19,32
44,1,0.4766,0.27656631922367,1.902,0.297463417052391,0,0,0.861,0.346119630761965,26.719652761758,5.56799696959848,19,32
44,2,0,0,1,0,0,0,0,0,14.8670060433046,1.93720535542736,19,32
45,1,0.4322,0.276404702491762,1.902,0.297463417052391,0,0,0.835,0.37136627864268,27.1512992374049,5.72462715764373,19,32
45,2,0,0,1,0,0,0,0,0,14.8670060433046,1.93720535542736,19,32
46,1,0.3801,0.265715250963498,1.902,0.297463417052391,0,0,0.781,0.413775555356053,27.5399960723252,5.86937506998212,19,32
46,2,0,0,1,0,0,0,0,0,14.8670060433046,1.93720535542736,19,32
47,1,0.3419,0.262189117114218,1.902,0.297463417052391,0,0,0.711,0.453524734369234,27.8794807670212,5.99626170611055,19,32
47,2,0,0,1,0,0,0,0,0,14.8670060433046,1.93720535542736,19,32
48,1,0.2868,0.256927561331539,1.902,0.297463417052391,0,0,0.626,0.484105730557239,28.1843942287027,6.11410889390927,19,32
48,2,0,0,1,0,0,0,0,0,14.8670060433046,1.93720535542736,19,32
49,1,0.2462,0.250416190108124,1.902,0.297463417052391,0,0,0.542,0.498482180709085,28.4386707063285,6.21733406956504,19,32
49,2,0,0,1,0,0,0,0,0,14.8670060433046,1.93720535542736,19,32
50,1,0.1942,0.237913772117049,1.902,0.297463417052391,0,0,0.453,0.498035178515573,28.6566996889124,6.3106248477672,19,32
50,2,0,0,1,0,0,0,0,0,14.8670060433046,1.93720535542736,19,32
51,1,0.1497,0.213413812710086,1.902,0.297463417052391,0,0,0.365,0.481671056850011,28.8273940370415,6.38622778624247,19,32
51,2,0,0,1,0,0,0,0,0,14.8670060433046,1.93720535542736,19,32
52,1,0.1058,0.183684784617834,1.902,0.297463417052391,0,0,0.265,0.441554039693863,28.9581753152948,6.44677080671861,19,32
52,2,0,0,1,0,0,0,0,0,14.8670060433046,1.93720535542736,19,32
53,1,0.0684,0.147455699052913,1.902,0.297463417052391,0,0,0.19,0.392497202606661,29.050245280465,6.49028720862801,19,32
53,2,0,0,1,0,0,0,0,0,14.8670060433046,1.93720535542736,19,32
54,1,0.0455,0.120225638714062,1.902,0.297463417052391,0,0,0.143,0.350248017372938,29.1088339207289,6.52073679110182,19,32
54,2,0,0,1,0,0,0,0,0,14.8670060433046,1.93720535542736,19,32
55,1,0.0278,0.0894156314922349,1.902,0.297463417052391,0,0,0.09,0.286324958712967,29.1469773785674,6.54030875603546,19,32
55,2,0,0,1,0,0,0,0,0,14.8670060433046,1.93720535542736,19,32
56,1,0.0172,0.0717586880406081,1.902,0.297463417052391,0,0,0.054,0.226130792098589,29.1701495739619,6.5520435856474,19,32
56,2,0,0,1,0,0,0,0,0,14.8670060433046,1.93720535542736,19,32
57,1,0.0082,0.0476973273363931,1.902,0.297463417052391,0,0,0.032,0.176088066055048,29.1845685968605,6.55996033790579,19,32
57,2,0,0,1,0,0,0,0,0,14.8670060433046,1.93720535542736,19,32
58,1,0.0038,0.0276825997031768,1.902,0.297463417052391,0,0,0.019,0.136593036636783,29.1911310820036,6.56407231178272,19,32
58,2,0,0,1,0,0,0,0,0,14.8670060433046,1.93720535542736,19,32
59,1,0.0017,0.0175333230568942,1.902,0.297463417052391,0,0,0.01,0.0995485304256668,29.1939645990263,6.5660021918823,19,32
59,2,0,0,1,0,0,0,0,0,14.8670060433046,1.93720535542736,19,32
60,1,0.0016,0.0199458727018358,1.902,0.297463417052391,0,0,0.007,0.0834143750078963,29.1951575395194,6.56674535990862,19,32
60,2,0,0,1,0,0,0,0,0,14.8670060433046,1.93720535542736,19,32
61,1,7e-04,0.0122335464874116,1.902,0.297463417052391,0,0,0.004,0.0631505185092568,29.1964000616017,6.56761234908258,19,32
61,2,0,0,1,0,0,0,0,0,14.8670060433046,1.93720535542736,19,32
62,1,6e-04,0.0118228499009241,1.902,0.297463417052391,0,0,0.003,0.054717401199198,29.1968970207337,6.56793643838255,19,32
62,2,0,0,1,0,0,0,0,0,14.8670060433046,1.93720535542736,19,32
63,1,0,0,1.902,0.297463417052391,0,0,0,0,29.1973442392262,6.56826150389513,19,32
63,2,0,0,1,0,0,0,0,0,14.8670060433046,1.93720535542736,19,32
64,1,0,0,1.902,0.297463417052391,0,0,0,0,29.1973442392262,6.56826150389513,19,32
64,2,0,0,1,0,0,0,0,0,14.8670060433046,1.93720535542736,19,32
65,1,0,0,1.902,0.297463417052391,0,0,0,0,29.1973442392262,6.56826150389513,19,32
65,2,0,0,1,0,0,0,0,0,14.8670060433046,1.93720535542736,19,32
66,1,0,0,1.902,0.297463417052391,0,0,0,0,29.1973442392262,6.56826150389513,19,32
66,2,0,0,1,0,0,0,0,0,14.8670060433046,1.93720535542736,19,32
67,1,0,0,1.902,0.297463417052391,0,0,0,0,29.1973442392262,6.56826150389513,19,32
67,2,0,0,1,0,0,0,0,0,14.8670060433046,1.93720535542736,19,32
68,1,0,0,1.902,0.297463417052391,0,0,0,0,29.1973442392262,6.56826150389513,19,32
68,2,0,0,1,0,0,0,0,0,14.8670060433046,1.93720535542736,19,32
69,1,0,0,1.902,0.297463417052391,0,0,0,0,29.1973442392262,6.56826150389513,19,32
69,2,0,0,1,0,0,0,0,0,14.8670060433046,1.93720535542736,19,32
70,1,0,0,1.902,0.297463417052391,0,0,0,0,29.1973442392262,6.56826150389513,19,32
70,2,0,0,1,0,0,0,0,0,14.8670060433046,1.93720535542736,19,32
71,1,0,0,1.902,0.297463417052391,0,0,0,0,29.1973442392262,6.56826150389513,19,32
71,2,0,0,1,0,0,0,0,0,14.8670060433046,1.93720535542736,19,32
72,1,0,0,1.902,0.297463417052391,0,0,0,0,29.1973442392262,6.56826150389513,19,32
72,2,0,0,1,0,0,0,0,0,14.8670060433046,1.93720535542736,19,32
73,1,0,0,1.902,0.297463417052391,0,0,0,0,29.1973442392262,6.56826150389513,19,32
73,2,0,0,1,0,0,0,0,0,14.8670060433046,1.93720535542736,19,32
74,1,0,0,1.902,0.297463417052391,0,0,0,0,29.1973442392262,6.56826150389513,19,32
74,2,0,0,1,0,0,0,0,0,14.8670060433046,1.93720535542736,19,32
75,1,0,0,1.902,0.297463417052391,0,0,0,0,29.1973442392262,6.56826150389513,19,32
75,2,0,0,1,0,0,0,0,0,14.8670060433046,1.93720535542736,19,32
76,1,0,0,1.902,0.297463417052391,0,0,0,0,29.1973442392262,6.56826150389513,19,32
76,2,0,0,1,0,0,0,0,0,14.8670060433046,1.93720535542736,19,32
77,1,0,0,1.902,0.297463417052391,0,0,0,0,29.1973442392262,6.56826150389513,19,32
77,2,0,0,1,0,0,0,0,0,14.8670060433046,1.93720535542736,19,32
78,1,0,0,1.902,0.297463417052391,0,0,0,0,29.1973442392262,6.56826150389513,19,32
78,2,0,0,1,0,0,0,0,0,14.8670060433046,1.93720535542736,19,32
79,1,0,0,1.902,0.297463417052391,0,0,0,0,29.1973442392262,6.56826150389513,19,32
79,2,0,0,1,0,0,0,0,0,14.8670060433046,1.93720535542736,19,32
80,1,0,0,1.902,0.297463417052391,0,0,0,0,29.1973442392262,6.56826150389513,19,32
80,2,0,0,1,0,0,0,0,0,14.8670060433046,1.93720535542736,19,32
81,1,0,0,1.902,0.297463417052391,0,0,0,0,29.1973442392262,6.56826150389513,19,32
81,2,0,0,1,0,0,0,0,0,14.8670060433046,1.93720535542736,19,32
82,1,0,0,1.902,0.297463417052391,0,0,0,0,29.1973442392262,6.56826150389513,19,32
82,2,0,0,1,0,0,0,0,0,14.8670060433046,1.93720535542736,19,32
83,1,0,0,1.902,0.297463417052391,0,0,0,0,29.1973442392262,6.56826150389513,19,32
83,2,0,0,1,0,0,0,0,0,14.8670060433046,1.93720535542736,19,32
84,1,0,0,1.902,0.297463417052391,0,0,0,0,29.1973442392262,6.56826150389513,19,32
84,2,0,0,1,0,0,0,0,0,14.8670060433046,1.93720535542736,19,32
0,1,1,0,1,0,0,0,0,0,0,0,20,32
0,2,1,0,1,0,0,0,0,0,0,0,20,32
1,1,0.8896,0.106410352706695,1,0,0.114,0.317970289657863,0,0,1,0,20,32
1,2,0.8799,0.109077439866766,1,0,0.131,0.337569182469243,0,0,1,0,20,32
2,1,0.8295,0.134081049099892,1.016,0.125537881771837,0.264,0.441019839121211,0.016,0.125537881771837,1.88381161,0.118351163830094,20,32
2,2,0.8353,0.132595216699138,1,0,0.255,0.436079310636454,0,0,1.873262665,0.121692757877339,20,32
3,1,0.8066,0.14469753756501,1.035,0.18387171834953,0.558,0.496873105413125,0.035,0.18387171834953,2.699148518155,0.215119567572259,20,32
3,2,0.8023,0.143056545376907,1,0,0.591,0.491895274383645,0,0,2.6956481632255,0.220151443945297,20,32
4,1,0.7877,0.147649959398946,1.084,0.277526613176144,0.354,0.478448443317473,0.084,0.277526613176144,3.47586545646272,0.321685506634355,20,32
4,2,0.7854,0.155405891107741,1,0,0.405,0.491137675419242,0,0,3.46816636140723,0.328292827616119,20,32
5,1,0.7778,0.158215650907842,1.111,0.314289321768618,0.381,0.485875575713654,0.111,0.314289321768618,4.24135918240766,0.423227373194936,20,32
5,2,0.7713,0.159912106739552,1,0,0.443,0.496988931464271,0,0,4.23301034731317,0.437256994995135,20,32
6,1,0.7685,0.163169771631802,1.153,0.360167628640777,0.486,0.500054051132529,0.153,0.360167628640777,4.99418265772013,0.530960213691137,20,32
6,2,0.7582,0.166735001006269,1,0,0.608,0.488440963243844,0,0,4.98178584722068,0.542576930637787,20,32
7,1,0.7578,0.166574028308458,1.202,0.401693113405442,0.36,0.480240180150131,0.202,0.401693113405442,5.7302908381879,0.635195414926295,20,32
7,2,0.7511,0.170140347177669,1,0,0.477,0.499720642680209,0,0,5.70914927637612,0.648133023071836,20,32
8,1,0.7536,0.164115733474807,1.237,0.425455064621415,0.405,0.491137675419242,0.237,0.425455064621415,6.45948020139936,0.735940022883537,20,32
8,2,0.752,0.171421659615655,1,0,0.544,0.498309454367778,0,0,6.43589035407317,0.753384955338372,20,32
9,1,0.7564,0.171488916401173,1.273,0.445723759373078,0.335,0.472226638382459,0.273,0.445723759373078,7.18040320337896,0.829883131479103,20,32
9,2,0.7527,0.16971008075984,1,0,0.443,0.496988931464271,0,0,7.16011071697659,0.859196219522807,20,32
10,1,0.7462,0.168979626328484,1.318,0.465932498429862,0.57,0.495323475463606,0.318,0.465932498429862,7.90575006467799,0.920045848817648,20,32
10,2,0.7504,0.172073965054129,1,0,0.841,0.36585906146063,0,0,7.89000348491323,0.955541063491092,20,32
11,1,0.7444,0.172390134167702,1.378,0.485130241637595,0.622,0.485130241637595,0.209,0.406797842281009,8.60684858040379,0.996303275195746,20,32
11,2,0.7431,0.170650260801182,1,0,1,0,0,0,8.59764545358574,1.05081271335522,20,32
12,1,0.7419,0.173506468163278,1.435,0.496005061487301,0.563,0.496263314458441,0.164,0.370460849809047,9.30892583185534,1.06748402465898,20,32
12,2,0.7363,0.175736146518561,1,0,0.999,0.0316227766016838,0,0,9.2899834246764,1.12681574812664,20,32
13,1,0.7404,0.177198304843018,1.498,0.500246185638877,0.482,0.499925920438144,0.168,0.374053359717455,10.0136296373632,1.13750295064497,20,32
13,2,0.731,0.179195734076208,1,0,0.967,0.178725887724591,0,0,9.97551025751644,1.20323185489966,20,32
14,1,0.7375,0.172955669648797,1.549,0.497842190705897,0.405,0.491137675419242,0.197,0.397931337480914,10.7206099193227,1.2115165372657,20,32
14,2,0.7339,0.179200733544545,1,0,0.899,0.301479501608136,0,0,10.6572733447883,1.28198272679041,20,32
15,1,0.7414,0.172382585419049,1.58,0.49380547166252,0.335,0.472226638382459,0.239,0.426686138819931,11.4270202027993,1.29233977185959,20,32
15,2,0.7354,0.176346074347965,1,0,0.784,0.411720188372532,0,0,11.345259441482,1.35907174833833,20,32
16,1,0.7471,0.172804662701709,1.613,0.487307365497864,0.271,0.444698500960771,0.282,0.450198488090174,12.1386519008101,1.3718171573019,20,32
16,2,0.7371,0.17923647986868,1,0,0.685,0.464748309293311,0,0,12.0404158721754,1.43205888925875,20,32
17,1,0.7383,0.17370458624712,1.64,0.480240180150131,0.21,0.407512044074854,0.307,0.461480188051409,12.8569516437474,1.45214523316006,20,32
17,2,0.7331,0.175399986189153,1,0,0.557,0.496988931464271,0,0,12.7421421552019,1.50084266344238,20,32
18,1,0.7423,0.170498621049496,1.658,0.474616962677548,0.154,0.36112935966827,0.337,0.472921404310119,13.5681914471951,1.52823130326692,20,32
18,2,0.7368,0.168920970558111,1,0,0.447,0.497431843008103,0,0,13.4461941888625,1.56932378013951,20,32
19,1,0.7369,0.166901906059356,1.667,0.47152235719352,0.13,0.336471712352188,0.353,0.47814184048211,14.2846505947671,1.59997813190693,20,32
19,2,0.7304,0.173568332267053,1,0,0.408,0.491709037722287,0,0,14.1593592713882,1.63195978065382,20,32
20,1,0.7354,0.171803248969152,1.683,0.465540253606203,0.126,0.332015412645609,0.384,0.486601254397048,14.9960475878792,1.66803008045936,20,32
20,2,0.7181,0.177634298332118,1,0,0.468,0.499224624017311,0,0,14.8680114848005,1.69667558622037,20,32
21,1,0.7271,0.174430547829261,1.696,0.460212772308414,0.151,0.358228038164697,0.405,0.491137675419242,15.7045291358803,1.72863978850812,20,32
21,2,0.7101,0.176349338215626,1,0,0.564,0.496135213576047,0,0,15.5613234039389,1.76538608400194,20,32
22,1,0.7229,0.168920466859774,1.705,0.456270953692193,0.179,0.383544138406659,0.423,0.494282626960846,16.4023620734806,1.78876596066649,20,32
22,2,0.7029,0.177688387811818,1,0,0.642,0.479652026021017,0,0,16.2417928450224,1.84075261301634,20,32
23,1,0.7164,0.170293981220829,1.725,0.446737702208549,0.178,0.382704144820072,0.443,0.496988931464271,17.0936395127822,1.84242791781638,20,32
23,2,0.6978,0.179073245425516,1,0,0.673,0.469351990824894,0,0,16.9111186335378,1.90504477848505,20,32
24,1,0.7123,0.179585525477308,1.743,0.437198058255228,0.183,0.386860001370859,0.47,0.499348925451281,17.7774149405046,1.88930379073569,20,32
24,2,0.6937,0.178275326649798,1,0,0.682,0.465932498429862,0,0,17.5737427676617,1.96083500733743,20,32
25,1,0.7005,0.184563847526578,1.76,0.427296831936047,0.172,0.377569276502417,0.515,0.500025024398804,18.4554356549637,1.92770408845209,20,32
25,2,0.6802,0.180278840856215,1,0,0.65,0.477208264521611,0,0,18.2317615468234,2.01022335307644,20,32
26,1,0.6984,0.186419398647759,1.773,0.41910219117376,0.173,0.37843653921657,0.571,0.495180981262613,19.1199222768824,1.9629634532247,20,32
26,2,0.6632,0.184878175942808,1,0,0.677,0.467856698028242,0,0,18.8778442384345,2.06528763466636,20,32
27,1,0.688,0.183874440338536,1.793,0.40535825551642,0.158,0.364923511395428,0.624,0.484622387905118,19.7794053040643,2.00041217609479,20,32
27,2,0.6418,0.185707423780654,1,0,0.708,0.454909818472786,0,0,19.5055599721866,2.11861819089145,20,32
28,1,0.6843,0.196830516567559,1.805,0.396398955765693,0.14,0.347160655202344,0.668,0.471166635064494,20.4265555498064,2.03700544503593,20,32
28,2,0.6157,0.189154141612837,1,0,0.717,0.450681832465115,0,0,20.110324818878,2.16787283609269,20,32
29,1,0.6764,0.192821731711496,1.82,0.384379692163553,0.122,0.327449573557858,0.715,0.451640320364534,21.0686550616403,2.07196500424567,20,32
29,2,0.5824,0.197456904739311,1,0,0.699,0.458922226101122,0,0,20.6885534288126,2.21793035319534,20,32
30,1,0.6689,0.197994929207775,1.831,0.374939434548541,0.108,0.310535718448671,0.747,0.434948479914783,21.7013674405961,2.10480107672068,20,32
30,2,0.5604,0.202812654863973,1,0,0.635,0.481671056850011,0,0,21.2344180444605,2.27009890659049,20,32
31,1,0.6641,0.201001471615487,1.839,0.367714854492192,0.089,0.284886223184204,0.788,0.408929362143663,22.3256417118082,2.13252092129442,20,32
31,2,0.522,0.202477151790016,1,0,0.56,0.496635325612916,0,0,21.7614843919431,2.32253213396093,20,32
32,1,0.6629,0.209994494422325,1.851,0.356266650033266,0.082,0.274502006097135,0.819,0.385210834981815,22.9439718181846,2.15619351619346,20,32
32,2,0.4729,0.20493312955105,1,0,0.569,0.495463908357092,0,0,22.2539552868241,2.36232101407813,20,32
33,1,0.6631,0.21221079949763,1.858,0.349224795737585,0.089,0.284886223184204,0.835,0.37136627864268,23.5598477596583,2.18448590042769,20,32
33,2,0.4365,0.207076388394792,1,0,0.637,0.481105458774334,0,0,22.6969852490933,2.40060622691563,20,32
34,1,0.6626,0.217275052522024,1.868,0.338660140392534,0.09,0.286324958712967,0.853,0.354283102217022,24.174715243527,2.2236756609964,20,32
34,2,0.3975,0.204561960284887,1,0,0.686,0.464348597090181,0,0,23.1003020384391,2.43970703759319,20,32
35,1,0.6636,0.229276269176746,1.876,0.32974646735444,0.081,0.272971634998059,0.866,0.340822769427396,24.7880761625215,2.26006899171517,20,32
35,2,0.3588,0.209968203894415,1,0,0.668,0.471166635064494,0,0,23.4622691938194,2.48507151363317,20,32
36,1,0.6631,0.237201717225349,1.882,0.322769546550136,0.063,0.243084532807191,0.875,0.330884397463048,25.4021729501789,2.30999578158227,20,32
36,2,0.3121,0.208151187642341,1,0,0.611,0.487767277415077,0,0,23.7865322278214,2.52732498193181,20,32
37,1,0.6597,0.245165283056178,1.888,0.315524255098646,0.055,0.228094337998616,0.882,0.322769546550136,26.0161585078428,2.3785087348687,20,32
37,2,0.2674,0.195487737353153,1,0,0.516,0.499993993957921,0,0,24.0670704195778,2.57348500755676,20,32
38,1,0.6606,0.250779844745407,1.897,0.304110972316823,0.036,0.186383311320351,0.891,0.311795151046671,26.626745039666,2.45287869261556,20,32
38,2,0.2265,0.180333774624362,1,0,0.38,0.485629319374187,0,0,24.3077781067581,2.61405121046854,20,32
39,1,0.6551,0.2532155368616,1.904,0.294738648417324,0.026,0.159214789983058,0.898,0.302799748493435,27.2386652026663,2.53921912689561,20,32
39,2,0.1908,0.169008650441106,1,0,0.396,0.489309128694145,0,0,24.5144910637342,2.64687829449666,20,32
40,1,0.6634,0.261052846352206,1.906,0.291974740772638,0.016,0.125537881771837,0.9,0.300150112593832,27.8451949990555,2.63526303676302,20,32
40,2,0.1563,0.153765906344527,1,0,0.228,0.419752536850216,0,0,24.6848254292828,2.67258399102947,20,32
41,1,0.6624,0.268995536391589,1.908,0.289170571842329,0.011,0.104354635210372,0.902,0.297463417052391,28.4603294102393,2.74593779809237,20,32
41,2,0.1223,0.134873647911298,1,0,0.151,0.358228038164697,0,0,24.8291469580726,2.69359638682579,20,32
42,1,0.6549,0.267633364171244,1.908,0.289170571842329,0.008,0.0891288053546324,0.902,0.297463417052391,29.074555786021,2.86681021693882,20,32
42,2,0.098,0.116917362567198,1,0,0.103,0.304110972316823,0,0,24.9434274228005,2.71308473476057,20,32
43,1,0.66,0.266178231361715,1.909,0.287753022228789,0.003,0.054717401199198,0.902,0.297463417052391,29.6814015459659,2.98955675580608,20,32
43,2,0.0765,0.100138792571999,1,0,0.034,0.181319819316248,0,0,25.0358882511741,2.72467919874856,20,32
44,1,0.6564,0.2704666193677,1.909,0.287753022228789,0.003,0.054717401199198,0.902,0.297463417052391,30.2935136645793,3.12055880492146,20,32
44,2,0.0618,0.0883661053151522,1,0,0.027,0.162164414398774,0,0,25.1103672856959,2.73573985668432,20,32
45,1,0.6444,0.270262246127131,1.909,0.287753022228789,0.001,0.0316227766016838,0.902,0.297463417052391,30.9019803779725,3.2624954662952,20,32
45,2,0.0517,0.0797713825470856,1,0,0.019,0.136593036636783,0,0,25.1705518767531,2.74612836723811,20,32
46,1,0.6373,0.267563637851447,1.909,0.287753022228789,0,0,0.902,0.297463417052391,31.4985396770531,3.41222670938066,20,32
46,2,0.0388,0.068258473607452,1,0,0,0,0,0,25.2210740034588,2.75391187097075,20,32
47,1,0.6446,0.271854271154133,1.909,0.287753022228789,0,0,0.902,0.297463417052391,32.0880216773432,3.55613422410929,20,32
47,2,0.0294,0.0572618452280305,1,0,0,0,0,0,25.2596959244504,2.75852830065108,20,32
48,1,0.6376,0.268474055205188,1.909,0.287753022228789,0,0,0.901,0.29881145943268,32.684710498228,3.70910092463189,20,32
48,2,0.0205,0.0503217873518249,1,0,0,0,0,0,25.2889580617882,2.76311727179938,20,32
49,1,0.6272,0.270172450766456,1.909,0.287753022228789,0,0,0.899,0.301479501608136,33.2744229319547,3.86245490804862,20,32
49,2,0.0136,0.037100086474514,1,0,0,0,0,0,25.309359892674,2.76619148980959,20,32
50,1,0.6134,0.27315756452102,1.909,0.287753022228789,0,0,0.894,0.307991653878573,33.8538267434997,4.01970383679044,20,32
50,2,0.0083,0.0296983499877012,1,0,0,0,0,0,25.3228934123598,2.76989054568613,20,32
51,1,0.597,0.280302639248312,1.909,0.287753022228789,0,0,0.883,0.321581116383432,34.4196901989413,4.17972503474952,20,32
51,2,0.0053,0.0257404850881364,1,0,0,0,0,0,25.3311520138723,2.77243120663256,20,32
52,1,0.578,0.283719045001383,1.909,0.287753022228789,0,0,0.875,0.330884397463048,34.9697277012795,4.33201826794379,20,32
52,2,0.0031,0.0184588929985178,1,0,0,0,0,0,25.336425051337,2.77492109394242,20,32
53,1,0.5582,0.285191328925152,1.909,0.287753022228789,0,0,0.867,0.339744648856206,35.501206673642,4.48565255854282,20,32
53,2,0.0016,0.0133273259740136,1,0,0,0,0,0,25.3395089723746,2.77575352925429,20,32
54,1,0.5385,0.289916887748544,1.909,0.287753022228789,0,0,0.85,0.357250091151322,36.0133350512292,4.63556584278701,20,32
54,2,6e-04,0.00892859001857067,1,0,0,0,0,0,25.3411005143852,2.776049201439,20,32
55,1,0.5013,0.299128380110928,1.909,0.287753022228789,0,0,0.823,0.381859682104326,36.5066637367021,4.78698609466127,20,32
55,2,4e-04,0.00773950256152809,1,0,0,0,0,0,25.3416972829563,2.77589576552939,20,32
56,1,0.4627,0.29988104081225,1.909,0.287753022228789,0,0,0.801,0.399447817065707,36.9642897328732,4.93688978569528,20,32
56,2,1e-04,0.00316227766016838,1,0,0,0,0,0,25.3420950888858,2.77577881301509,20,32
57,1,0.4229,0.300359460989338,1.909,0.287753022228789,0,0,0.758,0.428508599236491,37.3845793899828,5.0813496765557,20,32
57,2,0,0,1,0,0,0,0,0,25.3421945304231,2.77575051289274,20,32
58,1,0.3716,0.296886479283887,1.909,0.287753022228789,0,0,0.708,0.454909818472786,37.7673910233329,5.21424526905108,20,32
58,2,0,0,1,0,0,0,0,0,25.3421945304231,2.77575051289274,20,32
59,1,0.3219,0.289333897260767,1.909,0.287753022228789,0,0,0.658,0.474616962677548,38.1016466103594,5.33336431227376,20,32
59,2,0,0,1,0,0,0,0,0,25.3421945304231,2.77575051289274,20,32
60,1,0.2815,0.280796361437602,1.909,0.287753022228789,0,0,0.604,0.489309128694145,38.3889464457674,5.444834030914,20,32
60,2,0,0,1,0,0,0,0,0,25.3421945304231,2.77575051289274,20,32
61,1,0.2346,0.269769560209479,1.909,0.287753022228789,0,0,0.521,0.499808772240753,38.6387430851902,5.54602482401717,20,32
61,2,0,0,1,0,0,0,0,0,25.3421945304231,2.77575051289274,20,32
62,1,0.1848,0.243039149167429,1.909,0.287753022228789,0,0,0.442,0.496873105413125,38.8460247391603,5.63720236045877,20,32
62,2,0,0,1,0,0,0,0,0,25.3421945304231,2.77575051289274,20,32
63,1,0.1409,0.213641833059054,1.909,0.287753022228789,0,0,0.362,0.480819287453392,39.0077190696731,5.71440045035117,20,32
63,2,0,0,1,0,0,0,0,0,25.3421945304231,2.77575051289274,20,32
64,1,0.107,0.188962183271433,1.909,0.287753022228789,0,0,0.292,0.454909818472786,39.1297478230879,5.77502727929997,20,32
64,2,0,0,1,0,0,0,0,0,25.3421945304231,2.77575051289274,20,32
65,1,0.0736,0.155264764667155,1.909,0.287753022228789,0,0,0.229,0.42039949540376,39.221558322028,5.82541878075791,20,32
65,2,0,0,1,0,0,0,0,0,25.3421945304231,2.77575051289274,20,32
66,1,0.0501,0.127970177644506,1.909,0.287753022228789,0,0,0.166,0.372266816386557,39.2833056370375,5.86149119567044,20,32
66,2,0,0,1,0,0,0,0,0,25.3421945304231,2.77575051289274,20,32
67,1,0.033,0.102281285978724,1.909,0.287753022228789,0,0,0.123,0.328601550481703,39.3248306517377,5.88752464874016,20,32
67,2,0,0,1,0,0,0,0,0,25.3421945304231,2.77575051289274,20,32
68,1,0.0216,0.0801240279807491,1.909,0.287753022228789,0,0,0.085,0.279021240863223,39.351501349107,5.9052464897918,20,32
68,2,0,0,1,0,0,0,0,0,25.3421945304231,2.77575051289274,20,32
69,1,0.013,0.0606190949674661,1.909,0.287753022228789,0,0,0.059,0.235742602375079,39.3687337634719,5.91617100993078,20,32
69,2,0,0,1,0,0,0,0,0,25.3421945304231,2.77575051289274,20,32
70,1,0.0097,0.0523320996009968,1.909,0.287753022228789,0,0,0.046,0.209589904165081,39.3787146537192,5.92260045312618,20,32
70,2,0,0,1,0,0,0,0,0,25.3421945304231,2.77575051289274,20,32
71,1,0.0056,0.0361932307199834,1.909,0.287753022228789,0,0,0.03,0.170672578726429,39.3860630320249,5.92749231218478,20,32
71,2,0,0,1,0,0,0,0,0,25.3421945304231,2.77575051289274,20,32
72,1,0.0029,0.024944181931108,1.909,0.287753022228789,0,0,0.017,0.129335717138491,39.3901340236759,5.9302394132896,20,32
72,2,0,0,1,0,0,0,0,0,25.3421945304231,2.77575051289274,20,32
73,1,0.0018,0.0199288022007635,1.909,0.287753022228789,0,0,0.01,0.0995485304256668,39.3921693159519,5.93160318623729,20,32
73,2,0,0,1,0,0,0,0,0,25.3421945304231,2.77575051289274,20,32
74,1,6e-04,0.0109434802398396,1.909,0.287753022228789,0,0,0.004,0.0631505185092568,39.3934598600352,5.9319295880138,20,32
74,2,0,0,1,0,0,0,0,0,25.3421945304231,2.77575051289274,20,32
75,1,2e-04,0.00446989708829856,1.909,0.287753022228789,0,0,0.001,0.0316227766016838,39.3938569108133,5.93235524831501,20,32
75,2,0,0,1,0,0,0,0,0,25.3421945304231,2.77575051289274,20,32
76,1,1e-04,0.00316227766016838,1.909,0.287753022228789,0,0,0.001,0.0316227766016838,39.3940057899657,5.93249785312492,20,32
76,2,0,0,1,0,0,0,0,0,25.3421945304231,2.77575051289274,20,32
77,1,0,0,1.909,0.287753022228789,0,0,0,0,39.3940554113871,5.93247505924926,20,32
77,2,0,0,1,0,0,0,0,0,25.3421945304231,2.77575051289274,20,32
78,1,0,0,1.909,0.287753022228789,0,0,0,0,39.3940554113871,5.93247505924926,20,32
78,2,0,0,1,0,0,0,0,0,25.3421945304231,2.77575051289274,20,32
79,1,0,0,1.909,0.287753022228789,0,0,0,0,39.3940554113871,5.93247505924926,20,32
79,2,0,0,1,0,0,0,0,0,25.3421945304231,2.77575051289274,20,32
80,1,0,0,1.909,0.287753022228789,0,0,0,0,39.3940554113871,5.93247505924926,20,32
80,2,0,0,1,0,0,0,0,0,25.3421945304231,2.77575051289274,20,32
81,1,0,0,1.909,0.287753022228789,0,0,0,0,39.3940554113871,5.93247505924926,20,32
81,2,0,0,1,0,0,0,0,0,25.3421945304231,2.77575051289274,20,32
82,1,0,0,1.909,0.287753022228789,0,0,0,0,39.3940554113871,5.93247505924926,20,32
82,2,0,0,1,0,0,0,0,0,25.3421945304231,2.77575051289274,20,32
83,1,0,0,1.909,0.287753022228789,0,0,0,0,39.3940554113871,5.93247505924926,20,32
83,2,0,0,1,0,0,0,0,0,25.3421945304231,2.77575051289274,20,32
84,1,0,0,1.909,0.287753022228789,0,0,0,0,39.3940554113871,5.93247505924926,20,32
84,2,0,0,1,0,0,0,0,0,25.3421945304231,2.77575051289274,20,32
0,1,1,0,1,0,0,0,0,0,0,0,21,32
0,2,1,0,1,0,0,0,0,0,0,0,21,32
1,1,0.8774,0.109184070088824,1,0,0.14,0.347160655202344,0,0,1,0,21,32
1,2,0.885,0.107081587896643,1,0,0.118,0.322769546550136,0,0,1,0,21,32
2,1,0.8325,0.132178747237297,1.017,0.129335717138491,0.257,0.437198058255228,0.017,0.129335717138491,1.87031296,0.122661645438173,21,32
2,2,0.8387,0.132626919966875,1,0,0.253,0.434948479914783,0,0,1.87901209,0.119035826672534,21,32
3,1,0.8042,0.143676730903104,1.04,0.196057232558349,0.539,0.49872610491905,0.04,0.196057232558349,2.688949208188,0.22218790798676,21,32
3,2,0.8114,0.143842729154903,1,0,0.567,0.495738597202958,0,0,2.7048968882605,0.220089396015068,21,32
4,1,0.7849,0.155003277436369,1.091,0.287753022228789,0.36,0.480240180150131,0.091,0.287753022228789,3.46396665644472,0.330137587356453,21,32
4,2,0.7878,0.149577851079408,1,0,0.388,0.487538402275855,0,0,3.48771199675122,0.32647572167316,21,32
5,1,0.7821,0.15860247395531,1.125,0.330884397463048,0.373,0.483844091733179,0.125,0.330884397463048,4.22601176218268,0.442939100399782,21,32
5,2,0.7766,0.15683442554821,1,0,0.435,0.496005061487301,0,0,4.25580468285214,0.430540874131968,21,32
6,1,0.7744,0.161773949728659,1.158,0.364923511395428,0.478,0.499765710874371,0.158,0.364923511395428,4.9828332378951,0.553544661224245,21,32
6,2,0.7706,0.162917715986268,1,0,0.6,0.490143081395872,0,0,5.0102773333296,0.537780609448276,21,32
7,1,0.7677,0.162027661104402,1.208,0.406079919351968,0.32,0.466709564737876,0.208,0.406079919351968,5.72498778927025,0.65485392828153,21,32
7,2,0.769,0.161508777114698,1,0,0.427,0.494889801790172,0,0,5.75043308440478,0.635179002226383,21,32
8,1,0.7602,0.168238712145167,1.242,0.428508599236491,0.374,0.484105730557239,0.242,0.428508599236491,6.46576903491731,0.757373141086914,21,32
8,2,0.7606,0.16332273055002,1,0,0.514,0.500054051132529,0,0,6.49755988638512,0.728282986877575,21,32
9,1,0.7632,0.166473641978163,1.274,0.446232140396815,0.317,0.465540253606203,0.274,0.446232140396815,7.19458571910847,0.854879269955403,21,32
9,2,0.7579,0.166869516195845,1,0,0.453,0.498035178515573,0,0,7.23187217211597,0.824127529734374,21,32
10,1,0.7599,0.16700263435012,1.306,0.461060274342278,0.554,0.49732417127195,0.306,0.461060274342278,7.92757569816085,0.947864009480729,21,32
10,2,0.7574,0.17144863555781,1,0,0.822,0.382704144820072,0,0,7.96646071174422,0.911934584189388,21,32
11,1,0.7554,0.168817473441997,1.373,0.483844091733179,0.626,0.484105730557239,0.197,0.397931337480914,8.64375912067984,1.02677186485782,21,32
11,2,0.7564,0.170962768661098,1,0,1,0,0,0,8.68204473399328,0.996727415796204,21,32
12,1,0.7507,0.168724562461954,1.445,0.497214463005877,0.554,0.49732417127195,0.131,0.337569182469243,9.35722383839951,1.09942888771599,21,32
12,2,0.7568,0.17118137475515,1,0,0.993,0.0834143750078963,0,0,9.38766808239675,1.07593151272298,21,32
13,1,0.75,0.168666678536243,1.514,0.500054051132529,0.471,0.499408058013093,0.113,0.316751213622507,10.0728145710989,1.16742137162981,21,32
13,2,0.7552,0.173040177134973,1,0,0.953,0.211744742168102,0,0,10.0939699689602,1.14826102386782,21,32
14,1,0.7509,0.16978815629489,1.564,0.496135213576047,0.399,0.489937790988855,0.155,0.362085771753194,10.7926780931168,1.23940819189136,21,32
14,2,0.7547,0.175010109818086,1,0,0.87,0.336471712352188,0,0,10.8006007056469,1.21429843089471,21,32
15,1,0.7472,0.171643880233528,1.603,0.489520817361867,0.328,0.469719742651548,0.198,0.398691553653893,11.5148662709657,1.31682875974472,21,32
15,2,0.7503,0.174155793013727,1,0,0.783,0.412408876093957,0,0,11.5108056725801,1.2850518713142,21,32
16,1,0.7476,0.170772958642179,1.641,0.479947236005532,0.255,0.436079310636454,0.23,0.421043082447957,12.2346856775827,1.39793624673599,21,32
16,2,0.7478,0.170717029918823,1,0,0.666,0.47187568984497,0,0,12.2208896939641,1.36006254104969,21,32
17,1,0.7552,0.173213633883026,1.666,0.47187568984497,0.179,0.383544138406659,0.26,0.438853725736256,12.9568791851978,1.47860622868475,21,32
17,2,0.7467,0.171109287849574,1,0,0.521,0.499808772240753,0,0,12.9342473509641,1.43415614392716,21,32
18,1,0.7573,0.174175334209661,1.688,0.463541660340115,0.137,0.344019402576874,0.293,0.45536618051669,13.6888836569194,1.55707633015187,21,32
18,2,0.7447,0.173787548783312,1,0,0.429,0.495180981262613,0,0,13.6536732255583,1.50707158681054,21,32
19,1,0.7565,0.177056768012689,1.697,0.459785169837395,0.107,0.309267920493941,0.312,0.463541660340115,14.4233603420932,1.63408739415408,21,32
19,2,0.7415,0.17492383584963,1,0,0.364,0.481389380580561,0,0,14.3756224815408,1.58157528775116,21,32
20,1,0.7522,0.174084650286766,1.708,0.454909818472786,0.106,0.307991653878573,0.331,0.470808518041741,15.1575140541712,1.70880290905746,21,32
20,2,0.7421,0.175409117090185,1,0,0.42,0.49380547166252,0,0,15.0975494476832,1.65375780584369,21,32
21,1,0.7464,0.173831117056922,1.725,0.446737702208549,0.107,0.309267920493941,0.353,0.47814184048211,15.886404741004,1.78276336353829,21,32
21,2,0.74,0.175701083863677,1,0,0.497,0.500241183071967,0,0,15.8172086169515,1.73012127848728,21,32
22,1,0.7483,0.175692851243236,1.735,0.441554039693863,0.116,0.320385153598987,0.366,0.481950491519903,16.6082871191823,1.85054426212628,21,32
22,2,0.7388,0.180297163225235,1,0,0.557,0.496988931464271,0,0,16.5308583028158,1.80752133790555,21,32
23,1,0.7499,0.175587074754439,1.747,0.434948479914783,0.137,0.344019402576874,0.38,0.485629319374187,17.3308955509695,1.92055701535296,21,32
23,2,0.7427,0.181051068733353,1,0,0.615,0.486838794686714,0,0,17.2402458540159,1.87738362446636,21,32
24,1,0.7537,0.18082867308314,1.768,0.422320203582962,0.127,0.333139583331045,0.401,0.490346244443087,18.0532820665344,1.98063461514106,21,32
24,2,0.7446,0.178557337353363,1,0,0.605,0.489095301770743,0,0,17.9505601689892,1.94366337309185,21,32
25,1,0.7519,0.179801887417009,1.778,0.415799096787005,0.123,0.328601550481703,0.435,0.496005061487301,18.7788385524111,2.04026173992118,21,32
25,2,0.7396,0.179287433982374,1,0,0.566,0.495872856577056,0,0,18.6631976991501,2.00380568268422,21,32
26,1,0.7468,0.174929586863859,1.787,0.409632516774241,0.135,0.341894562536306,0.469,0.49928778103243,19.5010307227468,2.09778145723627,21,32
26,2,0.7373,0.179864007130557,1,0,0.607,0.488661221901012,0,0,19.372721581415,2.0576477692941,21,32
27,1,0.7487,0.17997416675929,1.806,0.395626743939942,0.13,0.336471712352188,0.501,0.500249187155011,20.2157698898347,2.15588063309591,21,32
27,2,0.7313,0.178667938456322,1,0,0.609,0.488218554908923,0,0,20.0778358071655,2.11322248957183,21,32
28,1,0.7473,0.174537025221508,1.817,0.386860001370859,0.118,0.322769546550136,0.529,0.499408058013093,20.9309860999348,2.2161269689542,21,32
28,2,0.7295,0.178918310303227,1,0,0.572,0.495036423974096,0,0,20.7767959701003,2.16877855709103,21,32
29,1,0.7463,0.176571479824709,1.831,0.374939434548541,0.102,0.302799748493435,0.56,0.496635325612916,21.6439369401051,2.27358000707404,21,32
29,2,0.7301,0.174397260312209,1,0,0.507,0.50020116073556,0,0,21.4757360972075,2.22254084295269,21,32
30,1,0.7406,0.174705930529453,1.843,0.363982806576744,0.089,0.284886223184204,0.583,0.493309592805932,22.3550715530928,2.32765762801257,21,32
30,2,0.7293,0.176529523515679,1,0,0.444,0.497102716861527,0,0,22.1784451809191,2.27324594698089,21,32
31,1,0.74,0.175415993486258,1.857,0.350248017372938,0.053,0.224145580463326,0.62,0.485629319374187,23.0599536256743,2.3791586522573,21,32
31,2,0.7287,0.178264096463893,1,0,0.313,0.463946382943381,0,0,22.8834269539352,2.32599515508098,21,32
32,1,0.7384,0.175431514318882,1.863,0.344019402576874,0.041,0.198389410902796,0.645,0.478752758952055,23.764117222029,2.42653377588653,21,32
32,2,0.729,0.179139864606098,1,0,0.267,0.44261372200476,0,0,23.5942698114148,2.37766133108357,21,32
33,1,0.7332,0.176149904311041,1.869,0.337569182469243,0.044,0.205197724417465,0.675,0.468609213091884,24.4659675908752,2.47105798043332,21,32
33,2,0.7248,0.176624336251141,1,0,0.3,0.458486870270251,0,0,24.3076332774917,2.42997683871693,21,32
34,1,0.7311,0.173357557789797,1.877,0.328601550481703,0.024,0.1531255937048,0.707,0.45536618051669,25.1609203435538,2.51108149984783,21,32
34,2,0.7145,0.170906287066799,1,0,0.239,0.426686138819931,0,0,25.0150946813659,2.4731801662637,21,32
35,1,0.7303,0.17234155509224,1.882,0.322769546550136,0.021,0.143455845400526,0.742,0.437752929890398,25.8531127658264,2.55013272698898,21,32
35,2,0.7081,0.172435855100162,1,0,0.224,0.417130672569158,0,0,25.7152599484706,2.51874234323329,21,32
36,1,0.736,0.176508229709425,1.883,0.321581116383432,0.021,0.143455845400526,0.762,0.426072221034812,26.5428443545924,2.58486003324418,21,32
36,2,0.7136,0.182615411147001,1,0,0.183,0.386860001370859,0,0,26.4097249404681,2.56333711726444,21,32
37,1,0.726,0.176848170121365,1.888,0.315524255098646,0.026,0.159214789983058,0.793,0.40535825551642,27.237190079776,2.61834240118935,21,32
37,2,0.6915,0.185397200955468,1,0,0.237,0.425455064621415,0,0,27.1116433534774,2.6129967120603,21,32
38,1,0.7265,0.180611102566731,1.889,0.314289321768618,0.021,0.143455845400526,0.812,0.390907672998125,27.9197099518906,2.64620700513621,21,32
38,2,0.6808,0.187900682986163,1,0,0.19,0.392497202606661,0,0,27.7887831696701,2.65914009518425,21,32
39,1,0.7252,0.183353698022643,1.891,0.311795151046671,0.029,0.167890402308134,0.833,0.373162498451077,28.6019623306138,2.67357923121361,21,32
39,2,0.6598,0.190052834969858,1,0,0.252,0.434378503939461,0,0,28.4575369432509,2.69916966729044,21,32
40,1,0.723,0.187473054453556,1.893,0.309267920493941,0.011,0.104354635210372,0.846,0.36112935966827,29.2814071887467,2.69826420052586,21,32
40,2,0.6447,0.188699542971141,1,0,0.149,0.356266650033266,0,0,29.1022176530935,2.74125780488785,21,32
41,1,0.7197,0.196266223356008,1.893,0.309267920493941,0.009,0.0944877131056093,0.857,0.350248017372938,29.958841887203,2.71732213974162,21,32
41,2,0.6195,0.202906187488014,1,0,0.115,0.319181573523405,0,0,29.7369236173533,2.78188987606197,21,32
42,1,0.7129,0.200758297198133,1.894,0.307991653878573,0.012,0.108939744206914,0.868,0.338660140392534,30.6324741864794,2.73715008910707,21,32
42,2,0.5935,0.20864151380126,1,0,0.16,0.366789496216201,0,0,30.3481622685669,2.82104886891494,21,32
43,1,0.7054,0.203253910545781,1.894,0.307991653878573,0.019,0.136593036636783,0.88,0.325124138915747,31.2985705580369,2.76030660976675,21,32
43,2,0.5613,0.220410732249795,1,0,0.217,0.412408876093957,0,0,30.9312082030069,2.86362638460456,21,32
44,1,0.7069,0.207135934340943,1.894,0.307991653878573,0.016,0.125537881771837,0.884,0.320385153598987,31.956186578758,2.7906056909732,21,32
44,2,0.5184,0.224837701447048,1,0,0.202,0.401693113405442,0,0,31.4792962317841,2.90586135981245,21,32
45,1,0.7068,0.212929798523126,1.895,0.306706812883361,0.018,0.133017644294634,0.887,0.316751213622507,32.6151804715748,2.82331832686018,21,32
45,2,0.4715,0.229674771144983,1,0,0.207,0.40535825551642,0,0,31.9853645135771,2.95268976053451,21,32
46,1,0.7015,0.22502975000739,1.896,0.305413289293831,0.003,0.054717401199198,0.888,0.315524255098646,33.2737600365422,2.84928841707353,21,32
46,2,0.4269,0.237197497146687,1,0,0.018,0.133017644294634,0,0,32.4444438974252,2.99950493354478,21,32
47,1,0.6912,0.223769150314856,1.896,0.305413289293831,0,0,0.889,0.314289321768618,33.9276948560129,2.88415186329831,21,32
47,2,0.3927,0.240529758168432,1,0,0,0,0,0,32.8684887000655,3.04629829583795,21,32
48,1,0.6892,0.23033978470168,1.896,0.305413289293831,0,0,0.889,0.314289321768618,34.5714121119049,2.9211722271262,21,32
48,2,0.342,0.2379340509734,1,0,0,0,0,0,33.2593472487918,3.09164835882552,21,32
49,1,0.6746,0.237341886676522,1.896,0.305413289293831,0,0,0.89,0.313046319253234,35.2130745735458,2.96573971273896,21,32
49,2,0.2982,0.233219105459118,1,0,0,0,0,0,33.5997095006433,3.14103835782733,21,32
50,1,0.6727,0.242618164145996,1.896,0.305413289293831,0,0,0.89,0.313046319253234,35.8400944819262,3.02173726109377,21,32
50,2,0.2427,0.212395437384662,1,0,0,0,0,0,33.8964518219875,3.18978251528427,21,32
51,1,0.6752,0.250215042648454,1.896,0.305413289293831,0,0,0.89,0.313046319253234,36.4651611650779,3.09064524826899,21,32
51,2,0.1993,0.200573527016253,1,0,0,0,0,0,34.1379412903112,3.23027472825207,21,32
52,1,0.6711,0.255734608901866,1.896,0.305413289293831,0,0,0.89,0.313046319253234,37.0926526233844,3.16541764008858,21,32
52,2,0.1639,0.179608042829515,1,0,0,0,0,0,34.3362273972408,3.27067528002621,21,32
53,1,0.6659,0.265363161738037,1.896,0.305413289293831,0,0,0.89,0.313046319253234,37.7160025982694,3.24654702623876,21,32
53,2,0.1301,0.160217538551994,1,0,0,0,0,0,34.499277286937,3.30295133994769,21,32
54,1,0.6587,0.268582289897243,1.896,0.305413289293831,0,0,0.89,0.313046319253234,38.3341177266227,3.33892906009606,21,32
54,2,0.1057,0.142961351238536,1,0,0,0,0,0,34.6286895466711,3.32475163698003,21,32
55,1,0.6575,0.268916466706794,1.896,0.305413289293831,0,0,0.89,0.313046319253234,38.9450098206095,3.44245864514065,21,32
55,2,0.0806,0.123688879609037,1,0,0,0,0,0,34.7338202766196,3.34797264078037,21,32
56,1,0.6544,0.271688156632663,1.896,0.305413289293831,0,0,0.89,0.313046319253234,39.5546474075983,3.55487386800043,21,32
56,2,0.0571,0.0964307465951026,1,0,0,0,0,0,34.8139781714179,3.36761617479794,21,32
57,1,0.6478,0.274792049868024,1.896,0.305413289293831,0,0,0.889,0.314289321768618,40.1611413431743,3.66994891625438,21,32
57,2,0.0453,0.0901445285973366,1,0,0,0,0,0,34.8707592891771,3.38026014107504,21,32
58,1,0.6416,0.281155630369531,1.896,0.305413289293831,0,0,0.887,0.316751213622507,40.7610618600101,3.79563679353256,21,32
58,2,0.0348,0.0767779581315813,1,0,0,0,0,0,34.9158018008414,3.39251743953771,21,32
59,1,0.6335,0.287803023925359,1.896,0.305413289293831,0,0,0.885,0.319181573523405,41.3548576641491,3.92624532184866,21,32
59,2,0.0248,0.061552812679428,1,0,0,0,0,0,34.9504005350131,3.40035198273387,21,32
60,1,0.6186,0.287291796918354,1.896,0.305413289293831,0,0,0.882,0.322769546550136,41.9406411520875,4.05923638185391,21,32
60,2,0.0166,0.0508628255902779,1,0,0,0,0,0,34.975054638536,3.40681563676047,21,32
61,1,0.6062,0.290216791012832,1.896,0.305413289293831,0,0,0.876,0.32974646735444,42.5117043011061,4.19789817114522,21,32
61,2,0.0117,0.0428362573638845,1,0,0,0,0,0,34.9915553317888,3.41017710468849,21,32
62,1,0.5911,0.29413824523055,1.896,0.305413289293831,0,0,0.871,0.33536766610911,43.0706839328146,4.338618721918,21,32
62,2,0.0074,0.0314042389849878,1,0,0,0,0,0,35.0031841754783,3.41229502198083,21,32
63,1,0.5649,0.299278394739008,1.896,0.305413289293831,0,0,0.855,0.352277020396022,43.6148494563073,4.48490301102526,21,32
63,2,0.0052,0.0270867807923661,1,0,0,0,0,0,35.0105384351329,3.41384005329012,21,32
64,1,0.5329,0.305156862467012,1.896,0.305413289293831,0,0,0.836,0.370460849809047,44.1337200881928,4.63435847036031,21,32
64,2,0.0026,0.0177074434505254,1,0,0,0,0,0,35.0157057764827,3.41511969765721,21,32
65,1,0.5083,0.307759363506337,1.896,0.305413289293831,0,0,0.818,0.386037595351832,44.6216869283387,4.77905294442474,21,32
65,2,0.001,0.010914170564872,1,0,0,0,0,0,35.0182891887905,3.41603587940832,21,32
66,1,0.477,0.314849376893349,1.896,0.305413289293831,0,0,0.796,0.403170617166661,45.0860585298743,4.91891547288914,21,32
66,2,6e-04,0.00998697850902563,1,0,0,0,0,0,35.0192827095469,3.41645836339476,21,32
67,1,0.4429,0.31468812913521,1.896,0.305413289293831,0,0,0.769,0.421683313419937,45.5203823678395,5.05701234207338,21,32
67,2,2e-04,0.00632455532033676,1,0,0,0,0,0,35.0198787623895,3.41648456329677,21,32
68,1,0.4011,0.321235088341828,1.896,0.305413289293831,0,0,0.718,0.450198488090174,45.9221314758848,5.19088599903841,21,32
68,2,0,0,1,0,0,0,0,0,35.0200774268019,3.41644338602299,21,32
69,1,0.3558,0.312256086992494,1.896,0.305413289293831,0,0,0.676,0.468234175646378,46.2848564168681,5.30731157634838,21,32
69,2,0,0,1,0,0,0,0,0,35.0200774268019,3.41644338602299,21,32
70,1,0.3049,0.297278260833792,1.896,0.305413289293831,0,0,0.624,0.484622387905118,46.6046421541451,5.42338171567586,21,32
70,2,0,0,1,0,0,0,0,0,35.0200774268019,3.41644338602299,21,32
71,1,0.2612,0.282620654649363,1.896,0.305413289293831,0,0,0.575,0.494590355364538,46.8764328490428,5.52922925945231,21,32
71,2,0,0,1,0,0,0,0,0,35.0200774268019,3.41644338602299,21,32
72,1,0.2202,0.26382107869077,1.896,0.305413289293831,0,0,0.521,0.499808772240753,47.1072382171622,5.62322480236849,21,32
72,2,0,0,1,0,0,0,0,0,35.0200774268019,3.41644338602299,21,32
73,1,0.1845,0.251581086417566,1.896,0.305413289293831,0,0,0.462,0.49880337288836,47.299995288077,5.70426227296897,21,32
73,2,0,0,1,0,0,0,0,0,35.0200774268019,3.41644338602299,21,32
74,1,0.1476,0.220596697397996,1.896,0.305413289293831,0,0,0.41,0.492079406338187,47.4602212996481,5.77904663068678,21,32
74,2,0,0,1,0,0,0,0,0,35.0200774268019,3.41644338602299,21,32
75,1,0.1212,0.202513139256621,1.896,0.305413289293831,0,0,0.363,0.481105458774334,47.5863841843946,5.83860578039026,21,32
75,2,0,0,1,0,0,0,0,0,35.0200774268019,3.41644338602299,21,32
76,1,0.0987,0.18428855708446,1.896,0.305413289293831,0,0,0.314,0.464348597090181,47.6886641620862,5.8952858492244,21,32
76,2,0,0,1,0,0,0,0,0,35.0200774268019,3.41644338602299,21,32
77,1,0.0799,0.170455404857238,1.896,0.305413289293831,0,0,0.265,0.441554039693863,47.7710357217619,5.94098437192988,21,32
77,2,0,0,1,0,0,0,0,0,35.0200774268019,3.41644338602299,21,32
78,1,0.0552,0.133456999706912,1.896,0.305413289293831,0,0,0.216,0.411720188372532,47.8371744620745,5.98000301155455,21,32
78,2,0,0,1,0,0,0,0,0,35.0200774268019,3.41644338602299,21,32
79,1,0.0418,0.118011383716516,1.896,0.305413289293831,0,0,0.174,0.379299179893482,47.881229472035,6.00935529891742,21,32
79,2,0,0,1,0,0,0,0,0,35.0200774268019,3.41644338602299,21,32
80,1,0.033,0.10354574699968,1.896,0.305413289293831,0,0,0.134,0.340822769427396,47.9140689992335,6.03205065607766,21,32
80,2,0,0,1,0,0,0,0,0,35.0200774268019,3.41644338602299,21,32
81,1,0.0224,0.0826139520000409,1.896,0.305413289293831,0,0,0.063,0.243084532807191,47.9401594281568,6.05225698819769,21,32
81,2,0,0,1,0,0,0,0,0,35.0200774268019,3.41644338602299,21,32
82,1,0.0153,0.074976873311252,1.896,0.305413289293831,0,0,0.043,0.202958597236462,47.9592541252176,6.06477412400577,21,32
82,2,0,0,1,0,0,0,0,0,35.0200774268019,3.41644338602299,21,32
83,1,0.0078,0.0523631731458465,1.896,0.305413289293831,0,0,0,0,47.9722967307668,6.07403367529675,21,32
83,2,0,0,1,0,0,0,0,0,35.0200774268019,3.41644338602299,21,32
84,1,1e-04,0.00316227766016838,1.896,0.305413289293831,0,0,0,0,47.9800322554856,6.08010518198443,21,32
84,2,0,0,1,0,0,0,0,0,35.0200774268019,3.41644338602299,21,32
0,1,1,0,1,0,0,0,0,0,0,0,22,32
0,2,1,0,1,0,0,0,0,0,0,0,22,32
1,1,0.8848,0.108354513983962,1,0,0.112,0.315524255098646,0,0,1,0,22,32
1,2,0.8862,0.109093819538329,1,0,0.126,0.332015412645609,0,0,1,0,22,32
2,1,0.8332,0.130210271156751,1.01,0.0995485304256668,0.27,0.444181603960922,0.01,0.0995485304256668,1.87911208,0.119870169471402,22,32
2,2,0.8329,0.132231142606706,1,0,0.24,0.427296831936047,0,0,1.87981201,0.121790224603697,22,32
3,1,0.8067,0.143127899431228,1.051,0.220107808692576,0.545,0.498220055019088,0.051,0.220107808692576,2.698148248192,0.214053848546354,22,32
3,2,0.8048,0.142187120292863,1,0,0.587,0.492619197427053,0,0,2.700547838209,0.218900609100296,22,32
4,1,0.7952,0.153494366412975,1.099,0.29881145943268,0.327,0.469351990824894,0.099,0.29881145943268,3.47481520149822,0.324298438831051,22,32
4,2,0.7895,0.153372987430229,1,0,0.392,0.488440963243844,0,0,3.47576522647172,0.32208317816912,22,32
5,1,0.7892,0.153775833624816,1.133,0.339744648856206,0.318,0.465932498429862,0.133,0.339744648856206,4.24840568792913,0.43472847270731,22,32
5,2,0.7782,0.156426433920962,1,0,0.433,0.495738597202958,0,0,4.24535731266265,0.430349508579286,22,32
6,1,0.776,0.15299479536052,1.164,0.370460849809047,0.483,0.499960959436795,0.164,0.370460849809047,5.01467243958646,0.545632903003844,22,32
6,2,0.7746,0.158303189796984,1,0,0.598,0.490547282773676,0,0,5.00152911331008,0.536435864510324,22,32
7,1,0.7642,0.160012386907901,1.207,0.40535825551642,0.345,0.475606140836303,0.207,0.40535825551642,5.75787636111909,0.640795158496876,22,32
7,2,0.7664,0.163700451550501,1,0,0.443,0.496988931464271,0,0,5.74578240500019,0.634631373998241,22,32
8,1,0.7645,0.164001971471829,1.247,0.431482534034898,0.362,0.480819287453392,0.247,0.431482534034898,6.49396089577931,0.735638775066289,22,32
8,2,0.7607,0.169452719730975,1,0,0.51,0.50015012761185,0,0,6.48951158626664,0.734447918814567,22,32
9,1,0.7688,0.165692528540107,1.285,0.451640320364534,0.292,0.454909818472786,0.285,0.451640320364534,7.22742386127221,0.826852465726871,22,32
9,2,0.7597,0.167134209077148,1,0,0.45,0.497742652128334,0,0,7.22412363208148,0.837392615169254,22,32
10,1,0.7669,0.161184274575314,1.313,0.463946382943381,0.516,0.499993993957921,0.313,0.463946382943381,7.96670817259206,0.914222894461464,22,32
10,2,0.7541,0.171967330510079,1,0,0.81,0.392497202606661,0,0,7.96066041741156,0.935364986046532,22,32
11,1,0.7619,0.163784050551985,1.366,0.481950491519903,0.634,0.481950491519903,0.211,0.408222544264333,8.69143304895752,0.998305572414185,22,32
11,2,0.754,0.172027886092905,1,0,1,0,0,0,8.67354713844594,1.02639795463182,22,32
12,1,0.7598,0.16410634019102,1.431,0.495463908357092,0.568,0.495602281695334,0.121,0.326290461805836,9.41029182964631,1.07273706780312,22,32
12,2,0.7581,0.173102150056995,1,0,0.997,0.054717401199198,0,0,9.37677312552981,1.10407419666469,22,32
13,1,0.7512,0.169491260209154,1.495,0.50022517452166,0.497,0.500241183071967,0.132,0.338660140392534,10.1347718882178,1.13969085960386,22,32
13,2,0.754,0.170273289135416,1,0,0.963,0.188856206322871,0,0,10.084173692819,1.17773328373001,22,32
14,1,0.7485,0.169429798018107,1.566,0.495872856577056,0.4,0.490143081395872,0.177,0.381859682104326,10.853586774417,1.20789955276739,22,32
14,2,0.7538,0.175031986208796,1,0,0.883,0.321581116383432,0,0,10.7891066381802,1.24890468811121,22,32
15,1,0.7511,0.171137599837318,1.608,0.488440963243844,0.316,0.465145526002734,0.225,0.417791275099839,11.5722299190366,1.27447426242585,22,32
15,2,0.7535,0.174293224561737,1,0,0.783,0.412408876093957,0,0,11.4977637737035,1.31923609894193,22,32
16,1,0.7516,0.171950594668954,1.639,0.480530862598762,0.246,0.430894035314565,0.259,0.438304815295373,12.2951946039597,1.34086246553662,22,32
16,2,0.7523,0.175229607702053,1,0,0.634,0.481950491519903,0,0,12.211042998446,1.38190264567148,22,32
17,1,0.7476,0.169832514799384,1.666,0.47187568984497,0.173,0.37843653921657,0.296,0.45671938057476,13.0203833151731,1.40581122347579,22,32
17,2,0.7531,0.173321754059986,1,0,0.523,0.499720642680209,0,0,12.9304909027626,1.45013543592019,22,32
18,1,0.7446,0.167448137878207,1.68,0.466709564737876,0.14,0.347160655202344,0.315,0.464748309293311,13.7433032445249,1.47069882911793,22,32
18,2,0.7449,0.171474177045389,1,0,0.436,0.496135213576047,0,0,13.6562060759205,1.52457878519625,22,32
19,1,0.7506,0.171665689959028,1.694,0.461060274342278,0.115,0.319181573523405,0.333,0.47152235719352,14.4638550183666,1.5329205895669,22,32
19,2,0.7501,0.172713114209141,1,0,0.339,0.473606696852255,0,0,14.3780056016736,1.59869166481226,22,32
20,1,0.7479,0.174143377467867,1.706,0.455819889618445,0.109,0.311795151046671,0.354,0.478448443317473,15.1906726828832,1.60133204240833,22,32
20,2,0.7459,0.172606439575651,1,0,0.402,0.490547282773676,0,0,15.10976386965,1.66795732364085,22,32
21,1,0.7459,0.172664423095793,1.718,0.450198488090174,0.12,0.325124138915747,0.375,0.48436516143258,15.9139745590824,1.68100441911588,22,32
21,2,0.742,0.175461639074719,1,0,0.489,0.500129112459102,0,0,15.8341136478429,1.74678165065473,22,32
22,1,0.741,0.174095690094009,1.738,0.439942666207257,0.131,0.337569182469243,0.396,0.489309128694145,16.6336116575387,1.75773441234398,22,32
22,2,0.7407,0.17516904462317,1,0,0.545,0.498220055019088,0,0,16.550158298744,1.82376394972115,22,32
23,1,0.7385,0.175266849314034,1.751,0.432650189166937,0.152,0.359200535947575,0.412,0.492441365543654,17.3466910772801,1.82557923650564,22,32
23,2,0.748,0.178010358371887,1,0,0.602,0.489730370546728,0,0,17.2620403557153,1.8927809107598,22,32
24,1,0.7454,0.17969733200894,1.769,0.421683313419937,0.152,0.359200535947575,0.431,0.495463908357092,18.0553591830818,1.88947688872017,22,32
24,2,0.7498,0.175529971146727,1,0,0.574,0.494741112874975,0,0,17.9782910007316,1.95502944352545,22,32
25,1,0.7387,0.178112419651281,1.785,0.41102791139282,0.139,0.346119630761965,0.454,0.498128630106855,18.7698921584829,1.95995408456883,22,32
25,2,0.7559,0.171914934618098,1,0,0.535,0.499023069631078,0,0,18.6976623495088,2.01433725777065,22,32
26,1,0.7395,0.174126592081939,1.798,0.401693113405442,0.14,0.347160655202344,0.478,0.499765710874371,19.477171659003,2.03609440146234,22,32
26,2,0.7477,0.171359487843755,1,0,0.578,0.494125652198062,0,0,19.4249916602827,2.06540902385798,22,32
27,1,0.7377,0.179557653557154,1.81,0.392497202606661,0.128,0.334256978577453,0.512,0.500106094849989,20.1839316001117,2.10301060654988,22,32
27,2,0.7456,0.173062389301057,1,0,0.607,0.488661221901012,0,0,20.1419251145149,2.10960176483504,22,32
28,1,0.7425,0.175597792083456,1.831,0.374939434548541,0.106,0.307991653878573,0.539,0.49872610491905,20.8877286850557,2.16519220175276,22,32
28,2,0.7486,0.17409293020783,1,0,0.554,0.49732417127195,0,0,20.8552464479516,2.1564917319073,22,32
29,1,0.7446,0.178669423133234,1.841,0.36585906146063,0.082,0.274502006097135,0.574,0.494741112874975,21.5959926674754,2.22906750300249,22,32
29,2,0.745,0.17396915032633,1,0,0.49,0.50015012761185,0,0,21.5741306505934,2.1967225103599,22,32
30,1,0.7421,0.178632302508531,1.847,0.360167628640777,0.07,0.255274685711618,0.603,0.489520817361867,22.3057313347842,2.28552737302064,22,32
30,2,0.75,0.176950024897741,1,0,0.42,0.49380547166252,0,0,22.2925441231924,2.23270447578674,22,32
31,1,0.742,0.178403553293727,1.856,0.351265408754388,0.045,0.207407854282373,0.624,0.484622387905118,23.0120590636673,2.34029000643847,22,32
31,2,0.7441,0.175030928197921,1,0,0.313,0.463946382943381,0,0,23.0193602913846,2.27026066024043,22,32
32,1,0.7436,0.176777516359661,1.86,0.347160655202344,0.034,0.181319819316248,0.648,0.477832946043201,23.7184158502421,2.40055664150055,22,32
32,2,0.7503,0.175301570559538,1,0,0.253,0.434948479914783,0,0,23.745555480405,2.3052367576838,22,32
33,1,0.755,0.174256607809762,1.864,0.342960087505269,0.034,0.181319819316248,0.666,0.47187568984497,24.4256489658455,2.45738955531787,22,32
33,2,0.7442,0.170691228525357,1,0,0.268,0.443139224592421,0,0,24.4808486554929,2.33480108153034,22,32
34,1,0.7512,0.171253869701937,1.868,0.338660140392534,0.018,0.133017644294634,0.689,0.463134422704136,25.1432767635202,2.51515647463502,22,32
34,2,0.7414,0.172033821196983,1,0,0.208,0.406079919351968,0,0,25.2092408701327,2.36458885466482,22,32
35,1,0.7482,0.173109002442758,1.87,0.336471712352188,0.018,0.133017644294634,0.714,0.452115481274871,25.8566968851583,2.56430549125067,22,32
35,2,0.7456,0.175075101860005,1,0,0.17,0.375820756799357,0,0,25.9377595666718,2.40311125086672,22,32
36,1,0.7474,0.171880140745761,1.87,0.336471712352188,0.013,0.113330683593826,0.73,0.444181603960922,26.5658105145246,2.6124101077605,22,32
36,2,0.7464,0.175664162246879,1,0,0.126,0.332015412645609,0,0,26.6722840975963,2.44292869558779,22,32
37,1,0.7466,0.170873162426513,1.872,0.334256978577453,0.02,0.140070052543788,0.753,0.431482534034898,27.2735080840326,2.65436408675472,22,32
37,2,0.7396,0.18023408202758,1,0,0.163,0.369550493934953,0,0,27.4097243949464,2.48228703033222,22,32
38,1,0.7501,0.176780206022171,1.876,0.32974646735444,0.015,0.121613279660528,0.767,0.422953768028954,27.9788433784835,2.69805003223213,22,32
38,2,0.7413,0.176338893626464,1,0,0.099,0.29881145943268,0,0,28.1384728957248,2.52990215692411,22,32
39,1,0.7514,0.176207517118564,1.877,0.328601550481703,0.015,0.121613279660528,0.78,0.414453582167861,28.6871465708208,2.74525279463633,22,32
39,2,0.7495,0.173464232162829,1,0,0.104,0.305413289293831,0,0,28.8720299360589,2.57791932886432,22,32
40,1,0.751,0.173288860083472,1.877,0.328601550481703,0.007,0.0834143750078963,0.788,0.408929362143663,29.3960264026494,2.78904887799229,22,32
40,2,0.7407,0.1763082374553,1,0,0.062,0.241276219744537,0,0,29.6134326745259,2.61930141418083,22,32
41,1,0.7558,0.178824881765202,1.877,0.328601550481703,0.003,0.054717401199198,0.801,0.399447817065707,30.1044369433787,2.83313714082787,22,32
41,2,0.7445,0.175785809013841,1,0,0.021,0.143455845400526,0,0,30.3480880205251,2.66495917338376,22,32
42,1,0.7545,0.179309514253711,1.877,0.328601550481703,0.004,0.0631505185092568,0.821,0.383544138406659,30.8171088436776,2.87209880503163,22,32
42,2,0.7351,0.173689833203208,1,0,0.037,0.188856206322871,0,0,31.0884959638975,2.70677745815016,22,32
43,1,0.7539,0.177020129155207,1.878,0.327449573557858,0.009,0.0944877131056093,0.838,0.368635174517967,31.52736932658,2.9086223917206,22,32
43,2,0.7377,0.172738381804822,1,0,0.053,0.224145580463326,0,0,31.8186726187704,2.74540283061076,22,32
44,1,0.747,0.173727318465408,1.879,0.326290461805836,0.008,0.0891288053546324,0.848,0.359200535947575,32.2358660781041,2.94746651359101,22,32
44,2,0.7398,0.176768795909253,1,0,0.039,0.193691808077979,0,0,32.5505685322098,2.77883648553841,22,32
45,1,0.7437,0.174959769435493,1.879,0.326290461805836,0.007,0.0834143750078963,0.852,0.355277669185979,32.9369742505192,2.98753116513786,22,32
45,2,0.7304,0.178178527290994,1,0,0.046,0.209589904165081,0,0,33.2851789625087,2.81569914564029,22,32
46,1,0.7404,0.175438361308519,1.881,0.323950527000565,0.002,0.0446989708829856,0.858,0.349224795737585,33.634577803011,3.03041061736127,22,32
46,2,0.7325,0.177045460532303,1,0,0.004,0.0631505185092568,0,0,34.0100097103778,2.85671923297086,22,32
47,1,0.7428,0.17486777501512,1.881,0.323950527000565,0,0,0.869,0.337569182469243,34.3287769705258,3.06699189311807,22,32
47,2,0.7192,0.177490458512177,1,0,0,0,0,0,34.7389486985784,2.89411279602124,22,32
48,1,0.7395,0.177203699597811,1.881,0.323950527000565,0,0,0.871,0.33536766610911,35.0248475741718,3.10344459353998,22,32
48,2,0.7121,0.1795991254039,1,0,0,0,0,0,35.4547762214814,2.93176967996916,22,32
49,1,0.7348,0.180114967177637,1.881,0.323950527000565,0,0,0.875,0.330884397463048,35.7174648524642,3.14343109779888,22,32
49,2,0.7031,0.192762930947699,1,0,0,0,0,0,36.1634661616668,2.96972717153892,22,32
50,1,0.7347,0.180993559743624,1.881,0.323950527000565,0,0,0.876,0.32974646735444,36.4051368214949,3.18331890085023,22,32
50,2,0.6849,0.200654559510249,1,0,0,0,0,0,36.8631292271837,3.00152878236926,22,32
51,1,0.7325,0.183595908062945,1.881,0.323950527000565,0,0,0.881,0.323950527000565,37.0925907714942,3.22185278598884,22,32
51,2,0.6659,0.207050863461276,1,0,0,0,0,0,37.5446131038004,3.03821717035379,22,32
52,1,0.7262,0.184628404227648,1.881,0.323950527000565,0,0,0.881,0.323950527000565,37.7775384399119,3.25595717203426,22,32
52,2,0.6399,0.219832473298001,1,0,0,0,0,0,38.2071254901747,3.07469545077038,22,32
53,1,0.7234,0.193105488605916,1.881,0.323950527000565,0,0,0.881,0.323950527000565,38.4561502901638,3.29341020560114,22,32
53,2,0.6098,0.231251891748884,1,0,0,0,0,0,38.8437064811242,3.11237595488491,22,32
54,1,0.719,0.195645795450036,1.881,0.323950527000565,0,0,0.881,0.323950527000565,39.1319090807122,3.33011608868553,22,32
54,2,0.575,0.251352696779203,1,0,0,0,0,0,39.4502829299009,3.15686280881496,22,32
55,1,0.7147,0.205368172037651,1.881,0.323950527000565,0,0,0.881,0.323950527000565,39.8032239925266,3.36020832736494,22,32
55,2,0.5425,0.266898829118797,1,0,0,0,0,0,40.0221861439068,3.20679008120821,22,32
56,1,0.7045,0.20652458062517,1.881,0.323950527000565,0,0,0.881,0.323950527000565,40.4701953591075,3.39137261915066,22,32
56,2,0.4916,0.277536423675284,1,0,0,0,0,0,40.5617104358178,3.26591368252392,22,32
57,1,0.7021,0.216639152792201,1.881,0.323950527000565,0,0,0.881,0.323950527000565,41.126956991754,3.42227688457803,22,32
57,2,0.4344,0.289725008552214,1,0,0,0,0,0,41.0505650328486,3.3308836204152,22,32
58,1,0.7009,0.223783979027251,1.881,0.323950527000565,0,0,0.881,0.323950527000565,41.7812665900034,3.4615291518161,22,32
58,2,0.3909,0.285917713580217,1,0,0,0,0,0,41.4824958731792,3.39040312488116,22,32
59,1,0.6977,0.230863613434443,1.881,0.323950527000565,0,0,0.881,0.323950527000565,42.434317697494,3.50398268215129,22,32
59,2,0.3404,0.277605664396289,1,0,0,0,0,0,41.8711351027112,3.45267428614334,22,32
60,1,0.6838,0.238902981636133,1.881,0.323950527000565,0,0,0.881,0.323950527000565,43.0841223252257,3.54671868728666,22,32
60,2,0.2947,0.269099097591063,1,0,0,0,0,0,42.2095325559046,3.52279520562603,22,32
61,1,0.6808,0.246885220927281,1.881,0.323950527000565,0,0,0.881,0.323950527000565,43.7200451269396,3.5913569005865,22,32
61,2,0.246,0.255791769667105,1,0,0,0,0,0,42.5024695620243,3.59002756286741,22,32
62,1,0.6739,0.250782139877787,1.881,0.323950527000565,0,0,0.881,0.323950527000565,44.3529225815812,3.64664404978696,22,32
62,2,0.2002,0.231070018291758,1,0,0,0,0,0,42.7469734549836,3.6570905230989,22,32
63,1,0.6701,0.260122382069774,1.881,0.323950527000565,0,0,0.881,0.323950527000565,44.9788793982589,3.70786354610863,22,32
63,2,0.1643,0.214526295664498,1,0,0,0,0,0,42.9459359932052,3.71064203750668,22,32
64,1,0.6615,0.263471378269381,1.881,0.323950527000565,0,0,0.881,0.323950527000565,45.6009974851915,3.77609308381416,22,32
64,2,0.1282,0.189051581586879,1,0,0,0,0,0,43.1092041054695,3.76336070852191,22,32
65,1,0.654,0.268171430088882,1.881,0.323950527000565,0,0,0.879,0.326290461805836,46.2145082272973,3.85042725169299,22,32
65,2,0.0906,0.153411783038902,1,0,0,0,0,0,43.2365862046483,3.81829245988608,22,32
66,1,0.6538,0.273971934001679,1.881,0.323950527000565,0,0,0.879,0.326290461805836,46.8206055647316,3.93486045113782,22,32
66,2,0.0772,0.147247552923102,1,0,0,0,0,0,43.326599185177,3.8564210974171,22,32
67,1,0.6415,0.277677609567021,1.881,0.323950527000565,0,0,0.876,0.32974646735444,47.4264436081512,4.01966427673683,22,32
67,2,0.0604,0.124125933016623,1,0,0,0,0,0,43.4032913175899,3.89022249968671,22,32
68,1,0.6289,0.284773393922055,1.881,0.323950527000565,0,0,0.873,0.333139583331045,48.0201522047112,4.11408917296353,22,32
68,2,0.0454,0.10454553921507,1,0,0,0,0,0,43.463287970145,3.91406071615104,22,32
69,1,0.6174,0.287157969939369,1.881,0.323950527000565,0,0,0.869,0.337569182469243,48.6014358074234,4.21647001651728,22,32
69,2,0.0373,0.0934207548537125,1,0,0,0,0,0,43.5083802820855,3.93032198041115,22,32
70,1,0.6087,0.2937355793747,1.881,0.323950527000565,0,0,0.867,0.339744648856206,49.1714389872684,4.32566940582782,22,32
70,2,0.0261,0.0747956174142869,1,0,0,0,0,0,43.5454237851924,3.94269510972613,22,32
71,1,0.5957,0.2950229627479,1.881,0.323950527000565,0,0,0.859,0.34819569244929,49.7328451595754,4.45132163932955,22,32
71,2,0.0196,0.0657279252689461,1,0,0,0,0,0,43.5713417140811,3.94794593871331,22,32
72,1,0.5848,0.305716244943612,1.881,0.323950527000565,0,0,0.847,0.360167628640777,50.2816843388741,4.5817690197438,22,32
72,2,0.0135,0.0528255671104489,1,0,0,0,0,0,43.5908030400227,3.95435823337274,22,32
73,1,0.5597,0.311645685086499,1.881,0.323950527000565,0,0,0.828,0.377569276502417,50.8202425316001,4.7205232799491,22,32
73,2,0.0097,0.0431018302136669,1,0,0,0,0,0,43.604206184279,3.96083551766775,22,32
74,1,0.5338,0.315082269949988,1.881,0.323950527000565,0,0,0.813,0.390106630529633,51.3347725303443,4.8568611006102,22,32
74,2,0.006,0.0300816373375005,1,0,0,0,0,0,43.6138356285927,3.96487987024335,22,32
75,1,0.5047,0.32359329817322,1.881,0.323950527000565,0,0,0.79,0.407512044074854,51.8242865084145,4.99622826630161,22,32
75,2,0.0036,0.0225288159375398,1,0,0,0,0,0,43.6197913902645,3.96624560504228,22,32
76,1,0.4688,0.325534226361119,1.881,0.323950527000565,0,0,0.762,0.426072221034812,52.2860103863583,5.14046298755089,22,32
76,2,0.0018,0.0160317502792745,1,0,0,0,0,0,43.6233644899218,3.9667213259505,22,32
77,1,0.443,0.32969637501753,1.881,0.323950527000565,0,0,0.734,0.44208533049564,52.7134493110853,5.28287891384206,22,32
77,2,9e-04,0.0113718652524254,1,0,0,0,0,0,43.6251508610955,3.96699590665647,22,32
78,1,0.3952,0.323514484407764,1.881,0.323950527000565,0,0,0.693,0.461480188051409,53.1166326597574,5.42536491553994,22,32
78,2,4e-04,0.00773950256152809,1,0,0,0,0,0,43.6260439573638,3.96737360432789,22,32
79,1,0.3671,0.322384121075343,1.881,0.323950527000565,0,0,0.664,0.472575208117531,53.474381169696,5.56634887021687,22,32
79,2,2e-04,0.00446989708829856,1,0,0,0,0,0,43.6264408493454,3.9676226906378,22,32
80,1,0.3176,0.31322252209627,1.881,0.323950527000565,0,0,0.609,0.488218554908923,53.8056536208006,5.70367100097203,22,32
80,2,2e-04,0.00446989708829856,1,0,0,0,0,0,43.6266392754916,3.96767225183853,22,32
81,1,0.2825,0.299288027363814,1.881,0.323950527000565,0,0,0.54,0.498646817545895,54.0905154711937,5.83656194845849,22,32
81,2,1e-04,0.00316227766016838,1,0,0,0,0,0,43.6268376817952,3.96772676340622,22,32
82,1,0.2351,0.283334198903465,1.881,0.323950527000565,0,0,0.347,0.476253942574566,54.3439541776369,5.96049895692568,22,32
82,2,1e-04,0.00316227766016838,1,0,0,0,0,0,43.6269368750267,3.96779266021346,22,32
83,1,0.1534,0.242460774615663,1.881,0.323950527000565,0,0,0,0,54.5599258398685,6.07259483172996,22,32
83,2,1e-04,0.00316227766016838,1,0,0,0,0,0,43.6270360583389,3.96786102871405,22,32
84,1,0.0251,0.0982325793188779,1.881,0.323950527000565,0,0,0,0,54.7120578260041,6.13486058231561,22,32
84,2,0,0,1,0,0,0,0,0,43.6271352317327,3.96793186803711,22,32
0,1,1,0,1,0,0,0,0,0,0,0,23,32
0,2,1,0,1,0,0,0,0,0,0,0,23,32
1,1,0.8831,0.106469365198285,1,0,0.117,0.321581116383432,0,0,1,0,23,32
1,2,0.8815,0.107047695954697,1,0,0.12,0.325124138915747,0,0,1,0,23,32
2,1,0.8311,0.127275248925268,1.01,0.0995485304256668,0.278,0.448237567498438,0.01,0.0995485304256668,1.877162275,0.118389834045642,23,32
2,2,0.8359,0.132660426611664,1,0,0.263,0.440482718191106,0,0,1.87541245,0.118874123544386,23,32
3,1,0.8054,0.143706268100913,1.03,0.170672578726429,0.554,0.49732417127195,0.03,0.170672578726429,2.693698943167,0.210122363413997,23,32
3,2,0.8109,0.144817685943956,1,0,0.559,0.496755237280661,0,0,2.6979979082275,0.213226882753968,23,32
4,1,0.7936,0.147922009589246,1.087,0.281976081451088,0.33,0.470448000656099,0.087,0.281976081451088,3.46966610645222,0.31619294246854,23,32
4,2,0.7963,0.149929279291234,1,0,0.367,0.482227688487029,0,0,3.48071304671522,0.323087210877701,23,32
5,1,0.7764,0.154034953068343,1.11,0.313046319253234,0.366,0.481950491519903,0.11,0.313046319253234,4.24210705281413,0.419211269560881,23,32
5,2,0.784,0.156871312255009,1,0,0.414,0.492794933868893,0,0,4.25835191338911,0.428399304608353,23,32
6,1,0.7704,0.16027953559182,1.138,0.345072564941166,0.515,0.500025024398804,0.138,0.345072564941166,4.99433082806661,0.518583440053633,23,32
6,2,0.7695,0.159766314582503,1,0,0.609,0.488218554908923,0,0,5.02127033971147,0.538213634744189,23,32
7,1,0.7715,0.166689938315231,1.183,0.386860001370859,0.332,0.471166635064494,0.183,0.386860001370859,5.73163828871435,0.613407165937046,23,32
7,2,0.7636,0.165294774153215,1,0,0.452,0.497939699104163,0,0,5.75987702055419,0.643690558021229,23,32
8,1,0.7608,0.169918310467802,1.203,0.402433787041984,0.393,0.488661221901012,0.203,0.402433787041984,6.47686642029575,0.714123118438745,23,32
8,2,0.7552,0.167155319690702,1,0,0.543,0.498396829242923,0,0,6.50035847613826,0.741880757622176,23,32
9,1,0.7582,0.168229192059705,1.238,0.426072221034812,0.326,0.468981816218864,0.238,0.426072221034812,7.20728182493482,0.816349336866048,23,32
9,2,0.7544,0.169556448976114,1,0,0.465,0.499023069631078,0,0,7.2278262399515,0.840501773820873,23,32
10,1,0.7601,0.168957203269161,1.271,0.444698500960771,0.565,0.496005061487301,0.271,0.444698500960771,7.93662508767351,0.910446106543977,23,32
10,2,0.7459,0.170212109328808,1,0,0.826,0.379299179893482,0,0,7.95831846810409,0.93532724543045,23,32
11,1,0.7613,0.166011655825336,1.327,0.469351990824894,0.673,0.469351990824894,0.177,0.381859682104326,8.65420711082233,0.996295392395099,23,32
11,2,0.7452,0.174606550413916,1,0,1,0,0,0,8.66221418508955,1.02240656826545,23,32
12,1,0.7682,0.171108264084579,1.383,0.486361539955153,0.616,0.486601254397048,0.11,0.313046319253234,9.37221682604375,1.0737806829834,23,32
12,2,0.7532,0.168458119834391,1,0,0.998,0.0446989708829856,0,0,9.35664984733487,1.09792985922241,23,32
13,1,0.76,0.169199966396653,1.442,0.496873105413125,0.534,0.499092269117739,0.116,0.320385153598987,10.1032390289368,1.14455503150609,23,32
13,2,0.7558,0.168329126103282,1,0,0.966,0.181319819316248,0,0,10.0591063513582,1.16880289241132,23,32
14,1,0.7624,0.163257137341351,1.503,0.500241183071967,0.445,0.497214463005877,0.144,0.351265408754388,10.8297938461788,1.2121337342191,23,32
14,2,0.7586,0.167553317228022,1,0,0.876,0.32974646735444,0,0,10.7656871530059,1.23136725890637,23,32
15,1,0.7583,0.166188834548921,1.552,0.49753747953651,0.352,0.477832946043201,0.19,0.392497202606661,11.5617183828965,1.26963277486649,23,32
15,2,0.7559,0.170453055837214,1,0,0.768,0.422320203582962,0,0,11.4794870832138,1.29478200563392,23,32
16,1,0.7583,0.168045676378029,1.581,0.493642261848277,0.269,0.443661848524116,0.217,0.412408876093957,12.2918223503239,1.32728893222715,23,32
16,2,0.7449,0.172985299704668,1,0,0.65,0.477208264521611,0,0,12.1959115862624,1.35976664904559,23,32
17,1,0.7507,0.172653755589965,1.606,0.488879333785959,0.185,0.388491860823269,0.25,0.433229370758364,13.024648830713,1.38508797633973,23,32
17,2,0.7472,0.174190994320896,1,0,0.511,0.500129112459102,0,0,12.9071726007436,1.42922714308048,23,32
18,1,0.7489,0.168841041507381,1.621,0.485380875802286,0.138,0.345072564941166,0.272,0.4452125494797,13.7523606065895,1.44773761325673,23,32
18,2,0.758,0.172585589739659,1,0,0.404,0.4909429956981,0,0,13.627596776697,1.49954950440317,23,32
19,1,0.7564,0.167293236644603,1.633,0.482227688487029,0.108,0.310535718448671,0.289,0.453524734369234,14.4794506004474,1.513094994713,23,32
19,2,0.7549,0.177221323201802,1,0,0.335,0.472226638382459,0,0,14.3640698649292,1.56746080670593,23,32
20,1,0.7545,0.170964847202514,1.645,0.478752758952055,0.111,0.314289321768618,0.307,0.461480188051409,15.2146024142344,1.5834007726454,23,32
20,2,0.7464,0.177872647359505,1,0,0.4,0.490143081395872,0,0,15.1008186414507,1.63701459275835,23,32
21,1,0.7511,0.169255538867824,1.654,0.475931203547856,0.131,0.337569182469243,0.321,0.467094398571827,15.9467366072385,1.65414120501612,23,32
21,2,0.7479,0.176597782479783,1,0,0.491,0.50016914056064,0,0,15.825767220783,1.71697483591515,23,32
22,1,0.753,0.173900089825282,1.666,0.47187568984497,0.161,0.367714854492192,0.333,0.47152235719352,16.67370828612,1.72004524065076,23,32
22,2,0.7402,0.175141755828342,1,0,0.538,0.49880337288836,0,0,16.5475997038564,1.80248906954369,23,32
23,1,0.7482,0.175805766878301,1.681,0.466322266738847,0.198,0.398691553653893,0.348,0.476574362637273,17.400407707372,1.78301480463647,23,32
23,2,0.7435,0.172009701288437,1,0,0.605,0.489095301770743,0,0,17.2593320904814,1.87619147372092,23,32
24,1,0.7448,0.17929056055773,1.697,0.459785169837395,0.206,0.404632830758612,0.369,0.482775384699833,18.1196514599729,1.849873055801,23,32
24,2,0.74,0.174385809085517,1,0,0.629,0.483314175865547,0,0,17.9709434187414,1.93710889231599,23,32
25,1,0.739,0.181912319791959,1.716,0.451162440311189,0.178,0.382704144820072,0.39,0.487993993957034,18.8339849148224,1.9187997306309,23,32
25,2,0.742,0.172353432532415,1,0,0.551,0.497641082153239,0,0,18.677794852906,1.99061652885865,23,32
26,1,0.7411,0.180813394093146,1.73,0.444181603960922,0.19,0.392497202606661,0.417,0.493309592805932,19.5428105449889,1.99266855649864,23,32
26,2,0.7423,0.177460424326671,1,0,0.578,0.494125652198062,0,0,19.3904608696137,2.03518329876367,23,32
27,1,0.7377,0.177595749527544,1.752,0.432067914433232,0.182,0.386037595351832,0.453,0.498035178515573,20.2517149030795,2.06495639233998,23,32
27,2,0.7352,0.178921695087468,1,0,0.607,0.488661221901012,0,0,20.1020083463099,2.07459957569521,23,32
28,1,0.7395,0.184780664285779,1.774,0.418448442581758,0.148,0.355277669185979,0.488,0.500106094849989,20.9557613139003,2.12930960974516,23,32
28,2,0.7334,0.177809043797148,1,0,0.589,0.49226143594773,0,0,20.804957723273,2.11701237187061,23,32
29,1,0.7426,0.177190960933781,1.794,0.404632830758612,0.116,0.320385153598987,0.517,0.499960959436795,21.6614824266894,2.19378764554453,23,32
29,2,0.7405,0.181776766372363,1,0,0.503,0.500241183071967,0,0,21.5069393218993,2.16230190096882,23,32
30,1,0.7407,0.173157424020726,1.802,0.398691553653893,0.101,0.301479501608136,0.545,0.498220055019088,22.3703735555502,2.25502162857225,23,32
30,2,0.7419,0.185765709696109,1,0,0.432,0.495602281695334,0,0,22.2202177086081,2.20466818567719,23,32
31,1,0.7395,0.175956559157966,1.809,0.393285740491152,0.063,0.243084532807191,0.579,0.493966601100725,23.0766514342161,2.30958136335166,23,32
31,2,0.7444,0.180002891757441,1,0,0.299,0.458048915301421,0,0,22.9383599389906,2.25149560019709,23,32
32,1,0.7496,0.180976773627426,1.814,0.389301368550838,0.053,0.224145580463326,0.593,0.491520693961701,23.7818617804485,2.36794972448901,23,32
32,2,0.7458,0.176446857420282,1,0,0.259,0.438304815295373,0,0,23.6655520326565,2.30162752692546,23,32
33,1,0.748,0.17659894446793,1.818,0.386037595351832,0.053,0.224145580463326,0.622,0.485130241637595,24.4968699747013,2.4304814089044,23,32
33,2,0.7472,0.175507729069016,1,0,0.245,0.430302405478008,0,0,24.3960605439602,2.3496175437095,23,32
34,1,0.758,0.177616293023888,1.824,0.381010720543621,0.03,0.170672578726429,0.647,0.47814184048211,25.2087667170473,2.48679456683687,23,32
34,2,0.7543,0.172195125253769,1,0,0.175,0.380157229997694,0,0,25.1285890854894,2.39607873717569,23,32
35,1,0.7523,0.176084399410384,1.828,0.377569276502417,0.024,0.1531255937048,0.669,0.470808518041741,25.9304586651988,2.54329641942534,23,32
35,2,0.7523,0.175572023783789,1,0,0.164,0.370460849809047,0,0,25.871608393567,2.44341055143561,23,32
36,1,0.7501,0.173060509475559,1.832,0.374053359717455,0.014,0.117549214450024,0.695,0.460637804774193,26.6456011555231,2.59390826652549,23,32
36,2,0.7478,0.176426433071369,1,0,0.123,0.328601550481703,0,0,26.6131084660957,2.48403414183991,23,32
37,1,0.7571,0.177033699986559,1.835,0.37136627864268,0.025,0.156203071030628,0.713,0.452587931606484,27.3576829127197,2.64184165465951,23,32
37,2,0.7368,0.180050487858762,1,0,0.176,0.381010720543621,0,0,27.3520931931997,2.52890858357651,23,32
38,1,0.754,0.174282455727404,1.839,0.367714854492192,0.018,0.133017644294634,0.727,0.445723759373078,28.0752229636605,2.68458876376589,23,32
38,2,0.7321,0.178693932525762,1,0,0.119,0.323950527000565,0,0,28.0774044360279,2.56828649461714,23,32
39,1,0.7547,0.176547668008046,1.842,0.364923511395428,0.011,0.104354635210372,0.738,0.439942666207257,28.7892543463718,2.73214329786876,23,32
39,2,0.7381,0.17885854852475,1,0,0.13,0.336471712352188,0,0,28.800800164742,2.60694170734262,23,32
40,1,0.7529,0.174304251158633,1.843,0.363982806576744,0.004,0.0631505185092568,0.746,0.43551541152257,29.5037123796452,2.77185391965491,23,32
40,2,0.7466,0.177199999548081,1,0,0.05,0.218054001448145,0,0,29.5295523392179,2.64474498874463,23,32
41,1,0.7581,0.174024925440796,1.843,0.363982806576744,0.001,0.0316227766016838,0.753,0.431482534034898,30.2162563527036,2.81951469378121,23,32
41,2,0.7475,0.182117865452341,1,0,0.031,0.173404351355637,0,0,30.270681735853,2.67930214203471,23,32
42,1,0.7542,0.171848456181287,1.843,0.363982806576744,0.004,0.0631505185092568,0.775,0.417791275099839,30.9337086123114,2.8700058861436,23,32
42,2,0.7463,0.176401324902699,1,0,0.029,0.167890402308134,0,0,31.0135794496987,2.71923465970267,23,32
43,1,0.7533,0.17400973935211,1.844,0.363036906933435,0.014,0.117549214450024,0.794,0.404632830758612,31.6459607124108,2.91461799879407,23,32
43,2,0.7466,0.173892721753036,1,0,0.059,0.235742602375079,0,0,31.7553074843147,2.75723265885572,23,32
44,1,0.7569,0.173673695626461,1.846,0.36112935966827,0.01,0.0995485304256668,0.807,0.394850486775573,32.3558016711087,2.94896984906311,23,32
44,2,0.7462,0.176342441450312,1,0,0.038,0.191291904148065,0,0,32.495766495306,2.79459648689781,23,32
45,1,0.7494,0.173406198590793,1.847,0.360167628640777,0.005,0.0705689732104696,0.816,0.387678080750375,33.0687078154681,2.98154535336084,23,32
45,2,0.7434,0.175918695389056,1,0,0.05,0.218054001448145,0,0,33.2367986065366,2.83389882666898,23,32
46,1,0.7442,0.177645483809519,1.849,0.358228038164697,0,0,0.824,0.381010720543621,33.7738772430921,3.01253637502346,23,32
46,2,0.7457,0.180926073975655,1,0,0.006,0.0772655807586403,0,0,33.9743718809442,2.87180188410996,23,32
47,1,0.7484,0.17518027322769,1.849,0.358228038164697,0,0,0.827,0.37843653921657,34.4736507084821,3.04261053446886,23,32
47,2,0.7484,0.179971747310043,1,0,0,0,0,0,34.7163507445312,2.91204694956377,23,32
48,1,0.7509,0.174899341850619,1.849,0.358228038164697,0,0,0.829,0.376697359827357,35.1773852052403,3.07816040123491,23,32
48,2,0.7487,0.17569626967918,1,0,0,0,0,0,35.4612413426132,2.95742583686813,23,32
49,1,0.7507,0.173809435071056,1.849,0.358228038164697,0,0,0.83,0.375820756799357,35.8834378355795,3.11698733089996,23,32
49,2,0.7445,0.175101143372653,1,0,0,0,0,0,36.2063560150143,2.9995589870502,23,32
50,1,0.7582,0.16828868375824,1.849,0.358228038164697,0,0,0.839,0.367714854492192,36.5891710827202,3.15541220924788,23,32
50,2,0.7438,0.175306281382877,1,0,0,0,0,0,36.9472167066334,3.04026212714879,23,32
51,1,0.7576,0.169206592279588,1.849,0.358228038164697,0,0,0.845,0.362085771753194,37.3018485927607,3.19320045270649,23,32
51,2,0.7392,0.178143467730633,1,0,0,0,0,0,37.687306803622,3.07374806263342,23,32
52,1,0.7524,0.173909414594163,1.849,0.358228038164697,0,0,0.845,0.362085771753194,38.0135594135939,3.2307405376782,23,32
52,2,0.7375,0.178200744963385,1,0,0,0,0,0,38.4227462930466,3.10932311851782,23,32
53,1,0.754,0.171678401301601,1.849,0.358228038164697,0,0,0.848,0.359200535947575,38.7200260345078,3.27120130411057,23,32
53,2,0.7367,0.176789039152218,1,0,0,0,0,0,39.1564210560178,3.14622332342274,23,32
54,1,0.7508,0.171548211266655,1.849,0.358228038164697,0,0,0.848,0.359200535947575,39.4278643437066,3.29858688189659,23,32
54,2,0.7302,0.176576156768515,1,0,0,0,0,0,39.8892266805074,3.17762014451305,23,32
55,1,0.7535,0.172735600232227,1.849,0.358228038164697,0,0,0.846,0.36112935966827,40.1324491033619,3.32311882143777,23,32
55,2,0.737,0.179173388378696,1,0,0,0,0,0,40.6154940315806,3.21671042434115,23,32
56,1,0.7491,0.16830780587221,1.849,0.358228038164697,0,0,0.848,0.359200535947575,40.8397480460478,3.35130644715596,23,32
56,2,0.7275,0.177214996981506,1,0,0,0,0,0,41.3484514567205,3.25533637462859,23,32
57,1,0.7489,0.173807361751449,1.849,0.358228038164697,0,0,0.849,0.358228038164697,41.542501389664,3.3836558292798,23,32
57,2,0.7158,0.18293119970039,1,0,0,0,0,0,42.0718886400809,3.28823949459389,23,32
58,1,0.7423,0.173351552519038,1.849,0.358228038164697,0,0,0.849,0.358228038164697,42.2449358789631,3.41256843259253,23,32
58,2,0.7039,0.189183986057437,1,0,0,0,0,0,42.7836199833329,3.31365154157225,23,32
59,1,0.7517,0.17801347926154,1.849,0.358228038164697,0,0,0.849,0.358228038164697,42.9407382959187,3.43923964218589,23,32
59,2,0.6912,0.199906284349749,1,0,0,0,0,0,43.4834489771102,3.34768087284346,23,32
60,1,0.7472,0.176644737717724,1.849,0.358228038164697,0,0,0.849,0.358228038164697,43.6458158331615,3.46412540843411,23,32
60,2,0.6782,0.209352785003182,1,0,0,0,0,0,44.1705827011034,3.37814332193161,23,32
61,1,0.7347,0.183955836411215,1.849,0.358228038164697,0,0,0.849,0.358228038164697,44.3463497831542,3.48601443119562,23,32
61,2,0.6567,0.213026971274744,1,0,0,0,0,0,44.8447254820684,3.41748222052569,23,32
62,1,0.7323,0.185691117696004,1.849,0.358228038164697,0,0,0.849,0.358228038164697,45.0343897014512,3.51042902058098,23,32
62,2,0.6413,0.229950401580835,1,0,0,0,0,0,45.497431606078,3.45544993080953,23,32
63,1,0.7314,0.191339098593703,1.849,0.358228038164697,0,0,0.849,0.358228038164697,45.7199756504631,3.53553682315583,23,32
63,2,0.6246,0.238813466688694,1,0,0,0,0,0,46.1347676488428,3.50550904583057,23,32
64,1,0.7211,0.199661349926957,1.849,0.358228038164697,0,0,0.849,0.358228038164697,46.4045986933387,3.56270551326649,23,32
64,2,0.5904,0.252490775260388,1,0,0,0,0,0,46.7554448425144,3.55024783954015,23,32
65,1,0.7151,0.199202589520497,1.849,0.358228038164697,0,0,0.849,0.358228038164697,47.0789189866905,3.59417851270332,23,32
65,2,0.5569,0.266802499189145,1,0,0,0,0,0,47.3420781604175,3.60069763078087,23,32
66,1,0.7133,0.207837211072287,1.849,0.358228038164697,0,0,0.849,0.358228038164697,47.7472107234746,3.62017731116018,23,32
66,2,0.5169,0.276406929708339,1,0,0,0,0,0,47.8953698696497,3.65366895132749,23,32
67,1,0.708,0.216709397495732,1.849,0.358228038164697,0,0,0.849,0.358228038164697,48.4136474725573,3.64735941102114,23,32
67,2,0.4783,0.288968186160021,1,0,0,0,0,0,48.4088693935386,3.71493763859324,23,32
68,1,0.7062,0.224882485160877,1.849,0.358228038164697,0,0,0.849,0.358228038164697,49.0747529710356,3.6762451584867,23,32
68,2,0.4339,0.296561526059499,1,0,0,0,0,0,48.8839753358753,3.77862634107923,23,32
69,1,0.691,0.241655534588797,1.849,0.358228038164697,0,0,0.849,0.358228038164697,49.7340045580501,3.70822506823259,23,32
69,2,0.3925,0.303654336303561,1,0,0,0,0,0,49.3149346784072,3.8484553094774,23,32
70,1,0.6804,0.250836119326461,1.849,0.358228038164697,0,0,0.849,0.358228038164697,50.3780947441089,3.74693176767542,23,32
70,2,0.3441,0.300991338389971,1,0,0,0,0,0,49.7047356159265,3.92516907279123,23,32
71,1,0.666,0.257391239653276,1.849,0.358228038164697,0,0,0.849,0.358228038164697,51.0115944657385,3.78375900900358,23,32
71,2,0.3045,0.289021250573869,1,0,0,0,0,0,50.0464352071369,4.00528792083402,23,32
72,1,0.6572,0.267992499857701,1.849,0.358228038164697,0,0,0.849,0.358228038164697,51.6307327203775,3.83129982083707,23,32
72,2,0.2559,0.278644635392165,1,0,0,0,0,0,50.3487808065878,4.09340413545135,23,32
73,1,0.6484,0.273408471324852,1.849,0.358228038164697,0,0,0.849,0.358228038164697,52.2410721967869,3.8885280971229,23,32
73,2,0.2063,0.253721667747721,1,0,0,0,0,0,50.6028448521562,4.1792383581682,23,32
74,1,0.6378,0.279945583157744,1.849,0.358228038164697,0,0,0.849,0.358228038164697,52.8426146485311,3.95488377050368,23,32
74,2,0.1689,0.237780001954179,1,0,0,0,0,0,50.8076442709116,4.25254594529954,23,32
75,1,0.6352,0.284115613231096,1.849,0.358228038164697,0,0,0.849,0.358228038164697,53.4335751004101,4.02706943073298,23,32
75,2,0.14,0.219654838891039,1,0,0,0,0,0,50.9752989619712,4.31694901521621,23,32
76,1,0.6254,0.294008981633693,1.849,0.358228038164697,0,0,0.848,0.359200535947575,54.0218958842691,4.10661376323382,23,32
76,2,0.1107,0.196147862552677,1,0,0,0,0,0,51.1142528375347,4.37662760197338,23,32
77,1,0.6174,0.298238472008871,1.849,0.358228038164697,0,0,0.845,0.362085771753194,54.6004816588589,4.20258827626304,23,32
77,2,0.0869,0.1765490287698,1,0,0,0,0,0,51.2241146647167,4.43328971379747,23,32
78,1,0.6088,0.302744470162899,1.849,0.358228038164697,0,0,0.844,0.363036906933435,55.1712197907533,4.29830996868233,23,32
78,2,0.0668,0.152449995083637,1,0,0,0,0,0,51.3103480710657,4.48091046008736,23,32
79,1,0.6005,0.306861392022382,1.849,0.358228038164697,0,0,0.839,0.367714854492192,55.7334172827274,4.40198158261453,23,32
79,2,0.0514,0.131587823735159,1,0,0,0,0,0,51.3766290319973,4.51746664373659,23,32
80,1,0.5914,0.312447857511719,1.849,0.358228038164697,0,0,0.835,0.37136627864268,56.2875719025671,4.51017282759999,23,32
80,2,0.0345,0.106353472256721,1,0,0,0,0,0,51.4276245515744,4.54506605156404,23,32
81,1,0.5902,0.318913257274867,1.849,0.358228038164697,0,0,0.819,0.385210834981815,56.8328420264347,4.63044371558154,23,32
81,2,0.0213,0.0756441143251214,1,0,0,0,0,0,51.4618496389453,4.56454930501324,23,32
82,1,0.5599,0.319380641232361,1.849,0.358228038164697,0,0,0.386,0.487074164005074,57.3776608503639,4.76150993786269,23,32
82,2,0.0137,0.0571452148090772,1,0,0,0,0,0,51.4829777972515,4.57585357980089,23,32
83,1,0.3969,0.344904841005964,1.849,0.358228038164697,0,0,0,0,57.9138458359088,4.90205997567132,23,32
83,2,0.0104,0.0489309128694145,1,0,0,0,0,0,51.4965659110177,4.58380177626168,23,32
84,1,0.1643,0.260736444505737,1.849,0.358228038164697,0,0,0,0,58.307465036021,4.95357980663105,23,32
84,2,0.0066,0.03546403386105,1,0,0,0,0,0,51.506879943976,4.59084585690261,23,32
0,1,1,0,1,0,0,0,0,0,0,0,24,32
0,2,1,0,1,0,0,0,0,0,0,0,24,32
1,1,0.8772,0.108498534238634,1,0,0.133,0.339744648856206,0,0,1,0,24,32
1,2,0.8841,0.106717283410789,1,0,0.127,0.333139583331045,0,0,1,0,24,32
2,1,0.8336,0.134048532289649,1.016,0.125537881771837,0.258,0.437752929890398,0.016,0.125537881771837,1.870462945,0.12114842775992,24,32
2,2,0.8417,0.12933614281336,1,0,0.264,0.441019839121211,0,0,1.877662225,0.119095704965232,24,32
3,1,0.8061,0.145581537235956,1.038,0.191291904148065,0.547,0.498035178515573,0.038,0.191291904148065,2.690198973199,0.218893398240113,24,32
3,2,0.8109,0.143009236210958,1,0,0.562,0.496389365722517,0,0,2.705996533285,0.215836952828992,24,32
4,1,0.7855,0.152587787955108,1.099,0.29881145943268,0.347,0.476253942574566,0.099,0.29881145943268,3.46681594150372,0.329624396239856,24,32
4,2,0.7909,0.154632147696076,1,0,0.388,0.487538402275855,0,0,3.48856171676822,0.324773020631671,24,32
5,1,0.787,0.157021194924939,1.125,0.330884397463048,0.332,0.471166635064494,0.125,0.330884397463048,4.22971070729267,0.437859664601501,24,32
5,2,0.7784,0.165289929399104,1,0,0.424,0.494437527366672,0,0,4.25975316305513,0.437700686340792,24,32
6,1,0.7751,0.15669889771324,1.163,0.369550493934953,0.476,0.499673567115245,0.163,0.369550493934953,4.99347870870003,0.544475535138649,24,32
6,2,0.776,0.164411164557128,1,0,0.573,0.494889801790172,0,0,5.01657463876756,0.553883849381868,24,32
7,1,0.7713,0.163318654730508,1.196,0.397167145848875,0.328,0.469719742651548,0.196,0.397167145848875,5.73618293015767,0.635389268268451,24,32
7,2,0.7679,0.167593787706101,1,0,0.444,0.497102716861527,0,0,5.76347634085511,0.666700825272273,24,32
8,1,0.7601,0.166450279950788,1.233,0.422953768028954,0.378,0.485130241637595,0.233,0.422953768028954,6.48076151660259,0.732160391056571,24,32
8,2,0.7618,0.166698975847329,1,0,0.523,0.499720642680209,0,0,6.50865450742602,0.774901126472916,24,32
9,1,0.7658,0.164186836614015,1.272,0.4452125494797,0.31,0.462724663395106,0.272,0.4452125494797,7.20972808083574,0.828689547597325,24,32
9,2,0.7627,0.172070678264248,1,0,0.447,0.497431843008103,0,0,7.24371619336683,0.881976689942507,24,32
10,1,0.7638,0.165096386443849,1.309,0.462312375707954,0.536,0.498951854343636,0.309,0.462312375707954,7.94576531598587,0.922639961292349,24,32
10,2,0.7588,0.173183580493511,1,0,0.799,0.400948574956639,0,0,7.98340014483065,0.985754565503191,24,32
11,1,0.7672,0.165019366716126,1.358,0.479652026021017,0.642,0.479652026021017,0.188,0.390907672998125,8.6665940905968,1.00992367780891,24,32
11,2,0.7522,0.169303939185785,1,0,1,0,0,0,8.7015316182269,1.08438734880168,24,32
12,1,0.762,0.166624619320687,1.412,0.492441365543654,0.588,0.492441365543654,0.117,0.321581116383432,9.39149621961208,1.08526034990385,24,32
12,2,0.7482,0.170016662905921,1,0,0.995,0.0705689732104696,0,0,9.40295958432106,1.15831815820592,24,32
13,1,0.7567,0.168711509902477,1.464,0.498951854343636,0.522,0.499765710874371,0.122,0.327449573557858,10.1173745991072,1.15591138750983,24,32
13,2,0.7481,0.171714518535492,1,0,0.965,0.18387171834953,0,0,10.1005719051444,1.22873600325962,24,32
14,1,0.7575,0.174396571537872,1.522,0.499765710874371,0.43,0.495323475463606,0.158,0.364923511395428,10.8409333140101,1.22630927518152,24,32
14,2,0.7462,0.173192250275685,1,0,0.889,0.314289321768618,0,0,10.7995126458273,1.29503297112187,24,32
15,1,0.7605,0.173030892298716,1.562,0.496389365722517,0.352,0.477832946043201,0.197,0.397931337480914,11.5680146363161,1.3073412358651,24,32
15,2,0.7458,0.1717319185587,1,0,0.799,0.400948574956639,0,0,11.5002808341645,1.36302730709142,24,32
16,1,0.76,0.167296108705457,1.598,0.490547282773676,0.276,0.447240454368815,0.226,0.418448442581758,12.2999658306852,1.387526719518,24,32
16,2,0.7481,0.169720933285188,1,0,0.667,0.47152235719352,0,0,12.2050727999859,1.43048263716891,24,32
17,1,0.7555,0.167564399046539,1.621,0.485380875802286,0.192,0.394070160366516,0.254,0.43551541152257,13.0336908721538,1.46957096407229,24,32
17,2,0.7417,0.17146577066724,1,0,0.52,0.499849827298009,0,0,12.9186800572858,1.50038178890078,24,32
18,1,0.7531,0.170409593126178,1.637,0.481105458774334,0.138,0.345072564941166,0.281,0.449712398362822,13.7656454288074,1.55152939311044,24,32
18,2,0.7508,0.174383972227294,1,0,0.43,0.495323475463606,0,0,13.6331643401513,1.56751320053207,24,32
19,1,0.7473,0.171528808461238,1.65,0.477208264521611,0.109,0.311795151046671,0.304,0.460212772308414,14.4964786783997,1.63230380355874,24,32
19,2,0.7538,0.177868482866407,1,0,0.359,0.479947236005532,0,0,14.3611527153854,1.63778687926079,24,32
20,1,0.7452,0.171657876097855,1.663,0.472921404310119,0.106,0.307991653878573,0.325,0.468609213091884,15.2217492852673,1.70494220562296,24,32
20,2,0.745,0.170188025324827,1,0,0.39,0.487993993957034,0,0,15.0956058579761,1.7159565403637,24,32
21,1,0.7451,0.174489072541625,1.671,0.470085077384913,0.128,0.334256978577453,0.343,0.474949025240158,15.9439533593777,1.77897970397859,24,32
21,2,0.743,0.175047541089961,1,0,0.495,0.50022517452166,0,0,15.8196562355994,1.80128230343029,24,32
22,1,0.7553,0.173326143302019,1.685,0.464748309293311,0.142,0.349224795737585,0.361,0.480530862598762,16.6639896186735,1.85319123041772,24,32
22,2,0.7414,0.180051266195099,1,0,0.548,0.497939699104163,0,0,16.5363994179696,1.88614490620876,24,32
23,1,0.7524,0.176423823123084,1.697,0.459785169837395,0.173,0.37843653921657,0.371,0.483314175865547,17.3925349741961,1.92777391962039,24,32
23,2,0.7381,0.177002033094876,1,0,0.607,0.488661221901012,0,0,17.2488302662105,1.95927258927513,24,32
24,1,0.7513,0.176094631716357,1.715,0.451640320364534,0.175,0.380157229997694,0.386,0.487074164005074,18.1160688476684,1.99483265963238,24,32
24,2,0.7468,0.176297591704597,1,0,0.601,0.489937790988855,0,0,17.9549542305652,2.02727098380174,24,32
25,1,0.7536,0.175891949724761,1.735,0.441554039693863,0.152,0.359200535947575,0.413,0.492619197427053,18.8375850423753,2.06510426812313,24,32
25,2,0.7427,0.174290238071692,1,0,0.544,0.498309454367778,0,0,18.6699860073453,2.0816367650944,24,32
26,1,0.7448,0.169946585260904,1.755,0.430302405478008,0.163,0.369550493934953,0.442,0.496873105413125,19.5611238417579,2.1304220090612,24,32
26,2,0.7483,0.173687297397585,1,0,0.575,0.494590355364538,0,0,19.3836994022005,2.13168298553396,24,32
27,1,0.7373,0.169432633862008,1.774,0.418448442581758,0.156,0.363036906933435,0.477,0.499720642680209,20.2738183321887,2.19174641054367,24,32
27,2,0.7509,0.175299514887862,1,0,0.601,0.489937790988855,0,0,20.1013809088683,2.1833031818954,24,32
28,1,0.7375,0.175654788163046,1.791,0.406797842281009,0.139,0.346119630761965,0.516,0.499993993957921,20.9775655519574,2.24752432596504,24,32
28,2,0.7436,0.175299086619896,1,0,0.56,0.496635325612916,0,0,20.8202871419446,2.22082731771836,24,32
29,1,0.7315,0.175808585281432,1.802,0.398691553653893,0.121,0.326290461805836,0.547,0.498035178515573,21.6803449136051,2.30156161529915,24,32
29,2,0.7433,0.17505929211486,1,0,0.478,0.499765710874371,0,0,21.5338861645697,2.26023079442659,24,32
30,1,0.7367,0.175994556972891,1.809,0.393285740491152,0.101,0.301479501608136,0.566,0.495872856577056,22.3764232553419,2.35812999617302,24,32
30,2,0.743,0.173207970373771,1,0,0.43,0.495323475463606,0,0,22.2512028227067,2.29972750828128,24,32
31,1,0.7386,0.176071124949666,1.821,0.383544138406659,0.073,0.260266668512775,0.59,0.492079406338187,23.0776662620607,2.41234248818423,24,32
31,2,0.7487,0.179249659526707,1,0,0.294,0.455819889618445,0,0,22.9705414583044,2.34037472777055,24,32
32,1,0.7438,0.170853009194309,1.835,0.37136627864268,0.06,0.237605674293474,0.621,0.485380875802286,23.7809326442344,2.46406412754796,24,32
32,2,0.7456,0.175246544477634,1,0,0.251,0.433805471596645,0,0,23.7022694681074,2.3814072441916,24,32
33,1,0.7457,0.166701227647847,1.847,0.360167628640777,0.043,0.202958597236462,0.644,0.479054791744633,24.4884149610766,2.51432816889128,24,32
33,2,0.7417,0.173727635370114,1,0,0.261,0.439399672362272,0,0,24.4329773404021,2.41965143279039,24,32
34,1,0.7453,0.170607787093723,1.85,0.357250091151322,0.032,0.176088066055048,0.666,0.47187568984497,25.1974212581264,2.5624901400709,24,32
34,2,0.7451,0.17676888085078,1,0,0.192,0.394070160366516,0,0,25.1592266387016,2.45715278002505,24,32
35,1,0.7463,0.177363377752477,1.853,0.354283102217022,0.024,0.1531255937048,0.687,0.463946382943381,25.9054098792226,2.60569265243328,24,32
35,2,0.7475,0.171823378133691,1,0,0.153,0.360167628640777,0,0,25.8922300604588,2.50751032083463,24,32
36,1,0.7514,0.172765412880842,1.855,0.352277020396022,0.008,0.0891288053546324,0.7,0.458486870270251,26.613676478537,2.64708940106896,24,32
36,2,0.7472,0.169235932357171,1,0,0.117,0.321581116383432,0,0,26.6294949827278,2.55278920912751,24,32
37,1,0.7462,0.168861108826379,1.855,0.352277020396022,0.021,0.143455845400526,0.717,0.450681832465115,27.327103384229,2.69072571081634,24,32
37,2,0.7454,0.175069955987569,1,0,0.15,0.357250091151322,0,0,27.3681807879439,2.60097600998948,24,32
38,1,0.7481,0.166445468830167,1.857,0.350248017372938,0.01,0.0995485304256668,0.738,0.439942666207257,28.0337836926604,2.72979590574909,24,32
38,2,0.7426,0.177698668584818,1,0,0.101,0.301479501608136,0,0,28.1033554666293,2.64722974723067,24,32
39,1,0.75,0.171258078143279,1.859,0.34819569244929,0.015,0.121613279660528,0.749,0.433805471596645,28.7417880228912,2.77166973972846,24,32
39,2,0.7441,0.174113484559656,1,0,0.123,0.328601550481703,0,0,28.8381079553893,2.69438494668111,24,32
40,1,0.7498,0.171841466152642,1.863,0.344019402576874,0.006,0.0772655807586403,0.763,0.425455064621415,29.4508172708299,2.81699599607517,24,32
40,2,0.7466,0.170403865793818,1,0,0.057,0.231958627355839,0,0,29.5731854118607,2.73469499511645,24,32
41,1,0.7497,0.174040800389449,1.864,0.342960087505269,0.004,0.0631505185092568,0.772,0.419752536850216,30.1593274123382,2.86054848866567,24,32
41,2,0.7497,0.173118109624267,1,0,0.032,0.176088066055048,0,0,30.3139662057693,2.7723311949127,24,32
42,1,0.7422,0.17592643380149,1.864,0.342960087505269,0.003,0.054717401199198,0.79,0.407512044074854,30.8673185441472,2.9083817460891,24,32
42,2,0.7507,0.173232559063011,1,0,0.029,0.167890402308134,0,0,31.0590051222221,2.81207289243038,24,32
43,1,0.7385,0.174293224561737,1.864,0.342960087505269,0.012,0.108939744206914,0.804,0.397167145848875,31.5669238750453,2.95743192526281,24,32
43,2,0.7498,0.171899707706295,1,0,0.05,0.218054001448145,0,0,31.8051147146716,2.85309178484441,24,32
44,1,0.7473,0.172923719057313,1.865,0.341894562536306,0.006,0.0772655807586403,0.822,0.382704144820072,32.2616300566746,3.00609314695502,24,32
44,2,0.7482,0.174548638571681,1,0,0.036,0.186383311320351,0,0,32.5492080635774,2.88551436141586,24,32
45,1,0.741,0.174784294344628,1.865,0.341894562536306,0.008,0.0891288053546324,0.826,0.379299179893482,32.9644307651492,3.05409405332896,24,32
45,2,0.7524,0.178117842918574,1,0,0.03,0.170672578726429,0,0,33.2923309546462,2.92474477369503,24,32
46,1,0.7482,0.174949613795994,1.865,0.341894562536306,0,0,0.83,0.375820756799357,33.6605908283066,3.09741358706922,24,32
46,2,0.7518,0.176487699027178,1,0,0.004,0.0631505185092568,0,0,34.0398593279121,2.96844313071507,24,32
47,1,0.7457,0.172891299380279,1.865,0.341894562536306,0,0,0.836,0.370460849809047,34.3640473119354,3.14106005121754,24,32
47,2,0.744,0.173245531007337,1,0,0,0,0,0,34.7880097355751,3.01144807702703,24,32
48,1,0.7439,0.172837098629498,1.865,0.341894562536306,0,0,0.842,0.364923511395428,35.0646465796932,3.18361615447224,24,32
48,2,0.7516,0.174951559147234,1,0,0,0,0,0,35.5285209661644,3.04254886250982,24,32
49,1,0.7467,0.169167750259107,1.865,0.341894562536306,0,0,0.846,0.36112935966827,35.7630858438725,3.21920076147103,24,32
49,2,0.7472,0.173845858111093,1,0,0,0,0,0,36.2765217512273,3.07216582660876,24,32
50,1,0.7534,0.172331477502336,1.865,0.341894562536306,0,0,0.854,0.353282901948012,36.4640425546536,3.25043767787421,24,32
50,2,0.7553,0.17799885840531,1,0,0,0,0,0,37.0200692445487,3.09661253795385,24,32
51,1,0.7542,0.171206517608623,1.865,0.341894562536306,0,0,0.863,0.344019402576874,37.1711977468152,3.27892614922356,24,32
51,2,0.7515,0.172474628561703,1,0,0,0,0,0,37.7716019821872,3.12549521798871,24,32
52,1,0.7495,0.171432608155914,1.865,0.341894562536306,0,0,0.864,0.342960087505269,37.8786304429128,3.30501968069146,24,32
52,2,0.7598,0.173937385901405,1,0,0,0,0,0,38.519278898181,3.15651870298542,24,32
53,1,0.7535,0.168392713934143,1.865,0.341894562536306,0,0,0.864,0.342960087505269,38.5812670328607,3.3286991307066,24,32
53,2,0.753,0.172455039766139,1,0,0,0,0,0,39.2751379963579,3.19147656341936,24,32
54,1,0.756,0.171035824473276,1.865,0.341894562536306,0,0,0.865,0.341894562536306,39.287812214176,3.34475244306649,24,32
54,2,0.7493,0.170318873054393,1,0,0,0,0,0,40.0241574550802,3.22783025062626,24,32
55,1,0.7564,0.166993793079045,1.865,0.341894562536306,0,0,0.865,0.341894562536306,39.996723545972,3.36137342150387,24,32
55,2,0.7395,0.170113752203309,1,0,0,0,0,0,40.7694219390012,3.26148011241506,24,32
56,1,0.7537,0.167673565073402,1.865,0.341894562536306,0,0,0.865,0.341894562536306,40.7059617925643,3.37874823248809,24,32
56,2,0.7393,0.175317558294217,1,0,0,0,0,0,41.5048656512006,3.30021736360474,24,32
57,1,0.7522,0.168474162836749,1.865,0.341894562536306,0,0,0.865,0.341894562536306,41.4124441938267,3.40460268653987,24,32
57,2,0.7386,0.176978420609297,1,0,0,0,0,0,42.2400369359544,3.33175038594066,24,32
58,1,0.7566,0.167763478101119,1.865,0.341894562536306,0,0,0.865,0.341894562536306,42.1173644729528,3.4316393156987,24,32
58,2,0.7356,0.179122094462757,1,0,0,0,0,0,42.9744386824281,3.36303989422254,24,32
59,1,0.7556,0.172911938681337,1.865,0.341894562536306,0,0,0.865,0.341894562536306,42.8265888126474,3.46943361357516,24,32
59,2,0.7384,0.178654295658843,1,0,0,0,0,0,43.7057843392296,3.39212324386182,24,32
60,1,0.7564,0.175527347868786,1.865,0.341894562536306,0,0,0.865,0.341894562536306,43.5347481128305,3.50356887402846,24,32
60,2,0.7448,0.178955259729869,1,0,0,0,0,0,44.4398403892825,3.42245006449709,24,32
61,1,0.7565,0.176830481023547,1.865,0.341894562536306,0,0,0.865,0.341894562536306,44.2436318112162,3.53827122734591,24,32
61,2,0.7502,0.178582899102495,1,0,0,0,0,0,45.1801847467917,3.45252899573612,24,32
62,1,0.7505,0.174671864535363,1.865,0.341894562536306,0,0,0.865,0.341894562536306,44.9525440130585,3.56531251397873,24,32
62,2,0.743,0.176867979810598,1,0,0,0,0,0,45.9258222284911,3.48031637569135,24,32
63,1,0.7459,0.175596195926973,1.865,0.341894562536306,0,0,0.865,0.341894562536306,45.6554224104472,3.59478875886845,24,32
63,2,0.7392,0.182254153797867,1,0,0,0,0,0,46.6642296505623,3.51007717878765,24,32
64,1,0.7483,0.173456614740393,1.865,0.341894562536306,0,0,0.865,0.341894562536306,46.3536594103406,3.62108543813766,24,32
64,2,0.7358,0.182130534319569,1,0,0,0,0,0,47.3987870978279,3.54432007482458,24,32
65,1,0.7443,0.177027819420702,1.865,0.341894562536306,0,0,0.865,0.341894562536306,47.0542112748182,3.64929178492648,24,32
65,2,0.7333,0.177743361908969,1,0,0,0,0,0,48.1298927809462,3.57197603418929,24,32
66,1,0.7513,0.17620828402592,1.865,0.341894562536306,0,0,0.865,0.341894562536306,47.7507190010837,3.67710982074457,24,32
66,2,0.7241,0.184399547703331,1,0,0,0,0,0,48.8584415516053,3.60167870377423,24,32
67,1,0.7484,0.17784563269608,1.865,0.341894562536306,0,0,0.865,0.341894562536306,48.4541110264068,3.70244913826181,24,32
67,2,0.7209,0.189813643395882,1,0,0,0,0,0,49.5777779904676,3.63294838707281,24,32
68,1,0.7418,0.177494406290069,1.865,0.341894562536306,0,0,0.865,0.341894562536306,49.1545520785471,3.73285651270747,24,32
68,2,0.7094,0.193569390940585,1,0,0,0,0,0,50.293863865087,3.66540052861469,24,32
69,1,0.7378,0.178726335784918,1.865,0.341894562536306,0,0,0.865,0.341894562536306,49.8483678165644,3.76271022940004,24,32
69,2,0.7014,0.20069458965881,1,0,0,0,0,0,50.9984560697244,3.69803574853803,24,32
70,1,0.7357,0.181902717403008,1.865,0.341894562536306,0,0,0.865,0.341894562536306,50.5381416793771,3.7965163861818,24,32
70,2,0.6905,0.215885053573323,1,0,0,0,0,0,51.6950328278799,3.74023462801557,24,32
71,1,0.7328,0.185252472260098,1.865,0.341894562536306,0,0,0.865,0.341894562536306,51.2257612142033,3.83143810702746,24,32
71,2,0.6754,0.229886249453263,1,0,0,0,0,0,52.3807159657201,3.78024535911955,24,32
72,1,0.7307,0.186177797205177,1.865,0.341894562536306,0,0,0.865,0.341894562536306,51.9104325051764,3.85614099471431,24,32
72,2,0.651,0.245273641386838,1,0,0,0,0,0,53.0513373708732,3.82442879386038,24,32
73,1,0.7278,0.192312620865465,1.865,0.341894562536306,0,0,0.865,0.341894562536306,52.5929503954696,3.87654285492986,24,32
73,2,0.6325,0.249310861989417,1,0,0,0,0,0,53.6976667716744,3.87127096952449,24,32
74,1,0.7265,0.195770467834339,1.865,0.341894562536306,0,0,0.865,0.341894562536306,53.2725211279417,3.89803697816744,24,32
74,2,0.6026,0.262072360087671,1,0,0,0,0,0,54.3255661045042,3.92583582085465,24,32
75,1,0.7219,0.196389813786151,1.865,0.341894562536306,0,0,0.865,0.341894562536306,53.9507334883117,3.91996273883556,24,32
75,2,0.5764,0.276368267750513,1,0,0,0,0,0,54.9237231017365,3.98546340718635,24,32
76,1,0.7137,0.19960499029872,1.865,0.341894562536306,0,0,0.865,0.341894562536306,54.6243124001057,3.94460610904719,24,32
76,2,0.5373,0.292171309464283,1,0,0,0,0,0,55.495816057985,4.05836847148721,24,32
77,1,0.7097,0.197319144648574,1.865,0.341894562536306,0,0,0.865,0.341894562536306,55.289686040884,3.97465213208974,24,32
77,2,0.4996,0.302111090678762,1,0,0,0,0,0,56.0290478533317,4.13794778681106,24,32
78,1,0.7097,0.205373046157689,1.865,0.341894562536306,0,0,0.865,0.341894562536306,55.9510238275502,3.99283963506679,24,32
78,2,0.4501,0.302343184810575,1,0,0,0,0,0,56.5248155151495,4.21989370583901,24,32
79,1,0.7053,0.216075446542634,1.865,0.341894562536306,0,0,0.865,0.341894562536306,56.6122954804378,4.00599020079899,24,32
79,2,0.416,0.312764802722144,1,0,0,0,0,0,56.9714182174748,4.29841939348421,24,32
80,1,0.6955,0.221537420831851,1.865,0.341894562536306,0,0,0.865,0.341894562536306,57.2691356309434,4.01940288888289,24,32
80,2,0.3709,0.31305141940453,1,0,0,0,0,0,57.3841446016003,4.37525991483259,24,32
81,1,0.6905,0.234253334287102,1.865,0.341894562536306,0,0,0.85,0.357250091151322,57.9161881885575,4.03687637541191,24,32
81,2,0.3278,0.308516356685253,1,0,0,0,0,0,57.7520890916257,4.4553384772563,24,32
82,1,0.6855,0.236634202400553,1.865,0.341894562536306,0,0,0.391,0.488218554908923,58.5589603285778,4.05645046250021,24,32
82,2,0.2753,0.295985671135475,1,0,0,0,0,0,58.0772445044323,4.54136376504796,24,32
83,1,0.6155,0.286272076356919,1.865,0.341894562536306,0,0,0,0,59.2194715959171,4.08525448693122,24,32
83,2,0.2385,0.285813644599833,1,0,0,0,0,0,58.3502961628128,4.61912492219247,24,32
84,1,0.4706,0.327754577486056,1.865,0.341894562536306,0,0,0,0,59.8298838349422,4.10173522410747,24,32
84,2,0.1981,0.265323928032861,1,0,0,0,0,0,58.5868247070979,4.69447161759833,24,32
0,1,1,0,1,0,0,0,0,0,0,0,25,32
0,2,1,0,1,0,0,0,0,0,0,0,25,32
1,1,0.8711,0.114314731587219,1,0,0.153,0.360167628640777,0,0,1,0,25,32
1,2,0.8695,0.114511409313059,1,0,0.164,0.370460849809047,0,0,1,0,25,32
2,1,0.8116,0.136836267722282,1.017,0.129335717138491,0.269,0.443661848524116,0.017,0.129335717138491,1.863363655,0.128217596674025,25,32
2,2,0.8092,0.134213909016068,1,0,0.287,0.452587931606484,0,0,1.86121387,0.128901533386273,25,32
3,1,0.7816,0.148941678598113,1.039,0.193691808077979,0.628,0.483580241376599,0.039,0.193691808077979,2.660504202973,0.230344694674359,25,32
3,2,0.7815,0.150566996451481,1,0,0.646,0.478448443317473,0,0,2.6559049079485,0.225798734687035,25,32
4,1,0.7562,0.156991102315406,1.112,0.315524255098646,0.432,0.495602281695334,0.112,0.315524255098646,3.40852975041975,0.33837052723415,25,32
4,2,0.7546,0.160700543448567,1,0,0.483,0.499960959436795,0,0,3.40488017042375,0.338014759528469,25,32
5,1,0.7389,0.1622439925332,1.157,0.363982806576744,0.462,0.49880337288836,0.157,0.363982806576744,4.13723819415684,0.445343792368415,25,32
5,2,0.739,0.165488327039663,1,0,0.523,0.499720642680209,0,0,4.13503803424783,0.453949716008661,25,32
6,1,0.726,0.163004817629942,1.201,0.400948574956639,0.576,0.494437527366672,0.201,0.400948574956639,4.84483428994476,0.553366386658334,25,32
6,2,0.7154,0.167304604930142,1,0,0.725,0.446737702208549,0,0,4.8475316805257,0.562739075672681,25,32
7,1,0.7136,0.168176464831805,1.264,0.441019839121211,0.43,0.495323475463606,0.264,0.441019839121211,5.53157210300351,0.654851578419051,25,32
7,2,0.6979,0.171391262802294,1,0,0.601,0.489937790988855,0,0,5.52627429238462,0.670518143282017,25,32
8,1,0.6982,0.173109002442758,1.313,0.463946382943381,0.459,0.498565509805449,0.313,0.463946382943381,6.20999701554876,0.753003837965402,25,32
8,2,0.6877,0.173461231399984,1,0,0.707,0.45536618051669,0,0,6.19365693760975,0.780451792695329,25,32
9,1,0.693,0.175675444675293,1.35,0.477208264521611,0.417,0.493309592805932,0.35,0.477208264521611,6.86906952019982,0.854597206524216,25,32
9,2,0.6715,0.180915672290934,1,0,0.656,0.475278749672116,0,0,6.84548524023122,0.884746986906468,25,32
10,1,0.6814,0.179739662696764,1.394,0.488879333785959,0.556,0.497102716861527,0.394,0.488879333785959,7.52313057081884,0.951464283749453,25,32
10,2,0.6499,0.172944788588439,1,0,0.96,0.196057232558349,0,0,7.48361064010958,0.988145008404467,25,32
11,1,0.6632,0.1845530271218,1.454,0.498128630106855,0.546,0.498128630106855,0.293,0.45536618051669,8.15639695599779,1.03218016451994,25,32
11,2,0.618,0.171129440147759,1,0,0.999,0.0316227766016838,0,0,8.08490901089236,1.07247605494725,25,32
12,1,0.6409,0.181356224266167,1.516,0.499993993957921,0.482,0.499925920438144,0.278,0.448237567498438,8.7769639225828,1.11334613932618,25,32
12,2,0.5934,0.168952611654822,1,0,0.999,0.0316227766016838,0,0,8.65233446822615,1.15246099641369,25,32
13,1,0.6141,0.186402617835523,1.575,0.494590355364538,0.419,0.493642261848277,0.337,0.472921404310119,9.37914084036419,1.18675201373187,25,32
13,2,0.5583,0.17099810042907,1,0,0.995,0.0705689732104696,0,0,9.19513268678362,1.22257994757638,25,32
14,1,0.5838,0.189772425746138,1.615,0.486838794686714,0.379,0.485380875802286,0.464,0.498951854343636,9.95469209971341,1.25686203605671,25,32
14,2,0.5225,0.171794246886394,1,0,0.984,0.125537881771837,0,0,9.70302196830721,1.28786399028474,25,32
15,1,0.5549,0.193528921465096,1.654,0.475931203547856,0.341,0.474282557073254,0.574,0.494741112874975,10.4955842824178,1.32196657133016,25,32
15,2,0.4858,0.170491722460146,1,0,0.973,0.162164414398774,0,0,10.175659778838,1.34936707341897,25,32
16,1,0.5448,0.207595896048202,1.688,0.463541660340115,0.308,0.461897552872224,0.648,0.477832946043201,11.0039710917937,1.37507498828791,25,32
16,2,0.4386,0.168340067655857,1,0,0.971,0.167890402308134,0,0,10.6121545126466,1.39586638037541,25,32
17,1,0.5396,0.220863352823914,1.719,0.449712398362822,0.274,0.446232140396815,0.696,0.460212772308414,11.5001764879155,1.42925869622336,25,32
17,2,0.3887,0.168495402609984,1,0,0.965,0.18387171834953,0,0,11.0015809004883,1.43821067180692,25,32
18,1,0.5441,0.237827146793111,1.742,0.437752929890398,0.249,0.432650189166937,0.729,0.444698500960771,11.9904422854777,1.49451684233598,25,32
18,2,0.3408,0.161745236472428,1,0,0.959,0.198389410902796,0,0,11.3414525982689,1.47598360616941,25,32
19,1,0.5491,0.249843174034456,1.768,0.422320203582962,0.222,0.415799096787005,0.758,0.428508599236491,12.4847516827297,1.58096140689444,25,32
19,2,0.2919,0.152143148178081,1,0,0.929,0.256953351846254,0,0,11.6337759160905,1.50818780924333,25,32
20,1,0.5582,0.265637578899002,1.785,0.41102791139282,0.198,0.398691553653893,0.776,0.417130672569158,12.9839023474163,1.69403720854572,25,32
20,2,0.253,0.143985178861339,1,0,0.903,0.296105857217784,0,0,11.8787599805722,1.53108450730568,25,32
21,1,0.5576,0.28103597851738,1.805,0.396398955765693,0.164,0.370460849809047,0.796,0.403170617166661,13.4923843148857,1.82270842458821,25,32
21,2,0.2039,0.132711726695128,1,0,0.828,0.377569276502417,0,0,12.0861946752504,1.55649532916706,25,32
22,1,0.5665,0.291397773949395,1.826,0.379299179893482,0.123,0.328601550481703,0.816,0.387678080750375,14.0009152243683,1.97654279288536,25,32
22,2,0.1697,0.122910605795501,1,0,0.685,0.464748309293311,0,0,12.2483537662844,1.57402412087228,25,32
23,1,0.5675,0.296076698528289,1.839,0.367714854492192,0.088,0.283436653127884,0.828,0.377569276502417,14.519323413729,2.1471239407536,25,32
23,2,0.1398,0.110036666925476,1,0,0.584,0.493140129362017,0,0,12.3835060889654,1.5864169874099,25,32
24,1,0.5605,0.294782371668739,1.848,0.359200535947575,0.081,0.272971634998059,0.836,0.370460849809047,15.0398248227066,2.32987503196554,25,32
24,2,0.1093,0.0954600577342305,1,0,0.564,0.496135213576047,0,0,12.4938519885876,1.59597092697733,25,32
25,1,0.5646,0.301160318663561,1.858,0.349224795737585,0.044,0.205197724417465,0.845,0.362085771753194,15.5532410820995,2.51638383906138,25,32
25,2,0.088,0.0847536617685819,1,0,0.408,0.491709037722287,0,0,12.5747575722595,1.60468964209265,25,32
26,1,0.5681,0.301236009024707,1.861,0.346119630761965,0.032,0.176088066055048,0.848,0.359200535947575,16.0720922663538,2.71219616905872,25,32
26,2,0.0703,0.0781922248310152,1,0,0.278,0.448237567498438,0,0,12.6421887749041,1.60799352069465,25,32
27,1,0.5709,0.303867611840297,1.863,0.344019402576874,0.022,0.146756729104793,0.849,0.358228038164697,16.5948313083169,2.91413270429731,25,32
27,2,0.0519,0.0632486394350929,1,0,0.167,0.373162498451077,0,0,12.6984423180576,1.61187058595514,25,32
28,1,0.5721,0.304375153772831,1.865,0.341894562536306,0.003,0.054717401199198,0.851,0.356266650033266,17.1207593127738,3.12025267493004,25,32
28,2,0.04,0.0567734376555025,1,0,0.034,0.181319819316248,0,0,12.7418748857908,1.61289894402643,25,32
29,1,0.5785,0.308679498886844,1.865,0.341894562536306,0.002,0.0446989708829856,0.851,0.356266650033266,17.6486789921726,3.32750609154043,25,32
29,2,0.0275,0.0483330744530708,1,0,0.011,0.104354635210372,0,0,12.7800677904394,1.61762396418546,25,32
30,1,0.5677,0.304432898007737,1.866,0.340822769427396,0,0,0.852,0.355277669185979,18.1829772007669,3.53956420243693,25,32
30,2,0.0175,0.0395640659603549,1,0,0.006,0.0772655807586403,0,0,12.806939744758,1.62290981858844,25,32
31,1,0.5543,0.300685752775089,1.866,0.340822769427396,0,0,0.85,0.357250091151322,18.7065041828214,3.74776208410561,25,32
31,2,0.0102,0.0312559904168295,1,0,0.003,0.054717401199198,0,0,12.8240882195082,1.62761537864718,25,32
32,1,0.5437,0.297941402089537,1.866,0.340822769427396,0.001,0.0316227766016838,0.845,0.362085771753194,19.2167199803925,3.95198792206719,25,32
32,2,0.0046,0.021431269194784,1,0,0.001,0.0316227766016838,0,0,12.8341071111955,1.63027662018051,25,32
33,1,0.5289,0.298032906930784,1.866,0.340822769427396,0,0,0.843,0.363982806576744,19.7165179848513,4.14975281105758,25,32
33,2,0.0021,0.0143455845400526,1,0,0,0,0,0,12.838642573741,1.63127878038545,25,32
34,1,0.5101,0.298290071854507,1.866,0.340822769427396,0,0,0.835,0.37136627864268,20.2016642772376,4.3403575413037,25,32
34,2,9e-04,0.00944877131056093,1,0,0,0,0,0,12.8407356548175,1.63177412036303,25,32
35,1,0.4872,0.296553712005269,1.866,0.340822769427396,0,0,0.832,0.374053359717455,20.6684245118807,4.52280770626668,25,32
35,2,6e-04,0.00772655807586403,1,0,0,0,0,0,12.8416325998612,1.63198908824296,25,32
36,1,0.4537,0.292458273676506,1.866,0.340822769427396,0,0,0.818,0.386037595351832,21.1124675602866,4.70149852954637,25,32
36,2,3e-04,0.0054717401199198,1,0,0,0,0,0,12.8422305034272,1.63196318781137,25,32
37,1,0.4155,0.282895351286973,1.866,0.340822769427396,0,0,0.803,0.397931337480914,21.5237840779816,4.86567864074251,25,32
37,2,0,0,1,0,0,0,0,0,12.8425294253151,1.63184326060635,25,32
38,1,0.3656,0.271459629282754,1.866,0.340822769427396,0,0,0.772,0.419752536850216,21.8977477798986,5.02140746047102,25,32
38,2,0,0,1,0,0,0,0,0,12.8425294253151,1.63184326060635,25,32
39,1,0.3157,0.25797298319797,1.866,0.340822769427396,0,0,0.733,0.44261372200476,22.2235074759525,5.15872412554925,25,32
39,2,0,0,1,0,0,0,0,0,12.8425294253151,1.63184326060635,25,32
40,1,0.2672,0.247639830167696,1.866,0.340822769427396,0,0,0.683,0.465540253606203,22.501471246165,5.2784021037173,25,32
40,2,0,0,1,0,0,0,0,0,12.8425294253151,1.63184326060635,25,32
41,1,0.2248,0.232333680164842,1.866,0.340822769427396,0,0,0.631,0.482775384699833,22.7335908616546,5.37899166534264,25,32
41,2,0,0,1,0,0,0,0,0,12.8425294253151,1.63184326060635,25,32
42,1,0.1736,0.203923085070388,1.866,0.340822769427396,0,0,0.56,0.496635325612916,22.9260501192465,5.46590245955809,25,32
42,2,0,0,1,0,0,0,0,0,12.8425294253151,1.63184326060635,25,32
43,1,0.1325,0.178733588605208,1.866,0.340822769427396,0,0,0.468,0.499224624017311,23.0710398511927,5.53150782779241,25,32
43,2,0,0,1,0,0,0,0,0,12.8425294253151,1.63184326060635,25,32
44,1,0.0993,0.156761232720606,1.866,0.340822769427396,0,0,0.381,0.485875575713654,23.1796717050206,5.58223606560016,25,32
44,2,0,0,1,0,0,0,0,0,12.8425294253151,1.63184326060635,25,32
45,1,0.0685,0.12835195450099,1.866,0.340822769427396,0,0,0.301,0.458922226101122,23.2595693631239,5.62113217368135,25,32
45,2,0,0,1,0,0,0,0,0,12.8425294253151,1.63184326060635,25,32
46,1,0.0473,0.109291603770165,1.866,0.340822769427396,0,0,0.138,0.345072564941166,23.3127793665212,5.64710081582022,25,32
46,2,0,0,1,0,0,0,0,0,12.8425294253151,1.63184326060635,25,32
47,1,0.0207,0.0762057564578774,1.866,0.340822769427396,0,0,0.047,0.211744742168102,23.3529939440486,5.66791346750682,25,32
47,2,0,0,1,0,0,0,0,0,12.8425294253151,1.63184326060635,25,32
48,1,0.0083,0.0519982097173914,1.866,0.340822769427396,0,0,0.02,0.140070052543788,23.3712578971149,5.67859668719905,25,32
48,2,0,0,1,0,0,0,0,0,12.8425294253151,1.63184326060635,25,32
49,1,0.002,0.0218283411297441,1.866,0.340822769427396,0,0,0.006,0.0772655807586403,23.3785229393327,5.68517538309968,25,32
49,2,0,0,1,0,0,0,0,0,12.8425294253151,1.63184326060635,25,32
50,1,9e-04,0.017014096493187,1.866,0.340822769427396,0,0,0.003,0.054717401199198,23.3802146292935,5.68635902951139,25,32
50,2,0,0,1,0,0,0,0,0,12.8425294253151,1.63184326060635,25,32
51,1,3e-04,0.00948683298050514,1.866,0.340822769427396,0,0,0.001,0.0316227766016838,23.3809608884663,5.68681969509519,25,32
51,2,0,0,1,0,0,0,0,0,12.8425294253151,1.63184326060635,25,32
52,1,0,0,1.866,0.340822769427396,0,0,0,0,23.3812096166486,5.68671479067372,25,32
52,2,0,0,1,0,0,0,0,0,12.8425294253151,1.63184326060635,25,32
53,1,0,0,1.866,0.340822769427396,0,0,0,0,23.3812096166486,5.68671479067372,25,32
53,2,0,0,1,0,0,0,0,0,12.8425294253151,1.63184326060635,25,32
54,1,0,0,1.866,0.340822769427396,0,0,0,0,23.3812096166486,5.68671479067372,25,32
54,2,0,0,1,0,0,0,0,0,12.8425294253151,1.63184326060635,25,32
55,1,0,0,1.866,0.340822769427396,0,0,0,0,23.3812096166486,5.68671479067372,25,32
55,2,0,0,1,0,0,0,0,0,12.8425294253151,1.63184326060635,25,32
56,1,0,0,1.866,0.340822769427396,0,0,0,0,23.3812096166486,5.68671479067372,25,32
56,2,0,0,1,0,0,0,0,0,12.8425294253151,1.63184326060635,25,32
57,1,0,0,1.866,0.340822769427396,0,0,0,0,23.3812096166486,5.68671479067372,25,32
57,2,0,0,1,0,0,0,0,0,12.8425294253151,1.63184326060635,25,32
58,1,0,0,1.866,0.340822769427396,0,0,0,0,23.3812096166486,5.68671479067372,25,32
58,2,0,0,1,0,0,0,0,0,12.8425294253151,1.63184326060635,25,32
59,1,0,0,1.866,0.340822769427396,0,0,0,0,23.3812096166486,5.68671479067372,25,32
59,2,0,0,1,0,0,0,0,0,12.8425294253151,1.63184326060635,25,32
60,1,0,0,1.866,0.340822769427396,0,0,0,0,23.3812096166486,5.68671479067372,25,32
60,2,0,0,1,0,0,0,0,0,12.8425294253151,1.63184326060635,25,32
61,1,0,0,1.866,0.340822769427396,0,0,0,0,23.3812096166486,5.68671479067372,25,32
61,2,0,0,1,0,0,0,0,0,12.8425294253151,1.63184326060635,25,32
62,1,0,0,1.866,0.340822769427396,0,0,0,0,23.3812096166486,5.68671479067372,25,32
62,2,0,0,1,0,0,0,0,0,12.8425294253151,1.63184326060635,25,32
63,1,0,0,1.866,0.340822769427396,0,0,0,0,23.3812096166486,5.68671479067372,25,32
63,2,0,0,1,0,0,0,0,0,12.8425294253151,1.63184326060635,25,32
64,1,0,0,1.866,0.340822769427396,0,0,0,0,23.3812096166486,5.68671479067372,25,32
64,2,0,0,1,0,0,0,0,0,12.8425294253151,1.63184326060635,25,32
65,1,0,0,1.866,0.340822769427396,0,0,0,0,23.3812096166486,5.68671479067372,25,32
65,2,0,0,1,0,0,0,0,0,12.8425294253151,1.63184326060635,25,32
66,1,0,0,1.866,0.340822769427396,0,0,0,0,23.3812096166486,5.68671479067372,25,32
66,2,0,0,1,0,0,0,0,0,12.8425294253151,1.63184326060635,25,32
67,1,0,0,1.866,0.340822769427396,0,0,0,0,23.3812096166486,5.68671479067372,25,32
67,2,0,0,1,0,0,0,0,0,12.8425294253151,1.63184326060635,25,32
68,1,0,0,1.866,0.340822769427396,0,0,0,0,23.3812096166486,5.68671479067372,25,32
68,2,0,0,1,0,0,0,0,0,12.8425294253151,1.63184326060635,25,32
69,1,0,0,1.866,0.340822769427396,0,0,0,0,23.3812096166486,5.68671479067372,25,32
69,2,0,0,1,0,0,0,0,0,12.8425294253151,1.63184326060635,25,32
70,1,0,0,1.866,0.340822769427396,0,0,0,0,23.3812096166486,5.68671479067372,25,32
70,2,0,0,1,0,0,0,0,0,12.8425294253151,1.63184326060635,25,32
71,1,0,0,1.866,0.340822769427396,0,0,0,0,23.3812096166486,5.68671479067372,25,32
71,2,0,0,1,0,0,0,0,0,12.8425294253151,1.63184326060635,25,32
72,1,0,0,1.866,0.340822769427396,0,0,0,0,23.3812096166486,5.68671479067372,25,32
72,2,0,0,1,0,0,0,0,0,12.8425294253151,1.63184326060635,25,32
73,1,0,0,1.866,0.340822769427396,0,0,0,0,23.3812096166486,5.68671479067372,25,32
73,2,0,0,1,0,0,0,0,0,12.8425294253151,1.63184326060635,25,32
74,1,0,0,1.866,0.340822769427396,0,0,0,0,23.3812096166486,5.68671479067372,25,32
74,2,0,0,1,0,0,0,0,0,12.8425294253151,1.63184326060635,25,32
75,1,0,0,1.866,0.340822769427396,0,0,0,0,23.3812096166486,5.68671479067372,25,32
75,2,0,0,1,0,0,0,0,0,12.8425294253151,1.63184326060635,25,32
76,1,0,0,1.866,0.340822769427396,0,0,0,0,23.3812096166486,5.68671479067372,25,32
76,2,0,0,1,0,0,0,0,0,12.8425294253151,1.63184326060635,25,32
77,1,0,0,1.866,0.340822769427396,0,0,0,0,23.3812096166486,5.68671479067372,25,32
77,2,0,0,1,0,0,0,0,0,12.8425294253151,1.63184326060635,25,32
78,1,0,0,1.866,0.340822769427396,0,0,0,0,23.3812096166486,5.68671479067372,25,32
78,2,0,0,1,0,0,0,0,0,12.8425294253151,1.63184326060635,25,32
79,1,0,0,1.866,0.340822769427396,0,0,0,0,23.3812096166486,5.68671479067372,25,32
79,2,0,0,1,0,0,0,0,0,12.8425294253151,1.63184326060635,25,32
80,1,0,0,1.866,0.340822769427396,0,0,0,0,23.3812096166486,5.68671479067372,25,32
80,2,0,0,1,0,0,0,0,0,12.8425294253151,1.63184326060635,25,32
81,1,0,0,1.866,0.340822769427396,0,0,0,0,23.3812096166486,5.68671479067372,25,32
81,2,0,0,1,0,0,0,0,0,12.8425294253151,1.63184326060635,25,32
82,1,0,0,1.866,0.340822769427396,0,0,0,0,23.3812096166486,5.68671479067372,25,32
82,2,0,0,1,0,0,0,0,0,12.8425294253151,1.63184326060635,25,32
83,1,0,0,1.866,0.340822769427396,0,0,0,0,23.3812096166486,5.68671479067372,25,32
83,2,0,0,1,0,0,0,0,0,12.8425294253151,1.63184326060635,25,32
84,1,0,0,1.866,0.340822769427396,0,0,0,0,23.3812096166486,5.68671479067372,25,32
84,2,0,0,1,0,0,0,0,0,12.8425294253151,1.63184326060635,25,32
0,1,1,0,1,0,0,0,0,0,0,0,26,32
0,2,1,0,1,0,0,0,0,0,0,0,26,32
1,1,0.8784,0.109294946751373,1,0,0.136,0.342960087505269,0,0,1,0,26,32
1,2,0.8821,0.109551775848644,1,0,0.129,0.33536766610911,0,0,1,0,26,32
2,1,0.8327,0.129836695766519,1.014,0.117549214450024,0.256,0.436640189005381,0.014,0.117549214450024,1.87151284,0.122210436755976,26,32
2,2,0.8264,0.127982105856324,1,0,0.275,0.446737702208549,0,0,1.875562435,0.122235564657193,26,32
3,1,0.8063,0.14293614217804,1.035,0.18387171834953,0.545,0.498220055019088,0.035,0.18387171834953,2.690549008192,0.218822985083478,26,32
3,2,0.8041,0.145169777378986,1,0,0.595,0.491137675419242,0,0,2.6880499131265,0.214907268466845,26,32
4,1,0.7828,0.152536642900739,1.091,0.287753022228789,0.341,0.474282557073254,0.091,0.287753022228789,3.46761584151022,0.327220912741983,26,32
4,2,0.7898,0.15185196415924,1,0,0.381,0.485875575713654,0,0,3.46216763135623,0.324264129921535,26,32
5,1,0.7745,0.156346391689077,1.128,0.334256978577453,0.366,0.481950491519903,0.128,0.334256978577453,4.22851140717918,0.432899071418623,26,32
5,2,0.7801,0.161679096144586,1,0,0.447,0.497431843008103,0,0,4.23260937759814,0.43089767540295,26,32
6,1,0.7695,0.160516402636975,1.165,0.37136627864268,0.49,0.50015012761185,0.165,0.37136627864268,4.97793658215168,0.540658551568744,26,32
6,2,0.776,0.163311575433803,1,0,0.579,0.493966601100725,0,0,4.98998057836557,0.538627232400678,26,32
7,1,0.7684,0.166761054353975,1.224,0.417130672569158,0.32,0.466709564737876,0.224,0.417130672569158,5.71424464264945,0.640428099636778,26,32
7,2,0.7645,0.170642517764093,1,0,0.446,0.49732417127195,0,0,5.73658246040813,0.643620619568838,26,32
8,1,0.7623,0.169521230078853,1.254,0.43551541152257,0.358,0.479652026021017,0.254,0.43551541152257,6.45492595827551,0.736190588497589,26,32
8,2,0.7622,0.167269659948059,1,0,0.51,0.50015012761185,0,0,6.47826307624415,0.750171624138747,26,32
9,1,0.7537,0.166895668500306,1.287,0.452587931606484,0.324,0.468234175646378,0.287,0.452587931606484,7.18604080311054,0.8357982408978,26,32
9,2,0.755,0.166621615532808,1,0,0.452,0.497939699104163,0,0,7.2143739224789,0.857350577529392,26,32
10,1,0.7457,0.165798066933843,1.316,0.465145526002734,0.549,0.497842190705897,0.316,0.465145526002734,7.9085402283838,0.929431850560507,26,32
10,2,0.7497,0.166996400553418,1,0,0.821,0.383544138406659,0,0,7.94611502608139,0.960141053255639,26,32
11,1,0.7416,0.166304230544797,1.377,0.484877413483146,0.623,0.484877413483146,0.207,0.40535825551642,8.61028809440202,1.01201169278323,26,32
11,2,0.7523,0.174829274651802,1,0,0.999,0.0316227766016838,0,0,8.65405669488887,1.0520311185952,26,32
12,1,0.7399,0.166390130944343,1.439,0.496513368929302,0.559,0.496755237280661,0.151,0.358228038164697,9.30961836934153,1.07947672122729,26,32
12,2,0.7422,0.170376606927677,1,0,0.989,0.104354635210372,0,0,9.3556344960655,1.13265667727174,26,32
13,1,0.7363,0.17088449757515,1.493,0.50020116073556,0.498,0.500246185638877,0.141,0.34819569244929,10.0131735540906,1.14157673631093,26,32
13,2,0.7373,0.171604656574809,1,0,0.962,0.191291904148065,0,0,10.0475536531281,1.20543509465035,26,32
14,1,0.7334,0.16903553772214,1.548,0.497939699104163,0.426,0.494741112874975,0.177,0.381859682104326,10.7166084482822,1.21176206460339,26,32
14,2,0.7302,0.176576156768515,1,0,0.91,0.286324958712967,0,0,10.7358582305071,1.27335068569793,26,32
15,1,0.7351,0.171193741992216,1.6,0.490143081395872,0.343,0.474949025240158,0.247,0.431482534034898,11.4188745379838,1.28335011831004,26,32
15,2,0.7227,0.176878478046358,1,0,0.813,0.390106630529633,0,0,11.4196002733349,1.34680726466125,26,32
16,1,0.731,0.171547160945404,1.642,0.479652026021017,0.267,0.44261372200476,0.294,0.455819889618445,12.1234168785428,1.35408202270171,26,32
16,2,0.7225,0.179655297795601,1,0,0.717,0.450681832465115,0,0,12.1006279141772,1.41791009136697,26,32
17,1,0.7311,0.172082545315911,1.662,0.473265232169003,0.19,0.392497202606661,0.334,0.47187568984497,12.8252430016893,1.42753594585087,26,32
17,2,0.7179,0.182874364067337,1,0,0.602,0.489730370546728,0,0,12.7861800977728,1.48821772014642,26,32
18,1,0.7272,0.174959340335893,1.683,0.465540253606203,0.148,0.355277669185979,0.367,0.482227688487029,13.5289456298742,1.50113538363023,26,32
18,2,0.7058,0.182536789934741,1,0,0.508,0.500186151533793,0,0,13.4728117727132,1.56434633963553,26,32
19,1,0.7152,0.176011192655297,1.698,0.45935499018407,0.13,0.336471712352188,0.401,0.490346244443087,14.2291340925205,1.56998807738446,26,32
19,2,0.696,0.179878726803245,1,0,0.465,0.499023069631078,0,0,14.1519880931702,1.64140962417596,26,32
20,1,0.7073,0.177561927896265,1.711,0.453524734369234,0.133,0.339744648856206,0.427,0.494889801790172,14.9164768344449,1.62705497967873,26,32
20,2,0.6916,0.180892681339412,1,0,0.533,0.49915945364198,0,0,14.8234610179211,1.71769270417716,26,32
21,1,0.7097,0.181242265376371,1.73,0.444181603960922,0.135,0.341894562536306,0.465,0.499023069631078,15.5944195243409,1.68769825607181,26,32
21,2,0.677,0.184838213487269,1,0,0.621,0.485380875802286,0,0,15.4870823805684,1.7999483073269,26,32
22,1,0.6951,0.190110841700657,1.744,0.436640189005381,0.165,0.37136627864268,0.499,0.500249187155011,16.2726935808073,1.74719082478215,26,32
22,2,0.6497,0.178862801895481,1,0,0.714,0.452115481274871,0,0,16.1316772412046,1.87987910786848,26,32
23,1,0.6806,0.192251399476312,1.753,0.431482534034898,0.196,0.397167145848875,0.535,0.499023069631078,16.9331389287774,1.79938741525423,26,32
23,2,0.6309,0.191760167818976,1,0,0.777,0.416466618643613,0,0,16.7443278585995,1.94333938860896,26,32
24,1,0.6688,0.19688911936754,1.768,0.422320203582962,0.184,0.387678080750375,0.579,0.493966601100725,17.5757092420839,1.84524946626596,26,32
24,2,0.6024,0.193110153879933,1,0,0.806,0.395626743939942,0,0,17.335017640438,2.01034427620362,26,32
25,1,0.658,0.205665500992019,1.785,0.41102791139282,0.176,0.381010720543621,0.642,0.479652026021017,18.2048474214021,1.87564375044258,26,32
25,2,0.5726,0.196284914773825,1,0,0.797,0.402433787041984,0,0,17.8957701506969,2.07348205868581,26,32
26,1,0.6413,0.211303002721114,1.802,0.398691553653893,0.169,0.374939434548541,0.69,0.462724663395106,18.8204065212836,1.90306242039577,26,32
26,2,0.5456,0.209581880334547,1,0,0.778,0.415799096787005,0,0,18.4271898727223,2.133864302379,26,32
27,1,0.636,0.220981521473703,1.815,0.388491860823269,0.149,0.356266650033266,0.745,0.436079310636454,19.4172027543663,1.92235720758798,26,32
27,2,0.4843,0.215429617090872,1,0,0.82,0.384379692163553,0,0,18.9325740981806,2.18705934668845,26,32
28,1,0.6261,0.235295886394459,1.831,0.374939434548541,0.134,0.340822769427396,0.787,0.409632516774241,20.0069083181007,1.94858306641037,26,32
28,2,0.4288,0.217664737470124,1,0,0.772,0.419752536850216,0,0,19.3746787428678,2.23686396787745,26,32
29,1,0.6126,0.254334279887564,1.846,0.36112935966827,0.117,0.321581116383432,0.815,0.388491860823269,20.5853363687907,1.97466703668268,26,32
29,2,0.3779,0.215842947946367,1,0,0.757,0.429109700583819,0,0,19.7637876565463,2.27865967759995,26,32
30,1,0.6147,0.263710927823353,1.855,0.352277020396022,0.098,0.297463417052391,0.827,0.37843653921657,21.1496972646839,2.0051377547374,26,32
30,2,0.3206,0.209091748663976,1,0,0.663,0.472921404310119,0,0,20.1028528909075,2.3177001277619,26,32
31,1,0.6084,0.274963715870013,1.866,0.340822769427396,0.074,0.261901875885975,0.84,0.366789496216201,21.716444385135,2.05543563361653,26,32
31,2,0.2752,0.205638632672091,1,0,0.578,0.494125652198062,0,0,20.3894417901488,2.35070658540314,26,32
32,1,0.6111,0.284829629634836,1.871,0.33536766610911,0.06,0.237605674293474,0.845,0.362085771753194,22.2774026291625,2.13150755281263,26,32
32,2,0.2219,0.1876848838229,1,0,0.521,0.499808772240753,0,0,20.6349794043374,2.39249233539594,26,32
33,1,0.6085,0.28740276677574,1.878,0.327449573557858,0.044,0.205197724417465,0.853,0.354283102217022,22.8414447129739,2.23855912999603,26,32
33,2,0.1836,0.177827620640503,1,0,0.437,0.496263314458441,0,0,20.8302036547827,2.42914485986693,26,32
34,1,0.6094,0.293696949078294,1.881,0.323950527000565,0.03,0.170672578726429,0.857,0.350248017372938,23.4032376409729,2.35933959046257,26,32
34,2,0.1361,0.151094737233365,1,0,0.346,0.475931203547856,0,0,20.9914207329409,2.46880099043294,26,32
35,1,0.6082,0.299369975753051,1.885,0.319181573523405,0.011,0.104354635210372,0.86,0.347160655202344,23.9663696375248,2.49819001440777,26,32
35,2,0.1035,0.128429919583578,1,0,0.25,0.433229370758364,0,0,21.1098174786985,2.49725733910428,26,32
36,1,0.5992,0.294628861733141,1.886,0.317970289657863,0.004,0.0631505185092568,0.861,0.346119630761965,24.5290467184996,2.65079072840979,26,32
36,2,0.0762,0.108375759768065,1,0,0.157,0.363982806576744,0,0,21.2004995195534,2.52054149650938,26,32
37,1,0.6011,0.295526861936654,1.886,0.317970289657863,0.003,0.054717401199198,0.861,0.346119630761965,25.0829987970184,2.8122167479953,26,32
37,2,0.0565,0.0913569707033683,1,0,0.095,0.293361655744341,0,0,21.2686038896708,2.53943457497629,26,32
38,1,0.5969,0.297605374546494,1.886,0.317970289657863,0,0,0.86,0.347160655202344,25.6388382783012,2.98351084556828,26,32
38,2,0.0418,0.0770629528288314,1,0,0.047,0.211744742168102,0,0,21.320162758924,2.55407957747334,26,32
39,1,0.5994,0.29800746374621,1.886,0.317970289657863,0.003,0.054717401199198,0.859,0.34819569244929,26.1906373475496,3.15647958835794,26,32
39,2,0.0284,0.0622681083486348,1,0,0.032,0.176088066055048,0,0,21.359463125925,2.56643932205123,26,32
40,1,0.5865,0.299729190416262,1.886,0.317970289657863,0.001,0.0316227766016838,0.857,0.350248017372938,26.7447718946531,3.33541501033731,26,32
40,2,0.0174,0.0473231389436445,1,0,0.008,0.0891288053546324,0,0,21.3861588042683,2.57293782950064,26,32
41,1,0.5794,0.29900676421286,1.886,0.317970289657863,0,0,0.856,0.351265408754388,27.2862017293673,3.51782711301043,26,32
41,2,0.0099,0.0327576412927284,1,0,0.005,0.0705689732104696,0,0,21.4030909367005,2.57565840657311,26,32
42,1,0.565,0.302334924225446,1.886,0.317970289657863,0,0,0.85,0.357250091151322,27.8206060637726,3.70015453401629,26,32
42,2,0.0064,0.0260714349378725,1,0,0.002,0.0446989708829856,0,0,21.4127014507277,2.57675298586684,26,32
43,1,0.5377,0.301661581428112,1.886,0.317970289657863,0,0,0.838,0.368635174517967,28.3409160565051,3.88850585560522,26,32
43,2,0.0033,0.0194804899704676,1,0,0,0,0,0,21.4189750448985,2.57797237460804,26,32
44,1,0.5069,0.305345092683059,1.886,0.317970289657863,0,0,0.816,0.387678080750375,28.8345885874666,4.06224785385938,26,32
44,2,0.0017,0.0143985178861339,1,0,0,0,0,0,21.4222608846568,2.57943941223641,26,32
45,1,0.4726,0.308973631083147,1.886,0.317970289657863,0,0,0.784,0.411720188372532,29.2986421506059,4.23132988020037,26,32
45,2,6e-04,0.0109434802398396,1,0,0,0,0,0,21.4239534207163,2.58029717421277,26,32
46,1,0.4355,0.305160405152557,1.886,0.317970289657863,0,0,0.755,0.430302405478008,29.7300961351224,4.39676721312359,26,32
46,2,1e-04,0.00316227766016838,1,0,0,0,0,0,21.4245507266478,2.58036444197775,26,32
47,1,0.3899,0.306303463597478,1.886,0.317970289657863,0,0,0.691,0.462312375707954,30.1260205958035,4.55357754853165,26,32
47,2,0,0,1,0,0,0,0,0,21.4246502676813,2.58044123666989,26,32
48,1,0.3269,0.300926813273505,1.886,0.317970289657863,0,0,0.612,0.487538402275855,30.4797042863813,4.70341644763605,26,32
48,2,0,0,1,0,0,0,0,0,21.4246502676813,2.58044123666989,26,32
49,1,0.2706,0.285126177221484,1.886,0.317970289657863,0,0,0.514,0.500054051132529,30.7745853835263,4.84073100128142,26,32
49,2,0,0,1,0,0,0,0,0,21.4246502676813,2.58044123666989,26,32
50,1,0.2116,0.263922517218776,1.886,0.317970289657863,0,0,0.425,0.494590355364538,31.0182882490434,4.9580375812623,26,32
50,2,0,0,1,0,0,0,0,0,21.4246502676813,2.58044123666989,26,32
51,1,0.1638,0.243328520253522,1.886,0.317970289657863,0,0,0.339,0.473606696852255,31.2076888271045,5.05677340398047,26,32
51,2,0,0,1,0,0,0,0,0,21.4246502676813,2.58044123666989,26,32
52,1,0.1128,0.215459004412864,1.886,0.317970289657863,0,0,0.242,0.428508599236491,31.3537917613875,5.13694582656798,26,32
52,2,0,0,1,0,0,0,0,0,21.4246502676813,2.58044123666989,26,32
53,1,0.0823,0.185771960266401,1.886,0.317970289657863,0,0,0.187,0.390106630529633,31.4539694544467,5.20061952919198,26,32
53,2,0,0,1,0,0,0,0,0,21.4246502676813,2.58044123666989,26,32
54,1,0.0517,0.145527620362213,1.886,0.317970289657863,0,0,0.124,0.32974646735444,31.5265338229909,5.25261317497361,26,32
54,2,0,0,1,0,0,0,0,0,21.4246502676813,2.58044123666989,26,32
55,1,0.0342,0.12387778536003,1.886,0.317970289657863,0,0,0.082,0.274502006097135,31.5717887729688,5.28362325141769,26,32
55,2,0,0,1,0,0,0,0,0,21.4246502676813,2.58044123666989,26,32
56,1,0.0215,0.0971451861246207,1.886,0.317970289657863,0,0,0.057,0.231958627355839,31.6017236691651,5.30647147902387,26,32
56,2,0,0,1,0,0,0,0,0,21.4246502676813,2.58044123666989,26,32
57,1,0.0114,0.064297544075759,1.886,0.317970289657863,0,0,0.036,0.186383311320351,31.6202695158589,5.3199074451609,26,32
57,2,0,0,1,0,0,0,0,0,21.4246502676813,2.58044123666989,26,32
58,1,0.006,0.0529793054579503,1.886,0.317970289657863,0,0,0.019,0.136593036636783,31.6298149487943,5.32674330385323,26,32
58,2,0,0,1,0,0,0,0,0,21.4246502676813,2.58044123666989,26,32
59,1,0.0018,0.0213826382192941,1.886,0.317970289657863,0,0,0.009,0.0944877131056093,31.6348357421152,5.33093519576734,26,32
59,2,0,0,1,0,0,0,0,0,21.4246502676813,2.58044123666989,26,32
60,1,0.0012,0.016087846929245,1.886,0.317970289657863,0,0,0.007,0.0834143750078963,31.6361778001699,5.33154839939974,26,32
60,2,0,0,1,0,0,0,0,0,21.4246502676813,2.58044123666989,26,32
61,1,7e-04,0.0122335464874116,1.886,0.317970289657863,0,0,0.004,0.0631505185092568,31.6370227151859,5.33224684067633,26,32
61,2,0,0,1,0,0,0,0,0,21.4246502676813,2.58044123666989,26,32
62,1,6e-04,0.0118228499009241,1.886,0.317970289657863,0,0,0.003,0.054717401199198,31.6375196743179,5.33250264722539,26,32
62,2,0,0,1,0,0,0,0,0,21.4246502676813,2.58044123666989,26,32
63,1,2e-04,0.00632455532033676,1.886,0.317970289657863,0,0,0.001,0.0316227766016838,31.6379668928104,5.33271133039476,26,32
63,2,0,0,1,0,0,0,0,0,21.4246502676813,2.58044123666989,26,32
64,1,2e-04,0.00632455532033676,1.886,0.317970289657863,0,0,0.001,0.0316227766016838,31.6381159507339,5.33255247636353,26,32
64,2,0,0,1,0,0,0,0,0,21.4246502676813,2.58044123666989,26,32
65,1,2e-04,0.00632455532033676,1.886,0.317970289657863,0,0,0.001,0.0316227766016838,31.6382649937517,5.33239779951823,26,32
65,2,0,0,1,0,0,0,0,0,21.4246502676813,2.58044123666989,26,32
66,1,2e-04,0.00632455532033676,1.886,0.317970289657863,0,0,0.001,0.0316227766016838,31.6384140218652,5.33224729897099,26,32
66,2,0,0,1,0,0,0,0,0,21.4246502676813,2.58044123666989,26,32
67,1,0,0,1.886,0.317970289657863,0,0,0,0,31.6385630350758,5.3321009738243,26,32
67,2,0,0,1,0,0,0,0,0,21.4246502676813,2.58044123666989,26,32
68,1,0,0,1.886,0.317970289657863,0,0,0,0,31.6385630350758,5.3321009738243,26,32
68,2,0,0,1,0,0,0,0,0,21.4246502676813,2.58044123666989,26,32
69,1,0,0,1.886,0.317970289657863,0,0,0,0,31.6385630350758,5.3321009738243,26,32
69,2,0,0,1,0,0,0,0,0,21.4246502676813,2.58044123666989,26,32
70,1,0,0,1.886,0.317970289657863,0,0,0,0,31.6385630350758,5.3321009738243,26,32
70,2,0,0,1,0,0,0,0,0,21.4246502676813,2.58044123666989,26,32
71,1,0,0,1.886,0.317970289657863,0,0,0,0,31.6385630350758,5.3321009738243,26,32
71,2,0,0,1,0,0,0,0,0,21.4246502676813,2.58044123666989,26,32
72,1,0,0,1.886,0.317970289657863,0,0,0,0,31.6385630350758,5.3321009738243,26,32
72,2,0,0,1,0,0,0,0,0,21.4246502676813,2.58044123666989,26,32
73,1,0,0,1.886,0.317970289657863,0,0,0,0,31.6385630350758,5.3321009738243,26,32
73,2,0,0,1,0,0,0,0,0,21.4246502676813,2.58044123666989,26,32
74,1,0,0,1.886,0.317970289657863,0,0,0,0,31.6385630350758,5.3321009738243,26,32
74,2,0,0,1,0,0,0,0,0,21.4246502676813,2.58044123666989,26,32
75,1,0,0,1.886,0.317970289657863,0,0,0,0,31.6385630350758,5.3321009738243,26,32
75,2,0,0,1,0,0,0,0,0,21.4246502676813,2.58044123666989,26,32
76,1,0,0,1.886,0.317970289657863,0,0,0,0,31.6385630350758,5.3321009738243,26,32
76,2,0,0,1,0,0,0,0,0,21.4246502676813,2.58044123666989,26,32
77,1,0,0,1.886,0.317970289657863,0,0,0,0,31.6385630350758,5.3321009738243,26,32
77,2,0,0,1,0,0,0,0,0,21.4246502676813,2.58044123666989,26,32
78,1,0,0,1.886,0.317970289657863,0,0,0,0,31.6385630350758,5.3321009738243,26,32
78,2,0,0,1,0,0,0,0,0,21.4246502676813,2.58044123666989,26,32
79,1,0,0,1.886,0.317970289657863,0,0,0,0,31.6385630350758,5.3321009738243,26,32
79,2,0,0,1,0,0,0,0,0,21.4246502676813,2.58044123666989,26,32
80,1,0,0,1.886,0.317970289657863,0,0,0,0,31.6385630350758,5.3321009738243,26,32
80,2,0,0,1,0,0,0,0,0,21.4246502676813,2.58044123666989,26,32
81,1,0,0,1.886,0.317970289657863,0,0,0,0,31.6385630350758,5.3321009738243,26,32
81,2,0,0,1,0,0,0,0,0,21.4246502676813,2.58044123666989,26,32
82,1,0,0,1.886,0.317970289657863,0,0,0,0,31.6385630350758,5.3321009738243,26,32
82,2,0,0,1,0,0,0,0,0,21.4246502676813,2.58044123666989,26,32
83,1,0,0,1.886,0.317970289657863,0,0,0,0,31.6385630350758,5.3321009738243,26,32
83,2,0,0,1,0,0,0,0,0,21.4246502676813,2.58044123666989,26,32
84,1,0,0,1.886,0.317970289657863,0,0,0,0,31.6385630350758,5.3321009738243,26,32
84,2,0,0,1,0,0,0,0,0,21.4246502676813,2.58044123666989,26,32
0,1,1,0,1,0,0,0,0,0,0,0,27,32
0,2,1,0,1,0,0,0,0,0,0,0,27,32
1,1,0.8853,0.109845236473759,1,0,0.124,0.32974646735444,0,0,1,0,27,32
1,2,0.8872,0.106712452635799,1,0,0.117,0.321581116383432,0,0,1,0,27,32
2,1,0.8333,0.132357956423589,1.016,0.125537881771837,0.26,0.438853725736256,0.016,0.125537881771837,1.87901209,0.122168460102334,27,32
2,2,0.8369,0.129557613343158,1,0,0.278,0.448237567498438,0,0,1.881261865,0.118642069460173,27,32
3,1,0.8063,0.143425523812468,1.044,0.205197724417465,0.545,0.498220055019088,0.044,0.205197724417465,2.698348198195,0.219000323756572,27,32
3,2,0.806,0.145207042133242,1,0,0.585,0.492968577110162,0,0,2.70409727323,0.214406822987513,27,32
4,1,0.7947,0.1510122998789,1.103,0.304110972316823,0.312,0.463541660340115,0.103,0.304110972316823,3.47496516649972,0.321867668088875,27,32
4,2,0.7859,0.153671092938148,1,0,0.394,0.488879333785959,0,0,3.48061427153172,0.3232598911817,27,32
5,1,0.7822,0.155265151490176,1.131,0.337569182469243,0.336,0.472575208117531,0.131,0.337569182469243,4.24860563293363,0.42570081545179,27,32
5,2,0.7781,0.158920249325395,1,0,0.428,0.495036423974096,0,0,4.24650783750066,0.434565216739908,27,32
6,1,0.7672,0.156616374267471,1.161,0.367714854492192,0.497,0.500241183071967,0.161,0.367714854492192,5.00707628381104,0.532252894898956,27,32
6,2,0.7759,0.160545834467808,1,0,0.591,0.491895274383645,0,0,5.00282956316309,0.539699138144883,27,32
7,1,0.7682,0.167262478568078,1.21,0.407512044074854,0.336,0.472575208117531,0.21,0.407512044074854,5.74093581394135,0.634180684421769,27,32
7,2,0.76,0.159954948612369,1,0,0.445,0.497214463005877,0,0,5.74873186510067,0.643091666647006,27,32
8,1,0.7668,0.166930002173443,1.24,0.427296831936047,0.35,0.477208264521611,0.24,0.427296831936047,6.48131733950443,0.738115320865944,27,32
8,2,0.7646,0.171861503474095,1,0,0.499,0.500249187155011,0,0,6.48596559500235,0.736187212855609,27,32
9,1,0.7582,0.163031712679893,1.271,0.444698500960771,0.301,0.458922226101122,0.271,0.444698500960771,7.21802770590714,0.82901537877384,27,32
9,2,0.7609,0.167179960339567,1,0,0.44,0.496635325612916,0,0,7.22502408206293,0.837838857945495,27,32
10,1,0.7612,0.167996377290651,1.292,0.454909818472786,0.55,0.497742652128334,0.292,0.454909818472786,7.94697132850187,0.914740874994611,27,32
10,2,0.762,0.174775703536122,1,0,0.815,0.388491860823269,0,0,7.96325933800487,0.933645545526107,27,32
11,1,0.7571,0.169936660166276,1.343,0.474949025240158,0.657,0.474949025240158,0.186,0.389301368550838,8.66535255201059,0.996034556663353,27,32
11,2,0.7652,0.173721441218806,1,0,1,0,0,0,8.68378841248084,1.02650478450025,27,32
12,1,0.7561,0.170328511417795,1.395,0.489095301770743,0.604,0.489309128694145,0.114,0.317970289657863,9.37951650011514,1.06350509992023,27,32
12,2,0.7554,0.17011695911866,1,0,0.996,0.0631505185092568,0,0,9.39820208572286,1.10484645789741,27,32
13,1,0.7593,0.169535401177017,1.457,0.498396829242923,0.527,0.499520290399219,0.111,0.314289321768618,10.0988527352887,1.13185071720892,27,32
13,2,0.7537,0.174403918323892,1,0,0.962,0.191291904148065,0,0,10.1029558312637,1.18081410877351,27,32
14,1,0.751,0.168723049603388,1.497,0.500241183071967,0.457,0.498396829242923,0.157,0.363982806576744,10.8253076824528,1.19643854897019,27,32
14,2,0.753,0.173669689817081,1,0,0.884,0.320385153598987,0,0,10.8076391014299,1.25235230428837,27,32
15,1,0.747,0.173150168873672,1.545,0.498220055019088,0.37,0.483045891539648,0.21,0.407512044074854,11.5445999176636,1.25913132215169,27,32
15,2,0.7447,0.178784434092775,1,0,0.77,0.421043082447957,0,0,11.51544742618,1.322541317757,27,32
16,1,0.7467,0.173664242920842,1.579,0.493966601100725,0.273,0.445723759373078,0.243,0.429109700583819,12.261523671237,1.32528926242775,27,32
16,2,0.7423,0.177121658986365,1,0,0.653,0.476253942574566,0,0,12.2205888673688,1.39019534657431,27,32
17,1,0.7547,0.173170141473344,1.61,0.487993993957034,0.194,0.395626743939942,0.27,0.444181603960922,12.9812710959135,1.39566737510495,27,32
17,2,0.7409,0.179190678606057,1,0,0.534,0.499092269117739,0,0,12.9291042785515,1.46406994029303,27,32
18,1,0.7521,0.170542295852597,1.626,0.484105730557239,0.149,0.356266650033266,0.291,0.454450795494436,13.7115285402562,1.46927945716155,27,32
18,2,0.7394,0.173198261069901,1,0,0.448,0.49753747953651,0,0,13.642091109378,1.53821102686833,27,32
19,1,0.7492,0.174154212379976,1.647,0.47814184048211,0.122,0.327449573557858,0.308,0.461897552872224,14.4403154767137,1.53855123110254,27,32
19,2,0.7415,0.174350647111355,1,0,0.372,0.483580241376599,0,0,14.3578016058031,1.60998341308505,27,32
20,1,0.7498,0.173176066331205,1.658,0.474616962677548,0.117,0.321581116383432,0.323,0.467856698028242,15.1666340903758,1.60421895306415,27,32
20,2,0.742,0.175004647442937,1,0,0.419,0.493642261848277,0,0,15.0793293312619,1.67779473263216,27,32
21,1,0.7408,0.172119101162494,1.674,0.468981816218864,0.129,0.33536766610911,0.344,0.475278749672116,15.8929798723665,1.67344501204363,27,32
21,2,0.7398,0.181242403451314,1,0,0.504,0.500234179394246,0,0,15.7989386004353,1.75164766678122,27,32
22,1,0.7408,0.172583733721186,1.694,0.461060274342278,0.151,0.358228038164697,0.367,0.482227688487029,16.6086253624281,1.74750742783465,27,32
22,2,0.7362,0.180616118279023,1,0,0.567,0.495738597202958,0,0,16.5120394401453,1.82310979038211,27,32
23,1,0.7423,0.170616001066195,1.711,0.453524734369234,0.181,0.385210834981815,0.378,0.485130241637595,17.3219542327467,1.8174873074425,27,32
23,2,0.7356,0.176929206023042,1,0,0.605,0.489095301770743,0,0,17.2183338041892,1.89351567311211,27,32
24,1,0.7382,0.170263765228394,1.732,0.443139224592421,0.163,0.369550493934953,0.393,0.488661221901012,18.0346630337877,1.87799395710259,27,32
24,2,0.7359,0.176783603432113,1,0,0.613,0.487307365497864,0,0,17.9220632824762,1.94827567485573,27,32
25,1,0.7415,0.17133915812536,1.755,0.430302405478008,0.138,0.345072564941166,0.416,0.493140129362017,18.7433600330546,1.94323252932686,27,32
25,2,0.7304,0.173048507031369,1,0,0.566,0.495872856577056,0,0,18.6256226275395,2.00452866805622,27,32
26,1,0.7348,0.173548492010386,1.778,0.415799096787005,0.142,0.349224795737585,0.454,0.498128630106855,19.4553776728138,2.00324067840434,27,32
26,2,0.7276,0.179361117331518,1,0,0.614,0.487074164005074,0,0,19.3259694822255,2.04976097215859,27,32
27,1,0.7323,0.175149614294144,1.795,0.403903624814309,0.135,0.341894562536306,0.49,0.50015012761185,20.1585469622318,2.06712782643975,27,32
27,2,0.7233,0.176005931968465,1,0,0.622,0.485130241637595,0,0,20.0210598053397,2.09620568620759,27,32
28,1,0.7304,0.174603339963262,1.801,0.399447817065707,0.132,0.338660140392534,0.528,0.499465179432426,20.857706585868,2.12374865470559,27,32
28,2,0.7225,0.180489130770599,1,0,0.59,0.492079406338187,0,0,20.7113932929382,2.14268404078176,27,32
29,1,0.7288,0.177205987376166,1.808,0.394070160366516,0.125,0.330884397463048,0.556,0.497102716861527,21.5531564997567,2.17531595563118,27,32
29,2,0.7159,0.180914123052679,1,0,0.513,0.500081074508005,0,0,21.4024555102093,2.18776038909386,27,32
30,1,0.7265,0.176971944299285,1.817,0.386860001370859,0.112,0.315524255098646,0.589,0.49226143594773,22.2458945429048,2.22002179178153,27,32
30,2,0.7099,0.183372886806135,1,0,0.472,0.499465179432426,0,0,22.0907065851038,2.2293196112779,27,32
31,1,0.7222,0.173716255247853,1.828,0.377569276502417,0.079,0.269873733126868,0.625,0.48436516143258,22.9352731979069,2.26984839850962,27,32
31,2,0.6895,0.183011593193555,1,0,0.354,0.478448443317473,0,0,22.7749506677243,2.28110810699434,27,32
32,1,0.7242,0.176310650402763,1.836,0.370460849809047,0.064,0.244875404979683,0.662,0.473265232169003,23.620146689371,2.31485764657807,27,32
32,2,0.6635,0.188183854682497,1,0,0.361,0.480530862598762,0,0,23.4446712085767,2.32689210709871,27,32
33,1,0.7115,0.179415550998067,1.843,0.363982806576744,0.074,0.261901875885975,0.706,0.455819889618445,24.3058488179455,2.35698780678308,27,32
33,2,0.6448,0.198928460840908,1,0,0.408,0.491709037722287,0,0,24.0880589668096,2.37275304864567,27,32
34,1,0.7094,0.18282523093125,1.851,0.356266650033266,0.055,0.228094337998616,0.742,0.437752929890398,24.976133115079,2.39613268956245,27,32
34,2,0.6177,0.210478053513926,1,0,0.385,0.486838794686714,0,0,24.7104017402374,2.42035188614596,27,32
35,1,0.6959,0.19877802369151,1.855,0.352277020396022,0.057,0.231958627355839,0.782,0.413093992508541,25.6434103972511,2.42665981241976,27,32
35,2,0.5856,0.222490768667246,1,0,0.423,0.494282626960846,0,0,25.3068203639635,2.4687798795164,27,32
36,1,0.6822,0.211537013092054,1.861,0.346119630761965,0.051,0.220107808692576,0.809,0.393285740491152,26.2950754589769,2.44223566275399,27,32
36,2,0.5372,0.233646636506393,1,0,0.397,0.489520817361867,0,0,25.8692981437497,2.52572929052513,27,32
37,1,0.6771,0.218845798414051,1.864,0.342960087505269,0.06,0.237605674293474,0.825,0.380157229997694,26.9319783613768,2.45803058659336,27,32
37,2,0.498,0.238857809277932,1,0,0.444,0.497102716861527,0,0,26.3847889393638,2.58194078301407,27,32
38,1,0.6728,0.231805724463167,1.868,0.338660140392534,0.049,0.215976030257169,0.84,0.366789496216201,27.5624910262447,2.47111048460499,27,32
38,2,0.4427,0.247887390074925,1,0,0.43,0.495323475463606,0,0,26.858831644498,2.63733654355094,27,32
39,1,0.6719,0.238573484082593,1.87,0.336471712352188,0.059,0.235742602375079,0.85,0.357250091151322,28.1884577082491,2.49053570381663,27,32
39,2,0.3891,0.249466277126636,1,0,0.495,0.50022517452166,0,0,27.2784340419839,2.68993839282417,27,32
40,1,0.6664,0.252140069434857,1.878,0.327449573557858,0.043,0.202958597236462,0.857,0.350248017372938,28.8124691895236,2.51925724055967,27,32
40,2,0.3163,0.246708684839377,1,0,0.384,0.486601254397048,0,0,27.6413657734906,2.74671748440972,27,32
41,1,0.6545,0.257499623409542,1.882,0.322769546550136,0.035,0.18387171834953,0.864,0.342960087505269,29.4313884303098,2.56095423610515,27,32
41,2,0.2472,0.222714529749996,1,0,0.305,0.460637804774193,0,0,27.9372796879379,2.79242662985867,27,32
42,1,0.6492,0.266177027953597,1.886,0.317970289657863,0.033,0.178725887724591,0.87,0.336471712352188,30.0384442671282,2.61759704715722,27,32
42,2,0.2038,0.210451538007803,1,0,0.273,0.445723759373078,0,0,28.1682805924577,2.83329056833215,27,32
43,1,0.641,0.267002416263019,1.888,0.315524255098646,0.019,0.136593036636783,0.873,0.333139583331045,30.639962451071,2.68569354242548,27,32
43,2,0.1596,0.186608313487536,1,0,0.162,0.368635174517967,0,0,28.3576335974684,2.87564594296494,27,32
44,1,0.6435,0.275742241565894,1.894,0.307991653878573,0.011,0.104354635210372,0.878,0.327449573557858,31.2338033092101,2.76304018578987,27,32
44,2,0.1222,0.169102796416132,1,0,0.111,0.314289321768618,0,0,28.5084835136456,2.90907796874731,27,32
45,1,0.6348,0.277138531723335,1.894,0.307991653878573,0.008,0.0891288053546324,0.876,0.32974646735444,31.8302231482974,2.85299860281359,27,32
45,2,0.0901,0.139324805405934,1,0,0.071,0.256953351846254,0,0,28.6246213556113,2.93326134999646,27,32
46,1,0.6339,0.284220990730051,1.894,0.307991653878573,0,0,0.876,0.32974646735444,32.4181712868656,2.95957135396819,27,32
46,2,0.0685,0.119716674202394,1,0,0,0,0,0,28.7107827362294,2.94745062744816,27,32
47,1,0.6301,0.289910396567695,1.894,0.307991653878573,0,0,0.875,0.330884397463048,33.0055629254525,3.07689227884993,27,32
47,2,0.0472,0.0968583581398195,1,0,0,0,0,0,28.7789683441657,2.95879543420937,27,32
48,1,0.6131,0.287751961229096,1.894,0.307991653878573,0,0,0.871,0.33536766610911,33.5891634093988,3.20118136861428,27,32
48,2,0.0304,0.0723953111816027,1,0,0,0,0,0,28.8259470136332,2.97161094493618,27,32
49,1,0.5969,0.295817338737772,1.894,0.307991653878573,0,0,0.862,0.345072564941166,34.1559859840829,3.33415847901669,27,32
49,2,0.019,0.0525524667523967,1,0,0,0,0,0,28.85620143602,2.9814999065501,27,32
50,1,0.5799,0.297917345491572,1.894,0.307991653878573,0,0,0.855,0.352277020396022,34.7070788665795,3.47431187222565,27,32
50,2,0.0124,0.041084400055592,1,0,0,0,0,0,28.8751085591103,2.98765620596208,27,32
51,1,0.5471,0.300369458853279,1.894,0.307991653878573,0,0,0.834,0.372266816386557,35.2415496861512,3.61215261587524,27,32
51,2,0.0086,0.0344561638495528,1,0,0,0,0,0,28.8874467107676,2.991971496735,27,32
52,1,0.5102,0.308238496899675,1.894,0.307991653878573,0,0,0.809,0.393285740491152,35.7443785794888,3.75163113334616,27,32
52,2,0.0046,0.0223459020703873,1,0,0,0,0,0,28.8960029602387,2.99480754100166,27,32
53,1,0.4815,0.31753516116893,1.894,0.307991653878573,0,0,0.781,0.413775555356053,36.2116920980051,3.89133813271839,27,32
53,2,0.0028,0.0198129390185442,1,0,0,0,0,0,28.9005791011332,2.99697669054338,27,32
54,1,0.4425,0.317560379447113,1.894,0.307991653878573,0,0,0.745,0.436079310636454,36.6518031996142,4.03399884259863,27,32
54,2,0.0016,0.0133273259740136,1,0,0,0,0,0,28.9033642996517,2.9980956609675,27,32
55,1,0.3973,0.314931566998121,1.894,0.307991653878573,0,0,0.697,0.459785169837395,37.0548706387027,4.17289758380432,27,32
55,2,6e-04,0.00772655807586403,1,0,0,0,0,0,28.904955682508,2.99871951689825,27,32
56,1,0.3473,0.312266264941028,1.894,0.307991653878573,0,0,0.633,0.482227688487029,37.4153325365886,4.31044398574861,27,32
56,2,3e-04,0.0054717401199198,1,0,0,0,0,0,28.9055523914023,2.99883768701142,27,32
57,1,0.3027,0.306719394213647,1.894,0.307991653878573,0,0,0.572,0.495036423974096,37.7292197488604,4.43870561496806,27,32
57,2,1e-04,0.00316227766016838,1,0,0,0,0,0,28.905850716014,2.99881136192679,27,32
58,1,0.2623,0.297888313714129,1.894,0.307991653878573,0,0,0.511,0.500129112459102,38.0017617454871,4.56197366025773,27,32
58,2,1e-04,0.00316227766016838,1,0,0,0,0,0,28.9059501476071,2.99879098196189,27,32
59,1,0.2096,0.284409438536643,1.894,0.307991653878573,0,0,0.421,0.493966601100725,38.2371425016694,4.67250454132847,27,32
59,2,0,0,1,0,0,0,0,0,28.906049569257,2.99877390029848,27,32
60,1,0.1604,0.255454686974221,1.894,0.307991653878573,0,0,0.34,0.47394580346768,38.4245832766389,4.77241895195326,27,32
60,2,0,0,1,0,0,0,0,0,28.906049569257,2.99877390029848,27,32
61,1,0.1134,0.220610763810629,1.894,0.307991653878573,0,0,0.257,0.437198058255228,38.5671254099188,4.8504946830786,27,32
61,2,0,0,1,0,0,0,0,0,28.906049569257,2.99877390029848,27,32
62,1,0.0866,0.195649479219135,1.894,0.307991653878573,0,0,0.207,0.40535825551642,38.6670638913702,4.91280106995063,27,32
62,2,0,0,1,0,0,0,0,0,28.906049569257,2.99877390029848,27,32
63,1,0.0589,0.15806889566191,1.894,0.307991653878573,0,0,0.153,0.360167628640777,38.7428425803782,4.96204467189099,27,32
63,2,0,0,1,0,0,0,0,0,28.906049569257,2.99877390029848,27,32
64,1,0.0422,0.136520320091178,1.894,0.307991653878573,0,0,0.109,0.311795151046671,38.7937707042585,4.99727642261419,27,32
64,2,0,0,1,0,0,0,0,0,28.906049569257,2.99877390029848,27,32
65,1,0.0247,0.100548595315996,1.894,0.307991653878573,0,0,0.076,0.265130711714607,38.8302862436097,5.02267311681153,27,32
65,2,0,0,1,0,0,0,0,0,28.906049569257,2.99877390029848,27,32
66,1,0.0135,0.0731649034927478,1.894,0.307991653878573,0,0,0.046,0.209589904165081,38.8510508274182,5.03674236572141,27,32
66,2,0,0,1,0,0,0,0,0,28.906049569257,2.99877390029848,27,32
67,1,0.0071,0.0445148466421212,1.894,0.307991653878573,0,0,0.03,0.170672578726429,38.8621771471465,5.04467239437559,27,32
67,2,0,0,1,0,0,0,0,0,28.906049569257,2.99877390029848,27,32
68,1,0.0037,0.0309397360568455,1.894,0.307991653878573,0,0,0.019,0.136593036636783,38.8677397506947,5.04943458629066,27,32
68,2,0,0,1,0,0,0,0,0,28.906049569257,2.99877390029848,27,32
69,1,0.002,0.0188774033266325,1.894,0.307991653878573,0,0,0.012,0.108939744206914,38.8704711132021,5.05210858365314,27,32
69,2,0,0,1,0,0,0,0,0,28.906049569257,2.99877390029848,27,32
70,1,0.0013,0.016388367172436,1.894,0.307991653878573,0,0,0.009,0.0944877131056093,38.8718614859729,5.05325127524802,27,32
70,2,0,0,1,0,0,0,0,0,28.906049569257,2.99877390029848,27,32
71,1,7e-04,0.00946570650292938,1.894,0.307991653878573,0,0,0.006,0.0772655807586403,38.8727055564539,5.05346654087826,27,32
71,2,0,0,1,0,0,0,0,0,28.906049569257,2.99877390029848,27,32
72,1,3e-04,0.0054717401199198,1.894,0.307991653878573,0,0,0.003,0.054717401199198,38.8731027263711,5.05340741808317,27,32
72,2,0,0,1,0,0,0,0,0,28.906049569257,2.99877390029848,27,32
73,1,0,0,1.894,0.307991653878573,0,0,0,0,38.8732516501962,5.05357603779485,27,32
73,2,0,0,1,0,0,0,0,0,28.906049569257,2.99877390029848,27,32
74,1,0,0,1.894,0.307991653878573,0,0,0,0,38.8732516501962,5.05357603779485,27,32
74,2,0,0,1,0,0,0,0,0,28.906049569257,2.99877390029848,27,32
75,1,0,0,1.894,0.307991653878573,0,0,0,0,38.8732516501962,5.05357603779485,27,32
75,2,0,0,1,0,0,0,0,0,28.906049569257,2.99877390029848,27,32
76,1,0,0,1.894,0.307991653878573,0,0,0,0,38.8732516501962,5.05357603779485,27,32
76,2,0,0,1,0,0,0,0,0,28.906049569257,2.99877390029848,27,32
77,1,0,0,1.894,0.307991653878573,0,0,0,0,38.8732516501962,5.05357603779485,27,32
77,2,0,0,1,0,0,0,0,0,28.906049569257,2.99877390029848,27,32
78,1,0,0,1.894,0.307991653878573,0,0,0,0,38.8732516501962,5.05357603779485,27,32
78,2,0,0,1,0,0,0,0,0,28.906049569257,2.99877390029848,27,32
79,1,0,0,1.894,0.307991653878573,0,0,0,0,38.8732516501962,5.05357603779485,27,32
79,2,0,0,1,0,0,0,0,0,28.906049569257,2.99877390029848,27,32
80,1,0,0,1.894,0.307991653878573,0,0,0,0,38.8732516501962,5.05357603779485,27,32
80,2,0,0,1,0,0,0,0,0,28.906049569257,2.99877390029848,27,32
81,1,0,0,1.894,0.307991653878573,0,0,0,0,38.8732516501962,5.05357603779485,27,32
81,2,0,0,1,0,0,0,0,0,28.906049569257,2.99877390029848,27,32
82,1,0,0,1.894,0.307991653878573,0,0,0,0,38.8732516501962,5.05357603779485,27,32
82,2,0,0,1,0,0,0,0,0,28.906049569257,2.99877390029848,27,32
83,1,0,0,1.894,0.307991653878573,0,0,0,0,38.8732516501962,5.05357603779485,27,32
83,2,0,0,1,0,0,0,0,0,28.906049569257,2.99877390029848,27,32
84,1,0,0,1.894,0.307991653878573,0,0,0,0,38.8732516501962,5.05357603779485,27,32
84,2,0,0,1,0,0,0,0,0,28.906049569257,2.99877390029848,27,32
0,1,1,0,1,0,0,0,0,0,0,0,28,32
0,2,1,0,1,0,0,0,0,0,0,0,28,32
1,1,0.8881,0.109454878239256,1,0,0.118,0.322769546550136,0,0,1,0,28,32
1,2,0.8865,0.110905590706916,1,0,0.133,0.339744648856206,0,0,1,0,28,32
2,1,0.8354,0.130091366983992,1.012,0.108939744206914,0.259,0.438304815295373,0.012,0.108939744206914,1.88211178,0.121490618921658,28,32
2,2,0.8336,0.134048532289649,1,0,0.246,0.430894035314565,0,0,1.879762015,0.123970864049574,28,32
3,1,0.8066,0.14831870562555,1.037,0.188856206322871,0.542,0.498482180709085,0.037,0.188856206322871,2.7037974182185,0.216664563779545,28,32
3,2,0.8023,0.147195028368408,1,0,0.591,0.491895274383645,0,0,2.700897763213,0.224077838792546,28,32
4,1,0.786,0.153973074619258,1.084,0.277526613176144,0.358,0.479652026021017,0.084,0.277526613176144,3.48121414654722,0.322860971340168,28,32
4,2,0.7898,0.155241940402908,1,0,0.412,0.492441365543654,0,0,3.47341596139473,0.332184758220337,28,32
5,1,0.7783,0.157301792277945,1.11,0.313046319253234,0.372,0.483580241376599,0.11,0.313046319253234,4.24480863237817,0.432711352413321,28,32
5,2,0.7839,0.158353610207869,1,0,0.41,0.492079406338187,0,0,4.24230832754365,0.443329078264948,28,32
6,1,0.7674,0.164694761192833,1.158,0.364923511395428,0.494,0.500214168346134,0.158,0.364923511395428,4.99863160779063,0.537303393859498,28,32
6,2,0.7709,0.161645659760228,1,0,0.591,0.491895274383645,0,0,5.00532670387602,0.546573644012959,28,32
7,1,0.7629,0.164013689948402,1.211,0.408222544264333,0.34,0.47394580346768,0.211,0.408222544264333,5.73299083799593,0.631105395683904,28,32
7,2,0.7711,0.163160691992316,1,0,0.43,0.495323475463606,0,0,5.74623200506369,0.645949192041689,28,32
8,1,0.7593,0.163218106073285,1.247,0.431482534034898,0.38,0.485629319374187,0.247,0.431482534034898,6.4678262473937,0.731011357144272,28,32
8,2,0.763,0.164614999614549,1,0,0.517,0.499960959436795,0,0,6.49530744245346,0.734579227736662,28,32
9,1,0.756,0.161089881587733,1.286,0.452115481274871,0.305,0.460637804774193,0.286,0.452115481274871,7.19519409117894,0.823779735190831,28,32
9,2,0.7564,0.173173407395677,1,0,0.455,0.498220055019088,0,0,7.23186792881418,0.824941266309762,28,32
10,1,0.7573,0.169928177726902,1.321,0.467094398571827,0.515,0.500025024398804,0.321,0.467094398571827,7.92099054763992,0.9178694965122,28,32
10,2,0.7559,0.169510837187255,1,0,0.83,0.375820756799357,0,0,7.96485790786657,0.918093040661524,28,32
11,1,0.7563,0.16759593789349,1.369,0.482775384699833,0.631,0.482775384699833,0.197,0.397931337480914,8.63577536952908,1.00359970170072,28,32
11,2,0.7573,0.170163643783464,1,0,1,0,0,0,8.67854382926085,1.00625744277617,28,32
12,1,0.7495,0.172596464446812,1.431,0.495463908357092,0.567,0.495738597202958,0.13,0.336471712352188,9.34988937260614,1.0775752304489,28,32
12,2,0.7512,0.17218655060198,1,0,0.998,0.0446989708829856,0,0,9.38506618815917,1.08298523335453,28,32
13,1,0.7514,0.169607802906608,1.474,0.499573391578829,0.506,0.500214168346134,0.101,0.301479501608136,10.063682264118,1.14788431739992,28,32
13,2,0.7574,0.170863789125825,1,0,0.957,0.202958597236462,0,0,10.0855250908629,1.15511314069236,28,32
14,1,0.7487,0.170197759319203,1.526,0.499573391578829,0.419,0.493642261848277,0.146,0.353282901948012,10.7837954613308,1.21507856016312,28,32
14,2,0.7553,0.169530677609248,1,0,0.878,0.327449573557858,0,0,10.794153229109,1.22890262809364,28,32
15,1,0.7483,0.172240462077808,1.567,0.495738597202958,0.339,0.473606696852255,0.197,0.397931337480914,11.5032374866781,1.28468496805424,28,32
15,2,0.7507,0.172305540245226,1,0,0.781,0.413775555356053,0,0,11.5045579162242,1.29722550884643,28,32
16,1,0.7413,0.177018772014851,1.604,0.489309128694145,0.273,0.445723759373078,0.242,0.428508599236491,12.2236559939249,1.35415410230178,28,32
16,2,0.7535,0.171631020527197,1,0,0.664,0.472575208117531,0,0,12.215141188133,1.36904138194688,28,32
17,1,0.7471,0.178503370986246,1.642,0.479652026021017,0.189,0.391704521843229,0.283,0.450681832465115,12.9380619721844,1.43034309190188,28,32
17,2,0.754,0.171035824473276,1,0,0.521,0.499808772240753,0,0,12.9342895720897,1.4406633598953,28,32
18,1,0.7399,0.172010399620423,1.661,0.473606696852255,0.137,0.344019402576874,0.311,0.463134422704136,13.6603330056525,1.50704235053686,28,32
18,2,0.7474,0.170887221413546,1,0,0.41,0.492079406338187,0,0,13.6610030466069,1.51817712627479,28,32
19,1,0.7422,0.173231547846139,1.68,0.466709564737876,0.106,0.307991653878573,0.338,0.473265232169003,14.3765426028423,1.58539100834892,28,32
19,2,0.7503,0.173118109624267,1,0,0.36,0.480240180150131,0,0,14.386595738171,1.59434986476928,28,32
20,1,0.7462,0.171098903663451,1.693,0.461480188051409,0.106,0.307991653878573,0.352,0.477832946043201,15.0951758333449,1.66038630190477,28,32
20,2,0.7493,0.171956619759401,1,0,0.404,0.4909429956981,0,0,15.1175056196946,1.66684293104797,28,32
21,1,0.7497,0.17672334633868,1.7,0.458486870270251,0.133,0.339744648856206,0.364,0.481389380580561,15.8170306067907,1.73462384819641,28,32
21,2,0.7473,0.173559306384973,1,0,0.479,0.499808772240753,0,0,15.8451488041538,1.74431742139834,28,32
22,1,0.7495,0.170378340110411,1.715,0.451640320364534,0.15,0.357250091151322,0.375,0.48436516143258,16.5403599430121,1.81025252325223,28,32
22,2,0.7553,0.172631722784984,1,0,0.549,0.497842190705897,0,0,16.5669812872272,1.81492156473378,28,32
23,1,0.7527,0.175908082968503,1.731,0.443661848524116,0.163,0.369550493934953,0.39,0.487993993957034,17.2620204626063,1.87440412129702,28,32
23,2,0.7514,0.172997017222749,1,0,0.588,0.492441365543654,0,0,17.2932316974403,1.88093299953536,28,32
24,1,0.7509,0.177737955374705,1.743,0.437198058255228,0.162,0.368635174517967,0.404,0.4909429956981,17.9854046806994,1.94597596958099,28,32
24,2,0.7496,0.174901201912481,1,0,0.564,0.496135213576047,0,0,18.0135729228223,1.93964354712324,28,32
25,1,0.7547,0.176661028863525,1.758,0.428508599236491,0.141,0.34819569244929,0.425,0.494590355364538,18.7062724336136,2.01537373432376,28,32
25,2,0.7521,0.174430547829261,1,0,0.537,0.49887862239214,0,0,18.733243552427,1.99533226124238,28,32
26,1,0.7491,0.174842099506268,1.774,0.418448442581758,0.147,0.354283102217022,0.454,0.498128630106855,19.4308586111438,2.08384117824834,28,32
26,2,0.757,0.173438983740914,1,0,0.57,0.495323475463606,0,0,19.4566826015098,2.05567700741824,28,32
27,1,0.7531,0.173552615971383,1.79,0.407512044074854,0.136,0.342960087505269,0.48,0.499849827298009,20.1480414161878,2.15226629816808,28,32
27,2,0.7492,0.174154212379976,1,0,0.588,0.492441365543654,0,0,20.1832908672418,2.10877333790081,28,32
28,1,0.7528,0.171760477589176,1.803,0.397931337480914,0.119,0.323950527000565,0.504,0.500234179394246,20.8683937393494,2.21620243688384,28,32
28,2,0.7522,0.169835226039841,1,0,0.547,0.498035178515573,0,0,20.9011499316357,2.15289546643148,28,32
29,1,0.7549,0.173048940869154,1.812,0.390907672998125,0.103,0.304110972316823,0.522,0.499765710874371,21.5880258448237,2.27847392060017,28,32
29,2,0.7495,0.170201993874099,1,0,0.479,0.499808772240753,0,0,21.6239730891955,2.19791636096827,28,32
30,1,0.7498,0.169672474929638,1.823,0.381859682104326,0.083,0.276020265899421,0.553,0.497431843008103,22.3095801952002,2.3392521121625,28,32
30,2,0.7437,0.171434243077921,1,0,0.45,0.497742652128334,0,0,22.3474219372791,2.24950699432469,28,32
31,1,0.748,0.176258523388422,1.832,0.374053359717455,0.062,0.241276219744537,0.585,0.492968577110162,23.0254293155871,2.40023900186871,28,32
31,2,0.7462,0.176058389622751,1,0,0.305,0.460637804774193,0,0,23.066461471573,2.29277879285939,28,32
32,1,0.7463,0.174976932556629,1.84,0.366789496216201,0.046,0.209589904165081,0.608,0.488440963243844,23.738864125145,2.45833126247124,28,32
32,2,0.7394,0.174005511171106,1,0,0.291,0.454450795494436,0,0,23.7951489222072,2.33828881076323,28,32
33,1,0.7435,0.177902780752296,1.846,0.36112935966827,0.037,0.188856206322871,0.632,0.48250265160806,24.4501841410641,2.515123009216,28,32
33,2,0.7426,0.175145413630834,1,0,0.268,0.443139224592421,0,0,24.5176829938705,2.37252192519168,28,32
34,1,0.7452,0.177956816752348,1.848,0.359200535947575,0.023,0.149978310076802,0.659,0.474282557073254,25.157894721257,2.57256740760643,28,32
34,2,0.7421,0.171718016169175,1,0,0.201,0.400948574956639,0,0,25.244480480071,2.42295118430418,28,32
35,1,0.7416,0.177315766024572,1.849,0.358228038164697,0.034,0.181319819316248,0.683,0.465540253606203,25.8665809662761,2.62856535623025,28,32
35,2,0.7352,0.172367835371541,1,0,0.18,0.384379692163553,0,0,25.9740456124943,2.46979158464991,28,32
36,1,0.7413,0.175770319466073,1.851,0.356266650033266,0.02,0.140070052543788,0.701,0.458048915301421,26.5698650358731,2.68224032035615,28,32
36,2,0.7326,0.171250011873187,1,0,0.123,0.328601550481703,0,0,26.6977082286351,2.52335491883103,28,32
37,1,0.7403,0.177644215969638,1.854,0.353282901948012,0.028,0.16505527329729,0.726,0.446232140396815,27.2725805739168,2.7337360384446,28,32
37,2,0.7312,0.171627550282628,1,0,0.168,0.374053359717455,0,0,27.4215475800875,2.57032469195711,28,32
38,1,0.7334,0.175542744809506,1.856,0.351265408754388,0.021,0.143455845400526,0.739,0.439399672362272,27.9725856277782,2.7836907959841,28,32
38,2,0.7183,0.172002019449467,1,0,0.124,0.32974646735444,0,0,28.1416780283242,2.61337188419475,28,32
39,1,0.7309,0.178569530091438,1.857,0.350248017372938,0.035,0.18387171834953,0.755,0.430302405478008,28.665347990579,2.82585875449577,28,32
39,2,0.7065,0.182321120529112,1,0,0.151,0.358228038164697,0,0,28.8510770483851,2.65380505333844,28,32
40,1,0.7279,0.182001963491372,1.862,0.345072564941166,0.016,0.125537881771837,0.781,0.413775555356053,29.3540566475399,2.86311706336313,28,32
40,2,0.7065,0.187197202951307,1,0,0.09,0.286324958712967,0,0,29.5473063162227,2.69581235269597,28,32
41,1,0.7245,0.184238143970497,1.862,0.345072564941166,0.014,0.117549214450024,0.795,0.403903624814309,30.0393598075383,2.89317707063369,28,32
41,2,0.6778,0.192416694141086,1,0,0.064,0.244875404979683,0,0,30.2465037848933,2.73678109321763,28,32
42,1,0.715,0.191341609723582,1.863,0.344019402576874,0.018,0.133017644294634,0.822,0.382704144820072,30.7206108044632,2.92697859420927,28,32
42,2,0.6635,0.201788177226686,1,0,0.099,0.29881145943268,0,0,30.9183434494289,2.77885607608782,28,32
43,1,0.7109,0.194136237933259,1.864,0.342960087505269,0.024,0.1531255937048,0.836,0.370460849809047,31.3907899912747,2.95722734980276,28,32
43,2,0.6239,0.218692973404764,1,0,0.148,0.355277669185979,0,0,31.5741332019916,2.81855150464853,28,32
44,1,0.7127,0.193975092051367,1.864,0.342960087505269,0.021,0.143455845400526,0.844,0.363036906933435,32.0558240441774,2.98419605331089,28,32
44,2,0.6026,0.238054426360675,1,0,0.14,0.347160655202344,0,0,32.187987811386,2.85505283797815,28,32
45,1,0.709,0.204892608409823,1.868,0.338660140392534,0.026,0.159214789983058,0.851,0.356266650033266,32.7223347883173,3.00559505752503,28,32
45,2,0.5579,0.252827038727094,1,0,0.162,0.368635174517967,0,0,32.780972797882,2.90499882551506,28,32
46,1,0.7024,0.209279808003634,1.87,0.336471712352188,0,0,0.858,0.349224795737585,33.3844981888737,3.02705733813926,28,32
46,2,0.521,0.270392514896608,1,0,0.022,0.146756729104793,0,0,33.3283041331085,2.95796743351681,28,32
47,1,0.7012,0.223222732687306,1.87,0.336471712352188,0,0,0.861,0.346119630761965,34.0409713046983,3.04588089853815,28,32
47,2,0.4624,0.277710934900597,1,0,0,0,0,0,33.8458179661899,3.01817609448088,28,32
48,1,0.6879,0.227585995582737,1.87,0.336471712352188,0,0,0.863,0.344019402576874,34.6960351036396,3.07201765397234,28,32
48,2,0.416,0.28401525428164,1,0,0,0,0,0,34.3060496772443,3.07190996537999,28,32
49,1,0.6768,0.23659614903404,1.87,0.336471712352188,0,0,0.863,0.344019402576874,35.3376975652805,3.09994935601927,28,32
49,2,0.3465,0.275288091884726,1,0,0,0,0,0,34.7200575625373,3.14221247165823,28,32
50,1,0.6752,0.244427299426035,1.87,0.336471712352188,0,0,0.863,0.344019402576874,35.9682501203436,3.13934219257026,28,32
50,2,0.2847,0.267184013925417,1,0,0,0,0,0,35.0648637810007,3.22120843210952,28,32
51,1,0.6607,0.258906435884747,1.87,0.336471712352188,0,0,0.863,0.344019402576874,36.5971476005824,3.18804016896661,28,32
51,2,0.2274,0.252889685818131,1,0,0,0,0,0,35.3481437630021,3.29292918509436,28,32
52,1,0.6547,0.264400865766014,1.87,0.336471712352188,0,0,0.863,0.344019402576874,37.2115559564999,3.24750221143288,28,32
52,2,0.1771,0.226841457954773,1,0,0,0,0,0,35.5743869176222,3.35129336339165,28,32
53,1,0.6472,0.272003945092982,1.87,0.336471712352188,0,0,0.863,0.344019402576874,37.8199339921542,3.31383202859334,28,32
53,2,0.1274,0.189697720664285,1,0,0,0,0,0,35.7505683420591,3.40673476413913,28,32
54,1,0.6409,0.282766948470197,1.87,0.336471712352188,0,0,0.861,0.346119630761965,38.4207908368304,3.39264263483477,28,32
54,2,0.0905,0.153438239344999,1,0,0,0,0,0,35.8772948746503,3.44814527451992,28,32
55,1,0.6272,0.288623393825697,1.87,0.336471712352188,0,0,0.859,0.34819569244929,39.0154209872537,3.48610203697426,28,32
55,2,0.0626,0.126401017469074,1,0,0,0,0,0,35.9673074674634,3.4797958212552,28,32
56,1,0.61,0.292310529138869,1.87,0.336471712352188,0,0,0.854,0.353282901948012,39.5964662730583,3.58629113802253,28,32
56,2,0.0455,0.106635459023353,1,0,0,0,0,0,36.0295640954332,3.50613498150547,28,32
57,1,0.5952,0.301177136694782,1.87,0.336471712352188,0,0,0.847,0.360167628640777,40.1605981137735,3.69623210203726,28,32
57,2,0.0327,0.0880253285052573,1,0,0,0,0,0,36.0748099948736,3.52914418396425,28,32
58,1,0.5759,0.311715184674017,1.87,0.336471712352188,0,0,0.834,0.372266816386557,40.710305676105,3.81530620064841,28,32
58,2,0.0225,0.0699188003232224,1,0,0,0,0,0,36.1073241258101,3.54674805599844,28,32
59,1,0.5491,0.319939918659038,1.87,0.336471712352188,0,0,0.813,0.390106630529633,41.2414161299703,3.94244413633094,28,32
59,2,0.013,0.0499348925451281,1,0,0,0,0,0,36.1296939970418,3.56006022586637,28,32
60,1,0.5158,0.32086338730574,1.87,0.336471712352188,0,0,0.79,0.407512044074854,41.7468749580437,4.08171702024518,28,32
60,2,0.0089,0.0439627424386005,1,0,0,0,0,0,36.1426175190498,3.5661016470152,28,32
61,1,0.4844,0.32711411410033,1.87,0.336471712352188,0,0,0.762,0.426072221034812,42.220325572278,4.21632900488558,28,32
61,2,0.0051,0.0344263732503901,1,0,0,0,0,0,36.1514642762757,3.57185539801225,28,32
62,1,0.4382,0.330378434389883,1.87,0.336471712352188,0,0,0.719,0.449712398362822,42.6639112935289,4.35222133139082,28,32
62,2,0.0027,0.0237333788844588,1,0,0,0,0,0,36.1565332594224,3.575159566522,28,32
63,1,0.3923,0.329452954531067,1.87,0.336471712352188,0,0,0.667,0.47152235719352,43.0636749348857,4.49059483042214,28,32
63,2,0.0012,0.0204689760119792,1,0,0,0,0,0,36.1592165703774,3.57669098649755,28,32
64,1,0.3594,0.329879463532455,1.87,0.336471712352188,0,0,0.625,0.48436516143258,43.4203705459463,4.62487859511057,28,32
64,2,2e-04,0.00446989708829856,1,0,0,0,0,0,36.1604090337658,3.57786289471573,28,32
65,1,0.3119,0.32489066459956,1.87,0.336471712352188,0,0,0.567,0.495738597202958,43.7464269877991,4.75432230458445,28,32
65,2,1e-04,0.00316227766016838,1,0,0,0,0,0,36.1606077577895,3.57774934344417,28,32
66,1,0.2662,0.310280250473397,1.87,0.336471712352188,0,0,0.511,0.500129112459102,44.0281397982728,4.87437980461318,28,32
66,2,1e-04,0.00316227766016838,1,0,0,0,0,0,36.1607071098652,3.57782423471318,28,32
67,1,0.2179,0.290471967604387,1.87,0.336471712352188,0,0,0.447,0.497431843008103,44.2672066592205,4.98468079039383,28,32
67,2,0,0,1,0,0,0,0,0,36.1608064520056,3.57790187534629,28,32
68,1,0.1786,0.27073111261053,1.87,0.336471712352188,0,0,0.384,0.486601254397048,44.4614507884781,5.08373546543189,28,32
68,2,0,0,1,0,0,0,0,0,36.1608064520056,3.57790187534629,28,32
69,1,0.1429,0.245662247689668,1.87,0.336471712352188,0,0,0.327,0.469351990824894,44.6197704916346,5.17476742756331,28,32
69,2,0,0,1,0,0,0,0,0,36.1608064520056,3.57790187534629,28,32
70,1,0.1094,0.21908820059428,1.87,0.336471712352188,0,0,0.267,0.44261372200476,44.7454502588781,5.24951221589115,28,32
70,2,0,0,1,0,0,0,0,0,36.1608064520056,3.57790187534629,28,32
71,1,0.0736,0.177973915826771,1.87,0.336471712352188,0,0,0.2,0.400200150125109,44.8408302232366,5.30970727746454,28,32
71,2,0,0,1,0,0,0,0,0,36.1608064520056,3.57790187534629,28,32
72,1,0.0523,0.151054716998601,1.87,0.336471712352188,0,0,0.154,0.36112935966827,44.9039802400677,5.35287234066431,28,32
72,2,0,0,1,0,0,0,0,0,36.1608064520056,3.57790187534629,28,32
73,1,0.0387,0.126761107514799,1.87,0.336471712352188,0,0,0.118,0.322769546550136,44.9482602573883,5.37982313643236,28,32
73,2,0,0,1,0,0,0,0,0,36.1608064520056,3.57790187534629,28,32
74,1,0.0265,0.104204647730361,1.87,0.336471712352188,0,0,0.087,0.281976081451088,44.9808216773359,5.39905423185275,28,32
74,2,0,0,1,0,0,0,0,0,36.1608064520056,3.57790187534629,28,32
75,1,0.0167,0.0828128490511465,1.87,0.336471712352188,0,0,0.062,0.241276219744537,45.0028083641741,5.41210203353203,28,32
75,2,0,0,1,0,0,0,0,0,36.1608064520056,3.57790187534629,28,32
76,1,0.0094,0.054540027636724,1.87,0.336471712352188,0,0,0.043,0.202958597236462,45.0163067406574,5.42064511593583,28,32
76,2,0,0,1,0,0,0,0,0,36.1608064520056,3.57790187534629,28,32
77,1,0.008,0.0577870170482898,1.87,0.336471712352188,0,0,0.033,0.178725887724591,45.0235018467736,5.4249749948233,28,32
77,2,0,0,1,0,0,0,0,0,36.1608064520056,3.57790187534629,28,32
78,1,0.0042,0.0402986846433477,1.87,0.336471712352188,0,0,0.018,0.133017644294634,45.029803137111,5.42921319418948,28,32
78,2,0,0,1,0,0,0,0,0,36.1608064520056,3.57790187534629,28,32
79,1,0.0027,0.0283463139316828,1.87,0.336471712352188,0,0,0.013,0.113330683593826,45.0330774959594,5.43058229736419,28,32
79,2,0,0,1,0,0,0,0,0,36.1608064520056,3.57790187534629,28,32
80,1,0.0011,0.0181416404748611,1.87,0.336471712352188,0,0,0.006,0.0772655807586403,45.0351113639581,5.4317714932348,28,32
80,2,0,0,1,0,0,0,0,0,36.1608064520056,3.57790187534629,28,32
81,1,5e-04,0.00705689732104696,1.87,0.336471712352188,0,0,0.002,0.0446989708829856,45.0359049891725,5.43274747196653,28,32
81,2,0,0,1,0,0,0,0,0,36.1608064520056,3.57790187534629,28,32
82,1,0,0,1.87,0.336471712352188,0,0,0,0,45.0363017620984,5.4328590320698,28,32
82,2,0,0,1,0,0,0,0,0,36.1608064520056,3.57790187534629,28,32
83,1,0,0,1.87,0.336471712352188,0,0,0,0,45.0363017620984,5.4328590320698,28,32
83,2,0,0,1,0,0,0,0,0,36.1608064520056,3.57790187534629,28,32
84,1,0,0,1.87,0.336471712352188,0,0,0,0,45.0363017620984,5.4328590320698,28,32
84,2,0,0,1,0,0,0,0,0,36.1608064520056,3.57790187534629,28,32
0,1,1,0,1,0,0,0,0,0,0,0,29,32
0,2,1,0,1,0,0,0,0,0,0,0,29,32
1,1,0.8808,0.110197565778485,1,0,0.128,0.334256978577453,0,0,1,0,29,32
1,2,0.8854,0.109447790378878,1,0,0.125,0.330884397463048,0,0,1,0,29,32
2,1,0.8393,0.127913532794118,1.02,0.140070052543788,0.268,0.443139224592421,0.02,0.140070052543788,1.87431256,0.122624108127809,29,32
2,2,0.8279,0.133376832243757,1,0,0.28,0.449223554371097,0,0,1.879062085,0.121777024665633,29,32
3,1,0.8099,0.144543705787844,1.039,0.193691808077979,0.538,0.49880337288836,0.039,0.193691808077979,2.699047588249,0.213743210170874,29,32
3,2,0.8043,0.143917414589834,1,0,0.574,0.494741112874975,0,0,2.692799313139,0.221738885275054,29,32
4,1,0.7935,0.148693846072593,1.09,0.286324958712967,0.33,0.470448000656099,0.09,0.286324958712967,3.47986329667972,0.319459460561398,29,32
4,2,0.791,0.14947020218539,1,0,0.389,0.487767277415077,0,0,3.46816665640622,0.332532180989118,29,32
5,1,0.779,0.151465976185881,1.119,0.323950527000565,0.371,0.483314175865547,0.119,0.323950527000565,4.25205434302663,0.425106679768067,29,32
5,2,0.7799,0.152804906136352,1,0,0.425,0.494590355364538,0,0,4.23940808269614,0.436412384957639,29,32
6,1,0.774,0.16152427090097,1.165,0.37136627864268,0.473,0.499520290399219,0.165,0.37136627864268,5.00617716846909,0.526898452374742,29,32
6,2,0.7684,0.159520803931296,1,0,0.611,0.487767277415077,0,0,4.99767883355355,0.533356367386816,29,32
7,1,0.7708,0.16719843095949,1.22,0.414453582167861,0.323,0.467856698028242,0.22,0.414453582167861,5.74783201976924,0.620579409133901,29,32
7,2,0.7608,0.164591769084758,1,0,0.461,0.49872610491905,0,0,5.7350862342163,0.629312458921429,29,32
8,1,0.7725,0.170243157667886,1.249,0.432650189166937,0.34,0.47394580346768,0.249,0.432650189166937,6.49096162090972,0.718795969180742,29,32
8,2,0.7606,0.165332921630796,1,0,0.529,0.499408058013093,0,0,6.47231996411798,0.721282977100232,29,32
9,1,0.7701,0.17112941090086,1.28,0.449223554371097,0.289,0.453524734369234,0.28,0.449223554371097,7.23341738892211,0.817029944019093,29,32
9,2,0.7588,0.173067941897142,1,0,0.439,0.496513368929302,0,0,7.20588284963887,0.81358107162826,29,32
10,1,0.7574,0.172089670970848,1.304,0.460212772308414,0.54,0.498646817545895,0.304,0.460212772308414,7.97440017085382,0.912551460772062,29,32
10,2,0.7503,0.176496631868886,1,0,0.818,0.386037595351832,0,0,7.94206994984298,0.906681602669156,29,32
11,1,0.7521,0.175232121188714,1.351,0.477521755553637,0.649,0.477521755553637,0.195,0.396398955765693,8.68888529260802,1.00874766150332,29,32
11,2,0.7449,0.17442595682528,1,0,0.998,0.0446989708829856,0,0,8.65076086898787,1.00322579083543,29,32
12,1,0.7558,0.175833094943123,1.415,0.492968577110162,0.583,0.493309592805932,0.127,0.333139583331045,9.39800479293591,1.09097550530318,29,32
12,2,0.7485,0.1747807148924,1,0,0.994,0.0772655807586403,0,0,9.34499675112322,1.0861924400903,29,32
13,1,0.7518,0.175463806944759,1.465,0.499023069631078,0.519,0.499888876540466,0.109,0.311795151046671,10.1174409081755,1.17381252768516,29,32
13,2,0.7448,0.169238298270816,1,0,0.966,0.181319819316248,0,0,10.0429586521775,1.16061311519747,29,32
14,1,0.7499,0.172886899098456,1.528,0.499465179432426,0.422,0.494125652198062,0.151,0.358228038164697,10.8369049498815,1.25765071114992,29,32
14,2,0.7515,0.169488868296642,1,0,0.877,0.328601550481703,0,0,10.7385537452484,1.22762024070123,29,32
15,1,0.7427,0.173253359929113,1.574,0.494741112874975,0.348,0.476574362637273,0.209,0.406797842281009,11.5571458559565,1.33917163726748,29,32
15,2,0.7557,0.169989430278492,1,0,0.773,0.41910219117376,0,0,11.4452136789524,1.29121202265145,29,32
16,1,0.744,0.175997087972997,1.612,0.487538402275855,0.271,0.444698500960771,0.243,0.429109700583819,12.2709243312239,1.41940044287575,29,32
16,2,0.751,0.168960195157166,1,0,0.672,0.469719742651548,0,0,12.1611888565287,1.35548795374347,29,32
17,1,0.7506,0.173579289576175,1.639,0.480530862598762,0.196,0.397167145848875,0.278,0.448237567498438,12.9880759127818,1.4958199341261,29,32
17,2,0.7482,0.16989886881797,1,0,0.511,0.500129112459102,0,0,12.8774418770071,1.41587561096356,29,32
18,1,0.7476,0.174656075602152,1.659,0.474282557073254,0.142,0.349224795737585,0.306,0.461060274342278,13.7137411708716,1.5662831298667,29,32
18,2,0.7488,0.171019904712311,1,0,0.417,0.493309592805932,0,0,13.5988643543199,1.48407865837424,29,32
19,1,0.7533,0.173491236692835,1.669,0.470808518041741,0.123,0.328601550481703,0.328,0.469719742651548,14.4376369198361,1.64385579989257,29,32
19,2,0.7514,0.175067668884602,1,0,0.347,0.476253942574566,0,0,14.3255051574896,1.55186744310826,29,32
20,1,0.7476,0.168886834190125,1.678,0.467476774326313,0.111,0.314289321768618,0.344,0.475278749672116,15.1669997437108,1.72015007769742,29,32
20,2,0.7557,0.170753233253917,1,0,0.413,0.492619197427053,0,0,15.0581617170041,1.62078602485654,29,32
21,1,0.7442,0.168744880914459,1.689,0.463134422704136,0.131,0.337569182469243,0.36,0.480240180150131,15.8904014200998,1.78542122471899,29,32
21,2,0.7554,0.171172837039468,1,0,0.491,0.50016914056064,0,0,15.7917430127615,1.69770109806984,29,32
22,1,0.7437,0.167117438462413,1.703,0.457165178026498,0.151,0.358228038164697,0.38,0.485629319374187,16.6085416654081,1.84613679881573,29,32
22,2,0.7501,0.16783372175507,1,0,0.528,0.499465179432426,0,0,16.5210597615749,1.76596839246414,29,32
23,1,0.7512,0.171019904712311,1.72,0.449223554371097,0.162,0.368635174517967,0.393,0.488661221901012,17.3241155909207,1.90504793928024,29,32
23,2,0.7543,0.17143774642972,1,0,0.578,0.494125652198062,0,0,17.2431692922079,1.82701078726383,29,32
24,1,0.7497,0.171082375419501,1.736,0.441019839121211,0.163,0.369550493934953,0.407,0.491520693961701,18.0459034849686,1.97121335851947,29,32
24,2,0.7513,0.175411171477415,1,0,0.62,0.485629319374187,0,0,17.9669027061859,1.87626559690995,29,32
25,1,0.748,0.177503542239324,1.751,0.432650189166937,0.138,0.345072564941166,0.425,0.494590355364538,18.7653745940217,2.03180001029816,29,32
25,2,0.7467,0.174182230578924,1,0,0.561,0.496513368929302,0,0,18.6854759727567,1.92713491493114,29,32
26,1,0.7493,0.176268490038863,1.766,0.423584021680969,0.147,0.354283102217022,0.455,0.498220055019088,19.4834271269169,2.0938814336563,29,32
26,2,0.7449,0.173678306515679,1,0,0.581,0.493642261848277,0,0,19.4023315020547,1.9763779058705,29,32
27,1,0.746,0.175655500497009,1.795,0.403903624814309,0.127,0.333139583331045,0.484,0.499993993957921,20.2007595424481,2.15465243694687,29,32
27,2,0.7489,0.176379987243167,1,0,0.599,0.490346244443087,0,0,20.1163226167071,2.02145578434038,29,32
28,1,0.7507,0.176098042352891,1.807,0.394850486775573,0.115,0.319181573523405,0.516,0.499993993957921,20.9142803365862,2.22045989388279,29,32
28,2,0.7409,0.169014069697631,1,0,0.579,0.493966601100725,0,0,20.8333339731199,2.06431410295431,29,32
29,1,0.753,0.16875864268084,1.815,0.388491860823269,0.09,0.286324958712967,0.533,0.49915945364198,21.6314194326187,2.28372755540416,29,32
29,2,0.7407,0.172926034515955,1,0,0.487,0.500081074508005,0,0,21.54329320196,2.11098503725524,29,32
30,1,0.7525,0.173850435645051,1.823,0.381859682104326,0.075,0.263523138347365,0.552,0.49753747953651,22.3511789956938,2.34210857583336,29,32
30,2,0.7384,0.175374445676091,1,0,0.44,0.496635325612916,0,0,22.2575686927252,2.15382667305475,29,32
31,1,0.7485,0.17363150030423,1.832,0.374053359717455,0.053,0.224145580463326,0.58,0.49380547166252,23.0701686797704,2.40108773100381,29,32
31,2,0.7399,0.171310645720975,1,0,0.317,0.465540253606203,0,0,22.9718226061586,2.19266908151737,29,32
32,1,0.7553,0.175278728408876,1.837,0.369550493934953,0.042,0.200689502157627,0.609,0.488218554908923,23.7847997749029,2.45076628274119,29,32
32,2,0.7495,0.171490988565461,1,0,0.25,0.433229370758364,0,0,23.6936314147388,2.22997299819173,29,32
33,1,0.7549,0.177616264845136,1.839,0.367714854492192,0.048,0.213873190797121,0.629,0.483314175865547,24.5052405561606,2.49912193757568,29,32
33,2,0.7457,0.170030645533152,1,0,0.24,0.427296831936047,0,0,24.4282766666059,2.26950978938896,29,32
34,1,0.7534,0.179333768712422,1.845,0.362085771753194,0.029,0.167890402308134,0.653,0.476253942574566,25.2239148943735,2.55193022979669,29,32
34,2,0.7474,0.168765285890558,1,0,0.189,0.391704521843229,0,0,25.1595593265418,2.30456241865762,29,32
35,1,0.7473,0.178954560530697,1.853,0.354283102217022,0.02,0.140070052543788,0.68,0.466709564737876,25.9407733053456,2.60723163170975,29,32
35,2,0.7455,0.173001964380985,1,0,0.164,0.370460849809047,0,0,25.8950044320288,2.34783530855827,29,32
36,1,0.7556,0.17549769069546,1.853,0.354283102217022,0.009,0.0944877131056093,0.694,0.461060274342278,26.6505844888723,2.66194801716159,29,32
36,2,0.7468,0.175329690869802,1,0,0.119,0.323950527000565,0,0,26.6297282641421,2.39558975563506,29,32
37,1,0.7546,0.178971704106741,1.854,0.353282901948012,0.023,0.149978310076802,0.709,0.454450795494436,27.3684454025675,2.71663778837181,29,32
37,2,0.7437,0.17942269227303,1,0,0.163,0.369550493934953,0,0,27.3679158662118,2.4347279033593,29,32
38,1,0.7506,0.178020592436188,1.855,0.352277020396022,0.021,0.143455845400526,0.725,0.446737702208549,28.0837935788734,2.76951351682181,29,32
38,2,0.7433,0.173911918382138,1,0,0.105,0.306706812883361,0,0,28.1007492242644,2.46981226393883,29,32
39,1,0.7521,0.175232121188714,1.855,0.352277020396022,0.016,0.125537881771837,0.732,0.443139224592421,28.7943880473603,2.82533697132453,29,32
39,2,0.7398,0.170308440674457,1,0,0.123,0.328601550481703,0,0,28.8359998165352,2.51485588385549,29,32
40,1,0.7495,0.171607689802058,1.858,0.349224795737585,0.008,0.0891288053546324,0.747,0.434948479914783,29.5063060067615,2.88284722041405,29,32
40,2,0.7419,0.170186231385954,1,0,0.048,0.213873190797121,0,0,29.5667940111829,2.56227480929625,29,32
41,1,0.7519,0.173973149240498,1.858,0.349224795737585,0.003,0.054717401199198,0.756,0.429707631592282,30.2152145513859,2.929753277865,29,32
41,2,0.7495,0.174729162649743,1,0,0.02,0.140070052543788,0,0,30.3033417719834,2.60483761780892,29,32
42,1,0.7432,0.17591107044386,1.858,0.349224795737585,0.009,0.0944877131056093,0.781,0.413775555356053,30.9262432031724,2.97844016614771,29,32
42,2,0.744,0.168203128069285,1,0,0.031,0.173404351355637,0,0,31.0487790517119,2.64864313136497,29,32
43,1,0.7429,0.173203896000031,1.859,0.34819569244929,0.014,0.117549214450024,0.804,0.397167145848875,31.6269937139588,3.02360080269277,29,32
43,2,0.7422,0.170670115393083,1,0,0.056,0.230036772966665,0,0,31.7881171456914,2.6840042597131,29,32
44,1,0.7457,0.174905980749951,1.86,0.347160655202344,0.004,0.0631505185092568,0.816,0.387678080750375,32.3259814443641,3.05976746204141,29,32
44,2,0.7394,0.172793221792689,1,0,0.038,0.191291904148065,0,0,32.5243443933576,2.72486718272841,29,32
45,1,0.7412,0.172430543385713,1.861,0.346119630761965,0.008,0.0891288053546324,0.83,0.375820756799357,33.0275874215026,3.09436530047594,29,32
45,2,0.7435,0.172300427850419,1,0,0.031,0.173404351355637,0,0,33.2586063603501,2.76417032116651,29,32
46,1,0.7422,0.174096150070785,1.861,0.346119630761965,0.001,0.0316227766016838,0.835,0.37136627864268,33.72374748466,3.12877570367996,29,32
46,2,0.7351,0.179527770053048,1,0,0.013,0.113330683593826,0,0,33.9972249201379,2.79920981635794,29,32
47,1,0.7443,0.177535993615461,1.861,0.346119630761965,0,0,0.839,0.367714854492192,34.4209328831793,3.16151899100074,29,32
47,2,0.7259,0.186960274240664,1,0,0,0,0,0,34.7283040405584,2.82950542661475,29,32
48,1,0.7407,0.181732045981265,1.861,0.346119630761965,0,0,0.842,0.364923511395428,35.1199894192067,3.19265702473636,29,32
48,2,0.7141,0.190912643996247,1,0,0,0,0,0,35.4508001457799,2.85995063392067,29,32
49,1,0.741,0.182297098803662,1.861,0.346119630761965,0,0,0.845,0.362085771753194,35.8152440073453,3.22798855267104,29,32
49,2,0.6955,0.206039321980544,1,0,0,0,0,0,36.1614805084907,2.89182951161624,29,32
50,1,0.7399,0.181082248662813,1.861,0.346119630761965,0,0,0.851,0.356266650033266,36.5105783367863,3.25741348237305,29,32
50,2,0.6705,0.223673377449753,1,0,0,0,0,0,36.8535807247715,2.93132447044342,29,32
51,1,0.7372,0.181684256800553,1.861,0.346119630761965,0,0,0.857,0.350248017372938,37.2044501156718,3.28774101541416,29,32
51,2,0.6481,0.237976938006654,1,0,0,0,0,0,37.5207364252702,2.97265071684141,29,32
52,1,0.7309,0.1888673101965,1.861,0.346119630761965,0,0,0.861,0.346119630761965,37.8952677691918,3.31882248393989,29,32
52,2,0.6187,0.248560037198444,1,0,0,0,0,0,38.1655393650647,3.02017186853089,29,32
53,1,0.7234,0.193674856266759,1.861,0.346119630761965,0,0,0.861,0.346119630761965,38.5795500548999,3.3487987534905,29,32
53,2,0.5765,0.27329918119607,1,0,0,0,0,0,38.7810303153701,3.0745037761363,29,32
54,1,0.7166,0.208921248531805,1.861,0.346119630761965,0,0,0.861,0.346119630761965,39.256303559205,3.38400137136105,29,32
54,2,0.5205,0.290299886365848,1,0,0,0,0,0,39.3544827960519,3.14910899498754,29,32
55,1,0.7108,0.217003342025994,1.861,0.346119630761965,0,0,0.861,0.346119630761965,39.92622601102,3.41897988673787,29,32
55,2,0.4666,0.301455328888569,1,0,0,0,0,0,39.8721795315129,3.22734464148525,29,32
56,1,0.7086,0.222115680165484,1.861,0.346119630761965,0,0,0.861,0.346119630761965,40.5903132846118,3.45409471779813,29,32
56,2,0.4127,0.305977666394677,1,0,0,0,0,0,40.3362201482975,3.30883767305447,29,32
57,1,0.7037,0.236626926410124,1.861,0.346119630761965,0,0,0.86,0.347160655202344,41.2521464356572,3.4940961444155,29,32
57,2,0.3654,0.307110985080568,1,0,0,0,0,0,40.7466153724526,3.40078973137655,29,32
58,1,0.6962,0.247480922106749,1.861,0.346119630761965,0,0,0.861,0.346119630761965,41.9090909711232,3.54026239339117,29,32
58,2,0.3068,0.301902144584806,1,0,0,0,0,0,41.1099384135594,3.49777251847846,29,32
59,1,0.6815,0.261679625164487,1.861,0.346119630761965,0,0,0.861,0.346119630761965,42.5584634775668,3.59203207966681,29,32
59,2,0.2506,0.280603596517184,1,0,0,0,0,0,41.4149640355098,3.59430212462603,29,32
60,1,0.6601,0.269426391766992,1.861,0.346119630761965,0,0,0.86,0.347160655202344,43.19315752572,3.64504638206129,29,32
60,2,0.195,0.252742712810635,1,0,0,0,0,0,41.6640897751405,3.67549567889557,29,32
61,1,0.6452,0.279419102845591,1.861,0.346119630761965,0,0,0.858,0.349224795737585,43.8065658273028,3.70150012517135,29,32
61,2,0.1479,0.228884202115345,1,0,0,0,0,0,41.8579232199771,3.74671642486843,29,32
62,1,0.6349,0.288470458115221,1.861,0.346119630761965,0,0,0.856,0.351265408754388,44.4052027977475,3.76829013348652,29,32
62,2,0.1049,0.191213369178393,1,0,0,0,0,0,42.0049237312318,3.80291393272172,29,32
63,1,0.62,0.294187944257657,1.861,0.346119630761965,0,0,0.85,0.357250091151322,44.9936429519982,3.84535156002452,29,32
63,2,0.0808,0.174073724788268,1,0,0,0,0,0,42.1091753309294,3.84319727498663,29,32
64,1,0.6041,0.300971383645977,1.861,0.346119630761965,0,0,0.844,0.363036906933435,45.5675159576745,3.93107653692332,29,32
64,2,0.0571,0.146256558762269,1,0,0,0,0,0,42.1894678657495,3.877225909917,29,32
65,1,0.5881,0.311938608857089,1.861,0.346119630761965,0,0,0.836,0.370460849809047,46.1258311022032,4.02292728703493,29,32
65,2,0.0362,0.11279309501154,1,0,0,0,0,0,42.2462035745101,3.90122586152217,29,32
66,1,0.5635,0.318495194923235,1.861,0.346119630761965,0,0,0.819,0.385210834981815,46.6685914914177,4.12940733397381,29,32
66,2,0.0245,0.0931580830010388,1,0,0,0,0,0,42.2821690258914,3.92223007168833,29,32
67,1,0.5356,0.321708153667476,1.861,0.346119630761965,0,0,0.802,0.398691553653893,47.1877038462409,4.24033095278579,29,32
67,2,0.0139,0.0691489086795415,1,0,0,0,0,0,42.306507850297,3.93714706763365,29,32
68,1,0.5044,0.3331540659089,1.861,0.346119630761965,0,0,0.773,0.41910219117376,47.6798949280469,4.35335877108953,29,32
68,2,0.0081,0.0504671867349166,1,0,0,0,0,0,42.3203150269612,3.94713259220666,29,32
69,1,0.4751,0.343872415640217,1.861,0.346119630761965,0,0,0.736,0.441019839121211,48.1424884145283,4.47745396456186,29,32
69,2,0.0045,0.0288197949434166,1,0,0,0,0,0,42.3283601310739,3.95395944178121,29,32
70,1,0.4278,0.339473713860738,1.861,0.346119630761965,0,0,0.7,0.458486870270251,48.5777744041199,4.60564666860612,29,32
70,2,0.0023,0.0185756575941487,1,0,0,0,0,0,42.3328291864085,3.95697642490599,29,32
71,1,0.3921,0.340651777675728,1.861,0.346119630761965,0,0,0.66,0.47394580346768,48.9678342687739,4.73703429509,29,32
71,2,0.0019,0.0175127581122077,1,0,0,0,0,0,42.3351131418278,3.95837651778923,29,32
72,1,0.3488,0.336350548820262,1.861,0.346119630761965,0,0,0.615,0.486838794686714,49.3243935619194,4.86311104993651,29,32
72,2,0.0014,0.0166828750015793,1,0,0,0,0,0,42.3369996989344,3.95982583956902,29,32
73,1,0.3042,0.329045028272166,1.861,0.346119630761965,0,0,0.555,0.497214463005877,49.6401617123416,4.99198037449942,29,32
73,2,4e-04,0.00631505185092568,1,0,0,0,0,0,42.3383896546351,3.96086276217939,29,32
74,1,0.2607,0.316331433113397,1.861,0.346119630761965,0,0,0.495,0.50022517452166,49.9146008752836,5.10896935909546,29,32
74,2,3e-04,0.0054717401199198,1,0,0,0,0,0,42.3387867451222,3.96112120945423,29,32
75,1,0.2126,0.295073394782228,1.861,0.346119630761965,0,0,0.428,0.495036423974096,50.148811203025,5.21756074078553,29,32
75,2,2e-04,0.00632455532033676,1,0,0,0,0,0,42.3390845332058,3.96129488826171,29,32
76,1,0.1743,0.270448983456497,1.861,0.346119630761965,0,0,0.374,0.484105730557239,50.3385824959374,5.3097614065732,29,32
76,2,2e-04,0.00632455532033676,1,0,0,0,0,0,42.3392830387424,3.96168861048043,29,32
77,1,0.1454,0.251519585921459,1.861,0.346119630761965,0,0,0.324,0.468234175646378,50.4930043596186,5.3918092346501,29,32
77,2,2e-04,0.00632455532033676,1,0,0,0,0,0,42.3394815244283,3.96209219809208,29,32
78,1,0.1182,0.23294424874425,1.861,0.346119630761965,0,0,0.274,0.446232140396815,50.6212132905771,5.46738348308341,29,32
78,2,0,0,1,0,0,0,0,0,42.3396799902657,3.9625056451034,29,32
79,1,0.0894,0.205352890921481,1.861,0.346119630761965,0,0,0.221,0.415128090270137,50.7249013207771,5.53274946575877,29,32
79,2,0,0,1,0,0,0,0,0,42.3396799902657,3.9625056451034,29,32
80,1,0.0608,0.164470089713633,1.861,0.346119630761965,0,0,0.167,0.373162498451077,50.8026347635565,5.58324430544698,29,32
80,2,0,0,1,0,0,0,0,0,42.3396799902657,3.9625056451034,29,32
81,1,0.0433,0.135843894097466,1.861,0.346119630761965,0,0,0.096,0.294738648417324,50.8546668166755,5.61694451551925,29,32
81,2,0,0,1,0,0,0,0,0,42.3396799902657,3.9625056451034,29,32
82,1,0.0265,0.110543973015131,1.861,0.346119630761965,0,0,0.052,0.222138122224316,50.892856210797,5.64301643062469,29,32
82,2,0,0,1,0,0,0,0,0,42.3396799902657,3.9625056451034,29,32
83,1,0.0157,0.0852688734579083,1.861,0.346119630761965,0,0,0,0,50.9165610224036,5.66040373144512,29,32
83,2,0,0,1,0,0,0,0,0,42.3396799902657,3.9625056451034,29,32
84,1,0.0025,0.0283646708874712,1.861,0.346119630761965,0,0,0,0,50.932131245235,5.67077197064819,29,32
84,2,0,0,1,0,0,0,0,0,42.3396799902657,3.9625056451034,29,32
0,1,1,0,1,0,0,0,0,0,0,0,30,32
0,2,1,0,1,0,0,0,0,0,0,0,30,32
1,1,0.8778,0.106764032138912,1,0,0.136,0.342960087505269,0,0,1,0,30,32
1,2,0.8782,0.110349159203579,1,0,0.138,0.345072564941166,0,0,1,0,30,32
2,1,0.833,0.131027356564071,1.005,0.0705689732104696,0.273,0.445723759373078,0.005,0.0705689732104696,1.8709129,0.119668119404843,30,32
2,2,0.8281,0.132958896159934,1,0,0.263,0.440482718191106,0,0,1.87121287,0.12354563292131,30,32
3,1,0.7988,0.143035027245144,1.029,0.167890402308134,0.584,0.493140129362017,0.029,0.167890402308134,2.689849088191,0.215415848894529,30,32
3,2,0.8085,0.137392236413222,1,0,0.576,0.494437527366672,0,0,2.6859998881495,0.221364664676008,30,32
4,1,0.7853,0.15607135633507,1.094,0.291974740772638,0.357,0.479354546010342,0.094,0.291974740772638,3.45776866623473,0.320847096336215,30,32
4,2,0.7866,0.149341028330271,1,0,0.403,0.490746198998863,0,0,3.46546600153972,0.32245595055965,30,32
5,1,0.7847,0.158432985867877,1.137,0.344019402576874,0.333,0.47152235719352,0.137,0.344019402576874,4.22021361199668,0.430199164057058,30,32
5,2,0.7823,0.158245858561138,1,0,0.413,0.492619197427053,0,0,4.23160946752366,0.425420779001824,30,32
6,1,0.7747,0.160298489093334,1.181,0.385210834981815,0.449,0.497641082153239,0.181,0.385210834981815,4.98103308810907,0.538705335798489,30,32
6,2,0.7713,0.160349686691375,1,0,0.609,0.488218554908923,0,0,4.99287871868104,0.530213796965128,30,32
7,1,0.7669,0.163282121039173,1.227,0.41910219117376,0.288,0.45305767983918,0.227,0.41910219117376,5.72378727957421,0.644308991746635,30,32
7,2,0.7671,0.165574771644128,1,0,0.423,0.494282626960846,0,0,5.73328431979372,0.634606326889761,30,32
8,1,0.7633,0.166345365973269,1.243,0.429109700583819,0.347,0.476253942574566,0.243,0.429109700583819,6.46441863018977,0.747576893770622,30,32
8,2,0.7608,0.165561984678762,1,0,0.532,0.499224624017311,0,0,6.47871231141712,0.730234583418217,30,32
9,1,0.7589,0.163669110028672,1.271,0.444698500960771,0.293,0.45536618051669,0.271,0.444698500960771,7.19763179561268,0.845844072364484,30,32
9,2,0.7573,0.170692254791616,1,0,0.468,0.499224624017311,0,0,7.21232515695201,0.82430237460118,30,32
10,1,0.7577,0.166998798195073,1.303,0.459785169837395,0.546,0.498128630106855,0.303,0.459785169837395,7.92767442860331,0.937564293250737,30,32
10,2,0.7505,0.169671855469723,1,0,0.831,0.374939434548541,0,0,7.94556491109437,0.912618715943742,30,32
11,1,0.7573,0.169397182401023,1.363,0.481105458774334,0.637,0.481105458774334,0.199,0.399447817065707,8.64220950038,1.01699216817006,30,32
11,2,0.7505,0.170789106558114,1,0,1,0,0,0,8.65380628003681,1.00079167208148,30,32
12,1,0.7555,0.172102787221385,1.43,0.495323475463606,0.567,0.495738597202958,0.129,0.33536766610911,9.35692284378696,1.08778123058222,30,32
12,2,0.741,0.171079713199047,1,0,0.996,0.0631505185092568,0,0,9.35353611519625,1.07885377660641,30,32
13,1,0.7567,0.174371773849771,1.492,0.500186151533793,0.494,0.500214168346134,0.129,0.33536766610911,10.0767584792904,1.16254951565014,30,32
13,2,0.7413,0.172435622897486,1,0,0.966,0.181319819316248,0,0,10.0439071312362,1.15343842143423,30,32
14,1,0.7557,0.173601980540683,1.548,0.497939699104163,0.418,0.49347696959384,0.167,0.373162498451077,10.801365830012,1.24118209901148,30,32
14,2,0.7467,0.173029041056838,1,0,0.885,0.319181573523405,0,0,10.7360067715781,1.22218825433507,30,32
15,1,0.7521,0.175060664445889,1.593,0.491520693961701,0.331,0.470808518041741,0.213,0.409632516774241,11.5267994608171,1.32125697603848,30,32
15,2,0.7478,0.169540272218443,1,0,0.786,0.410332026988355,0,0,11.437473980552,1.28922933218422,30,32
16,1,0.752,0.177785285126772,1.622,0.485130241637595,0.252,0.434378503939461,0.243,0.429109700583819,12.2506128716324,1.40058900033755,30,32
16,2,0.7454,0.16597104080648,1,0,0.68,0.466709564737876,0,0,12.1449119741547,1.35383920948324,30,32
17,1,0.7487,0.176945244693435,1.65,0.477208264521611,0.184,0.387678080750375,0.273,0.445723759373078,12.9767001439253,1.4884069101109,30,32
17,2,0.7479,0.171828737745219,1,0,0.524,0.499673567115245,0,0,12.8551745874364,1.41259922337041,30,32
18,1,0.7444,0.170815156873791,1.668,0.471166635064494,0.122,0.327449573557858,0.296,0.45671938057476,13.7013171855879,1.56896324818892,30,32
18,2,0.7427,0.170104807826368,1,0,0.447,0.497431843008103,0,0,13.5756486784578,1.47826371791203,30,32
19,1,0.7504,0.171432870912288,1.68,0.466709564737876,0.1,0.300150112593832,0.316,0.465145526002734,14.4235159919527,1.6465143067095,30,32
19,2,0.7469,0.174473008889143,1,0,0.368,0.48250265160806,0,0,14.2947031500058,1.54693035797674,30,32
20,1,0.748,0.1697197831863,1.693,0.461480188051409,0.097,0.296105857217784,0.331,0.470808518041741,15.151730998862,1.72848652682558,30,32
20,2,0.7401,0.172718909855933,1,0,0.417,0.493309592805932,0,0,15.0218202450351,1.61194761457926,30,32
21,1,0.747,0.174302557013319,1.704,0.45671938057476,0.111,0.314289321768618,0.349,0.476892468410255,15.876879178574,1.80911790490845,30,32
21,2,0.7413,0.174913992879086,1,0,0.522,0.499765710874371,0,0,15.7396331107905,1.68373046775848,30,32
22,1,0.7498,0.174040944177657,1.713,0.452587931606484,0.133,0.339744648856206,0.36,0.480240180150131,16.5993602980116,1.88626676342867,30,32
22,2,0.7484,0.171367461342014,1,0,0.545,0.498220055019088,0,0,16.4533326917597,1.75288633967813,30,32
23,1,0.7471,0.175220695958817,1.728,0.4452125494797,0.164,0.370460849809047,0.377,0.484877413483146,17.3229166419919,1.96255677028039,30,32
23,2,0.7552,0.177325701477266,1,0,0.591,0.491895274383645,0,0,17.1728978265062,1.81338715631551,30,32
24,1,0.7455,0.17329102625289,1.744,0.436640189005381,0.161,0.367714854492192,0.391,0.488218554908923,18.0413123474438,2.03155765404262,30,32
24,2,0.7509,0.177117363803102,1,0,0.586,0.492794933868893,0,0,17.8968806661162,1.87394859507567,30,32
25,1,0.7511,0.176209647408534,1.76,0.427296831936047,0.141,0.34819569244929,0.411,0.49226143594773,18.7574913673955,2.090662267999,30,32
25,2,0.7517,0.177732098110326,1,0,0.532,0.499224624017311,0,0,18.6167508162725,1.92785085705509,30,32
26,1,0.7508,0.172363189425901,1.773,0.41910219117376,0.153,0.360167628640777,0.447,0.497431843008103,19.4791847862324,2.14837090894332,30,32
26,2,0.7535,0.175495152493021,1,0,0.572,0.495036423974096,0,0,19.3400402399056,1.98067246231036,30,32
27,1,0.7528,0.168643412562129,1.793,0.40535825551642,0.139,0.346119630761965,0.475,0.499624483612067,20.1981130469594,2.20391718236234,30,32
27,2,0.7496,0.172596725431364,1,0,0.571,0.495180981262613,0,0,20.063057853947,2.02576415448606,30,32
28,1,0.7547,0.172184661214516,1.801,0.399447817065707,0.128,0.334256978577453,0.501,0.500249187155011,20.9182659094195,2.25719436961611,30,32
28,2,0.7457,0.17875531730123,1,0,0.543,0.498396829242923,0,0,20.7821635477247,2.07669749854415,30,32
29,1,0.7478,0.172988684846972,1.813,0.390106630529633,0.107,0.309267920493941,0.52,0.499849827298009,21.6394935409366,2.31220748466353,30,32
29,2,0.7476,0.174827929132633,1,0,0.464,0.498951854343636,0,0,21.4987043214912,2.12789563801375,30,32
30,1,0.7468,0.174298996383055,1.822,0.382704144820072,0.095,0.293361655744341,0.547,0.498035178515573,22.3538687421074,2.36546790770841,30,32
30,2,0.7532,0.175500884785691,1,0,0.397,0.489520817361867,0,0,22.2210064999099,2.18035227782874,30,32
31,1,0.7473,0.17442228393509,1.839,0.367714854492192,0.054,0.226130792098589,0.584,0.493140129362017,23.0664277481527,2.41584312906915,30,32
31,2,0.7585,0.170988265641204,1,0,0.256,0.436640189005381,0,0,22.9521596370071,2.22549030677272,30,32
32,1,0.749,0.165911200726553,1.847,0.360167628640777,0.04,0.196057232558349,0.608,0.488440963243844,23.7796133315492,2.47031799418579,30,32
32,2,0.7583,0.173150486834693,1,0,0.239,0.426686138819931,0,0,23.6955514311625,2.28116811325999,30,32
33,1,0.7523,0.17071571062399,1.852,0.355277669185979,0.045,0.207407854282373,0.633,0.482227688487029,24.4939237623335,2.52030531632653,30,32
33,2,0.7579,0.173919055419002,1,0,0.24,0.427296831936047,0,0,24.4395168093593,2.32758932727063,30,32
34,1,0.749,0.178243571471093,1.852,0.355277669185979,0.028,0.16505527329729,0.665,0.472226638382459,25.2099568315688,2.56820408128291,30,32
34,2,0.7538,0.170336650708456,1,0,0.186,0.389301368550838,0,0,25.1829592736447,2.37254251692319,30,32
35,1,0.7434,0.173915745942358,1.853,0.354283102217022,0.022,0.146756729104793,0.687,0.463946382943381,25.9218820448009,2.61883211613433,30,32
35,2,0.754,0.172724734285029,1,0,0.155,0.362085771753194,0,0,25.924932145838,2.42194722969337,30,32
36,1,0.7501,0.168844598665455,1.855,0.352277020396022,0.014,0.117549214450024,0.707,0.45536618051669,26.6273584274736,2.66835227559807,30,32
36,2,0.7476,0.168708928935912,1,0,0.116,0.320385153598987,0,0,26.6685747061452,2.47157040766596,30,32
37,1,0.7539,0.171330511422059,1.858,0.349224795737585,0.016,0.125537881771837,0.728,0.4452125494797,27.3388423408945,2.71603902857337,30,32
37,2,0.7481,0.173107932678882,1,0,0.135,0.341894562536306,0,0,27.4077088941932,2.51183132037929,30,32
38,1,0.7498,0.168250611494485,1.859,0.34819569244929,0.01,0.0995485304256668,0.745,0.436079310636454,28.0528953185525,2.76462673834262,30,32
38,2,0.7439,0.171558218171623,1,0,0.1,0.300150112593832,0,0,28.1463208308288,2.55512955173889,30,32
39,1,0.7558,0.168031528573047,1.86,0.347160655202344,0.014,0.117549214450024,0.752,0.432067914433232,28.7622445282624,2.81345667588415,30,32
39,2,0.7449,0.172463717151561,1,0,0.112,0.315524255098646,0,0,28.8824181990679,2.59772557238221,30,32
40,1,0.7562,0.170618494515309,1.862,0.345072564941166,0.004,0.0631505185092568,0.763,0.425455064621415,29.476951588386,2.85633262119287,30,32
40,2,0.746,0.172782678107077,1,0,0.049,0.215976030257169,0,0,29.6188404005305,2.64510381968564,30,32
41,1,0.757,0.168402373378048,1.863,0.344019402576874,0.003,0.054717401199198,0.776,0.417130672569158,30.1919357805302,2.89766487580824,30,32
41,2,0.7499,0.173522621292153,1,0,0.016,0.125537881771837,0,0,30.359421992881,2.69842682951324,30,32
42,1,0.7544,0.170498415563634,1.863,0.344019402576874,0.004,0.0631505185092568,0.802,0.398691553653893,30.9070476558931,2.94280805517995,30,32
42,2,0.7471,0.173151874294134,1,0,0.023,0.149978310076802,0,0,31.1054568175232,2.75081084714748,30,32
43,1,0.7507,0.17008362189946,1.863,0.344019402576874,0.011,0.104354635210372,0.816,0.387678080750375,31.6181545761042,2.97910796351632,30,32
43,2,0.7517,0.172994326603612,1,0,0.04,0.196057232558349,0,0,31.8482802415975,2.80092588314384,30,32
44,1,0.7578,0.172536746604684,1.866,0.340822769427396,0.005,0.0705689732104696,0.826,0.379299179893482,32.3244607677894,3.01920764308428,30,32
44,2,0.7489,0.175184130215837,1,0,0.028,0.16505527329729,0,0,32.5947632921457,2.85080813314586,30,32
45,1,0.7614,0.167923310586226,1.867,0.339744648856206,0.004,0.0631505185092568,0.835,0.37136627864268,33.0375660340381,3.05883965761866,30,32
45,2,0.7404,0.177818613928518,1,0,0.037,0.188856206322871,0,0,33.3389813536059,2.89745984573432,30,32
46,1,0.7643,0.170835285274134,1.868,0.338660140392534,0.002,0.0446989708829856,0.84,0.366789496216201,33.7537856213948,3.0976268091649,30,32
46,2,0.7445,0.180948867066065,1,0,0.007,0.0834143750078963,0,0,34.0742151797819,2.93722893472182,30,32
47,1,0.7579,0.170430738532216,1.869,0.337569182469243,0,0,0.844,0.363036906933435,34.4726709652136,3.13422271788875,30,32
47,2,0.7456,0.180757609281915,1,0,0,0,0,0,34.8149497804504,2.98008732410677,30,32
48,1,0.7562,0.173527149667341,1.869,0.337569182469243,0,0,0.849,0.358228038164697,35.1850149003382,3.17090701744815,30,32
48,2,0.745,0.174715556049041,1,0,0,0,0,0,35.5570535083097,3.02022321541534,30,32
49,1,0.7559,0.173191181026013,1.869,0.337569182469243,0,0,0.851,0.356266650033266,35.8953469391071,3.20631160500634,30,32
49,2,0.7422,0.174440791071325,1,0,0,0,0,0,36.2984858990387,3.0617874841055,30,32
50,1,0.7499,0.17207440134895,1.869,0.337569182469243,0,0,0.858,0.349224795737585,36.6052098999754,3.23988533338908,30,32
50,2,0.7398,0.175347388650948,1,0,0,0,0,0,37.0370578336521,3.0974888964019,30,32
51,1,0.7491,0.172942473380888,1.869,0.337569182469243,0,0,0.864,0.342960087505269,37.3086835468845,3.27531224103521,30,32
51,2,0.7385,0.178940687854299,1,0,0,0,0,0,37.7731678817191,3.1343501038005,30,32
52,1,0.746,0.173418782356682,1.869,0.337569182469243,0,0,0.867,0.339744648856206,38.0109924424268,3.30836367544677,30,32
52,2,0.7204,0.176564478350021,1,0,0,0,0,0,38.5079109322332,3.16905615502091,30,32
53,1,0.7539,0.17764106041776,1.869,0.337569182469243,0,0,0.869,0.337569182469243,38.7099979640562,3.34334405443192,30,32
53,2,0.7213,0.178292170602352,1,0,0,0,0,0,39.2245743888359,3.19618966665687,30,32
54,1,0.7448,0.181785604507084,1.869,0.337569182469243,0,0,0.869,0.337569182469243,39.416692352435,3.37727620928359,30,32
54,2,0.7283,0.184127708433611,1,0,0,0,0,0,39.9420614214738,3.22039891052033,30,32
55,1,0.7433,0.180076476913387,1.869,0.337569182469243,0,0,0.869,0.337569182469243,40.1142650813794,3.41423790056496,30,32
55,2,0.7175,0.19245984202111,1,0,0,0,0,0,40.6664390054051,3.24499062061862,30,32
56,1,0.7435,0.177282766165184,1.869,0.337569182469243,0,0,0.869,0.337569182469243,40.8102762808151,3.45217358496731,30,32
56,2,0.6972,0.210752405861894,1,0,0,0,0,0,41.3800033914809,3.26957146565668,30,32
57,1,0.7458,0.182854575539678,1.869,0.337569182469243,0,0,0.869,0.337569182469243,41.5064167622054,3.4894718443341,30,32
57,2,0.6798,0.22987997912999,1,0,0,0,0,0,42.0733097890601,3.29662989732089,30,32
58,1,0.7387,0.185382514484718,1.869,0.337569182469243,0,0,0.869,0.337569182469243,42.2047745561884,3.52554658765033,30,32
58,2,0.6529,0.240352573024212,1,0,0,0,0,0,42.749245758804,3.32461467086564,30,32
59,1,0.7301,0.188678535052585,1.869,0.337569182469243,0,0,0.869,0.337569182469243,42.8960035772477,3.56248758041428,30,32
59,2,0.629,0.256094874186471,1,0,0,0,0,0,43.3983697111228,3.35820729633326,30,32
60,1,0.7244,0.19499400673524,1.869,0.337569182469243,0,0,0.869,0.337569182469243,43.5786140685381,3.59918401141824,30,32
60,2,0.5946,0.273615982182521,1,0,0,0,0,0,44.0236693528932,3.39781671923135,30,32
61,1,0.7208,0.20260406809442,1.869,0.337569182469243,0,0,0.869,0.337569182469243,44.2554903980842,3.63448274331303,30,32
61,2,0.5667,0.288139088174677,1,0,0,0,0,0,44.614712256995,3.45411631072751,30,32
62,1,0.7096,0.213666781446002,1.869,0.337569182469243,0,0,0.869,0.337569182469243,44.9287209342467,3.66653658964166,30,32
62,2,0.5182,0.300797671598766,1,0,0,0,0,0,45.177965737239,3.5131786778454,30,32
63,1,0.7059,0.226597741684547,1.869,0.337569182469243,0,0,0.869,0.337569182469243,45.5907533759865,3.69353936854037,30,32
63,2,0.4623,0.308681055450434,1,0,0,0,0,0,45.6929626768315,3.57471212436548,30,32
64,1,0.7015,0.229696561816912,1.869,0.337569182469243,0,0,0.869,0.337569182469243,46.2490428523679,3.72666883597211,30,32
64,2,0.4146,0.312128602124612,1,0,0,0,0,0,46.1523591972196,3.64559256905163,30,32
65,1,0.6959,0.236493380708888,1.869,0.337569182469243,0,0,0.869,0.337569182469243,46.9028945712806,3.7603119886812,30,32
65,2,0.3594,0.311879638496823,1,0,0,0,0,0,46.564314098308,3.72266509888628,30,32
66,1,0.6824,0.245133290946641,1.869,0.337569182469243,0,0,0.867,0.339744648856206,47.5511171887857,3.79910761609821,30,32
66,2,0.3047,0.301892446160962,1,0,0,0,0,0,46.9213854581538,3.80628844986958,30,32
67,1,0.6822,0.254770618533747,1.869,0.337569182469243,0,0,0.866,0.340822769427396,48.1859631372113,3.83720036325276,30,32
67,2,0.2509,0.286148686998684,1,0,0,0,0,0,47.2240809600476,3.89762054369691,30,32
68,1,0.6665,0.261564841227116,1.869,0.337569182469243,0,0,0.865,0.341894562536306,48.8205966027327,3.87544776509422,30,32
68,2,0.2053,0.271211108668995,1,0,0,0,0,0,47.4733054654465,3.98412822238068,30,32
69,1,0.6528,0.280340419402466,1.869,0.337569182469243,0,0,0.86,0.347160655202344,49.4396226691836,3.91390879129045,30,32
69,2,0.1544,0.244991144045373,1,0,0,0,0,0,47.6772140919083,4.06954605567948,30,32
70,1,0.6395,0.294918169543226,1.869,0.337569182469243,0,0,0.857,0.350248017372938,50.0452293231944,3.95461938540781,30,32
70,2,0.1152,0.210934713723117,1,0,0,0,0,0,47.830552346056,4.13907236249825,30,32
71,1,0.6257,0.305782623791825,1.869,0.337569182469243,0,0,0.847,0.360167628640777,50.6377171496859,4.00627320265271,30,32
71,2,0.0845,0.176637909155852,1,0,0,0,0,0,47.9449487218405,4.20042989289475,30,32
72,1,0.6056,0.3101045062633,1.869,0.337569182469243,0,0,0.838,0.368635174517967,51.2169398276487,4.0630997671756,30,32
72,2,0.0585,0.145357761674012,1,0,0,0,0,0,48.0288508668441,4.24544404731785,30,32
73,1,0.5748,0.321010915714728,1.869,0.337569182469243,0,0,0.818,0.386037595351832,51.7765955622595,4.12116868688248,30,32
73,2,0.0417,0.122335914906768,1,0,0,0,0,0,48.0869311586212,4.28486302256332,30,32
74,1,0.5512,0.328613065088025,1.869,0.337569182469243,0,0,0.8,0.400200150125109,52.3066120900031,4.19147345284422,30,32
74,2,0.0264,0.0923665067628498,1,0,0,0,0,0,48.1283278419082,4.3141279896183,30,32
75,1,0.5229,0.334929496712021,1.869,0.337569182469243,0,0,0.773,0.41910219117376,52.8140429844358,4.2774786897111,30,32
75,2,0.0174,0.075119124614727,1,0,0,0,0,0,48.1545331932639,4.33205379779556,30,32
76,1,0.491,0.341314364619328,1.869,0.337569182469243,0,0,0.741,0.438304815295373,53.2946745147331,4.37105164712574,30,32
76,2,0.0117,0.0612932856589273,1,0,0,0,0,0,48.171803174941,4.34408463644451,30,32
77,1,0.4673,0.350204730626748,1.869,0.337569182469243,0,0,0.714,0.452115481274871,53.7451874004536,4.47173166378374,30,32
77,2,0.0062,0.0440851846259433,1,0,0,0,0,0,48.18341458757,4.35183820505137,30,32
78,1,0.4258,0.348189022795946,1.869,0.337569182469243,0,0,0.678,0.467476774326313,54.1734766775563,4.5827043855373,30,32
78,2,0.0025,0.0233301156082497,1,0,0,0,0,0,48.1895670285293,4.35559475792064,30,32
79,1,0.3759,0.346394542652131,1.869,0.337569182469243,0,0,0.629,0.483314175865547,54.562331596555,4.68534264950786,30,32
79,2,0.0018,0.0166444296098436,1,0,0,0,0,0,48.1920476034145,4.35681513756102,30,32
80,1,0.3343,0.338508638143989,1.869,0.337569182469243,0,0,0.579,0.493966601100725,54.9040710268724,4.79738574591201,30,32
80,2,9e-04,0.013013814174152,1,0,0,0,0,0,48.1938334387304,4.3582139384103,30,32
81,1,0.2973,0.333307371361336,1.869,0.337569182469243,0,0,0.492,0.500186151533793,55.2069878508931,4.90437386349239,30,32
81,2,5e-04,0.00835582550199679,1,0,0,0,0,0,48.1947262670966,4.35898422770614,30,32
82,1,0.2487,0.315464463652925,1.869,0.337569182469243,0,0,0.29,0.453989103510322,55.4774877931516,5.00889334989873,30,32
82,2,2e-04,0.00446989708829856,1,0,0,0,0,0,48.195222233254,4.35953260427877,30,32
83,1,0.1651,0.276637883375576,1.869,0.337569182469243,0,0,0,0,55.7097751102337,5.11207002345606,30,32
83,2,2e-04,0.00446989708829856,1,0,0,0,0,0,48.1954205998784,4.35953773156254,30,32
84,1,0.0531,0.163147194297073,1.869,0.337569182469243,0,0,0,0,55.8735103834475,5.16911942941896,30,32
84,2,2e-04,0.00446989708829856,1,0,0,0,0,0,48.195618946666,4.35954736614105,30,32
