"max_value","test_value","delta_t_crit_r","delta_t_crit_K","sigmoid_bool_r","sigmoid_bool_K","DEP_EFFECT","scen","delta_t_crit_r_test","delta_t_crit_K_test","sigmoid_bool_r_test","sigmoid_bool_K_test","DEP_EFFECT_test","scen_test","stationary_test"
36.5949613555947,36.5724591500791,1,1,FALSE,TRUE,1,"SSP1_1_9",1,1,FALSE,TRUE,1,"SSP1_1_9",2
36.5949613555947,36.5753801975894,1,1,FALSE,TRUE,1,"SSP1_1_9",1,1,FALSE,TRUE,1,"SSP1_1_9",3
36.5949613555947,36.5752667937708,1,1,FALSE,TRUE,1,"SSP1_1_9",1,1,FALSE,TRUE,1,"SSP1_1_9",4
36.5949613555947,36.5042567139039,1,1,FALSE,TRUE,1,"SSP1_1_9",1,1.15,FALSE,TRUE,1,"SSP1_1_9",2
36.5949613555947,36.5754020344759,1,1,FALSE,TRUE,1,"SSP1_1_9",1,1.15,FALSE,TRUE,1,"SSP1_1_9",3
36.5949613555947,36.5755502463633,1,1,FALSE,TRUE,1,"SSP1_1_9",1,1.15,FALSE,TRUE,1,"SSP1_1_9",4
36.5949613555947,12.280163601611,1,1,FALSE,TRUE,1,"SSP1_1_9",1,1.3,FALSE,TRUE,1,"SSP1_1_9",2
36.5949613555947,36.5745027366379,1,1,FALSE,TRUE,1,"SSP1_1_9",1,1.3,FALSE,TRUE,1,"SSP1_1_9",3
36.5949613555947,36.5746705199184,1,1,FALSE,TRUE,1,"SSP1_1_9",1,1.3,FALSE,TRUE,1,"SSP1_1_9",4
36.5949613555947,5.63128124908898,1,1,FALSE,TRUE,1,"SSP1_1_9",1,1.45,FALSE,TRUE,1,"SSP1_1_9",2
36.5949613555947,36.560322504804,1,1,FALSE,TRUE,1,"SSP1_1_9",1,1.45,FALSE,TRUE,1,"SSP1_1_9",3
36.5949613555947,36.5702966673929,1,1,FALSE,TRUE,1,"SSP1_1_9",1,1.45,FALSE,TRUE,1,"SSP1_1_9",4
36.5949613555947,5.63128124908898,1,1,FALSE,TRUE,1,"SSP1_1_9",1,1.6,FALSE,TRUE,1,"SSP1_1_9",2
36.5949613555947,35.8444508976927,1,1,FALSE,TRUE,1,"SSP1_1_9",1,1.6,FALSE,TRUE,1,"SSP1_1_9",3
36.5949613555947,35.8604226054246,1,1,FALSE,TRUE,1,"SSP1_1_9",1,1.6,FALSE,TRUE,1,"SSP1_1_9",4
36.5949613555947,5.63128124908898,1,1,FALSE,TRUE,1,"SSP1_1_9",1,1.75,FALSE,TRUE,1,"SSP1_1_9",2
36.5949613555947,10.7177999118555,1,1,FALSE,TRUE,1,"SSP1_1_9",1,1.75,FALSE,TRUE,1,"SSP1_1_9",3
36.5949613555947,12.3921680849029,1,1,FALSE,TRUE,1,"SSP1_1_9",1,1.75,FALSE,TRUE,1,"SSP1_1_9",4
36.5949613555947,5.63128124908898,1,1,FALSE,TRUE,1,"SSP1_1_9",1,1.9,FALSE,TRUE,1,"SSP1_1_9",2
36.5949613555947,5.63128124908898,1,1,FALSE,TRUE,1,"SSP1_1_9",1,1.9,FALSE,TRUE,1,"SSP1_1_9",3
36.5949613555947,5.63128124908898,1,1,FALSE,TRUE,1,"SSP1_1_9",1,1.9,FALSE,TRUE,1,"SSP1_1_9",4
36.5949613555947,5.63128124908898,1,1,FALSE,TRUE,1,"SSP1_1_9",1,2.05,FALSE,TRUE,1,"SSP1_1_9",2
36.5949613555947,5.63128124908898,1,1,FALSE,TRUE,1,"SSP1_1_9",1,2.05,FALSE,TRUE,1,"SSP1_1_9",3
36.5949613555947,5.63128124908898,1,1,FALSE,TRUE,1,"SSP1_1_9",1,2.05,FALSE,TRUE,1,"SSP1_1_9",4
36.5949613555947,5.63128124908898,1,1,FALSE,TRUE,1,"SSP1_1_9",1,2.2,FALSE,TRUE,1,"SSP1_1_9",2
36.5949613555947,5.63128124908898,1,1,FALSE,TRUE,1,"SSP1_1_9",1,2.2,FALSE,TRUE,1,"SSP1_1_9",3
36.5949613555947,5.63128124908898,1,1,FALSE,TRUE,1,"SSP1_1_9",1,2.2,FALSE,TRUE,1,"SSP1_1_9",4
36.5949613555947,5.63128124908898,1,1,FALSE,TRUE,1,"SSP1_1_9",1,2.35,FALSE,TRUE,1,"SSP1_1_9",2
36.5949613555947,5.63128124908898,1,1,FALSE,TRUE,1,"SSP1_1_9",1,2.35,FALSE,TRUE,1,"SSP1_1_9",3
36.5949613555947,5.63128124908898,1,1,FALSE,TRUE,1,"SSP1_1_9",1,2.35,FALSE,TRUE,1,"SSP1_1_9",4
36.5949613555947,5.63128124908898,1,1,FALSE,TRUE,1,"SSP1_1_9",1,2.5,FALSE,TRUE,1,"SSP1_1_9",2
36.5949613555947,5.63128124908898,1,1,FALSE,TRUE,1,"SSP1_1_9",1,2.5,FALSE,TRUE,1,"SSP1_1_9",3
36.5949613555947,5.63128124908898,1,1,FALSE,TRUE,1,"SSP1_1_9",1,2.5,FALSE,TRUE,1,"SSP1_1_9",4
37.304614266596,37.2847410380616,1,1.15,FALSE,TRUE,1,"SSP1_1_9",1,1,FALSE,TRUE,1,"SSP1_1_9",2
37.304614266596,37.2847808647994,1,1.15,FALSE,TRUE,1,"SSP1_1_9",1,1,FALSE,TRUE,1,"SSP1_1_9",3
37.304614266596,37.2846115494182,1,1.15,FALSE,TRUE,1,"SSP1_1_9",1,1,FALSE,TRUE,1,"SSP1_1_9",4
37.304614266596,37.2518828739685,1,1.15,FALSE,TRUE,1,"SSP1_1_9",1,1.15,FALSE,TRUE,1,"SSP1_1_9",2
37.304614266596,37.2852428189786,1,1.15,FALSE,TRUE,1,"SSP1_1_9",1,1.15,FALSE,TRUE,1,"SSP1_1_9",3
37.304614266596,37.2851933184376,1,1.15,FALSE,TRUE,1,"SSP1_1_9",1,1.15,FALSE,TRUE,1,"SSP1_1_9",4
37.304614266596,16.6897498407017,1,1.15,FALSE,TRUE,1,"SSP1_1_9",1,1.3,FALSE,TRUE,1,"SSP1_1_9",2
37.304614266596,37.2854496695004,1,1.15,FALSE,TRUE,1,"SSP1_1_9",1,1.3,FALSE,TRUE,1,"SSP1_1_9",3
37.304614266596,37.2852249736149,1,1.15,FALSE,TRUE,1,"SSP1_1_9",1,1.3,FALSE,TRUE,1,"SSP1_1_9",4
37.304614266596,8.92448992740709,1,1.15,FALSE,TRUE,1,"SSP1_1_9",1,1.45,FALSE,TRUE,1,"SSP1_1_9",2
37.304614266596,37.2799250567409,1,1.15,FALSE,TRUE,1,"SSP1_1_9",1,1.45,FALSE,TRUE,1,"SSP1_1_9",3
37.304614266596,37.2843662231015,1,1.15,FALSE,TRUE,1,"SSP1_1_9",1,1.45,FALSE,TRUE,1,"SSP1_1_9",4
37.304614266596,8.92448992740709,1,1.15,FALSE,TRUE,1,"SSP1_1_9",1,1.6,FALSE,TRUE,1,"SSP1_1_9",2
37.304614266596,36.8793234358182,1,1.15,FALSE,TRUE,1,"SSP1_1_9",1,1.6,FALSE,TRUE,1,"SSP1_1_9",3
37.304614266596,36.888118483532,1,1.15,FALSE,TRUE,1,"SSP1_1_9",1,1.6,FALSE,TRUE,1,"SSP1_1_9",4
37.304614266596,8.92448992740709,1,1.15,FALSE,TRUE,1,"SSP1_1_9",1,1.75,FALSE,TRUE,1,"SSP1_1_9",2
37.304614266596,15.1250383111423,1,1.15,FALSE,TRUE,1,"SSP1_1_9",1,1.75,FALSE,TRUE,1,"SSP1_1_9",3
37.304614266596,16.9260615000021,1,1.15,FALSE,TRUE,1,"SSP1_1_9",1,1.75,FALSE,TRUE,1,"SSP1_1_9",4
37.304614266596,8.92448992740709,1,1.15,FALSE,TRUE,1,"SSP1_1_9",1,1.9,FALSE,TRUE,1,"SSP1_1_9",2
37.304614266596,8.92448992740709,1,1.15,FALSE,TRUE,1,"SSP1_1_9",1,1.9,FALSE,TRUE,1,"SSP1_1_9",3
37.304614266596,8.92448992740709,1,1.15,FALSE,TRUE,1,"SSP1_1_9",1,1.9,FALSE,TRUE,1,"SSP1_1_9",4
37.304614266596,8.92448992740709,1,1.15,FALSE,TRUE,1,"SSP1_1_9",1,2.05,FALSE,TRUE,1,"SSP1_1_9",2
37.304614266596,8.92448992740709,1,1.15,FALSE,TRUE,1,"SSP1_1_9",1,2.05,FALSE,TRUE,1,"SSP1_1_9",3
37.304614266596,8.92448992740709,1,1.15,FALSE,TRUE,1,"SSP1_1_9",1,2.05,FALSE,TRUE,1,"SSP1_1_9",4
37.304614266596,8.92448992740709,1,1.15,FALSE,TRUE,1,"SSP1_1_9",1,2.2,FALSE,TRUE,1,"SSP1_1_9",2
37.304614266596,8.92448992740709,1,1.15,FALSE,TRUE,1,"SSP1_1_9",1,2.2,FALSE,TRUE,1,"SSP1_1_9",3
37.304614266596,8.92448992740709,1,1.15,FALSE,TRUE,1,"SSP1_1_9",1,2.2,FALSE,TRUE,1,"SSP1_1_9",4
37.304614266596,8.92448992740709,1,1.15,FALSE,TRUE,1,"SSP1_1_9",1,2.35,FALSE,TRUE,1,"SSP1_1_9",2
37.304614266596,8.92448992740709,1,1.15,FALSE,TRUE,1,"SSP1_1_9",1,2.35,FALSE,TRUE,1,"SSP1_1_9",3
37.304614266596,8.92448992740709,1,1.15,FALSE,TRUE,1,"SSP1_1_9",1,2.35,FALSE,TRUE,1,"SSP1_1_9",4
37.304614266596,8.92448992740709,1,1.15,FALSE,TRUE,1,"SSP1_1_9",1,2.5,FALSE,TRUE,1,"SSP1_1_9",2
37.304614266596,8.92448992740709,1,1.15,FALSE,TRUE,1,"SSP1_1_9",1,2.5,FALSE,TRUE,1,"SSP1_1_9",3
37.304614266596,8.92448992740709,1,1.15,FALSE,TRUE,1,"SSP1_1_9",1,2.5,FALSE,TRUE,1,"SSP1_1_9",4
37.6631369080365,37.5958302754006,1,1.3,FALSE,TRUE,1,"SSP1_1_9",1,1,FALSE,TRUE,1,"SSP1_1_9",2
37.6631369080365,37.5944582681749,1,1.3,FALSE,TRUE,1,"SSP1_1_9",1,1,FALSE,TRUE,1,"SSP1_1_9",3
37.6631369080365,37.5942677254755,1,1.3,FALSE,TRUE,1,"SSP1_1_9",1,1,FALSE,TRUE,1,"SSP1_1_9",4
37.6631369080365,37.5865277505863,1,1.3,FALSE,TRUE,1,"SSP1_1_9",1,1.15,FALSE,TRUE,1,"SSP1_1_9",2
37.6631369080365,37.59510734657,1,1.3,FALSE,TRUE,1,"SSP1_1_9",1,1.15,FALSE,TRUE,1,"SSP1_1_9",3
37.6631369080365,37.5949725827011,1,1.3,FALSE,TRUE,1,"SSP1_1_9",1,1.15,FALSE,TRUE,1,"SSP1_1_9",4
37.6631369080365,22.6615289273921,1,1.3,FALSE,TRUE,1,"SSP1_1_9",1,1.3,FALSE,TRUE,1,"SSP1_1_9",2
37.6631369080365,37.5958418331378,1,1.3,FALSE,TRUE,1,"SSP1_1_9",1,1.3,FALSE,TRUE,1,"SSP1_1_9",3
37.6631369080365,37.5954202505462,1,1.3,FALSE,TRUE,1,"SSP1_1_9",1,1.3,FALSE,TRUE,1,"SSP1_1_9",4
37.6631369080365,13.8627998998347,1,1.3,FALSE,TRUE,1,"SSP1_1_9",1,1.45,FALSE,TRUE,1,"SSP1_1_9",2
37.6631369080365,37.59517819307,1,1.3,FALSE,TRUE,1,"SSP1_1_9",1,1.45,FALSE,TRUE,1,"SSP1_1_9",3
37.6631369080365,37.5964706783363,1,1.3,FALSE,TRUE,1,"SSP1_1_9",1,1.45,FALSE,TRUE,1,"SSP1_1_9",4
37.6631369080365,13.8627998998347,1,1.3,FALSE,TRUE,1,"SSP1_1_9",1,1.6,FALSE,TRUE,1,"SSP1_1_9",2
37.6631369080365,37.4737756128632,1,1.3,FALSE,TRUE,1,"SSP1_1_9",1,1.6,FALSE,TRUE,1,"SSP1_1_9",3
37.6631369080365,37.47601093917,1,1.3,FALSE,TRUE,1,"SSP1_1_9",1,1.6,FALSE,TRUE,1,"SSP1_1_9",4
37.6631369080365,13.8627998998347,1,1.3,FALSE,TRUE,1,"SSP1_1_9",1,1.75,FALSE,TRUE,1,"SSP1_1_9",2
37.6631369080365,21.0190020420192,1,1.3,FALSE,TRUE,1,"SSP1_1_9",1,1.75,FALSE,TRUE,1,"SSP1_1_9",3
37.6631369080365,23.1765468814058,1,1.3,FALSE,TRUE,1,"SSP1_1_9",1,1.75,FALSE,TRUE,1,"SSP1_1_9",4
37.6631369080365,13.8627998998347,1,1.3,FALSE,TRUE,1,"SSP1_1_9",1,1.9,FALSE,TRUE,1,"SSP1_1_9",2
37.6631369080365,13.8627998998347,1,1.3,FALSE,TRUE,1,"SSP1_1_9",1,1.9,FALSE,TRUE,1,"SSP1_1_9",3
37.6631369080365,13.8627998998347,1,1.3,FALSE,TRUE,1,"SSP1_1_9",1,1.9,FALSE,TRUE,1,"SSP1_1_9",4
37.6631369080365,13.8627998998347,1,1.3,FALSE,TRUE,1,"SSP1_1_9",1,2.05,FALSE,TRUE,1,"SSP1_1_9",2
37.6631369080365,13.8627998998347,1,1.3,FALSE,TRUE,1,"SSP1_1_9",1,2.05,FALSE,TRUE,1,"SSP1_1_9",3
37.6631369080365,13.8627998998347,1,1.3,FALSE,TRUE,1,"SSP1_1_9",1,2.05,FALSE,TRUE,1,"SSP1_1_9",4
37.6631369080365,13.8627998998347,1,1.3,FALSE,TRUE,1,"SSP1_1_9",1,2.2,FALSE,TRUE,1,"SSP1_1_9",2
37.6631369080365,13.8627998998347,1,1.3,FALSE,TRUE,1,"SSP1_1_9",1,2.2,FALSE,TRUE,1,"SSP1_1_9",3
37.6631369080365,13.8627998998347,1,1.3,FALSE,TRUE,1,"SSP1_1_9",1,2.2,FALSE,TRUE,1,"SSP1_1_9",4
37.6631369080365,13.8627998998347,1,1.3,FALSE,TRUE,1,"SSP1_1_9",1,2.35,FALSE,TRUE,1,"SSP1_1_9",2
37.6631369080365,13.8627998998347,1,1.3,FALSE,TRUE,1,"SSP1_1_9",1,2.35,FALSE,TRUE,1,"SSP1_1_9",3
37.6631369080365,13.8627998998347,1,1.3,FALSE,TRUE,1,"SSP1_1_9",1,2.35,FALSE,TRUE,1,"SSP1_1_9",4
37.6631369080365,13.8627998998347,1,1.3,FALSE,TRUE,1,"SSP1_1_9",1,2.5,FALSE,TRUE,1,"SSP1_1_9",2
37.6631369080365,13.8627998998347,1,1.3,FALSE,TRUE,1,"SSP1_1_9",1,2.5,FALSE,TRUE,1,"SSP1_1_9",3
37.6631369080365,13.8627998998347,1,1.3,FALSE,TRUE,1,"SSP1_1_9",1,2.5,FALSE,TRUE,1,"SSP1_1_9",4
37.9058252714273,37.7425986325097,1,1.45,FALSE,TRUE,1,"SSP1_1_9",1,1,FALSE,TRUE,1,"SSP1_1_9",2
37.9058252714273,37.7405878554691,1,1.45,FALSE,TRUE,1,"SSP1_1_9",1,1,FALSE,TRUE,1,"SSP1_1_9",3
37.9058252714273,37.7403914742034,1,1.45,FALSE,TRUE,1,"SSP1_1_9",1,1,FALSE,TRUE,1,"SSP1_1_9",4
37.9058252714273,37.7435106707986,1,1.45,FALSE,TRUE,1,"SSP1_1_9",1,1.15,FALSE,TRUE,1,"SSP1_1_9",2
37.9058252714273,37.7413120075866,1,1.45,FALSE,TRUE,1,"SSP1_1_9",1,1.15,FALSE,TRUE,1,"SSP1_1_9",3
37.9058252714273,37.7411424966707,1,1.45,FALSE,TRUE,1,"SSP1_1_9",1,1.15,FALSE,TRUE,1,"SSP1_1_9",4
37.9058252714273,30.679712327313,1,1.45,FALSE,TRUE,1,"SSP1_1_9",1,1.3,FALSE,TRUE,1,"SSP1_1_9",2
37.9058252714273,37.7422839870523,1,1.45,FALSE,TRUE,1,"SSP1_1_9",1,1.3,FALSE,TRUE,1,"SSP1_1_9",3
37.9058252714273,37.7417724083755,1,1.45,FALSE,TRUE,1,"SSP1_1_9",1,1.3,FALSE,TRUE,1,"SSP1_1_9",4
37.9058252714273,20.4699204769442,1,1.45,FALSE,TRUE,1,"SSP1_1_9",1,1.45,FALSE,TRUE,1,"SSP1_1_9",2
37.9058252714273,37.7438558066606,1,1.45,FALSE,TRUE,1,"SSP1_1_9",1,1.45,FALSE,TRUE,1,"SSP1_1_9",3
37.9058252714273,37.7436997367094,1,1.45,FALSE,TRUE,1,"SSP1_1_9",1,1.45,FALSE,TRUE,1,"SSP1_1_9",4
37.9058252714273,20.4699204769442,1,1.45,FALSE,TRUE,1,"SSP1_1_9",1,1.6,FALSE,TRUE,1,"SSP1_1_9",2
37.9058252714273,37.7187821877439,1,1.45,FALSE,TRUE,1,"SSP1_1_9",1,1.6,FALSE,TRUE,1,"SSP1_1_9",3
37.9058252714273,37.7167569790945,1,1.45,FALSE,TRUE,1,"SSP1_1_9",1,1.6,FALSE,TRUE,1,"SSP1_1_9",4
37.9058252714273,20.4699204769442,1,1.45,FALSE,TRUE,1,"SSP1_1_9",1,1.75,FALSE,TRUE,1,"SSP1_1_9",2
37.9058252714273,29.833239712341,1,1.45,FALSE,TRUE,1,"SSP1_1_9",1,1.75,FALSE,TRUE,1,"SSP1_1_9",3
37.9058252714273,31.2416464914478,1,1.45,FALSE,TRUE,1,"SSP1_1_9",1,1.75,FALSE,TRUE,1,"SSP1_1_9",4
37.9058252714273,20.4699204769442,1,1.45,FALSE,TRUE,1,"SSP1_1_9",1,1.9,FALSE,TRUE,1,"SSP1_1_9",2
37.9058252714273,20.4699204769442,1,1.45,FALSE,TRUE,1,"SSP1_1_9",1,1.9,FALSE,TRUE,1,"SSP1_1_9",3
37.9058252714273,20.4699204769442,1,1.45,FALSE,TRUE,1,"SSP1_1_9",1,1.9,FALSE,TRUE,1,"SSP1_1_9",4
37.9058252714273,20.4699204769442,1,1.45,FALSE,TRUE,1,"SSP1_1_9",1,2.05,FALSE,TRUE,1,"SSP1_1_9",2
37.9058252714273,20.4699204769442,1,1.45,FALSE,TRUE,1,"SSP1_1_9",1,2.05,FALSE,TRUE,1,"SSP1_1_9",3
37.9058252714273,20.4699204769442,1,1.45,FALSE,TRUE,1,"SSP1_1_9",1,2.05,FALSE,TRUE,1,"SSP1_1_9",4
37.9058252714273,20.4699204769442,1,1.45,FALSE,TRUE,1,"SSP1_1_9",1,2.2,FALSE,TRUE,1,"SSP1_1_9",2
37.9058252714273,20.4699204769442,1,1.45,FALSE,TRUE,1,"SSP1_1_9",1,2.2,FALSE,TRUE,1,"SSP1_1_9",3
37.9058252714273,20.4699204769442,1,1.45,FALSE,TRUE,1,"SSP1_1_9",1,2.2,FALSE,TRUE,1,"SSP1_1_9",4
37.9058252714273,20.4699204769442,1,1.45,FALSE,TRUE,1,"SSP1_1_9",1,2.35,FALSE,TRUE,1,"SSP1_1_9",2
37.9058252714273,20.4699204769442,1,1.45,FALSE,TRUE,1,"SSP1_1_9",1,2.35,FALSE,TRUE,1,"SSP1_1_9",3
37.9058252714273,20.4699204769442,1,1.45,FALSE,TRUE,1,"SSP1_1_9",1,2.35,FALSE,TRUE,1,"SSP1_1_9",4
37.9058252714273,20.4699204769442,1,1.45,FALSE,TRUE,1,"SSP1_1_9",1,2.5,FALSE,TRUE,1,"SSP1_1_9",2
37.9058252714273,20.4699204769442,1,1.45,FALSE,TRUE,1,"SSP1_1_9",1,2.5,FALSE,TRUE,1,"SSP1_1_9",3
37.9058252714273,20.4699204769442,1,1.45,FALSE,TRUE,1,"SSP1_1_9",1,2.5,FALSE,TRUE,1,"SSP1_1_9",4
38.0502125801741,37.8148866235957,1,1.6,FALSE,TRUE,1,"SSP1_1_9",1,1,FALSE,TRUE,1,"SSP1_1_9",2
38.0502125801741,37.8125447433762,1,1.6,FALSE,TRUE,1,"SSP1_1_9",1,1,FALSE,TRUE,1,"SSP1_1_9",3
38.0502125801741,37.8123438907913,1,1.6,FALSE,TRUE,1,"SSP1_1_9",1,1,FALSE,TRUE,1,"SSP1_1_9",4
38.0502125801741,37.8201178552355,1,1.6,FALSE,TRUE,1,"SSP1_1_9",1,1.15,FALSE,TRUE,1,"SSP1_1_9",2
38.0502125801741,37.813314169889,1,1.6,FALSE,TRUE,1,"SSP1_1_9",1,1.15,FALSE,TRUE,1,"SSP1_1_9",3
38.0502125801741,37.8131242095002,1,1.6,FALSE,TRUE,1,"SSP1_1_9",1,1.15,FALSE,TRUE,1,"SSP1_1_9",4
38.0502125801741,35.3204575084019,1,1.6,FALSE,TRUE,1,"SSP1_1_9",1,1.3,FALSE,TRUE,1,"SSP1_1_9",2
38.0502125801741,37.8144139705701,1,1.6,FALSE,TRUE,1,"SSP1_1_9",1,1.3,FALSE,TRUE,1,"SSP1_1_9",3
38.0502125801741,37.8138522882203,1,1.6,FALSE,TRUE,1,"SSP1_1_9",1,1.3,FALSE,TRUE,1,"SSP1_1_9",4
38.0502125801741,28.6065969999236,1,1.6,FALSE,TRUE,1,"SSP1_1_9",1,1.45,FALSE,TRUE,1,"SSP1_1_9",2
38.0502125801741,37.8170755349397,1,1.6,FALSE,TRUE,1,"SSP1_1_9",1,1.45,FALSE,TRUE,1,"SSP1_1_9",3
38.0502125801741,37.816216202495,1,1.6,FALSE,TRUE,1,"SSP1_1_9",1,1.45,FALSE,TRUE,1,"SSP1_1_9",4
38.0502125801741,28.6065969999236,1,1.6,FALSE,TRUE,1,"SSP1_1_9",1,1.6,FALSE,TRUE,1,"SSP1_1_9",2
38.0502125801741,37.8242298224023,1,1.6,FALSE,TRUE,1,"SSP1_1_9",1,1.6,FALSE,TRUE,1,"SSP1_1_9",3
38.0502125801741,37.8202198346442,1,1.6,FALSE,TRUE,1,"SSP1_1_9",1,1.6,FALSE,TRUE,1,"SSP1_1_9",4
38.0502125801741,28.6065969999236,1,1.6,FALSE,TRUE,1,"SSP1_1_9",1,1.75,FALSE,TRUE,1,"SSP1_1_9",2
38.0502125801741,35.1236001462222,1,1.6,FALSE,TRUE,1,"SSP1_1_9",1,1.75,FALSE,TRUE,1,"SSP1_1_9",3
38.0502125801741,35.5731856037627,1,1.6,FALSE,TRUE,1,"SSP1_1_9",1,1.75,FALSE,TRUE,1,"SSP1_1_9",4
38.0502125801741,28.6065969999236,1,1.6,FALSE,TRUE,1,"SSP1_1_9",1,1.9,FALSE,TRUE,1,"SSP1_1_9",2
38.0502125801741,28.6065969999236,1,1.6,FALSE,TRUE,1,"SSP1_1_9",1,1.9,FALSE,TRUE,1,"SSP1_1_9",3
38.0502125801741,28.6065969999236,1,1.6,FALSE,TRUE,1,"SSP1_1_9",1,1.9,FALSE,TRUE,1,"SSP1_1_9",4
38.0502125801741,28.6065969999236,1,1.6,FALSE,TRUE,1,"SSP1_1_9",1,2.05,FALSE,TRUE,1,"SSP1_1_9",2
38.0502125801741,28.6065969999236,1,1.6,FALSE,TRUE,1,"SSP1_1_9",1,2.05,FALSE,TRUE,1,"SSP1_1_9",3
38.0502125801741,28.6065969999236,1,1.6,FALSE,TRUE,1,"SSP1_1_9",1,2.05,FALSE,TRUE,1,"SSP1_1_9",4
38.0502125801741,28.6065969999236,1,1.6,FALSE,TRUE,1,"SSP1_1_9",1,2.2,FALSE,TRUE,1,"SSP1_1_9",2
38.0502125801741,28.6065969999236,1,1.6,FALSE,TRUE,1,"SSP1_1_9",1,2.2,FALSE,TRUE,1,"SSP1_1_9",3
38.0502125801741,28.6065969999236,1,1.6,FALSE,TRUE,1,"SSP1_1_9",1,2.2,FALSE,TRUE,1,"SSP1_1_9",4
38.0502125801741,28.6065969999236,1,1.6,FALSE,TRUE,1,"SSP1_1_9",1,2.35,FALSE,TRUE,1,"SSP1_1_9",2
38.0502125801741,28.6065969999236,1,1.6,FALSE,TRUE,1,"SSP1_1_9",1,2.35,FALSE,TRUE,1,"SSP1_1_9",3
38.0502125801741,28.6065969999236,1,1.6,FALSE,TRUE,1,"SSP1_1_9",1,2.35,FALSE,TRUE,1,"SSP1_1_9",4
38.0502125801741,28.6065969999236,1,1.6,FALSE,TRUE,1,"SSP1_1_9",1,2.5,FALSE,TRUE,1,"SSP1_1_9",2
38.0502125801741,28.6065969999236,1,1.6,FALSE,TRUE,1,"SSP1_1_9",1,2.5,FALSE,TRUE,1,"SSP1_1_9",3
38.0502125801741,28.6065969999236,1,1.6,FALSE,TRUE,1,"SSP1_1_9",1,2.5,FALSE,TRUE,1,"SSP1_1_9",4
38.2923351109446,37.8342192367547,1,1.75,FALSE,TRUE,1,"SSP1_1_9",1,1,FALSE,TRUE,1,"SSP1_1_9",2
38.2923351109446,37.8316951045741,1,1.75,FALSE,TRUE,1,"SSP1_1_9",1,1,FALSE,TRUE,1,"SSP1_1_9",3
38.2923351109446,37.8314921834635,1,1.75,FALSE,TRUE,1,"SSP1_1_9",1,1,FALSE,TRUE,1,"SSP1_1_9",4
38.2923351109446,37.8416086166584,1,1.75,FALSE,TRUE,1,"SSP1_1_9",1,1.15,FALSE,TRUE,1,"SSP1_1_9",2
38.2923351109446,37.8324874017551,1,1.75,FALSE,TRUE,1,"SSP1_1_9",1,1.15,FALSE,TRUE,1,"SSP1_1_9",3
38.2923351109446,37.8322861046676,1,1.75,FALSE,TRUE,1,"SSP1_1_9",1,1.15,FALSE,TRUE,1,"SSP1_1_9",4
38.2923351109446,37.6272373604912,1,1.75,FALSE,TRUE,1,"SSP1_1_9",1,1.3,FALSE,TRUE,1,"SSP1_1_9",2
38.2923351109446,37.8336580897223,1,1.75,FALSE,TRUE,1,"SSP1_1_9",1,1.3,FALSE,TRUE,1,"SSP1_1_9",3
38.2923351109446,37.8330678832543,1,1.75,FALSE,TRUE,1,"SSP1_1_9",1,1.3,FALSE,TRUE,1,"SSP1_1_9",4
38.2923351109446,35.0811205697866,1,1.75,FALSE,TRUE,1,"SSP1_1_9",1,1.45,FALSE,TRUE,1,"SSP1_1_9",2
38.2923351109446,37.8368683932769,1,1.75,FALSE,TRUE,1,"SSP1_1_9",1,1.45,FALSE,TRUE,1,"SSP1_1_9",3
38.2923351109446,37.8356694991221,1,1.75,FALSE,TRUE,1,"SSP1_1_9",1,1.45,FALSE,TRUE,1,"SSP1_1_9",4
38.2923351109446,35.0811205697866,1,1.75,FALSE,TRUE,1,"SSP1_1_9",1,1.6,FALSE,TRUE,1,"SSP1_1_9",2
38.2923351109446,37.8575165866684,1,1.75,FALSE,TRUE,1,"SSP1_1_9",1,1.6,FALSE,TRUE,1,"SSP1_1_9",3
38.2923351109446,37.852657032829,1,1.75,FALSE,TRUE,1,"SSP1_1_9",1,1.6,FALSE,TRUE,1,"SSP1_1_9",4
38.2923351109446,35.0811205697866,1,1.75,FALSE,TRUE,1,"SSP1_1_9",1,1.75,FALSE,TRUE,1,"SSP1_1_9",2
38.2923351109446,37.6045179967871,1,1.75,FALSE,TRUE,1,"SSP1_1_9",1,1.75,FALSE,TRUE,1,"SSP1_1_9",3
38.2923351109446,37.6656633393144,1,1.75,FALSE,TRUE,1,"SSP1_1_9",1,1.75,FALSE,TRUE,1,"SSP1_1_9",4
38.2923351109446,35.0811205697866,1,1.75,FALSE,TRUE,1,"SSP1_1_9",1,1.9,FALSE,TRUE,1,"SSP1_1_9",2
38.2923351109446,35.0811205697866,1,1.75,FALSE,TRUE,1,"SSP1_1_9",1,1.9,FALSE,TRUE,1,"SSP1_1_9",3
38.2923351109446,35.0811205697866,1,1.75,FALSE,TRUE,1,"SSP1_1_9",1,1.9,FALSE,TRUE,1,"SSP1_1_9",4
38.2923351109446,35.0811205697866,1,1.75,FALSE,TRUE,1,"SSP1_1_9",1,2.05,FALSE,TRUE,1,"SSP1_1_9",2
38.2923351109446,35.0811205697866,1,1.75,FALSE,TRUE,1,"SSP1_1_9",1,2.05,FALSE,TRUE,1,"SSP1_1_9",3
38.2923351109446,35.0811205697866,1,1.75,FALSE,TRUE,1,"SSP1_1_9",1,2.05,FALSE,TRUE,1,"SSP1_1_9",4
38.2923351109446,35.0811205697866,1,1.75,FALSE,TRUE,1,"SSP1_1_9",1,2.2,FALSE,TRUE,1,"SSP1_1_9",2
38.2923351109446,35.0811205697866,1,1.75,FALSE,TRUE,1,"SSP1_1_9",1,2.2,FALSE,TRUE,1,"SSP1_1_9",3
38.2923351109446,35.0811205697866,1,1.75,FALSE,TRUE,1,"SSP1_1_9",1,2.2,FALSE,TRUE,1,"SSP1_1_9",4
38.2923351109446,35.0811205697866,1,1.75,FALSE,TRUE,1,"SSP1_1_9",1,2.35,FALSE,TRUE,1,"SSP1_1_9",2
38.2923351109446,35.0811205697866,1,1.75,FALSE,TRUE,1,"SSP1_1_9",1,2.35,FALSE,TRUE,1,"SSP1_1_9",3
38.2923351109446,35.0811205697866,1,1.75,FALSE,TRUE,1,"SSP1_1_9",1,2.35,FALSE,TRUE,1,"SSP1_1_9",4
38.2923351109446,35.0811205697866,1,1.75,FALSE,TRUE,1,"SSP1_1_9",1,2.5,FALSE,TRUE,1,"SSP1_1_9",2
38.2923351109446,35.0811205697866,1,1.75,FALSE,TRUE,1,"SSP1_1_9",1,2.5,FALSE,TRUE,1,"SSP1_1_9",3
38.2923351109446,35.0811205697866,1,1.75,FALSE,TRUE,1,"SSP1_1_9",1,2.5,FALSE,TRUE,1,"SSP1_1_9",4
38.7583790388042,37.8417313293284,1,1.9,FALSE,TRUE,1,"SSP1_1_9",1,1,FALSE,TRUE,1,"SSP1_1_9",2
38.7583790388042,37.8391221225466,1,1.9,FALSE,TRUE,1,"SSP1_1_9",1,1,FALSE,TRUE,1,"SSP1_1_9",3
38.7583790388042,37.838917621274,1,1.9,FALSE,TRUE,1,"SSP1_1_9",1,1,FALSE,TRUE,1,"SSP1_1_9",4
38.7583790388042,37.8501777598804,1,1.9,FALSE,TRUE,1,"SSP1_1_9",1,1.15,FALSE,TRUE,1,"SSP1_1_9",2
38.7583790388042,37.8399299272414,1,1.9,FALSE,TRUE,1,"SSP1_1_9",1,1.15,FALSE,TRUE,1,"SSP1_1_9",3
38.7583790388042,37.8397218535835,1,1.9,FALSE,TRUE,1,"SSP1_1_9",1,1.15,FALSE,TRUE,1,"SSP1_1_9",4
38.7583790388042,38.1860010595554,1,1.9,FALSE,TRUE,1,"SSP1_1_9",1,1.3,FALSE,TRUE,1,"SSP1_1_9",2
38.7583790388042,37.8411372367052,1,1.9,FALSE,TRUE,1,"SSP1_1_9",1,1.3,FALSE,TRUE,1,"SSP1_1_9",3
38.7583790388042,37.8405349427284,1,1.9,FALSE,TRUE,1,"SSP1_1_9",1,1.3,FALSE,TRUE,1,"SSP1_1_9",4
38.7583790388042,38.3993751754348,1,1.9,FALSE,TRUE,1,"SSP1_1_9",1,1.45,FALSE,TRUE,1,"SSP1_1_9",2
38.7583790388042,37.8446166044069,1,1.9,FALSE,TRUE,1,"SSP1_1_9",1,1.45,FALSE,TRUE,1,"SSP1_1_9",3
38.7583790388042,37.8432397879949,1,1.9,FALSE,TRUE,1,"SSP1_1_9",1,1.45,FALSE,TRUE,1,"SSP1_1_9",4
38.7583790388042,38.3993751754348,1,1.9,FALSE,TRUE,1,"SSP1_1_9",1,1.6,FALSE,TRUE,1,"SSP1_1_9",2
38.7583790388042,37.871604691035,1,1.9,FALSE,TRUE,1,"SSP1_1_9",1,1.6,FALSE,TRUE,1,"SSP1_1_9",3
38.7583790388042,37.8663234201742,1,1.9,FALSE,TRUE,1,"SSP1_1_9",1,1.6,FALSE,TRUE,1,"SSP1_1_9",4
38.7583790388042,38.3993751754348,1,1.9,FALSE,TRUE,1,"SSP1_1_9",1,1.75,FALSE,TRUE,1,"SSP1_1_9",2
38.7583790388042,38.2203659243117,1,1.9,FALSE,TRUE,1,"SSP1_1_9",1,1.75,FALSE,TRUE,1,"SSP1_1_9",3
38.7583790388042,38.15351845654,1,1.9,FALSE,TRUE,1,"SSP1_1_9",1,1.75,FALSE,TRUE,1,"SSP1_1_9",4
38.7583790388042,38.3993751754348,1,1.9,FALSE,TRUE,1,"SSP1_1_9",1,1.9,FALSE,TRUE,1,"SSP1_1_9",2
38.7583790388042,38.3993751754348,1,1.9,FALSE,TRUE,1,"SSP1_1_9",1,1.9,FALSE,TRUE,1,"SSP1_1_9",3
38.7583790388042,38.3993751754348,1,1.9,FALSE,TRUE,1,"SSP1_1_9",1,1.9,FALSE,TRUE,1,"SSP1_1_9",4
38.7583790388042,38.3993751754348,1,1.9,FALSE,TRUE,1,"SSP1_1_9",1,2.05,FALSE,TRUE,1,"SSP1_1_9",2
38.7583790388042,38.3993751754348,1,1.9,FALSE,TRUE,1,"SSP1_1_9",1,2.05,FALSE,TRUE,1,"SSP1_1_9",3
38.7583790388042,38.3993751754348,1,1.9,FALSE,TRUE,1,"SSP1_1_9",1,2.05,FALSE,TRUE,1,"SSP1_1_9",4
38.7583790388042,38.3993751754348,1,1.9,FALSE,TRUE,1,"SSP1_1_9",1,2.2,FALSE,TRUE,1,"SSP1_1_9",2
38.7583790388042,38.3993751754348,1,1.9,FALSE,TRUE,1,"SSP1_1_9",1,2.2,FALSE,TRUE,1,"SSP1_1_9",3
38.7583790388042,38.3993751754348,1,1.9,FALSE,TRUE,1,"SSP1_1_9",1,2.2,FALSE,TRUE,1,"SSP1_1_9",4
38.7583790388042,38.3993751754348,1,1.9,FALSE,TRUE,1,"SSP1_1_9",1,2.35,FALSE,TRUE,1,"SSP1_1_9",2
38.7583790388042,38.3993751754348,1,1.9,FALSE,TRUE,1,"SSP1_1_9",1,2.35,FALSE,TRUE,1,"SSP1_1_9",3
38.7583790388042,38.3993751754348,1,1.9,FALSE,TRUE,1,"SSP1_1_9",1,2.35,FALSE,TRUE,1,"SSP1_1_9",4
38.7583790388042,38.3993751754348,1,1.9,FALSE,TRUE,1,"SSP1_1_9",1,2.5,FALSE,TRUE,1,"SSP1_1_9",2
38.7583790388042,38.3993751754348,1,1.9,FALSE,TRUE,1,"SSP1_1_9",1,2.5,FALSE,TRUE,1,"SSP1_1_9",3
38.7583790388042,38.3993751754348,1,1.9,FALSE,TRUE,1,"SSP1_1_9",1,2.5,FALSE,TRUE,1,"SSP1_1_9",4
39.6142999653304,37.845325698433,1,2.05,FALSE,TRUE,1,"SSP1_1_9",1,1,FALSE,TRUE,1,"SSP1_1_9",2
39.6142999653304,37.8426655164832,1,2.05,FALSE,TRUE,1,"SSP1_1_9",1,1,FALSE,TRUE,1,"SSP1_1_9",3
39.6142999653304,37.8424605023745,1,2.05,FALSE,TRUE,1,"SSP1_1_9",1,1,FALSE,TRUE,1,"SSP1_1_9",4
39.6142999653304,37.854250603822,1,2.05,FALSE,TRUE,1,"SSP1_1_9",1,1.15,FALSE,TRUE,1,"SSP1_1_9",2
39.6142999653304,37.8434782642846,1,2.05,FALSE,TRUE,1,"SSP1_1_9",1,1.15,FALSE,TRUE,1,"SSP1_1_9",3
39.6142999653304,37.843267957134,1,2.05,FALSE,TRUE,1,"SSP1_1_9",1,1.15,FALSE,TRUE,1,"SSP1_1_9",4
39.6142999653304,38.2386437448634,1,2.05,FALSE,TRUE,1,"SSP1_1_9",1,1.3,FALSE,TRUE,1,"SSP1_1_9",2
39.6142999653304,37.8447032741839,1,2.05,FALSE,TRUE,1,"SSP1_1_9",1,1.3,FALSE,TRUE,1,"SSP1_1_9",3
39.6142999653304,37.8440914572455,1,2.05,FALSE,TRUE,1,"SSP1_1_9",1,1.3,FALSE,TRUE,1,"SSP1_1_9",4
39.6142999653304,39.6142999653304,1,2.05,FALSE,TRUE,1,"SSP1_1_9",1,1.45,FALSE,TRUE,1,"SSP1_1_9",2
39.6142999653304,37.8483284032995,1,2.05,FALSE,TRUE,1,"SSP1_1_9",1,1.45,FALSE,TRUE,1,"SSP1_1_9",3
39.6142999653304,37.8468692643424,1,2.05,FALSE,TRUE,1,"SSP1_1_9",1,1.45,FALSE,TRUE,1,"SSP1_1_9",4
39.6142999653304,39.6142999653304,1,2.05,FALSE,TRUE,1,"SSP1_1_9",1,1.6,FALSE,TRUE,1,"SSP1_1_9",2
39.6142999653304,37.8785342329639,1,2.05,FALSE,TRUE,1,"SSP1_1_9",1,1.6,FALSE,TRUE,1,"SSP1_1_9",3
39.6142999653304,37.8730756396399,1,2.05,FALSE,TRUE,1,"SSP1_1_9",1,1.6,FALSE,TRUE,1,"SSP1_1_9",4
39.6142999653304,39.6142999653304,1,2.05,FALSE,TRUE,1,"SSP1_1_9",1,1.75,FALSE,TRUE,1,"SSP1_1_9",2
39.6142999653304,38.2961840780433,1,2.05,FALSE,TRUE,1,"SSP1_1_9",1,1.75,FALSE,TRUE,1,"SSP1_1_9",3
39.6142999653304,38.1944902695628,1,2.05,FALSE,TRUE,1,"SSP1_1_9",1,1.75,FALSE,TRUE,1,"SSP1_1_9",4
39.6142999653304,39.6142999653304,1,2.05,FALSE,TRUE,1,"SSP1_1_9",1,1.9,FALSE,TRUE,1,"SSP1_1_9",2
39.6142999653304,39.6142999653304,1,2.05,FALSE,TRUE,1,"SSP1_1_9",1,1.9,FALSE,TRUE,1,"SSP1_1_9",3
39.6142999653304,39.6142999653304,1,2.05,FALSE,TRUE,1,"SSP1_1_9",1,1.9,FALSE,TRUE,1,"SSP1_1_9",4
39.6142999653304,39.6142999653304,1,2.05,FALSE,TRUE,1,"SSP1_1_9",1,2.05,FALSE,TRUE,1,"SSP1_1_9",2
39.6142999653304,39.6142999653304,1,2.05,FALSE,TRUE,1,"SSP1_1_9",1,2.05,FALSE,TRUE,1,"SSP1_1_9",3
39.6142999653304,39.6142999653304,1,2.05,FALSE,TRUE,1,"SSP1_1_9",1,2.05,FALSE,TRUE,1,"SSP1_1_9",4
39.6142999653304,39.6142999653304,1,2.05,FALSE,TRUE,1,"SSP1_1_9",1,2.2,FALSE,TRUE,1,"SSP1_1_9",2
39.6142999653304,39.6142999653304,1,2.05,FALSE,TRUE,1,"SSP1_1_9",1,2.2,FALSE,TRUE,1,"SSP1_1_9",3
39.6142999653304,39.6142999653304,1,2.05,FALSE,TRUE,1,"SSP1_1_9",1,2.2,FALSE,TRUE,1,"SSP1_1_9",4
39.6142999653304,39.6142999653304,1,2.05,FALSE,TRUE,1,"SSP1_1_9",1,2.35,FALSE,TRUE,1,"SSP1_1_9",2
39.6142999653304,39.6142999653304,1,2.05,FALSE,TRUE,1,"SSP1_1_9",1,2.35,FALSE,TRUE,1,"SSP1_1_9",3
39.6142999653304,39.6142999653304,1,2.05,FALSE,TRUE,1,"SSP1_1_9",1,2.35,FALSE,TRUE,1,"SSP1_1_9",4
39.6142999653304,39.6142999653304,1,2.05,FALSE,TRUE,1,"SSP1_1_9",1,2.5,FALSE,TRUE,1,"SSP1_1_9",2
39.6142999653304,39.6142999653304,1,2.05,FALSE,TRUE,1,"SSP1_1_9",1,2.5,FALSE,TRUE,1,"SSP1_1_9",3
39.6142999653304,39.6142999653304,1,2.05,FALSE,TRUE,1,"SSP1_1_9",1,2.5,FALSE,TRUE,1,"SSP1_1_9",4
40.149734899207,37.8514467634053,1,2.2,FALSE,TRUE,1,"SSP1_1_9",1,1,FALSE,TRUE,1,"SSP1_1_9",2
40.149734899207,37.8487849502487,1,2.2,FALSE,TRUE,1,"SSP1_1_9",1,1,FALSE,TRUE,1,"SSP1_1_9",3
40.149734899207,37.8485799309125,1,2.2,FALSE,TRUE,1,"SSP1_1_9",1,1,FALSE,TRUE,1,"SSP1_1_9",4
40.149734899207,37.860616312745,1,2.2,FALSE,TRUE,1,"SSP1_1_9",1,1.15,FALSE,TRUE,1,"SSP1_1_9",2
40.149734899207,37.8495976922413,1,2.2,FALSE,TRUE,1,"SSP1_1_9",1,1.15,FALSE,TRUE,1,"SSP1_1_9",3
40.149734899207,37.8493873889309,1,2.2,FALSE,TRUE,1,"SSP1_1_9",1,1.15,FALSE,TRUE,1,"SSP1_1_9",4
40.149734899207,38.3072108711962,1,2.2,FALSE,TRUE,1,"SSP1_1_9",1,1.3,FALSE,TRUE,1,"SSP1_1_9",2
40.149734899207,37.8508232923212,1,2.2,FALSE,TRUE,1,"SSP1_1_9",1,1.3,FALSE,TRUE,1,"SSP1_1_9",3
40.149734899207,37.8502112488909,1,2.2,FALSE,TRUE,1,"SSP1_1_9",1,1.3,FALSE,TRUE,1,"SSP1_1_9",4
40.149734899207,40.149734899207,1,2.2,FALSE,TRUE,1,"SSP1_1_9",1,1.45,FALSE,TRUE,1,"SSP1_1_9",2
40.149734899207,37.8544811842205,1,2.2,FALSE,TRUE,1,"SSP1_1_9",1,1.45,FALSE,TRUE,1,"SSP1_1_9",3
40.149734899207,37.8529916579616,1,2.2,FALSE,TRUE,1,"SSP1_1_9",1,1.45,FALSE,TRUE,1,"SSP1_1_9",4
40.149734899207,40.149734899207,1,2.2,FALSE,TRUE,1,"SSP1_1_9",1,1.6,FALSE,TRUE,1,"SSP1_1_9",2
40.149734899207,37.8860664909617,1,2.2,FALSE,TRUE,1,"SSP1_1_9",1,1.6,FALSE,TRUE,1,"SSP1_1_9",3
40.149734899207,37.8805301197402,1,2.2,FALSE,TRUE,1,"SSP1_1_9",1,1.6,FALSE,TRUE,1,"SSP1_1_9",4
40.149734899207,40.149734899207,1,2.2,FALSE,TRUE,1,"SSP1_1_9",1,1.75,FALSE,TRUE,1,"SSP1_1_9",2
40.149734899207,38.3749544761497,1,2.2,FALSE,TRUE,1,"SSP1_1_9",1,1.75,FALSE,TRUE,1,"SSP1_1_9",3
40.149734899207,38.25348648464,1,2.2,FALSE,TRUE,1,"SSP1_1_9",1,1.75,FALSE,TRUE,1,"SSP1_1_9",4
40.149734899207,40.149734899207,1,2.2,FALSE,TRUE,1,"SSP1_1_9",1,1.9,FALSE,TRUE,1,"SSP1_1_9",2
40.149734899207,40.149734899207,1,2.2,FALSE,TRUE,1,"SSP1_1_9",1,1.9,FALSE,TRUE,1,"SSP1_1_9",3
40.149734899207,40.149734899207,1,2.2,FALSE,TRUE,1,"SSP1_1_9",1,1.9,FALSE,TRUE,1,"SSP1_1_9",4
40.149734899207,40.149734899207,1,2.2,FALSE,TRUE,1,"SSP1_1_9",1,2.05,FALSE,TRUE,1,"SSP1_1_9",2
40.149734899207,40.149734899207,1,2.2,FALSE,TRUE,1,"SSP1_1_9",1,2.05,FALSE,TRUE,1,"SSP1_1_9",3
40.149734899207,40.149734899207,1,2.2,FALSE,TRUE,1,"SSP1_1_9",1,2.05,FALSE,TRUE,1,"SSP1_1_9",4
40.149734899207,40.149734899207,1,2.2,FALSE,TRUE,1,"SSP1_1_9",1,2.2,FALSE,TRUE,1,"SSP1_1_9",2
40.149734899207,40.149734899207,1,2.2,FALSE,TRUE,1,"SSP1_1_9",1,2.2,FALSE,TRUE,1,"SSP1_1_9",3
40.149734899207,40.149734899207,1,2.2,FALSE,TRUE,1,"SSP1_1_9",1,2.2,FALSE,TRUE,1,"SSP1_1_9",4
40.149734899207,40.149734899207,1,2.2,FALSE,TRUE,1,"SSP1_1_9",1,2.35,FALSE,TRUE,1,"SSP1_1_9",2
40.149734899207,40.149734899207,1,2.2,FALSE,TRUE,1,"SSP1_1_9",1,2.35,FALSE,TRUE,1,"SSP1_1_9",3
40.149734899207,40.149734899207,1,2.2,FALSE,TRUE,1,"SSP1_1_9",1,2.35,FALSE,TRUE,1,"SSP1_1_9",4
40.149734899207,40.149734899207,1,2.2,FALSE,TRUE,1,"SSP1_1_9",1,2.5,FALSE,TRUE,1,"SSP1_1_9",2
40.149734899207,40.149734899207,1,2.2,FALSE,TRUE,1,"SSP1_1_9",1,2.5,FALSE,TRUE,1,"SSP1_1_9",3
40.149734899207,40.149734899207,1,2.2,FALSE,TRUE,1,"SSP1_1_9",1,2.5,FALSE,TRUE,1,"SSP1_1_9",4
40.3912754985725,37.8552647497704,1,2.35,FALSE,TRUE,1,"SSP1_1_9",1,1,FALSE,TRUE,1,"SSP1_1_9",2
40.3912754985725,37.8525715983942,1,2.35,FALSE,TRUE,1,"SSP1_1_9",1,1,FALSE,TRUE,1,"SSP1_1_9",3
40.3912754985725,37.8523660350268,1,2.35,FALSE,TRUE,1,"SSP1_1_9",1,1,FALSE,TRUE,1,"SSP1_1_9",4
40.3912754985725,37.8644685853706,1,2.35,FALSE,TRUE,1,"SSP1_1_9",1,1.15,FALSE,TRUE,1,"SSP1_1_9",2
40.3912754985725,37.853389514136,1,2.35,FALSE,TRUE,1,"SSP1_1_9",1,1.15,FALSE,TRUE,1,"SSP1_1_9",3
40.3912754985725,37.8531769435551,1,2.35,FALSE,TRUE,1,"SSP1_1_9",1,1.15,FALSE,TRUE,1,"SSP1_1_9",4
40.3912754985725,38.3369506719176,1,2.35,FALSE,TRUE,1,"SSP1_1_9",1,1.3,FALSE,TRUE,1,"SSP1_1_9",2
40.3912754985725,37.8546277649141,1,2.35,FALSE,TRUE,1,"SSP1_1_9",1,1.3,FALSE,TRUE,1,"SSP1_1_9",3
40.3912754985725,37.8540105730386,1,2.35,FALSE,TRUE,1,"SSP1_1_9",1,1.3,FALSE,TRUE,1,"SSP1_1_9",4
40.3912754985725,40.3912754985725,1,2.35,FALSE,TRUE,1,"SSP1_1_9",1,1.45,FALSE,TRUE,1,"SSP1_1_9",2
40.3912754985725,37.8583155541289,1,2.35,FALSE,TRUE,1,"SSP1_1_9",1,1.45,FALSE,TRUE,1,"SSP1_1_9",3
40.3912754985725,37.8568198600326,1,2.35,FALSE,TRUE,1,"SSP1_1_9",1,1.45,FALSE,TRUE,1,"SSP1_1_9",4
40.3912754985725,40.3912754985725,1,2.35,FALSE,TRUE,1,"SSP1_1_9",1,1.6,FALSE,TRUE,1,"SSP1_1_9",2
40.3912754985725,37.8901603760992,1,2.35,FALSE,TRUE,1,"SSP1_1_9",1,1.6,FALSE,TRUE,1,"SSP1_1_9",3
40.3912754985725,37.8845928841144,1,2.35,FALSE,TRUE,1,"SSP1_1_9",1,1.6,FALSE,TRUE,1,"SSP1_1_9",4
40.3912754985725,40.3912754985725,1,2.35,FALSE,TRUE,1,"SSP1_1_9",1,1.75,FALSE,TRUE,1,"SSP1_1_9",2
40.3912754985725,38.4090283713411,1,2.35,FALSE,TRUE,1,"SSP1_1_9",1,1.75,FALSE,TRUE,1,"SSP1_1_9",3
40.3912754985725,38.279353370527,1,2.35,FALSE,TRUE,1,"SSP1_1_9",1,1.75,FALSE,TRUE,1,"SSP1_1_9",4
40.3912754985725,40.3912754985725,1,2.35,FALSE,TRUE,1,"SSP1_1_9",1,1.9,FALSE,TRUE,1,"SSP1_1_9",2
40.3912754985725,40.3912754985725,1,2.35,FALSE,TRUE,1,"SSP1_1_9",1,1.9,FALSE,TRUE,1,"SSP1_1_9",3
40.3912754985725,40.3912754985725,1,2.35,FALSE,TRUE,1,"SSP1_1_9",1,1.9,FALSE,TRUE,1,"SSP1_1_9",4
40.3912754985725,40.3912754985725,1,2.35,FALSE,TRUE,1,"SSP1_1_9",1,2.05,FALSE,TRUE,1,"SSP1_1_9",2
40.3912754985725,40.3912754985725,1,2.35,FALSE,TRUE,1,"SSP1_1_9",1,2.05,FALSE,TRUE,1,"SSP1_1_9",3
40.3912754985725,40.3912754985725,1,2.35,FALSE,TRUE,1,"SSP1_1_9",1,2.05,FALSE,TRUE,1,"SSP1_1_9",4
40.3912754985725,40.3912754985725,1,2.35,FALSE,TRUE,1,"SSP1_1_9",1,2.2,FALSE,TRUE,1,"SSP1_1_9",2
40.3912754985725,40.3912754985725,1,2.35,FALSE,TRUE,1,"SSP1_1_9",1,2.2,FALSE,TRUE,1,"SSP1_1_9",3
40.3912754985725,40.3912754985725,1,2.35,FALSE,TRUE,1,"SSP1_1_9",1,2.2,FALSE,TRUE,1,"SSP1_1_9",4
40.3912754985725,40.3912754985725,1,2.35,FALSE,TRUE,1,"SSP1_1_9",1,2.35,FALSE,TRUE,1,"SSP1_1_9",2
40.3912754985725,40.3912754985725,1,2.35,FALSE,TRUE,1,"SSP1_1_9",1,2.35,FALSE,TRUE,1,"SSP1_1_9",3
40.3912754985725,40.3912754985725,1,2.35,FALSE,TRUE,1,"SSP1_1_9",1,2.35,FALSE,TRUE,1,"SSP1_1_9",4
40.3912754985725,40.3912754985725,1,2.35,FALSE,TRUE,1,"SSP1_1_9",1,2.5,FALSE,TRUE,1,"SSP1_1_9",2
40.3912754985725,40.3912754985725,1,2.35,FALSE,TRUE,1,"SSP1_1_9",1,2.5,FALSE,TRUE,1,"SSP1_1_9",3
40.3912754985725,40.3912754985725,1,2.35,FALSE,TRUE,1,"SSP1_1_9",1,2.5,FALSE,TRUE,1,"SSP1_1_9",4
40.5032213745418,37.8562657249594,1,2.5,FALSE,TRUE,1,"SSP1_1_9",1,1,FALSE,TRUE,1,"SSP1_1_9",2
40.5032213745418,37.8535714507594,1,2.5,FALSE,TRUE,1,"SSP1_1_9",1,1,FALSE,TRUE,1,"SSP1_1_9",3
40.5032213745418,37.8533659099365,1,2.5,FALSE,TRUE,1,"SSP1_1_9",1,1,FALSE,TRUE,1,"SSP1_1_9",4
40.5032213745418,37.8657113938363,1,2.5,FALSE,TRUE,1,"SSP1_1_9",1,1.15,FALSE,TRUE,1,"SSP1_1_9",2
40.5032213745418,37.8543892614906,1,2.5,FALSE,TRUE,1,"SSP1_1_9",1,1.15,FALSE,TRUE,1,"SSP1_1_9",3
40.5032213745418,37.8541767121773,1,2.5,FALSE,TRUE,1,"SSP1_1_9",1,1.15,FALSE,TRUE,1,"SSP1_1_9",4
40.5032213745418,38.3498289096719,1,2.5,FALSE,TRUE,1,"SSP1_1_9",1,1.3,FALSE,TRUE,1,"SSP1_1_9",2
40.5032213745418,37.8556277687688,1,2.5,FALSE,TRUE,1,"SSP1_1_9",1,1.3,FALSE,TRUE,1,"SSP1_1_9",3
40.5032213745418,37.8550106937577,1,2.5,FALSE,TRUE,1,"SSP1_1_9",1,1.3,FALSE,TRUE,1,"SSP1_1_9",4
40.5032213745418,40.5032213745418,1,2.5,FALSE,TRUE,1,"SSP1_1_9",1,1.45,FALSE,TRUE,1,"SSP1_1_9",2
40.5032213745418,37.8593708549691,1,2.5,FALSE,TRUE,1,"SSP1_1_9",1,1.45,FALSE,TRUE,1,"SSP1_1_9",3
40.5032213745418,37.8578295588471,1,2.5,FALSE,TRUE,1,"SSP1_1_9",1,1.45,FALSE,TRUE,1,"SSP1_1_9",4
40.5032213745418,40.5032213745418,1,2.5,FALSE,TRUE,1,"SSP1_1_9",1,1.6,FALSE,TRUE,1,"SSP1_1_9",2
40.5032213745418,37.8923802020348,1,2.5,FALSE,TRUE,1,"SSP1_1_9",1,1.6,FALSE,TRUE,1,"SSP1_1_9",3
40.5032213745418,37.8867839884267,1,2.5,FALSE,TRUE,1,"SSP1_1_9",1,1.6,FALSE,TRUE,1,"SSP1_1_9",4
40.5032213745418,40.5032213745418,1,2.5,FALSE,TRUE,1,"SSP1_1_9",1,1.75,FALSE,TRUE,1,"SSP1_1_9",2
40.5032213745418,38.4243884003501,1,2.5,FALSE,TRUE,1,"SSP1_1_9",1,1.75,FALSE,TRUE,1,"SSP1_1_9",3
40.5032213745418,38.290101464978,1,2.5,FALSE,TRUE,1,"SSP1_1_9",1,1.75,FALSE,TRUE,1,"SSP1_1_9",4
40.5032213745418,40.5032213745418,1,2.5,FALSE,TRUE,1,"SSP1_1_9",1,1.9,FALSE,TRUE,1,"SSP1_1_9",2
40.5032213745418,40.5032213745418,1,2.5,FALSE,TRUE,1,"SSP1_1_9",1,1.9,FALSE,TRUE,1,"SSP1_1_9",3
40.5032213745418,40.5032213745418,1,2.5,FALSE,TRUE,1,"SSP1_1_9",1,1.9,FALSE,TRUE,1,"SSP1_1_9",4
40.5032213745418,40.5032213745418,1,2.5,FALSE,TRUE,1,"SSP1_1_9",1,2.05,FALSE,TRUE,1,"SSP1_1_9",2
40.5032213745418,40.5032213745418,1,2.5,FALSE,TRUE,1,"SSP1_1_9",1,2.05,FALSE,TRUE,1,"SSP1_1_9",3
40.5032213745418,40.5032213745418,1,2.5,FALSE,TRUE,1,"SSP1_1_9",1,2.05,FALSE,TRUE,1,"SSP1_1_9",4
40.5032213745418,40.5032213745418,1,2.5,FALSE,TRUE,1,"SSP1_1_9",1,2.2,FALSE,TRUE,1,"SSP1_1_9",2
40.5032213745418,40.5032213745418,1,2.5,FALSE,TRUE,1,"SSP1_1_9",1,2.2,FALSE,TRUE,1,"SSP1_1_9",3
40.5032213745418,40.5032213745418,1,2.5,FALSE,TRUE,1,"SSP1_1_9",1,2.2,FALSE,TRUE,1,"SSP1_1_9",4
40.5032213745418,40.5032213745418,1,2.5,FALSE,TRUE,1,"SSP1_1_9",1,2.35,FALSE,TRUE,1,"SSP1_1_9",2
40.5032213745418,40.5032213745418,1,2.5,FALSE,TRUE,1,"SSP1_1_9",1,2.35,FALSE,TRUE,1,"SSP1_1_9",3
40.5032213745418,40.5032213745418,1,2.5,FALSE,TRUE,1,"SSP1_1_9",1,2.35,FALSE,TRUE,1,"SSP1_1_9",4
40.5032213745418,40.5032213745418,1,2.5,FALSE,TRUE,1,"SSP1_1_9",1,2.5,FALSE,TRUE,1,"SSP1_1_9",2
40.5032213745418,40.5032213745418,1,2.5,FALSE,TRUE,1,"SSP1_1_9",1,2.5,FALSE,TRUE,1,"SSP1_1_9",3
40.5032213745418,40.5032213745418,1,2.5,FALSE,TRUE,1,"SSP1_1_9",1,2.5,FALSE,TRUE,1,"SSP1_1_9",4
33.4602533317884,32.0308959298559,1,1,FALSE,TRUE,1,"SSP1_2_6",1,1,FALSE,TRUE,1,"SSP1_2_6",2
33.4602533317884,30.0262688040069,1,1,FALSE,TRUE,1,"SSP1_2_6",1,1,FALSE,TRUE,1,"SSP1_2_6",3
33.4602533317884,32.0570761395004,1,1,FALSE,TRUE,1,"SSP1_2_6",1,1,FALSE,TRUE,1,"SSP1_2_6",4
33.4602533317884,31.7885594995686,1,1,FALSE,TRUE,1,"SSP1_2_6",1,1.15,FALSE,TRUE,1,"SSP1_2_6",2
33.4602533317884,32.0570761395004,1,1,FALSE,TRUE,1,"SSP1_2_6",1,1.15,FALSE,TRUE,1,"SSP1_2_6",3
33.4602533317884,32.0569742521736,1,1,FALSE,TRUE,1,"SSP1_2_6",1,1.15,FALSE,TRUE,1,"SSP1_2_6",4
33.4602533317884,12.1952130046577,1,1,FALSE,TRUE,1,"SSP1_2_6",1,1.3,FALSE,TRUE,1,"SSP1_2_6",2
33.4602533317884,32.0569742521736,1,1,FALSE,TRUE,1,"SSP1_2_6",1,1.3,FALSE,TRUE,1,"SSP1_2_6",3
33.4602533317884,32.0553952137351,1,1,FALSE,TRUE,1,"SSP1_2_6",1,1.3,FALSE,TRUE,1,"SSP1_2_6",4
33.4602533317884,5.45852017257145,1,1,FALSE,TRUE,1,"SSP1_2_6",1,1.45,FALSE,TRUE,1,"SSP1_2_6",2
33.4602533317884,32.0553952137351,1,1,FALSE,TRUE,1,"SSP1_2_6",1,1.45,FALSE,TRUE,1,"SSP1_2_6",3
33.4602533317884,32.0502848697278,1,1,FALSE,TRUE,1,"SSP1_2_6",1,1.45,FALSE,TRUE,1,"SSP1_2_6",4
33.4602533317884,5.45852017257145,1,1,FALSE,TRUE,1,"SSP1_2_6",1,1.6,FALSE,TRUE,1,"SSP1_2_6",2
33.4602533317884,32.0502848697278,1,1,FALSE,TRUE,1,"SSP1_2_6",1,1.6,FALSE,TRUE,1,"SSP1_2_6",3
33.4602533317884,32.0358600428414,1,1,FALSE,TRUE,1,"SSP1_2_6",1,1.6,FALSE,TRUE,1,"SSP1_2_6",4
33.4602533317884,5.45852017257145,1,1,FALSE,TRUE,1,"SSP1_2_6",1,1.75,FALSE,TRUE,1,"SSP1_2_6",2
33.4602533317884,32.0308959298559,1,1,FALSE,TRUE,1,"SSP1_2_6",1,1.75,FALSE,TRUE,1,"SSP1_2_6",3
33.4602533317884,31.8841096516544,1,1,FALSE,TRUE,1,"SSP1_2_6",1,1.75,FALSE,TRUE,1,"SSP1_2_6",4
33.4602533317884,5.45852017257145,1,1,FALSE,TRUE,1,"SSP1_2_6",1,1.9,FALSE,TRUE,1,"SSP1_2_6",2
33.4602533317884,31.1794583648727,1,1,FALSE,TRUE,1,"SSP1_2_6",1,1.9,FALSE,TRUE,1,"SSP1_2_6",3
33.4602533317884,30.905106009703,1,1,FALSE,TRUE,1,"SSP1_2_6",1,1.9,FALSE,TRUE,1,"SSP1_2_6",4
33.4602533317884,5.45852017257145,1,1,FALSE,TRUE,1,"SSP1_2_6",1,2.05,FALSE,TRUE,1,"SSP1_2_6",2
33.4602533317884,30.7720026971175,1,1,FALSE,TRUE,1,"SSP1_2_6",1,2.05,FALSE,TRUE,1,"SSP1_2_6",3
33.4602533317884,7.1458985218501,1,1,FALSE,TRUE,1,"SSP1_2_6",1,2.05,FALSE,TRUE,1,"SSP1_2_6",4
33.4602533317884,5.45852017257145,1,1,FALSE,TRUE,1,"SSP1_2_6",1,2.2,FALSE,TRUE,1,"SSP1_2_6",2
33.4602533317884,7.08316721302983,1,1,FALSE,TRUE,1,"SSP1_2_6",1,2.2,FALSE,TRUE,1,"SSP1_2_6",3
33.4602533317884,5.45852017257145,1,1,FALSE,TRUE,1,"SSP1_2_6",1,2.2,FALSE,TRUE,1,"SSP1_2_6",4
33.4602533317884,5.45852017257145,1,1,FALSE,TRUE,1,"SSP1_2_6",1,2.35,FALSE,TRUE,1,"SSP1_2_6",2
33.4602533317884,5.45852017257145,1,1,FALSE,TRUE,1,"SSP1_2_6",1,2.35,FALSE,TRUE,1,"SSP1_2_6",3
33.4602533317884,5.45852017257145,1,1,FALSE,TRUE,1,"SSP1_2_6",1,2.35,FALSE,TRUE,1,"SSP1_2_6",4
33.4602533317884,5.45852017257145,1,1,FALSE,TRUE,1,"SSP1_2_6",1,2.5,FALSE,TRUE,1,"SSP1_2_6",2
33.4602533317884,5.45852017257145,1,1,FALSE,TRUE,1,"SSP1_2_6",1,2.5,FALSE,TRUE,1,"SSP1_2_6",3
33.4602533317884,5.45852017257145,1,1,FALSE,TRUE,1,"SSP1_2_6",1,2.5,FALSE,TRUE,1,"SSP1_2_6",4
35.4087724335352,35.3788206606375,1,1.15,FALSE,TRUE,1,"SSP1_2_6",1,1,FALSE,TRUE,1,"SSP1_2_6",2
35.4087724335352,30.5937592662357,1,1.15,FALSE,TRUE,1,"SSP1_2_6",1,1,FALSE,TRUE,1,"SSP1_2_6",3
35.4087724335352,35.389728749105,1,1.15,FALSE,TRUE,1,"SSP1_2_6",1,1,FALSE,TRUE,1,"SSP1_2_6",4
35.4087724335352,35.2527279531657,1,1.15,FALSE,TRUE,1,"SSP1_2_6",1,1.15,FALSE,TRUE,1,"SSP1_2_6",2
35.4087724335352,35.389728749105,1,1.15,FALSE,TRUE,1,"SSP1_2_6",1,1.15,FALSE,TRUE,1,"SSP1_2_6",3
35.4087724335352,35.3898147397119,1,1.15,FALSE,TRUE,1,"SSP1_2_6",1,1.15,FALSE,TRUE,1,"SSP1_2_6",4
35.4087724335352,15.7611508688834,1,1.15,FALSE,TRUE,1,"SSP1_2_6",1,1.3,FALSE,TRUE,1,"SSP1_2_6",2
35.4087724335352,35.3898147397119,1,1.15,FALSE,TRUE,1,"SSP1_2_6",1,1.3,FALSE,TRUE,1,"SSP1_2_6",3
35.4087724335352,35.3893743664517,1,1.15,FALSE,TRUE,1,"SSP1_2_6",1,1.3,FALSE,TRUE,1,"SSP1_2_6",4
35.4087724335352,8.2642199796466,1,1.15,FALSE,TRUE,1,"SSP1_2_6",1,1.45,FALSE,TRUE,1,"SSP1_2_6",2
35.4087724335352,35.3893743664517,1,1.15,FALSE,TRUE,1,"SSP1_2_6",1,1.45,FALSE,TRUE,1,"SSP1_2_6",3
35.4087724335352,35.3872223058401,1,1.15,FALSE,TRUE,1,"SSP1_2_6",1,1.45,FALSE,TRUE,1,"SSP1_2_6",4
35.4087724335352,8.2642199796466,1,1.15,FALSE,TRUE,1,"SSP1_2_6",1,1.6,FALSE,TRUE,1,"SSP1_2_6",2
35.4087724335352,35.3872223058401,1,1.15,FALSE,TRUE,1,"SSP1_2_6",1,1.6,FALSE,TRUE,1,"SSP1_2_6",3
35.4087724335352,35.3812289494279,1,1.15,FALSE,TRUE,1,"SSP1_2_6",1,1.6,FALSE,TRUE,1,"SSP1_2_6",4
35.4087724335352,8.2642199796466,1,1.15,FALSE,TRUE,1,"SSP1_2_6",1,1.75,FALSE,TRUE,1,"SSP1_2_6",2
35.4087724335352,35.3788206606375,1,1.15,FALSE,TRUE,1,"SSP1_2_6",1,1.75,FALSE,TRUE,1,"SSP1_2_6",3
35.4087724335352,35.3070009360054,1,1.15,FALSE,TRUE,1,"SSP1_2_6",1,1.75,FALSE,TRUE,1,"SSP1_2_6",4
35.4087724335352,8.2642199796466,1,1.15,FALSE,TRUE,1,"SSP1_2_6",1,1.9,FALSE,TRUE,1,"SSP1_2_6",2
35.4087724335352,34.7594699173103,1,1.15,FALSE,TRUE,1,"SSP1_2_6",1,1.9,FALSE,TRUE,1,"SSP1_2_6",3
35.4087724335352,34.6061523077373,1,1.15,FALSE,TRUE,1,"SSP1_2_6",1,1.9,FALSE,TRUE,1,"SSP1_2_6",4
35.4087724335352,8.2642199796466,1,1.15,FALSE,TRUE,1,"SSP1_2_6",1,2.05,FALSE,TRUE,1,"SSP1_2_6",2
35.4087724335352,34.5203669290473,1,1.15,FALSE,TRUE,1,"SSP1_2_6",1,2.05,FALSE,TRUE,1,"SSP1_2_6",3
35.4087724335352,10.5556338678451,1,1.15,FALSE,TRUE,1,"SSP1_2_6",1,2.05,FALSE,TRUE,1,"SSP1_2_6",4
35.4087724335352,8.2642199796466,1,1.15,FALSE,TRUE,1,"SSP1_2_6",1,2.2,FALSE,TRUE,1,"SSP1_2_6",2
35.4087724335352,10.6146528944506,1,1.15,FALSE,TRUE,1,"SSP1_2_6",1,2.2,FALSE,TRUE,1,"SSP1_2_6",3
35.4087724335352,8.2642199796466,1,1.15,FALSE,TRUE,1,"SSP1_2_6",1,2.2,FALSE,TRUE,1,"SSP1_2_6",4
35.4087724335352,8.2642199796466,1,1.15,FALSE,TRUE,1,"SSP1_2_6",1,2.35,FALSE,TRUE,1,"SSP1_2_6",2
35.4087724335352,8.2642199796466,1,1.15,FALSE,TRUE,1,"SSP1_2_6",1,2.35,FALSE,TRUE,1,"SSP1_2_6",3
35.4087724335352,8.2642199796466,1,1.15,FALSE,TRUE,1,"SSP1_2_6",1,2.35,FALSE,TRUE,1,"SSP1_2_6",4
35.4087724335352,8.2642199796466,1,1.15,FALSE,TRUE,1,"SSP1_2_6",1,2.5,FALSE,TRUE,1,"SSP1_2_6",2
35.4087724335352,8.2642199796466,1,1.15,FALSE,TRUE,1,"SSP1_2_6",1,2.5,FALSE,TRUE,1,"SSP1_2_6",3
35.4087724335352,8.2642199796466,1,1.15,FALSE,TRUE,1,"SSP1_2_6",1,2.5,FALSE,TRUE,1,"SSP1_2_6",4
36.9288643477607,36.8585694266972,1,1.3,FALSE,TRUE,1,"SSP1_2_6",1,1,FALSE,TRUE,1,"SSP1_2_6",2
36.9288643477607,30.8016983062046,1,1.3,FALSE,TRUE,1,"SSP1_2_6",1,1,FALSE,TRUE,1,"SSP1_2_6",3
36.9288643477607,36.8630940394662,1,1.3,FALSE,TRUE,1,"SSP1_2_6",1,1,FALSE,TRUE,1,"SSP1_2_6",4
36.9288643477607,36.7834014325902,1,1.3,FALSE,TRUE,1,"SSP1_2_6",1,1.15,FALSE,TRUE,1,"SSP1_2_6",2
36.9288643477607,36.8630940394662,1,1.3,FALSE,TRUE,1,"SSP1_2_6",1,1.15,FALSE,TRUE,1,"SSP1_2_6",3
36.9288643477607,36.863230953533,1,1.3,FALSE,TRUE,1,"SSP1_2_6",1,1.15,FALSE,TRUE,1,"SSP1_2_6",4
36.9288643477607,19.4879396812279,1,1.3,FALSE,TRUE,1,"SSP1_2_6",1,1.3,FALSE,TRUE,1,"SSP1_2_6",2
36.9288643477607,36.863230953533,1,1.3,FALSE,TRUE,1,"SSP1_2_6",1,1.3,FALSE,TRUE,1,"SSP1_2_6",3
36.9288643477607,36.8632323665844,1,1.3,FALSE,TRUE,1,"SSP1_2_6",1,1.3,FALSE,TRUE,1,"SSP1_2_6",4
36.9288643477607,11.5462552977488,1,1.3,FALSE,TRUE,1,"SSP1_2_6",1,1.45,FALSE,TRUE,1,"SSP1_2_6",2
36.9288643477607,36.8632323665844,1,1.3,FALSE,TRUE,1,"SSP1_2_6",1,1.45,FALSE,TRUE,1,"SSP1_2_6",3
36.9288643477607,36.8624756346718,1,1.3,FALSE,TRUE,1,"SSP1_2_6",1,1.45,FALSE,TRUE,1,"SSP1_2_6",4
36.9288643477607,11.5462552977488,1,1.3,FALSE,TRUE,1,"SSP1_2_6",1,1.6,FALSE,TRUE,1,"SSP1_2_6",2
36.9288643477607,36.8624756346718,1,1.3,FALSE,TRUE,1,"SSP1_2_6",1,1.6,FALSE,TRUE,1,"SSP1_2_6",3
36.9288643477607,36.8598502165159,1,1.3,FALSE,TRUE,1,"SSP1_2_6",1,1.6,FALSE,TRUE,1,"SSP1_2_6",4
36.9288643477607,11.5462552977488,1,1.3,FALSE,TRUE,1,"SSP1_2_6",1,1.75,FALSE,TRUE,1,"SSP1_2_6",2
36.9288643477607,36.8585694266972,1,1.3,FALSE,TRUE,1,"SSP1_2_6",1,1.75,FALSE,TRUE,1,"SSP1_2_6",3
36.9288643477607,36.8180993171142,1,1.3,FALSE,TRUE,1,"SSP1_2_6",1,1.75,FALSE,TRUE,1,"SSP1_2_6",4
36.9288643477607,11.5462552977488,1,1.3,FALSE,TRUE,1,"SSP1_2_6",1,1.9,FALSE,TRUE,1,"SSP1_2_6",2
36.9288643477607,36.4515274073674,1,1.3,FALSE,TRUE,1,"SSP1_2_6",1,1.9,FALSE,TRUE,1,"SSP1_2_6",3
36.9288643477607,36.3684835898674,1,1.3,FALSE,TRUE,1,"SSP1_2_6",1,1.9,FALSE,TRUE,1,"SSP1_2_6",4
36.9288643477607,11.5462552977488,1,1.3,FALSE,TRUE,1,"SSP1_2_6",1,2.05,FALSE,TRUE,1,"SSP1_2_6",2
36.9288643477607,36.3120480341757,1,1.3,FALSE,TRUE,1,"SSP1_2_6",1,2.05,FALSE,TRUE,1,"SSP1_2_6",3
36.9288643477607,14.168428336802,1,1.3,FALSE,TRUE,1,"SSP1_2_6",1,2.05,FALSE,TRUE,1,"SSP1_2_6",4
36.9288643477607,11.5462552977488,1,1.3,FALSE,TRUE,1,"SSP1_2_6",1,2.2,FALSE,TRUE,1,"SSP1_2_6",2
36.9288643477607,14.1056199379319,1,1.3,FALSE,TRUE,1,"SSP1_2_6",1,2.2,FALSE,TRUE,1,"SSP1_2_6",3
36.9288643477607,11.5462552977488,1,1.3,FALSE,TRUE,1,"SSP1_2_6",1,2.2,FALSE,TRUE,1,"SSP1_2_6",4
36.9288643477607,11.5462552977488,1,1.3,FALSE,TRUE,1,"SSP1_2_6",1,2.35,FALSE,TRUE,1,"SSP1_2_6",2
36.9288643477607,11.5462552977488,1,1.3,FALSE,TRUE,1,"SSP1_2_6",1,2.35,FALSE,TRUE,1,"SSP1_2_6",3
36.9288643477607,11.5462552977488,1,1.3,FALSE,TRUE,1,"SSP1_2_6",1,2.35,FALSE,TRUE,1,"SSP1_2_6",4
36.9288643477607,11.5462552977488,1,1.3,FALSE,TRUE,1,"SSP1_2_6",1,2.5,FALSE,TRUE,1,"SSP1_2_6",2
36.9288643477607,11.5462552977488,1,1.3,FALSE,TRUE,1,"SSP1_2_6",1,2.5,FALSE,TRUE,1,"SSP1_2_6",3
36.9288643477607,11.5462552977488,1,1.3,FALSE,TRUE,1,"SSP1_2_6",1,2.5,FALSE,TRUE,1,"SSP1_2_6",4
37.5854502638156,37.4239408924478,1,1.45,FALSE,TRUE,1,"SSP1_2_6",1,1,FALSE,TRUE,1,"SSP1_2_6",2
37.5854502638156,30.885213878759,1,1.45,FALSE,TRUE,1,"SSP1_2_6",1,1,FALSE,TRUE,1,"SSP1_2_6",3
37.5854502638156,37.4250854886176,1,1.45,FALSE,TRUE,1,"SSP1_2_6",1,1,FALSE,TRUE,1,"SSP1_2_6",4
37.5854502638156,37.3787411618514,1,1.45,FALSE,TRUE,1,"SSP1_2_6",1,1.15,FALSE,TRUE,1,"SSP1_2_6",2
37.5854502638156,37.4250854886176,1,1.45,FALSE,TRUE,1,"SSP1_2_6",1,1.15,FALSE,TRUE,1,"SSP1_2_6",3
37.5854502638156,37.4252615047994,1,1.45,FALSE,TRUE,1,"SSP1_2_6",1,1.15,FALSE,TRUE,1,"SSP1_2_6",4
37.5854502638156,24.0268816788594,1,1.45,FALSE,TRUE,1,"SSP1_2_6",1,1.3,FALSE,TRUE,1,"SSP1_2_6",2
37.5854502638156,37.4252615047994,1,1.45,FALSE,TRUE,1,"SSP1_2_6",1,1.3,FALSE,TRUE,1,"SSP1_2_6",3
37.5854502638156,37.4254866552805,1,1.45,FALSE,TRUE,1,"SSP1_2_6",1,1.3,FALSE,TRUE,1,"SSP1_2_6",4
37.5854502638156,15.3459160721618,1,1.45,FALSE,TRUE,1,"SSP1_2_6",1,1.45,FALSE,TRUE,1,"SSP1_2_6",2
37.5854502638156,37.4254866552805,1,1.45,FALSE,TRUE,1,"SSP1_2_6",1,1.45,FALSE,TRUE,1,"SSP1_2_6",3
37.5854502638156,37.4254892997233,1,1.45,FALSE,TRUE,1,"SSP1_2_6",1,1.45,FALSE,TRUE,1,"SSP1_2_6",4
37.5854502638156,15.3459160721618,1,1.45,FALSE,TRUE,1,"SSP1_2_6",1,1.6,FALSE,TRUE,1,"SSP1_2_6",2
37.5854502638156,37.4254892997233,1,1.45,FALSE,TRUE,1,"SSP1_2_6",1,1.6,FALSE,TRUE,1,"SSP1_2_6",3
37.5854502638156,37.4245831726876,1,1.45,FALSE,TRUE,1,"SSP1_2_6",1,1.6,FALSE,TRUE,1,"SSP1_2_6",4
37.5854502638156,15.3459160721618,1,1.45,FALSE,TRUE,1,"SSP1_2_6",1,1.75,FALSE,TRUE,1,"SSP1_2_6",2
37.5854502638156,37.4239408924478,1,1.45,FALSE,TRUE,1,"SSP1_2_6",1,1.75,FALSE,TRUE,1,"SSP1_2_6",3
37.5854502638156,37.4009176773377,1,1.45,FALSE,TRUE,1,"SSP1_2_6",1,1.75,FALSE,TRUE,1,"SSP1_2_6",4
37.5854502638156,15.3459160721618,1,1.45,FALSE,TRUE,1,"SSP1_2_6",1,1.9,FALSE,TRUE,1,"SSP1_2_6",2
37.5854502638156,37.2165175353877,1,1.45,FALSE,TRUE,1,"SSP1_2_6",1,1.9,FALSE,TRUE,1,"SSP1_2_6",3
37.5854502638156,37.1689730225192,1,1.45,FALSE,TRUE,1,"SSP1_2_6",1,1.9,FALSE,TRUE,1,"SSP1_2_6",4
37.5854502638156,15.3459160721618,1,1.45,FALSE,TRUE,1,"SSP1_2_6",1,2.05,FALSE,TRUE,1,"SSP1_2_6",2
37.5854502638156,37.1303366732908,1,1.45,FALSE,TRUE,1,"SSP1_2_6",1,2.05,FALSE,TRUE,1,"SSP1_2_6",3
37.5854502638156,18.2543656627246,1,1.45,FALSE,TRUE,1,"SSP1_2_6",1,2.05,FALSE,TRUE,1,"SSP1_2_6",4
37.5854502638156,15.3459160721618,1,1.45,FALSE,TRUE,1,"SSP1_2_6",1,2.2,FALSE,TRUE,1,"SSP1_2_6",2
37.5854502638156,18.1852178876586,1,1.45,FALSE,TRUE,1,"SSP1_2_6",1,2.2,FALSE,TRUE,1,"SSP1_2_6",3
37.5854502638156,15.3459160721618,1,1.45,FALSE,TRUE,1,"SSP1_2_6",1,2.2,FALSE,TRUE,1,"SSP1_2_6",4
37.5854502638156,15.3459160721618,1,1.45,FALSE,TRUE,1,"SSP1_2_6",1,2.35,FALSE,TRUE,1,"SSP1_2_6",2
37.5854502638156,15.3459160721618,1,1.45,FALSE,TRUE,1,"SSP1_2_6",1,2.35,FALSE,TRUE,1,"SSP1_2_6",3
37.5854502638156,15.3459160721618,1,1.45,FALSE,TRUE,1,"SSP1_2_6",1,2.35,FALSE,TRUE,1,"SSP1_2_6",4
37.5854502638156,15.3459160721618,1,1.45,FALSE,TRUE,1,"SSP1_2_6",1,2.5,FALSE,TRUE,1,"SSP1_2_6",2
37.5854502638156,15.3459160721618,1,1.45,FALSE,TRUE,1,"SSP1_2_6",1,2.5,FALSE,TRUE,1,"SSP1_2_6",3
37.5854502638156,15.3459160721618,1,1.45,FALSE,TRUE,1,"SSP1_2_6",1,2.5,FALSE,TRUE,1,"SSP1_2_6",4
37.8880752382208,37.6617057269672,1,1.6,FALSE,TRUE,1,"SSP1_2_6",1,1,FALSE,TRUE,1,"SSP1_2_6",2
37.8880752382208,30.919812901262,1,1.6,FALSE,TRUE,1,"SSP1_2_6",1,1,FALSE,TRUE,1,"SSP1_2_6",3
37.8880752382208,37.6606719257867,1,1.6,FALSE,TRUE,1,"SSP1_2_6",1,1,FALSE,TRUE,1,"SSP1_2_6",4
37.8880752382208,37.6441691038931,1,1.6,FALSE,TRUE,1,"SSP1_2_6",1,1.15,FALSE,TRUE,1,"SSP1_2_6",2
37.8880752382208,37.6606719257867,1,1.6,FALSE,TRUE,1,"SSP1_2_6",1,1.15,FALSE,TRUE,1,"SSP1_2_6",3
37.8880752382208,37.6608662261135,1,1.6,FALSE,TRUE,1,"SSP1_2_6",1,1.15,FALSE,TRUE,1,"SSP1_2_6",4
37.8880752382208,28.5715342986454,1,1.6,FALSE,TRUE,1,"SSP1_2_6",1,1.3,FALSE,TRUE,1,"SSP1_2_6",2
37.8880752382208,37.6608662261135,1,1.6,FALSE,TRUE,1,"SSP1_2_6",1,1.3,FALSE,TRUE,1,"SSP1_2_6",3
37.8880752382208,37.6612002420186,1,1.6,FALSE,TRUE,1,"SSP1_2_6",1,1.3,FALSE,TRUE,1,"SSP1_2_6",4
37.8880752382208,19.9067417775864,1,1.6,FALSE,TRUE,1,"SSP1_2_6",1,1.45,FALSE,TRUE,1,"SSP1_2_6",2
37.8880752382208,37.6612002420186,1,1.6,FALSE,TRUE,1,"SSP1_2_6",1,1.45,FALSE,TRUE,1,"SSP1_2_6",3
37.8880752382208,37.6616412651748,1,1.6,FALSE,TRUE,1,"SSP1_2_6",1,1.45,FALSE,TRUE,1,"SSP1_2_6",4
37.8880752382208,19.9067417775864,1,1.6,FALSE,TRUE,1,"SSP1_2_6",1,1.6,FALSE,TRUE,1,"SSP1_2_6",2
37.8880752382208,37.6616412651748,1,1.6,FALSE,TRUE,1,"SSP1_2_6",1,1.6,FALSE,TRUE,1,"SSP1_2_6",3
37.8880752382208,37.6619112391933,1,1.6,FALSE,TRUE,1,"SSP1_2_6",1,1.6,FALSE,TRUE,1,"SSP1_2_6",4
37.8880752382208,19.9067417775864,1,1.6,FALSE,TRUE,1,"SSP1_2_6",1,1.75,FALSE,TRUE,1,"SSP1_2_6",2
37.8880752382208,37.6617057269672,1,1.6,FALSE,TRUE,1,"SSP1_2_6",1,1.75,FALSE,TRUE,1,"SSP1_2_6",3
37.8880752382208,37.6537591448519,1,1.6,FALSE,TRUE,1,"SSP1_2_6",1,1.75,FALSE,TRUE,1,"SSP1_2_6",4
37.8880752382208,19.9067417775864,1,1.6,FALSE,TRUE,1,"SSP1_2_6",1,1.9,FALSE,TRUE,1,"SSP1_2_6",2
37.8880752382208,37.5934031573396,1,1.6,FALSE,TRUE,1,"SSP1_2_6",1,1.9,FALSE,TRUE,1,"SSP1_2_6",3
37.8880752382208,37.5731653507654,1,1.6,FALSE,TRUE,1,"SSP1_2_6",1,1.9,FALSE,TRUE,1,"SSP1_2_6",4
37.8880752382208,19.9067417775864,1,1.6,FALSE,TRUE,1,"SSP1_2_6",1,2.05,FALSE,TRUE,1,"SSP1_2_6",2
37.8880752382208,37.5499503332236,1,1.6,FALSE,TRUE,1,"SSP1_2_6",1,2.05,FALSE,TRUE,1,"SSP1_2_6",3
37.8880752382208,23.2126961852607,1,1.6,FALSE,TRUE,1,"SSP1_2_6",1,2.05,FALSE,TRUE,1,"SSP1_2_6",4
37.8880752382208,19.9067417775864,1,1.6,FALSE,TRUE,1,"SSP1_2_6",1,2.2,FALSE,TRUE,1,"SSP1_2_6",2
37.8880752382208,23.0706695711907,1,1.6,FALSE,TRUE,1,"SSP1_2_6",1,2.2,FALSE,TRUE,1,"SSP1_2_6",3
37.8880752382208,19.9067417775864,1,1.6,FALSE,TRUE,1,"SSP1_2_6",1,2.2,FALSE,TRUE,1,"SSP1_2_6",4
37.8880752382208,19.9067417775864,1,1.6,FALSE,TRUE,1,"SSP1_2_6",1,2.35,FALSE,TRUE,1,"SSP1_2_6",2
37.8880752382208,19.9067417775864,1,1.6,FALSE,TRUE,1,"SSP1_2_6",1,2.35,FALSE,TRUE,1,"SSP1_2_6",3
37.8880752382208,19.9067417775864,1,1.6,FALSE,TRUE,1,"SSP1_2_6",1,2.35,FALSE,TRUE,1,"SSP1_2_6",4
37.8880752382208,19.9067417775864,1,1.6,FALSE,TRUE,1,"SSP1_2_6",1,2.5,FALSE,TRUE,1,"SSP1_2_6",2
37.8880752382208,19.9067417775864,1,1.6,FALSE,TRUE,1,"SSP1_2_6",1,2.5,FALSE,TRUE,1,"SSP1_2_6",3
37.8880752382208,19.9067417775864,1,1.6,FALSE,TRUE,1,"SSP1_2_6",1,2.5,FALSE,TRUE,1,"SSP1_2_6",4
38.1875926186291,37.7726783362228,1,1.75,FALSE,TRUE,1,"SSP1_2_6",1,1,FALSE,TRUE,1,"SSP1_2_6",2
38.1875926186291,30.9376657977699,1,1.75,FALSE,TRUE,1,"SSP1_2_6",1,1,FALSE,TRUE,1,"SSP1_2_6",3
38.1875926186291,37.7706014980658,1,1.75,FALSE,TRUE,1,"SSP1_2_6",1,1,FALSE,TRUE,1,"SSP1_2_6",4
38.1875926186291,37.7698371395877,1,1.75,FALSE,TRUE,1,"SSP1_2_6",1,1.15,FALSE,TRUE,1,"SSP1_2_6",2
38.1875926186291,37.7706014980658,1,1.75,FALSE,TRUE,1,"SSP1_2_6",1,1.15,FALSE,TRUE,1,"SSP1_2_6",3
38.1875926186291,37.7708007282657,1,1.75,FALSE,TRUE,1,"SSP1_2_6",1,1.15,FALSE,TRUE,1,"SSP1_2_6",4
38.1875926186291,33.3480000159313,1,1.75,FALSE,TRUE,1,"SSP1_2_6",1,1.3,FALSE,TRUE,1,"SSP1_2_6",2
38.1875926186291,37.7708007282657,1,1.75,FALSE,TRUE,1,"SSP1_2_6",1,1.3,FALSE,TRUE,1,"SSP1_2_6",3
38.1875926186291,37.7711758362611,1,1.75,FALSE,TRUE,1,"SSP1_2_6",1,1.3,FALSE,TRUE,1,"SSP1_2_6",4
38.1875926186291,25.2669314749288,1,1.75,FALSE,TRUE,1,"SSP1_2_6",1,1.45,FALSE,TRUE,1,"SSP1_2_6",2
38.1875926186291,37.7711758362611,1,1.75,FALSE,TRUE,1,"SSP1_2_6",1,1.45,FALSE,TRUE,1,"SSP1_2_6",3
38.1875926186291,37.7718066676905,1,1.75,FALSE,TRUE,1,"SSP1_2_6",1,1.45,FALSE,TRUE,1,"SSP1_2_6",4
38.1875926186291,25.2669314749288,1,1.75,FALSE,TRUE,1,"SSP1_2_6",1,1.6,FALSE,TRUE,1,"SSP1_2_6",2
38.1875926186291,37.7718066676905,1,1.75,FALSE,TRUE,1,"SSP1_2_6",1,1.6,FALSE,TRUE,1,"SSP1_2_6",3
38.1875926186291,37.7726651781719,1,1.75,FALSE,TRUE,1,"SSP1_2_6",1,1.6,FALSE,TRUE,1,"SSP1_2_6",4
38.1875926186291,25.2669314749288,1,1.75,FALSE,TRUE,1,"SSP1_2_6",1,1.75,FALSE,TRUE,1,"SSP1_2_6",2
38.1875926186291,37.7726783362228,1,1.75,FALSE,TRUE,1,"SSP1_2_6",1,1.75,FALSE,TRUE,1,"SSP1_2_6",3
38.1875926186291,37.7727305682787,1,1.75,FALSE,TRUE,1,"SSP1_2_6",1,1.75,FALSE,TRUE,1,"SSP1_2_6",4
38.1875926186291,25.2669314749288,1,1.75,FALSE,TRUE,1,"SSP1_2_6",1,1.9,FALSE,TRUE,1,"SSP1_2_6",2
38.1875926186291,37.7609720571253,1,1.75,FALSE,TRUE,1,"SSP1_2_6",1,1.9,FALSE,TRUE,1,"SSP1_2_6",3
38.1875926186291,37.7624203965448,1,1.75,FALSE,TRUE,1,"SSP1_2_6",1,1.9,FALSE,TRUE,1,"SSP1_2_6",4
38.1875926186291,25.2669314749288,1,1.75,FALSE,TRUE,1,"SSP1_2_6",1,2.05,FALSE,TRUE,1,"SSP1_2_6",2
38.1875926186291,37.7524704490056,1,1.75,FALSE,TRUE,1,"SSP1_2_6",1,2.05,FALSE,TRUE,1,"SSP1_2_6",3
38.1875926186291,28.9416770728291,1,1.75,FALSE,TRUE,1,"SSP1_2_6",1,2.05,FALSE,TRUE,1,"SSP1_2_6",4
38.1875926186291,25.2669314749288,1,1.75,FALSE,TRUE,1,"SSP1_2_6",1,2.2,FALSE,TRUE,1,"SSP1_2_6",2
38.1875926186291,29.1659503134579,1,1.75,FALSE,TRUE,1,"SSP1_2_6",1,2.2,FALSE,TRUE,1,"SSP1_2_6",3
38.1875926186291,25.2669314749288,1,1.75,FALSE,TRUE,1,"SSP1_2_6",1,2.2,FALSE,TRUE,1,"SSP1_2_6",4
38.1875926186291,25.2669314749288,1,1.75,FALSE,TRUE,1,"SSP1_2_6",1,2.35,FALSE,TRUE,1,"SSP1_2_6",2
38.1875926186291,25.2669314749288,1,1.75,FALSE,TRUE,1,"SSP1_2_6",1,2.35,FALSE,TRUE,1,"SSP1_2_6",3
38.1875926186291,25.2669314749288,1,1.75,FALSE,TRUE,1,"SSP1_2_6",1,2.35,FALSE,TRUE,1,"SSP1_2_6",4
38.1875926186291,25.2669314749288,1,1.75,FALSE,TRUE,1,"SSP1_2_6",1,2.5,FALSE,TRUE,1,"SSP1_2_6",2
38.1875926186291,25.2669314749288,1,1.75,FALSE,TRUE,1,"SSP1_2_6",1,2.5,FALSE,TRUE,1,"SSP1_2_6",3
38.1875926186291,25.2669314749288,1,1.75,FALSE,TRUE,1,"SSP1_2_6",1,2.5,FALSE,TRUE,1,"SSP1_2_6",4
38.4727664475803,37.8251397000633,1,1.9,FALSE,TRUE,1,"SSP1_2_6",1,1,FALSE,TRUE,1,"SSP1_2_6",2
38.4727664475803,30.9466538594272,1,1.9,FALSE,TRUE,1,"SSP1_2_6",1,1,FALSE,TRUE,1,"SSP1_2_6",3
38.4727664475803,37.822541899282,1,1.9,FALSE,TRUE,1,"SSP1_2_6",1,1,FALSE,TRUE,1,"SSP1_2_6",4
38.4727664475803,37.829002802537,1,1.9,FALSE,TRUE,1,"SSP1_2_6",1,1.15,FALSE,TRUE,1,"SSP1_2_6",2
38.4727664475803,37.822541899282,1,1.9,FALSE,TRUE,1,"SSP1_2_6",1,1.15,FALSE,TRUE,1,"SSP1_2_6",3
38.4727664475803,37.8227426468174,1,1.9,FALSE,TRUE,1,"SSP1_2_6",1,1.15,FALSE,TRUE,1,"SSP1_2_6",4
38.4727664475803,36.1213008893704,1,1.9,FALSE,TRUE,1,"SSP1_2_6",1,1.3,FALSE,TRUE,1,"SSP1_2_6",2
38.4727664475803,37.8227426468174,1,1.9,FALSE,TRUE,1,"SSP1_2_6",1,1.3,FALSE,TRUE,1,"SSP1_2_6",3
38.4727664475803,37.823136590908,1,1.9,FALSE,TRUE,1,"SSP1_2_6",1,1.3,FALSE,TRUE,1,"SSP1_2_6",4
38.4727664475803,31.2923397332492,1,1.9,FALSE,TRUE,1,"SSP1_2_6",1,1.45,FALSE,TRUE,1,"SSP1_2_6",2
38.4727664475803,37.823136590908,1,1.9,FALSE,TRUE,1,"SSP1_2_6",1,1.45,FALSE,TRUE,1,"SSP1_2_6",3
38.4727664475803,37.8238647088984,1,1.9,FALSE,TRUE,1,"SSP1_2_6",1,1.45,FALSE,TRUE,1,"SSP1_2_6",4
38.4727664475803,31.2923397332492,1,1.9,FALSE,TRUE,1,"SSP1_2_6",1,1.6,FALSE,TRUE,1,"SSP1_2_6",2
38.4727664475803,37.8238647088984,1,1.9,FALSE,TRUE,1,"SSP1_2_6",1,1.6,FALSE,TRUE,1,"SSP1_2_6",3
38.4727664475803,37.8250195426123,1,1.9,FALSE,TRUE,1,"SSP1_2_6",1,1.6,FALSE,TRUE,1,"SSP1_2_6",4
38.4727664475803,31.2923397332492,1,1.9,FALSE,TRUE,1,"SSP1_2_6",1,1.75,FALSE,TRUE,1,"SSP1_2_6",2
38.4727664475803,37.8251397000633,1,1.9,FALSE,TRUE,1,"SSP1_2_6",1,1.75,FALSE,TRUE,1,"SSP1_2_6",3
38.4727664475803,37.8289088785429,1,1.9,FALSE,TRUE,1,"SSP1_2_6",1,1.75,FALSE,TRUE,1,"SSP1_2_6",4
38.4727664475803,31.2923397332492,1,1.9,FALSE,TRUE,1,"SSP1_2_6",1,1.9,FALSE,TRUE,1,"SSP1_2_6",2
38.4727664475803,37.8346045236252,1,1.9,FALSE,TRUE,1,"SSP1_2_6",1,1.9,FALSE,TRUE,1,"SSP1_2_6",3
38.4727664475803,37.8483492752437,1,1.9,FALSE,TRUE,1,"SSP1_2_6",1,1.9,FALSE,TRUE,1,"SSP1_2_6",4
38.4727664475803,31.2923397332492,1,1.9,FALSE,TRUE,1,"SSP1_2_6",1,2.05,FALSE,TRUE,1,"SSP1_2_6",2
38.4727664475803,37.8458954423534,1,1.9,FALSE,TRUE,1,"SSP1_2_6",1,2.05,FALSE,TRUE,1,"SSP1_2_6",3
38.4727664475803,34.1186046108323,1,1.9,FALSE,TRUE,1,"SSP1_2_6",1,2.05,FALSE,TRUE,1,"SSP1_2_6",4
38.4727664475803,31.2923397332492,1,1.9,FALSE,TRUE,1,"SSP1_2_6",1,2.2,FALSE,TRUE,1,"SSP1_2_6",2
38.4727664475803,34.4725563599667,1,1.9,FALSE,TRUE,1,"SSP1_2_6",1,2.2,FALSE,TRUE,1,"SSP1_2_6",3
38.4727664475803,31.2923397332492,1,1.9,FALSE,TRUE,1,"SSP1_2_6",1,2.2,FALSE,TRUE,1,"SSP1_2_6",4
38.4727664475803,31.2923397332492,1,1.9,FALSE,TRUE,1,"SSP1_2_6",1,2.35,FALSE,TRUE,1,"SSP1_2_6",2
38.4727664475803,31.2923397332492,1,1.9,FALSE,TRUE,1,"SSP1_2_6",1,2.35,FALSE,TRUE,1,"SSP1_2_6",3
38.4727664475803,31.2923397332492,1,1.9,FALSE,TRUE,1,"SSP1_2_6",1,2.35,FALSE,TRUE,1,"SSP1_2_6",4
38.4727664475803,31.2923397332492,1,1.9,FALSE,TRUE,1,"SSP1_2_6",1,2.5,FALSE,TRUE,1,"SSP1_2_6",2
38.4727664475803,31.2923397332492,1,1.9,FALSE,TRUE,1,"SSP1_2_6",1,2.5,FALSE,TRUE,1,"SSP1_2_6",3
38.4727664475803,31.2923397332492,1,1.9,FALSE,TRUE,1,"SSP1_2_6",1,2.5,FALSE,TRUE,1,"SSP1_2_6",4
38.7660304502048,37.838466306292,1,2.05,FALSE,TRUE,1,"SSP1_2_6",1,1,FALSE,TRUE,1,"SSP1_2_6",2
38.7660304502048,30.9490510707344,1,2.05,FALSE,TRUE,1,"SSP1_2_6",1,1,FALSE,TRUE,1,"SSP1_2_6",3
38.7660304502048,37.8356196592678,1,2.05,FALSE,TRUE,1,"SSP1_2_6",1,1,FALSE,TRUE,1,"SSP1_2_6",4
38.7660304502048,37.845128236328,1,2.05,FALSE,TRUE,1,"SSP1_2_6",1,1.15,FALSE,TRUE,1,"SSP1_2_6",2
38.7660304502048,37.8356196592678,1,2.05,FALSE,TRUE,1,"SSP1_2_6",1,1.15,FALSE,TRUE,1,"SSP1_2_6",3
38.7660304502048,37.8358215208693,1,2.05,FALSE,TRUE,1,"SSP1_2_6",1,1.15,FALSE,TRUE,1,"SSP1_2_6",4
38.7660304502048,37.6626148292883,1,2.05,FALSE,TRUE,1,"SSP1_2_6",1,1.3,FALSE,TRUE,1,"SSP1_2_6",2
38.7660304502048,37.8358215208693,1,2.05,FALSE,TRUE,1,"SSP1_2_6",1,1.3,FALSE,TRUE,1,"SSP1_2_6",3
38.7660304502048,37.83622439001,1,2.05,FALSE,TRUE,1,"SSP1_2_6",1,1.3,FALSE,TRUE,1,"SSP1_2_6",4
38.7660304502048,36.1443190056024,1,2.05,FALSE,TRUE,1,"SSP1_2_6",1,1.45,FALSE,TRUE,1,"SSP1_2_6",2
38.7660304502048,37.83622439001,1,2.05,FALSE,TRUE,1,"SSP1_2_6",1,1.45,FALSE,TRUE,1,"SSP1_2_6",3
38.7660304502048,37.8369988758731,1,2.05,FALSE,TRUE,1,"SSP1_2_6",1,1.45,FALSE,TRUE,1,"SSP1_2_6",4
38.7660304502048,36.1443190056024,1,2.05,FALSE,TRUE,1,"SSP1_2_6",1,1.6,FALSE,TRUE,1,"SSP1_2_6",2
38.7660304502048,37.8369988758731,1,2.05,FALSE,TRUE,1,"SSP1_2_6",1,1.6,FALSE,TRUE,1,"SSP1_2_6",3
38.7660304502048,37.8382968348311,1,2.05,FALSE,TRUE,1,"SSP1_2_6",1,1.6,FALSE,TRUE,1,"SSP1_2_6",4
38.7660304502048,36.1443190056024,1,2.05,FALSE,TRUE,1,"SSP1_2_6",1,1.75,FALSE,TRUE,1,"SSP1_2_6",2
38.7660304502048,37.838466306292,1,2.05,FALSE,TRUE,1,"SSP1_2_6",1,1.75,FALSE,TRUE,1,"SSP1_2_6",3
38.7660304502048,37.843847695048,1,2.05,FALSE,TRUE,1,"SSP1_2_6",1,1.75,FALSE,TRUE,1,"SSP1_2_6",4
38.7660304502048,36.1443190056024,1,2.05,FALSE,TRUE,1,"SSP1_2_6",1,1.9,FALSE,TRUE,1,"SSP1_2_6",2
38.7660304502048,37.8562344581596,1,2.05,FALSE,TRUE,1,"SSP1_2_6",1,1.9,FALSE,TRUE,1,"SSP1_2_6",3
38.7660304502048,37.875664282223,1,2.05,FALSE,TRUE,1,"SSP1_2_6",1,1.9,FALSE,TRUE,1,"SSP1_2_6",4
38.7660304502048,36.1443190056024,1,2.05,FALSE,TRUE,1,"SSP1_2_6",1,2.05,FALSE,TRUE,1,"SSP1_2_6",2
38.7660304502048,37.8767293471611,1,2.05,FALSE,TRUE,1,"SSP1_2_6",1,2.05,FALSE,TRUE,1,"SSP1_2_6",3
38.7660304502048,37.1234952626307,1,2.05,FALSE,TRUE,1,"SSP1_2_6",1,2.05,FALSE,TRUE,1,"SSP1_2_6",4
38.7660304502048,36.1443190056024,1,2.05,FALSE,TRUE,1,"SSP1_2_6",1,2.2,FALSE,TRUE,1,"SSP1_2_6",2
38.7660304502048,37.2798174985734,1,2.05,FALSE,TRUE,1,"SSP1_2_6",1,2.2,FALSE,TRUE,1,"SSP1_2_6",3
38.7660304502048,36.1443190056024,1,2.05,FALSE,TRUE,1,"SSP1_2_6",1,2.2,FALSE,TRUE,1,"SSP1_2_6",4
38.7660304502048,36.1443190056024,1,2.05,FALSE,TRUE,1,"SSP1_2_6",1,2.35,FALSE,TRUE,1,"SSP1_2_6",2
38.7660304502048,36.1443190056024,1,2.05,FALSE,TRUE,1,"SSP1_2_6",1,2.35,FALSE,TRUE,1,"SSP1_2_6",3
38.7660304502048,36.1443190056024,1,2.05,FALSE,TRUE,1,"SSP1_2_6",1,2.35,FALSE,TRUE,1,"SSP1_2_6",4
38.7660304502048,36.1443190056024,1,2.05,FALSE,TRUE,1,"SSP1_2_6",1,2.5,FALSE,TRUE,1,"SSP1_2_6",2
38.7660304502048,36.1443190056024,1,2.05,FALSE,TRUE,1,"SSP1_2_6",1,2.5,FALSE,TRUE,1,"SSP1_2_6",3
38.7660304502048,36.1443190056024,1,2.05,FALSE,TRUE,1,"SSP1_2_6",1,2.5,FALSE,TRUE,1,"SSP1_2_6",4
39.1401587131563,37.8449957188529,1,2.2,FALSE,TRUE,1,"SSP1_2_6",1,1,FALSE,TRUE,1,"SSP1_2_6",2
39.1401587131563,30.9493573011559,1,2.2,FALSE,TRUE,1,"SSP1_2_6",1,1,FALSE,TRUE,1,"SSP1_2_6",3
39.1401587131563,37.8420266460339,1,2.2,FALSE,TRUE,1,"SSP1_2_6",1,1,FALSE,TRUE,1,"SSP1_2_6",4
39.1401587131563,37.8531491816994,1,2.2,FALSE,TRUE,1,"SSP1_2_6",1,1.15,FALSE,TRUE,1,"SSP1_2_6",2
39.1401587131563,37.8420266460339,1,2.2,FALSE,TRUE,1,"SSP1_2_6",1,1.15,FALSE,TRUE,1,"SSP1_2_6",3
39.1401587131563,37.8422293113512,1,2.2,FALSE,TRUE,1,"SSP1_2_6",1,1.15,FALSE,TRUE,1,"SSP1_2_6",4
39.1401587131563,38.1406607598626,1,2.2,FALSE,TRUE,1,"SSP1_2_6",1,1.3,FALSE,TRUE,1,"SSP1_2_6",2
39.1401587131563,37.8422293113512,1,2.2,FALSE,TRUE,1,"SSP1_2_6",1,1.3,FALSE,TRUE,1,"SSP1_2_6",3
39.1401587131563,37.8426382174298,1,2.2,FALSE,TRUE,1,"SSP1_2_6",1,1.3,FALSE,TRUE,1,"SSP1_2_6",4
39.1401587131563,38.7849562109058,1,2.2,FALSE,TRUE,1,"SSP1_2_6",1,1.45,FALSE,TRUE,1,"SSP1_2_6",2
39.1401587131563,37.8426382174298,1,2.2,FALSE,TRUE,1,"SSP1_2_6",1,1.45,FALSE,TRUE,1,"SSP1_2_6",3
39.1401587131563,37.8434351259857,1,2.2,FALSE,TRUE,1,"SSP1_2_6",1,1.45,FALSE,TRUE,1,"SSP1_2_6",4
39.1401587131563,38.7849562109058,1,2.2,FALSE,TRUE,1,"SSP1_2_6",1,1.6,FALSE,TRUE,1,"SSP1_2_6",2
39.1401587131563,37.8434351259857,1,2.2,FALSE,TRUE,1,"SSP1_2_6",1,1.6,FALSE,TRUE,1,"SSP1_2_6",3
39.1401587131563,37.8447983673995,1,2.2,FALSE,TRUE,1,"SSP1_2_6",1,1.6,FALSE,TRUE,1,"SSP1_2_6",4
39.1401587131563,38.7849562109058,1,2.2,FALSE,TRUE,1,"SSP1_2_6",1,1.75,FALSE,TRUE,1,"SSP1_2_6",2
39.1401587131563,37.8449957188529,1,2.2,FALSE,TRUE,1,"SSP1_2_6",1,1.75,FALSE,TRUE,1,"SSP1_2_6",3
39.1401587131563,37.8512467899638,1,2.2,FALSE,TRUE,1,"SSP1_2_6",1,1.75,FALSE,TRUE,1,"SSP1_2_6",4
39.1401587131563,38.7849562109058,1,2.2,FALSE,TRUE,1,"SSP1_2_6",1,1.9,FALSE,TRUE,1,"SSP1_2_6",2
39.1401587131563,37.8670187197251,1,2.2,FALSE,TRUE,1,"SSP1_2_6",1,1.9,FALSE,TRUE,1,"SSP1_2_6",3
39.1401587131563,37.8891020497743,1,2.2,FALSE,TRUE,1,"SSP1_2_6",1,1.9,FALSE,TRUE,1,"SSP1_2_6",4
39.1401587131563,38.7849562109058,1,2.2,FALSE,TRUE,1,"SSP1_2_6",1,2.05,FALSE,TRUE,1,"SSP1_2_6",2
39.1401587131563,37.8917162624618,1,2.2,FALSE,TRUE,1,"SSP1_2_6",1,2.05,FALSE,TRUE,1,"SSP1_2_6",3
39.1401587131563,38.3626712980689,1,2.2,FALSE,TRUE,1,"SSP1_2_6",1,2.05,FALSE,TRUE,1,"SSP1_2_6",4
39.1401587131563,38.7849562109058,1,2.2,FALSE,TRUE,1,"SSP1_2_6",1,2.2,FALSE,TRUE,1,"SSP1_2_6",2
39.1401587131563,38.2909240687903,1,2.2,FALSE,TRUE,1,"SSP1_2_6",1,2.2,FALSE,TRUE,1,"SSP1_2_6",3
39.1401587131563,38.7849562109058,1,2.2,FALSE,TRUE,1,"SSP1_2_6",1,2.2,FALSE,TRUE,1,"SSP1_2_6",4
39.1401587131563,38.7849562109058,1,2.2,FALSE,TRUE,1,"SSP1_2_6",1,2.35,FALSE,TRUE,1,"SSP1_2_6",2
39.1401587131563,38.7849562109058,1,2.2,FALSE,TRUE,1,"SSP1_2_6",1,2.35,FALSE,TRUE,1,"SSP1_2_6",3
39.1401587131563,38.7849562109058,1,2.2,FALSE,TRUE,1,"SSP1_2_6",1,2.35,FALSE,TRUE,1,"SSP1_2_6",4
39.1401587131563,38.7849562109058,1,2.2,FALSE,TRUE,1,"SSP1_2_6",1,2.5,FALSE,TRUE,1,"SSP1_2_6",2
39.1401587131563,38.7849562109058,1,2.2,FALSE,TRUE,1,"SSP1_2_6",1,2.5,FALSE,TRUE,1,"SSP1_2_6",3
39.1401587131563,38.7849562109058,1,2.2,FALSE,TRUE,1,"SSP1_2_6",1,2.5,FALSE,TRUE,1,"SSP1_2_6",4
39.8536030751592,37.84863473344,1,2.35,FALSE,TRUE,1,"SSP1_2_6",1,1,FALSE,TRUE,1,"SSP1_2_6",2
39.8536030751592,30.9497947468319,1,2.35,FALSE,TRUE,1,"SSP1_2_6",1,1,FALSE,TRUE,1,"SSP1_2_6",3
39.8536030751592,37.8455996888112,1,2.35,FALSE,TRUE,1,"SSP1_2_6",1,1,FALSE,TRUE,1,"SSP1_2_6",4
39.8536030751592,37.8574718445256,1,2.35,FALSE,TRUE,1,"SSP1_2_6",1,1.15,FALSE,TRUE,1,"SSP1_2_6",2
39.8536030751592,37.8455996888112,1,2.35,FALSE,TRUE,1,"SSP1_2_6",1,1.15,FALSE,TRUE,1,"SSP1_2_6",3
39.8536030751592,37.8458025612665,1,2.35,FALSE,TRUE,1,"SSP1_2_6",1,1.15,FALSE,TRUE,1,"SSP1_2_6",4
39.8536030751592,38.2609507496607,1,2.35,FALSE,TRUE,1,"SSP1_2_6",1,1.3,FALSE,TRUE,1,"SSP1_2_6",2
39.8536030751592,37.8458025612665,1,2.35,FALSE,TRUE,1,"SSP1_2_6",1,1.3,FALSE,TRUE,1,"SSP1_2_6",3
39.8536030751592,37.8462129900143,1,2.35,FALSE,TRUE,1,"SSP1_2_6",1,1.3,FALSE,TRUE,1,"SSP1_2_6",4
39.8536030751592,39.8536030751592,1,2.35,FALSE,TRUE,1,"SSP1_2_6",1,1.45,FALSE,TRUE,1,"SSP1_2_6",2
39.8536030751592,37.8462129900143,1,2.35,FALSE,TRUE,1,"SSP1_2_6",1,1.45,FALSE,TRUE,1,"SSP1_2_6",3
39.8536030751592,37.847023688271,1,2.35,FALSE,TRUE,1,"SSP1_2_6",1,1.45,FALSE,TRUE,1,"SSP1_2_6",4
39.8536030751592,39.8536030751592,1,2.35,FALSE,TRUE,1,"SSP1_2_6",1,1.6,FALSE,TRUE,1,"SSP1_2_6",2
39.8536030751592,37.847023688271,1,2.35,FALSE,TRUE,1,"SSP1_2_6",1,1.6,FALSE,TRUE,1,"SSP1_2_6",3
39.8536030751592,37.8484236001451,1,2.35,FALSE,TRUE,1,"SSP1_2_6",1,1.6,FALSE,TRUE,1,"SSP1_2_6",4
39.8536030751592,39.8536030751592,1,2.35,FALSE,TRUE,1,"SSP1_2_6",1,1.75,FALSE,TRUE,1,"SSP1_2_6",2
39.8536030751592,37.84863473344,1,2.35,FALSE,TRUE,1,"SSP1_2_6",1,1.75,FALSE,TRUE,1,"SSP1_2_6",3
39.8536030751592,37.8552670679048,1,2.35,FALSE,TRUE,1,"SSP1_2_6",1,1.75,FALSE,TRUE,1,"SSP1_2_6",4
39.8536030751592,39.8536030751592,1,2.35,FALSE,TRUE,1,"SSP1_2_6",1,1.9,FALSE,TRUE,1,"SSP1_2_6",2
39.8536030751592,37.8726381374075,1,2.35,FALSE,TRUE,1,"SSP1_2_6",1,1.9,FALSE,TRUE,1,"SSP1_2_6",3
39.8536030751592,37.8958591980267,1,2.35,FALSE,TRUE,1,"SSP1_2_6",1,1.9,FALSE,TRUE,1,"SSP1_2_6",4
39.8536030751592,39.8536030751592,1,2.35,FALSE,TRUE,1,"SSP1_2_6",1,2.05,FALSE,TRUE,1,"SSP1_2_6",2
39.8536030751592,37.8992016071081,1,2.35,FALSE,TRUE,1,"SSP1_2_6",1,2.05,FALSE,TRUE,1,"SSP1_2_6",3
39.8536030751592,38.8000436573412,1,2.35,FALSE,TRUE,1,"SSP1_2_6",1,2.05,FALSE,TRUE,1,"SSP1_2_6",4
39.8536030751592,39.8536030751592,1,2.35,FALSE,TRUE,1,"SSP1_2_6",1,2.2,FALSE,TRUE,1,"SSP1_2_6",2
39.8536030751592,38.6103952614335,1,2.35,FALSE,TRUE,1,"SSP1_2_6",1,2.2,FALSE,TRUE,1,"SSP1_2_6",3
39.8536030751592,39.8536030751592,1,2.35,FALSE,TRUE,1,"SSP1_2_6",1,2.2,FALSE,TRUE,1,"SSP1_2_6",4
39.8536030751592,39.8536030751592,1,2.35,FALSE,TRUE,1,"SSP1_2_6",1,2.35,FALSE,TRUE,1,"SSP1_2_6",2
39.8536030751592,39.8536030751592,1,2.35,FALSE,TRUE,1,"SSP1_2_6",1,2.35,FALSE,TRUE,1,"SSP1_2_6",3
39.8536030751592,39.8536030751592,1,2.35,FALSE,TRUE,1,"SSP1_2_6",1,2.35,FALSE,TRUE,1,"SSP1_2_6",4
39.8536030751592,39.8536030751592,1,2.35,FALSE,TRUE,1,"SSP1_2_6",1,2.5,FALSE,TRUE,1,"SSP1_2_6",2
39.8536030751592,39.8536030751592,1,2.35,FALSE,TRUE,1,"SSP1_2_6",1,2.5,FALSE,TRUE,1,"SSP1_2_6",3
39.8536030751592,39.8536030751592,1,2.35,FALSE,TRUE,1,"SSP1_2_6",1,2.5,FALSE,TRUE,1,"SSP1_2_6",4
40.2616397568689,37.8535002503483,1,2.5,FALSE,TRUE,1,"SSP1_2_6",1,1,FALSE,TRUE,1,"SSP1_2_6",2
40.2616397568689,30.9507092200394,1,2.5,FALSE,TRUE,1,"SSP1_2_6",1,1,FALSE,TRUE,1,"SSP1_2_6",3
40.2616397568689,37.850431169746,1,2.5,FALSE,TRUE,1,"SSP1_2_6",1,1,FALSE,TRUE,1,"SSP1_2_6",4
40.2616397568689,37.8626524051888,1,2.5,FALSE,TRUE,1,"SSP1_2_6",1,1.15,FALSE,TRUE,1,"SSP1_2_6",2
40.2616397568689,37.850431169746,1,2.5,FALSE,TRUE,1,"SSP1_2_6",1,1.15,FALSE,TRUE,1,"SSP1_2_6",3
40.2616397568689,37.8506342215988,1,2.5,FALSE,TRUE,1,"SSP1_2_6",1,1.15,FALSE,TRUE,1,"SSP1_2_6",4
40.2616397568689,38.3138108188527,1,2.5,FALSE,TRUE,1,"SSP1_2_6",1,1.3,FALSE,TRUE,1,"SSP1_2_6",2
40.2616397568689,37.8506342215988,1,2.5,FALSE,TRUE,1,"SSP1_2_6",1,1.3,FALSE,TRUE,1,"SSP1_2_6",3
40.2616397568689,37.8510461038244,1,2.5,FALSE,TRUE,1,"SSP1_2_6",1,1.3,FALSE,TRUE,1,"SSP1_2_6",4
40.2616397568689,40.2616397568689,1,2.5,FALSE,TRUE,1,"SSP1_2_6",1,1.45,FALSE,TRUE,1,"SSP1_2_6",2
40.2616397568689,37.8510461038244,1,2.5,FALSE,TRUE,1,"SSP1_2_6",1,1.45,FALSE,TRUE,1,"SSP1_2_6",3
40.2616397568689,37.8518638673115,1,2.5,FALSE,TRUE,1,"SSP1_2_6",1,1.45,FALSE,TRUE,1,"SSP1_2_6",4
40.2616397568689,40.2616397568689,1,2.5,FALSE,TRUE,1,"SSP1_2_6",1,1.6,FALSE,TRUE,1,"SSP1_2_6",2
40.2616397568689,37.8518638673115,1,2.5,FALSE,TRUE,1,"SSP1_2_6",1,1.6,FALSE,TRUE,1,"SSP1_2_6",3
40.2616397568689,37.8532823005073,1,2.5,FALSE,TRUE,1,"SSP1_2_6",1,1.6,FALSE,TRUE,1,"SSP1_2_6",4
40.2616397568689,40.2616397568689,1,2.5,FALSE,TRUE,1,"SSP1_2_6",1,1.75,FALSE,TRUE,1,"SSP1_2_6",2
40.2616397568689,37.8535002503483,1,2.5,FALSE,TRUE,1,"SSP1_2_6",1,1.75,FALSE,TRUE,1,"SSP1_2_6",3
40.2616397568689,37.8603239318239,1,2.5,FALSE,TRUE,1,"SSP1_2_6",1,1.75,FALSE,TRUE,1,"SSP1_2_6",4
40.2616397568689,40.2616397568689,1,2.5,FALSE,TRUE,1,"SSP1_2_6",1,1.9,FALSE,TRUE,1,"SSP1_2_6",2
40.2616397568689,37.8784225695791,1,2.5,FALSE,TRUE,1,"SSP1_2_6",1,1.9,FALSE,TRUE,1,"SSP1_2_6",3
40.2616397568689,37.9021740851345,1,2.5,FALSE,TRUE,1,"SSP1_2_6",1,1.9,FALSE,TRUE,1,"SSP1_2_6",4
40.2616397568689,40.2616397568689,1,2.5,FALSE,TRUE,1,"SSP1_2_6",1,2.05,FALSE,TRUE,1,"SSP1_2_6",2
40.2616397568689,37.9058496085669,1,2.5,FALSE,TRUE,1,"SSP1_2_6",1,2.05,FALSE,TRUE,1,"SSP1_2_6",3
40.2616397568689,38.9594287068788,1,2.5,FALSE,TRUE,1,"SSP1_2_6",1,2.05,FALSE,TRUE,1,"SSP1_2_6",4
40.2616397568689,40.2616397568689,1,2.5,FALSE,TRUE,1,"SSP1_2_6",1,2.2,FALSE,TRUE,1,"SSP1_2_6",2
40.2616397568689,38.7402998225673,1,2.5,FALSE,TRUE,1,"SSP1_2_6",1,2.2,FALSE,TRUE,1,"SSP1_2_6",3
40.2616397568689,40.2616397568689,1,2.5,FALSE,TRUE,1,"SSP1_2_6",1,2.2,FALSE,TRUE,1,"SSP1_2_6",4
40.2616397568689,40.2616397568689,1,2.5,FALSE,TRUE,1,"SSP1_2_6",1,2.35,FALSE,TRUE,1,"SSP1_2_6",2
40.2616397568689,40.2616397568689,1,2.5,FALSE,TRUE,1,"SSP1_2_6",1,2.35,FALSE,TRUE,1,"SSP1_2_6",3
40.2616397568689,40.2616397568689,1,2.5,FALSE,TRUE,1,"SSP1_2_6",1,2.35,FALSE,TRUE,1,"SSP1_2_6",4
40.2616397568689,40.2616397568689,1,2.5,FALSE,TRUE,1,"SSP1_2_6",1,2.5,FALSE,TRUE,1,"SSP1_2_6",2
40.2616397568689,40.2616397568689,1,2.5,FALSE,TRUE,1,"SSP1_2_6",1,2.5,FALSE,TRUE,1,"SSP1_2_6",3
40.2616397568689,40.2616397568689,1,2.5,FALSE,TRUE,1,"SSP1_2_6",1,2.5,FALSE,TRUE,1,"SSP1_2_6",4
31.2998748792123,22.1682088523298,1,1,FALSE,TRUE,1,"SSP2_4_5",1,1,FALSE,TRUE,1,"SSP2_4_5",2
31.2998748792123,28.1808956332712,1,1,FALSE,TRUE,1,"SSP2_4_5",1,1,FALSE,TRUE,1,"SSP2_4_5",3
31.2998748792123,28.1605683439681,1,1,FALSE,TRUE,1,"SSP2_4_5",1,1,FALSE,TRUE,1,"SSP2_4_5",4
31.2998748792123,22.1426503003608,1,1,FALSE,TRUE,1,"SSP2_4_5",1,1.15,FALSE,TRUE,1,"SSP2_4_5",2
31.2998748792123,28.1835823634966,1,1,FALSE,TRUE,1,"SSP2_4_5",1,1.15,FALSE,TRUE,1,"SSP2_4_5",3
31.2998748792123,27.779968599042,1,1,FALSE,TRUE,1,"SSP2_4_5",1,1.15,FALSE,TRUE,1,"SSP2_4_5",4
31.2998748792123,12.0597781568735,1,1,FALSE,TRUE,1,"SSP2_4_5",1,1.3,FALSE,TRUE,1,"SSP2_4_5",2
31.2998748792123,28.1835823634966,1,1,FALSE,TRUE,1,"SSP2_4_5",1,1.3,FALSE,TRUE,1,"SSP2_4_5",3
31.2998748792123,22.7492825705783,1,1,FALSE,TRUE,1,"SSP2_4_5",1,1.3,FALSE,TRUE,1,"SSP2_4_5",4
31.2998748792123,5.33032017099696,1,1,FALSE,TRUE,1,"SSP2_4_5",1,1.45,FALSE,TRUE,1,"SSP2_4_5",2
31.2998748792123,28.189801217443,1,1,FALSE,TRUE,1,"SSP2_4_5",1,1.45,FALSE,TRUE,1,"SSP2_4_5",3
31.2998748792123,22.1682190446273,1,1,FALSE,TRUE,1,"SSP2_4_5",1,1.45,FALSE,TRUE,1,"SSP2_4_5",4
31.2998748792123,5.33032017099696,1,1,FALSE,TRUE,1,"SSP2_4_5",1,1.6,FALSE,TRUE,1,"SSP2_4_5",2
31.2998748792123,28.1941788592449,1,1,FALSE,TRUE,1,"SSP2_4_5",1,1.6,FALSE,TRUE,1,"SSP2_4_5",3
31.2998748792123,22.1682190484532,1,1,FALSE,TRUE,1,"SSP2_4_5",1,1.6,FALSE,TRUE,1,"SSP2_4_5",4
31.2998748792123,5.33032017099696,1,1,FALSE,TRUE,1,"SSP2_4_5",1,1.75,FALSE,TRUE,1,"SSP2_4_5",2
31.2998748792123,28.1840440933595,1,1,FALSE,TRUE,1,"SSP2_4_5",1,1.75,FALSE,TRUE,1,"SSP2_4_5",3
31.2998748792123,22.1682190379541,1,1,FALSE,TRUE,1,"SSP2_4_5",1,1.75,FALSE,TRUE,1,"SSP2_4_5",4
31.2998748792123,5.33032017099696,1,1,FALSE,TRUE,1,"SSP2_4_5",1,1.9,FALSE,TRUE,1,"SSP2_4_5",2
31.2998748792123,28.1188340359268,1,1,FALSE,TRUE,1,"SSP2_4_5",1,1.9,FALSE,TRUE,1,"SSP2_4_5",3
31.2998748792123,22.168218657911,1,1,FALSE,TRUE,1,"SSP2_4_5",1,1.9,FALSE,TRUE,1,"SSP2_4_5",4
31.2998748792123,5.33032017099696,1,1,FALSE,TRUE,1,"SSP2_4_5",1,2.05,FALSE,TRUE,1,"SSP2_4_5",2
31.2998748792123,27.9133760444479,1,1,FALSE,TRUE,1,"SSP2_4_5",1,2.05,FALSE,TRUE,1,"SSP2_4_5",3
31.2998748792123,22.1681986018736,1,1,FALSE,TRUE,1,"SSP2_4_5",1,2.05,FALSE,TRUE,1,"SSP2_4_5",4
31.2998748792123,5.33032017099696,1,1,FALSE,TRUE,1,"SSP2_4_5",1,2.2,FALSE,TRUE,1,"SSP2_4_5",2
31.2998748792123,25.8686064892527,1,1,FALSE,TRUE,1,"SSP2_4_5",1,2.2,FALSE,TRUE,1,"SSP2_4_5",3
31.2998748792123,21.8146872358492,1,1,FALSE,TRUE,1,"SSP2_4_5",1,2.2,FALSE,TRUE,1,"SSP2_4_5",4
31.2998748792123,5.33032017099696,1,1,FALSE,TRUE,1,"SSP2_4_5",1,2.35,FALSE,TRUE,1,"SSP2_4_5",2
31.2998748792123,20.4824685232054,1,1,FALSE,TRUE,1,"SSP2_4_5",1,2.35,FALSE,TRUE,1,"SSP2_4_5",3
31.2998748792123,21.8142153412424,1,1,FALSE,TRUE,1,"SSP2_4_5",1,2.35,FALSE,TRUE,1,"SSP2_4_5",4
31.2998748792123,5.33032017099696,1,1,FALSE,TRUE,1,"SSP2_4_5",1,2.5,FALSE,TRUE,1,"SSP2_4_5",2
31.2998748792123,22.1682190479426,1,1,FALSE,TRUE,1,"SSP2_4_5",1,2.5,FALSE,TRUE,1,"SSP2_4_5",3
31.2998748792123,5.46172443001085,1,1,FALSE,TRUE,1,"SSP2_4_5",1,2.5,FALSE,TRUE,1,"SSP2_4_5",4
32.6711538839686,24.5853502196232,1,1.15,FALSE,TRUE,1,"SSP2_4_5",1,1,FALSE,TRUE,1,"SSP2_4_5",2
32.6711538839686,28.9406898174858,1,1.15,FALSE,TRUE,1,"SSP2_4_5",1,1,FALSE,TRUE,1,"SSP2_4_5",3
32.6711538839686,28.9624519521417,1,1.15,FALSE,TRUE,1,"SSP2_4_5",1,1,FALSE,TRUE,1,"SSP2_4_5",4
32.6711538839686,24.4966813207434,1,1.15,FALSE,TRUE,1,"SSP2_4_5",1,1.15,FALSE,TRUE,1,"SSP2_4_5",2
32.6711538839686,28.9422980667573,1,1.15,FALSE,TRUE,1,"SSP2_4_5",1,1.15,FALSE,TRUE,1,"SSP2_4_5",3
32.6711538839686,28.6914900599674,1,1.15,FALSE,TRUE,1,"SSP2_4_5",1,1.15,FALSE,TRUE,1,"SSP2_4_5",4
32.6711538839686,15.4073092379305,1,1.15,FALSE,TRUE,1,"SSP2_4_5",1,1.3,FALSE,TRUE,1,"SSP2_4_5",2
32.6711538839686,28.9422980667573,1,1.15,FALSE,TRUE,1,"SSP2_4_5",1,1.3,FALSE,TRUE,1,"SSP2_4_5",3
32.6711538839686,24.3044643605092,1,1.15,FALSE,TRUE,1,"SSP2_4_5",1,1.3,FALSE,TRUE,1,"SSP2_4_5",4
32.6711538839686,7.9725408274156,1,1.15,FALSE,TRUE,1,"SSP2_4_5",1,1.45,FALSE,TRUE,1,"SSP2_4_5",2
32.6711538839686,28.9467288675585,1,1.15,FALSE,TRUE,1,"SSP2_4_5",1,1.45,FALSE,TRUE,1,"SSP2_4_5",3
32.6711538839686,24.586417185324,1,1.15,FALSE,TRUE,1,"SSP2_4_5",1,1.45,FALSE,TRUE,1,"SSP2_4_5",4
32.6711538839686,7.9725408274156,1,1.15,FALSE,TRUE,1,"SSP2_4_5",1,1.6,FALSE,TRUE,1,"SSP2_4_5",2
32.6711538839686,28.9518088206699,1,1.15,FALSE,TRUE,1,"SSP2_4_5",1,1.6,FALSE,TRUE,1,"SSP2_4_5",3
32.6711538839686,24.586413659851,1,1.15,FALSE,TRUE,1,"SSP2_4_5",1,1.6,FALSE,TRUE,1,"SSP2_4_5",4
32.6711538839686,7.9725408274156,1,1.15,FALSE,TRUE,1,"SSP2_4_5",1,1.75,FALSE,TRUE,1,"SSP2_4_5",2
32.6711538839686,28.9498340143427,1,1.15,FALSE,TRUE,1,"SSP2_4_5",1,1.75,FALSE,TRUE,1,"SSP2_4_5",3
32.6711538839686,24.5863888306629,1,1.15,FALSE,TRUE,1,"SSP2_4_5",1,1.75,FALSE,TRUE,1,"SSP2_4_5",4
32.6711538839686,7.9725408274156,1,1.15,FALSE,TRUE,1,"SSP2_4_5",1,1.9,FALSE,TRUE,1,"SSP2_4_5",2
32.6711538839686,28.9181283845224,1,1.15,FALSE,TRUE,1,"SSP2_4_5",1,1.9,FALSE,TRUE,1,"SSP2_4_5",3
32.6711538839686,24.5862456032535,1,1.15,FALSE,TRUE,1,"SSP2_4_5",1,1.9,FALSE,TRUE,1,"SSP2_4_5",4
32.6711538839686,7.9725408274156,1,1.15,FALSE,TRUE,1,"SSP2_4_5",1,2.05,FALSE,TRUE,1,"SSP2_4_5",2
32.6711538839686,28.7361362232146,1,1.15,FALSE,TRUE,1,"SSP2_4_5",1,2.05,FALSE,TRUE,1,"SSP2_4_5",3
32.6711538839686,24.5848272931584,1,1.15,FALSE,TRUE,1,"SSP2_4_5",1,2.05,FALSE,TRUE,1,"SSP2_4_5",4
32.6711538839686,7.9725408274156,1,1.15,FALSE,TRUE,1,"SSP2_4_5",1,2.2,FALSE,TRUE,1,"SSP2_4_5",2
32.6711538839686,26.7840402166913,1,1.15,FALSE,TRUE,1,"SSP2_4_5",1,2.2,FALSE,TRUE,1,"SSP2_4_5",3
32.6711538839686,24.2049227628576,1,1.15,FALSE,TRUE,1,"SSP2_4_5",1,2.2,FALSE,TRUE,1,"SSP2_4_5",4
32.6711538839686,7.9725408274156,1,1.15,FALSE,TRUE,1,"SSP2_4_5",1,2.35,FALSE,TRUE,1,"SSP2_4_5",2
32.6711538839686,22.5883431370244,1,1.15,FALSE,TRUE,1,"SSP2_4_5",1,2.35,FALSE,TRUE,1,"SSP2_4_5",3
32.6711538839686,24.1896582358328,1,1.15,FALSE,TRUE,1,"SSP2_4_5",1,2.35,FALSE,TRUE,1,"SSP2_4_5",4
32.6711538839686,7.9725408274156,1,1.15,FALSE,TRUE,1,"SSP2_4_5",1,2.5,FALSE,TRUE,1,"SSP2_4_5",2
32.6711538839686,24.5864049058644,1,1.15,FALSE,TRUE,1,"SSP2_4_5",1,2.5,FALSE,TRUE,1,"SSP2_4_5",3
32.6711538839686,8.22855290575819,1,1.15,FALSE,TRUE,1,"SSP2_4_5",1,2.5,FALSE,TRUE,1,"SSP2_4_5",4
33.653511121015,26.9212551848818,1,1.3,FALSE,TRUE,1,"SSP2_4_5",1,1,FALSE,TRUE,1,"SSP2_4_5",2
33.653511121015,29.3311193856266,1,1.3,FALSE,TRUE,1,"SSP2_4_5",1,1,FALSE,TRUE,1,"SSP2_4_5",3
33.653511121015,29.3827739575614,1,1.3,FALSE,TRUE,1,"SSP2_4_5",1,1,FALSE,TRUE,1,"SSP2_4_5",4
33.653511121015,26.788338783804,1,1.3,FALSE,TRUE,1,"SSP2_4_5",1,1.15,FALSE,TRUE,1,"SSP2_4_5",2
33.653511121015,29.3320510449537,1,1.3,FALSE,TRUE,1,"SSP2_4_5",1,1.15,FALSE,TRUE,1,"SSP2_4_5",3
33.653511121015,29.2279392825251,1,1.3,FALSE,TRUE,1,"SSP2_4_5",1,1.15,FALSE,TRUE,1,"SSP2_4_5",4
33.653511121015,18.2440839588759,1,1.3,FALSE,TRUE,1,"SSP2_4_5",1,1.3,FALSE,TRUE,1,"SSP2_4_5",2
33.653511121015,29.3320510449537,1,1.3,FALSE,TRUE,1,"SSP2_4_5",1,1.3,FALSE,TRUE,1,"SSP2_4_5",3
33.653511121015,25.6970614097315,1,1.3,FALSE,TRUE,1,"SSP2_4_5",1,1.3,FALSE,TRUE,1,"SSP2_4_5",4
33.653511121015,10.8737232514503,1,1.3,FALSE,TRUE,1,"SSP2_4_5",1,1.45,FALSE,TRUE,1,"SSP2_4_5",2
33.653511121015,29.3350606348139,1,1.3,FALSE,TRUE,1,"SSP2_4_5",1,1.45,FALSE,TRUE,1,"SSP2_4_5",3
33.653511121015,26.9315732096037,1,1.3,FALSE,TRUE,1,"SSP2_4_5",1,1.45,FALSE,TRUE,1,"SSP2_4_5",4
33.653511121015,10.8737232514503,1,1.3,FALSE,TRUE,1,"SSP2_4_5",1,1.6,FALSE,TRUE,1,"SSP2_4_5",2
33.653511121015,29.339894469433,1,1.3,FALSE,TRUE,1,"SSP2_4_5",1,1.6,FALSE,TRUE,1,"SSP2_4_5",3
33.653511121015,26.9314297179067,1,1.3,FALSE,TRUE,1,"SSP2_4_5",1,1.6,FALSE,TRUE,1,"SSP2_4_5",4
33.653511121015,10.8737232514503,1,1.3,FALSE,TRUE,1,"SSP2_4_5",1,1.75,FALSE,TRUE,1,"SSP2_4_5",2
33.653511121015,29.3430333233043,1,1.3,FALSE,TRUE,1,"SSP2_4_5",1,1.75,FALSE,TRUE,1,"SSP2_4_5",3
33.653511121015,26.9307706897841,1,1.3,FALSE,TRUE,1,"SSP2_4_5",1,1.75,FALSE,TRUE,1,"SSP2_4_5",4
33.653511121015,10.8737232514503,1,1.3,FALSE,TRUE,1,"SSP2_4_5",1,1.9,FALSE,TRUE,1,"SSP2_4_5",2
33.653511121015,29.3445091494987,1,1.3,FALSE,TRUE,1,"SSP2_4_5",1,1.9,FALSE,TRUE,1,"SSP2_4_5",3
33.653511121015,26.9285160395378,1,1.3,FALSE,TRUE,1,"SSP2_4_5",1,1.9,FALSE,TRUE,1,"SSP2_4_5",4
33.653511121015,10.8737232514503,1,1.3,FALSE,TRUE,1,"SSP2_4_5",1,2.05,FALSE,TRUE,1,"SSP2_4_5",2
33.653511121015,29.2079228925011,1,1.3,FALSE,TRUE,1,"SSP2_4_5",1,2.05,FALSE,TRUE,1,"SSP2_4_5",3
33.653511121015,26.9183046695055,1,1.3,FALSE,TRUE,1,"SSP2_4_5",1,2.05,FALSE,TRUE,1,"SSP2_4_5",4
33.653511121015,10.8737232514503,1,1.3,FALSE,TRUE,1,"SSP2_4_5",1,2.2,FALSE,TRUE,1,"SSP2_4_5",2
33.653511121015,27.5086884307766,1,1.3,FALSE,TRUE,1,"SSP2_4_5",1,2.2,FALSE,TRUE,1,"SSP2_4_5",3
33.653511121015,26.5683077580223,1,1.3,FALSE,TRUE,1,"SSP2_4_5",1,2.2,FALSE,TRUE,1,"SSP2_4_5",4
33.653511121015,10.8737232514503,1,1.3,FALSE,TRUE,1,"SSP2_4_5",1,2.35,FALSE,TRUE,1,"SSP2_4_5",2
33.653511121015,24.7450843828795,1,1.3,FALSE,TRUE,1,"SSP2_4_5",1,2.35,FALSE,TRUE,1,"SSP2_4_5",3
33.653511121015,26.4730432420467,1,1.3,FALSE,TRUE,1,"SSP2_4_5",1,2.35,FALSE,TRUE,1,"SSP2_4_5",4
33.653511121015,10.8737232514503,1,1.3,FALSE,TRUE,1,"SSP2_4_5",1,2.5,FALSE,TRUE,1,"SSP2_4_5",2
33.653511121015,26.9311644096829,1,1.3,FALSE,TRUE,1,"SSP2_4_5",1,2.5,FALSE,TRUE,1,"SSP2_4_5",3
33.653511121015,11.1646143465161,1,1.3,FALSE,TRUE,1,"SSP2_4_5",1,2.5,FALSE,TRUE,1,"SSP2_4_5",4
34.4524870272071,29.2662471831478,1,1.45,FALSE,TRUE,1,"SSP2_4_5",1,1,FALSE,TRUE,1,"SSP2_4_5",2
34.4524870272071,29.5156648760146,1,1.45,FALSE,TRUE,1,"SSP2_4_5",1,1,FALSE,TRUE,1,"SSP2_4_5",3
34.4524870272071,29.5860597626535,1,1.45,FALSE,TRUE,1,"SSP2_4_5",1,1,FALSE,TRUE,1,"SSP2_4_5",4
34.4524870272071,29.1025662765507,1,1.45,FALSE,TRUE,1,"SSP2_4_5",1,1.15,FALSE,TRUE,1,"SSP2_4_5",2
34.4524870272071,29.5163701583225,1,1.45,FALSE,TRUE,1,"SSP2_4_5",1,1.15,FALSE,TRUE,1,"SSP2_4_5",3
34.4524870272071,29.5310485614467,1,1.45,FALSE,TRUE,1,"SSP2_4_5",1,1.15,FALSE,TRUE,1,"SSP2_4_5",4
34.4524870272071,21.2668998669687,1,1.45,FALSE,TRUE,1,"SSP2_4_5",1,1.3,FALSE,TRUE,1,"SSP2_4_5",2
34.4524870272071,29.5163701583225,1,1.45,FALSE,TRUE,1,"SSP2_4_5",1,1.3,FALSE,TRUE,1,"SSP2_4_5",3
34.4524870272071,27.0403048337537,1,1.45,FALSE,TRUE,1,"SSP2_4_5",1,1.3,FALSE,TRUE,1,"SSP2_4_5",4
34.4524870272071,13.8718658297816,1,1.45,FALSE,TRUE,1,"SSP2_4_5",1,1.45,FALSE,TRUE,1,"SSP2_4_5",2
34.4524870272071,29.5187770825783,1,1.45,FALSE,TRUE,1,"SSP2_4_5",1,1.45,FALSE,TRUE,1,"SSP2_4_5",3
34.4524870272071,29.3064729683831,1,1.45,FALSE,TRUE,1,"SSP2_4_5",1,1.45,FALSE,TRUE,1,"SSP2_4_5",4
34.4524870272071,13.8718658297816,1,1.45,FALSE,TRUE,1,"SSP2_4_5",1,1.6,FALSE,TRUE,1,"SSP2_4_5",2
34.4524870272071,29.5235344259339,1,1.45,FALSE,TRUE,1,"SSP2_4_5",1,1.6,FALSE,TRUE,1,"SSP2_4_5",3
34.4524870272071,29.3054434960632,1,1.45,FALSE,TRUE,1,"SSP2_4_5",1,1.6,FALSE,TRUE,1,"SSP2_4_5",4
34.4524870272071,13.8718658297816,1,1.45,FALSE,TRUE,1,"SSP2_4_5",1,1.75,FALSE,TRUE,1,"SSP2_4_5",2
34.4524870272071,29.5302121575665,1,1.45,FALSE,TRUE,1,"SSP2_4_5",1,1.75,FALSE,TRUE,1,"SSP2_4_5",3
34.4524870272071,29.3013331705512,1,1.45,FALSE,TRUE,1,"SSP2_4_5",1,1.75,FALSE,TRUE,1,"SSP2_4_5",4
34.4524870272071,13.8718658297816,1,1.45,FALSE,TRUE,1,"SSP2_4_5",1,1.9,FALSE,TRUE,1,"SSP2_4_5",2
34.4524870272071,29.5545940114651,1,1.45,FALSE,TRUE,1,"SSP2_4_5",1,1.9,FALSE,TRUE,1,"SSP2_4_5",3
34.4524870272071,29.2905692391388,1,1.45,FALSE,TRUE,1,"SSP2_4_5",1,1.9,FALSE,TRUE,1,"SSP2_4_5",4
34.4524870272071,13.8718658297816,1,1.45,FALSE,TRUE,1,"SSP2_4_5",1,2.05,FALSE,TRUE,1,"SSP2_4_5",2
34.4524870272071,29.4768344204665,1,1.45,FALSE,TRUE,1,"SSP2_4_5",1,2.05,FALSE,TRUE,1,"SSP2_4_5",3
34.4524870272071,29.258660622716,1,1.45,FALSE,TRUE,1,"SSP2_4_5",1,2.05,FALSE,TRUE,1,"SSP2_4_5",4
34.4524870272071,13.8718658297816,1,1.45,FALSE,TRUE,1,"SSP2_4_5",1,2.2,FALSE,TRUE,1,"SSP2_4_5",2
34.4524870272071,28.1808197376134,1,1.45,FALSE,TRUE,1,"SSP2_4_5",1,2.2,FALSE,TRUE,1,"SSP2_4_5",3
34.4524870272071,28.9280143774182,1,1.45,FALSE,TRUE,1,"SSP2_4_5",1,2.2,FALSE,TRUE,1,"SSP2_4_5",4
34.4524870272071,13.8718658297816,1,1.45,FALSE,TRUE,1,"SSP2_4_5",1,2.35,FALSE,TRUE,1,"SSP2_4_5",2
34.4524870272071,27.0136553967428,1,1.45,FALSE,TRUE,1,"SSP2_4_5",1,2.35,FALSE,TRUE,1,"SSP2_4_5",3
34.4524870272071,28.6857506094883,1,1.45,FALSE,TRUE,1,"SSP2_4_5",1,2.35,FALSE,TRUE,1,"SSP2_4_5",4
34.4524870272071,13.8718658297816,1,1.45,FALSE,TRUE,1,"SSP2_4_5",1,2.5,FALSE,TRUE,1,"SSP2_4_5",2
34.4524870272071,29.3036905742773,1,1.45,FALSE,TRUE,1,"SSP2_4_5",1,2.5,FALSE,TRUE,1,"SSP2_4_5",3
34.4524870272071,14.1711873923704,1,1.45,FALSE,TRUE,1,"SSP2_4_5",1,2.5,FALSE,TRUE,1,"SSP2_4_5",4
35.1165163686749,31.523222625501,1,1.6,FALSE,TRUE,1,"SSP2_4_5",1,1,FALSE,TRUE,1,"SSP2_4_5",2
35.1165163686749,29.5929789340144,1,1.6,FALSE,TRUE,1,"SSP2_4_5",1,1,FALSE,TRUE,1,"SSP2_4_5",3
35.1165163686749,29.6742156676854,1,1.6,FALSE,TRUE,1,"SSP2_4_5",1,1,FALSE,TRUE,1,"SSP2_4_5",4
35.1165163686749,31.3764895631412,1,1.6,FALSE,TRUE,1,"SSP2_4_5",1,1.15,FALSE,TRUE,1,"SSP2_4_5",2
35.1165163686749,29.5935718729553,1,1.6,FALSE,TRUE,1,"SSP2_4_5",1,1.15,FALSE,TRUE,1,"SSP2_4_5",3
35.1165163686749,29.6924856328609,1,1.6,FALSE,TRUE,1,"SSP2_4_5",1,1.15,FALSE,TRUE,1,"SSP2_4_5",4
35.1165163686749,23.726034013554,1,1.6,FALSE,TRUE,1,"SSP2_4_5",1,1.3,FALSE,TRUE,1,"SSP2_4_5",2
35.1165163686749,29.5935718729553,1,1.6,FALSE,TRUE,1,"SSP2_4_5",1,1.3,FALSE,TRUE,1,"SSP2_4_5",3
35.1165163686749,28.3185036820394,1,1.6,FALSE,TRUE,1,"SSP2_4_5",1,1.3,FALSE,TRUE,1,"SSP2_4_5",4
35.1165163686749,16.8217109286072,1,1.6,FALSE,TRUE,1,"SSP2_4_5",1,1.45,FALSE,TRUE,1,"SSP2_4_5",2
35.1165163686749,29.5958249366974,1,1.6,FALSE,TRUE,1,"SSP2_4_5",1,1.45,FALSE,TRUE,1,"SSP2_4_5",3
35.1165163686749,31.5799609910801,1,1.6,FALSE,TRUE,1,"SSP2_4_5",1,1.45,FALSE,TRUE,1,"SSP2_4_5",4
35.1165163686749,16.8217109286072,1,1.6,FALSE,TRUE,1,"SSP2_4_5",1,1.6,FALSE,TRUE,1,"SSP2_4_5",2
35.1165163686749,29.6008673489135,1,1.6,FALSE,TRUE,1,"SSP2_4_5",1,1.6,FALSE,TRUE,1,"SSP2_4_5",3
35.1165163686749,31.5783073833194,1,1.6,FALSE,TRUE,1,"SSP2_4_5",1,1.6,FALSE,TRUE,1,"SSP2_4_5",4
35.1165163686749,16.8217109286072,1,1.6,FALSE,TRUE,1,"SSP2_4_5",1,1.75,FALSE,TRUE,1,"SSP2_4_5",2
35.1165163686749,29.6100356393484,1,1.6,FALSE,TRUE,1,"SSP2_4_5",1,1.75,FALSE,TRUE,1,"SSP2_4_5",3
35.1165163686749,31.5715844345029,1,1.6,FALSE,TRUE,1,"SSP2_4_5",1,1.75,FALSE,TRUE,1,"SSP2_4_5",4
35.1165163686749,16.8217109286072,1,1.6,FALSE,TRUE,1,"SSP2_4_5",1,1.9,FALSE,TRUE,1,"SSP2_4_5",2
35.1165163686749,29.6480956188849,1,1.6,FALSE,TRUE,1,"SSP2_4_5",1,1.9,FALSE,TRUE,1,"SSP2_4_5",3
35.1165163686749,31.5561927538258,1,1.6,FALSE,TRUE,1,"SSP2_4_5",1,1.9,FALSE,TRUE,1,"SSP2_4_5",4
35.1165163686749,16.8217109286072,1,1.6,FALSE,TRUE,1,"SSP2_4_5",1,2.05,FALSE,TRUE,1,"SSP2_4_5",2
35.1165163686749,29.6301315058132,1,1.6,FALSE,TRUE,1,"SSP2_4_5",1,2.05,FALSE,TRUE,1,"SSP2_4_5",3
35.1165163686749,31.5150633591263,1,1.6,FALSE,TRUE,1,"SSP2_4_5",1,2.05,FALSE,TRUE,1,"SSP2_4_5",4
35.1165163686749,16.8217109286072,1,1.6,FALSE,TRUE,1,"SSP2_4_5",1,2.2,FALSE,TRUE,1,"SSP2_4_5",2
35.1165163686749,28.7904916787823,1,1.6,FALSE,TRUE,1,"SSP2_4_5",1,2.2,FALSE,TRUE,1,"SSP2_4_5",3
35.1165163686749,31.2425205220211,1,1.6,FALSE,TRUE,1,"SSP2_4_5",1,2.2,FALSE,TRUE,1,"SSP2_4_5",4
35.1165163686749,16.8217109286072,1,1.6,FALSE,TRUE,1,"SSP2_4_5",1,2.35,FALSE,TRUE,1,"SSP2_4_5",2
35.1165163686749,29.23849369848,1,1.6,FALSE,TRUE,1,"SSP2_4_5",1,2.35,FALSE,TRUE,1,"SSP2_4_5",3
35.1165163686749,30.8774600751056,1,1.6,FALSE,TRUE,1,"SSP2_4_5",1,2.35,FALSE,TRUE,1,"SSP2_4_5",4
35.1165163686749,16.8217109286072,1,1.6,FALSE,TRUE,1,"SSP2_4_5",1,2.5,FALSE,TRUE,1,"SSP2_4_5",2
35.1165163686749,31.5753877561796,1,1.6,FALSE,TRUE,1,"SSP2_4_5",1,2.5,FALSE,TRUE,1,"SSP2_4_5",3
35.1165163686749,17.0885830598884,1,1.6,FALSE,TRUE,1,"SSP2_4_5",1,2.5,FALSE,TRUE,1,"SSP2_4_5",4
35.8783681742499,33.6507046666895,1,1.75,FALSE,TRUE,1,"SSP2_4_5",1,1,FALSE,TRUE,1,"SSP2_4_5",2
35.8783681742499,29.6270965554067,1,1.75,FALSE,TRUE,1,"SSP2_4_5",1,1,FALSE,TRUE,1,"SSP2_4_5",3
35.8783681742499,29.7151462518805,1,1.75,FALSE,TRUE,1,"SSP2_4_5",1,1,FALSE,TRUE,1,"SSP2_4_5",4
35.8783681742499,33.4992944337303,1,1.75,FALSE,TRUE,1,"SSP2_4_5",1,1.15,FALSE,TRUE,1,"SSP2_4_5",2
35.8783681742499,29.6276357164019,1,1.75,FALSE,TRUE,1,"SSP2_4_5",1,1.15,FALSE,TRUE,1,"SSP2_4_5",3
35.8783681742499,29.7880108185551,1,1.75,FALSE,TRUE,1,"SSP2_4_5",1,1.15,FALSE,TRUE,1,"SSP2_4_5",4
35.8783681742499,26.237977692023,1,1.75,FALSE,TRUE,1,"SSP2_4_5",1,1.3,FALSE,TRUE,1,"SSP2_4_5",2
35.8783681742499,29.6276357164019,1,1.75,FALSE,TRUE,1,"SSP2_4_5",1,1.3,FALSE,TRUE,1,"SSP2_4_5",3
35.8783681742499,29.4582023945453,1,1.75,FALSE,TRUE,1,"SSP2_4_5",1,1.3,FALSE,TRUE,1,"SSP2_4_5",4
35.8783681742499,19.6715609688009,1,1.75,FALSE,TRUE,1,"SSP2_4_5",1,1.45,FALSE,TRUE,1,"SSP2_4_5",2
35.8783681742499,29.6298843925661,1,1.75,FALSE,TRUE,1,"SSP2_4_5",1,1.45,FALSE,TRUE,1,"SSP2_4_5",3
35.8783681742499,33.7064591685239,1,1.75,FALSE,TRUE,1,"SSP2_4_5",1,1.45,FALSE,TRUE,1,"SSP2_4_5",4
35.8783681742499,19.6715609688009,1,1.75,FALSE,TRUE,1,"SSP2_4_5",1,1.6,FALSE,TRUE,1,"SSP2_4_5",2
35.8783681742499,29.6352616942165,1,1.75,FALSE,TRUE,1,"SSP2_4_5",1,1.6,FALSE,TRUE,1,"SSP2_4_5",3
35.8783681742499,33.7050918780795,1,1.75,FALSE,TRUE,1,"SSP2_4_5",1,1.6,FALSE,TRUE,1,"SSP2_4_5",4
35.8783681742499,19.6715609688009,1,1.75,FALSE,TRUE,1,"SSP2_4_5",1,1.75,FALSE,TRUE,1,"SSP2_4_5",2
35.8783681742499,29.6460995172333,1,1.75,FALSE,TRUE,1,"SSP2_4_5",1,1.75,FALSE,TRUE,1,"SSP2_4_5",3
35.8783681742499,33.6985248832259,1,1.75,FALSE,TRUE,1,"SSP2_4_5",1,1.75,FALSE,TRUE,1,"SSP2_4_5",4
35.8783681742499,19.6715609688009,1,1.75,FALSE,TRUE,1,"SSP2_4_5",1,1.9,FALSE,TRUE,1,"SSP2_4_5",2
35.8783681742499,29.6931619745186,1,1.75,FALSE,TRUE,1,"SSP2_4_5",1,1.9,FALSE,TRUE,1,"SSP2_4_5",3
35.8783681742499,33.6845560793729,1,1.75,FALSE,TRUE,1,"SSP2_4_5",1,1.9,FALSE,TRUE,1,"SSP2_4_5",4
35.8783681742499,19.6715609688009,1,1.75,FALSE,TRUE,1,"SSP2_4_5",1,2.05,FALSE,TRUE,1,"SSP2_4_5",2
35.8783681742499,29.7287858445058,1,1.75,FALSE,TRUE,1,"SSP2_4_5",1,2.05,FALSE,TRUE,1,"SSP2_4_5",3
35.8783681742499,33.6438265369841,1,1.75,FALSE,TRUE,1,"SSP2_4_5",1,2.05,FALSE,TRUE,1,"SSP2_4_5",4
35.8783681742499,19.6715609688009,1,1.75,FALSE,TRUE,1,"SSP2_4_5",1,2.2,FALSE,TRUE,1,"SSP2_4_5",2
35.8783681742499,29.3473845140421,1,1.75,FALSE,TRUE,1,"SSP2_4_5",1,2.2,FALSE,TRUE,1,"SSP2_4_5",3
35.8783681742499,33.3994432811895,1,1.75,FALSE,TRUE,1,"SSP2_4_5",1,2.2,FALSE,TRUE,1,"SSP2_4_5",4
35.8783681742499,19.6715609688009,1,1.75,FALSE,TRUE,1,"SSP2_4_5",1,2.35,FALSE,TRUE,1,"SSP2_4_5",2
35.8783681742499,31.3433608338959,1,1.75,FALSE,TRUE,1,"SSP2_4_5",1,2.35,FALSE,TRUE,1,"SSP2_4_5",3
35.8783681742499,32.9921572209793,1,1.75,FALSE,TRUE,1,"SSP2_4_5",1,2.35,FALSE,TRUE,1,"SSP2_4_5",4
35.8783681742499,19.6715609688009,1,1.75,FALSE,TRUE,1,"SSP2_4_5",1,2.5,FALSE,TRUE,1,"SSP2_4_5",2
35.8783681742499,33.7022548901563,1,1.75,FALSE,TRUE,1,"SSP2_4_5",1,2.5,FALSE,TRUE,1,"SSP2_4_5",3
35.8783681742499,19.9067600860509,1,1.75,FALSE,TRUE,1,"SSP2_4_5",1,2.5,FALSE,TRUE,1,"SSP2_4_5",4
36.6580986474743,35.402817735495,1,1.9,FALSE,TRUE,1,"SSP2_4_5",1,1,FALSE,TRUE,1,"SSP2_4_5",2
36.6580986474743,29.6419877225984,1,1.9,FALSE,TRUE,1,"SSP2_4_5",1,1,FALSE,TRUE,1,"SSP2_4_5",3
36.6580986474743,29.734067262391,1,1.9,FALSE,TRUE,1,"SSP2_4_5",1,1,FALSE,TRUE,1,"SSP2_4_5",4
36.6580986474743,35.2769972967673,1,1.9,FALSE,TRUE,1,"SSP2_4_5",1,1.15,FALSE,TRUE,1,"SSP2_4_5",2
36.6580986474743,29.6424441024383,1,1.9,FALSE,TRUE,1,"SSP2_4_5",1,1.15,FALSE,TRUE,1,"SSP2_4_5",3
36.6580986474743,29.8436308940137,1,1.9,FALSE,TRUE,1,"SSP2_4_5",1,1.15,FALSE,TRUE,1,"SSP2_4_5",4
36.6580986474743,28.3900940388287,1,1.9,FALSE,TRUE,1,"SSP2_4_5",1,1.3,FALSE,TRUE,1,"SSP2_4_5",2
36.6580986474743,29.6424441024383,1,1.9,FALSE,TRUE,1,"SSP2_4_5",1,1.3,FALSE,TRUE,1,"SSP2_4_5",3
36.6580986474743,30.3560242944636,1,1.9,FALSE,TRUE,1,"SSP2_4_5",1,1.3,FALSE,TRUE,1,"SSP2_4_5",4
36.6580986474743,22.4013100916418,1,1.9,FALSE,TRUE,1,"SSP2_4_5",1,1.45,FALSE,TRUE,1,"SSP2_4_5",2
36.6580986474743,29.6447595713498,1,1.9,FALSE,TRUE,1,"SSP2_4_5",1,1.45,FALSE,TRUE,1,"SSP2_4_5",3
36.6580986474743,35.4342420253866,1,1.9,FALSE,TRUE,1,"SSP2_4_5",1,1.45,FALSE,TRUE,1,"SSP2_4_5",4
36.6580986474743,22.4013100916418,1,1.9,FALSE,TRUE,1,"SSP2_4_5",1,1.6,FALSE,TRUE,1,"SSP2_4_5",2
36.6580986474743,29.6503844604127,1,1.9,FALSE,TRUE,1,"SSP2_4_5",1,1.6,FALSE,TRUE,1,"SSP2_4_5",3
36.6580986474743,35.4338012709007,1,1.9,FALSE,TRUE,1,"SSP2_4_5",1,1.6,FALSE,TRUE,1,"SSP2_4_5",4
36.6580986474743,22.4013100916418,1,1.9,FALSE,TRUE,1,"SSP2_4_5",1,1.75,FALSE,TRUE,1,"SSP2_4_5",2
36.6580986474743,29.6623136320968,1,1.9,FALSE,TRUE,1,"SSP2_4_5",1,1.75,FALSE,TRUE,1,"SSP2_4_5",3
36.6580986474743,35.4305612958545,1,1.9,FALSE,TRUE,1,"SSP2_4_5",1,1.75,FALSE,TRUE,1,"SSP2_4_5",4
36.6580986474743,22.4013100916418,1,1.9,FALSE,TRUE,1,"SSP2_4_5",1,1.9,FALSE,TRUE,1,"SSP2_4_5",2
36.6580986474743,29.7151672855263,1,1.9,FALSE,TRUE,1,"SSP2_4_5",1,1.9,FALSE,TRUE,1,"SSP2_4_5",3
36.6580986474743,35.4237575116396,1,1.9,FALSE,TRUE,1,"SSP2_4_5",1,1.9,FALSE,TRUE,1,"SSP2_4_5",4
36.6580986474743,22.4013100916418,1,1.9,FALSE,TRUE,1,"SSP2_4_5",1,2.05,FALSE,TRUE,1,"SSP2_4_5",2
36.6580986474743,29.791159567182,1,1.9,FALSE,TRUE,1,"SSP2_4_5",1,2.05,FALSE,TRUE,1,"SSP2_4_5",3
36.6580986474743,35.3989655212144,1,1.9,FALSE,TRUE,1,"SSP2_4_5",1,2.05,FALSE,TRUE,1,"SSP2_4_5",4
36.6580986474743,22.4013100916418,1,1.9,FALSE,TRUE,1,"SSP2_4_5",1,2.2,FALSE,TRUE,1,"SSP2_4_5",2
36.6580986474743,29.7882252422749,1,1.9,FALSE,TRUE,1,"SSP2_4_5",1,2.2,FALSE,TRUE,1,"SSP2_4_5",3
36.6580986474743,35.2188047349531,1,1.9,FALSE,TRUE,1,"SSP2_4_5",1,2.2,FALSE,TRUE,1,"SSP2_4_5",4
36.6580986474743,22.4013100916418,1,1.9,FALSE,TRUE,1,"SSP2_4_5",1,2.35,FALSE,TRUE,1,"SSP2_4_5",2
36.6580986474743,33.0617499934092,1,1.9,FALSE,TRUE,1,"SSP2_4_5",1,2.35,FALSE,TRUE,1,"SSP2_4_5",3
36.6580986474743,34.8299346775812,1,1.9,FALSE,TRUE,1,"SSP2_4_5",1,2.35,FALSE,TRUE,1,"SSP2_4_5",4
36.6580986474743,22.4013100916418,1,1.9,FALSE,TRUE,1,"SSP2_4_5",1,2.5,FALSE,TRUE,1,"SSP2_4_5",2
36.6580986474743,35.4324568124097,1,1.9,FALSE,TRUE,1,"SSP2_4_5",1,2.5,FALSE,TRUE,1,"SSP2_4_5",3
36.6580986474743,22.5827236700638,1,1.9,FALSE,TRUE,1,"SSP2_4_5",1,2.5,FALSE,TRUE,1,"SSP2_4_5",4
37.4941064590068,36.5981242450243,1,2.05,FALSE,TRUE,1,"SSP2_4_5",1,1,FALSE,TRUE,1,"SSP2_4_5",2
37.4941064590068,29.6478817229016,1,2.05,FALSE,TRUE,1,"SSP2_4_5",1,1,FALSE,TRUE,1,"SSP2_4_5",3
37.4941064590068,29.7421876362251,1,2.05,FALSE,TRUE,1,"SSP2_4_5",1,1,FALSE,TRUE,1,"SSP2_4_5",4
37.4941064590068,36.5047336706498,1,2.05,FALSE,TRUE,1,"SSP2_4_5",1,1.15,FALSE,TRUE,1,"SSP2_4_5",2
37.4941064590068,29.6482177815653,1,2.05,FALSE,TRUE,1,"SSP2_4_5",1,1.15,FALSE,TRUE,1,"SSP2_4_5",3
37.4941064590068,29.8750920854991,1,2.05,FALSE,TRUE,1,"SSP2_4_5",1,1.15,FALSE,TRUE,1,"SSP2_4_5",4
37.4941064590068,30.588572125291,1,2.05,FALSE,TRUE,1,"SSP2_4_5",1,1.3,FALSE,TRUE,1,"SSP2_4_5",2
37.4941064590068,29.6482177815653,1,2.05,FALSE,TRUE,1,"SSP2_4_5",1,1.3,FALSE,TRUE,1,"SSP2_4_5",3
37.4941064590068,30.9722493948046,1,2.05,FALSE,TRUE,1,"SSP2_4_5",1,1.3,FALSE,TRUE,1,"SSP2_4_5",4
37.4941064590068,24.9860677613222,1,2.05,FALSE,TRUE,1,"SSP2_4_5",1,1.45,FALSE,TRUE,1,"SSP2_4_5",2
37.4941064590068,29.6505793074077,1,2.05,FALSE,TRUE,1,"SSP2_4_5",1,1.45,FALSE,TRUE,1,"SSP2_4_5",3
37.4941064590068,36.6146282695433,1,2.05,FALSE,TRUE,1,"SSP2_4_5",1,1.45,FALSE,TRUE,1,"SSP2_4_5",4
37.4941064590068,24.9860677613222,1,2.05,FALSE,TRUE,1,"SSP2_4_5",1,1.6,FALSE,TRUE,1,"SSP2_4_5",2
37.4941064590068,29.6563474994439,1,2.05,FALSE,TRUE,1,"SSP2_4_5",1,1.6,FALSE,TRUE,1,"SSP2_4_5",3
37.4941064590068,36.6146164065623,1,2.05,FALSE,TRUE,1,"SSP2_4_5",1,1.6,FALSE,TRUE,1,"SSP2_4_5",4
37.4941064590068,24.9860677613222,1,2.05,FALSE,TRUE,1,"SSP2_4_5",1,1.75,FALSE,TRUE,1,"SSP2_4_5",2
37.4941064590068,29.668886760286,1,2.05,FALSE,TRUE,1,"SSP2_4_5",1,1.75,FALSE,TRUE,1,"SSP2_4_5",3
37.4941064590068,36.6132109125817,1,2.05,FALSE,TRUE,1,"SSP2_4_5",1,1.75,FALSE,TRUE,1,"SSP2_4_5",4
37.4941064590068,24.9860677613222,1,2.05,FALSE,TRUE,1,"SSP2_4_5",1,1.9,FALSE,TRUE,1,"SSP2_4_5",2
37.4941064590068,29.7254294656947,1,2.05,FALSE,TRUE,1,"SSP2_4_5",1,1.9,FALSE,TRUE,1,"SSP2_4_5",3
37.4941064590068,36.6097795408991,1,2.05,FALSE,TRUE,1,"SSP2_4_5",1,1.9,FALSE,TRUE,1,"SSP2_4_5",4
37.4941064590068,24.9860677613222,1,2.05,FALSE,TRUE,1,"SSP2_4_5",1,2.05,FALSE,TRUE,1,"SSP2_4_5",2
37.4941064590068,29.8291653165096,1,2.05,FALSE,TRUE,1,"SSP2_4_5",1,2.05,FALSE,TRUE,1,"SSP2_4_5",3
37.4941064590068,36.5955729194054,1,2.05,FALSE,TRUE,1,"SSP2_4_5",1,2.05,FALSE,TRUE,1,"SSP2_4_5",4
37.4941064590068,24.9860677613222,1,2.05,FALSE,TRUE,1,"SSP2_4_5",1,2.2,FALSE,TRUE,1,"SSP2_4_5",2
37.4941064590068,30.0950258834064,1,2.05,FALSE,TRUE,1,"SSP2_4_5",1,2.2,FALSE,TRUE,1,"SSP2_4_5",3
37.4941064590068,36.4829568934407,1,2.05,FALSE,TRUE,1,"SSP2_4_5",1,2.2,FALSE,TRUE,1,"SSP2_4_5",4
37.4941064590068,24.9860677613222,1,2.05,FALSE,TRUE,1,"SSP2_4_5",1,2.35,FALSE,TRUE,1,"SSP2_4_5",2
37.4941064590068,34.2385721344011,1,2.05,FALSE,TRUE,1,"SSP2_4_5",1,2.35,FALSE,TRUE,1,"SSP2_4_5",3
37.4941064590068,36.1596045588979,1,2.05,FALSE,TRUE,1,"SSP2_4_5",1,2.35,FALSE,TRUE,1,"SSP2_4_5",4
37.4941064590068,24.9860677613222,1,2.05,FALSE,TRUE,1,"SSP2_4_5",1,2.5,FALSE,TRUE,1,"SSP2_4_5",2
37.4941064590068,36.6140963735914,1,2.05,FALSE,TRUE,1,"SSP2_4_5",1,2.5,FALSE,TRUE,1,"SSP2_4_5",3
37.4941064590068,25.1428157076399,1,2.05,FALSE,TRUE,1,"SSP2_4_5",1,2.5,FALSE,TRUE,1,"SSP2_4_5",4
38.3335595138326,37.2762482209085,1,2.2,FALSE,TRUE,1,"SSP2_4_5",1,1,FALSE,TRUE,1,"SSP2_4_5",2
38.3335595138326,29.6506159715924,1,2.2,FALSE,TRUE,1,"SSP2_4_5",1,1,FALSE,TRUE,1,"SSP2_4_5",3
38.3335595138326,29.7460857751205,1,2.2,FALSE,TRUE,1,"SSP2_4_5",1,1,FALSE,TRUE,1,"SSP2_4_5",4
38.3335595138326,37.2199097742346,1,2.2,FALSE,TRUE,1,"SSP2_4_5",1,1.15,FALSE,TRUE,1,"SSP2_4_5",2
38.3335595138326,29.6508211187586,1,2.2,FALSE,TRUE,1,"SSP2_4_5",1,1.15,FALSE,TRUE,1,"SSP2_4_5",3
38.3335595138326,29.8921127139597,1,2.2,FALSE,TRUE,1,"SSP2_4_5",1,1.15,FALSE,TRUE,1,"SSP2_4_5",4
38.3335595138326,32.5732628406257,1,2.2,FALSE,TRUE,1,"SSP2_4_5",1,1.3,FALSE,TRUE,1,"SSP2_4_5",2
38.3335595138326,29.6508211187586,1,2.2,FALSE,TRUE,1,"SSP2_4_5",1,1.3,FALSE,TRUE,1,"SSP2_4_5",3
38.3335595138326,31.3400429147956,1,2.2,FALSE,TRUE,1,"SSP2_4_5",1,1.3,FALSE,TRUE,1,"SSP2_4_5",4
38.3335595138326,27.5324388186652,1,2.2,FALSE,TRUE,1,"SSP2_4_5",1,1.45,FALSE,TRUE,1,"SSP2_4_5",2
38.3335595138326,29.6532128500107,1,2.2,FALSE,TRUE,1,"SSP2_4_5",1,1.45,FALSE,TRUE,1,"SSP2_4_5",3
38.3335595138326,37.2834203023509,1,2.2,FALSE,TRUE,1,"SSP2_4_5",1,1.45,FALSE,TRUE,1,"SSP2_4_5",4
38.3335595138326,27.5324388186652,1,2.2,FALSE,TRUE,1,"SSP2_4_5",1,1.6,FALSE,TRUE,1,"SSP2_4_5",2
38.3335595138326,29.6590606379743,1,2.2,FALSE,TRUE,1,"SSP2_4_5",1,1.6,FALSE,TRUE,1,"SSP2_4_5",3
38.3335595138326,37.2835299296388,1,2.2,FALSE,TRUE,1,"SSP2_4_5",1,1.6,FALSE,TRUE,1,"SSP2_4_5",4
38.3335595138326,27.5324388186652,1,2.2,FALSE,TRUE,1,"SSP2_4_5",1,1.75,FALSE,TRUE,1,"SSP2_4_5",2
38.3335595138326,29.6719632454471,1,2.2,FALSE,TRUE,1,"SSP2_4_5",1,1.75,FALSE,TRUE,1,"SSP2_4_5",3
38.3335595138326,37.2831296491143,1,2.2,FALSE,TRUE,1,"SSP2_4_5",1,1.75,FALSE,TRUE,1,"SSP2_4_5",4
38.3335595138326,27.5324388186652,1,2.2,FALSE,TRUE,1,"SSP2_4_5",1,1.9,FALSE,TRUE,1,"SSP2_4_5",2
38.3335595138326,29.7305547005273,1,2.2,FALSE,TRUE,1,"SSP2_4_5",1,1.9,FALSE,TRUE,1,"SSP2_4_5",3
38.3335595138326,37.2817333193573,1,2.2,FALSE,TRUE,1,"SSP2_4_5",1,1.9,FALSE,TRUE,1,"SSP2_4_5",4
38.3335595138326,27.5324388186652,1,2.2,FALSE,TRUE,1,"SSP2_4_5",1,2.05,FALSE,TRUE,1,"SSP2_4_5",2
38.3335595138326,29.8508836073703,1,2.2,FALSE,TRUE,1,"SSP2_4_5",1,2.05,FALSE,TRUE,1,"SSP2_4_5",3
38.3335595138326,37.2747382595895,1,2.2,FALSE,TRUE,1,"SSP2_4_5",1,2.05,FALSE,TRUE,1,"SSP2_4_5",4
38.3335595138326,27.5324388186652,1,2.2,FALSE,TRUE,1,"SSP2_4_5",1,2.2,FALSE,TRUE,1,"SSP2_4_5",2
38.3335595138326,30.2796948608485,1,2.2,FALSE,TRUE,1,"SSP2_4_5",1,2.2,FALSE,TRUE,1,"SSP2_4_5",3
38.3335595138326,37.2212177019994,1,2.2,FALSE,TRUE,1,"SSP2_4_5",1,2.2,FALSE,TRUE,1,"SSP2_4_5",4
38.3335595138326,27.5324388186652,1,2.2,FALSE,TRUE,1,"SSP2_4_5",1,2.35,FALSE,TRUE,1,"SSP2_4_5",2
38.3335595138326,34.9055805363263,1,2.2,FALSE,TRUE,1,"SSP2_4_5",1,2.35,FALSE,TRUE,1,"SSP2_4_5",3
38.3335595138326,36.9792240322007,1,2.2,FALSE,TRUE,1,"SSP2_4_5",1,2.35,FALSE,TRUE,1,"SSP2_4_5",4
38.3335595138326,27.5324388186652,1,2.2,FALSE,TRUE,1,"SSP2_4_5",1,2.5,FALSE,TRUE,1,"SSP2_4_5",2
38.3335595138326,37.2834183769096,1,2.2,FALSE,TRUE,1,"SSP2_4_5",1,2.5,FALSE,TRUE,1,"SSP2_4_5",3
38.3335595138326,27.646274769678,1,2.2,FALSE,TRUE,1,"SSP2_4_5",1,2.5,FALSE,TRUE,1,"SSP2_4_5",4
38.8576865156547,37.6027379563833,1,2.35,FALSE,TRUE,1,"SSP2_4_5",1,1,FALSE,TRUE,1,"SSP2_4_5",2
38.8576865156547,29.6521990343173,1,2.35,FALSE,TRUE,1,"SSP2_4_5",1,1,FALSE,TRUE,1,"SSP2_4_5",3
38.8576865156547,29.7482411598702,1,2.35,FALSE,TRUE,1,"SSP2_4_5",1,1,FALSE,TRUE,1,"SSP2_4_5",4
38.8576865156547,37.5735389005461,1,2.35,FALSE,TRUE,1,"SSP2_4_5",1,1.15,FALSE,TRUE,1,"SSP2_4_5",2
38.8576865156547,29.6522854700066,1,2.35,FALSE,TRUE,1,"SSP2_4_5",1,1.15,FALSE,TRUE,1,"SSP2_4_5",3
38.8576865156547,29.901202980653,1,2.35,FALSE,TRUE,1,"SSP2_4_5",1,1.15,FALSE,TRUE,1,"SSP2_4_5",4
38.8576865156547,34.4753127612901,1,2.35,FALSE,TRUE,1,"SSP2_4_5",1,1.3,FALSE,TRUE,1,"SSP2_4_5",2
38.8576865156547,29.6522854700066,1,2.35,FALSE,TRUE,1,"SSP2_4_5",1,1.3,FALSE,TRUE,1,"SSP2_4_5",3
38.8576865156547,31.5254028954877,1,2.35,FALSE,TRUE,1,"SSP2_4_5",1,1.3,FALSE,TRUE,1,"SSP2_4_5",4
38.8576865156547,30.031673595939,1,2.35,FALSE,TRUE,1,"SSP2_4_5",1,1.45,FALSE,TRUE,1,"SSP2_4_5",2
38.8576865156547,29.6546924895136,1,2.35,FALSE,TRUE,1,"SSP2_4_5",1,1.45,FALSE,TRUE,1,"SSP2_4_5",3
38.8576865156547,37.6060070456041,1,2.35,FALSE,TRUE,1,"SSP2_4_5",1,1.45,FALSE,TRUE,1,"SSP2_4_5",4
38.8576865156547,30.031673595939,1,2.35,FALSE,TRUE,1,"SSP2_4_5",1,1.6,FALSE,TRUE,1,"SSP2_4_5",2
38.8576865156547,29.6605822772443,1,2.35,FALSE,TRUE,1,"SSP2_4_5",1,1.6,FALSE,TRUE,1,"SSP2_4_5",3
38.8576865156547,37.6061629670098,1,2.35,FALSE,TRUE,1,"SSP2_4_5",1,1.6,FALSE,TRUE,1,"SSP2_4_5",4
38.8576865156547,30.031673595939,1,2.35,FALSE,TRUE,1,"SSP2_4_5",1,1.75,FALSE,TRUE,1,"SSP2_4_5",2
38.8576865156547,29.6736697862761,1,2.35,FALSE,TRUE,1,"SSP2_4_5",1,1.75,FALSE,TRUE,1,"SSP2_4_5",3
38.8576865156547,37.6061262580021,1,2.35,FALSE,TRUE,1,"SSP2_4_5",1,1.75,FALSE,TRUE,1,"SSP2_4_5",4
38.8576865156547,30.031673595939,1,2.35,FALSE,TRUE,1,"SSP2_4_5",1,1.9,FALSE,TRUE,1,"SSP2_4_5",2
38.8576865156547,29.7334431862618,1,2.35,FALSE,TRUE,1,"SSP2_4_5",1,1.9,FALSE,TRUE,1,"SSP2_4_5",3
38.8576865156547,37.6055147775071,1,2.35,FALSE,TRUE,1,"SSP2_4_5",1,1.9,FALSE,TRUE,1,"SSP2_4_5",4
38.8576865156547,30.031673595939,1,2.35,FALSE,TRUE,1,"SSP2_4_5",1,2.05,FALSE,TRUE,1,"SSP2_4_5",2
38.8576865156547,29.8627816916764,1,2.35,FALSE,TRUE,1,"SSP2_4_5",1,2.05,FALSE,TRUE,1,"SSP2_4_5",3
38.8576865156547,37.6018228423701,1,2.35,FALSE,TRUE,1,"SSP2_4_5",1,2.05,FALSE,TRUE,1,"SSP2_4_5",4
38.8576865156547,30.031673595939,1,2.35,FALSE,TRUE,1,"SSP2_4_5",1,2.2,FALSE,TRUE,1,"SSP2_4_5",2
38.8576865156547,30.3765153755993,1,2.35,FALSE,TRUE,1,"SSP2_4_5",1,2.2,FALSE,TRUE,1,"SSP2_4_5",3
38.8576865156547,37.5855695202399,1,2.35,FALSE,TRUE,1,"SSP2_4_5",1,2.2,FALSE,TRUE,1,"SSP2_4_5",4
38.8576865156547,30.031673595939,1,2.35,FALSE,TRUE,1,"SSP2_4_5",1,2.35,FALSE,TRUE,1,"SSP2_4_5",2
38.8576865156547,35.2271782793131,1,2.35,FALSE,TRUE,1,"SSP2_4_5",1,2.35,FALSE,TRUE,1,"SSP2_4_5",3
38.8576865156547,37.4240683061751,1,2.35,FALSE,TRUE,1,"SSP2_4_5",1,2.35,FALSE,TRUE,1,"SSP2_4_5",4
38.8576865156547,30.031673595939,1,2.35,FALSE,TRUE,1,"SSP2_4_5",1,2.5,FALSE,TRUE,1,"SSP2_4_5",2
38.8576865156547,37.6061994260647,1,2.35,FALSE,TRUE,1,"SSP2_4_5",1,2.5,FALSE,TRUE,1,"SSP2_4_5",3
38.8576865156547,30.1437173617821,1,2.35,FALSE,TRUE,1,"SSP2_4_5",1,2.5,FALSE,TRUE,1,"SSP2_4_5",4
39.1852739004793,37.7481538208528,1,2.5,FALSE,TRUE,1,"SSP2_4_5",1,1,FALSE,TRUE,1,"SSP2_4_5",2
39.1852739004793,29.6536861425556,1,2.5,FALSE,TRUE,1,"SSP2_4_5",1,1,FALSE,TRUE,1,"SSP2_4_5",3
39.1852739004793,29.7499861681265,1,2.5,FALSE,TRUE,1,"SSP2_4_5",1,1,FALSE,TRUE,1,"SSP2_4_5",4
39.1852739004793,37.73628333492,1,2.5,FALSE,TRUE,1,"SSP2_4_5",1,1.15,FALSE,TRUE,1,"SSP2_4_5",2
39.1852739004793,29.6536916726999,1,2.5,FALSE,TRUE,1,"SSP2_4_5",1,1.15,FALSE,TRUE,1,"SSP2_4_5",3
39.1852739004793,29.9064658794269,1,2.5,FALSE,TRUE,1,"SSP2_4_5",1,1.15,FALSE,TRUE,1,"SSP2_4_5",4
39.1852739004793,35.8992337419912,1,2.5,FALSE,TRUE,1,"SSP2_4_5",1,1.3,FALSE,TRUE,1,"SSP2_4_5",2
39.1852739004793,29.6536916726999,1,2.5,FALSE,TRUE,1,"SSP2_4_5",1,1.3,FALSE,TRUE,1,"SSP2_4_5",3
39.1852739004793,31.6109597882236,1,2.5,FALSE,TRUE,1,"SSP2_4_5",1,1.3,FALSE,TRUE,1,"SSP2_4_5",4
39.1852739004793,32.5268782450916,1,2.5,FALSE,TRUE,1,"SSP2_4_5",1,1.45,FALSE,TRUE,1,"SSP2_4_5",2
39.1852739004793,29.6561042784987,1,2.5,FALSE,TRUE,1,"SSP2_4_5",1,1.45,FALSE,TRUE,1,"SSP2_4_5",3
39.1852739004793,37.7488108588515,1,2.5,FALSE,TRUE,1,"SSP2_4_5",1,1.45,FALSE,TRUE,1,"SSP2_4_5",4
39.1852739004793,32.5268782450916,1,2.5,FALSE,TRUE,1,"SSP2_4_5",1,1.6,FALSE,TRUE,1,"SSP2_4_5",2
39.1852739004793,29.6620089229344,1,2.5,FALSE,TRUE,1,"SSP2_4_5",1,1.6,FALSE,TRUE,1,"SSP2_4_5",3
39.1852739004793,37.7489781909349,1,2.5,FALSE,TRUE,1,"SSP2_4_5",1,1.6,FALSE,TRUE,1,"SSP2_4_5",4
39.1852739004793,32.5268782450916,1,2.5,FALSE,TRUE,1,"SSP2_4_5",1,1.75,FALSE,TRUE,1,"SSP2_4_5",2
39.1852739004793,29.6751667119805,1,2.5,FALSE,TRUE,1,"SSP2_4_5",1,1.75,FALSE,TRUE,1,"SSP2_4_5",3
39.1852739004793,37.74913647861,1,2.5,FALSE,TRUE,1,"SSP2_4_5",1,1.75,FALSE,TRUE,1,"SSP2_4_5",4
39.1852739004793,32.5268782450916,1,2.5,FALSE,TRUE,1,"SSP2_4_5",1,1.9,FALSE,TRUE,1,"SSP2_4_5",2
39.1852739004793,29.7355923125105,1,2.5,FALSE,TRUE,1,"SSP2_4_5",1,1.9,FALSE,TRUE,1,"SSP2_4_5",3
39.1852739004793,37.7491285958511,1,2.5,FALSE,TRUE,1,"SSP2_4_5",1,1.9,FALSE,TRUE,1,"SSP2_4_5",4
39.1852739004793,32.5268782450916,1,2.5,FALSE,TRUE,1,"SSP2_4_5",1,2.05,FALSE,TRUE,1,"SSP2_4_5",2
39.1852739004793,29.8694214091828,1,2.5,FALSE,TRUE,1,"SSP2_4_5",1,2.05,FALSE,TRUE,1,"SSP2_4_5",3
39.1852739004793,37.7476937556325,1,2.5,FALSE,TRUE,1,"SSP2_4_5",1,2.05,FALSE,TRUE,1,"SSP2_4_5",4
39.1852739004793,32.5268782450916,1,2.5,FALSE,TRUE,1,"SSP2_4_5",1,2.2,FALSE,TRUE,1,"SSP2_4_5",2
39.1852739004793,30.4232030149356,1,2.5,FALSE,TRUE,1,"SSP2_4_5",1,2.2,FALSE,TRUE,1,"SSP2_4_5",3
39.1852739004793,37.7519486806134,1,2.5,FALSE,TRUE,1,"SSP2_4_5",1,2.2,FALSE,TRUE,1,"SSP2_4_5",4
39.1852739004793,32.5268782450916,1,2.5,FALSE,TRUE,1,"SSP2_4_5",1,2.35,FALSE,TRUE,1,"SSP2_4_5",2
39.1852739004793,35.3693900433929,1,2.5,FALSE,TRUE,1,"SSP2_4_5",1,2.35,FALSE,TRUE,1,"SSP2_4_5",3
39.1852739004793,37.6583952840496,1,2.5,FALSE,TRUE,1,"SSP2_4_5",1,2.35,FALSE,TRUE,1,"SSP2_4_5",4
39.1852739004793,32.5268782450916,1,2.5,FALSE,TRUE,1,"SSP2_4_5",1,2.5,FALSE,TRUE,1,"SSP2_4_5",2
39.1852739004793,37.7490854019756,1,2.5,FALSE,TRUE,1,"SSP2_4_5",1,2.5,FALSE,TRUE,1,"SSP2_4_5",3
39.1852739004793,32.594041420335,1,2.5,FALSE,TRUE,1,"SSP2_4_5",1,2.5,FALSE,TRUE,1,"SSP2_4_5",4
25.9951221721,19.9891729467662,1,1,FALSE,TRUE,1,"SSP3_7_0",1,1,FALSE,TRUE,1,"SSP3_7_0",2
25.9951221721,5.38771889828244,1,1,FALSE,TRUE,1,"SSP3_7_0",1,1,FALSE,TRUE,1,"SSP3_7_0",3
25.9951221721,23.0749716160081,1,1,FALSE,TRUE,1,"SSP3_7_0",1,1,FALSE,TRUE,1,"SSP3_7_0",4
25.9951221721,19.9891814217426,1,1,FALSE,TRUE,1,"SSP3_7_0",1,1.15,FALSE,TRUE,1,"SSP3_7_0",2
25.9951221721,5.38771889828244,1,1,FALSE,TRUE,1,"SSP3_7_0",1,1.15,FALSE,TRUE,1,"SSP3_7_0",3
25.9951221721,23.0811852850707,1,1,FALSE,TRUE,1,"SSP3_7_0",1,1.15,FALSE,TRUE,1,"SSP3_7_0",4
25.9951221721,11.3362506373938,1,1,FALSE,TRUE,1,"SSP3_7_0",1,1.3,FALSE,TRUE,1,"SSP3_7_0",2
25.9951221721,5.38771889828244,1,1,FALSE,TRUE,1,"SSP3_7_0",1,1.3,FALSE,TRUE,1,"SSP3_7_0",3
25.9951221721,23.1272324898935,1,1,FALSE,TRUE,1,"SSP3_7_0",1,1.3,FALSE,TRUE,1,"SSP3_7_0",4
25.9951221721,5.38771889828244,1,1,FALSE,TRUE,1,"SSP3_7_0",1,1.45,FALSE,TRUE,1,"SSP3_7_0",2
25.9951221721,16.726750481378,1,1,FALSE,TRUE,1,"SSP3_7_0",1,1.45,FALSE,TRUE,1,"SSP3_7_0",3
25.9951221721,23.1768077491866,1,1,FALSE,TRUE,1,"SSP3_7_0",1,1.45,FALSE,TRUE,1,"SSP3_7_0",4
25.9951221721,5.38771889828244,1,1,FALSE,TRUE,1,"SSP3_7_0",1,1.6,FALSE,TRUE,1,"SSP3_7_0",2
25.9951221721,22.306696157054,1,1,FALSE,TRUE,1,"SSP3_7_0",1,1.6,FALSE,TRUE,1,"SSP3_7_0",3
25.9951221721,23.0751595898269,1,1,FALSE,TRUE,1,"SSP3_7_0",1,1.6,FALSE,TRUE,1,"SSP3_7_0",4
25.9951221721,5.38771889828244,1,1,FALSE,TRUE,1,"SSP3_7_0",1,1.75,FALSE,TRUE,1,"SSP3_7_0",2
25.9951221721,22.3066961570441,1,1,FALSE,TRUE,1,"SSP3_7_0",1,1.75,FALSE,TRUE,1,"SSP3_7_0",3
25.9951221721,19.1669139178444,1,1,FALSE,TRUE,1,"SSP3_7_0",1,1.75,FALSE,TRUE,1,"SSP3_7_0",4
25.9951221721,5.38771889828244,1,1,FALSE,TRUE,1,"SSP3_7_0",1,1.9,FALSE,TRUE,1,"SSP3_7_0",2
25.9951221721,22.9396752323689,1,1,FALSE,TRUE,1,"SSP3_7_0",1,1.9,FALSE,TRUE,1,"SSP3_7_0",3
25.9951221721,19.9891729467662,1,1,FALSE,TRUE,1,"SSP3_7_0",1,1.9,FALSE,TRUE,1,"SSP3_7_0",4
25.9951221721,5.38771889828244,1,1,FALSE,TRUE,1,"SSP3_7_0",1,2.05,FALSE,TRUE,1,"SSP3_7_0",2
25.9951221721,23.1780831196092,1,1,FALSE,TRUE,1,"SSP3_7_0",1,2.05,FALSE,TRUE,1,"SSP3_7_0",3
25.9951221721,19.9891729467662,1,1,FALSE,TRUE,1,"SSP3_7_0",1,2.05,FALSE,TRUE,1,"SSP3_7_0",4
25.9951221721,5.38771889828244,1,1,FALSE,TRUE,1,"SSP3_7_0",1,2.2,FALSE,TRUE,1,"SSP3_7_0",2
25.9951221721,23.0848113780015,1,1,FALSE,TRUE,1,"SSP3_7_0",1,2.2,FALSE,TRUE,1,"SSP3_7_0",3
25.9951221721,19.9891729467662,1,1,FALSE,TRUE,1,"SSP3_7_0",1,2.2,FALSE,TRUE,1,"SSP3_7_0",4
25.9951221721,5.38771889828244,1,1,FALSE,TRUE,1,"SSP3_7_0",1,2.35,FALSE,TRUE,1,"SSP3_7_0",2
25.9951221721,23.0749715759494,1,1,FALSE,TRUE,1,"SSP3_7_0",1,2.35,FALSE,TRUE,1,"SSP3_7_0",3
25.9951221721,19.9891729467662,1,1,FALSE,TRUE,1,"SSP3_7_0",1,2.35,FALSE,TRUE,1,"SSP3_7_0",4
25.9951221721,5.38771889828244,1,1,FALSE,TRUE,1,"SSP3_7_0",1,2.5,FALSE,TRUE,1,"SSP3_7_0",2
25.9951221721,23.0749716160081,1,1,FALSE,TRUE,1,"SSP3_7_0",1,2.5,FALSE,TRUE,1,"SSP3_7_0",3
25.9951221721,19.9891729467662,1,1,FALSE,TRUE,1,"SSP3_7_0",1,2.5,FALSE,TRUE,1,"SSP3_7_0",4
27.4122804947008,21.8369722276472,1,1.15,FALSE,TRUE,1,"SSP3_7_0",1,1,FALSE,TRUE,1,"SSP3_7_0",2
27.4122804947008,7.92785057436167,1,1.15,FALSE,TRUE,1,"SSP3_7_0",1,1,FALSE,TRUE,1,"SSP3_7_0",3
27.4122804947008,24.0234179105436,1,1.15,FALSE,TRUE,1,"SSP3_7_0",1,1,FALSE,TRUE,1,"SSP3_7_0",4
27.4122804947008,21.8369544740554,1,1.15,FALSE,TRUE,1,"SSP3_7_0",1,1.15,FALSE,TRUE,1,"SSP3_7_0",2
27.4122804947008,7.92785057436167,1,1.15,FALSE,TRUE,1,"SSP3_7_0",1,1.15,FALSE,TRUE,1,"SSP3_7_0",3
27.4122804947008,24.034667137194,1,1.15,FALSE,TRUE,1,"SSP3_7_0",1,1.15,FALSE,TRUE,1,"SSP3_7_0",4
27.4122804947008,14.3842796070241,1,1.15,FALSE,TRUE,1,"SSP3_7_0",1,1.3,FALSE,TRUE,1,"SSP3_7_0",2
27.4122804947008,7.92785057436167,1,1.15,FALSE,TRUE,1,"SSP3_7_0",1,1.3,FALSE,TRUE,1,"SSP3_7_0",3
27.4122804947008,24.0733067634697,1,1.15,FALSE,TRUE,1,"SSP3_7_0",1,1.3,FALSE,TRUE,1,"SSP3_7_0",4
27.4122804947008,7.92785057436167,1,1.15,FALSE,TRUE,1,"SSP3_7_0",1,1.45,FALSE,TRUE,1,"SSP3_7_0",2
27.4122804947008,17.7919246647192,1,1.15,FALSE,TRUE,1,"SSP3_7_0",1,1.45,FALSE,TRUE,1,"SSP3_7_0",3
27.4122804947008,24.1105467535167,1,1.15,FALSE,TRUE,1,"SSP3_7_0",1,1.45,FALSE,TRUE,1,"SSP3_7_0",4
27.4122804947008,7.92785057436167,1,1.15,FALSE,TRUE,1,"SSP3_7_0",1,1.6,FALSE,TRUE,1,"SSP3_7_0",2
27.4122804947008,23.2822176514857,1,1.15,FALSE,TRUE,1,"SSP3_7_0",1,1.6,FALSE,TRUE,1,"SSP3_7_0",3
27.4122804947008,24.0193622649953,1,1.15,FALSE,TRUE,1,"SSP3_7_0",1,1.6,FALSE,TRUE,1,"SSP3_7_0",4
27.4122804947008,7.92785057436167,1,1.15,FALSE,TRUE,1,"SSP3_7_0",1,1.75,FALSE,TRUE,1,"SSP3_7_0",2
27.4122804947008,23.2822176451304,1,1.15,FALSE,TRUE,1,"SSP3_7_0",1,1.75,FALSE,TRUE,1,"SSP3_7_0",3
27.4122804947008,20.38302696665,1,1.15,FALSE,TRUE,1,"SSP3_7_0",1,1.75,FALSE,TRUE,1,"SSP3_7_0",4
27.4122804947008,7.92785057436167,1,1.15,FALSE,TRUE,1,"SSP3_7_0",1,1.9,FALSE,TRUE,1,"SSP3_7_0",2
27.4122804947008,23.8882397046458,1,1.15,FALSE,TRUE,1,"SSP3_7_0",1,1.9,FALSE,TRUE,1,"SSP3_7_0",3
27.4122804947008,21.8369722276472,1,1.15,FALSE,TRUE,1,"SSP3_7_0",1,1.9,FALSE,TRUE,1,"SSP3_7_0",4
27.4122804947008,7.92785057436167,1,1.15,FALSE,TRUE,1,"SSP3_7_0",1,2.05,FALSE,TRUE,1,"SSP3_7_0",2
27.4122804947008,24.111518663943,1,1.15,FALSE,TRUE,1,"SSP3_7_0",1,2.05,FALSE,TRUE,1,"SSP3_7_0",3
27.4122804947008,21.8369722276472,1,1.15,FALSE,TRUE,1,"SSP3_7_0",1,2.05,FALSE,TRUE,1,"SSP3_7_0",4
27.4122804947008,7.92785057436167,1,1.15,FALSE,TRUE,1,"SSP3_7_0",1,2.2,FALSE,TRUE,1,"SSP3_7_0",2
27.4122804947008,24.0395680571878,1,1.15,FALSE,TRUE,1,"SSP3_7_0",1,2.2,FALSE,TRUE,1,"SSP3_7_0",3
27.4122804947008,21.8369722276472,1,1.15,FALSE,TRUE,1,"SSP3_7_0",1,2.2,FALSE,TRUE,1,"SSP3_7_0",4
27.4122804947008,7.92785057436167,1,1.15,FALSE,TRUE,1,"SSP3_7_0",1,2.35,FALSE,TRUE,1,"SSP3_7_0",2
27.4122804947008,24.023416340301,1,1.15,FALSE,TRUE,1,"SSP3_7_0",1,2.35,FALSE,TRUE,1,"SSP3_7_0",3
27.4122804947008,21.8369722276472,1,1.15,FALSE,TRUE,1,"SSP3_7_0",1,2.35,FALSE,TRUE,1,"SSP3_7_0",4
27.4122804947008,7.92785057436167,1,1.15,FALSE,TRUE,1,"SSP3_7_0",1,2.5,FALSE,TRUE,1,"SSP3_7_0",2
27.4122804947008,24.0234179105436,1,1.15,FALSE,TRUE,1,"SSP3_7_0",1,2.5,FALSE,TRUE,1,"SSP3_7_0",3
27.4122804947008,21.8369722276474,1,1.15,FALSE,TRUE,1,"SSP3_7_0",1,2.5,FALSE,TRUE,1,"SSP3_7_0",4
28.7813324042035,23.5237071803704,1,1.3,FALSE,TRUE,1,"SSP3_7_0",1,1,FALSE,TRUE,1,"SSP3_7_0",2
28.7813324042035,10.6209679646573,1,1.3,FALSE,TRUE,1,"SSP3_7_0",1,1,FALSE,TRUE,1,"SSP3_7_0",3
28.7813324042035,24.9195137980918,1,1.3,FALSE,TRUE,1,"SSP3_7_0",1,1,FALSE,TRUE,1,"SSP3_7_0",4
28.7813324042035,23.5218172785776,1,1.3,FALSE,TRUE,1,"SSP3_7_0",1,1.15,FALSE,TRUE,1,"SSP3_7_0",2
28.7813324042035,10.6209679646573,1,1.3,FALSE,TRUE,1,"SSP3_7_0",1,1.15,FALSE,TRUE,1,"SSP3_7_0",3
28.7813324042035,24.9348840009404,1,1.3,FALSE,TRUE,1,"SSP3_7_0",1,1.15,FALSE,TRUE,1,"SSP3_7_0",4
28.7813324042035,16.9994037599007,1,1.3,FALSE,TRUE,1,"SSP3_7_0",1,1.3,FALSE,TRUE,1,"SSP3_7_0",2
28.7813324042035,10.6209679646573,1,1.3,FALSE,TRUE,1,"SSP3_7_0",1,1.3,FALSE,TRUE,1,"SSP3_7_0",3
28.7813324042035,24.9637322946469,1,1.3,FALSE,TRUE,1,"SSP3_7_0",1,1.3,FALSE,TRUE,1,"SSP3_7_0",4
28.7813324042035,10.6209679646573,1,1.3,FALSE,TRUE,1,"SSP3_7_0",1,1.45,FALSE,TRUE,1,"SSP3_7_0",2
28.7813324042035,19.1063177918412,1,1.3,FALSE,TRUE,1,"SSP3_7_0",1,1.45,FALSE,TRUE,1,"SSP3_7_0",3
28.7813324042035,24.9985743930775,1,1.3,FALSE,TRUE,1,"SSP3_7_0",1,1.45,FALSE,TRUE,1,"SSP3_7_0",4
28.7813324042035,10.6209679646573,1,1.3,FALSE,TRUE,1,"SSP3_7_0",1,1.6,FALSE,TRUE,1,"SSP3_7_0",2
28.7813324042035,24.2364503700545,1,1.3,FALSE,TRUE,1,"SSP3_7_0",1,1.6,FALSE,TRUE,1,"SSP3_7_0",3
28.7813324042035,24.9069833920365,1,1.3,FALSE,TRUE,1,"SSP3_7_0",1,1.6,FALSE,TRUE,1,"SSP3_7_0",4
28.7813324042035,10.6209679646573,1,1.3,FALSE,TRUE,1,"SSP3_7_0",1,1.75,FALSE,TRUE,1,"SSP3_7_0",2
28.7813324042035,24.236449605671,1,1.3,FALSE,TRUE,1,"SSP3_7_0",1,1.75,FALSE,TRUE,1,"SSP3_7_0",3
28.7813324042035,21.5875832664746,1,1.3,FALSE,TRUE,1,"SSP3_7_0",1,1.75,FALSE,TRUE,1,"SSP3_7_0",4
28.7813324042035,10.6209679646573,1,1.3,FALSE,TRUE,1,"SSP3_7_0",1,1.9,FALSE,TRUE,1,"SSP3_7_0",2
28.7813324042035,24.7953680136851,1,1.3,FALSE,TRUE,1,"SSP3_7_0",1,1.9,FALSE,TRUE,1,"SSP3_7_0",3
28.7813324042035,23.5237071803525,1,1.3,FALSE,TRUE,1,"SSP3_7_0",1,1.9,FALSE,TRUE,1,"SSP3_7_0",4
28.7813324042035,10.6209679646573,1,1.3,FALSE,TRUE,1,"SSP3_7_0",1,2.05,FALSE,TRUE,1,"SSP3_7_0",2
28.7813324042035,24.9996630189297,1,1.3,FALSE,TRUE,1,"SSP3_7_0",1,2.05,FALSE,TRUE,1,"SSP3_7_0",3
28.7813324042035,23.5237071803525,1,1.3,FALSE,TRUE,1,"SSP3_7_0",1,2.05,FALSE,TRUE,1,"SSP3_7_0",4
28.7813324042035,10.6209679646573,1,1.3,FALSE,TRUE,1,"SSP3_7_0",1,2.2,FALSE,TRUE,1,"SSP3_7_0",2
28.7813324042035,24.9399761963859,1,1.3,FALSE,TRUE,1,"SSP3_7_0",1,2.2,FALSE,TRUE,1,"SSP3_7_0",3
28.7813324042035,23.5237071803525,1,1.3,FALSE,TRUE,1,"SSP3_7_0",1,2.2,FALSE,TRUE,1,"SSP3_7_0",4
28.7813324042035,10.6209679646573,1,1.3,FALSE,TRUE,1,"SSP3_7_0",1,2.35,FALSE,TRUE,1,"SSP3_7_0",2
28.7813324042035,24.9194878242539,1,1.3,FALSE,TRUE,1,"SSP3_7_0",1,2.35,FALSE,TRUE,1,"SSP3_7_0",3
28.7813324042035,23.5237071803525,1,1.3,FALSE,TRUE,1,"SSP3_7_0",1,2.35,FALSE,TRUE,1,"SSP3_7_0",4
28.7813324042035,10.6209679646573,1,1.3,FALSE,TRUE,1,"SSP3_7_0",1,2.5,FALSE,TRUE,1,"SSP3_7_0",2
28.7813324042035,24.9195137980918,1,1.3,FALSE,TRUE,1,"SSP3_7_0",1,2.5,FALSE,TRUE,1,"SSP3_7_0",3
28.7813324042035,23.5237071809921,1,1.3,FALSE,TRUE,1,"SSP3_7_0",1,2.5,FALSE,TRUE,1,"SSP3_7_0",4
30.1343798176613,25.1025800196908,1,1.45,FALSE,TRUE,1,"SSP3_7_0",1,1,FALSE,TRUE,1,"SSP3_7_0",2
30.1343798176613,13.2813422956089,1,1.45,FALSE,TRUE,1,"SSP3_7_0",1,1,FALSE,TRUE,1,"SSP3_7_0",3
30.1343798176613,25.7815949184492,1,1.45,FALSE,TRUE,1,"SSP3_7_0",1,1,FALSE,TRUE,1,"SSP3_7_0",4
30.1343798176613,25.0904005899496,1,1.45,FALSE,TRUE,1,"SSP3_7_0",1,1.15,FALSE,TRUE,1,"SSP3_7_0",2
30.1343798176613,13.2813422956089,1,1.45,FALSE,TRUE,1,"SSP3_7_0",1,1.15,FALSE,TRUE,1,"SSP3_7_0",3
30.1343798176613,25.7935231451053,1,1.45,FALSE,TRUE,1,"SSP3_7_0",1,1.15,FALSE,TRUE,1,"SSP3_7_0",4
30.1343798176613,19.3537890716904,1,1.45,FALSE,TRUE,1,"SSP3_7_0",1,1.3,FALSE,TRUE,1,"SSP3_7_0",2
30.1343798176613,13.2813422956089,1,1.45,FALSE,TRUE,1,"SSP3_7_0",1,1.3,FALSE,TRUE,1,"SSP3_7_0",3
30.1343798176613,25.8078761960701,1,1.45,FALSE,TRUE,1,"SSP3_7_0",1,1.3,FALSE,TRUE,1,"SSP3_7_0",4
30.1343798176613,13.2813422956089,1,1.45,FALSE,TRUE,1,"SSP3_7_0",1,1.45,FALSE,TRUE,1,"SSP3_7_0",2
30.1343798176613,20.4698249904162,1,1.45,FALSE,TRUE,1,"SSP3_7_0",1,1.45,FALSE,TRUE,1,"SSP3_7_0",3
30.1343798176613,25.8414416586571,1,1.45,FALSE,TRUE,1,"SSP3_7_0",1,1.45,FALSE,TRUE,1,"SSP3_7_0",4
30.1343798176613,13.2813422956089,1,1.45,FALSE,TRUE,1,"SSP3_7_0",1,1.6,FALSE,TRUE,1,"SSP3_7_0",2
30.1343798176613,25.1517321858316,1,1.45,FALSE,TRUE,1,"SSP3_7_0",1,1.6,FALSE,TRUE,1,"SSP3_7_0",3
30.1343798176613,25.7378890063791,1,1.45,FALSE,TRUE,1,"SSP3_7_0",1,1.6,FALSE,TRUE,1,"SSP3_7_0",4
30.1343798176613,13.2813422956089,1,1.45,FALSE,TRUE,1,"SSP3_7_0",1,1.75,FALSE,TRUE,1,"SSP3_7_0",2
30.1343798176613,25.1517090753246,1,1.45,FALSE,TRUE,1,"SSP3_7_0",1,1.75,FALSE,TRUE,1,"SSP3_7_0",3
30.1343798176613,22.7083723092411,1,1.45,FALSE,TRUE,1,"SSP3_7_0",1,1.75,FALSE,TRUE,1,"SSP3_7_0",4
30.1343798176613,13.2813422956089,1,1.45,FALSE,TRUE,1,"SSP3_7_0",1,1.9,FALSE,TRUE,1,"SSP3_7_0",2
30.1343798176613,25.660482056445,1,1.45,FALSE,TRUE,1,"SSP3_7_0",1,1.9,FALSE,TRUE,1,"SSP3_7_0",3
30.1343798176613,25.1025800071234,1,1.45,FALSE,TRUE,1,"SSP3_7_0",1,1.9,FALSE,TRUE,1,"SSP3_7_0",4
30.1343798176613,13.2813422956089,1,1.45,FALSE,TRUE,1,"SSP3_7_0",1,2.05,FALSE,TRUE,1,"SSP3_7_0",2
30.1343798176613,25.8449789923716,1,1.45,FALSE,TRUE,1,"SSP3_7_0",1,2.05,FALSE,TRUE,1,"SSP3_7_0",3
30.1343798176613,25.1025800071234,1,1.45,FALSE,TRUE,1,"SSP3_7_0",1,2.05,FALSE,TRUE,1,"SSP3_7_0",4
30.1343798176613,13.2813422956089,1,1.45,FALSE,TRUE,1,"SSP3_7_0",1,2.2,FALSE,TRUE,1,"SSP3_7_0",2
30.1343798176613,25.7963200907297,1,1.45,FALSE,TRUE,1,"SSP3_7_0",1,2.2,FALSE,TRUE,1,"SSP3_7_0",3
30.1343798176613,25.1025800071237,1,1.45,FALSE,TRUE,1,"SSP3_7_0",1,2.2,FALSE,TRUE,1,"SSP3_7_0",4
30.1343798176613,13.2813422956089,1,1.45,FALSE,TRUE,1,"SSP3_7_0",1,2.35,FALSE,TRUE,1,"SSP3_7_0",2
30.1343798176613,25.7814242292118,1,1.45,FALSE,TRUE,1,"SSP3_7_0",1,2.35,FALSE,TRUE,1,"SSP3_7_0",3
30.1343798176613,25.1025800072312,1,1.45,FALSE,TRUE,1,"SSP3_7_0",1,2.35,FALSE,TRUE,1,"SSP3_7_0",4
30.1343798176613,13.2813422956089,1,1.45,FALSE,TRUE,1,"SSP3_7_0",1,2.5,FALSE,TRUE,1,"SSP3_7_0",2
30.1343798176613,25.7815949184492,1,1.45,FALSE,TRUE,1,"SSP3_7_0",1,2.5,FALSE,TRUE,1,"SSP3_7_0",3
30.1343798176613,25.1025801708061,1,1.45,FALSE,TRUE,1,"SSP3_7_0",1,2.5,FALSE,TRUE,1,"SSP3_7_0",4
31.3906167279837,26.5336827043779,1,1.6,FALSE,TRUE,1,"SSP3_7_0",1,1,FALSE,TRUE,1,"SSP3_7_0",2
31.3906167279837,15.7851398721403,1,1.6,FALSE,TRUE,1,"SSP3_7_0",1,1,FALSE,TRUE,1,"SSP3_7_0",3
31.3906167279837,26.5932698233391,1,1.6,FALSE,TRUE,1,"SSP3_7_0",1,1,FALSE,TRUE,1,"SSP3_7_0",4
31.3906167279837,26.5064787115289,1,1.6,FALSE,TRUE,1,"SSP3_7_0",1,1.15,FALSE,TRUE,1,"SSP3_7_0",2
31.3906167279837,15.7851398721403,1,1.6,FALSE,TRUE,1,"SSP3_7_0",1,1.15,FALSE,TRUE,1,"SSP3_7_0",3
31.3906167279837,26.6019657182678,1,1.6,FALSE,TRUE,1,"SSP3_7_0",1,1.15,FALSE,TRUE,1,"SSP3_7_0",4
31.3906167279837,21.3955634392583,1,1.6,FALSE,TRUE,1,"SSP3_7_0",1,1.3,FALSE,TRUE,1,"SSP3_7_0",2
31.3906167279837,15.7851398721403,1,1.6,FALSE,TRUE,1,"SSP3_7_0",1,1.3,FALSE,TRUE,1,"SSP3_7_0",3
31.3906167279837,26.6073544000201,1,1.6,FALSE,TRUE,1,"SSP3_7_0",1,1.3,FALSE,TRUE,1,"SSP3_7_0",4
31.3906167279837,15.7851398721403,1,1.6,FALSE,TRUE,1,"SSP3_7_0",1,1.45,FALSE,TRUE,1,"SSP3_7_0",2
31.3906167279837,21.7935184294523,1,1.6,FALSE,TRUE,1,"SSP3_7_0",1,1.45,FALSE,TRUE,1,"SSP3_7_0",3
31.3906167279837,26.6367482088063,1,1.6,FALSE,TRUE,1,"SSP3_7_0",1,1.45,FALSE,TRUE,1,"SSP3_7_0",4
31.3906167279837,15.7851398721403,1,1.6,FALSE,TRUE,1,"SSP3_7_0",1,1.6,FALSE,TRUE,1,"SSP3_7_0",2
31.3906167279837,26.0238480765216,1,1.6,FALSE,TRUE,1,"SSP3_7_0",1,1.6,FALSE,TRUE,1,"SSP3_7_0",3
31.3906167279837,26.5125235959208,1,1.6,FALSE,TRUE,1,"SSP3_7_0",1,1.6,FALSE,TRUE,1,"SSP3_7_0",4
31.3906167279837,15.7851398721403,1,1.6,FALSE,TRUE,1,"SSP3_7_0",1,1.75,FALSE,TRUE,1,"SSP3_7_0",2
31.3906167279837,26.0236137392888,1,1.6,FALSE,TRUE,1,"SSP3_7_0",1,1.75,FALSE,TRUE,1,"SSP3_7_0",3
31.3906167279837,23.7024876648934,1,1.6,FALSE,TRUE,1,"SSP3_7_0",1,1.75,FALSE,TRUE,1,"SSP3_7_0",4
31.3906167279837,15.7851398721403,1,1.6,FALSE,TRUE,1,"SSP3_7_0",1,1.9,FALSE,TRUE,1,"SSP3_7_0",2
31.3906167279837,26.4825041421594,1,1.6,FALSE,TRUE,1,"SSP3_7_0",1,1.9,FALSE,TRUE,1,"SSP3_7_0",3
31.3906167279837,26.5336819235422,1,1.6,FALSE,TRUE,1,"SSP3_7_0",1,1.9,FALSE,TRUE,1,"SSP3_7_0",4
31.3906167279837,15.7851398721403,1,1.6,FALSE,TRUE,1,"SSP3_7_0",1,2.05,FALSE,TRUE,1,"SSP3_7_0",2
31.3906167279837,26.6480036537683,1,1.6,FALSE,TRUE,1,"SSP3_7_0",1,2.05,FALSE,TRUE,1,"SSP3_7_0",3
31.3906167279837,26.5336819235551,1,1.6,FALSE,TRUE,1,"SSP3_7_0",1,2.05,FALSE,TRUE,1,"SSP3_7_0",4
31.3906167279837,15.7851398721403,1,1.6,FALSE,TRUE,1,"SSP3_7_0",1,2.2,FALSE,TRUE,1,"SSP3_7_0",2
31.3906167279837,26.6024343158174,1,1.6,FALSE,TRUE,1,"SSP3_7_0",1,2.2,FALSE,TRUE,1,"SSP3_7_0",3
31.3906167279837,26.5336819239247,1,1.6,FALSE,TRUE,1,"SSP3_7_0",1,2.2,FALSE,TRUE,1,"SSP3_7_0",4
31.3906167279837,15.7851398721403,1,1.6,FALSE,TRUE,1,"SSP3_7_0",1,2.35,FALSE,TRUE,1,"SSP3_7_0",2
31.3906167279837,26.5927190828695,1,1.6,FALSE,TRUE,1,"SSP3_7_0",1,2.35,FALSE,TRUE,1,"SSP3_7_0",3
31.3906167279837,26.5336819520043,1,1.6,FALSE,TRUE,1,"SSP3_7_0",1,2.35,FALSE,TRUE,1,"SSP3_7_0",4
31.3906167279837,15.7851398721403,1,1.6,FALSE,TRUE,1,"SSP3_7_0",1,2.5,FALSE,TRUE,1,"SSP3_7_0",2
31.3906167279837,26.5932698233391,1,1.6,FALSE,TRUE,1,"SSP3_7_0",1,2.5,FALSE,TRUE,1,"SSP3_7_0",3
31.3906167279837,26.5336854929028,1,1.6,FALSE,TRUE,1,"SSP3_7_0",1,2.5,FALSE,TRUE,1,"SSP3_7_0",4
32.6820670492341,27.8829236237604,1,1.75,FALSE,TRUE,1,"SSP3_7_0",1,1,FALSE,TRUE,1,"SSP3_7_0",2
32.6820670492341,18.1381823398065,1,1.75,FALSE,TRUE,1,"SSP3_7_0",1,1,FALSE,TRUE,1,"SSP3_7_0",3
32.6820670492341,27.3536571198469,1,1.75,FALSE,TRUE,1,"SSP3_7_0",1,1,FALSE,TRUE,1,"SSP3_7_0",4
32.6820670492341,27.8347055471001,1,1.75,FALSE,TRUE,1,"SSP3_7_0",1,1.15,FALSE,TRUE,1,"SSP3_7_0",2
32.6820670492341,18.1381823398065,1,1.75,FALSE,TRUE,1,"SSP3_7_0",1,1.15,FALSE,TRUE,1,"SSP3_7_0",3
32.6820670492341,27.3591961510744,1,1.75,FALSE,TRUE,1,"SSP3_7_0",1,1.15,FALSE,TRUE,1,"SSP3_7_0",4
32.6820670492341,23.3107175619772,1,1.75,FALSE,TRUE,1,"SSP3_7_0",1,1.3,FALSE,TRUE,1,"SSP3_7_0",2
32.6820670492341,18.1381823398065,1,1.75,FALSE,TRUE,1,"SSP3_7_0",1,1.3,FALSE,TRUE,1,"SSP3_7_0",3
32.6820670492341,27.3585611713867,1,1.75,FALSE,TRUE,1,"SSP3_7_0",1,1.3,FALSE,TRUE,1,"SSP3_7_0",4
32.6820670492341,18.1381823398065,1,1.75,FALSE,TRUE,1,"SSP3_7_0",1,1.45,FALSE,TRUE,1,"SSP3_7_0",2
32.6820670492341,23.0306186632593,1,1.75,FALSE,TRUE,1,"SSP3_7_0",1,1.45,FALSE,TRUE,1,"SSP3_7_0",3
32.6820670492341,27.3821398969217,1,1.75,FALSE,TRUE,1,"SSP3_7_0",1,1.45,FALSE,TRUE,1,"SSP3_7_0",4
32.6820670492341,18.1381823398065,1,1.75,FALSE,TRUE,1,"SSP3_7_0",1,1.6,FALSE,TRUE,1,"SSP3_7_0",2
32.6820670492341,26.8487818893292,1,1.75,FALSE,TRUE,1,"SSP3_7_0",1,1.6,FALSE,TRUE,1,"SSP3_7_0",3
32.6820670492341,27.2353216011159,1,1.75,FALSE,TRUE,1,"SSP3_7_0",1,1.6,FALSE,TRUE,1,"SSP3_7_0",4
32.6820670492341,18.1381823398065,1,1.75,FALSE,TRUE,1,"SSP3_7_0",1,1.75,FALSE,TRUE,1,"SSP3_7_0",2
32.6820670492341,26.84776219245,1,1.75,FALSE,TRUE,1,"SSP3_7_0",1,1.75,FALSE,TRUE,1,"SSP3_7_0",3
32.6820670492341,24.6191889008489,1,1.75,FALSE,TRUE,1,"SSP3_7_0",1,1.75,FALSE,TRUE,1,"SSP3_7_0",4
32.6820670492341,18.1381823398065,1,1.75,FALSE,TRUE,1,"SSP3_7_0",1,1.9,FALSE,TRUE,1,"SSP3_7_0",2
32.6820670492341,27.256412514498,1,1.75,FALSE,TRUE,1,"SSP3_7_0",1,1.9,FALSE,TRUE,1,"SSP3_7_0",3
32.6820670492341,27.8829186115753,1,1.75,FALSE,TRUE,1,"SSP3_7_0",1,1.9,FALSE,TRUE,1,"SSP3_7_0",4
32.6820670492341,18.1381823398065,1,1.75,FALSE,TRUE,1,"SSP3_7_0",1,2.05,FALSE,TRUE,1,"SSP3_7_0",2
32.6820670492341,27.4025412988611,1,1.75,FALSE,TRUE,1,"SSP3_7_0",1,2.05,FALSE,TRUE,1,"SSP3_7_0",3
32.6820670492341,27.8829186171475,1,1.75,FALSE,TRUE,1,"SSP3_7_0",1,2.05,FALSE,TRUE,1,"SSP3_7_0",4
32.6820670492341,18.1381823398065,1,1.75,FALSE,TRUE,1,"SSP3_7_0",1,2.2,FALSE,TRUE,1,"SSP3_7_0",2
32.6820670492341,27.3570818358648,1,1.75,FALSE,TRUE,1,"SSP3_7_0",1,2.2,FALSE,TRUE,1,"SSP3_7_0",3
32.6820670492341,27.882918681887,1,1.75,FALSE,TRUE,1,"SSP3_7_0",1,2.2,FALSE,TRUE,1,"SSP3_7_0",4
32.6820670492341,18.1381823398065,1,1.75,FALSE,TRUE,1,"SSP3_7_0",1,2.35,FALSE,TRUE,1,"SSP3_7_0",2
32.6820670492341,27.3526066180099,1,1.75,FALSE,TRUE,1,"SSP3_7_0",1,2.35,FALSE,TRUE,1,"SSP3_7_0",3
32.6820670492341,27.8829199405825,1,1.75,FALSE,TRUE,1,"SSP3_7_0",1,2.35,FALSE,TRUE,1,"SSP3_7_0",4
32.6820670492341,18.1381823398065,1,1.75,FALSE,TRUE,1,"SSP3_7_0",1,2.5,FALSE,TRUE,1,"SSP3_7_0",2
32.6820670492341,27.3536571198469,1,1.75,FALSE,TRUE,1,"SSP3_7_0",1,2.5,FALSE,TRUE,1,"SSP3_7_0",3
32.6820670492341,27.8828892743203,1,1.75,FALSE,TRUE,1,"SSP3_7_0",1,2.5,FALSE,TRUE,1,"SSP3_7_0",4
33.8810559060255,29.1324869062141,1,1.9,FALSE,TRUE,1,"SSP3_7_0",1,1,FALSE,TRUE,1,"SSP3_7_0",2
33.8810559060255,20.342363349198,1,1.9,FALSE,TRUE,1,"SSP3_7_0",1,1,FALSE,TRUE,1,"SSP3_7_0",3
33.8810559060255,28.0304536683212,1,1.9,FALSE,TRUE,1,"SSP3_7_0",1,1,FALSE,TRUE,1,"SSP3_7_0",4
33.8810559060255,29.0780013724237,1,1.9,FALSE,TRUE,1,"SSP3_7_0",1,1.15,FALSE,TRUE,1,"SSP3_7_0",2
33.8810559060255,20.342363349198,1,1.9,FALSE,TRUE,1,"SSP3_7_0",1,1.15,FALSE,TRUE,1,"SSP3_7_0",3
33.8810559060255,28.0352255589135,1,1.9,FALSE,TRUE,1,"SSP3_7_0",1,1.15,FALSE,TRUE,1,"SSP3_7_0",4
33.8810559060255,25.0521345186648,1,1.9,FALSE,TRUE,1,"SSP3_7_0",1,1.3,FALSE,TRUE,1,"SSP3_7_0",2
33.8810559060255,20.342363349198,1,1.9,FALSE,TRUE,1,"SSP3_7_0",1,1.3,FALSE,TRUE,1,"SSP3_7_0",3
33.8810559060255,28.033293861697,1,1.9,FALSE,TRUE,1,"SSP3_7_0",1,1.3,FALSE,TRUE,1,"SSP3_7_0",4
33.8810559060255,20.342363349198,1,1.9,FALSE,TRUE,1,"SSP3_7_0",1,1.45,FALSE,TRUE,1,"SSP3_7_0",2
33.8810559060255,24.192182243676,1,1.9,FALSE,TRUE,1,"SSP3_7_0",1,1.45,FALSE,TRUE,1,"SSP3_7_0",3
33.8810559060255,28.0537600367247,1,1.9,FALSE,TRUE,1,"SSP3_7_0",1,1.45,FALSE,TRUE,1,"SSP3_7_0",4
33.8810559060255,20.342363349198,1,1.9,FALSE,TRUE,1,"SSP3_7_0",1,1.6,FALSE,TRUE,1,"SSP3_7_0",2
33.8810559060255,27.6000398181297,1,1.9,FALSE,TRUE,1,"SSP3_7_0",1,1.6,FALSE,TRUE,1,"SSP3_7_0",3
33.8810559060255,27.8833831042926,1,1.9,FALSE,TRUE,1,"SSP3_7_0",1,1.6,FALSE,TRUE,1,"SSP3_7_0",4
33.8810559060255,20.342363349198,1,1.9,FALSE,TRUE,1,"SSP3_7_0",1,1.75,FALSE,TRUE,1,"SSP3_7_0",2
33.8810559060255,27.5977068790663,1,1.9,FALSE,TRUE,1,"SSP3_7_0",1,1.75,FALSE,TRUE,1,"SSP3_7_0",3
33.8810559060255,25.5054758902098,1,1.9,FALSE,TRUE,1,"SSP3_7_0",1,1.75,FALSE,TRUE,1,"SSP3_7_0",4
33.8810559060255,20.342363349198,1,1.9,FALSE,TRUE,1,"SSP3_7_0",1,1.9,FALSE,TRUE,1,"SSP3_7_0",2
33.8810559060255,27.9510430859596,1,1.9,FALSE,TRUE,1,"SSP3_7_0",1,1.9,FALSE,TRUE,1,"SSP3_7_0",3
33.8810559060255,29.1326355812124,1,1.9,FALSE,TRUE,1,"SSP3_7_0",1,1.9,FALSE,TRUE,1,"SSP3_7_0",4
33.8810559060255,20.342363349198,1,1.9,FALSE,TRUE,1,"SSP3_7_0",1,2.05,FALSE,TRUE,1,"SSP3_7_0",2
33.8810559060255,28.0788074201816,1,1.9,FALSE,TRUE,1,"SSP3_7_0",1,2.05,FALSE,TRUE,1,"SSP3_7_0",3
33.8810559060255,29.1326358515567,1,1.9,FALSE,TRUE,1,"SSP3_7_0",1,2.05,FALSE,TRUE,1,"SSP3_7_0",4
33.8810559060255,20.342363349198,1,1.9,FALSE,TRUE,1,"SSP3_7_0",1,2.2,FALSE,TRUE,1,"SSP3_7_0",2
33.8810559060255,28.0312903455369,1,1.9,FALSE,TRUE,1,"SSP3_7_0",1,2.2,FALSE,TRUE,1,"SSP3_7_0",3
33.8810559060255,29.1326369597309,1,1.9,FALSE,TRUE,1,"SSP3_7_0",1,2.2,FALSE,TRUE,1,"SSP3_7_0",4
33.8810559060255,20.342363349198,1,1.9,FALSE,TRUE,1,"SSP3_7_0",1,2.35,FALSE,TRUE,1,"SSP3_7_0",2
33.8810559060255,28.029103533094,1,1.9,FALSE,TRUE,1,"SSP3_7_0",1,2.35,FALSE,TRUE,1,"SSP3_7_0",3
33.8810559060255,29.1326351274481,1,1.9,FALSE,TRUE,1,"SSP3_7_0",1,2.35,FALSE,TRUE,1,"SSP3_7_0",4
33.8810559060255,20.342363349198,1,1.9,FALSE,TRUE,1,"SSP3_7_0",1,2.5,FALSE,TRUE,1,"SSP3_7_0",2
33.8810559060255,28.0304536683212,1,1.9,FALSE,TRUE,1,"SSP3_7_0",1,2.5,FALSE,TRUE,1,"SSP3_7_0",3
33.8810559060255,29.1319200091234,1,1.9,FALSE,TRUE,1,"SSP3_7_0",1,2.5,FALSE,TRUE,1,"SSP3_7_0",4
34.9384360864606,30.3376718055616,1,2.05,FALSE,TRUE,1,"SSP3_7_0",1,1,FALSE,TRUE,1,"SSP3_7_0",2
34.9384360864606,22.373128999777,1,2.05,FALSE,TRUE,1,"SSP3_7_0",1,1,FALSE,TRUE,1,"SSP3_7_0",3
34.9384360864606,28.5953549489643,1,2.05,FALSE,TRUE,1,"SSP3_7_0",1,1,FALSE,TRUE,1,"SSP3_7_0",4
34.9384360864606,30.2716510083183,1,2.05,FALSE,TRUE,1,"SSP3_7_0",1,1.15,FALSE,TRUE,1,"SSP3_7_0",2
34.9384360864606,22.373128999777,1,2.05,FALSE,TRUE,1,"SSP3_7_0",1,1.15,FALSE,TRUE,1,"SSP3_7_0",3
34.9384360864606,28.6000644648276,1,2.05,FALSE,TRUE,1,"SSP3_7_0",1,1.15,FALSE,TRUE,1,"SSP3_7_0",4
34.9384360864606,26.6949214273057,1,2.05,FALSE,TRUE,1,"SSP3_7_0",1,1.3,FALSE,TRUE,1,"SSP3_7_0",2
34.9384360864606,22.373128999777,1,2.05,FALSE,TRUE,1,"SSP3_7_0",1,1.3,FALSE,TRUE,1,"SSP3_7_0",3
34.9384360864606,28.6018326901396,1,2.05,FALSE,TRUE,1,"SSP3_7_0",1,1.3,FALSE,TRUE,1,"SSP3_7_0",4
34.9384360864606,22.373128999777,1,2.05,FALSE,TRUE,1,"SSP3_7_0",1,1.45,FALSE,TRUE,1,"SSP3_7_0",2
34.9384360864606,25.2525550641537,1,2.05,FALSE,TRUE,1,"SSP3_7_0",1,1.45,FALSE,TRUE,1,"SSP3_7_0",3
34.9384360864606,28.6263295699269,1,2.05,FALSE,TRUE,1,"SSP3_7_0",1,1.45,FALSE,TRUE,1,"SSP3_7_0",4
34.9384360864606,22.373128999777,1,2.05,FALSE,TRUE,1,"SSP3_7_0",1,1.6,FALSE,TRUE,1,"SSP3_7_0",2
34.9384360864606,28.2445773650616,1,2.05,FALSE,TRUE,1,"SSP3_7_0",1,1.6,FALSE,TRUE,1,"SSP3_7_0",3
34.9384360864606,28.4431216053186,1,2.05,FALSE,TRUE,1,"SSP3_7_0",1,1.6,FALSE,TRUE,1,"SSP3_7_0",4
34.9384360864606,22.373128999777,1,2.05,FALSE,TRUE,1,"SSP3_7_0",1,1.75,FALSE,TRUE,1,"SSP3_7_0",2
34.9384360864606,28.2412525097105,1,2.05,FALSE,TRUE,1,"SSP3_7_0",1,1.75,FALSE,TRUE,1,"SSP3_7_0",3
34.9384360864606,26.4043185619995,1,2.05,FALSE,TRUE,1,"SSP3_7_0",1,1.75,FALSE,TRUE,1,"SSP3_7_0",4
34.9384360864606,22.373128999777,1,2.05,FALSE,TRUE,1,"SSP3_7_0",1,1.9,FALSE,TRUE,1,"SSP3_7_0",2
34.9384360864606,28.5368276450591,1,2.05,FALSE,TRUE,1,"SSP3_7_0",1,1.9,FALSE,TRUE,1,"SSP3_7_0",3
34.9384360864606,30.3394282957653,1,2.05,FALSE,TRUE,1,"SSP3_7_0",1,1.9,FALSE,TRUE,1,"SSP3_7_0",4
34.9384360864606,22.373128999777,1,2.05,FALSE,TRUE,1,"SSP3_7_0",1,2.05,FALSE,TRUE,1,"SSP3_7_0",2
34.9384360864606,28.6456327771668,1,2.05,FALSE,TRUE,1,"SSP3_7_0",1,2.05,FALSE,TRUE,1,"SSP3_7_0",3
34.9384360864606,30.339430247267,1,2.05,FALSE,TRUE,1,"SSP3_7_0",1,2.05,FALSE,TRUE,1,"SSP3_7_0",4
34.9384360864606,22.373128999777,1,2.05,FALSE,TRUE,1,"SSP3_7_0",1,2.2,FALSE,TRUE,1,"SSP3_7_0",2
34.9384360864606,28.5951511618245,1,2.05,FALSE,TRUE,1,"SSP3_7_0",1,2.2,FALSE,TRUE,1,"SSP3_7_0",3
34.9384360864606,30.339419213207,1,2.05,FALSE,TRUE,1,"SSP3_7_0",1,2.2,FALSE,TRUE,1,"SSP3_7_0",4
34.9384360864606,22.373128999777,1,2.05,FALSE,TRUE,1,"SSP3_7_0",1,2.35,FALSE,TRUE,1,"SSP3_7_0",2
34.9384360864606,28.593942547176,1,2.05,FALSE,TRUE,1,"SSP3_7_0",1,2.35,FALSE,TRUE,1,"SSP3_7_0",3
34.9384360864606,30.3391837533539,1,2.05,FALSE,TRUE,1,"SSP3_7_0",1,2.35,FALSE,TRUE,1,"SSP3_7_0",4
34.9384360864606,22.373128999777,1,2.05,FALSE,TRUE,1,"SSP3_7_0",1,2.5,FALSE,TRUE,1,"SSP3_7_0",2
34.9384360864606,28.5953549489643,1,2.05,FALSE,TRUE,1,"SSP3_7_0",1,2.5,FALSE,TRUE,1,"SSP3_7_0",3
34.9384360864606,30.334838893772,1,2.05,FALSE,TRUE,1,"SSP3_7_0",1,2.5,FALSE,TRUE,1,"SSP3_7_0",4
35.8331709332252,31.4717667636117,1,2.2,FALSE,TRUE,1,"SSP3_7_0",1,1,FALSE,TRUE,1,"SSP3_7_0",2
35.8331709332252,24.2706520732896,1,2.2,FALSE,TRUE,1,"SSP3_7_0",1,1,FALSE,TRUE,1,"SSP3_7_0",3
35.8331709332252,29.0137969238321,1,2.2,FALSE,TRUE,1,"SSP3_7_0",1,1,FALSE,TRUE,1,"SSP3_7_0",4
35.8331709332252,31.4129555988113,1,2.2,FALSE,TRUE,1,"SSP3_7_0",1,1.15,FALSE,TRUE,1,"SSP3_7_0",2
35.8331709332252,24.2706520732896,1,2.2,FALSE,TRUE,1,"SSP3_7_0",1,1.15,FALSE,TRUE,1,"SSP3_7_0",3
35.8331709332252,29.0183606834037,1,2.2,FALSE,TRUE,1,"SSP3_7_0",1,1.15,FALSE,TRUE,1,"SSP3_7_0",4
35.8331709332252,28.1877949764982,1,2.2,FALSE,TRUE,1,"SSP3_7_0",1,1.3,FALSE,TRUE,1,"SSP3_7_0",2
35.8331709332252,24.2706520732896,1,2.2,FALSE,TRUE,1,"SSP3_7_0",1,1.3,FALSE,TRUE,1,"SSP3_7_0",3
35.8331709332252,29.0255308565823,1,2.2,FALSE,TRUE,1,"SSP3_7_0",1,1.3,FALSE,TRUE,1,"SSP3_7_0",4
35.8331709332252,24.2706520732896,1,2.2,FALSE,TRUE,1,"SSP3_7_0",1,1.45,FALSE,TRUE,1,"SSP3_7_0",2
35.8331709332252,26.2020439625941,1,2.2,FALSE,TRUE,1,"SSP3_7_0",1,1.45,FALSE,TRUE,1,"SSP3_7_0",3
35.8331709332252,29.0605721213612,1,2.2,FALSE,TRUE,1,"SSP3_7_0",1,1.45,FALSE,TRUE,1,"SSP3_7_0",4
35.8331709332252,24.2706520732896,1,2.2,FALSE,TRUE,1,"SSP3_7_0",1,1.6,FALSE,TRUE,1,"SSP3_7_0",2
35.8331709332252,28.7452867853077,1,2.2,FALSE,TRUE,1,"SSP3_7_0",1,1.6,FALSE,TRUE,1,"SSP3_7_0",3
35.8331709332252,28.8813371152897,1,2.2,FALSE,TRUE,1,"SSP3_7_0",1,1.6,FALSE,TRUE,1,"SSP3_7_0",4
35.8331709332252,24.2706520732896,1,2.2,FALSE,TRUE,1,"SSP3_7_0",1,1.75,FALSE,TRUE,1,"SSP3_7_0",2
35.8331709332252,28.7418466712944,1,2.2,FALSE,TRUE,1,"SSP3_7_0",1,1.75,FALSE,TRUE,1,"SSP3_7_0",3
35.8331709332252,27.2682759232665,1,2.2,FALSE,TRUE,1,"SSP3_7_0",1,1.75,FALSE,TRUE,1,"SSP3_7_0",4
35.8331709332252,24.2706520732896,1,2.2,FALSE,TRUE,1,"SSP3_7_0",1,1.9,FALSE,TRUE,1,"SSP3_7_0",2
35.8331709332252,28.9777067742694,1,2.2,FALSE,TRUE,1,"SSP3_7_0",1,1.9,FALSE,TRUE,1,"SSP3_7_0",3
35.8331709332252,31.4779133591893,1,2.2,FALSE,TRUE,1,"SSP3_7_0",1,1.9,FALSE,TRUE,1,"SSP3_7_0",4
35.8331709332252,24.2706520732896,1,2.2,FALSE,TRUE,1,"SSP3_7_0",1,2.05,FALSE,TRUE,1,"SSP3_7_0",2
35.8331709332252,29.0670075608417,1,2.2,FALSE,TRUE,1,"SSP3_7_0",1,2.05,FALSE,TRUE,1,"SSP3_7_0",3
35.8331709332252,31.4778786828081,1,2.2,FALSE,TRUE,1,"SSP3_7_0",1,2.05,FALSE,TRUE,1,"SSP3_7_0",4
35.8331709332252,24.2706520732896,1,2.2,FALSE,TRUE,1,"SSP3_7_0",1,2.2,FALSE,TRUE,1,"SSP3_7_0",2
35.8331709332252,29.0137629621425,1,2.2,FALSE,TRUE,1,"SSP3_7_0",1,2.2,FALSE,TRUE,1,"SSP3_7_0",3
35.8331709332252,31.4776538611508,1,2.2,FALSE,TRUE,1,"SSP3_7_0",1,2.2,FALSE,TRUE,1,"SSP3_7_0",4
35.8331709332252,24.2706520732896,1,2.2,FALSE,TRUE,1,"SSP3_7_0",1,2.35,FALSE,TRUE,1,"SSP3_7_0",2
35.8331709332252,29.01257964035,1,2.2,FALSE,TRUE,1,"SSP3_7_0",1,2.35,FALSE,TRUE,1,"SSP3_7_0",3
35.8331709332252,31.476211016404,1,2.2,FALSE,TRUE,1,"SSP3_7_0",1,2.35,FALSE,TRUE,1,"SSP3_7_0",4
35.8331709332252,24.2706520732896,1,2.2,FALSE,TRUE,1,"SSP3_7_0",1,2.5,FALSE,TRUE,1,"SSP3_7_0",2
35.8331709332252,29.0137969238321,1,2.2,FALSE,TRUE,1,"SSP3_7_0",1,2.5,FALSE,TRUE,1,"SSP3_7_0",3
35.8331709332252,31.4663803341026,1,2.2,FALSE,TRUE,1,"SSP3_7_0",1,2.5,FALSE,TRUE,1,"SSP3_7_0",4
36.5547244265982,32.5537186142981,1,2.35,FALSE,TRUE,1,"SSP3_7_0",1,1,FALSE,TRUE,1,"SSP3_7_0",2
36.5547244265982,26.0085446650158,1,2.35,FALSE,TRUE,1,"SSP3_7_0",1,1,FALSE,TRUE,1,"SSP3_7_0",3
36.5547244265982,29.2981074886763,1,2.35,FALSE,TRUE,1,"SSP3_7_0",1,1,FALSE,TRUE,1,"SSP3_7_0",4
36.5547244265982,32.4934856732536,1,2.35,FALSE,TRUE,1,"SSP3_7_0",1,1.15,FALSE,TRUE,1,"SSP3_7_0",2
36.5547244265982,26.0085446650158,1,2.35,FALSE,TRUE,1,"SSP3_7_0",1,1.15,FALSE,TRUE,1,"SSP3_7_0",3
36.5547244265982,29.3022857823803,1,2.35,FALSE,TRUE,1,"SSP3_7_0",1,1.15,FALSE,TRUE,1,"SSP3_7_0",4
36.5547244265982,29.5877539070172,1,2.35,FALSE,TRUE,1,"SSP3_7_0",1,1.3,FALSE,TRUE,1,"SSP3_7_0",2
36.5547244265982,26.0085446650158,1,2.35,FALSE,TRUE,1,"SSP3_7_0",1,1.3,FALSE,TRUE,1,"SSP3_7_0",3
36.5547244265982,29.3140482598194,1,2.35,FALSE,TRUE,1,"SSP3_7_0",1,1.3,FALSE,TRUE,1,"SSP3_7_0",4
36.5547244265982,26.0085446650158,1,2.35,FALSE,TRUE,1,"SSP3_7_0",1,1.45,FALSE,TRUE,1,"SSP3_7_0",2
36.5547244265982,27.0163206610177,1,2.35,FALSE,TRUE,1,"SSP3_7_0",1,1.45,FALSE,TRUE,1,"SSP3_7_0",3
36.5547244265982,29.3624270602666,1,2.35,FALSE,TRUE,1,"SSP3_7_0",1,1.45,FALSE,TRUE,1,"SSP3_7_0",4
36.5547244265982,26.0085446650158,1,2.35,FALSE,TRUE,1,"SSP3_7_0",1,1.6,FALSE,TRUE,1,"SSP3_7_0",2
36.5547244265982,29.1083451321811,1,2.35,FALSE,TRUE,1,"SSP3_7_0",1,1.6,FALSE,TRUE,1,"SSP3_7_0",3
36.5547244265982,29.2135463929044,1,2.35,FALSE,TRUE,1,"SSP3_7_0",1,1.6,FALSE,TRUE,1,"SSP3_7_0",4
36.5547244265982,26.0085446650158,1,2.35,FALSE,TRUE,1,"SSP3_7_0",1,1.75,FALSE,TRUE,1,"SSP3_7_0",2
36.5547244265982,29.1054297086024,1,2.35,FALSE,TRUE,1,"SSP3_7_0",1,1.75,FALSE,TRUE,1,"SSP3_7_0",3
36.5547244265982,28.0863625161028,1,2.35,FALSE,TRUE,1,"SSP3_7_0",1,1.75,FALSE,TRUE,1,"SSP3_7_0",4
36.5547244265982,26.0085446650158,1,2.35,FALSE,TRUE,1,"SSP3_7_0",1,1.9,FALSE,TRUE,1,"SSP3_7_0",2
36.5547244265982,29.2849661018658,1,2.35,FALSE,TRUE,1,"SSP3_7_0",1,1.9,FALSE,TRUE,1,"SSP3_7_0",3
36.5547244265982,32.5696550060892,1,2.35,FALSE,TRUE,1,"SSP3_7_0",1,1.9,FALSE,TRUE,1,"SSP3_7_0",4
36.5547244265982,26.0085446650158,1,2.35,FALSE,TRUE,1,"SSP3_7_0",1,2.05,FALSE,TRUE,1,"SSP3_7_0",2
36.5547244265982,29.3541279617495,1,2.35,FALSE,TRUE,1,"SSP3_7_0",1,2.05,FALSE,TRUE,1,"SSP3_7_0",3
36.5547244265982,32.5692628442108,1,2.35,FALSE,TRUE,1,"SSP3_7_0",1,2.05,FALSE,TRUE,1,"SSP3_7_0",4
36.5547244265982,26.0085446650158,1,2.35,FALSE,TRUE,1,"SSP3_7_0",1,2.2,FALSE,TRUE,1,"SSP3_7_0",2
36.5547244265982,29.2984952330812,1,2.35,FALSE,TRUE,1,"SSP3_7_0",1,2.2,FALSE,TRUE,1,"SSP3_7_0",3
36.5547244265982,32.5679453113152,1,2.35,FALSE,TRUE,1,"SSP3_7_0",1,2.2,FALSE,TRUE,1,"SSP3_7_0",4
36.5547244265982,26.0085446650158,1,2.35,FALSE,TRUE,1,"SSP3_7_0",1,2.35,FALSE,TRUE,1,"SSP3_7_0",2
36.5547244265982,29.2971132511459,1,2.35,FALSE,TRUE,1,"SSP3_7_0",1,2.35,FALSE,TRUE,1,"SSP3_7_0",3
36.5547244265982,32.5630035985602,1,2.35,FALSE,TRUE,1,"SSP3_7_0",1,2.35,FALSE,TRUE,1,"SSP3_7_0",4
36.5547244265982,26.0085446650158,1,2.35,FALSE,TRUE,1,"SSP3_7_0",1,2.5,FALSE,TRUE,1,"SSP3_7_0",2
36.5547244265982,29.2981074886763,1,2.35,FALSE,TRUE,1,"SSP3_7_0",1,2.5,FALSE,TRUE,1,"SSP3_7_0",3
36.5547244265982,32.5454927181512,1,2.35,FALSE,TRUE,1,"SSP3_7_0",1,2.5,FALSE,TRUE,1,"SSP3_7_0",4
37.1373105379807,33.5744517583538,1,2.5,FALSE,TRUE,1,"SSP3_7_0",1,1,FALSE,TRUE,1,"SSP3_7_0",2
37.1373105379807,27.6253824785947,1,2.5,FALSE,TRUE,1,"SSP3_7_0",1,1,FALSE,TRUE,1,"SSP3_7_0",3
37.1373105379807,29.4687010468876,1,2.5,FALSE,TRUE,1,"SSP3_7_0",1,1,FALSE,TRUE,1,"SSP3_7_0",4
37.1373105379807,33.5202881132768,1,2.5,FALSE,TRUE,1,"SSP3_7_0",1,1.15,FALSE,TRUE,1,"SSP3_7_0",2
37.1373105379807,27.6253824785947,1,2.5,FALSE,TRUE,1,"SSP3_7_0",1,1.15,FALSE,TRUE,1,"SSP3_7_0",3
37.1373105379807,29.4725118527683,1,2.5,FALSE,TRUE,1,"SSP3_7_0",1,1.15,FALSE,TRUE,1,"SSP3_7_0",4
37.1373105379807,30.8584198242641,1,2.5,FALSE,TRUE,1,"SSP3_7_0",1,1.3,FALSE,TRUE,1,"SSP3_7_0",2
37.1373105379807,27.6253824785947,1,2.5,FALSE,TRUE,1,"SSP3_7_0",1,1.3,FALSE,TRUE,1,"SSP3_7_0",3
37.1373105379807,29.4868082448099,1,2.5,FALSE,TRUE,1,"SSP3_7_0",1,1.3,FALSE,TRUE,1,"SSP3_7_0",4
37.1373105379807,27.6253824785947,1,2.5,FALSE,TRUE,1,"SSP3_7_0",1,1.45,FALSE,TRUE,1,"SSP3_7_0",2
37.1373105379807,27.7064640565913,1,2.5,FALSE,TRUE,1,"SSP3_7_0",1,1.45,FALSE,TRUE,1,"SSP3_7_0",3
37.1373105379807,29.5470305852616,1,2.5,FALSE,TRUE,1,"SSP3_7_0",1,1.45,FALSE,TRUE,1,"SSP3_7_0",4
37.1373105379807,27.6253824785947,1,2.5,FALSE,TRUE,1,"SSP3_7_0",1,1.6,FALSE,TRUE,1,"SSP3_7_0",2
37.1373105379807,29.3521172648404,1,2.5,FALSE,TRUE,1,"SSP3_7_0",1,1.6,FALSE,TRUE,1,"SSP3_7_0",3
37.1373105379807,29.4451756581581,1,2.5,FALSE,TRUE,1,"SSP3_7_0",1,1.6,FALSE,TRUE,1,"SSP3_7_0",4
37.1373105379807,27.6253824785947,1,2.5,FALSE,TRUE,1,"SSP3_7_0",1,1.75,FALSE,TRUE,1,"SSP3_7_0",2
37.1373105379807,29.3498797317136,1,2.5,FALSE,TRUE,1,"SSP3_7_0",1,1.75,FALSE,TRUE,1,"SSP3_7_0",3
37.1373105379807,28.8442657443719,1,2.5,FALSE,TRUE,1,"SSP3_7_0",1,1.75,FALSE,TRUE,1,"SSP3_7_0",4
37.1373105379807,27.6253824785947,1,2.5,FALSE,TRUE,1,"SSP3_7_0",1,1.9,FALSE,TRUE,1,"SSP3_7_0",2
37.1373105379807,29.4771889227843,1,2.5,FALSE,TRUE,1,"SSP3_7_0",1,1.9,FALSE,TRUE,1,"SSP3_7_0",3
37.1373105379807,33.5968134177726,1,2.5,FALSE,TRUE,1,"SSP3_7_0",1,1.9,FALSE,TRUE,1,"SSP3_7_0",4
37.1373105379807,27.6253824785947,1,2.5,FALSE,TRUE,1,"SSP3_7_0",1,2.05,FALSE,TRUE,1,"SSP3_7_0",2
37.1373105379807,29.5266989525139,1,2.5,FALSE,TRUE,1,"SSP3_7_0",1,2.05,FALSE,TRUE,1,"SSP3_7_0",3
37.1373105379807,33.5956778088213,1,2.5,FALSE,TRUE,1,"SSP3_7_0",1,2.05,FALSE,TRUE,1,"SSP3_7_0",4
37.1373105379807,27.6253824785947,1,2.5,FALSE,TRUE,1,"SSP3_7_0",1,2.2,FALSE,TRUE,1,"SSP3_7_0",2
37.1373105379807,29.4697406357934,1,2.5,FALSE,TRUE,1,"SSP3_7_0",1,2.2,FALSE,TRUE,1,"SSP3_7_0",3
37.1373105379807,33.5929419137587,1,2.5,FALSE,TRUE,1,"SSP3_7_0",1,2.2,FALSE,TRUE,1,"SSP3_7_0",4
37.1373105379807,27.6253824785947,1,2.5,FALSE,TRUE,1,"SSP3_7_0",1,2.35,FALSE,TRUE,1,"SSP3_7_0",2
37.1373105379807,29.4679299434004,1,2.5,FALSE,TRUE,1,"SSP3_7_0",1,2.35,FALSE,TRUE,1,"SSP3_7_0",3
37.1373105379807,33.5852456842492,1,2.5,FALSE,TRUE,1,"SSP3_7_0",1,2.35,FALSE,TRUE,1,"SSP3_7_0",4
37.1373105379807,27.6253824785947,1,2.5,FALSE,TRUE,1,"SSP3_7_0",1,2.5,FALSE,TRUE,1,"SSP3_7_0",2
37.1373105379807,29.4687010468876,1,2.5,FALSE,TRUE,1,"SSP3_7_0",1,2.5,FALSE,TRUE,1,"SSP3_7_0",3
37.1373105379807,33.5660163192998,1,2.5,FALSE,TRUE,1,"SSP3_7_0",1,2.5,FALSE,TRUE,1,"SSP3_7_0",4
22.6531055452344,17.4572436167869,1,1,FALSE,TRUE,1,"SSP5_8_5",1,1,FALSE,TRUE,1,"SSP5_8_5",2
22.6531055452344,4.76410409998856,1,1,FALSE,TRUE,1,"SSP5_8_5",1,1,FALSE,TRUE,1,"SSP5_8_5",3
22.6531055452344,20.1616951320482,1,1,FALSE,TRUE,1,"SSP5_8_5",1,1,FALSE,TRUE,1,"SSP5_8_5",4
22.6531055452344,17.4572436167869,1,1,FALSE,TRUE,1,"SSP5_8_5",1,1.15,FALSE,TRUE,1,"SSP5_8_5",2
22.6531055452344,4.76410409998856,1,1,FALSE,TRUE,1,"SSP5_8_5",1,1.15,FALSE,TRUE,1,"SSP5_8_5",3
22.6531055452344,20.1616951319655,1,1,FALSE,TRUE,1,"SSP5_8_5",1,1.15,FALSE,TRUE,1,"SSP5_8_5",4
22.6531055452344,10.7184136849217,1,1,FALSE,TRUE,1,"SSP5_8_5",1,1.3,FALSE,TRUE,1,"SSP5_8_5",2
22.6531055452344,4.76410409998856,1,1,FALSE,TRUE,1,"SSP5_8_5",1,1.3,FALSE,TRUE,1,"SSP5_8_5",3
22.6531055452344,20.1616951320482,1,1,FALSE,TRUE,1,"SSP5_8_5",1,1.3,FALSE,TRUE,1,"SSP5_8_5",4
22.6531055452344,4.76410409998856,1,1,FALSE,TRUE,1,"SSP5_8_5",1,1.45,FALSE,TRUE,1,"SSP5_8_5",2
22.6531055452344,4.76410409998856,1,1,FALSE,TRUE,1,"SSP5_8_5",1,1.45,FALSE,TRUE,1,"SSP5_8_5",3
22.6531055452344,20.1616951325326,1,1,FALSE,TRUE,1,"SSP5_8_5",1,1.45,FALSE,TRUE,1,"SSP5_8_5",4
22.6531055452344,4.76410409998856,1,1,FALSE,TRUE,1,"SSP5_8_5",1,1.6,FALSE,TRUE,1,"SSP5_8_5",2
22.6531055452344,4.76410409998856,1,1,FALSE,TRUE,1,"SSP5_8_5",1,1.6,FALSE,TRUE,1,"SSP5_8_5",3
22.6531055452344,20.1616952022908,1,1,FALSE,TRUE,1,"SSP5_8_5",1,1.6,FALSE,TRUE,1,"SSP5_8_5",4
22.6531055452344,4.76410409998856,1,1,FALSE,TRUE,1,"SSP5_8_5",1,1.75,FALSE,TRUE,1,"SSP5_8_5",2
22.6531055452344,4.76410409998856,1,1,FALSE,TRUE,1,"SSP5_8_5",1,1.75,FALSE,TRUE,1,"SSP5_8_5",3
22.6531055452344,20.1617804615124,1,1,FALSE,TRUE,1,"SSP5_8_5",1,1.75,FALSE,TRUE,1,"SSP5_8_5",4
22.6531055452344,4.76410409998856,1,1,FALSE,TRUE,1,"SSP5_8_5",1,1.9,FALSE,TRUE,1,"SSP5_8_5",2
22.6531055452344,4.76410409998856,1,1,FALSE,TRUE,1,"SSP5_8_5",1,1.9,FALSE,TRUE,1,"SSP5_8_5",3
22.6531055452344,20.2370211215065,1,1,FALSE,TRUE,1,"SSP5_8_5",1,1.9,FALSE,TRUE,1,"SSP5_8_5",4
22.6531055452344,4.76410409998856,1,1,FALSE,TRUE,1,"SSP5_8_5",1,2.05,FALSE,TRUE,1,"SSP5_8_5",2
22.6531055452344,5.94412878288029,1,1,FALSE,TRUE,1,"SSP5_8_5",1,2.05,FALSE,TRUE,1,"SSP5_8_5",3
22.6531055452344,20.2619557235634,1,1,FALSE,TRUE,1,"SSP5_8_5",1,2.05,FALSE,TRUE,1,"SSP5_8_5",4
22.6531055452344,4.76410409998856,1,1,FALSE,TRUE,1,"SSP5_8_5",1,2.2,FALSE,TRUE,1,"SSP5_8_5",2
22.6531055452344,15.4418660755986,1,1,FALSE,TRUE,1,"SSP5_8_5",1,2.2,FALSE,TRUE,1,"SSP5_8_5",3
22.6531055452344,19.9096790480745,1,1,FALSE,TRUE,1,"SSP5_8_5",1,2.2,FALSE,TRUE,1,"SSP5_8_5",4
22.6531055452344,4.76410409998856,1,1,FALSE,TRUE,1,"SSP5_8_5",1,2.35,FALSE,TRUE,1,"SSP5_8_5",2
22.6531055452344,18.407262813986,1,1,FALSE,TRUE,1,"SSP5_8_5",1,2.35,FALSE,TRUE,1,"SSP5_8_5",3
22.6531055452344,16.1537398272145,1,1,FALSE,TRUE,1,"SSP5_8_5",1,2.35,FALSE,TRUE,1,"SSP5_8_5",4
22.6531055452344,4.76410409998856,1,1,FALSE,TRUE,1,"SSP5_8_5",1,2.5,FALSE,TRUE,1,"SSP5_8_5",2
22.6531055452344,19.6692662395556,1,1,FALSE,TRUE,1,"SSP5_8_5",1,2.5,FALSE,TRUE,1,"SSP5_8_5",3
22.6531055452344,17.4572436167869,1,1,FALSE,TRUE,1,"SSP5_8_5",1,2.5,FALSE,TRUE,1,"SSP5_8_5",4
23.9070275413936,19.0287487828529,1,1.15,FALSE,TRUE,1,"SSP5_8_5",1,1,FALSE,TRUE,1,"SSP5_8_5",2
23.9070275413936,7.00463695860255,1,1.15,FALSE,TRUE,1,"SSP5_8_5",1,1,FALSE,TRUE,1,"SSP5_8_5",3
23.9070275413936,21.0029294086457,1,1.15,FALSE,TRUE,1,"SSP5_8_5",1,1,FALSE,TRUE,1,"SSP5_8_5",4
23.9070275413936,19.028748782853,1,1.15,FALSE,TRUE,1,"SSP5_8_5",1,1.15,FALSE,TRUE,1,"SSP5_8_5",2
23.9070275413936,7.00463695860255,1,1.15,FALSE,TRUE,1,"SSP5_8_5",1,1.15,FALSE,TRUE,1,"SSP5_8_5",3
23.9070275413936,21.0029294000974,1,1.15,FALSE,TRUE,1,"SSP5_8_5",1,1.15,FALSE,TRUE,1,"SSP5_8_5",4
23.9070275413936,13.4067761480313,1,1.15,FALSE,TRUE,1,"SSP5_8_5",1,1.3,FALSE,TRUE,1,"SSP5_8_5",2
23.9070275413936,7.00463695860255,1,1.15,FALSE,TRUE,1,"SSP5_8_5",1,1.3,FALSE,TRUE,1,"SSP5_8_5",3
23.9070275413936,21.0029294086457,1,1.15,FALSE,TRUE,1,"SSP5_8_5",1,1.3,FALSE,TRUE,1,"SSP5_8_5",4
23.9070275413936,7.00463695860255,1,1.15,FALSE,TRUE,1,"SSP5_8_5",1,1.45,FALSE,TRUE,1,"SSP5_8_5",2
23.9070275413936,7.00463695860255,1,1.15,FALSE,TRUE,1,"SSP5_8_5",1,1.45,FALSE,TRUE,1,"SSP5_8_5",3
23.9070275413936,21.0029294450334,1,1.15,FALSE,TRUE,1,"SSP5_8_5",1,1.45,FALSE,TRUE,1,"SSP5_8_5",4
23.9070275413936,7.00463695860255,1,1.15,FALSE,TRUE,1,"SSP5_8_5",1,1.6,FALSE,TRUE,1,"SSP5_8_5",2
23.9070275413936,7.00463695860255,1,1.15,FALSE,TRUE,1,"SSP5_8_5",1,1.6,FALSE,TRUE,1,"SSP5_8_5",3
23.9070275413936,21.0029317243935,1,1.15,FALSE,TRUE,1,"SSP5_8_5",1,1.6,FALSE,TRUE,1,"SSP5_8_5",4
23.9070275413936,7.00463695860255,1,1.15,FALSE,TRUE,1,"SSP5_8_5",1,1.75,FALSE,TRUE,1,"SSP5_8_5",2
23.9070275413936,7.00463695860255,1,1.15,FALSE,TRUE,1,"SSP5_8_5",1,1.75,FALSE,TRUE,1,"SSP5_8_5",3
23.9070275413936,21.0035388573106,1,1.15,FALSE,TRUE,1,"SSP5_8_5",1,1.75,FALSE,TRUE,1,"SSP5_8_5",4
23.9070275413936,7.00463695860255,1,1.15,FALSE,TRUE,1,"SSP5_8_5",1,1.9,FALSE,TRUE,1,"SSP5_8_5",2
23.9070275413936,7.00463695860255,1,1.15,FALSE,TRUE,1,"SSP5_8_5",1,1.9,FALSE,TRUE,1,"SSP5_8_5",3
23.9070275413936,21.0665460060354,1,1.15,FALSE,TRUE,1,"SSP5_8_5",1,1.9,FALSE,TRUE,1,"SSP5_8_5",4
23.9070275413936,7.00463695860255,1,1.15,FALSE,TRUE,1,"SSP5_8_5",1,2.05,FALSE,TRUE,1,"SSP5_8_5",2
23.9070275413936,7.52069996106355,1,1.15,FALSE,TRUE,1,"SSP5_8_5",1,2.05,FALSE,TRUE,1,"SSP5_8_5",3
23.9070275413936,21.0947342517468,1,1.15,FALSE,TRUE,1,"SSP5_8_5",1,2.05,FALSE,TRUE,1,"SSP5_8_5",4
23.9070275413936,7.00463695860255,1,1.15,FALSE,TRUE,1,"SSP5_8_5",1,2.2,FALSE,TRUE,1,"SSP5_8_5",2
23.9070275413936,16.3150327285442,1,1.15,FALSE,TRUE,1,"SSP5_8_5",1,2.2,FALSE,TRUE,1,"SSP5_8_5",3
23.9070275413936,20.7729896732064,1,1.15,FALSE,TRUE,1,"SSP5_8_5",1,2.2,FALSE,TRUE,1,"SSP5_8_5",4
23.9070275413936,7.00463695860255,1,1.15,FALSE,TRUE,1,"SSP5_8_5",1,2.35,FALSE,TRUE,1,"SSP5_8_5",2
23.9070275413936,19.269329366436,1,1.15,FALSE,TRUE,1,"SSP5_8_5",1,2.35,FALSE,TRUE,1,"SSP5_8_5",3
23.9070275413936,17.4434554087756,1,1.15,FALSE,TRUE,1,"SSP5_8_5",1,2.35,FALSE,TRUE,1,"SSP5_8_5",4
23.9070275413936,7.00463695860255,1,1.15,FALSE,TRUE,1,"SSP5_8_5",1,2.5,FALSE,TRUE,1,"SSP5_8_5",2
23.9070275413936,20.5263438570543,1,1.15,FALSE,TRUE,1,"SSP5_8_5",1,2.5,FALSE,TRUE,1,"SSP5_8_5",3
23.9070275413936,19.0287487828529,1,1.15,FALSE,TRUE,1,"SSP5_8_5",1,2.5,FALSE,TRUE,1,"SSP5_8_5",4
25.0881281426195,20.4659454040093,1,1.3,FALSE,TRUE,1,"SSP5_8_5",1,1,FALSE,TRUE,1,"SSP5_8_5",2
25.0881281426195,9.35511742132014,1,1.3,FALSE,TRUE,1,"SSP5_8_5",1,1,FALSE,TRUE,1,"SSP5_8_5",3
25.0881281426195,21.7813228134993,1,1.3,FALSE,TRUE,1,"SSP5_8_5",1,1,FALSE,TRUE,1,"SSP5_8_5",4
25.0881281426195,20.4659454040869,1,1.3,FALSE,TRUE,1,"SSP5_8_5",1,1.15,FALSE,TRUE,1,"SSP5_8_5",2
25.0881281426195,9.35511742132014,1,1.3,FALSE,TRUE,1,"SSP5_8_5",1,1.15,FALSE,TRUE,1,"SSP5_8_5",3
25.0881281426195,21.7813223878511,1,1.3,FALSE,TRUE,1,"SSP5_8_5",1,1.15,FALSE,TRUE,1,"SSP5_8_5",4
25.0881281426195,15.586931411749,1,1.3,FALSE,TRUE,1,"SSP5_8_5",1,1.3,FALSE,TRUE,1,"SSP5_8_5",2
25.0881281426195,9.35511742132014,1,1.3,FALSE,TRUE,1,"SSP5_8_5",1,1.3,FALSE,TRUE,1,"SSP5_8_5",3
25.0881281426195,21.7813228134981,1,1.3,FALSE,TRUE,1,"SSP5_8_5",1,1.3,FALSE,TRUE,1,"SSP5_8_5",4
25.0881281426195,9.35511742132014,1,1.3,FALSE,TRUE,1,"SSP5_8_5",1,1.45,FALSE,TRUE,1,"SSP5_8_5",2
25.0881281426195,9.35511742132014,1,1.3,FALSE,TRUE,1,"SSP5_8_5",1,1.45,FALSE,TRUE,1,"SSP5_8_5",3
25.0881281426195,21.7813241685272,1,1.3,FALSE,TRUE,1,"SSP5_8_5",1,1.45,FALSE,TRUE,1,"SSP5_8_5",4
25.0881281426195,9.35511742132014,1,1.3,FALSE,TRUE,1,"SSP5_8_5",1,1.6,FALSE,TRUE,1,"SSP5_8_5",2
25.0881281426195,9.35511742132014,1,1.3,FALSE,TRUE,1,"SSP5_8_5",1,1.6,FALSE,TRUE,1,"SSP5_8_5",3
25.0881281426195,21.7813656589347,1,1.3,FALSE,TRUE,1,"SSP5_8_5",1,1.6,FALSE,TRUE,1,"SSP5_8_5",4
25.0881281426195,9.35511742132014,1,1.3,FALSE,TRUE,1,"SSP5_8_5",1,1.75,FALSE,TRUE,1,"SSP5_8_5",2
25.0881281426195,9.35511742132014,1,1.3,FALSE,TRUE,1,"SSP5_8_5",1,1.75,FALSE,TRUE,1,"SSP5_8_5",3
25.0881281426195,21.784402634012,1,1.3,FALSE,TRUE,1,"SSP5_8_5",1,1.75,FALSE,TRUE,1,"SSP5_8_5",4
25.0881281426195,9.35511742132014,1,1.3,FALSE,TRUE,1,"SSP5_8_5",1,1.9,FALSE,TRUE,1,"SSP5_8_5",2
25.0881281426195,9.35511742132014,1,1.3,FALSE,TRUE,1,"SSP5_8_5",1,1.9,FALSE,TRUE,1,"SSP5_8_5",3
25.0881281426195,21.8453538488151,1,1.3,FALSE,TRUE,1,"SSP5_8_5",1,1.9,FALSE,TRUE,1,"SSP5_8_5",4
25.0881281426195,9.35511742132014,1,1.3,FALSE,TRUE,1,"SSP5_8_5",1,2.05,FALSE,TRUE,1,"SSP5_8_5",2
25.0881281426195,9.38924293830673,1,1.3,FALSE,TRUE,1,"SSP5_8_5",1,2.05,FALSE,TRUE,1,"SSP5_8_5",3
25.0881281426195,21.8778591666084,1,1.3,FALSE,TRUE,1,"SSP5_8_5",1,2.05,FALSE,TRUE,1,"SSP5_8_5",4
25.0881281426195,9.35511742132014,1,1.3,FALSE,TRUE,1,"SSP5_8_5",1,2.2,FALSE,TRUE,1,"SSP5_8_5",2
25.0881281426195,17.3887150451933,1,1.3,FALSE,TRUE,1,"SSP5_8_5",1,2.2,FALSE,TRUE,1,"SSP5_8_5",3
25.0881281426195,21.5623786314857,1,1.3,FALSE,TRUE,1,"SSP5_8_5",1,2.2,FALSE,TRUE,1,"SSP5_8_5",4
25.0881281426195,9.35511742132014,1,1.3,FALSE,TRUE,1,"SSP5_8_5",1,2.35,FALSE,TRUE,1,"SSP5_8_5",2
25.0881281426195,20.1686039440936,1,1.3,FALSE,TRUE,1,"SSP5_8_5",1,2.35,FALSE,TRUE,1,"SSP5_8_5",3
25.0881281426195,18.6809452073326,1,1.3,FALSE,TRUE,1,"SSP5_8_5",1,2.35,FALSE,TRUE,1,"SSP5_8_5",4
25.0881281426195,9.35511742132014,1,1.3,FALSE,TRUE,1,"SSP5_8_5",1,2.5,FALSE,TRUE,1,"SSP5_8_5",2
25.0881281426195,21.3534283073958,1,1.3,FALSE,TRUE,1,"SSP5_8_5",1,2.5,FALSE,TRUE,1,"SSP5_8_5",3
25.0881281426195,20.4659454040093,1,1.3,FALSE,TRUE,1,"SSP5_8_5",1,2.5,FALSE,TRUE,1,"SSP5_8_5",4
26.2565399028412,21.8273582727902,1,1.45,FALSE,TRUE,1,"SSP5_8_5",1,1,FALSE,TRUE,1,"SSP5_8_5",2
26.2565399028412,11.6650412719082,1,1.45,FALSE,TRUE,1,"SSP5_8_5",1,1,FALSE,TRUE,1,"SSP5_8_5",3
26.2565399028412,22.5317298695933,1,1.45,FALSE,TRUE,1,"SSP5_8_5",1,1,FALSE,TRUE,1,"SSP5_8_5",4
26.2565399028412,21.8273582946316,1,1.45,FALSE,TRUE,1,"SSP5_8_5",1,1.15,FALSE,TRUE,1,"SSP5_8_5",2
26.2565399028412,11.6650412719082,1,1.45,FALSE,TRUE,1,"SSP5_8_5",1,1.15,FALSE,TRUE,1,"SSP5_8_5",3
26.2565399028412,22.5317234098124,1,1.45,FALSE,TRUE,1,"SSP5_8_5",1,1.15,FALSE,TRUE,1,"SSP5_8_5",4
26.2565399028412,17.6545974423448,1,1.45,FALSE,TRUE,1,"SSP5_8_5",1,1.3,FALSE,TRUE,1,"SSP5_8_5",2
26.2565399028412,11.6650412719082,1,1.45,FALSE,TRUE,1,"SSP5_8_5",1,1.3,FALSE,TRUE,1,"SSP5_8_5",3
26.2565399028412,22.5317298695111,1,1.45,FALSE,TRUE,1,"SSP5_8_5",1,1.3,FALSE,TRUE,1,"SSP5_8_5",4
26.2565399028412,11.6650412719082,1,1.45,FALSE,TRUE,1,"SSP5_8_5",1,1.45,FALSE,TRUE,1,"SSP5_8_5",2
26.2565399028412,11.6650412719082,1,1.45,FALSE,TRUE,1,"SSP5_8_5",1,1.45,FALSE,TRUE,1,"SSP5_8_5",3
26.2565399028412,22.5317459601527,1,1.45,FALSE,TRUE,1,"SSP5_8_5",1,1.45,FALSE,TRUE,1,"SSP5_8_5",4
26.2565399028412,11.6650412719082,1,1.45,FALSE,TRUE,1,"SSP5_8_5",1,1.6,FALSE,TRUE,1,"SSP5_8_5",2
26.2565399028412,11.6650412719082,1,1.45,FALSE,TRUE,1,"SSP5_8_5",1,1.6,FALSE,TRUE,1,"SSP5_8_5",3
26.2565399028412,22.5320236688325,1,1.45,FALSE,TRUE,1,"SSP5_8_5",1,1.6,FALSE,TRUE,1,"SSP5_8_5",4
26.2565399028412,11.6650412719082,1,1.45,FALSE,TRUE,1,"SSP5_8_5",1,1.75,FALSE,TRUE,1,"SSP5_8_5",2
26.2565399028412,11.6650412719082,1,1.45,FALSE,TRUE,1,"SSP5_8_5",1,1.75,FALSE,TRUE,1,"SSP5_8_5",3
26.2565399028412,22.5393104389317,1,1.45,FALSE,TRUE,1,"SSP5_8_5",1,1.75,FALSE,TRUE,1,"SSP5_8_5",4
26.2565399028412,11.6650412719082,1,1.45,FALSE,TRUE,1,"SSP5_8_5",1,1.9,FALSE,TRUE,1,"SSP5_8_5",2
26.2565399028412,11.6650412719082,1,1.45,FALSE,TRUE,1,"SSP5_8_5",1,1.9,FALSE,TRUE,1,"SSP5_8_5",3
26.2565399028412,22.5850441288643,1,1.45,FALSE,TRUE,1,"SSP5_8_5",1,1.9,FALSE,TRUE,1,"SSP5_8_5",4
26.2565399028412,11.6650412719082,1,1.45,FALSE,TRUE,1,"SSP5_8_5",1,2.05,FALSE,TRUE,1,"SSP5_8_5",2
26.2565399028412,11.2890664406447,1,1.45,FALSE,TRUE,1,"SSP5_8_5",1,2.05,FALSE,TRUE,1,"SSP5_8_5",3
26.2565399028412,22.6200064511291,1,1.45,FALSE,TRUE,1,"SSP5_8_5",1,2.05,FALSE,TRUE,1,"SSP5_8_5",4
26.2565399028412,11.6650412719082,1,1.45,FALSE,TRUE,1,"SSP5_8_5",1,2.2,FALSE,TRUE,1,"SSP5_8_5",2
26.2565399028412,18.5246955561889,1,1.45,FALSE,TRUE,1,"SSP5_8_5",1,2.2,FALSE,TRUE,1,"SSP5_8_5",3
26.2565399028412,22.2983228946876,1,1.45,FALSE,TRUE,1,"SSP5_8_5",1,2.2,FALSE,TRUE,1,"SSP5_8_5",4
26.2565399028412,11.6650412719082,1,1.45,FALSE,TRUE,1,"SSP5_8_5",1,2.35,FALSE,TRUE,1,"SSP5_8_5",2
26.2565399028412,21.0680250284959,1,1.45,FALSE,TRUE,1,"SSP5_8_5",1,2.35,FALSE,TRUE,1,"SSP5_8_5",3
26.2565399028412,19.9038324490914,1,1.45,FALSE,TRUE,1,"SSP5_8_5",1,2.35,FALSE,TRUE,1,"SSP5_8_5",4
26.2565399028412,11.6650412719082,1,1.45,FALSE,TRUE,1,"SSP5_8_5",1,2.5,FALSE,TRUE,1,"SSP5_8_5",2
26.2565399028412,22.1477425253872,1,1.45,FALSE,TRUE,1,"SSP5_8_5",1,2.5,FALSE,TRUE,1,"SSP5_8_5",3
26.2565399028412,21.8273582727902,1,1.45,FALSE,TRUE,1,"SSP5_8_5",1,2.5,FALSE,TRUE,1,"SSP5_8_5",4
27.3431494807072,23.0886222870797,1,1.6,FALSE,TRUE,1,"SSP5_8_5",1,1,FALSE,TRUE,1,"SSP5_8_5",2
27.3431494807072,13.8394326814379,1,1.6,FALSE,TRUE,1,"SSP5_8_5",1,1,FALSE,TRUE,1,"SSP5_8_5",3
27.3431494807072,23.2304139093402,1,1.6,FALSE,TRUE,1,"SSP5_8_5",1,1,FALSE,TRUE,1,"SSP5_8_5",4
27.3431494807072,23.0886231841887,1,1.6,FALSE,TRUE,1,"SSP5_8_5",1,1.15,FALSE,TRUE,1,"SSP5_8_5",2
27.3431494807072,13.8394326814379,1,1.6,FALSE,TRUE,1,"SSP5_8_5",1,1.15,FALSE,TRUE,1,"SSP5_8_5",3
27.3431494807072,23.2303501408004,1,1.6,FALSE,TRUE,1,"SSP5_8_5",1,1.15,FALSE,TRUE,1,"SSP5_8_5",4
27.3431494807072,19.3496036313481,1,1.6,FALSE,TRUE,1,"SSP5_8_5",1,1.3,FALSE,TRUE,1,"SSP5_8_5",2
27.3431494807072,13.8394326814379,1,1.6,FALSE,TRUE,1,"SSP5_8_5",1,1.3,FALSE,TRUE,1,"SSP5_8_5",3
27.3431494807072,23.2304139052685,1,1.6,FALSE,TRUE,1,"SSP5_8_5",1,1.3,FALSE,TRUE,1,"SSP5_8_5",4
27.3431494807072,13.8394326814379,1,1.6,FALSE,TRUE,1,"SSP5_8_5",1,1.45,FALSE,TRUE,1,"SSP5_8_5",2
27.3431494807072,13.8394326814379,1,1.6,FALSE,TRUE,1,"SSP5_8_5",1,1.45,FALSE,TRUE,1,"SSP5_8_5",3
27.3431494807072,23.2305419129775,1,1.6,FALSE,TRUE,1,"SSP5_8_5",1,1.45,FALSE,TRUE,1,"SSP5_8_5",4
27.3431494807072,13.8394326814379,1,1.6,FALSE,TRUE,1,"SSP5_8_5",1,1.6,FALSE,TRUE,1,"SSP5_8_5",2
27.3431494807072,13.8394326814379,1,1.6,FALSE,TRUE,1,"SSP5_8_5",1,1.6,FALSE,TRUE,1,"SSP5_8_5",3
27.3431494807072,23.2318992910534,1,1.6,FALSE,TRUE,1,"SSP5_8_5",1,1.6,FALSE,TRUE,1,"SSP5_8_5",4
27.3431494807072,13.8394326814379,1,1.6,FALSE,TRUE,1,"SSP5_8_5",1,1.75,FALSE,TRUE,1,"SSP5_8_5",2
27.3431494807072,13.8394326814379,1,1.6,FALSE,TRUE,1,"SSP5_8_5",1,1.75,FALSE,TRUE,1,"SSP5_8_5",3
27.3431494807072,23.2468879632425,1,1.6,FALSE,TRUE,1,"SSP5_8_5",1,1.75,FALSE,TRUE,1,"SSP5_8_5",4
27.3431494807072,13.8394326814379,1,1.6,FALSE,TRUE,1,"SSP5_8_5",1,1.9,FALSE,TRUE,1,"SSP5_8_5",2
27.3431494807072,13.8394326814379,1,1.6,FALSE,TRUE,1,"SSP5_8_5",1,1.9,FALSE,TRUE,1,"SSP5_8_5",3
27.3431494807072,23.2837112542661,1,1.6,FALSE,TRUE,1,"SSP5_8_5",1,1.9,FALSE,TRUE,1,"SSP5_8_5",4
27.3431494807072,13.8394326814379,1,1.6,FALSE,TRUE,1,"SSP5_8_5",1,2.05,FALSE,TRUE,1,"SSP5_8_5",2
27.3431494807072,13.1458192910262,1,1.6,FALSE,TRUE,1,"SSP5_8_5",1,2.05,FALSE,TRUE,1,"SSP5_8_5",3
27.3431494807072,23.3170615927979,1,1.6,FALSE,TRUE,1,"SSP5_8_5",1,2.05,FALSE,TRUE,1,"SSP5_8_5",4
27.3431494807072,13.8394326814379,1,1.6,FALSE,TRUE,1,"SSP5_8_5",1,2.2,FALSE,TRUE,1,"SSP5_8_5",2
27.3431494807072,19.6404671625167,1,1.6,FALSE,TRUE,1,"SSP5_8_5",1,2.2,FALSE,TRUE,1,"SSP5_8_5",3
27.3431494807072,22.9774051787632,1,1.6,FALSE,TRUE,1,"SSP5_8_5",1,2.2,FALSE,TRUE,1,"SSP5_8_5",4
27.3431494807072,13.8394326814379,1,1.6,FALSE,TRUE,1,"SSP5_8_5",1,2.35,FALSE,TRUE,1,"SSP5_8_5",2
27.3431494807072,21.9266366784715,1,1.6,FALSE,TRUE,1,"SSP5_8_5",1,2.35,FALSE,TRUE,1,"SSP5_8_5",3
27.3431494807072,21.0847189312955,1,1.6,FALSE,TRUE,1,"SSP5_8_5",1,2.35,FALSE,TRUE,1,"SSP5_8_5",4
27.3431494807072,13.8394326814379,1,1.6,FALSE,TRUE,1,"SSP5_8_5",1,2.5,FALSE,TRUE,1,"SSP5_8_5",2
27.3431494807072,22.8995330855722,1,1.6,FALSE,TRUE,1,"SSP5_8_5",1,2.5,FALSE,TRUE,1,"SSP5_8_5",3
27.3431494807072,23.0886222870797,1,1.6,FALSE,TRUE,1,"SSP5_8_5",1,2.5,FALSE,TRUE,1,"SSP5_8_5",4
28.4729609394434,24.2930350534001,1,1.75,FALSE,TRUE,1,"SSP5_8_5",1,1,FALSE,TRUE,1,"SSP5_8_5",2
28.4729609394434,15.8742951446144,1,1.75,FALSE,TRUE,1,"SSP5_8_5",1,1,FALSE,TRUE,1,"SSP5_8_5",3
28.4729609394434,23.9145534897478,1,1.75,FALSE,TRUE,1,"SSP5_8_5",1,1,FALSE,TRUE,1,"SSP5_8_5",4
28.4729609394434,24.2930456708625,1,1.75,FALSE,TRUE,1,"SSP5_8_5",1,1.15,FALSE,TRUE,1,"SSP5_8_5",2
28.4729609394434,15.8742951446144,1,1.75,FALSE,TRUE,1,"SSP5_8_5",1,1.15,FALSE,TRUE,1,"SSP5_8_5",3
28.4729609394434,23.9142878801145,1,1.75,FALSE,TRUE,1,"SSP5_8_5",1,1.15,FALSE,TRUE,1,"SSP5_8_5",4
28.4729609394434,20.9994662631443,1,1.75,FALSE,TRUE,1,"SSP5_8_5",1,1.3,FALSE,TRUE,1,"SSP5_8_5",2
28.4729609394434,15.8742951446144,1,1.75,FALSE,TRUE,1,"SSP5_8_5",1,1.3,FALSE,TRUE,1,"SSP5_8_5",3
28.4729609394434,23.9145534321174,1,1.75,FALSE,TRUE,1,"SSP5_8_5",1,1.3,FALSE,TRUE,1,"SSP5_8_5",4
28.4729609394434,15.8742951446144,1,1.75,FALSE,TRUE,1,"SSP5_8_5",1,1.45,FALSE,TRUE,1,"SSP5_8_5",2
28.4729609394434,15.8742951446144,1,1.75,FALSE,TRUE,1,"SSP5_8_5",1,1.45,FALSE,TRUE,1,"SSP5_8_5",3
28.4729609394434,23.9149992482464,1,1.75,FALSE,TRUE,1,"SSP5_8_5",1,1.45,FALSE,TRUE,1,"SSP5_8_5",4
28.4729609394434,15.8742951446144,1,1.75,FALSE,TRUE,1,"SSP5_8_5",1,1.6,FALSE,TRUE,1,"SSP5_8_5",2
28.4729609394434,15.8742951446144,1,1.75,FALSE,TRUE,1,"SSP5_8_5",1,1.6,FALSE,TRUE,1,"SSP5_8_5",3
28.4729609394434,23.9182329034226,1,1.75,FALSE,TRUE,1,"SSP5_8_5",1,1.6,FALSE,TRUE,1,"SSP5_8_5",4
28.4729609394434,15.8742951446144,1,1.75,FALSE,TRUE,1,"SSP5_8_5",1,1.75,FALSE,TRUE,1,"SSP5_8_5",2
28.4729609394434,15.8742951446144,1,1.75,FALSE,TRUE,1,"SSP5_8_5",1,1.75,FALSE,TRUE,1,"SSP5_8_5",3
28.4729609394434,23.9365242724538,1,1.75,FALSE,TRUE,1,"SSP5_8_5",1,1.75,FALSE,TRUE,1,"SSP5_8_5",4
28.4729609394434,15.8742951446144,1,1.75,FALSE,TRUE,1,"SSP5_8_5",1,1.9,FALSE,TRUE,1,"SSP5_8_5",2
28.4729609394434,15.8742951446144,1,1.75,FALSE,TRUE,1,"SSP5_8_5",1,1.9,FALSE,TRUE,1,"SSP5_8_5",3
28.4729609394434,23.9593145543801,1,1.75,FALSE,TRUE,1,"SSP5_8_5",1,1.9,FALSE,TRUE,1,"SSP5_8_5",4
28.4729609394434,15.8742951446144,1,1.75,FALSE,TRUE,1,"SSP5_8_5",1,2.05,FALSE,TRUE,1,"SSP5_8_5",2
28.4729609394434,14.8591579035822,1,1.75,FALSE,TRUE,1,"SSP5_8_5",1,2.05,FALSE,TRUE,1,"SSP5_8_5",3
28.4729609394434,23.9886928844601,1,1.75,FALSE,TRUE,1,"SSP5_8_5",1,2.05,FALSE,TRUE,1,"SSP5_8_5",4
28.4729609394434,15.8742951446144,1,1.75,FALSE,TRUE,1,"SSP5_8_5",1,2.2,FALSE,TRUE,1,"SSP5_8_5",2
28.4729609394434,20.6903210729787,1,1.75,FALSE,TRUE,1,"SSP5_8_5",1,2.2,FALSE,TRUE,1,"SSP5_8_5",3
28.4729609394434,23.6344624471418,1,1.75,FALSE,TRUE,1,"SSP5_8_5",1,2.2,FALSE,TRUE,1,"SSP5_8_5",4
28.4729609394434,15.8742951446144,1,1.75,FALSE,TRUE,1,"SSP5_8_5",1,2.35,FALSE,TRUE,1,"SSP5_8_5",2
28.4729609394434,22.7477067444224,1,1.75,FALSE,TRUE,1,"SSP5_8_5",1,2.35,FALSE,TRUE,1,"SSP5_8_5",3
28.4729609394434,22.2493009430072,1,1.75,FALSE,TRUE,1,"SSP5_8_5",1,2.35,FALSE,TRUE,1,"SSP5_8_5",4
28.4729609394434,15.8742951446144,1,1.75,FALSE,TRUE,1,"SSP5_8_5",1,2.5,FALSE,TRUE,1,"SSP5_8_5",2
28.4729609394434,23.6210273791825,1,1.75,FALSE,TRUE,1,"SSP5_8_5",1,2.5,FALSE,TRUE,1,"SSP5_8_5",3
28.4729609394434,24.2930350534001,1,1.75,FALSE,TRUE,1,"SSP5_8_5",1,2.5,FALSE,TRUE,1,"SSP5_8_5",4
29.5625005462864,25.4204802254694,1,1.9,FALSE,TRUE,1,"SSP5_8_5",1,1,FALSE,TRUE,1,"SSP5_8_5",2
29.5625005462864,17.770376086774,1,1.9,FALSE,TRUE,1,"SSP5_8_5",1,1,FALSE,TRUE,1,"SSP5_8_5",3
29.5625005462864,24.5632317114863,1,1.9,FALSE,TRUE,1,"SSP5_8_5",1,1,FALSE,TRUE,1,"SSP5_8_5",4
29.5625005462864,25.4204658494003,1,1.9,FALSE,TRUE,1,"SSP5_8_5",1,1.15,FALSE,TRUE,1,"SSP5_8_5",2
29.5625005462864,17.770376086774,1,1.9,FALSE,TRUE,1,"SSP5_8_5",1,1.15,FALSE,TRUE,1,"SSP5_8_5",3
29.5625005462864,24.5623480477014,1,1.9,FALSE,TRUE,1,"SSP5_8_5",1,1.15,FALSE,TRUE,1,"SSP5_8_5",4
29.5625005462864,22.4170981113237,1,1.9,FALSE,TRUE,1,"SSP5_8_5",1,1.3,FALSE,TRUE,1,"SSP5_8_5",2
29.5625005462864,17.770376086774,1,1.9,FALSE,TRUE,1,"SSP5_8_5",1,1.3,FALSE,TRUE,1,"SSP5_8_5",3
29.5625005462864,24.5632310778799,1,1.9,FALSE,TRUE,1,"SSP5_8_5",1,1.3,FALSE,TRUE,1,"SSP5_8_5",4
29.5625005462864,17.770376086774,1,1.9,FALSE,TRUE,1,"SSP5_8_5",1,1.45,FALSE,TRUE,1,"SSP5_8_5",2
29.5625005462864,17.770376086774,1,1.9,FALSE,TRUE,1,"SSP5_8_5",1,1.45,FALSE,TRUE,1,"SSP5_8_5",3
29.5625005462864,24.5644947527358,1,1.9,FALSE,TRUE,1,"SSP5_8_5",1,1.45,FALSE,TRUE,1,"SSP5_8_5",4
29.5625005462864,17.770376086774,1,1.9,FALSE,TRUE,1,"SSP5_8_5",1,1.6,FALSE,TRUE,1,"SSP5_8_5",2
29.5625005462864,17.770376086774,1,1.9,FALSE,TRUE,1,"SSP5_8_5",1,1.6,FALSE,TRUE,1,"SSP5_8_5",3
29.5625005462864,24.5711177840142,1,1.9,FALSE,TRUE,1,"SSP5_8_5",1,1.6,FALSE,TRUE,1,"SSP5_8_5",4
29.5625005462864,17.770376086774,1,1.9,FALSE,TRUE,1,"SSP5_8_5",1,1.75,FALSE,TRUE,1,"SSP5_8_5",2
29.5625005462864,17.770376086774,1,1.9,FALSE,TRUE,1,"SSP5_8_5",1,1.75,FALSE,TRUE,1,"SSP5_8_5",3
29.5625005462864,24.5923867748586,1,1.9,FALSE,TRUE,1,"SSP5_8_5",1,1.75,FALSE,TRUE,1,"SSP5_8_5",4
29.5625005462864,17.770376086774,1,1.9,FALSE,TRUE,1,"SSP5_8_5",1,1.9,FALSE,TRUE,1,"SSP5_8_5",2
29.5625005462864,17.770376086774,1,1.9,FALSE,TRUE,1,"SSP5_8_5",1,1.9,FALSE,TRUE,1,"SSP5_8_5",3
29.5625005462864,24.6078257264787,1,1.9,FALSE,TRUE,1,"SSP5_8_5",1,1.9,FALSE,TRUE,1,"SSP5_8_5",4
29.5625005462864,17.770376086774,1,1.9,FALSE,TRUE,1,"SSP5_8_5",1,2.05,FALSE,TRUE,1,"SSP5_8_5",2
29.5625005462864,16.4636568894748,1,1.9,FALSE,TRUE,1,"SSP5_8_5",1,2.05,FALSE,TRUE,1,"SSP5_8_5",3
29.5625005462864,24.6312853189932,1,1.9,FALSE,TRUE,1,"SSP5_8_5",1,2.05,FALSE,TRUE,1,"SSP5_8_5",4
29.5625005462864,17.770376086774,1,1.9,FALSE,TRUE,1,"SSP5_8_5",1,2.2,FALSE,TRUE,1,"SSP5_8_5",2
29.5625005462864,21.6689218072389,1,1.9,FALSE,TRUE,1,"SSP5_8_5",1,2.2,FALSE,TRUE,1,"SSP5_8_5",3
29.5625005462864,24.2533376847087,1,1.9,FALSE,TRUE,1,"SSP5_8_5",1,2.2,FALSE,TRUE,1,"SSP5_8_5",4
29.5625005462864,17.770376086774,1,1.9,FALSE,TRUE,1,"SSP5_8_5",1,2.35,FALSE,TRUE,1,"SSP5_8_5",2
29.5625005462864,23.5202595493477,1,1.9,FALSE,TRUE,1,"SSP5_8_5",1,2.35,FALSE,TRUE,1,"SSP5_8_5",3
29.5625005462864,23.3588012012237,1,1.9,FALSE,TRUE,1,"SSP5_8_5",1,2.35,FALSE,TRUE,1,"SSP5_8_5",4
29.5625005462864,17.770376086774,1,1.9,FALSE,TRUE,1,"SSP5_8_5",1,2.5,FALSE,TRUE,1,"SSP5_8_5",2
29.5625005462864,24.3092919773046,1,1.9,FALSE,TRUE,1,"SSP5_8_5",1,2.5,FALSE,TRUE,1,"SSP5_8_5",3
29.5625005462864,25.4204802254493,1,1.9,FALSE,TRUE,1,"SSP5_8_5",1,2.5,FALSE,TRUE,1,"SSP5_8_5",4
30.6150291187768,26.5013788086837,1,2.05,FALSE,TRUE,1,"SSP5_8_5",1,1,FALSE,TRUE,1,"SSP5_8_5",2
30.6150291187768,19.5017419983514,1,2.05,FALSE,TRUE,1,"SSP5_8_5",1,1,FALSE,TRUE,1,"SSP5_8_5",3
30.6150291187768,25.1995071722121,1,2.05,FALSE,TRUE,1,"SSP5_8_5",1,1,FALSE,TRUE,1,"SSP5_8_5",4
30.6150291187768,26.5008125014499,1,2.05,FALSE,TRUE,1,"SSP5_8_5",1,1.15,FALSE,TRUE,1,"SSP5_8_5",2
30.6150291187768,19.5017419983514,1,2.05,FALSE,TRUE,1,"SSP5_8_5",1,1.15,FALSE,TRUE,1,"SSP5_8_5",3
30.6150291187768,25.1979420709131,1,2.05,FALSE,TRUE,1,"SSP5_8_5",1,1.15,FALSE,TRUE,1,"SSP5_8_5",4
30.6150291187768,23.7934593128395,1,2.05,FALSE,TRUE,1,"SSP5_8_5",1,1.3,FALSE,TRUE,1,"SSP5_8_5",2
30.6150291187768,19.5017419983514,1,2.05,FALSE,TRUE,1,"SSP5_8_5",1,1.3,FALSE,TRUE,1,"SSP5_8_5",3
30.6150291187768,25.1995064735976,1,2.05,FALSE,TRUE,1,"SSP5_8_5",1,1.3,FALSE,TRUE,1,"SSP5_8_5",4
30.6150291187768,19.5017419983514,1,2.05,FALSE,TRUE,1,"SSP5_8_5",1,1.45,FALSE,TRUE,1,"SSP5_8_5",2
30.6150291187768,19.5017419983514,1,2.05,FALSE,TRUE,1,"SSP5_8_5",1,1.45,FALSE,TRUE,1,"SSP5_8_5",3
30.6150291187768,25.2014835346135,1,2.05,FALSE,TRUE,1,"SSP5_8_5",1,1.45,FALSE,TRUE,1,"SSP5_8_5",4
30.6150291187768,19.5017419983514,1,2.05,FALSE,TRUE,1,"SSP5_8_5",1,1.6,FALSE,TRUE,1,"SSP5_8_5",2
30.6150291187768,19.5017419983514,1,2.05,FALSE,TRUE,1,"SSP5_8_5",1,1.6,FALSE,TRUE,1,"SSP5_8_5",3
30.6150291187768,25.209548579706,1,2.05,FALSE,TRUE,1,"SSP5_8_5",1,1.6,FALSE,TRUE,1,"SSP5_8_5",4
30.6150291187768,19.5017419983514,1,2.05,FALSE,TRUE,1,"SSP5_8_5",1,1.75,FALSE,TRUE,1,"SSP5_8_5",2
30.6150291187768,19.5017419983514,1,2.05,FALSE,TRUE,1,"SSP5_8_5",1,1.75,FALSE,TRUE,1,"SSP5_8_5",3
30.6150291187768,25.2264907921781,1,2.05,FALSE,TRUE,1,"SSP5_8_5",1,1.75,FALSE,TRUE,1,"SSP5_8_5",4
30.6150291187768,19.5017419983514,1,2.05,FALSE,TRUE,1,"SSP5_8_5",1,1.9,FALSE,TRUE,1,"SSP5_8_5",2
30.6150291187768,19.5017419983514,1,2.05,FALSE,TRUE,1,"SSP5_8_5",1,1.9,FALSE,TRUE,1,"SSP5_8_5",3
30.6150291187768,25.2364035447855,1,2.05,FALSE,TRUE,1,"SSP5_8_5",1,1.9,FALSE,TRUE,1,"SSP5_8_5",4
30.6150291187768,19.5017419983514,1,2.05,FALSE,TRUE,1,"SSP5_8_5",1,2.05,FALSE,TRUE,1,"SSP5_8_5",2
30.6150291187768,17.9198808175479,1,2.05,FALSE,TRUE,1,"SSP5_8_5",1,2.05,FALSE,TRUE,1,"SSP5_8_5",3
30.6150291187768,25.253931403329,1,2.05,FALSE,TRUE,1,"SSP5_8_5",1,2.05,FALSE,TRUE,1,"SSP5_8_5",4
30.6150291187768,19.5017419983514,1,2.05,FALSE,TRUE,1,"SSP5_8_5",1,2.2,FALSE,TRUE,1,"SSP5_8_5",2
30.6150291187768,22.5788224547523,1,2.05,FALSE,TRUE,1,"SSP5_8_5",1,2.2,FALSE,TRUE,1,"SSP5_8_5",3
30.6150291187768,24.8505401105958,1,2.05,FALSE,TRUE,1,"SSP5_8_5",1,2.2,FALSE,TRUE,1,"SSP5_8_5",4
30.6150291187768,19.5017419983514,1,2.05,FALSE,TRUE,1,"SSP5_8_5",1,2.35,FALSE,TRUE,1,"SSP5_8_5",2
30.6150291187768,24.2576860136305,1,2.05,FALSE,TRUE,1,"SSP5_8_5",1,2.35,FALSE,TRUE,1,"SSP5_8_5",3
30.6150291187768,24.4323261306365,1,2.05,FALSE,TRUE,1,"SSP5_8_5",1,2.35,FALSE,TRUE,1,"SSP5_8_5",4
30.6150291187768,19.5017419983514,1,2.05,FALSE,TRUE,1,"SSP5_8_5",1,2.5,FALSE,TRUE,1,"SSP5_8_5",2
30.6150291187768,24.9715924018206,1,2.05,FALSE,TRUE,1,"SSP5_8_5",1,2.5,FALSE,TRUE,1,"SSP5_8_5",3
30.6150291187768,26.5013788057668,1,2.05,FALSE,TRUE,1,"SSP5_8_5",1,2.5,FALSE,TRUE,1,"SSP5_8_5",4
31.6133700406813,27.5055977385299,1,2.2,FALSE,TRUE,1,"SSP5_8_5",1,1,FALSE,TRUE,1,"SSP5_8_5",2
31.6133700406813,21.1165632985302,1,2.2,FALSE,TRUE,1,"SSP5_8_5",1,1,FALSE,TRUE,1,"SSP5_8_5",3
31.6133700406813,25.8053301201373,1,2.2,FALSE,TRUE,1,"SSP5_8_5",1,1,FALSE,TRUE,1,"SSP5_8_5",4
31.6133700406813,27.5030891530525,1,2.2,FALSE,TRUE,1,"SSP5_8_5",1,1.15,FALSE,TRUE,1,"SSP5_8_5",2
31.6133700406813,21.1165632985302,1,2.2,FALSE,TRUE,1,"SSP5_8_5",1,1.15,FALSE,TRUE,1,"SSP5_8_5",3
31.6133700406813,25.8028295959556,1,2.2,FALSE,TRUE,1,"SSP5_8_5",1,1.15,FALSE,TRUE,1,"SSP5_8_5",4
31.6133700406813,24.996148384542,1,2.2,FALSE,TRUE,1,"SSP5_8_5",1,1.3,FALSE,TRUE,1,"SSP5_8_5",2
31.6133700406813,21.1165632985302,1,2.2,FALSE,TRUE,1,"SSP5_8_5",1,1.3,FALSE,TRUE,1,"SSP5_8_5",3
31.6133700406813,25.8053392436922,1,2.2,FALSE,TRUE,1,"SSP5_8_5",1,1.3,FALSE,TRUE,1,"SSP5_8_5",4
31.6133700406813,21.1165632985302,1,2.2,FALSE,TRUE,1,"SSP5_8_5",1,1.45,FALSE,TRUE,1,"SSP5_8_5",2
31.6133700406813,21.1165632985302,1,2.2,FALSE,TRUE,1,"SSP5_8_5",1,1.45,FALSE,TRUE,1,"SSP5_8_5",3
31.6133700406813,25.8082299639562,1,2.2,FALSE,TRUE,1,"SSP5_8_5",1,1.45,FALSE,TRUE,1,"SSP5_8_5",4
31.6133700406813,21.1165632985302,1,2.2,FALSE,TRUE,1,"SSP5_8_5",1,1.6,FALSE,TRUE,1,"SSP5_8_5",2
31.6133700406813,21.1165632985302,1,2.2,FALSE,TRUE,1,"SSP5_8_5",1,1.6,FALSE,TRUE,1,"SSP5_8_5",3
31.6133700406813,25.8176332642289,1,2.2,FALSE,TRUE,1,"SSP5_8_5",1,1.6,FALSE,TRUE,1,"SSP5_8_5",4
31.6133700406813,21.1165632985302,1,2.2,FALSE,TRUE,1,"SSP5_8_5",1,1.75,FALSE,TRUE,1,"SSP5_8_5",2
31.6133700406813,21.1165632985302,1,2.2,FALSE,TRUE,1,"SSP5_8_5",1,1.75,FALSE,TRUE,1,"SSP5_8_5",3
31.6133700406813,25.8312027108973,1,2.2,FALSE,TRUE,1,"SSP5_8_5",1,1.75,FALSE,TRUE,1,"SSP5_8_5",4
31.6133700406813,21.1165632985302,1,2.2,FALSE,TRUE,1,"SSP5_8_5",1,1.9,FALSE,TRUE,1,"SSP5_8_5",2
31.6133700406813,21.1165632985302,1,2.2,FALSE,TRUE,1,"SSP5_8_5",1,1.9,FALSE,TRUE,1,"SSP5_8_5",3
31.6133700406813,25.8391420193286,1,2.2,FALSE,TRUE,1,"SSP5_8_5",1,1.9,FALSE,TRUE,1,"SSP5_8_5",4
31.6133700406813,21.1165632985302,1,2.2,FALSE,TRUE,1,"SSP5_8_5",1,2.05,FALSE,TRUE,1,"SSP5_8_5",2
31.6133700406813,19.2948820289428,1,2.2,FALSE,TRUE,1,"SSP5_8_5",1,2.05,FALSE,TRUE,1,"SSP5_8_5",3
31.6133700406813,25.849512209786,1,2.2,FALSE,TRUE,1,"SSP5_8_5",1,2.05,FALSE,TRUE,1,"SSP5_8_5",4
31.6133700406813,21.1165632985302,1,2.2,FALSE,TRUE,1,"SSP5_8_5",1,2.2,FALSE,TRUE,1,"SSP5_8_5",2
31.6133700406813,23.4394136707972,1,2.2,FALSE,TRUE,1,"SSP5_8_5",1,2.2,FALSE,TRUE,1,"SSP5_8_5",3
31.6133700406813,25.4158153510813,1,2.2,FALSE,TRUE,1,"SSP5_8_5",1,2.2,FALSE,TRUE,1,"SSP5_8_5",4
31.6133700406813,21.1165632985302,1,2.2,FALSE,TRUE,1,"SSP5_8_5",1,2.35,FALSE,TRUE,1,"SSP5_8_5",2
31.6133700406813,24.9588161551838,1,2.2,FALSE,TRUE,1,"SSP5_8_5",1,2.35,FALSE,TRUE,1,"SSP5_8_5",3
31.6133700406813,25.4332948972738,1,2.2,FALSE,TRUE,1,"SSP5_8_5",1,2.35,FALSE,TRUE,1,"SSP5_8_5",4
31.6133700406813,21.1165632985302,1,2.2,FALSE,TRUE,1,"SSP5_8_5",1,2.5,FALSE,TRUE,1,"SSP5_8_5",2
31.6133700406813,25.6056069659011,1,2.2,FALSE,TRUE,1,"SSP5_8_5",1,2.5,FALSE,TRUE,1,"SSP5_8_5",3
31.6133700406813,27.5055976449186,1,2.2,FALSE,TRUE,1,"SSP5_8_5",1,2.5,FALSE,TRUE,1,"SSP5_8_5",4
32.5839078255425,28.4680450640178,1,2.35,FALSE,TRUE,1,"SSP5_8_5",1,1,FALSE,TRUE,1,"SSP5_8_5",2
32.5839078255425,22.6073190232875,1,2.35,FALSE,TRUE,1,"SSP5_8_5",1,1,FALSE,TRUE,1,"SSP5_8_5",3
32.5839078255425,26.3942708567248,1,2.35,FALSE,TRUE,1,"SSP5_8_5",1,1,FALSE,TRUE,1,"SSP5_8_5",4
32.5839078255425,28.4603292036266,1,2.35,FALSE,TRUE,1,"SSP5_8_5",1,1.15,FALSE,TRUE,1,"SSP5_8_5",2
32.5839078255425,22.6073190232875,1,2.35,FALSE,TRUE,1,"SSP5_8_5",1,1.15,FALSE,TRUE,1,"SSP5_8_5",3
32.5839078255425,26.3918113105736,1,2.35,FALSE,TRUE,1,"SSP5_8_5",1,1.15,FALSE,TRUE,1,"SSP5_8_5",4
32.5839078255425,26.1844886287898,1,2.35,FALSE,TRUE,1,"SSP5_8_5",1,1.3,FALSE,TRUE,1,"SSP5_8_5",2
32.5839078255425,22.6073190232875,1,2.35,FALSE,TRUE,1,"SSP5_8_5",1,1.3,FALSE,TRUE,1,"SSP5_8_5",3
32.5839078255425,26.3943732893853,1,2.35,FALSE,TRUE,1,"SSP5_8_5",1,1.3,FALSE,TRUE,1,"SSP5_8_5",4
32.5839078255425,22.6073190232875,1,2.35,FALSE,TRUE,1,"SSP5_8_5",1,1.45,FALSE,TRUE,1,"SSP5_8_5",2
32.5839078255425,22.6073190232875,1,2.35,FALSE,TRUE,1,"SSP5_8_5",1,1.45,FALSE,TRUE,1,"SSP5_8_5",3
32.5839078255425,26.3973247694286,1,2.35,FALSE,TRUE,1,"SSP5_8_5",1,1.45,FALSE,TRUE,1,"SSP5_8_5",4
32.5839078255425,22.6073190232875,1,2.35,FALSE,TRUE,1,"SSP5_8_5",1,1.6,FALSE,TRUE,1,"SSP5_8_5",2
32.5839078255425,22.6073190232875,1,2.35,FALSE,TRUE,1,"SSP5_8_5",1,1.6,FALSE,TRUE,1,"SSP5_8_5",3
32.5839078255425,26.4050763985045,1,2.35,FALSE,TRUE,1,"SSP5_8_5",1,1.6,FALSE,TRUE,1,"SSP5_8_5",4
32.5839078255425,22.6073190232875,1,2.35,FALSE,TRUE,1,"SSP5_8_5",1,1.75,FALSE,TRUE,1,"SSP5_8_5",2
32.5839078255425,22.6073190232875,1,2.35,FALSE,TRUE,1,"SSP5_8_5",1,1.75,FALSE,TRUE,1,"SSP5_8_5",3
32.5839078255425,26.4133629078341,1,2.35,FALSE,TRUE,1,"SSP5_8_5",1,1.75,FALSE,TRUE,1,"SSP5_8_5",4
32.5839078255425,22.6073190232875,1,2.35,FALSE,TRUE,1,"SSP5_8_5",1,1.9,FALSE,TRUE,1,"SSP5_8_5",2
32.5839078255425,22.6073190232875,1,2.35,FALSE,TRUE,1,"SSP5_8_5",1,1.9,FALSE,TRUE,1,"SSP5_8_5",3
32.5839078255425,26.4195596641492,1,2.35,FALSE,TRUE,1,"SSP5_8_5",1,1.9,FALSE,TRUE,1,"SSP5_8_5",4
32.5839078255425,22.6073190232875,1,2.35,FALSE,TRUE,1,"SSP5_8_5",1,2.05,FALSE,TRUE,1,"SSP5_8_5",2
32.5839078255425,20.5565707792201,1,2.35,FALSE,TRUE,1,"SSP5_8_5",1,2.05,FALSE,TRUE,1,"SSP5_8_5",3
32.5839078255425,26.4208601864668,1,2.35,FALSE,TRUE,1,"SSP5_8_5",1,2.05,FALSE,TRUE,1,"SSP5_8_5",4
32.5839078255425,22.6073190232875,1,2.35,FALSE,TRUE,1,"SSP5_8_5",1,2.2,FALSE,TRUE,1,"SSP5_8_5",2
32.5839078255425,24.2453339097343,1,2.35,FALSE,TRUE,1,"SSP5_8_5",1,2.2,FALSE,TRUE,1,"SSP5_8_5",3
32.5839078255425,25.9607815691253,1,2.35,FALSE,TRUE,1,"SSP5_8_5",1,2.2,FALSE,TRUE,1,"SSP5_8_5",4
32.5839078255425,22.6073190232875,1,2.35,FALSE,TRUE,1,"SSP5_8_5",1,2.35,FALSE,TRUE,1,"SSP5_8_5",2
32.5839078255425,25.627654276046,1,2.35,FALSE,TRUE,1,"SSP5_8_5",1,2.35,FALSE,TRUE,1,"SSP5_8_5",3
32.5839078255425,26.3941201783666,1,2.35,FALSE,TRUE,1,"SSP5_8_5",1,2.35,FALSE,TRUE,1,"SSP5_8_5",4
32.5839078255425,22.6073190232875,1,2.35,FALSE,TRUE,1,"SSP5_8_5",1,2.5,FALSE,TRUE,1,"SSP5_8_5",2
32.5839078255425,26.2138284070039,1,2.35,FALSE,TRUE,1,"SSP5_8_5",1,2.5,FALSE,TRUE,1,"SSP5_8_5",3
32.5839078255425,28.4680436665828,1,2.35,FALSE,TRUE,1,"SSP5_8_5",1,2.5,FALSE,TRUE,1,"SSP5_8_5",4
33.4883492416431,29.372120923778,1,2.5,FALSE,TRUE,1,"SSP5_8_5",1,1,FALSE,TRUE,1,"SSP5_8_5",2
33.4883492416431,24.0176057933089,1,2.5,FALSE,TRUE,1,"SSP5_8_5",1,1,FALSE,TRUE,1,"SSP5_8_5",3
33.4883492416431,26.9550798316834,1,2.5,FALSE,TRUE,1,"SSP5_8_5",1,1,FALSE,TRUE,1,"SSP5_8_5",4
33.4883492416431,29.3593575774326,1,2.5,FALSE,TRUE,1,"SSP5_8_5",1,1.15,FALSE,TRUE,1,"SSP5_8_5",2
33.4883492416431,24.0176057933089,1,2.5,FALSE,TRUE,1,"SSP5_8_5",1,1.15,FALSE,TRUE,1,"SSP5_8_5",3
33.4883492416431,26.9528294203841,1,2.5,FALSE,TRUE,1,"SSP5_8_5",1,1.15,FALSE,TRUE,1,"SSP5_8_5",4
33.4883492416431,27.2502195803694,1,2.5,FALSE,TRUE,1,"SSP5_8_5",1,1.3,FALSE,TRUE,1,"SSP5_8_5",2
33.4883492416431,24.0176057933089,1,2.5,FALSE,TRUE,1,"SSP5_8_5",1,1.3,FALSE,TRUE,1,"SSP5_8_5",3
33.4883492416431,26.9554194281714,1,2.5,FALSE,TRUE,1,"SSP5_8_5",1,1.3,FALSE,TRUE,1,"SSP5_8_5",4
33.4883492416431,24.0176057933089,1,2.5,FALSE,TRUE,1,"SSP5_8_5",1,1.45,FALSE,TRUE,1,"SSP5_8_5",2
33.4883492416431,24.0176057933089,1,2.5,FALSE,TRUE,1,"SSP5_8_5",1,1.45,FALSE,TRUE,1,"SSP5_8_5",3
33.4883492416431,26.9587852172744,1,2.5,FALSE,TRUE,1,"SSP5_8_5",1,1.45,FALSE,TRUE,1,"SSP5_8_5",4
33.4883492416431,24.0176057933089,1,2.5,FALSE,TRUE,1,"SSP5_8_5",1,1.6,FALSE,TRUE,1,"SSP5_8_5",2
33.4883492416431,24.0176057933089,1,2.5,FALSE,TRUE,1,"SSP5_8_5",1,1.6,FALSE,TRUE,1,"SSP5_8_5",3
33.4883492416431,26.9655169622902,1,2.5,FALSE,TRUE,1,"SSP5_8_5",1,1.6,FALSE,TRUE,1,"SSP5_8_5",4
33.4883492416431,24.0176057933089,1,2.5,FALSE,TRUE,1,"SSP5_8_5",1,1.75,FALSE,TRUE,1,"SSP5_8_5",2
33.4883492416431,24.0176057933089,1,2.5,FALSE,TRUE,1,"SSP5_8_5",1,1.75,FALSE,TRUE,1,"SSP5_8_5",3
33.4883492416431,26.9704549183404,1,2.5,FALSE,TRUE,1,"SSP5_8_5",1,1.75,FALSE,TRUE,1,"SSP5_8_5",4
33.4883492416431,24.0176057933089,1,2.5,FALSE,TRUE,1,"SSP5_8_5",1,1.9,FALSE,TRUE,1,"SSP5_8_5",2
33.4883492416431,24.0176057933089,1,2.5,FALSE,TRUE,1,"SSP5_8_5",1,1.9,FALSE,TRUE,1,"SSP5_8_5",3
33.4883492416431,26.974388641815,1,2.5,FALSE,TRUE,1,"SSP5_8_5",1,1.9,FALSE,TRUE,1,"SSP5_8_5",4
33.4883492416431,24.0176057933089,1,2.5,FALSE,TRUE,1,"SSP5_8_5",1,2.05,FALSE,TRUE,1,"SSP5_8_5",2
33.4883492416431,21.7649090675372,1,2.5,FALSE,TRUE,1,"SSP5_8_5",1,2.05,FALSE,TRUE,1,"SSP5_8_5",3
33.4883492416431,26.9631019470891,1,2.5,FALSE,TRUE,1,"SSP5_8_5",1,2.05,FALSE,TRUE,1,"SSP5_8_5",4
33.4883492416431,24.0176057933089,1,2.5,FALSE,TRUE,1,"SSP5_8_5",1,2.2,FALSE,TRUE,1,"SSP5_8_5",2
33.4883492416431,25.0122814184689,1,2.5,FALSE,TRUE,1,"SSP5_8_5",1,2.2,FALSE,TRUE,1,"SSP5_8_5",3
33.4883492416431,26.4715018404521,1,2.5,FALSE,TRUE,1,"SSP5_8_5",1,2.2,FALSE,TRUE,1,"SSP5_8_5",4
33.4883492416431,24.0176057933089,1,2.5,FALSE,TRUE,1,"SSP5_8_5",1,2.35,FALSE,TRUE,1,"SSP5_8_5",2
33.4883492416431,26.2641372208851,1,2.5,FALSE,TRUE,1,"SSP5_8_5",1,2.35,FALSE,TRUE,1,"SSP5_8_5",3
33.4883492416431,27.297545173087,1,2.5,FALSE,TRUE,1,"SSP5_8_5",1,2.35,FALSE,TRUE,1,"SSP5_8_5",4
33.4883492416431,24.0176057933089,1,2.5,FALSE,TRUE,1,"SSP5_8_5",1,2.5,FALSE,TRUE,1,"SSP5_8_5",2
33.4883492416431,26.796844842144,1,2.5,FALSE,TRUE,1,"SSP5_8_5",1,2.5,FALSE,TRUE,1,"SSP5_8_5",3
33.4883492416431,29.372117660776,1,2.5,FALSE,TRUE,1,"SSP5_8_5",1,2.5,FALSE,TRUE,1,"SSP5_8_5",4
