"scen","rEVPI","delta_t_crit_K_min","delta_t_crit_K_max","k"
"SSP1_1_9",2.2488908034328e-06,1,1.15,2
"SSP1_2_6",0.0165911302517338,1,1.15,2
"SSP2_4_5",0.00311674683856662,1,1.15,2
"SSP3_7_0",0.00297545975328401,1,1.15,2
"SSP5_8_5",0.00343521778823555,1,1.15,2
"SSP1_1_9",0.000658404489404302,1,1.3,2
"SSP1_2_6",0.0203578859287654,1,1.3,2
"SSP2_4_5",0.00960678522160051,1,1.3,2
"SSP3_7_0",0.00969377612394265,1,1.3,2
"SSP5_8_5",0.0088695374296565,1,1.3,2
"SSP1_1_9",0.0019507112123844,1,1.45,2
"SSP1_2_6",0.021500765656173,1,1.45,2
"SSP2_4_5",0.0174976140825684,1,1.45,2
"SSP3_7_0",0.0167582585679057,1,1.45,2
"SSP5_8_5",0.0156542740436064,1,1.45,2
"SSP1_1_9",0.00291637500390466,1,1.6,2
"SSP1_2_6",0.0223489664122581,1,1.6,2
"SSP2_4_5",0.0251829181001838,1,1.6,2
"SSP3_7_0",0.024272516962056,1,1.6,2
"SSP5_8_5",0.0230411488216842,1,1.6,2
"SSP1_1_9",0.005883920063514,1,1.75,2
"SSP1_2_6",0.0249015727131094,1,1.75,2
"SSP2_4_5",0.0353004987344125,1,1.75,2
"SSP3_7_0",0.0340823401019266,1,1.75,2
"SSP5_8_5",0.0327800577762298,1,1.75,2
"SSP1_1_9",0.0119334571731361,1,1.9,2
"SSP1_2_6",0.0280451855722996,1,1.9,2
"SSP2_4_5",0.0459623934577143,1,1.9,2
"SSP3_7_0",0.0442408275460029,1,1.9,2
"SSP5_8_5",0.0434977341823123,1,1.9,2
"SSP1_1_9",0.0229840303422382,1,2.05,2
"SSP1_2_6",0.0318105672774778,1,2.05,2
"SSP2_4_5",0.0574027629314225,1,2.05,2
"SSP3_7_0",0.0541311402278284,1,2.05,2
"SSP5_8_5",0.0552941748435688,1,2.05,2
"SSP1_1_9",0.0297207608439584,1,2.2,2
"SSP1_2_6",0.0367116201400428,1,2.2,2
"SSP2_4_5",0.0686920898139724,1,2.2,2
"SSP3_7_0",0.0634952145365723,1,2.2,2
"SSP5_8_5",0.0678436483034275,1,2.2,2
"SSP1_1_9",0.0327156998628967,1,2.35,2
"SSP1_2_6",0.0460369960019734,1,2.35,2
"SSP2_4_5",0.075600073755787,1,2.35,2
"SSP3_7_0",0.0716273923360403,1,2.35,2
"SSP5_8_5",0.0811535386816325,1,2.35,2
"SSP1_1_9",0.0341072129701967,1,2.5,2
"SSP1_2_6",0.0512514578343531,1,2.5,2
"SSP2_4_5",0.0798557278534276,1,2.5,2
"SSP3_7_0",0.0786844707526978,1,2.5,2
"SSP5_8_5",0.0941337136340592,1,2.5,2
"SSP1_1_9",0.000647965650553469,1.15,1.3,2
"SSP1_2_6",0.00063705629132622,1.15,1.3,2
"SSP2_4_5",0.00337535050939026,1.15,1.3,2
"SSP3_7_0",0.00315991802878121,1.15,1.3,2
"SSP5_8_5",0.00299196178666141,1.15,1.3,2
"SSP1_1_9",0.00192423240361117,1.15,1.45,2
"SSP1_2_6",0.00192681745149408,1.15,1.45,2
"SSP2_4_5",0.0103131523489446,1.15,1.45,2
"SSP3_7_0",0.0102040540219093,1.15,1.45,2
"SSP5_8_5",0.00974400331812273,1.15,1.45,2
"SSP1_1_9",0.00288472538407437,1.15,1.6,2
"SSP1_2_6",0.0028332857911763,1.15,1.6,2
"SSP2_4_5",0.0179133671072702,1.15,1.6,2
"SSP3_7_0",0.017596893456313,1.15,1.6,2
"SSP5_8_5",0.0169418504026683,1.15,1.6,2
"SSP1_1_9",0.0058245145101268,1.15,1.75,2
"SSP1_2_6",0.00539773348391485,1.15,1.75,2
"SSP2_4_5",0.0279093465238292,1.15,1.75,2
"SSP3_7_0",0.0257028301909136,1.15,1.75,2
"SSP5_8_5",0.0249675737822423,1.15,1.75,2
"SSP1_1_9",0.0118179745994097,1.15,1.9,2
"SSP1_2_6",0.00853372055185974,1.15,1.9,2
"SSP2_4_5",0.0384434838366478,1.15,1.9,2
"SSP3_7_0",0.0338583964282571,1.15,1.9,2
"SSP5_8_5",0.0335919889228396,1.15,1.9,2
"SSP1_1_9",0.0227678803638366,1.15,2.05,2
"SSP1_2_6",0.0122773306070145,1.15,2.05,2
"SSP2_4_5",0.0497498543592716,1.15,2.05,2
"SSP3_7_0",0.0413429071616224,1.15,2.05,2
"SSP5_8_5",0.042772424605736,1.15,2.05,2
"SSP1_1_9",0.0294443817601285,1.15,2.2,2
"SSP1_2_6",0.0171483111508813,1.15,2.2,2
"SSP2_4_5",0.0609116325338653,1.15,2.2,2
"SSP3_7_0",0.0483243721745322,1.15,2.2,2
"SSP5_8_5",0.052542076985854,1.15,2.2,2
"SSP1_1_9",0.0324128250348292,1.15,2.35,2
"SSP1_2_6",0.0264177049836901,1.15,2.35,2
"SSP2_4_5",0.0677263799806466,1.15,2.35,2
"SSP3_7_0",0.0544943696540015,1.15,2.35,2
"SSP5_8_5",0.0633506179739842,1.15,2.35,2
"SSP1_1_9",0.0337920824903498,1.15,2.5,2
"SSP1_2_6",0.0316036868855563,1.15,2.5,2
"SSP2_4_5",0.0719335844375667,1.15,2.5,2
"SSP3_7_0",0.0602064366622287,1.15,2.5,2
"SSP5_8_5",0.0744160630930145,1.15,2.5,2
"SSP1_1_9",0.000459186391386352,1.3,1.45,2
"SSP1_2_6",0.000430855571937574,1.3,1.45,2
"SSP2_4_5",0.0030215805873123,1.3,1.45,2
"SSP3_7_0",0.00311421958398575,1.3,1.45,2
"SSP5_8_5",0.00264352283754812,1.3,1.45,2
"SSP1_1_9",0.00209433702209534,1.3,1.6,2
"SSP1_2_6",0.0020008621206333,1.3,1.6,2
"SSP2_4_5",0.0102501431980566,1.3,1.6,2
"SSP3_7_0",0.00987220477452089,1.3,1.6,2
"SSP5_8_5",0.00904937582089373,1.3,1.6,2
"SSP1_1_9",0.00487542429336568,1.3,1.75,2
"SSP1_2_6",0.00437082774720444,1.3,1.75,2
"SSP2_4_5",0.0196064244943633,1.3,1.75,2
"SSP3_7_0",0.0166928980686687,1.3,1.75,2
"SSP5_8_5",0.01588489991852,1.3,1.75,2
"SSP1_1_9",0.0107777656381749,1.3,1.9,2
"SSP1_2_6",0.00738372369978362,1.3,1.9,2
"SSP2_4_5",0.0294502866266675,1.3,1.9,2
"SSP3_7_0",0.0238363746701733,1.3,1.9,2
"SSP5_8_5",0.0233659335498462,1.3,1.9,2
"SSP1_1_9",0.0216039805630107,1.3,2.05,2
"SSP1_2_6",0.0110207618325328,1.3,2.05,2
"SSP2_4_5",0.0403542921130337,1.3,2.05,2
"SSP3_7_0",0.0306137834141991,1.3,2.05,2
"SSP5_8_5",0.0312211470869937,1.3,2.05,2
"SSP1_1_9",0.0282120313109475,1.3,2.2,2
"SSP1_2_6",0.0157759326624568,1.3,2.2,2
"SSP2_4_5",0.0513150967298757,1.3,2.2,2
"SSP3_7_0",0.0371254923009282,1.3,2.2,2
"SSP5_8_5",0.0392952219580574,1.3,2.2,2
"SSP1_1_9",0.0311536379362778,1.3,2.35,2
"SSP1_2_6",0.0248576023273663,1.3,2.35,2
"SSP2_4_5",0.0580714183830076,1.3,2.35,2
"SSP3_7_0",0.0431070343643163,1.3,2.35,2
"SSP5_8_5",0.0482197183734335,1.3,2.35,2
"SSP1_1_9",0.032524386640739,1.3,2.5,2
"SSP1_2_6",0.0299459307380074,1.3,2.5,2
"SSP2_4_5",0.0622511455232246,1.3,2.5,2
"SSP3_7_0",0.0487875664213384,1.3,2.5,2
"SSP5_8_5",0.0574633076021284,1.3,2.5,2
"SSP1_1_9",0.00122014432604387,1.45,1.6,2
"SSP1_2_6",0.00114087722800205,1.45,1.6,2
"SSP2_4_5",0.00386852950360699,1.45,1.6,2
"SSP3_7_0",0.00351603938507845,1.45,1.6,2
"SSP5_8_5",0.00352198959345918,1.45,1.6,2
"SSP1_1_9",0.0038895393674867,1.45,1.75,2
"SSP1_2_6",0.00349225412828463,1.45,1.75,2
"SSP2_4_5",0.0122588242253983,1.45,1.75,2
"SSP3_7_0",0.0099905071537011,1.45,1.75,2
"SSP5_8_5",0.00967015976381246,1.45,1.75,2
"SSP1_1_9",0.00924566413790849,1.45,1.9,2
"SSP1_2_6",0.00600520589597355,1.45,1.9,2
"SSP2_4_5",0.0208228855138808,1.45,1.9,2
"SSP3_7_0",0.0158143753242113,1.45,1.9,2
"SSP5_8_5",0.0155556096654465,1.45,1.9,2
"SSP1_1_9",0.0197586988253189,1.45,2.05,2
"SSP1_2_6",0.00928407701720487,1.45,2.05,2
"SSP2_4_5",0.0310881338338414,1.45,2.05,2
"SSP3_7_0",0.0219651435427655,1.45,2.05,2
"SSP5_8_5",0.0222205100605671,1.45,2.05,2
"SSP1_1_9",0.0262235203890173,1.45,2.2,2
"SSP1_2_6",0.0138453121784647,1.45,2.2,2
"SSP2_4_5",0.0417480447860453,1.45,2.2,2
"SSP3_7_0",0.0282131546992018,1.45,2.2,2
"SSP5_8_5",0.0290600792554532,1.45,2.2,2
"SSP1_1_9",0.0291137391838691,1.45,2.35,2
"SSP1_2_6",0.0228215051505677,1.45,2.35,2
"SSP2_4_5",0.0483798041015734,1.45,2.35,2
"SSP3_7_0",0.0340823050743068,1.45,2.35,2
"SSP5_8_5",0.0364528943808941,1.45,2.35,2
"SSP1_1_9",0.0304624166776027,1.45,2.5,2
"SSP1_2_6",0.0278602621284717,1.45,2.5,2
"SSP2_4_5",0.0525232669307035,1.45,2.5,2
"SSP3_7_0",0.0397232003060124,1.45,2.5,2
"SSP5_8_5",0.0439391226712111,1.45,2.5,2
"SSP1_1_9",0.00150338976074096,1.6,1.75,2
"SSP1_2_6",0.0011140961528234,1.6,1.75,2
"SSP2_4_5",0.00424089740411035,1.6,1.75,2
"SSP3_7_0",0.00324062809278689,1.6,1.75,2
"SSP5_8_5",0.00309942494158185,1.6,1.75,2
"SSP1_1_9",0.00686392411721474,1.6,1.9,2
"SSP1_2_6",0.00358763156942693,1.6,1.9,2
"SSP2_4_5",0.0122728947775394,1.6,1.9,2
"SSP3_7_0",0.0085550024950021,1.6,1.9,2
"SSP5_8_5",0.00789492339876589,1.6,1.9,2
"SSP1_1_9",0.0171475305130952,1.6,2.05,2
"SSP1_2_6",0.00646070589150684,1.6,2.05,2
"SSP2_4_5",0.020988044390249,1.6,2.05,2
"SSP3_7_0",0.0134925508978398,1.6,2.05,2
"SSP5_8_5",0.0131812849204202,1.6,2.05,2
"SSP1_1_9",0.0232368635662693,1.6,2.2,2
"SSP1_2_6",0.0107665547322752,1.6,2.2,2
"SSP2_4_5",0.030980464714405,1.6,2.2,2
"SSP3_7_0",0.0192263767724222,1.6,2.2,2
"SSP5_8_5",0.0190985004580794,1.6,2.2,2
"SSP1_1_9",0.0259579788564542,1.6,2.35,2
"SSP1_2_6",0.0196129089370993,1.6,2.35,2
"SSP2_4_5",0.0373176682378363,1.6,2.35,2
"SSP3_7_0",0.0248536094747743,1.6,2.35,2
"SSP5_8_5",0.0255175455444935,1.6,2.35,2
"SSP1_1_9",0.0272266806708824,1.6,2.5,2
"SSP1_2_6",0.0246064479238975,1.6,2.5,2
"SSP2_4_5",0.0413363115340715,1.6,2.5,2
"SSP3_7_0",0.0303782500026299,1.6,2.5,2
"SSP5_8_5",0.0317805964604945,1.6,2.5,2
"SSP1_1_9",0.00362568388506251,1.75,1.9,2
"SSP1_2_6",0.00135414989475909,1.75,1.9,2
"SSP2_4_5",0.00384072520653773,1.75,1.9,2
"SSP3_7_0",0.00261511720531072,1.75,1.9,2
"SSP5_8_5",0.00260204418691892,1.75,1.9,2
"SSP1_1_9",0.0134894453246915,1.75,2.05,2
"SSP1_2_6",0.00415003911438771,1.75,2.05,2
"SSP2_4_5",0.012156547450064,1.75,2.05,2
"SSP3_7_0",0.00693733013769554,1.75,2.05,2
"SSP5_8_5",0.00697126551374199,1.75,2.05,2
"SSP1_1_9",0.0195849523846372,1.75,2.2,2
"SSP1_2_6",0.00780607086572025,1.75,2.2,2
"SSP2_4_5",0.0205166640931752,1.75,2.2,2
"SSP3_7_0",0.0117047600414728,1.75,2.2,2
"SSP5_8_5",0.0117835810516637,1.75,2.2,2
"SSP1_1_9",0.0223089048793345,1.75,2.35,2
"SSP1_2_6",0.0163415143454524,1.75,2.35,2
"SSP2_4_5",0.0261876579500479,1.75,2.35,2
"SSP3_7_0",0.0169055842524615,1.75,2.35,2
"SSP5_8_5",0.0174380120571343,1.75,2.35,2
"SSP1_1_9",0.0235788925212035,1.75,2.5,2
"SSP1_2_6",0.0211961889615742,1.75,2.5,2
"SSP2_4_5",0.0299149950185108,1.75,2.5,2
"SSP3_7_0",0.0222255413740606,1.75,2.5,2
"SSP5_8_5",0.0229253660765957,1.75,2.5,2
"SSP1_1_9",0.00458072721171692,1.9,2.05,2
"SSP1_2_6",0.00163078050782302,1.9,2.05,2
"SSP2_4_5",0.00445994863121728,1.9,2.05,2
"SSP3_7_0",0.00243387571416231,1.9,2.05,2
"SSP5_8_5",0.00268395088904045,1.9,2.05,2
"SSP1_1_9",0.00454964445926862,1.9,2.2,2
"SSP1_2_6",0.00528552279961402,1.9,2.2,2
"SSP2_4_5",0.0101465131693034,1.9,2.2,2
"SSP3_7_0",0.00658906477882459,1.9,2.2,2
"SSP5_8_5",0.00669812827673106,1.9,2.2,2
"SSP1_1_9",0.00453576033234456,1.9,2.35,2
"SSP1_2_6",0.0133352007164733,1.9,2.35,2
"SSP2_4_5",0.0135523191886532,1.9,2.35,2
"SSP3_7_0",0.0108261918196639,1.9,2.35,2
"SSP5_8_5",0.0110330366340545,1.9,2.35,2
"SSP1_1_9",0.00452935420805541,1.9,2.5,2
"SSP1_2_6",0.0178416900707384,1.9,2.5,2
"SSP2_4_5",0.0163980929428785,1.9,2.5,2
"SSP3_7_0",0.0157270177853601,1.9,2.5,2
"SSP5_8_5",0.0157987256787996,1.9,2.5,2
"SSP1_1_9",0,2.05,2.2,2
"SSP1_2_6",0.0021971953742965,2.05,2.2,2
"SSP2_4_5",0.00225181945875218,2.05,2.2,2
"SSP3_7_0",0.00227547293311442,2.05,2.2,2
"SSP5_8_5",0.00207935762244874,2.05,2.2,2
"SSP1_1_9",0,2.05,2.35,2
"SSP1_2_6",0.00997514482420599,2.05,2.35,2
"SSP2_4_5",0.00312572553760568,2.05,2.35,2
"SSP3_7_0",0.00580133282923811,2.05,2.35,2
"SSP5_8_5",0.00612826144816851,2.05,2.35,2
"SSP1_1_9",0,2.05,2.5,2
"SSP1_2_6",0.0143224393322833,2.05,2.5,2
"SSP2_4_5",0.00468794533493304,2.05,2.5,2
"SSP3_7_0",0.00980212479198132,2.05,2.5,2
"SSP5_8_5",0.0098078141432915,2.05,2.5,2
"SSP1_1_9",0,2.2,2.35,2
"SSP1_2_6",0.00449658927754782,2.2,2.35,2
"SSP2_4_5",0.000879692178664347,2.2,2.35,2
"SSP3_7_0",0.00210475753245306,2.2,2.35,2
"SSP5_8_5",0.0020404592689485,2.2,2.35,2
"SSP1_1_9",0,2.2,2.5,2
"SSP1_2_6",0.0044734818240244,2.2,2.5,2
"SSP2_4_5",0.0023700392640349,2.2,2.5,2
"SSP3_7_0",0.00563357356959623,2.2,2.5,2
"SSP5_8_5",0.00482885558694842,2.2,2.5,2
"SSP1_1_9",0,2.35,2.5,2
"SSP1_2_6",0,2.35,2.5,2
"SSP2_4_5",0.000748717289761239,2.35,2.5,2
"SSP3_7_0",0.00181755893196706,2.35,2.5,2
"SSP5_8_5",0.00170982718070651,2.35,2.5,2
"SSP1_1_9",0.000438245576524088,1,1.3,3
"SSP1_2_6",0.0135444442872635,1,1.3,3
"SSP2_4_5",0.00698719923640048,1,1.3,3
"SSP3_7_0",0.00646036641552993,1,1.3,3
"SSP5_8_5",0.00590988117295642,1,1.3,3
"SSP1_1_9",0.0012998434659079,1,1.45,3
"SSP1_2_6",0.0143492042877454,1,1.45,3
"SSP2_4_5",0.0116893756986504,1,1.45,3
"SSP3_7_0",0.0112591727866082,1,1.45,3
"SSP5_8_5",0.0105145568009119,1,1.45,3
"SSP1_1_9",0.00194456213740124,1,1.6,3
"SSP1_2_6",0.014936349749034,1,1.6,3
"SSP2_4_5",0.0168796041831456,1,1.6,3
"SSP3_7_0",0.0164257961098048,1,1.6,3
"SSP5_8_5",0.0155874159244743,1,1.6,3
"SSP1_1_9",0.00392747447924218,1,1.75,3
"SSP1_2_6",0.0166654250115883,1,1.75,3
"SSP2_4_5",0.0237500231010392,1,1.75,3
"SSP3_7_0",0.0232297234740164,1,1.75,3
"SSP5_8_5",0.0223355505457123,1,1.75,3
"SSP1_1_9",0.0079819118246484,1,1.9,3
"SSP1_2_6",0.0187939370761296,1,1.9,3
"SSP2_4_5",0.0310398310926003,1,1.9,3
"SSP3_7_0",0.0303470856060499,1,1.9,3
"SSP5_8_5",0.0298367318171273,1,1.9,3
"SSP1_1_9",0.015430677223325,1,2.05,3
"SSP1_2_6",0.021345824866284,1,2.05,3
"SSP2_4_5",0.0389194238318324,1,2.05,3
"SSP3_7_0",0.0373348840135895,1,2.05,3
"SSP5_8_5",0.0381652272378085,1,2.05,3
"SSP1_1_9",0.0199993384703826,1,2.2,3
"SSP1_2_6",0.0246764084172457,1,2.2,3
"SSP2_4_5",0.0467551476423578,1,2.2,3
"SSP3_7_0",0.0439909699483727,1,2.2,3
"SSP5_8_5",0.0470955705963835,1,2.2,3
"SSP1_1_9",0.0220372723957887,1,2.35,3
"SSP1_2_6",0.0310436727872713,1,2.35,3
"SSP2_4_5",0.0515801136053846,1,2.35,3
"SSP3_7_0",0.0498016354648248,1,2.35,3
"SSP5_8_5",0.0566393767687349,1,2.35,3
"SSP1_1_9",0.0229854881788162,1,2.5,3
"SSP1_2_6",0.0346222986639227,1,2.5,3
"SSP2_4_5",0.0545642167596052,1,2.5,3
"SSP3_7_0",0.0548626257189611,1,2.5,3
"SSP5_8_5",0.0660199109986418,1,2.5,3
"SSP1_1_9",0.00172877375678283,1,1.45,3
"SSP1_2_6",0.014573989046417,1,1.45,3
"SSP2_4_5",0.0138259280222438,1,1.45,3
"SSP3_7_0",0.0131693590088156,1,1.45,3
"SSP5_8_5",0.0123280273379902,1,1.45,3
"SSP1_1_9",0.0023708828410669,1,1.6,3
"SSP1_2_6",0.0151522633823641,1,1.6,3
"SSP2_4_5",0.0189510281135672,1,1.6,3
"SSP3_7_0",0.0182260444889261,1,1.6,3
"SSP5_8_5",0.0172948445513771,1,1.6,3
"SSP1_1_9",0.00434656161841768,1,1.75,3
"SSP1_2_6",0.0168565356903608,1,1.75,3
"SSP2_4_5",0.0257388607085786,1,1.75,3
"SSP3_7_0",0.0248968817793369,1,1.75,3
"SSP5_8_5",0.0239130913172837,1,1.75,3
"SSP1_1_9",0.00838640887357826,1,1.9,3
"SSP1_2_6",0.0189548256641394,1,1.9,3
"SSP2_4_5",0.0329429308235968,1,1.9,3
"SSP3_7_0",0.0318817910330506,1,1.9,3
"SSP5_8_5",0.0312774300031962,1,1.9,3
"SSP1_1_9",0.0158086817369081,1,2.05,3
"SSP1_2_6",0.0214707436728002,1,2.05,3
"SSP2_4_5",0.0407314370855554,1,2.05,3
"SSP3_7_0",0.0387448673819474,1,2.05,3
"SSP5_8_5",0.039461033789856,1,2.05,3
"SSP1_1_9",0.0203612569759625,1,2.2,3
"SSP1_2_6",0.0247546773329762,1,2.2,3
"SSP2_4_5",0.0484779087644769,1,2.2,3
"SSP3_7_0",0.0452864611934763,1,2.2,3
"SSP5_8_5",0.0482421571906545,1,2.2,3
"SSP1_1_9",0.0223920555508654,1,2.35,3
"SSP1_2_6",0.031033639568089,1,2.35,3
"SSP2_4_5",0.0532485184269924,1,2.35,3
"SSP3_7_0",0.0509997900823782,1,2.35,3
"SSP5_8_5",0.0576317775055254,1,2.35,3
"SSP1_1_9",0.0233369629601354,1,2.5,3
"SSP1_2_6",0.034563140192789,1,2.5,3
"SSP2_4_5",0.0561992237661722,1,2.5,3
"SSP3_7_0",0.0559778027041501,1,2.5,3
"SSP5_8_5",0.066864866401915,1,2.5,3
"SSP1_1_9",0.00322260578917188,1,1.6,3
"SSP1_2_6",0.0159290163208274,1,1.6,3
"SSP2_4_5",0.0234444450724302,1,1.6,3
"SSP3_7_0",0.0226248195750805,1,1.6,3
"SSP5_8_5",0.0215175728411808,1,1.6,3
"SSP1_1_9",0.00519220533443627,1,1.75,3
"SSP1_2_6",0.0176209146343849,1,1.75,3
"SSP2_4_5",0.0301452308410046,1,1.75,3
"SSP3_7_0",0.0291300617881986,1,1.75,3
"SSP5_8_5",0.0279742364717292,1,1.75,3
"SSP1_1_9",0.00921991643240722,1,1.9,3
"SSP1_2_6",0.0197046345679306,1,1.9,3
"SSP2_4_5",0.03725954782468,1,1.9,3
"SSP3_7_0",0.0359535849845653,1,1.9,3
"SSP5_8_5",0.0351725371545173,1,1.9,3
"SSP1_1_9",0.0166201526317784,1,2.05,3
"SSP1_2_6",0.0222035069638705,1,2.05,3
"SSP2_4_5",0.0449528299638527,1,2.05,3
"SSP3_7_0",0.0426674155921781,1,2.05,3
"SSP5_8_5",0.0431843511092865,1,2.05,3
"SSP1_1_9",0.0211593014434741,1,2.2,3
"SSP1_2_6",0.0254653839645363,1,2.2,3
"SSP2_4_5",0.0526057932677322,1,2.2,3
"SSP3_7_0",0.0490745991395694,1,2.2,3
"SSP5_8_5",0.0517918954679958,1,2.2,3
"SSP1_1_9",0.0231841325798191,1,2.35,3
"SSP1_2_6",0.0317025990693077,1,2.35,3
"SSP2_4_5",0.0573192847279632,1,2.35,3
"SSP3_7_0",0.0546750312665484,1,2.35,3
"SSP5_8_5",0.0610046171529094,1,2.35,3
"SSP1_1_9",0.0241262749742425,1,2.5,3
"SSP1_2_6",0.0352088273712843,1,2.5,3
"SSP2_4_5",0.060234816088516,1,2.5,3
"SSP3_7_0",0.0595578692883596,1,2.5,3
"SSP5_8_5",0.0700697579630771,1,2.5,3
"SSP1_1_9",0.00582630920013515,1,1.75,3
"SSP1_2_6",0.018184125728839,1,1.75,3
"SSP2_4_5",0.0350529286810663,1,1.75,3
"SSP3_7_0",0.0337451331780334,1,1.75,3
"SSP5_8_5",0.0325101437278071,1,1.75,3
"SSP1_1_9",0.00984628623158806,1,1.9,3
"SSP1_2_6",0.0202606412290674,1,1.9,3
"SSP2_4_5",0.0420842882153318,1,1.9,3
"SSP3_7_0",0.040414105303582,1,1.9,3
"SSP5_8_5",0.0395480121240047,1,1.9,3
"SSP1_1_9",0.0172324787534152,1,2.05,3
"SSP1_2_6",0.0227511652321003,1,2.05,3
"SSP2_4_5",0.0496895899682147,1,2.05,3
"SSP3_7_0",0.0469854962132435,1,2.05,3
"SSP5_8_5",0.0473946999882501,1,2.05,3
"SSP1_1_9",0.0217630622351034,1,2.2,3
"SSP1_2_6",0.0260022535984954,1,2.2,3
"SSP2_4_5",0.0572560799155656,1,2.2,3
"SSP3_7_0",0.0532648894047128,1,2.2,3
"SSP5_8_5",0.0558361315420986,1,2.2,3
"SSP1_1_9",0.0237840842077956,1,2.35,3
"SSP1_2_6",0.0322190503198689,1,2.35,3
"SSP2_4_5",0.0619166881062687,1,2.35,3
"SSP3_7_0",0.058758243199581,1,2.35,3
"SSP5_8_5",0.064880099436021,1,2.35,3
"SSP1_1_9",0.0247244619617759,1,2.5,3
"SSP1_2_6",0.0357138835527157,1,2.5,3
"SSP2_4_5",0.0647996248129944,1,2.5,3
"SSP3_7_0",0.0635510203953531,1,2.5,3
"SSP5_8_5",0.0737852656541019,1,2.5,3
"SSP1_1_9",0.0117869983443155,1,1.9,3
"SSP1_2_6",0.0219271251752382,1,1.9,3
"SSP2_4_5",0.0485059797030847,1,1.9,3
"SSP3_7_0",0.0464078100069661,1,1.9,3
"SSP5_8_5",0.0454876697610978,1,1.9,3
"SSP1_1_9",0.0191430650002748,1,2.05,3
"SSP1_2_6",0.0244064669336308,1,2.05,3
"SSP2_4_5",0.056004637273704,1,2.05,3
"SSP3_7_0",0.0528208486179239,1,2.05,3
"SSP5_8_5",0.0531494208181667,1,2.05,3
"SSP1_1_9",0.0236552200599663,1,2.2,3
"SSP1_2_6",0.027643176012069,1,2.2,3
"SSP2_4_5",0.0634662505199563,1,2.2,3
"SSP3_7_0",0.0589591925374171,1,2.2,3
"SSP5_8_5",0.0614061472297264,1,2.2,3
"SSP1_1_9",0.0256680326328219,1,2.35,3
"SSP1_2_6",0.0338327735755889,1,2.35,3
"SSP2_4_5",0.0680626765896318,1,2.35,3
"SSP3_7_0",0.0643349057492946,1,2.35,3
"SSP5_8_5",0.0702634720219772,1,2.35,3
"SSP1_1_9",0.0266046094947825,1,2.5,3
"SSP1_2_6",0.0373123693013864,1,2.5,3
"SSP2_4_5",0.0709060346988239,1,2.5,3
"SSP3_7_0",0.0690291746835594,1,2.5,3
"SSP5_8_5",0.0789921895364653,1,2.5,3
"SSP1_1_9",0.0230543698131463,1,2.05,3
"SSP1_2_6",0.0264504840839174,1,2.05,3
"SSP2_4_5",0.0627225428067728,1,2.05,3
"SSP3_7_0",0.058999053797196,1,2.05,3
"SSP5_8_5",0.0596378020827984,1,2.05,3
"SSP1_1_9",0.027530187210916,1,2.2,3
"SSP1_2_6",0.029671998231141,1,2.2,3
"SSP2_4_5",0.0700763637085031,1,2.2,3
"SSP3_7_0",0.0650027435626687,1,2.2,3
"SSP5_8_5",0.0677099425946418,1,2.2,3
"SSP1_1_9",0.029526808784724,1,2.35,3
"SSP1_2_6",0.0358328574453973,1,2.35,3
"SSP2_4_5",0.0746068021479111,1,2.35,3
"SSP3_7_0",0.0702663955440455,1,2.35,3
"SSP5_8_5",0.0763813172907997,1,2.35,3
"SSP1_1_9",0.0304558896531672,1,2.5,3
"SSP1_2_6",0.0392963347816995,1,2.5,3
"SSP2_4_5",0.0774094593632403,1,2.5,3
"SSP3_7_0",0.0748670282237359,1,2.5,3
"SSP5_8_5",0.0849345059626698,1,2.5,3
"SSP1_1_9",0.0346530266791891,1,2.2,3
"SSP1_2_6",0.0321097383251168,1,2.2,3
"SSP2_4_5",0.0772348319276045,1,2.2,3
"SSP3_7_0",0.0710037597212146,1,2.2,3
"SSP5_8_5",0.0748126718716527,1,2.2,3
"SSP1_1_9",0.0366202366808442,1,2.35,3
"SSP1_2_6",0.0382389598364962,1,2.35,3
"SSP2_4_5",0.0816952349596601,1,2.35,3
"SSP3_7_0",0.076165904781121,1,2.35,3
"SSP5_8_5",0.0832974425418038,1,2.35,3
"SSP1_1_9",0.0375357003275432,1,2.5,3
"SSP1_2_6",0.0416846797887227,1,2.5,3
"SSP2_4_5",0.0844546882791847,1,2.5,3
"SSP3_7_0",0.0806818885731209,1,2.5,3
"SSP5_8_5",0.0914224933171718,1,2.5,3
"SSP1_1_9",0.0409716500616879,1,2.35,3
"SSP1_2_6",0.041381697012729,1,2.35,3
"SSP2_4_5",0.0887531601294875,1,2.35,3
"SSP3_7_0",0.0818503152959082,1,2.35,3
"SSP5_8_5",0.090088355335223,1,2.35,3
"SSP1_1_9",0.0418787784302894,1,2.5,3
"SSP1_2_6",0.0448046325726096,1,2.5,3
"SSP2_4_5",0.0914700792300348,1,2.5,3
"SSP3_7_0",0.086209267498862,1,2.5,3
"SSP5_8_5",0.0970500543191469,1,2.5,3
"SSP1_1_9",0.0438162495298476,1,2.5,3
"SSP1_2_6",0.0507733967487572,1,2.5,3
"SSP2_4_5",0.0957932591341922,1,2.5,3
"SSP3_7_0",0.0898941983477035,1,2.5,3
"SSP5_8_5",0.103444932851457,1,2.5,3
"SSP1_1_9",0.00128216336724356,1.15,1.45,3
"SSP1_2_6",0.00135661805915634,1.15,1.45,3
"SSP2_4_5",0.00780066026537245,1.15,1.45,3
"SSP3_7_0",0.0072303237729924,1.15,1.45,3
"SSP5_8_5",0.00703669749739296,1.15,1.45,3
"SSP1_1_9",0.00235320563777611,1.15,1.6,3
"SSP1_2_6",0.00230213131771528,1.15,1.6,3
"SSP2_4_5",0.0126698366061029,1.15,1.6,3
"SSP3_7_0",0.0118141437234819,1.15,1.6,3
"SSP5_8_5",0.0113738830008826,1.15,1.6,3
"SSP1_1_9",0.00424101106623874,1.15,1.75,3
"SSP1_2_6",0.00401118109371686,1.15,1.75,3
"SSP2_4_5",0.0190171665607614,1.15,1.75,3
"SSP3_7_0",0.0173790982035716,1.15,1.75,3
"SSP5_8_5",0.0168816721423019,1.15,1.75,3
"SSP1_1_9",0.00821350846349142,1.15,1.9,3
"SSP1_2_6",0.00608032753277106,1.15,1.9,3
"SSP2_4_5",0.0260013671526021,1.15,1.9,3
"SSP3_7_0",0.0230395345236632,1.15,1.9,3
"SSP5_8_5",0.0228639447843981,1.15,1.9,3
"SSP1_1_9",0.0155681377414351,1.15,2.05,3
"SSP1_2_6",0.00856168089293625,1.15,2.05,3
"SSP2_4_5",0.033652024044956,1.15,2.05,3
"SSP3_7_0",0.028285814651901,1.15,2.05,3
"SSP5_8_5",0.0292931197538882,1.15,2.05,3
"SSP1_1_9",0.0200832960069347,1.15,2.2,3
"SSP1_2_6",0.0118207487831277,1.15,2.2,3
"SSP2_4_5",0.0413254889680734,1.15,2.2,3
"SSP3_7_0",0.0332107780501914,1.15,2.2,3
"SSP5_8_5",0.0361890643331719,1.15,2.2,3
"SSP1_1_9",0.0220981086648974,1.15,2.35,3
"SSP1_2_6",0.0180688591205258,1.15,2.35,3
"SSP2_4_5",0.0460570557174638,1.15,2.35,3
"SSP3_7_0",0.0375837030800823,1.15,2.35,3
"SSP5_8_5",0.0438681890999534,1.15,2.35,3
"SSP1_1_9",0.0230369060542872,1.15,2.5,3
"SSP1_2_6",0.021583666315567,1.15,2.5,3
"SSP2_4_5",0.0489896067520789,1.15,2.5,3
"SSP3_7_0",0.0416398454053914,1.15,2.5,3
"SSP5_8_5",0.0517816029155639,1.15,2.5,3
"SSP1_1_9",0.00267781996727672,1.15,1.6,3
"SSP1_2_6",0.00269494798508358,1.15,1.6,3
"SSP2_4_5",0.0145836136669593,1.15,1.6,3
"SSP3_7_0",0.0136977481582987,1.15,1.6,3
"SSP5_8_5",0.0129538903904933,1.15,1.6,3
"SSP1_1_9",0.00453766456315415,1.15,1.75,3
"SSP1_2_6",0.00429427004791279,1.15,1.75,3
"SSP2_4_5",0.0208675528366255,1.15,1.75,3
"SSP3_7_0",0.0191522918068378,1.15,1.75,3
"SSP5_8_5",0.0183571419050834,1.15,1.75,3
"SSP1_1_9",0.00850048973192721,1.15,1.9,3
"SSP1_2_6",0.0063325335933468,1.15,1.9,3
"SSP2_4_5",0.0277840824625209,1.15,1.9,3
"SSP3_7_0",0.0247057050217058,1.15,1.9,3
"SSP5_8_5",0.0242315785448554,1.15,1.9,3
"SSP1_1_9",0.0158374353972211,1.15,2.05,3
"SSP1_2_6",0.00879864732600702,1.15,2.05,3
"SSP2_4_5",0.035362064740486,1.15,2.05,3
"SSP3_7_0",0.0298561833206257,1.15,2.05,3
"SSP5_8_5",0.0305499395409254,1.15,2.05,3
"SSP1_1_9",0.0203418449988209,1.15,2.2,3
"SSP1_2_6",0.0120378416155406,1.15,2.2,3
"SSP2_4_5",0.042963781006842,1.15,2.2,3
"SSP3_7_0",0.0346947386321808,1.15,2.2,3
"SSP5_8_5",0.037332012927969,1.15,2.2,3
"SSP1_1_9",0.0223518876439446,1.15,2.35,3
"SSP1_2_6",0.018248225883538,1.15,2.35,3
"SSP2_4_5",0.0476515751310129,1.15,2.35,3
"SSP3_7_0",0.0389934083058696,1.15,2.35,3
"SSP5_8_5",0.0448893012949058,1.15,2.35,3
"SSP1_1_9",0.0232884705609022,1.15,2.5,3
"SSP1_2_6",0.0217420102275839,1.15,2.5,3
"SSP2_4_5",0.0505571728092689,1.15,2.5,3
"SSP3_7_0",0.0429829139289902,1.15,2.5,3
"SSP5_8_5",0.052681143934049,1.15,2.5,3
"SSP1_1_9",0.00562184342481001,1.15,1.75,3
"SSP1_2_6",0.00533741040986432,1.15,1.75,3
"SSP2_4_5",0.0255485284735354,1.15,1.75,3
"SSP3_7_0",0.0233769589518718,1.15,1.75,3
"SSP5_8_5",0.0223558867532361,1.15,1.75,3
"SSP1_1_9",0.00957522659580568,1.15,1.9,3
"SSP1_2_6",0.00736749368383883,1.15,1.9,3
"SSP2_4_5",0.0323861398431141,1.15,1.9,3
"SSP3_7_0",0.0288004496603851,1.15,1.9,3
"SSP5_8_5",0.0280974233291788,1.15,1.9,3
"SSP1_1_9",0.0168949567558049,1.15,2.05,3
"SSP1_2_6",0.0098242392460439,1.15,2.05,3
"SSP2_4_5",0.0398797831330955,1.15,2.05,3
"SSP3_7_0",0.0338357181325557,1.15,2.05,3
"SSP5_8_5",0.0342822171581636,1.15,2.05,3
"SSP1_1_9",0.021388833323556,1.15,2.2,3
"SSP1_2_6",0.0130513026183969,1.15,2.2,3
"SSP2_4_5",0.0473981967919398,1.15,2.2,3
"SSP3_7_0",0.0385724200975698,1.15,2.2,3
"SSP5_8_5",0.0409303890677708,1.15,2.2,3
"SSP1_1_9",0.0233941836738682,1.15,2.35,3
"SSP1_2_6",0.0192386868417495,1.15,2.35,3
"SSP2_4_5",0.0520350085755736,1.15,2.35,3
"SSP3_7_0",0.042785117596459,1.15,2.35,3
"SSP5_8_5",0.048348066178125,1.15,2.35,3
"SSP1_1_9",0.0243285922798241,1.15,2.5,3
"SSP1_2_6",0.0227196015990871,1.15,2.5,3
"SSP2_4_5",0.0549091463399405,1.15,2.5,3
"SSP3_7_0",0.0466993600785323,1.15,2.5,3
"SSP5_8_5",0.0560030768287841,1.15,2.5,3
"SSP1_1_9",0.0114066017262836,1.15,1.9,3
"SSP1_2_6",0.00894166508333006,1.15,1.9,3
"SSP2_4_5",0.0384094247390611,1.15,1.9,3
"SSP3_7_0",0.0338299800022369,1.15,1.9,3
"SSP5_8_5",0.0330738843678025,1.15,1.9,3
"SSP1_1_9",0.0186973435374155,1.15,2.05,3
"SSP1_2_6",0.0113877532917543,1.15,2.05,3
"SSP2_4_5",0.045801745969008,1.15,2.05,3
"SSP3_7_0",0.0387408606122955,1.15,2.05,3
"SSP5_8_5",0.0391113739522131,1.15,2.05,3
"SSP1_1_9",0.0231734819761859,1.15,2.2,3
"SSP1_2_6",0.0146010543419253,1.15,2.2,3
"SSP2_4_5",0.053220058408306,1.15,2.2,3
"SSP3_7_0",0.0433680422087424,1.15,2.2,3
"SSP5_8_5",0.0456127208524861,1.15,2.2,3
"SSP1_1_9",0.0251709297518351,1.15,2.35,3
"SSP1_2_6",0.0207623575465465,1.15,2.35,3
"SSP2_4_5",0.0577955711563265,1.15,2.35,3
"SSP3_7_0",0.0474886458339501,1.15,2.35,3
"SSP5_8_5",0.0528782750367895,1.15,2.35,3
"SSP1_1_9",0.026101676513284,1.15,2.5,3
"SSP1_2_6",0.0242286549038099,1.15,2.5,3
"SSP2_4_5",0.0606318682709764,1.15,2.5,3
"SSP3_7_0",0.0513227162805942,1.15,2.5,3
"SSP5_8_5",0.0603848488176631,1.15,2.5,3
"SSP1_1_9",0.0225445935700007,1.15,2.05,3
"SSP1_2_6",0.013386697663593,1.15,2.05,3
"SSP2_4_5",0.0523393378653293,1.15,2.05,3
"SSP3_7_0",0.0437729762973582,1.15,2.05,3
"SSP5_8_5",0.0444123851239682,1.15,2.05,3
"SSP1_1_9",0.0269850558029845,1.15,2.2,3
"SSP1_2_6",0.0165852740105871,1.15,2.2,3
"SSP2_4_5",0.0596529504036749,1.15,2.2,3
"SSP3_7_0",0.0482966810088152,1.15,2.2,3
"SSP5_8_5",0.0507682775134273,1.15,2.2,3
"SSP1_1_9",0.0289666042195743,1.15,2.35,3
"SSP1_2_6",0.0227186819428482,1.15,2.35,3
"SSP2_4_5",0.0641643212212927,1.15,2.35,3
"SSP3_7_0",0.0523304476103576,1.15,2.35,3
"SSP5_8_5",0.0578836950825706,1.15,2.35,3
"SSP1_1_9",0.0298899845328454,1.15,2.5,3
"SSP1_2_6",0.0261693257198803,1.15,2.5,3
"SSP2_4_5",0.0669610119384297,1.15,2.5,3
"SSP3_7_0",0.0560891576439458,1.15,2.5,3
"SSP5_8_5",0.0652441542269033,1.15,2.5,3
"SSP1_1_9",0.0340462250740477,1.15,2.2,3
"SSP1_2_6",0.0189910175374649,1.15,2.2,3
"SSP2_4_5",0.0667143065916914,1.15,2.2,3
"SSP3_7_0",0.0528941548200208,1.15,2.2,3
"SSP5_8_5",0.0563694304703002,1.15,2.2,3
"SSP1_1_9",0.0359987767954446,1.15,2.35,3
"SSP1_2_6",0.0250935991866953,1.15,2.35,3
"SSP2_4_5",0.0711571359792053,1.15,2.35,3
"SSP3_7_0",0.0568512568005995,1.15,2.35,3
"SSP5_8_5",0.0633364619793561,1.15,2.35,3
"SSP1_1_9",0.0369087221354536,1.15,2.5,3
"SSP1_2_6",0.0285269320187917,1.15,2.5,3
"SSP2_4_5",0.0739114966499726,1.15,2.5,3
"SSP3_7_0",0.0605435453126104,1.15,2.5,3
"SSP5_8_5",0.0705347978306562,1.15,2.5,3
"SSP1_1_9",0.0403165814855047,1.15,2.35,3
"SSP1_2_6",0.0282152839318797,1.15,2.35,3
"SSP2_4_5",0.0781805346541289,1.15,2.35,3
"SSP3_7_0",0.0611365202469822,1.15,2.35,3
"SSP5_8_5",0.0692599530271391,1.15,2.35,3
"SSP1_1_9",0.04121829863849,1.15,2.5,3
"SSP1_2_6",0.0316263342449253,1.15,2.5,3
"SSP2_4_5",0.0808930318725375,1.15,2.5,3
"SSP3_7_0",0.0647710283786777,1.15,2.5,3
"SSP5_8_5",0.0752372987672838,1.15,2.5,3
"SSP1_1_9",0.0431415099364123,1.15,2.5,3
"SSP1_2_6",0.0375718777810448,1.15,2.5,3
"SSP2_4_5",0.0852008737629847,1.15,2.5,3
"SSP3_7_0",0.0685573070865277,1.15,2.5,3
"SSP5_8_5",0.0805697565295654,1.15,2.5,3
"SSP1_1_9",0.00147929900146583,1.3,1.6,3
"SSP1_2_6",0.00146324062117353,1.3,1.6,3
"SSP2_4_5",0.00756506627714707,1.3,1.6,3
"SSP3_7_0",0.0065795745087941,1.3,1.6,3
"SSP5_8_5",0.00606574205543161,1.3,1.6,3
"SSP1_1_9",0.00333139042190103,1.3,1.75,3
"SSP1_2_6",0.003043288675685,1.3,1.75,3
"SSP2_4_5",0.0132128420989405,1.3,1.75,3
"SSP3_7_0",0.0112011696156244,1.3,1.75,3
"SSP5_8_5",0.0106593358226189,1.3,1.75,3
"SSP1_1_9",0.00720434132213939,1.3,1.9,3
"SSP1_2_6",0.00497458390025952,1.3,1.9,3
"SSP2_4_5",0.0197653311029115,1.3,1.9,3
"SSP3_7_0",0.0160958640653519,1.3,1.9,3
"SSP5_8_5",0.0157829442427473,1.3,1.9,3
"SSP1_1_9",0.0144942955520119,1.3,2.05,3
"SSP1_2_6",0.00737861013537127,1.3,2.05,3
"SSP2_4_5",0.0271885312391447,1.3,2.05,3
"SSP3_7_0",0.0207844109923382,1.3,2.05,3
"SSP5_8_5",0.0212190491004723,1.3,2.05,3
"SSP1_1_9",0.018970652377189,1.3,2.2,3
"SSP1_2_6",0.0105588433996698,1.3,2.2,3
"SSP2_4_5",0.0347053630630082,1.3,2.2,3
"SSP3_7_0",0.025317926357564,1.3,2.2,3
"SSP5_8_5",0.0268580161752788,1.3,2.2,3
"SSP1_1_9",0.0209699372141333,1.3,2.35,3
"SSP1_2_6",0.0166884916637262,1.3,2.35,3
"SSP2_4_5",0.0393668945553262,1.3,2.35,3
"SSP3_7_0",0.0295006888614628,1.3,2.35,3
"SSP5_8_5",0.0331343606854634,1.3,2.35,3
"SSP1_1_9",0.0219028606272253,1.3,2.5,3
"SSP1_2_6",0.0201395972028137,1.3,2.5,3
"SSP2_4_5",0.04226157188303,1.3,2.5,3
"SSP3_7_0",0.0334816133687646,1.3,2.5,3
"SSP5_8_5",0.0396778119904558,1.3,2.5,3
"SSP1_1_9",0.00414008972878353,1.3,1.75,3
"SSP1_2_6",0.00379710845391016,1.3,1.75,3
"SSP2_4_5",0.0157007543663365,1.3,1.75,3
"SSP3_7_0",0.0133793520640411,1.3,1.75,3
"SSP5_8_5",0.012849755883811,1.3,1.75,3
"SSP1_1_9",0.00800486311330778,1.3,1.9,3
"SSP1_2_6",0.00572134718704878,1.3,1.9,3
"SSP2_4_5",0.0221935728990739,1.3,1.9,3
"SSP3_7_0",0.0181809020968237,1.3,1.9,3
"SSP5_8_5",0.0178763580240434,1.3,1.9,3
"SSP1_1_9",0.0152797493154042,1.3,2.05,3
"SSP1_2_6",0.00811704015557959,1.3,2.05,3
"SSP2_4_5",0.0295512829066126,1.3,2.05,3
"SSP3_7_0",0.0227843415607628,1.3,2.05,3
"SSP5_8_5",0.0232148028925201,1.3,2.05,3
"SSP1_1_9",0.019746897957453,1.3,2.2,3
"SSP1_2_6",0.0112864036665282,1.3,2.2,3
"SSP2_4_5",0.0370029925792379,1.3,2.2,3
"SSP3_7_0",0.0272398967411474,1.3,2.2,3
"SSP5_8_5",0.0287571570533686,1.3,2.2,3
"SSP1_1_9",0.0217420816125554,1.3,2.35,3
"SSP1_2_6",0.0173953486325592,1.3,2.35,3
"SSP2_4_5",0.0416245748503312,1.3,2.35,3
"SSP3_7_0",0.0313539982971961,1.3,2.35,3
"SSP5_8_5",0.034931600662038,1.3,2.35,3
"SSP1_1_9",0.0226731021930283,1.3,2.5,3
"SSP1_2_6",0.0208348723959154,1.3,2.5,3
"SSP2_4_5",0.044494596248877,1.3,2.5,3
"SSP3_7_0",0.0352724344384242,1.3,2.5,3
"SSP5_8_5",0.0413733793289088,1.3,2.5,3
"SSP1_1_9",0.00982941650249101,1.3,1.9,3
"SSP1_2_6",0.00727782452724851,1.3,1.9,3
"SSP2_4_5",0.0276190908899379,1.3,1.9,3
"SSP3_7_0",0.0224637448557004,1.3,1.9,3
"SSP5_8_5",0.022126727808846,1.3,1.9,3
"SSP1_1_9",0.017075548755967,1.3,2.05,3
"SSP1_2_6",0.00966320853183208,1.3,2.05,3
"SSP2_4_5",0.034882045777917,1.3,2.05,3
"SSP3_7_0",0.0269585379814754,1.3,2.05,3
"SSP5_8_5",0.0273403739570809,1.3,2.05,3
"SSP1_1_9",0.0215251001588957,1.3,2.2,3
"SSP1_2_6",0.0128192008717891,1.3,2.2,3
"SSP2_4_5",0.0422396379671513,1.3,2.2,3
"SSP3_7_0",0.0313165673485021,1.3,2.2,3
"SSP5_8_5",0.0327608542397011,1.3,2.2,3
"SSP1_1_9",0.0235124401315495,1.3,2.35,3
"SSP1_2_6",0.0189027192118237,1.3,2.35,3
"SSP2_4_5",0.0468034136772743,1.3,2.35,3
"SSP3_7_0",0.0353464529109413,1.3,2.35,3
"SSP5_8_5",0.0388092116340947,1.3,2.35,3
"SSP1_1_9",0.0244398233245335,1.3,2.5,3
"SSP1_2_6",0.022327983252724,1.3,2.5,3
"SSP2_4_5",0.0496377180510624,1.3,2.5,3
"SSP3_7_0",0.0391899766684521,1.3,2.5,3
"SSP5_8_5",0.0451270944146875,1.3,2.5,3
"SSP1_1_9",0.0208362737883856,1.3,2.05,3
"SSP1_2_6",0.0115579971246384,1.3,2.05,3
"SSP2_4_5",0.041092935861081,1.3,2.05,3
"SSP3_7_0",0.0314187351111217,1.3,2.05,3
"SSP5_8_5",0.0319889277676744,1.3,2.05,3
"SSP1_1_9",0.0252507624297633,1.3,2.2,3
"SSP1_2_6",0.0146999430594228,1.3,2.2,3
"SSP2_4_5",0.048349734894344,1.3,2.2,3
"SSP3_7_0",0.0356831975953899,1.3,2.2,3
"SSP5_8_5",0.0372871476681173,1.3,2.2,3
"SSP1_1_9",0.0272224698128508,1.3,2.35,3
"SSP1_2_6",0.0207567670357797,1.3,2.35,3
"SSP2_4_5",0.0528515794387678,1.3,2.35,3
"SSP3_7_0",0.0396326278314016,1.3,2.35,3
"SSP5_8_5",0.0432096046545531,1.3,2.35,3
"SSP1_1_9",0.0281426045497093,1.3,2.5,3
"SSP1_2_6",0.0241670452028135,1.3,2.5,3
"SSP2_4_5",0.0556476060446872,1.3,2.5,3
"SSP3_7_0",0.0434049548997673,1.3,2.5,3
"SSP5_8_5",0.0494042334393459,1.3,2.5,3
"SSP1_1_9",0.0322698738259259,1.3,2.2,3
"SSP1_2_6",0.0170465856172282,1.3,2.2,3
"SSP2_4_5",0.0552915119762392,1.3,2.2,3
"SSP3_7_0",0.0398953114998141,1.3,2.2,3
"SSP5_8_5",0.0421305345093651,1.3,2.2,3
"SSP1_1_9",0.034212830779816,1.3,2.35,3
"SSP1_2_6",0.0230735481292778,1.3,2.35,3
"SSP2_4_5",0.059726069310509,1.3,2.35,3
"SSP3_7_0",0.0437727861013684,1.3,2.35,3
"SSP5_8_5",0.0479291427176936,1.3,2.35,3
"SSP1_1_9",0.0351196347654148,1.3,2.5,3
"SSP1_2_6",0.0264670489451909,1.3,2.5,3
"SSP2_4_5",0.0624804991071608,1.3,2.5,3
"SSP3_7_0",0.0474816492795948,1.3,2.5,3
"SSP5_8_5",0.0540028118965314,1.3,2.5,3
"SSP1_1_9",0.0385057443402008,1.3,2.35,3
"SSP1_2_6",0.0261409028698223,1.3,2.35,3
"SSP2_4_5",0.0666977523967222,1.3,2.35,3
"SSP3_7_0",0.0478152901945592,1.3,2.35,3
"SSP5_8_5",0.0528698366742024,1.3,2.35,3
"SSP1_1_9",0.0394043828389665,1.3,2.5,3
"SSP1_2_6",0.0295127310006971,1.3,2.5,3
"SSP2_4_5",0.0694108405273654,1.3,2.5,3
"SSP3_7_0",0.0514683946039613,1.3,2.5,3
"SSP5_8_5",0.0588267281776522,1.3,2.5,3
"SSP1_1_9",0.0413182365667997,1.3,2.5,3
"SSP1_2_6",0.0353866923681769,1.3,2.5,3
"SSP2_4_5",0.0737120015231724,1.3,2.5,3
"SSP3_7_0",0.0551811758923745,1.3,2.5,3
"SSP5_8_5",0.0642648119718681,1.3,2.5,3
"SSP1_1_9",0.00259413536361211,1.45,1.75,3
"SSP1_2_6",0.00235389461619828,1.45,1.75,3
"SSP2_4_5",0.00827196112546012,1.45,1.75,3
"SSP3_7_0",0.00666158287761255,1.45,1.75,3
"SSP5_8_5",0.00644836361386561,1.45,1.75,3
"SSP1_1_9",0.00617892243770509,1.45,1.9,3
"SSP1_2_6",0.00400842575583286,1.45,1.9,3
"SSP2_4_5",0.0139392636704382,1.45,1.9,3
"SSP3_7_0",0.01061111010321,1.45,1.9,3
"SSP5_8_5",0.0104409285151905,1.45,1.9,3
"SSP1_1_9",0.0132533731092868,1.45,2.05,3
"SSP1_2_6",0.00620497008604386,1.45,2.05,3
"SSP2_4_5",0.0208912792671535,1.45,2.05,3
"SSP3_7_0",0.0148173634616262,1.45,2.05,3
"SSP5_8_5",0.0150057682217143,1.45,2.05,3
"SSP1_1_9",0.0176295417972362,1.45,2.2,3
"SSP1_2_6",0.00926843959028921,1.45,2.2,3
"SSP2_4_5",0.028161287821653,1.45,2.2,3
"SSP3_7_0",0.0191165544982769,1.45,2.2,3
"SSP5_8_5",0.0197351844415085,1.45,2.2,3
"SSP1_1_9",0.0195923851185987,1.45,2.35,3
"SSP1_2_6",0.0153240245936371,1.45,2.35,3
"SSP2_4_5",0.0327108743940233,1.45,2.35,3
"SSP3_7_0",0.0231741931303857,1.45,2.35,3
"SSP5_8_5",0.0248875188658144,1.45,2.35,3
"SSP1_1_9",0.0205095676041096,1.45,2.5,3
"SSP1_2_6",0.0187396832161013,1.45,2.5,3
"SSP2_4_5",0.0355636198367124,1.45,2.5,3
"SSP3_7_0",0.0270847794858093,1.45,2.5,3
"SSP5_8_5",0.0301433966091842,1.45,2.5,3
"SSP1_1_9",0.00716430829517813,1.45,1.9,3
"SSP1_2_6",0.00473978751160189,1.45,1.9,3
"SSP2_4_5",0.0166541455149475,1.45,1.9,3
"SSP3_7_0",0.0126166636275085,1.45,1.9,3
"SSP5_8_5",0.0123535538088219,1.45,1.9,3
"SSP1_1_9",0.014216686244456,1.45,2.05,3
"SSP1_2_6",0.00692871535554129,1.45,2.05,3
"SSP2_4_5",0.023535991199727,1.45,2.05,3
"SSP3_7_0",0.0167456543513615,1.45,2.05,3
"SSP5_8_5",0.0168343752310923,1.45,2.05,3
"SSP1_1_9",0.0185793148461084,1.45,2.2,3
"SSP1_2_6",0.00998184369876364,1.45,2.2,3
"SSP2_4_5",0.0307345984525674,1.45,2.2,3
"SSP3_7_0",0.0209710741878655,1.45,2.2,3
"SSP5_8_5",0.0214807629185654,1.45,2.2,3
"SSP1_1_9",0.0205361142464359,1.45,2.35,3
"SSP1_2_6",0.0160173405375121,1.45,2.35,3
"SSP2_4_5",0.0352400883435938,1.45,2.35,3
"SSP3_7_0",0.0249625127964676,1.45,2.35,3
"SSP5_8_5",0.0265470244652354,1.45,2.35,3
"SSP1_1_9",0.0214504885635812,1.45,2.5,3
"SSP1_2_6",0.0194217443572708,1.45,2.5,3
"SSP2_4_5",0.0380654231402495,1.45,2.5,3
"SSP3_7_0",0.0288121491849932,1.45,2.5,3
"SSP5_8_5",0.0317185760037899,1.45,2.5,3
"SSP1_1_9",0.0177066704177551,1.45,2.05,3
"SSP1_2_6",0.00855923394162058,1.45,2.05,3
"SSP2_4_5",0.028969635775934,1.45,2.05,3
"SSP3_7_0",0.0204313930258046,1.45,2.05,3
"SSP5_8_5",0.0205448851170707,1.45,2.05,3
"SSP1_1_9",0.0220358968754443,1.45,2.2,3
"SSP1_2_6",0.0115995088450197,1.45,2.2,3
"SSP2_4_5",0.0360752799656464,1.45,2.2,3
"SSP3_7_0",0.0245730461437998,1.45,2.2,3
"SSP5_8_5",0.0250910036111701,1.45,2.2,3
"SSP1_1_9",0.0239777729302219,1.45,2.35,3
"SSP1_2_6",0.0176101999320632,1.45,2.35,3
"SSP2_4_5",0.040523369089813,1.45,2.35,3
"SSP3_7_0",0.0284910563532514,1.45,2.35,3
"SSP5_8_5",0.0300551897429986,1.45,2.35,3
"SSP1_1_9",0.0248852219599873,1.45,2.5,3
"SSP1_2_6",0.0210006698287275,1.45,2.5,3
"SSP2_4_5",0.0433130385788487,1.45,2.5,3
"SSP3_7_0",0.0322747394992932,1.45,2.5,3
"SSP5_8_5",0.0351281207728548,1.45,2.5,3
"SSP1_1_9",0.0288687794572897,1.45,2.2,3
"SSP1_2_6",0.0137529639239786,1.45,2.2,3
"SSP2_4_5",0.0426566865674734,1.45,2.2,3
"SSP3_7_0",0.0284478069511397,1.45,2.2,3
"SSP5_8_5",0.0292612847027995,1.45,2.2,3
"SSP1_1_9",0.0307825622921962,1.45,2.35,3
"SSP1_2_6",0.0197352647753794,1.45,2.35,3
"SSP2_4_5",0.0470400838750054,1.45,2.35,3
"SSP3_7_0",0.0322975416368885,1.45,2.35,3
"SSP5_8_5",0.0341218174481318,1.45,2.35,3
"SSP1_1_9",0.0316769759966258,1.45,2.5,3
"SSP1_2_6",0.0231097724272104,1.45,2.5,3
"SSP2_4_5",0.0497895580614371,1.45,2.5,3
"SSP3_7_0",0.0360203854390845,1.45,2.5,3
"SSP5_8_5",0.039094953883782,1.45,2.5,3
"SSP1_1_9",0.0349929973294308,1.45,2.35,3
"SSP1_2_6",0.0227036624392644,1.45,2.35,3
"SSP2_4_5",0.0538698614238335,1.45,2.35,3
"SSP3_7_0",0.0362276264475437,1.45,2.35,3
"SSP5_8_5",0.0383662341089251,1.45,2.35,3
"SSP1_1_9",0.0358793960967237,1.45,2.5,3
"SSP1_2_6",0.0260570249334338,1.45,2.5,3
"SSP2_4_5",0.0565787412558074,1.45,2.5,3
"SSP3_7_0",0.0398959570984113,1.45,2.5,3
"SSP5_8_5",0.0432430058381146,1.45,2.5,3
"SSP1_1_9",0.037764605346826,1.45,2.5,3
"SSP1_2_6",0.031888728134818,1.45,2.5,3
"SSP2_4_5",0.0608313778621124,1.45,2.5,3
"SSP3_7_0",0.0435846004471231,1.45,2.5,3
"SSP5_8_5",0.0478053038386234,1.45,2.5,3
"SSP1_1_9",0.00486702281994983,1.6,1.9,3
"SSP1_2_6",0.00241589595799032,1.6,1.9,3
"SSP2_4_5",0.00818260926623494,1.6,1.9,3
"SSP3_7_0",0.00570064322242954,1.6,1.9,3
"SSP5_8_5",0.005261628943803,1.6,1.9,3
"SSP1_1_9",0.0114849155144711,1.6,2.05,3
"SSP1_2_6",0.00431236771599504,1.6,2.05,3
"SSP2_4_5",0.0140470932675914,1.6,2.05,3
"SSP3_7_0",0.00903886474909664,1.6,2.05,3
"SSP5_8_5",0.00883857475889156,1.6,2.05,3
"SSP1_1_9",0.0155986428462232,1.6,2.2,3
"SSP1_2_6",0.00719804493407938,1.6,2.2,3
"SSP2_4_5",0.020813590678809,1.6,2.2,3
"SSP3_7_0",0.0129368781578383,1.6,2.2,3
"SSP5_8_5",0.0128783327073872,1.6,2.2,3
"SSP1_1_9",0.0174429521228661,1.6,2.35,3
"SSP1_2_6",0.0131523337041586,1.6,2.35,3
"SSP2_4_5",0.0251295416647438,1.6,2.35,3
"SSP3_7_0",0.0167815807326166,1.6,2.35,3
"SSP5_8_5",0.0172981439057204,1.6,2.35,3
"SSP1_1_9",0.0183040368426558,1.6,2.5,3
"SSP1_2_6",0.0165294085941811,1.6,2.5,3
"SSP2_4_5",0.027875817147991,1.6,2.5,3
"SSP3_7_0",0.0205687049063977,1.6,2.5,3
"SSP5_8_5",0.021647587847528,1.6,2.5,3
"SSP1_1_9",0.0138384823582336,1.6,2.05,3
"SSP1_2_6",0.005203383348098,1.6,2.05,3
"SSP2_4_5",0.0164964647457346,1.6,2.05,3
"SSP3_7_0",0.0106677709747413,1.6,2.05,3
"SSP5_8_5",0.0104547780820565,1.6,2.05,3
"SSP1_1_9",0.0179250430944489,1.6,2.2,3
"SSP1_2_6",0.00807904962473485,1.6,2.2,3
"SSP2_4_5",0.0231963714916401,1.6,2.2,3
"SSP3_7_0",0.014505143235279,1.6,2.2,3
"SSP5_8_5",0.0144265845530281,1.6,2.2,3
"SSP1_1_9",0.0197572239507723,1.6,2.35,3
"SSP1_2_6",0.0140133188941276,1.6,2.35,3
"SSP2_4_5",0.0274706153251049,1.6,2.35,3
"SSP3_7_0",0.0182934621722605,1.6,2.35,3
"SSP5_8_5",0.0187757931422563,1.6,2.35,3
"SSP1_1_9",0.0206126794293527,1.6,2.5,3
"SSP1_2_6",0.0173791235136095,1.6,2.5,3
"SSP2_4_5",0.0301906807885996,1.6,2.5,3
"SSP3_7_0",0.0220276464510782,1.6,2.5,3
"SSP5_8_5",0.0230580275495873,1.6,2.5,3
"SSP1_1_9",0.0243437348789741,1.6,2.2,3
"SSP1_2_6",0.00994557763875891,1.6,2.2,3
"SSP2_4_5",0.0288179400713547,1.6,2.2,3
"SSP3_7_0",0.0176492735812421,1.6,2.2,3
"SSP5_8_5",0.0177704267637508,1.6,2.2,3
"SSP1_1_9",0.0261494996090865,1.6,2.35,3
"SSP1_2_6",0.0158534797992338,1.6,2.35,3
"SSP2_4_5",0.0330336944816211,1.6,2.35,3
"SSP3_7_0",0.0213766076694543,1.6,2.35,3
"SSP5_8_5",0.0220332336382751,1.6,2.35,3
"SSP1_1_9",0.0269927030870929,1.6,2.5,3
"SSP1_2_6",0.0192044196759244,1.6,2.5,3
"SSP2_4_5",0.0357171182556826,1.6,2.5,3
"SSP3_7_0",0.0250552700375134,1.6,2.5,3
"SSP5_8_5",0.0262339631668659,1.6,2.5,3
"SSP1_1_9",0.0301242082289871,1.6,2.35,3
"SSP1_2_6",0.0186610830849784,1.6,2.35,3
"SSP2_4_5",0.0394787723447739,1.6,2.35,3
"SSP3_7_0",0.0250227897657217,1.6,2.35,3
"SSP5_8_5",0.0257476708609239,1.6,2.35,3
"SSP1_1_9",0.030959859820676,1.6,2.5,3
"SSP1_2_6",0.0219915669208557,1.6,2.5,3
"SSP2_4_5",0.0421234522032253,1.6,2.5,3
"SSP3_7_0",0.0286495588272472,1.6,2.5,3
"SSP5_8_5",0.0298666949238358,1.6,2.5,3
"SSP1_1_9",0.0327386940069486,1.6,2.5,3
"SSP1_2_6",0.0277517608907714,1.6,2.5,3
"SSP2_4_5",0.0462145743230113,1.6,2.5,3
"SSP3_7_0",0.0322233639200796,1.6,2.5,3
"SSP5_8_5",0.0338727101730371,1.6,2.5,3
"SSP1_1_9",0.011402551459045,1.75,2.05,3
"SSP1_2_6",0.00276678970092959,1.75,2.05,3
"SSP2_4_5",0.00810643753652058,1.75,2.05,3
"SSP3_7_0",0.00462166058096291,1.75,2.05,3
"SSP5_8_5",0.00464620698424265,1.75,2.05,3
"SSP1_1_9",0.0143340786276327,1.75,2.2,3
"SSP1_2_6",0.00521263564583355,1.75,2.2,3
"SSP2_4_5",0.0137330281448223,1.75,2.2,3
"SSP3_7_0",0.00783186958546054,1.75,2.2,3
"SSP5_8_5",0.00789751076930455,1.75,2.2,3
"SSP1_1_9",0.0155426500068869,1.75,2.35,3
"SSP1_2_6",0.0109455664842892,1.75,2.35,3
"SSP2_4_5",0.0175697034190624,1.75,2.35,3
"SSP3_7_0",0.0113509779478846,1.75,2.35,3
"SSP5_8_5",0.0117489327394409,1.75,2.35,3
"SSP1_1_9",0.0161123243736473,1.75,2.5,3
"SSP1_2_6",0.0142216586276261,1.75,2.5,3
"SSP2_4_5",0.0200992972739328,1.75,2.5,3
"SSP3_7_0",0.01496400172114,1.75,2.5,3
"SSP5_8_5",0.015520072519184,1.75,2.5,3
"SSP1_1_9",0.0182072204556672,1.75,2.2,3
"SSP1_2_6",0.00628444883104387,1.75,2.2,3
"SSP2_4_5",0.0165908335382265,1.75,2.2,3
"SSP3_7_0",0.00937088526546431,1.75,2.2,3
"SSP5_8_5",0.00958723467061578,1.75,2.2,3
"SSP1_1_9",0.0193991392793207,1.75,2.35,3
"SSP1_2_6",0.0119964396865952,1.75,2.35,3
"SSP2_4_5",0.0203855829752044,1.75,2.35,3
"SSP3_7_0",0.0128436148707834,1.75,2.35,3
"SSP5_8_5",0.0133765473936228,1.75,2.35,3
"SSP1_1_9",0.0199610498136678,1.75,2.5,3
"SSP1_2_6",0.0152606771049091,1.75,2.5,3
"SSP2_4_5",0.0228881932871202,1.75,2.5,3
"SSP3_7_0",0.0164118693890739,1.75,2.5,3
"SSP5_8_5",0.0170889106597029,1.75,2.5,3
"SSP1_1_9",0.0220011613760992,1.75,2.35,3
"SSP1_2_6",0.0143839966091756,1.75,2.35,3
"SSP2_4_5",0.0258115542858271,1.75,2.35,3
"SSP3_7_0",0.0159021201589578,1.75,2.35,3
"SSP5_8_5",0.0164277937572833,1.75,2.35,3
"SSP1_1_9",0.0225580935530365,1.75,2.5,3
"SSP1_2_6",0.0176295635142831,1.75,2.5,3
"SSP2_4_5",0.0282799635454345,1.75,2.5,3
"SSP3_7_0",0.0194232912473474,1.75,2.5,3
"SSP5_8_5",0.0200710584410097,1.75,2.5,3
"SSP1_1_9",0.0237323054318795,1.75,2.5,3
"SSP1_2_6",0.023200923634089,1.75,2.5,3
"SSP2_4_5",0.0319646006310541,1.75,2.5,3
"SSP3_7_0",0.0227560483896576,1.75,2.5,3
"SSP5_8_5",0.0236375904032132,1.75,2.5,3
"SSP1_1_9",0.00302899554224554,1.9,2.2,3
"SSP1_2_6",0.00370711994046411,1.9,2.2,3
"SSP2_4_5",0.00676444570288484,1.9,2.2,3
"SSP3_7_0",0.00438929640018319,1.9,2.2,3
"SSP5_8_5",0.00446381336117632,1.9,2.2,3
"SSP1_1_9",0.00302283521016656,1.9,2.35,3
"SSP1_2_6",0.00892028739029815,1.9,2.35,3
"SSP2_4_5",0.00905596854950032,1.9,2.35,3
"SSP3_7_0",0.00723660203380175,1.9,2.35,3
"SSP5_8_5",0.00739140352605514,1.9,2.35,3
"SSP1_1_9",0.00301998859504579,1.9,2.5,3
"SSP1_2_6",0.0119553161962462,1.9,2.5,3
"SSP2_4_5",0.010973304532972,1.9,2.5,3
"SSP3_7_0",0.0105411553149771,1.9,2.5,3
"SSP5_8_5",0.0106345737332539,1.9,2.5,3
"SSP1_1_9",0.00300926823737215,1.9,2.35,3
"SSP1_2_6",0.0103491011073036,1.9,2.35,3
"SSP2_4_5",0.0112108731008661,1.9,2.35,3
"SSP3_7_0",0.00869106294974705,1.9,2.35,3
"SSP5_8_5",0.00869333411680547,1.9,2.35,3
"SSP1_1_9",0.00300644710512388,1.9,2.5,3
"SSP1_2_6",0.0133695508692972,1.9,2.5,3
"SSP2_4_5",0.0131079297419772,1.9,2.5,3
"SSP3_7_0",0.011960014986465,1.9,2.5,3
"SSP5_8_5",0.0118898625253427,1.9,2.5,3
"SSP1_1_9",0.00300037805722012,1.9,2.5,3
"SSP1_2_6",0.0184588401234028,1.9,2.5,3
"SSP2_4_5",0.0147699059136646,1.9,2.5,3
"SSP3_7_0",0.0146983384762979,1.9,2.5,3
"SSP5_8_5",0.0146541316819595,1.9,2.5,3
"SSP1_1_9",0,2.05,2.35,3
"SSP1_2_6",0.00734932945126583,2.05,2.35,3
"SSP2_4_5",0.00208095230964075,2.05,2.35,3
"SSP3_7_0",0.00386443488341883,2.05,2.35,3
"SSP5_8_5",0.00408472193362165,2.05,2.35,3
"SSP1_1_9",0,2.05,2.5,3
"SSP1_2_6",0.00957848699138385,2.05,2.5,3
"SSP2_4_5",0.00312546348121994,2.05,2.5,3
"SSP3_7_0",0.00654714623108359,2.05,2.5,3
"SSP5_8_5",0.00656830003626269,2.05,2.5,3
"SSP1_1_9",0,2.05,2.5,3
"SSP1_2_6",0.012908717473221,2.05,2.5,3
"SSP2_4_5",0.0036990144409426,2.05,2.5,3
"SSP3_7_0",0.00790620184737549,2.05,2.5,3
"SSP5_8_5",0.00785753412336439,2.05,2.5,3
"SSP1_1_9",0,2.2,2.5,3
"SSP1_2_6",0.00297850242125867,2.2,2.5,3
"SSP2_4_5",0.00157869198189355,2.2,2.5,3
"SSP3_7_0",0.00375333305614131,2.2,2.5,3
"SSP5_8_5",0.00321814795260803,2.2,2.5,3
"SSP1_1_9",0.00129730343467001,1,1.45,4
"SSP1_2_6",0.0109749163770474,1,1.45,4
"SSP2_4_5",0.0104058856987109,1,1.45,4
"SSP3_7_0",0.00995520752110689,1,1.45,4
"SSP5_8_5",0.00931758827156127,1,1.45,4
"SSP1_1_9",0.0017797248927011,1,1.6,4
"SSP1_2_6",0.0114182658089243,1,1.6,4
"SSP2_4_5",0.0142866689978895,1,1.6,4
"SSP3_7_0",0.0138270161473839,1,1.6,4
"SSP5_8_5",0.0131179339379502,1,1.6,4
"SSP1_1_9",0.00326453730816987,1,1.75,4
"SSP1_2_6",0.0127111925283013,1,1.75,4
"SSP2_4_5",0.0194399845924128,1,1.75,4
"SSP3_7_0",0.0189554098132703,1,1.75,4
"SSP5_8_5",0.0182030043910823,1,1.75,4
"SSP1_1_9",0.00630518564106133,1,1.9,4
"SSP1_2_6",0.0143026869378101,1,1.9,4
"SSP2_4_5",0.0249278696504218,1,1.9,4
"SSP3_7_0",0.024352063143881,1,1.9,4
"SSP5_8_5",0.0238892796088001,1,1.9,4
"SSP1_1_9",0.0119077131668613,1,2.05,4
"SSP1_2_6",0.0162118058013962,1,2.05,4
"SSP2_4_5",0.0308827368139639,1,2.05,4
"SSP3_7_0",0.0296768901940202,1,2.05,4
"SSP5_8_5",0.0302357686195889,1,2.05,4
"SSP1_1_9",0.0153546220535076,1,2.2,4
"SSP1_2_6",0.0187070401290302,1,2.2,4
"SSP2_4_5",0.0368285166044673,1,2.2,4
"SSP3_7_0",0.0347678501778072,1,2.2,4
"SSP5_8_5",0.0370730858187626,1,2.2,4
"SSP1_1_9",0.0168948191453103,1,2.35,4
"SSP1_2_6",0.0234891712128583,1,2.35,4
"SSP2_4_5",0.0405018730541007,1,2.35,4
"SSP3_7_0",0.0392261572392519,1,2.35,4
"SSP5_8_5",0.0444130710965815,1,2.35,4
"SSP1_1_9",0.017611969998024,1,2.5,4
"SSP1_2_6",0.026184102092608,1,2.5,4
"SSP2_4_5",0.0427784505260739,1,2.5,4
"SSP3_7_0",0.0431180740077855,1,2.5,4
"SSP5_8_5",0.0516603610970443,1,2.5,4
"SSP1_1_9",0.00242037981236939,1,1.6,4
"SSP1_2_6",0.0120214581611444,1,1.6,4
"SSP2_4_5",0.0177086588793186,1,1.6,4
"SSP3_7_0",0.0172284365854061,1,1.6,4
"SSP5_8_5",0.0163814699321544,1,1.6,4
"SSP1_1_9",0.00390175804089273,1,1.75,4
"SSP1_2_6",0.013307266729645,1,1.75,4
"SSP2_4_5",0.0228119050037175,1,1.75,4
"SSP3_7_0",0.0222593311119362,1,1.75,4
"SSP5_8_5",0.0213714799520732,1,1.75,4
"SSP1_1_9",0.00693553285598833,1,1.9,4
"SSP1_2_6",0.0148903780528802,1,1.9,4
"SSP2_4_5",0.0282478668072964,1,1.9,4
"SSP3_7_0",0.0275600636420833,1,1.9,4
"SSP5_8_5",0.0269591404798638,1,1.9,4
"SSP1_1_9",0.012525517789262,1,2.05,4
"SSP1_2_6",0.0167896784050096,1,2.05,4
"SSP2_4_5",0.0341473082002799,1,2.05,4
"SSP3_7_0",0.0327954511238225,1,2.05,4
"SSP5_8_5",0.0332026975224099,1,2.05,4
"SSP1_1_9",0.0159647446791958,1,2.2,4
"SSP1_2_6",0.0192721750778979,1,2.2,4
"SSP2_4_5",0.0400383121102489,1,2.2,4
"SSP3_7_0",0.0378053338372387,1,2.2,4
"SSP5_8_5",0.0399351520973599,1,2.2,4
"SSP1_1_9",0.0175015175352757,1,2.35,4
"SSP1_2_6",0.0240300896435193,1,2.35,4
"SSP2_4_5",0.0436780349398714,1,2.35,4
"SSP3_7_0",0.0421951625724196,1,2.35,4
"SSP5_8_5",0.0471674162554579,1,2.35,4
"SSP1_1_9",0.0182170797612536,1,2.5,4
"SSP1_2_6",0.0267114557678827,1,2.5,4
"SSP2_4_5",0.0459338332078339,1,2.5,4
"SSP3_7_0",0.0460291103173752,1,2.5,4
"SSP5_8_5",0.054311616463245,1,2.5,4
"SSP1_1_9",0.00437965620751377,1,1.75,4
"SSP1_2_6",0.0137418963947066,1,1.75,4
"SSP2_4_5",0.0265676778575824,1,1.75,4
"SSP3_7_0",0.0258710123142691,1,1.75,4
"SSP5_8_5",0.0249182374039294,1,1.75,4
"SSP1_1_9",0.00740904665425262,1,1.9,4
"SSP1_2_6",0.0153208554451344,1,1.9,4
"SSP2_4_5",0.0319554751050156,1,1.9,4
"SSP3_7_0",0.0310791477177183,1,1.9,4
"SSP5_8_5",0.0304098667814399,1,1.9,4
"SSP1_1_9",0.0129910322437235,1,2.05,4
"SSP1_2_6",0.0172153385614296,1,2.05,4
"SSP2_4_5",0.0378035406975129,1,2.05,4
"SSP3_7_0",0.0362285305093415,1,2.05,4
"SSP5_8_5",0.0365537638051568,1,2.05,4
"SSP1_1_9",0.016425355545528,1,2.2,4
"SSP1_2_6",0.0196915944249372,1,2.2,4
"SSP2_4_5",0.043643744295522,1,2.2,4
"SSP3_7_0",0.0411607774528259,1,2.2,4
"SSP5_8_5",0.0431851816625626,1,2.2,4
"SSP1_1_9",0.0179599415537978,1,2.35,4
"SSP1_2_6",0.0244376469907612,1,2.35,4
"SSP2_4_5",0.0472522475819695,1,2.35,4
"SSP3_7_0",0.0454852117296709,1,2.35,4
"SSP5_8_5",0.0503140256444106,1,2.35,4
"SSP1_1_9",0.0186744894555401,1,2.5,4
"SSP1_2_6",0.0271123626248721,1,2.5,4
"SSP2_4_5",0.0494887449979694,1,2.5,4
"SSP3_7_0",0.0492639409943226,1,2.5,4
"SSP5_8_5",0.057359439009639,1,2.5,4
"SSP1_1_9",0.00887405642641641,1,1.9,4
"SSP1_2_6",0.0165920336653659,1,1.9,4
"SSP2_4_5",0.0368967539944023,1,1.9,4
"SSP3_7_0",0.0358038283856651,1,1.9,4
"SSP5_8_5",0.0350906264894648,1,1.9,4
"SSP1_1_9",0.0144388789697432,1,2.05,4
"SSP1_2_6",0.0184800690765847,1,2.05,4
"SSP2_4_5",0.0426823025630221,1,2.05,4
"SSP3_7_0",0.0408569858011618,1,2.05,4
"SSP5_8_5",0.041122187598079,1,2.05,4
"SSP1_1_9",0.0178626552227836,1,2.2,4
"SSP1_2_6",0.0209480152281802,1,2.2,4
"SSP2_4_5",0.0484606688590422,1,2.2,4
"SSP3_7_0",0.0457030224060253,1,2.2,4
"SSP5_8_5",0.0476405862718717,1,2.2,4
"SSP1_1_9",0.0193925308557407,1,2.35,4
"SSP1_2_6",0.025678290052012,1,2.35,4
"SSP2_4_5",0.0520311508358173,1,2.35,4
"SSP3_7_0",0.0499551967213469,1,2.35,4
"SSP5_8_5",0.0546544076464604,1,2.35,4
"SSP1_1_9",0.0201048954487813,1,2.5,4
"SSP1_2_6",0.028344131350284,1,2.5,4
"SSP2_4_5",0.0542441333400757,1,2.5,4
"SSP3_7_0",0.0536731908740241,1,2.5,4
"SSP5_8_5",0.0615902978645759,1,2.5,4
"SSP1_1_9",0.017406365354623,1,2.05,4
"SSP1_2_6",0.0200402922501521,1,2.05,4
"SSP2_4_5",0.0478863867841909,1,2.05,4
"SSP3_7_0",0.0457669418315159,1,2.05,4
"SSP5_8_5",0.0462800753988529,1,2.05,4
"SSP1_1_9",0.0208093015176224,1,2.2,4
"SSP1_2_6",0.0224994488052729,1,2.2,4
"SSP2_4_5",0.053600893112619,1,2.2,4
"SSP3_7_0",0.0505301054863851,1,2.2,4
"SSP5_8_5",0.0526847573616795,1,2.2,4
"SSP1_1_9",0.0223298682245574,1,2.35,4
"SSP1_2_6",0.0272130396009304,1,2.35,4
"SSP2_4_5",0.0571321015281601,1,2.35,4
"SSP3_7_0",0.0547129880726603,1,2.35,4
"SSP5_8_5",0.0595832462581055,1,2.35,4
"SSP1_1_9",0.0230379183038626,1,2.5,4
"SSP1_2_6",0.0298694877417056,1,2.5,4
"SSP2_4_5",0.0593207908483052,1,2.5,4
"SSP3_7_0",0.0583728780498723,1,2.5,4
"SSP5_8_5",0.0664095236202833,1,2.5,4
"SSP1_1_9",0.0262403791477239,1,2.2,4
"SSP1_2_6",0.0243634276294937,1,2.2,4
"SSP2_4_5",0.0591849418061409,1,2.2,4
"SSP3_7_0",0.0553296427645024,1,2.2,4
"SSP5_8_5",0.0583719816723069,1,2.2,4
"SSP1_1_9",0.0277439658472181,1,2.35,4
"SSP1_2_6",0.0290586294066359,1,2.35,4
"SSP2_4_5",0.0626742549088132,1,2.35,4
"SSP3_7_0",0.0594493869642675,1,2.35,4
"SSP5_8_5",0.0651540289593849,1,2.35,4
"SSP1_1_9",0.0284441458860877,1,2.5,4
"SSP1_2_6",0.0317047182290736,1,2.5,4
"SSP2_4_5",0.0648370267721685,1,2.5,4
"SSP3_7_0",0.0630564470964034,1,2.5,4
"SSP5_8_5",0.0718698516793529,1,2.5,4
"SSP1_1_9",0.031075083098263,1,2.35,4
"SSP1_2_6",0.0314720022431395,1,2.35,4
"SSP2_4_5",0.0682117785419644,1,2.35,4
"SSP3_7_0",0.0640139956527474,1,2.35,4
"SSP5_8_5",0.0712138690504774,1,2.35,4
"SSP1_1_9",0.0317704246160013,1,2.5,4
"SSP1_2_6",0.0341047727255133,1,2.5,4
"SSP2_4_5",0.0703488979078394,1,2.5,4
"SSP3_7_0",0.0675744761158175,1,2.5,4
"SSP5_8_5",0.0778205636238096,1,2.5,4
"SSP1_1_9",0.033256747728708,1,2.5,4
"SSP1_2_6",0.038706192150041,1,2.5,4
"SSP2_4_5",0.0737554561803694,1,2.5,4
"SSP3_7_0",0.0715534321037576,1,2.5,4
"SSP5_8_5",0.0842620110484706,1,2.5,4
"SSP1_1_9",0.0027379848522849,1,1.6,4
"SSP1_2_6",0.0122121130447845,1,1.6,4
"SSP2_4_5",0.019243516857445,1,1.6,4
"SSP3_7_0",0.0185527818320695,1,1.6,4
"SSP5_8_5",0.0176372643706932,1,1.6,4
"SSP1_1_9",0.00421532199287375,1,1.75,4
"SSP1_2_6",0.0134841584638369,1,1.75,4
"SSP2_4_5",0.0243010625733574,1,1.75,4
"SSP3_7_0",0.0235105607049608,1,1.75,4
"SSP5_8_5",0.022555912407948,1,1.75,4
"SSP1_1_9",0.00724092166410362,1,1.9,4
"SSP1_2_6",0.0150504929735838,1,1.9,4
"SSP2_4_5",0.0296892439257668,1,1.9,4
"SSP3_7_0",0.028737574496317,1,1.9,4
"SSP5_8_5",0.0280673846932211,1,1.9,4
"SSP1_1_9",0.0128159800500558,1,2.05,4
"SSP1_2_6",0.0169297984021365,1,2.05,4
"SSP2_4_5",0.0355375504573457,1,2.05,4
"SSP3_7_0",0.0339027688610298,1,2.05,4
"SSP5_8_5",0.0342293004121874,1,2.05,4
"SSP1_1_9",0.0162460904604517,1,2.2,4
"SSP1_2_6",0.0193862878488438,1,2.2,4
"SSP2_4_5",0.0413780669120832,1,2.2,4
"SSP3_7_0",0.0388476417609995,1,2.2,4
"SSP5_8_5",0.0408767582196282,1,2.2,4
"SSP1_1_9",0.0177788062650758,1,2.35,4
"SSP1_2_6",0.0240947268610411,1,2.35,4
"SSP2_4_5",0.0449868509336485,1,2.35,4
"SSP3_7_0",0.0431818005235435,1,2.35,4
"SSP5_8_5",0.0480203026677365,1,2.35,4
"SSP1_1_9",0.0184924847420041,1,2.5,4
"SSP1_2_6",0.0267484189280055,1,2.5,4
"SSP2_4_5",0.0472235660825153,1,2.5,4
"SSP3_7_0",0.0469680320573949,1,2.5,4
"SSP5_8_5",0.0550788229318012,1,2.5,4
"SSP1_1_9",0.00469178183918208,1,1.75,4
"SSP1_2_6",0.0139139118107209,1,1.75,4
"SSP2_4_5",0.0280224226690067,1,1.75,4
"SSP3_7_0",0.0270674125670485,1,1.75,4
"SSP5_8_5",0.0260497900466257,1,1.75,4
"SSP1_1_9",0.00771301979829263,1,1.9,4
"SSP1_2_6",0.0154761811312785,1,1.9,4
"SSP2_4_5",0.033363213813592,1,1.9,4
"SSP3_7_0",0.0322042042645243,1,1.9,4
"SSP5_8_5",0.0314676567098834,1,1.9,4
"SSP1_1_9",0.0132801198800632,1,2.05,4
"SSP1_2_6",0.0173507698258372,1,2.05,4
"SSP2_4_5",0.0391609626831801,1,2.05,4
"SSP3_7_0",0.0372855522903005,1,2.05,4
"SSP5_8_5",0.0375323677247963,1,2.05,4
"SSP1_1_9",0.0167053516952596,1,2.2,4
"SSP1_2_6",0.0198011481034489,1,2.2,4
"SSP2_4_5",0.0449514806865564,1,2.2,4
"SSP3_7_0",0.0421546988974565,1,2.2,4
"SSP5_8_5",0.0440812219696354,1,2.2,4
"SSP1_1_9",0.0182358917576176,1,2.35,4
"SSP1_2_6",0.024497969876073,1,2.35,4
"SSP2_4_5",0.0485295345906595,1,2.35,4
"SSP3_7_0",0.0464250470809941,1,2.35,4
"SSP5_8_5",0.0511237868548062,1,2.35,4
"SSP1_1_9",0.018948561050565,1,2.5,4
"SSP1_2_6",0.0271451477445738,1,2.5,4
"SSP2_4_5",0.0507472502090761,1,2.5,4
"SSP3_7_0",0.0501573804961841,1,2.5,4
"SSP5_8_5",0.0580858116625541,1,2.5,4
"SSP1_1_9",0.00917407185040962,1,1.9,4
"SSP1_2_6",0.0167339024489728,1,1.9,4
"SSP2_4_5",0.0382613870538524,1,1.9,4
"SSP3_7_0",0.0368636029536625,1,1.9,4
"SSP5_8_5",0.0360848527824929,1,1.9,4
"SSP1_1_9",0.0147240952723658,1,2.05,4
"SSP1_2_6",0.0186021771827743,1,2.05,4
"SSP2_4_5",0.0439976005279862,1,2.05,4
"SSP3_7_0",0.0418510837413826,1,2.05,4
"SSP5_8_5",0.0420399335821977,1,2.05,4
"SSP1_1_9",0.0181388327922226,1,2.2,4
"SSP1_2_6",0.0210444174748502,1,2.2,4
"SSP2_4_5",0.0497272438292869,1,2.2,4
"SSP3_7_0",0.0466360949066608,1,2.2,4
"SSP5_8_5",0.0484784351722436,1,2.2,4
"SSP1_1_9",0.0196646859570563,1,2.35,4
"SSP1_2_6",0.0257257856435244,1,2.35,4
"SSP2_4_5",0.0532678643152386,1,2.35,4
"SSP3_7_0",0.0508358981302234,1,2.35,4
"SSP5_8_5",0.0554086411854138,1,2.35,4
"SSP1_1_9",0.0203751828032782,1,2.5,4
"SSP1_2_6",0.0283642703919274,1,2.5,4
"SSP2_4_5",0.0554624271233462,1,2.5,4
"SSP3_7_0",0.0545089211847022,1,2.5,4
"SSP5_8_5",0.0622636386197912,1,2.5,4
"SSP1_1_9",0.0176837402873426,1,2.05,4
"SSP1_2_6",0.0201460992071069,1,2.05,4
"SSP2_4_5",0.0491575610899068,1,2.05,4
"SSP3_7_0",0.0466970093787383,1,2.05,4
"SSP5_8_5",0.0471321061657014,1,2.05,4
"SSP1_1_9",0.0210777414125755,1,2.2,4
"SSP1_2_6",0.0225797309161124,1,2.2,4
"SSP2_4_5",0.0548243288375076,1,2.2,4
"SSP3_7_0",0.0514011069086758,1,2.2,4
"SSP5_8_5",0.0534595257834238,1,2.2,4
"SSP1_1_9",0.0225943318098766,1,2.35,4
"SSP1_2_6",0.0272447567088195,1,2.35,4
"SSP2_4_5",0.0583262771399088,1,2.35,4
"SSP3_7_0",0.0555332352095126,1,2.35,4
"SSP5_8_5",0.0602770251232073,1,2.35,4
"SSP1_1_9",0.023300535496863,1,2.5,4
"SSP1_2_6",0.0298740395373936,1,2.5,4
"SSP2_4_5",0.0604969172401344,1,2.5,4
"SSP3_7_0",0.0591494950602441,1,2.5,4
"SSP5_8_5",0.066751984389724,1,2.5,4
"SSP1_1_9",0.0264946851803728,1,2.2,4
"SSP1_2_6",0.02442444437683,1,2.2,4
"SSP2_4_5",0.060362147357453,1,2.2,4
"SSP3_7_0",0.0561409714589059,1,2.2,4
"SSP5_8_5",0.0590782525483334,1,2.2,4
"SSP1_1_9",0.0279943792258663,1,2.35,4
"SSP1_2_6",0.0290714565660896,1,2.35,4
"SSP2_4_5",0.0638228361929599,1,2.35,4
"SSP3_7_0",0.0602114119468264,1,2.35,4
"SSP5_8_5",0.0652521249384767,1,2.35,4
"SSP1_1_9",0.0286927515755245,1,2.5,4
"SSP1_2_6",0.0316905903707421,1,2.5,4
"SSP2_4_5",0.0659679505933179,1,2.5,4
"SSP3_7_0",0.0634849031766224,1,2.5,4
"SSP5_8_5",0.0709152103444478,1,2.5,4
"SSP1_1_9",0.0313169152839178,1,2.35,4
"SSP1_2_6",0.0314602392517624,1,2.35,4
"SSP2_4_5",0.0693153070767204,1,2.35,4
"SSP3_7_0",0.0639430572238794,1,2.35,4
"SSP5_8_5",0.0698972874693122,1,2.35,4
"SSP1_1_9",0.0320104727598761,1,2.5,4
"SSP1_2_6",0.0340663241814134,1,2.5,4
"SSP2_4_5",0.0714351534843135,1,2.5,4
"SSP3_7_0",0.0667862323826814,1,2.5,4
"SSP5_8_5",0.0754730393996605,1,2.5,4
"SSP1_1_9",0.0334929876097534,1,2.5,4
"SSP1_2_6",0.0386214515945966,1,2.5,4
"SSP2_4_5",0.0748143278890099,1,2.5,4
"SSP3_7_0",0.0697547038013858,1,2.5,4
"SSP5_8_5",0.0806422791883931,1,2.5,4
"SSP1_1_9",0.00532355661470174,1,1.75,4
"SSP1_2_6",0.0144945733160125,1,1.75,4
"SSP2_4_5",0.031283900425655,1,1.75,4
"SSP3_7_0",0.0301706716730559,1,1.75,4
"SSP5_8_5",0.0290267602337679,1,1.75,4
"SSP1_1_9",0.00833800283290662,1,1.9,4
"SSP1_2_6",0.0160487605429596,1,1.9,4
"SSP2_4_5",0.036575172289067,1,1.9,4
"SSP3_7_0",0.0352195639260603,1,1.9,4
"SSP5_8_5",0.0343541501279632,1,1.9,4
"SSP1_1_9",0.0138927084563087,1,2.05,4
"SSP1_2_6",0.0179138790461072,1,2.05,4
"SSP2_4_5",0.0423200350197299,1,2.05,4
"SSP3_7_0",0.0402187316063129,1,2.05,4
"SSP5_8_5",0.0403241254583119,1,2.05,4
"SSP1_1_9",0.0173103485252436,1,2.2,4
"SSP1_2_6",0.0203519691454571,1,2.2,4
"SSP2_4_5",0.0480582667455952,1,2.2,4
"SSP3_7_0",0.0450131935091171,1,2.2,4
"SSP5_8_5",0.046776203440567,1,2.2,4
"SSP1_1_9",0.0188375044640116,1,2.35,4
"SSP1_2_6",0.0250254230279523,1,2.35,4
"SSP2_4_5",0.0516042070045259,1,2.35,4
"SSP3_7_0",0.0492203496696915,1,2.35,4
"SSP5_8_5",0.0537191310094044,1,2.35,4
"SSP1_1_9",0.0195486036950236,1,2.5,4
"SSP1_2_6",0.0276595085377327,1,2.5,4
"SSP2_4_5",0.0538020794037449,1,2.5,4
"SSP3_7_0",0.0528991080306008,1,2.5,4
"SSP5_8_5",0.060173119915324,1,2.5,4
"SSP1_1_9",0.00979571672734939,1,1.9,4
"SSP1_2_6",0.0172997299401775,1,1.9,4
"SSP2_4_5",0.0414273507890017,1,1.9,4
"SSP3_7_0",0.0397958396519989,1,1.9,4
"SSP5_8_5",0.0388904076725935,1,1.9,4
"SSP1_1_9",0.015333411320833,1,2.05,4
"SSP1_2_6",0.0191585950385179,1,2.05,4
"SSP2_4_5",0.0471115975047044,1,2.05,4
"SSP3_7_0",0.0447037342858543,1,2.05,4
"SSP5_8_5",0.0447537187490401,1,2.05,4
"SSP1_1_9",0.0187405972218457,1,2.2,4
"SSP1_2_6",0.0215886248430364,1,2.2,4
"SSP2_4_5",0.0527898569762836,1,2.2,4
"SSP3_7_0",0.0494163259264071,1,2.2,4
"SSP5_8_5",0.0510983443622227,1,2.2,4
"SSP1_1_9",0.0202630841342568,1,2.35,4
"SSP1_2_6",0.0262467717756225,1,2.35,4
"SSP2_4_5",0.0562989156522642,1,2.35,4
"SSP3_7_0",0.0535547999195934,1,2.35,4
"SSP5_8_5",0.057750244732566,1,2.35,4
"SSP1_1_9",0.0209720191850695,1,2.5,4
"SSP1_2_6",0.0288722462279548,1,2.5,4
"SSP2_4_5",0.0584739754428781,1,2.5,4
"SSP3_7_0",0.0571757878246836,1,2.5,4
"SSP5_8_5",0.0635242600980071,1,2.5,4
"SSP1_1_9",0.0182865003292111,1,2.05,4
"SSP1_2_6",0.0206946106851566,1,2.05,4
"SSP2_4_5",0.0522247349882793,1,2.05,4
"SSP3_7_0",0.049469810834021,1,2.05,4
"SSP5_8_5",0.049764245339363,1,2.05,4
"SSP1_1_9",0.0216730284632595,1,2.2,4
"SSP1_2_6",0.0231161132499167,1,2.2,4
"SSP2_4_5",0.0578410397791482,1,2.2,4
"SSP3_7_0",0.0541036165094255,1,2.2,4
"SSP5_8_5",0.0560006375076686,1,2.2,4
"SSP1_1_9",0.0231862876313847,1,2.35,4
"SSP1_2_6",0.0277580713492221,1,2.35,4
"SSP2_4_5",0.0613119895013995,1,2.35,4
"SSP3_7_0",0.0579446611694083,1,2.35,4
"SSP5_8_5",0.0615809714201124,1,2.35,4
"SSP1_1_9",0.0238909457230237,1,2.5,4
"SSP1_2_6",0.0303744298897868,1,2.5,4
"SSP2_4_5",0.0634634738632416,1,2.5,4
"SSP3_7_0",0.0608287165761749,1,2.5,4
"SSP5_8_5",0.0672678517091984,1,2.5,4
"SSP1_1_9",0.0270781474492047,1,2.2,4
"SSP1_2_6",0.024951639083124,1,2.2,4
"SSP2_4_5",0.0633297936281319,1,2.2,4
"SSP3_7_0",0.0583659463964795,1,2.2,4
"SSP5_8_5",0.0604046418240989,1,2.2,4
"SSP1_1_9",0.0285745737449901,1,2.35,4
"SSP1_2_6",0.0295757516022796,1,2.35,4
"SSP2_4_5",0.066760079196793,1,2.35,4
"SSP3_7_0",0.0614016981867719,1,2.35,4
"SSP5_8_5",0.0657829425861181,1,2.35,4
"SSP1_1_9",0.0292714298626491,1,2.5,4
"SSP1_2_6",0.032182055301279,1,2.5,4
"SSP2_4_5",0.0688864049589336,1,2.5,4
"SSP3_7_0",0.0642462578253543,1,2.5,4
"SSP5_8_5",0.0713832307248961,1,2.5,4
"SSP1_1_9",0.0318899053119068,1,2.35,4
"SSP1_2_6",0.0319528232885207,1,2.35,4
"SSP2_4_5",0.0722046008954667,1,2.35,4
"SSP3_7_0",0.0646977391570332,1,2.35,4
"SSP5_8_5",0.0703754346054206,1,2.35,4
"SSP1_1_9",0.0325819645178588,1,2.5,4
"SSP1_2_6",0.0345461987282139,1,2.5,4
"SSP2_4_5",0.0743060192973139,1,2.5,4
"SSP3_7_0",0.067507710454049,1,2.5,4
"SSP5_8_5",0.075890251994578,1,2.5,4
"SSP1_1_9",0.0340612757469235,1,2.5,4
"SSP1_2_6",0.0390792754968756,1,2.5,4
"SSP2_4_5",0.0776559536881111,1,2.5,4
"SSP3_7_0",0.0704412333757307,1,2.5,4
"SSP5_8_5",0.0810034419093108,1,2.5,4
"SSP1_1_9",0.0102634250043732,1,1.9,4
"SSP1_2_6",0.0177171989789976,1,1.9,4
"SSP2_4_5",0.044986400369245,1,1.9,4
"SSP3_7_0",0.0430412959194519,1,1.9,4
"SSP5_8_5",0.0420752822724382,1,1.9,4
"SSP1_1_9",0.0157932541118389,1,2.05,4
"SSP1_2_6",0.0195714453407905,1,2.05,4
"SSP2_4_5",0.0506223606938135,1,2.05,4
"SSP3_7_0",0.0478724171108904,1,2.05,4
"SSP5_8_5",0.0478494576402194,1,2.05,4
"SSP1_1_9",0.019195618119936,1,2.2,4
"SSP1_2_6",0.0219954900085311,1,2.2,4
"SSP2_4_5",0.056252851324577,1,2.2,4
"SSP3_7_0",0.0525154678890856,1,2.2,4
"SSP5_8_5",0.0541033810439055,1,2.2,4
"SSP1_1_9",0.0207159545306697,1,2.35,4
"SSP1_2_6",0.0266422576475352,1,2.35,4
"SSP2_4_5",0.0597325434051767,1,2.35,4
"SSP3_7_0",0.056595223260316,1,2.35,4
"SSP5_8_5",0.0602354297948762,1,2.35,4
"SSP1_1_9",0.0214238920745175,1,2.5,4
"SSP1_2_6",0.0292613507751267,1,2.5,4
"SSP2_4_5",0.061889444331984,1,2.5,4
"SSP3_7_0",0.0598568353953049,1,2.5,4
"SSP5_8_5",0.0659333287792571,1,2.5,4
"SSP1_1_9",0.0187421560564031,1,2.05,4
"SSP1_2_6",0.0211035402520667,1,2.05,4
"SSP2_4_5",0.055691870208426,1,2.05,4
"SSP3_7_0",0.0525609490390286,1,2.05,4
"SSP5_8_5",0.052779952339632,1,2.05,4
"SSP1_1_9",0.0221239109570833,1,2.2,4
"SSP1_2_6",0.0235190963090067,1,2.2,4
"SSP2_4_5",0.0612612194797784,1,2.2,4
"SSP3_7_0",0.057127194453949,1,2.2,4
"SSP5_8_5",0.0586127189025767,1,2.2,4
"SSP1_1_9",0.0236350413029993,1,2.35,4
"SSP1_2_6",0.0281497480321241,1,2.35,4
"SSP2_4_5",0.0647033003359688,1,2.35,4
"SSP3_7_0",0.0605871044654949,1,2.35,4
"SSP5_8_5",0.0640048933408451,1,2.35,4
"SSP1_1_9",0.0243387119149844,1,2.5,4
"SSP1_2_6",0.0307597661105976,1,2.5,4
"SSP2_4_5",0.0668369328518384,1,2.5,4
"SSP3_7_0",0.0634309547121228,1,2.5,4
"SSP5_8_5",0.0696177185360074,1,2.5,4
"SSP1_1_9",0.0275214763109963,1,2.2,4
"SSP1_2_6",0.0253501086682274,1,2.2,4
"SSP2_4_5",0.0667042491651134,1,2.2,4
"SSP3_7_0",0.0609973358039285,1,2.2,4
"SSP5_8_5",0.0628381825914761,1,2.2,4
"SSP1_1_9",0.0290158130799877,1,2.35,4
"SSP1_2_6",0.0299629944040876,1,2.35,4
"SSP2_4_5",0.0701061919096881,1,2.35,4
"SSP3_7_0",0.0639887644994789,1,2.35,4
"SSP5_8_5",0.0681439894936097,1,2.35,4
"SSP1_1_9",0.0297116998936226,1,2.5,4
"SSP1_2_6",0.032563002272198,1,2.5,4
"SSP2_4_5",0.0722149903404451,1,2.5,4
"SSP3_7_0",0.0667940798045516,1,2.5,4
"SSP5_8_5",0.0736722287125542,1,2.5,4
"SSP1_1_9",0.0323265376210934,1,2.35,4
"SSP1_2_6",0.0323343176021113,1,2.35,4
"SSP2_4_5",0.0755059790328293,1,2.35,4
"SSP3_7_0",0.0672350623401556,1,2.35,4
"SSP5_8_5",0.0726721400797799,1,2.35,4
"SSP1_1_9",0.0330176386458209,1,2.5,4
"SSP1_2_6",0.0349214543482239,1,2.5,4
"SSP2_4_5",0.0775901890458776,1,2.5,4
"SSP3_7_0",0.070006614305186,1,2.5,4
"SSP5_8_5",0.0781168459922121,1,2.5,4
"SSP1_1_9",0.0344949000649851,1,2.5,4
"SSP1_2_6",0.0394437064266163,1,2.5,4
"SSP2_4_5",0.0809128093394852,1,2.5,4
"SSP3_7_0",0.0728982667219523,1,2.5,4
"SSP5_8_5",0.0831635490139722,1,2.5,4
"SSP1_1_9",0.0201671833528398,1,2.05,4
"SSP1_2_6",0.0223344214532992,1,2.05,4
"SSP2_4_5",0.0603365734500549,1,2.05,4
"SSP3_7_0",0.0567891355202786,1,2.05,4
"SSP5_8_5",0.0569515414147052,1,2.05,4
"SSP1_1_9",0.0235386531062125,1,2.2,4
"SSP1_2_6",0.0247420450276498,1,2.2,4
"SSP2_4_5",0.0658486530106343,1,2.2,4
"SSP3_7_0",0.0609436175181076,1,2.2,4
"SSP5_8_5",0.0619368563411644,1,2.2,4
"SSP1_1_9",0.0250451897727176,1,2.35,4
"SSP1_2_6",0.0293576310507404,1,2.35,4
"SSP2_4_5",0.0692555063708977,1,2.35,4
"SSP3_7_0",0.063929923230882,1,2.35,4
"SSP5_8_5",0.0672467659444333,1,2.35,4
"SSP1_1_9",0.0257467310485754,1,2.5,4
"SSP1_2_6",0.0319591733527297,1,2.5,4
"SSP2_4_5",0.0713673466769554,1,2.5,4
"SSP3_7_0",0.0667304399101307,1,2.5,4
"SSP5_8_5",0.0727783705358821,1,2.5,4
"SSP1_1_9",0.0289199380985346,1,2.2,4
"SSP1_2_6",0.0265669922421829,1,2.2,4
"SSP2_4_5",0.0712358674341063,1,2.2,4
"SSP3_7_0",0.0643273896677231,1,2.2,4
"SSP5_8_5",0.0660893389888654,1,2.2,4
"SSP1_1_9",0.0304097582110139,1,2.35,4
"SSP1_2_6",0.031164905888376,1,2.35,4
"SSP2_4_5",0.0746032047409859,1,2.35,4
"SSP3_7_0",0.0672706807223961,1,2.35,4
"SSP5_8_5",0.0713151115040357,1,2.35,4
"SSP1_1_9",0.0311035513072419,1,2.5,4
"SSP1_2_6",0.033756490546453,1,2.5,4
"SSP2_4_5",0.076690594806361,1,2.5,4
"SSP3_7_0",0.0700336648620051,1,2.5,4
"SSP5_8_5",0.0767642566849051,1,2.5,4
"SSP1_1_9",0.0337105233827173,1,2.35,4
"SSP1_2_6",0.0335285292112748,1,2.35,4
"SSP2_4_5",0.0799483482633329,1,2.35,4
"SSP3_7_0",0.0704625866766234,1,2.35,4
"SSP5_8_5",0.0757714482060603,1,2.35,4
"SSP1_1_9",0.0343995525153022,1,2.5,4
"SSP1_2_6",0.0361073099326638,1,2.5,4
"SSP2_4_5",0.0820115272828426,1,2.5,4
"SSP3_7_0",0.0731926670949151,1,2.5,4
"SSP5_8_5",0.0811391102885608,1,2.5,4
"SSP1_1_9",0.0358723752477437,1,2.5,4
"SSP1_2_6",0.0406150622068248,1,2.5,4
"SSP2_4_5",0.0853007592907984,1,2.5,4
"SSP3_7_0",0.0760387399368203,1,2.5,4
"SSP5_8_5",0.0861121344014714,1,2.5,4
"SSP1_1_9",0.031789487895774,1,2.2,4
"SSP1_2_6",0.0280729707741512,1,2.2,4
"SSP2_4_5",0.076080168017483,1,2.2,4
"SSP3_7_0",0.0677991014014747,1,2.2,4
"SSP5_8_5",0.0697272719220149,1,2.2,4
"SSP1_1_9",0.0332703774979748,1,2.35,4
"SSP1_2_6",0.0326550385585796,1,2.35,4
"SSP2_4_5",0.0794117167261429,1,2.35,4
"SSP3_7_0",0.0706964608942549,1,2.35,4
"SSP5_8_5",0.0748731200423957,1,2.35,4
"SSP1_1_9",0.0339600310880317,1,2.5,4
"SSP1_2_6",0.0352376998279905,1,2.5,4
"SSP2_4_5",0.0814769630684511,1,2.5,4
"SSP3_7_0",0.0734192137211671,1,2.5,4
"SSP5_8_5",0.0802435586404828,1,2.5,4
"SSP1_1_9",0.0365514499928832,1,2.35,4
"SSP1_2_6",0.0350105020025762,1,2.35,4
"SSP2_4_5",0.084700337096741,1,2.35,4
"SSP3_7_0",0.0738362572741359,1,2.35,4
"SSP5_8_5",0.0792572356931347,1,2.35,4
"SSP1_1_9",0.0372363821891584,1,2.5,4
"SSP1_2_6",0.0375804275242963,1,2.5,4
"SSP2_4_5",0.0867417572172587,1,2.5,4
"SSP3_7_0",0.0765269028308214,1,2.5,4
"SSP5_8_5",0.0845481744870893,1,2.5,4
"SSP1_1_9",0.0387004264984553,1,2.5,4
"SSP1_2_6",0.0420728130959631,1,2.5,4
"SSP2_4_5",0.0899964418046788,1,2.5,4
"SSP3_7_0",0.079329415615034,1,2.5,4
"SSP5_8_5",0.0894474215266855,1,2.5,4
"SSP1_1_9",0.0417896224959591,1,2.35,4
"SSP1_2_6",0.0367954297215958,1,2.35,4
"SSP2_4_5",0.089869650144361,1,2.35,4
"SSP3_7_0",0.0770194869663719,1,2.35,4
"SSP5_8_5",0.0831091972852834,1,2.35,4
"SSP1_1_9",0.0424670790895855,1,2.5,4
"SSP1_2_6",0.0393555814428001,1,2.5,4
"SSP2_4_5",0.0918878320754166,1,2.5,4
"SSP3_7_0",0.0796750361906263,1,2.5,4
"SSP5_8_5",0.0883236576723524,1,2.5,4
"SSP1_1_9",0.0439151051199118,1,2.5,4
"SSP1_2_6",0.0438310055950406,1,2.5,4
"SSP2_4_5",0.0951056176477727,1,2.5,4
"SSP3_7_0",0.0824386643320938,1,2.5,4
"SSP5_8_5",0.0931489913750447,1,2.5,4
"SSP1_1_9",0.0471237050716697,1,2.5,4
"SSP1_2_6",0.0461314984413806,1,2.5,4
"SSP2_4_5",0.10021452369349,1,2.5,4
"SSP3_7_0",0.0854254937335572,1,2.5,4
"SSP5_8_5",0.0972384643603601,1,2.5,4
"SSP1_1_9",0.00200956812511617,1.15,1.6,4
"SSP1_2_6",0.00202164722059421,1.15,1.6,4
"SSP2_4_5",0.0109720413950426,1.15,1.6,4
"SSP3_7_0",0.0103486168236615,1.15,1.6,4
"SSP5_8_5",0.00978610215866133,1.15,1.6,4
"SSP1_1_9",0.00340710093326872,1.15,1.75,4
"SSP1_2_6",0.00322356727055708,1.15,1.75,4
"SSP2_4_5",0.015728598915153,1.15,1.75,4
"SSP3_7_0",0.0145203798616854,1.15,1.75,4
"SSP5_8_5",0.0139169612897858,1.15,1.75,4
"SSP1_1_9",0.00638909370372726,1.15,1.9,4
"SSP1_2_6",0.00475665887351946,1.15,1.9,4
"SSP2_4_5",0.0209806464916501,1.15,1.9,4
"SSP3_7_0",0.0187903537458628,1.15,1.9,4
"SSP5_8_5",0.0184314593735119,1.15,1.9,4
"SSP1_1_9",0.0119257309937282,1.15,2.05,4
"SSP1_2_6",0.0066133895275933,1.15,2.05,4
"SSP2_4_5",0.0267553763224315,1.15,2.05,4
"SSP3_7_0",0.022769998087158,1.15,2.05,4
"SSP5_8_5",0.023310170096157,1.15,2.05,4
"SSP1_1_9",0.0153351719212529,1.15,2.2,4
"SSP1_2_6",0.0090555919147591,1.15,2.2,4
"SSP2_4_5",0.0325700301170247,1.15,2.2,4
"SSP3_7_0",0.0265204840978996,1.15,2.2,4
"SSP5_8_5",0.0285676875663704,1.15,2.2,4
"SSP1_1_9",0.0168591592472797,1.15,2.35,4
"SSP1_2_6",0.0137489526141172,1.15,2.35,4
"SSP2_4_5",0.0361670285072423,1.15,2.35,4
"SSP3_7_0",0.0298603266753248,1.15,2.35,4
"SSP5_8_5",0.0344456408685638,1.15,2.35,4
"SSP1_1_9",0.017569764292566,1.15,2.5,4
"SSP1_2_6",0.0163958757474732,1.15,2.5,4
"SSP2_4_5",0.0384008646712383,1.15,2.5,4
"SSP3_7_0",0.0329629233607203,1.15,2.5,4
"SSP5_8_5",0.040526641215283,1.15,2.5,4
"SSP1_1_9",0.00422249215677728,1.15,1.75,4
"SSP1_2_6",0.00400933200426066,1.15,1.75,4
"SSP2_4_5",0.0192872372739911,1.15,1.75,4
"SSP3_7_0",0.0177824101429665,1.15,1.75,4
"SSP5_8_5",0.0170045800355101,1.15,1.75,4
"SSP1_1_9",0.00719914437135981,1.15,1.9,4
"SSP1_2_6",0.00553779658378632,1.15,1.9,4
"SSP2_4_5",0.0244939385426424,1.15,1.9,4
"SSP3_7_0",0.0219760228123614,1.15,1.9,4
"SSP5_8_5",0.02144099014138,1.15,1.9,4
"SSP1_1_9",0.0127260015569488,1.15,2.05,4
"SSP1_2_6",0.00738921840245025,1.15,2.05,4
"SSP2_4_5",0.0302199282027215,1.15,2.05,4
"SSP3_7_0",0.0258873708968368,1.15,2.05,4
"SSP5_8_5",0.0262405180037752,1.15,2.05,4
"SSP1_1_9",0.0161294309505534,1.15,2.2,4
"SSP1_2_6",0.00982452944998701,1.15,2.2,4
"SSP2_4_5",0.0359861510050866,1.15,2.2,4
"SSP3_7_0",0.0295770816764725,1.15,2.2,4
"SSP5_8_5",0.0314180148994667,1.15,2.2,4
"SSP1_1_9",0.0176507333650809,1.15,2.35,4
"SSP1_2_6",0.0145047709376168,1.15,2.35,4
"SSP2_4_5",0.0395533630275731,1.15,2.35,4
"SSP3_7_0",0.0328653600029347,1.15,2.35,4
"SSP5_8_5",0.0372119321682275,1.15,2.35,4
"SSP1_1_9",0.0183600928766779,1.15,2.5,4
"SSP1_2_6",0.0171443218457788,1.15,2.5,4
"SSP2_4_5",0.0417687627371941,1.15,2.5,4
"SSP3_7_0",0.0359226695057997,1.15,2.5,4
"SSP5_8_5",0.043209987061592,1.15,2.5,4
"SSP1_1_9",0.00858057397001215,1.15,1.9,4
"SSP1_2_6",0.00672549073127141,1.15,1.9,4
"SSP2_4_5",0.0291007579753414,1.15,1.9,4
"SSP3_7_0",0.0258981338715587,1.15,1.9,4
"SSP5_8_5",0.0253212267458516,1.15,1.9,4
"SSP1_1_9",0.014090943297741,1.15,2.05,4
"SSP1_2_6",0.00857086503614485,1.15,2.05,4
"SSP2_4_5",0.0347679512089898,1.15,2.05,4
"SSP3_7_0",0.029735189342766,1.15,2.05,4
"SSP5_8_5",0.0300327980503173,1.15,2.05,4
"SSP1_1_9",0.0174842371966504,1.15,2.2,4
"SSP1_2_6",0.010998348586605,1.15,2.2,4
"SSP2_4_5",0.0404757489499383,1.15,2.2,4
"SSP3_7_0",0.033359083980554,1.15,2.2,4
"SSP5_8_5",0.0351219611327029,1.15,2.2,4
"SSP1_1_9",0.0190010125943308,1.15,2.35,4
"SSP1_2_6",0.0156636992263794,1.15,2.35,4
"SSP2_4_5",0.044007013286624,1.15,2.35,4
"SSP3_7_0",0.0365917492751497,1.15,2.35,4
"SSP5_8_5",0.0408237324010205,1.15,2.35,4
"SSP1_1_9",0.0197082720593288,1.15,2.5,4
"SSP1_2_6",0.0182948709127044,1.15,2.5,4
"SSP2_4_5",0.0462001567999931,1.15,2.5,4
"SSP3_7_0",0.0396004978641626,1.15,2.5,4
"SSP5_8_5",0.0467312713178029,1.15,2.5,4
"SSP1_1_9",0.0170072404194123,1.15,2.05,4
"SSP1_2_6",0.0100816613692796,1.15,2.05,4
"SSP2_4_5",0.0398006011500266,1.15,2.05,4
"SSP3_7_0",0.0336951510736928,1.15,2.05,4
"SSP5_8_5",0.0342062288282221,1.15,2.05,4
"SSP1_1_9",0.0203801093389316,1.15,2.2,4
"SSP1_2_6",0.0125007589132433,1.15,2.2,4
"SSP2_4_5",0.0454470102487707,1.15,2.2,4
"SSP3_7_0",0.0372563957203618,1.15,2.2,4
"SSP5_8_5",0.0392072439482718,1.15,2.2,4
"SSP1_1_9",0.0218877595203495,1.15,2.35,4
"SSP1_2_6",0.0171501646558836,1.15,2.35,4
"SSP2_4_5",0.0489404926502904,1.15,2.35,4
"SSP3_7_0",0.0404362450897137,1.15,2.35,4
"SSP5_8_5",0.0448174452711166,1.15,2.35,4
"SSP1_1_9",0.022590786500508,1.15,2.5,4
"SSP1_2_6",0.0197723547086853,1.15,2.5,4
"SSP2_4_5",0.051110239861019,1.15,2.5,4
"SSP3_7_0",0.0433990294076875,1.15,2.5,4
"SSP5_8_5",0.050635301589129,1.15,2.5,4
"SSP1_1_9",0.0257590614020593,1.15,2.2,4
"SSP1_2_6",0.0143231604321398,1.15,2.2,4
"SSP2_4_5",0.0509201888071258,1.15,2.2,4
"SSP3_7_0",0.0409036278574546,1.15,2.2,4
"SSP5_8_5",0.0436543776404824,1.15,2.2,4
"SSP1_1_9",0.0272500011940081,1.15,2.35,4
"SSP1_2_6",0.0189549208807079,1.15,2.35,4
"SSP2_4_5",0.0543730953538247,1.15,2.35,4
"SSP3_7_0",0.0440365343631925,1.15,2.35,4
"SSP5_8_5",0.0491734778346235,1.15,2.35,4
"SSP1_1_9",0.0279452774940016,1.15,2.5,4
"SSP1_2_6",0.0215671654531236,1.15,2.5,4
"SSP2_4_5",0.0565177133612466,1.15,2.5,4
"SSP3_7_0",0.0469585430199807,1.15,2.5,4
"SSP5_8_5",0.0549023565513725,1.15,2.5,4
"SSP1_1_9",0.0305521867800301,1.15,2.35,4
"SSP1_2_6",0.0213300082871518,1.15,2.35,4
"SSP2_4_5",0.0598477276958977,1.15,2.35,4
"SSP3_7_0",0.0474517674724877,1.15,2.35,4
"SSP5_8_5",0.0539089935770538,1.15,2.35,4
"SSP1_1_9",0.0312426954543655,1.15,2.5,4
"SSP1_2_6",0.0239294253615268,1.15,2.5,4
"SSP2_4_5",0.0619673621158159,1.15,2.5,4
"SSP3_7_0",0.0503381308490078,1.15,2.5,4
"SSP5_8_5",0.0595502066971195,1.15,2.5,4
"SSP1_1_9",0.032716634025109,1.15,2.5,4
"SSP1_2_6",0.0284707917183478,1.15,2.5,4
"SSP2_4_5",0.0653397134485518,1.15,2.5,4
"SSP3_7_0",0.0533655879314142,1.15,2.5,4
"SSP5_8_5",0.0647974171909442,1.15,2.5,4
"SSP1_1_9",0.00444469489885942,1.15,1.75,4
"SSP1_2_6",0.00420704085480803,1.15,1.75,4
"SSP2_4_5",0.0206656021485028,1.15,1.75,4
"SSP3_7_0",0.0190934458437887,1.15,1.75,4
"SSP5_8_5",0.0180980180906876,1.15,1.75,4
"SSP1_1_9",0.00741591387862402,1.15,1.9,4
"SSP1_2_6",0.00572840858957378,1.15,1.9,4
"SSP2_4_5",0.0258346155288122,1.15,1.9,4
"SSP3_7_0",0.0232280602040739,1.15,1.9,4
"SSP5_8_5",0.0224748882283,1.15,1.9,4
"SSP1_1_9",0.0129327835452524,1.15,2.05,4
"SSP1_2_6",0.00757133370704322,1.15,2.05,4
"SSP2_4_5",0.0315198439320722,1.15,2.05,4
"SSP3_7_0",0.0270859989578177,1.15,2.05,4
"SSP5_8_5",0.0272124856065838,1.15,2.05,4
"SSP1_1_9",0.0163301071527502,1.15,2.2,4
"SSP1_2_6",0.00999553224879364,1.15,2.2,4
"SSP2_4_5",0.037245530769046,1.15,2.2,4
"SSP3_7_0",0.0307271020100647,1.15,2.2,4
"SSP5_8_5",0.0323256515116273,1.15,2.2,4
"SSP1_1_9",0.0178486912555073,1.15,2.35,4
"SSP1_2_6",0.0146545778460895,1.15,2.35,4
"SSP2_4_5",0.0407878650804091,1.15,2.35,4
"SSP3_7_0",0.0339733139290127,1.15,2.35,4
"SSP5_8_5",0.038050075336065,1.15,2.35,4
"SSP1_1_9",0.0185567870510965,1.15,2.5,4
"SSP1_2_6",0.0172822578271589,1.15,2.5,4
"SSP2_4_5",0.042987889491037,1.15,2.5,4
"SSP3_7_0",0.0369926922089703,1.15,2.5,4
"SSP5_8_5",0.0439781609097318,1.15,2.5,4
"SSP1_1_9",0.00879479692051707,1.15,1.9,4
"SSP1_2_6",0.00691051042676268,1.15,1.9,4
"SSP2_4_5",0.0304077665433074,1.15,1.9,4
"SSP3_7_0",0.0270943839906373,1.15,1.9,4
"SSP5_8_5",0.026302427280462,1.15,1.9,4
"SSP1_1_9",0.0142952348906626,1.15,2.05,4
"SSP1_2_6",0.00874744242032165,1.15,2.05,4
"SSP2_4_5",0.0360349542565174,1.15,2.05,4
"SSP3_7_0",0.0308798555721924,1.15,2.05,4
"SSP5_8_5",0.0309541569033192,1.15,2.05,4
"SSP1_1_9",0.0176824573117865,1.15,2.2,4
"SSP1_2_6",0.0111638835791992,1.15,2.2,4
"SSP2_4_5",0.0417029602981298,1.15,2.2,4
"SSP3_7_0",0.0344567298643418,1.15,2.2,4
"SSP5_8_5",0.0359810426653629,1.15,2.2,4
"SSP1_1_9",0.0191965296683558,1.15,2.35,4
"SSP1_2_6",0.0158081709242537,1.15,2.35,4
"SSP2_4_5",0.0452098018435973,1.15,2.35,4
"SSP3_7_0",0.0376486488346776,1.15,2.35,4
"SSP5_8_5",0.041615418156904,1.15,2.35,4
"SSP1_1_9",0.0199025324876571,1.15,2.5,4
"SSP1_2_6",0.01842754586424,1.15,2.5,4
"SSP2_4_5",0.0473878505669206,1.15,2.5,4
"SSP3_7_0",0.0406206002163822,1.15,2.5,4
"SSP5_8_5",0.0474424832899385,1.15,2.5,4
"SSP1_1_9",0.0172063038320519,1.15,2.05,4
"SSP1_2_6",0.0102513007124989,1.15,2.05,4
"SSP2_4_5",0.0410321495386422,1.15,2.05,4
"SSP3_7_0",0.0347865557460607,1.15,2.05,4
"SSP5_8_5",0.0350742970876205,1.15,2.05,4
"SSP1_1_9",0.0205731699600686,1.15,2.2,4
"SSP1_2_6",0.0126594305681874,1.15,2.2,4
"SSP2_4_5",0.0466395398130967,1.15,2.2,4
"SSP3_7_0",0.0383022636156424,1.15,2.2,4
"SSP5_8_5",0.0400150471922872,1.15,2.2,4
"SSP1_1_9",0.0220781476817699,1.15,2.35,4
"SSP1_2_6",0.0172879142560049,1.15,2.35,4
"SSP2_4_5",0.0501090719975785,1.15,2.35,4
"SSP3_7_0",0.0414425986846549,1.15,2.35,4
"SSP5_8_5",0.0455599023273108,1.15,2.35,4
"SSP1_1_9",0.0227799321740532,1.15,2.5,4
"SSP1_2_6",0.0198983866787159,1.15,2.5,4
"SSP2_4_5",0.0522640158802874,1.15,2.5,4
"SSP3_7_0",0.0443696417485601,1.15,2.5,4
"SSP5_8_5",0.0507500121662963,1.15,2.5,4
"SSP1_1_9",0.0259426323720499,1.15,2.2,4
"SSP1_2_6",0.0144735942311363,1.15,2.2,4
"SSP2_4_5",0.0520751538192505,1.15,2.2,4
"SSP3_7_0",0.0419024193845859,1.15,2.2,4
"SSP5_8_5",0.0444083841632264,1.15,2.2,4
"SSP1_1_9",0.0274309553362174,1.15,2.35,4
"SSP1_2_6",0.0190845882741711,1.15,2.35,4
"SSP2_4_5",0.0555046128851156,1.15,2.35,4
"SSP3_7_0",0.0449968908357181,1.15,2.35,4
"SSP5_8_5",0.0495994489902273,1.15,2.35,4
"SSP1_1_9",0.0281250149039739,1.15,2.5,4
"SSP1_2_6",0.0216852024687858,1.15,2.5,4
"SSP2_4_5",0.0576347376714186,1.15,2.5,4
"SSP3_7_0",0.0478840821588007,1.15,2.5,4
"SSP5_8_5",0.0543270542140046,1.15,2.5,4
"SSP1_1_9",0.0307273734562863,1.15,2.35,4
"SSP1_2_6",0.0214490961523543,1.15,2.35,4
"SSP2_4_5",0.0609423539868069,1.15,2.35,4
"SSP3_7_0",0.0483699470452823,1.15,2.35,4
"SSP5_8_5",0.0534422356500785,1.15,2.35,4
"SSP1_1_9",0.031416681144046,1.15,2.5,4
"SSP1_2_6",0.0240369949938719,1.15,2.5,4
"SSP2_4_5",0.0630478008549358,1.15,2.5,4
"SSP3_7_0",0.0512222895636448,1.15,2.5,4
"SSP5_8_5",0.0580987410883205,1.15,2.5,4
"SSP1_1_9",0.0328880590504286,1.15,2.5,4
"SSP1_2_6",0.0285583851713842,1.15,2.5,4
"SSP2_4_5",0.0663976903090492,1.15,2.5,4
"SSP3_7_0",0.0542136729806283,1.15,2.5,4
"SSP5_8_5",0.0623697509473527,1.15,2.5,4
"SSP1_1_9",0.00959922420049665,1.15,1.9,4
"SSP1_2_6",0.00768074469713448,1.15,1.9,4
"SSP2_4_5",0.033820744726614,1.15,1.9,4
"SSP3_7_0",0.0300977207236953,1.15,1.9,4
"SSP5_8_5",0.0291404860432545,1.15,1.9,4
"SSP1_1_9",0.0150899877256797,1.15,2.05,4
"SSP1_2_6",0.00951247348914094,1.15,2.05,4
"SSP2_4_5",0.039401248624228,1.15,2.05,4
"SSP3_7_0",0.0338204577336604,1.15,2.05,4
"SSP5_8_5",0.0337193328902521,1.15,2.05,4
"SSP1_1_9",0.018471263275444,1.15,2.2,4
"SSP1_2_6",0.0119221594752547,1.15,2.2,4
"SSP2_4_5",0.0450228491231121,1.15,2.2,4
"SSP3_7_0",0.0373413740845295,1.15,2.2,4
"SSP5_8_5",0.0386723628191332,1.15,2.2,4
"SSP1_1_9",0.019982679531985,1.15,2.35,4
"SSP1_2_6",0.0165535851170749,1.15,2.35,4
"SSP2_4_5",0.0485011432175503,1.15,2.35,4
"SSP3_7_0",0.0404857200593243,1.15,2.35,4
"SSP5_8_5",0.0438370593441429,1.15,2.35,4
"SSP1_1_9",0.0206874501514171,1.15,2.5,4
"SSP1_2_6",0.0191657318992889,1.15,2.5,4
"SSP2_4_5",0.0506615197883987,1.15,2.5,4
"SSP3_7_0",0.0434157944541555,1.15,2.5,4
"SSP5_8_5",0.048654774994887,1.15,2.5,4
"SSP1_1_9",0.0179959130778424,1.15,2.05,4
"SSP1_2_6",0.0110118592730409,1.15,2.05,4
"SSP2_4_5",0.0443565734553771,1.15,2.05,4
"SSP3_7_0",0.0376610763192455,1.15,2.05,4
"SSP5_8_5",0.0377722568249621,1.15,2.05,4
"SSP1_1_9",0.0213568872067256,1.15,2.2,4
"SSP1_2_6",0.0134132744761919,1.15,2.2,4
"SSP2_4_5",0.0499183396919817,1.15,2.2,4
"SSP3_7_0",0.0411224062546238,1.15,2.2,4
"SSP5_8_5",0.0426412962347456,1.15,2.2,4
"SSP1_1_9",0.0228592332946208,1.15,2.35,4
"SSP1_2_6",0.0180289730478549,1.15,2.35,4
"SSP2_4_5",0.0533598029181116,1.15,2.35,4
"SSP3_7_0",0.0442164712076728,1.15,2.35,4
"SSP5_8_5",0.0471739164910256,1.15,2.35,4
"SSP1_1_9",0.0235597969070099,1.15,2.5,4
"SSP1_2_6",0.020632260281385,1.15,2.5,4
"SSP2_4_5",0.0554973700251618,1.15,2.5,4
"SSP3_7_0",0.0471027422208975,1.15,2.5,4
"SSP5_8_5",0.0519193048490937,1.15,2.5,4
"SSP1_1_9",0.0267170272048947,1.15,2.2,4
"SSP1_2_6",0.0152223450766601,1.15,2.2,4
"SSP2_4_5",0.0553097348168722,1.15,2.2,4
"SSP3_7_0",0.0446646446768163,1.15,2.2,4
"SSP5_8_5",0.046340757510499,1.15,2.2,4
"SSP1_1_9",0.0282027630057088,1.15,2.35,4
"SSP1_2_6",0.0198206374430346,1.15,2.35,4
"SSP2_4_5",0.058711633125977,1.15,2.35,4
"SSP3_7_0",0.04771398442814,1.15,2.35,4
"SSP5_8_5",0.0507781524556978,1.15,2.35,4
"SSP1_1_9",0.0288956222694827,1.15,2.5,4
"SSP1_2_6",0.0224141132867147,1.15,2.5,4
"SSP2_4_5",0.060824694888411,1.15,2.5,4
"SSP3_7_0",0.0505613683606176,1.15,2.5,4
"SSP5_8_5",0.0554519827496306,1.15,2.5,4
"SSP1_1_9",0.0314934772292205,1.15,2.35,4
"SSP1_2_6",0.0221786384463906,1.15,2.35,4
"SSP2_4_5",0.0641058991987293,1.15,2.35,4
"SSP3_7_0",0.0510362105763954,1.15,2.35,4
"SSP5_8_5",0.0545745772732732,1.15,2.35,4
"SSP1_1_9",0.0321815972234167,1.15,2.5,4
"SSP1_2_6",0.0247594590140346,1.15,2.5,4
"SSP2_4_5",0.0661945924051938,1.15,2.5,4
"SSP3_7_0",0.0538495729448531,1.15,2.5,4
"SSP5_8_5",0.0591787935760306,1.15,2.5,4
"SSP1_1_9",0.0336504329966566,1.15,2.5,4
"SSP1_2_6",0.0292685703453199,1.15,2.5,4
"SSP2_4_5",0.0695179185557609,1.15,2.5,4
"SSP3_7_0",0.0567982859617706,1.15,2.5,4
"SSP5_8_5",0.0634013118399718,1.15,2.5,4
"SSP1_1_9",0.0193428583732053,1.15,2.05,4
"SSP1_2_6",0.0121742173629697,1.15,2.05,4
"SSP2_4_5",0.0487333654443996,1.15,2.05,4
"SSP3_7_0",0.0412387300882496,1.15,2.05,4
"SSP5_8_5",0.041298035225584,1.15,2.05,4
"SSP1_1_9",0.0226938977524167,1.15,2.2,4
"SSP1_2_6",0.0145679998565007,1.15,2.2,4
"SSP2_4_5",0.0542400161173519,1.15,2.2,4
"SSP3_7_0",0.0446409638723127,1.15,2.2,4
"SSP5_8_5",0.0455285409677562,1.15,2.2,4
"SSP1_1_9",0.0241918063008239,1.15,2.35,4
"SSP1_2_6",0.0191691758205803,1.15,2.35,4
"SSP2_4_5",0.0576475572815046,1.15,2.35,4
"SSP3_7_0",0.0476849663698614,1.15,2.35,4
"SSP5_8_5",0.0499698245549422,1.15,2.35,4
"SSP1_1_9",0.02489031127139,1.15,2.5,4
"SSP1_2_6",0.0217642902186539,1.15,2.5,4
"SSP2_4_5",0.0597641183438532,1.15,2.5,4
"SSP3_7_0",0.0505273959236174,1.15,2.5,4
"SSP5_8_5",0.0546468591757417,1.15,2.5,4
"SSP1_1_9",0.0280383183215499,1.15,2.2,4
"SSP1_2_6",0.0163712587564419,1.15,2.2,4
"SSP2_4_5",0.05957793742504,1.15,2.2,4
"SSP3_7_0",0.0481198162284759,1.15,2.2,4
"SSP5_8_5",0.0491428786786524,1.15,2.2,4
"SSP1_1_9",0.0295196912396853,1.15,2.35,4
"SSP1_2_6",0.0209551179850926,1.15,2.35,4
"SSP2_4_5",0.0629465108288171,1.15,2.35,4
"SSP3_7_0",0.0511202823291034,1.15,2.35,4
"SSP5_8_5",0.0535133671000276,1.15,2.35,4
"SSP1_1_9",0.0302105264043391,1.15,2.5,4
"SSP1_2_6",0.0235404712498841,1.15,2.5,4
"SSP2_4_5",0.065038935291231,1.15,2.5,4
"SSP3_7_0",0.0539248296669771,1.15,2.5,4
"SSP5_8_5",0.0581206266153265,1.15,2.5,4
"SSP1_1_9",0.032800786499046,1.15,2.35,4
"SSP1_2_6",0.0233057089184691,1.15,2.35,4
"SSP2_4_5",0.0682881861785182,1.15,2.35,4
"SSP3_7_0",0.0543871182356477,1.15,2.35,4
"SSP5_8_5",0.0572495750229142,1.15,2.35,4
"SSP1_1_9",0.0334869035657233,1.15,2.5,4
"SSP1_2_6",0.0258784713063099,1.15,2.5,4
"SSP2_4_5",0.0703566057320388,1.15,2.5,4
"SSP3_7_0",0.0571585047488872,1.15,2.5,4
"SSP5_8_5",0.0617889193108257,1.15,2.5,4
"SSP1_1_9",0.0349514520585587,1.15,2.5,4
"SSP1_2_6",0.0303736024948173,1.15,2.5,4
"SSP2_4_5",0.0736477794453503,1.15,2.5,4
"SSP3_7_0",0.060060907464567,1.15,2.5,4
"SSP5_8_5",0.0659497766485906,1.15,2.5,4
"SSP1_1_9",0.0308663653612853,1.15,2.2,4
"SSP1_2_6",0.0178453901784208,1.15,2.2,4
"SSP2_4_5",0.0643150578935365,1.15,2.2,4
"SSP3_7_0",0.0517014188567848,1.15,2.2,4
"SSP5_8_5",0.0523633971007001,1.15,2.2,4
"SSP1_1_9",0.0323389378333013,1.15,2.35,4
"SSP1_2_6",0.0224137812804846,1.15,2.35,4
"SSP2_4_5",0.0676485585665757,1.15,2.35,4
"SSP3_7_0",0.0546553301988199,1.15,2.35,4
"SSP5_8_5",0.0566662798066008,1.15,2.35,4
"SSP1_1_9",0.033025690782164,1.15,2.5,4
"SSP1_2_6",0.0249904204643619,1.15,2.5,4
"SSP2_4_5",0.0697192592543391,1.15,2.5,4
"SSP3_7_0",0.0574192227561744,1.15,2.5,4
"SSP5_8_5",0.061206590083407,1.15,2.5,4
"SSP1_1_9",0.0356006296447044,1.15,2.35,4
"SSP1_2_6",0.0247564176641308,1.15,2.35,4
"SSP2_4_5",0.0729348681792962,1.15,2.35,4
"SSP3_7_0",0.0578692055643092,1.15,2.35,4
"SSP5_8_5",0.0603411413860473,1.15,2.35,4
"SSP1_1_9",0.0362827063339476,1.15,2.5,4
"SSP1_2_6",0.0273205318394081,1.15,2.5,4
"SSP2_4_5",0.0749819391116083,1.15,2.5,4
"SSP3_7_0",0.0606007341519485,1.15,2.5,4
"SSP5_8_5",0.064815192137609,1.15,2.5,4
"SSP1_1_9",0.0377386037977245,1.15,2.5,4
"SSP1_2_6",0.0318006580147981,1.15,2.5,4
"SSP2_4_5",0.0782392496532012,1.15,2.5,4
"SSP3_7_0",0.0634589565160504,1.15,2.5,4
"SSP5_8_5",0.0689135564233925,1.15,2.5,4
"SSP1_1_9",0.0408036506662823,1.15,2.35,4
"SSP1_2_6",0.0265205553228261,1.15,2.35,4
"SSP2_4_5",0.0780588022665181,1.15,2.35,4
"SSP3_7_0",0.0610344931724372,1.15,2.35,4
"SSP5_8_5",0.0636989999341136,1.15,2.35,4
"SSP1_1_9",0.0414783259046577,1.15,2.5,4
"SSP1_2_6",0.0290750860378003,1.15,2.5,4
"SSP2_4_5",0.0800829194509245,1.15,2.5,4
"SSP3_7_0",0.0637244536598813,1.15,2.5,4
"SSP5_8_5",0.0681082972323586,1.15,2.5,4
"SSP1_1_9",0.0429183749931045,1.15,2.5,4
"SSP1_2_6",0.0335385835543339,1.15,2.5,4
"SSP2_4_5",0.0833038170421336,1.15,2.5,4
"SSP3_7_0",0.0664560787885878,1.15,2.5,4
"SSP5_8_5",0.07214438886031,1.15,2.5,4
"SSP1_1_9",0.0461083533788725,1.15,2.5,4
"SSP1_2_6",0.0358272140073525,1.15,2.5,4
"SSP2_4_5",0.0884123225690455,1.15,2.5,4
"SSP3_7_0",0.0692944650856777,1.15,2.5,4
"SSP5_8_5",0.0755735170088556,1.15,2.5,4
"SSP1_1_9",0.00310703095660104,1.3,1.75,4
"SSP1_2_6",0.002849395806618,1.3,1.75,4
"SSP2_4_5",0.0118119937369403,1.3,1.75,4
"SSP3_7_0",0.0101011690002093,1.3,1.75,4
"SSP5_8_5",0.00970121813878588,1.3,1.75,4
"SSP1_1_9",0.00601355314060601,1.3,1.9,4
"SSP1_2_6",0.00429606674049796,1.3,1.9,4
"SSP2_4_5",0.0167273130286355,1.3,1.9,4
"SSP3_7_0",0.0137692606901765,1.3,1.9,4
"SSP5_8_5",0.0135402882201487,1.3,1.9,4
"SSP1_1_9",0.0114999517954398,1.3,2.05,4
"SSP1_2_6",0.00609887651762149,1.3,2.05,4
"SSP2_4_5",0.0223160665980023,1.3,2.05,4
"SSP3_7_0",0.0173023399594321,1.3,2.05,4
"SSP5_8_5",0.0176380951957455,1.3,2.05,4
"SSP1_1_9",0.0148790578635835,1.3,2.2,4
"SSP1_2_6",0.00848715970707008,1.3,2.2,4
"SSP2_4_5",0.0279970553170384,1.3,2.2,4
"SSP3_7_0",0.0207323602807008,1.3,2.2,4
"SSP5_8_5",0.0219116000290017,1.3,2.2,4
"SSP1_1_9",0.0163908113236829,1.3,2.35,4
"SSP1_2_6",0.0131011858985306,1.3,2.35,4
"SSP2_4_5",0.0315311901660325,1.3,2.35,4
"SSP3_7_0",0.0239062176872849,1.3,2.35,4
"SSP5_8_5",0.0266887825387994,1.3,2.35,4
"SSP1_1_9",0.0170967377473192,1.3,2.5,4
"SSP1_2_6",0.0157053860184936,1.3,2.5,4
"SSP2_4_5",0.0337300901984609,1.3,2.5,4
"SSP3_7_0",0.0269321756327854,1.3,2.5,4
"SSP5_8_5",0.0316892240912491,1.3,2.5,4
"SSP1_1_9",0.00738810517602886,1.3,1.9,4
"SSP1_2_6",0.00546839239722921,1.3,1.9,4
"SSP2_4_5",0.0208533791911834,1.3,1.9,4
"SSP3_7_0",0.0170689623917641,1.3,1.9,4
"SSP5_8_5",0.016815151183342,1.3,1.9,4
"SSP1_1_9",0.0128581827438389,1.3,2.05,4
"SSP1_2_6",0.00726536744926289,1.3,2.05,4
"SSP2_4_5",0.0263876564477301,1.3,2.05,4
"SSP3_7_0",0.0205384090044308,1.3,2.05,4
"SSP5_8_5",0.0208398218580006,1.3,2.05,4
"SSP1_1_9",0.0162272544528262,1.3,2.2,4
"SSP1_2_6",0.00964606545773132,1.3,2.2,4
"SSP2_4_5",0.032014217869538,1.3,2.2,4
"SSP3_7_0",0.0239109462372101,1.3,2.2,4
"SSP5_8_5",0.0250413119956387,1.3,2.2,4
"SSP1_1_9",0.0177345238788939,1.3,2.35,4
"SSP1_2_6",0.0142456130124811,1.3,2.35,4
"SSP2_4_5",0.0355147632378087,1.3,2.35,4
"SSP3_7_0",0.0270349224570535,1.3,2.35,4
"SSP5_8_5",0.029743452655487,1.3,2.35,4
"SSP1_1_9",0.0184383685821058,1.3,2.5,4
"SSP1_2_6",0.0168416610500389,1.3,2.5,4
"SSP2_4_5",0.0376928473749103,1.3,2.5,4
"SSP3_7_0",0.0300163656217371,1.3,2.5,4
"SSP5_8_5",0.034669649878887,1.3,2.5,4
"SSP1_1_9",0.0157056532008851,1.3,2.05,4
"SSP1_2_6",0.00869537031088298,1.3,2.05,4
"SSP2_4_5",0.0311409344490505,1.3,2.05,4
"SSP3_7_0",0.024006650846237,1.3,2.05,4
"SSP5_8_5",0.0244574389402982,1.3,2.05,4
"SSP1_1_9",0.019054691059892,1.3,2.2,4
"SSP1_2_6",0.0110680887014007,1.3,2.2,4
"SSP2_4_5",0.0367089529474117,1.3,2.2,4
"SSP3_7_0",0.027323627208458,1.3,2.2,4
"SSP5_8_5",0.0285861485421755,1.3,2.2,4
"SSP1_1_9",0.0205530062015573,1.3,2.35,4
"SSP1_2_6",0.0156524164534741,1.3,2.35,4
"SSP2_4_5",0.0401733609053426,1.3,2.35,4
"SSP3_7_0",0.0303996098224262,1.3,2.35,4
"SSP5_8_5",0.0332128333462355,1.3,2.35,4
"SSP1_1_9",0.0212526944900937,1.3,2.5,4
"SSP1_2_6",0.0182398878950257,1.3,2.5,4
"SSP2_4_5",0.0423290453863275,1.3,2.5,4
"SSP3_7_0",0.0333384549457286,1.3,2.5,4
"SSP5_8_5",0.0380646820397976,1.3,2.5,4
"SSP1_1_9",0.0243950743817998,1.3,2.2,4
"SSP1_2_6",0.0128430593198058,1.3,2.2,4
"SSP2_4_5",0.042056733922692,1.3,2.2,4
"SSP3_7_0",0.0306251648369774,1.3,2.2,4
"SSP5_8_5",0.0323904463407728,1.3,2.2,4
"SSP1_1_9",0.0258768549496739,1.3,2.35,4
"SSP1_2_6",0.0174103381998422,1.3,2.35,4
"SSP2_4_5",0.0454816896054644,1.3,2.35,4
"SSP3_7_0",0.0336579393551881,1.3,2.35,4
"SSP5_8_5",0.0369423829062787,1.3,2.35,4
"SSP1_1_9",0.0265688684501823,1.3,2.5,4
"SSP1_2_6",0.0199881959270116,1.3,2.5,4
"SSP2_4_5",0.0476129164332081,1.3,2.5,4
"SSP3_7_0",0.0365585702761073,1.3,2.5,4
"SSP5_8_5",0.04172077978555,1.3,2.5,4
"SSP1_1_9",0.0291559763989908,1.3,2.35,4
"SSP1_2_6",0.0197404734741367,1.3,2.35,4
"SSP2_4_5",0.0508825629057127,1.3,2.35,4
"SSP3_7_0",0.0368416075794938,1.3,2.35,4
"SSP5_8_5",0.0408552510358909,1.3,2.35,4
"SSP1_1_9",0.0298432683320439,1.3,2.5,4
"SSP1_2_6",0.0223058878640848,1.3,2.5,4
"SSP2_4_5",0.0529893548703008,1.3,2.5,4
"SSP3_7_0",0.0397084968605289,1.3,2.5,4
"SSP5_8_5",0.0455622895044074,1.3,2.5,4
"SSP1_1_9",0.0313082197532362,1.3,2.5,4
"SSP1_2_6",0.0267853305846107,1.3,2.5,4
"SSP2_4_5",0.0563354714324136,1.3,2.5,4
"SSP3_7_0",0.0426415577448159,1.3,2.5,4
"SSP5_8_5",0.04989396018922,1.3,2.5,4
"SSP1_1_9",0.00798779189428338,1.3,1.9,4
"SSP1_2_6",0.00602590930045268,1.3,1.9,4
"SSP2_4_5",0.0226599662682018,1.3,1.9,4
"SSP3_7_0",0.0186066713087512,1.3,1.9,4
"SSP5_8_5",0.0183588312143464,1.3,1.9,4
"SSP1_1_9",0.0134493868796102,1.3,2.05,4
"SSP1_2_6",0.00781822396805261,1.3,2.05,4
"SSP2_4_5",0.028157764334406,1.3,2.05,4
"SSP3_7_0",0.0220292889442826,1.3,2.05,4
"SSP5_8_5",0.0223297173442625,1.3,2.05,4
"SSP1_1_9",0.0168132495434209,1.3,2.2,4
"SSP1_2_6",0.0101928271340568,1.3,2.2,4
"SSP2_4_5",0.0337478027953827,1.3,2.2,4
"SSP3_7_0",0.0253585378892946,1.3,2.2,4
"SSP5_8_5",0.0264774132079796,1.3,2.2,4
"SSP1_1_9",0.0183181926789892,1.3,2.35,4
"SSP1_2_6",0.0147807166766693,1.3,2.35,4
"SSP2_4_5",0.0372258189199016,1.3,2.35,4
"SSP3_7_0",0.0284441166328583,1.3,2.35,4
"SSP5_8_5",0.0311222511294019,1.3,2.35,4
"SSP1_1_9",0.0190209567612717,1.3,2.5,4
"SSP1_2_6",0.0173702142087793,1.3,2.5,4
"SSP2_4_5",0.0393899506073615,1.3,2.5,4
"SSP3_7_0",0.0313904314853704,1.3,2.5,4
"SSP5_8_5",0.0359907532201336,1.3,2.5,4
"SSP1_1_9",0.0162924009579676,1.3,2.05,4
"SSP1_2_6",0.00924434394565021,1.3,2.05,4
"SSP2_4_5",0.0328793011360628,1.3,2.05,4
"SSP3_7_0",0.0254498959833706,1.3,2.05,4
"SSP5_8_5",0.0258980111307474,1.3,2.05,4
"SSP1_1_9",0.0196362796120866,1.3,2.2,4
"SSP1_2_6",0.0116110042687668,1.3,2.2,4
"SSP2_4_5",0.0384114505163124,1.3,2.2,4
"SSP3_7_0",0.0287248491678925,1.3,2.2,4
"SSP5_8_5",0.0299745719228037,1.3,2.2,4
"SSP1_1_9",0.0211322906854517,1.3,2.35,4
"SSP1_2_6",0.0161837437109784,1.3,2.35,4
"SSP2_4_5",0.0418537302176765,1.3,2.35,4
"SSP3_7_0",0.0317635045921532,1.3,2.35,4
"SSP5_8_5",0.03454561834214,1.3,2.35,4
"SSP1_1_9",0.0218309086421827,1.3,2.5,4
"SSP1_2_6",0.0187647037508574,1.3,2.5,4
"SSP2_4_5",0.0439957098446552,1.3,2.5,4
"SSP3_7_0",0.0346681515214187,1.3,2.5,4
"SSP5_8_5",0.0393413761811688,1.3,2.5,4
"SSP1_1_9",0.0249685017638457,1.3,2.2,4
"SSP1_2_6",0.0133814152108739,1.3,2.2,4
"SSP2_4_5",0.0437248299418379,1.3,2.2,4
"SSP3_7_0",0.0319833977565271,1.3,2.2,4
"SSP5_8_5",0.0337300719063293,1.3,2.2,4
"SSP1_1_9",0.0264480189183164,1.3,2.35,4
"SSP1_2_6",0.0179371827569851,1.3,2.35,4
"SSP2_4_5",0.0471280896093469,1.3,2.35,4
"SSP3_7_0",0.0349797926977087,1.3,2.35,4
"SSP5_8_5",0.038227988550466,1.3,2.35,4
"SSP1_1_9",0.0271389809107577,1.3,2.5,4
"SSP1_2_6",0.0205085722950194,1.3,2.5,4
"SSP2_4_5",0.0492458785204464,1.3,2.5,4
"SSP3_7_0",0.0378470470595926,1.3,2.5,4
"SSP5_8_5",0.0429518522374299,1.3,2.5,4
"SSP1_1_9",0.029722153084952,1.3,2.35,4
"SSP1_2_6",0.0202614519598119,1.3,2.35,4
"SSP2_4_5",0.0524949236488115,1.3,2.35,4
"SSP3_7_0",0.0381243680141937,1.3,2.35,4
"SSP5_8_5",0.04209339632453,1.3,2.35,4
"SSP1_1_9",0.0304084050409026,1.3,2.5,4
"SSP1_2_6",0.0228204537905012,1.3,2.5,4
"SSP2_4_5",0.0545885419465315,1.3,2.5,4
"SSP3_7_0",0.0409585944504361,1.3,2.5,4
"SSP5_8_5",0.046747389749309,1.3,2.5,4
"SSP1_1_9",0.0318711341989031,1.3,2.5,4
"SSP1_2_6",0.0272887774176868,1.3,2.5,4
"SSP2_4_5",0.0579138150073404,1.3,2.5,4
"SSP3_7_0",0.0438573919616653,1.3,2.5,4
"SSP5_8_5",0.0508305155610035,1.3,2.5,4
"SSP1_1_9",0.017635609858759,1.3,2.05,4
"SSP1_2_6",0.0103978575207784,1.3,2.05,4
"SSP2_4_5",0.0368323812339142,1.3,2.05,4
"SSP3_7_0",0.0285121381651154,1.3,2.05,4
"SSP5_8_5",0.0289246263820548,1.3,2.05,4
"SSP1_1_9",0.0209696164094919,1.3,2.2,4
"SSP1_2_6",0.0127570509248609,1.3,2.2,4
"SSP2_4_5",0.0423124069027549,1.3,2.2,4
"SSP3_7_0",0.0317339623646997,1.3,2.2,4
"SSP5_8_5",0.032934710434817,1.3,2.2,4
"SSP1_1_9",0.0224612158107767,1.3,2.35,4
"SSP1_2_6",0.01731553583648,1.3,2.35,4
"SSP2_4_5",0.045722510259893,1.3,2.35,4
"SSP3_7_0",0.0347264043957242,1.3,2.35,4
"SSP5_8_5",0.0374362942257653,1.3,2.35,4
"SSP1_1_9",0.0231577855467158,1.3,2.5,4
"SSP1_2_6",0.0198884695639425,1.3,2.5,4
"SSP2_4_5",0.0478445467772566,1.3,2.5,4
"SSP3_7_0",0.0375897071336003,1.3,2.5,4
"SSP5_8_5",0.0421631676158488,1.3,2.5,4
"SSP1_1_9",0.0262862189254218,1.3,2.2,4
"SSP1_2_6",0.014521800201201,1.3,2.2,4
"SSP2_4_5",0.047575502477247,1.3,2.2,4
"SSP3_7_0",0.0349366253714926,1.3,2.2,4
"SSP5_8_5",0.0366266585589393,1.3,2.2,4
"SSP1_1_9",0.0277613984158306,1.3,2.35,4
"SSP1_2_6",0.0190633997481385,1.3,2.35,4
"SSP2_4_5",0.0509471546255472,1.3,2.35,4
"SSP3_7_0",0.0378878882265763,1.3,2.35,4
"SSP5_8_5",0.0410569746309702,1.3,2.35,4
"SSP1_1_9",0.0284503464475099,1.3,2.5,4
"SSP1_2_6",0.0216268115985053,1.3,2.5,4
"SSP2_4_5",0.0530453518934751,1.3,2.5,4
"SSP3_7_0",0.0407147264798434,1.3,2.5,4
"SSP5_8_5",0.0451743998802273,1.3,2.5,4
"SSP1_1_9",0.0310259734480253,1.3,2.35,4
"SSP1_2_6",0.0213804175912657,1.3,2.35,4
"SSP2_4_5",0.056264271498877,1.3,2.35,4
"SSP3_7_0",0.0409826841425753,1.3,2.35,4
"SSP5_8_5",0.0446098001458963,1.3,2.35,4
"SSP1_1_9",0.0317102324437224,1.3,2.5,4
"SSP1_2_6",0.02393150421126,1.3,2.5,4
"SSP2_4_5",0.0583386459749733,1.3,2.5,4
"SSP3_7_0",0.0437772964734796,1.3,2.5,4
"SSP5_8_5",0.0483168288432401,1.3,2.5,4
"SSP1_1_9",0.0331686989049468,1.3,2.5,4
"SSP1_2_6",0.0283860998869448,1.3,2.5,4
"SSP2_4_5",0.0616334335134863,1.3,2.5,4
"SSP3_7_0",0.0466333469261577,1.3,2.5,4
"SSP5_8_5",0.0517966876139394,1.3,2.5,4
"SSP1_1_9",0.0290527118462417,1.3,2.2,4
"SSP1_2_6",0.0159238033023059,1.3,2.2,4
"SSP2_4_5",0.0520894976060745,1.3,2.2,4
"SSP3_7_0",0.0381273660661215,1.3,2.2,4
"SSP5_8_5",0.0399313080820481,1.3,2.2,4
"SSP1_1_9",0.0305192245591118,1.3,2.35,4
"SSP1_2_6",0.0204504997347257,1.3,2.35,4
"SSP2_4_5",0.0554270929510766,1.3,2.35,4
"SSP3_7_0",0.0410350912410825,1.3,2.35,4
"SSP5_8_5",0.0439055034067909,1.3,2.35,4
"SSP1_1_9",0.031204149266507,1.3,2.5,4
"SSP1_2_6",0.0230055128832925,1.3,2.5,4
"SSP2_4_5",0.0575041760022339,1.3,2.5,4
"SSP3_7_0",0.043823166420079,1.3,2.5,4
"SSP5_8_5",0.047615049231811,1.3,2.5,4
"SSP1_1_9",0.0337646990333628,1.3,2.35,4
"SSP1_2_6",0.0227598767659163,1.3,2.35,4
"SSP2_4_5",0.0606906066861765,1.3,2.35,4
"SSP3_7_0",0.0440815604313104,1.3,2.35,4
"SSP5_8_5",0.0470536971609503,1.3,2.35,4
"SSP1_1_9",0.0344449759447919,1.3,2.5,4
"SSP1_2_6",0.0253026278271334,1.3,2.5,4
"SSP2_4_5",0.0627442312781879,1.3,2.5,4
"SSP3_7_0",0.0468381578522683,1.3,2.5,4
"SSP5_8_5",0.0507085405243744,1.3,2.5,4
"SSP1_1_9",0.0358949228599221,1.3,2.5,4
"SSP1_2_6",0.0297427649140734,1.3,2.5,4
"SSP2_4_5",0.0660061372380832,1.3,2.5,4
"SSP3_7_0",0.0496528972293499,1.3,2.5,4
"SSP5_8_5",0.0541377652294972,1.3,2.5,4
"SSP1_1_9",0.0389411987216299,1.3,2.35,4
"SSP1_2_6",0.0244866558405566,1.3,2.35,4
"SSP2_4_5",0.0657444195750455,1.3,2.35,4
"SSP3_7_0",0.0470971735595596,1.3,2.35,4
"SSP5_8_5",0.0499385132619705,1.3,2.35,4
"SSP1_1_9",0.0396141195376728,1.3,2.5,4
"SSP1_2_6",0.0270200560476256,1.3,2.5,4
"SSP2_4_5",0.0677753597515349,1.3,2.5,4
"SSP3_7_0",0.0498195942502426,1.3,2.5,4
"SSP5_8_5",0.0535399152874924,1.3,2.5,4
"SSP1_1_9",0.0410483266316497,1.3,2.5,4
"SSP1_2_6",0.0314439719701808,1.3,2.5,4
"SSP2_4_5",0.0710013121732277,1.3,2.5,4
"SSP3_7_0",0.0525970186707503,1.3,2.5,4
"SSP5_8_5",0.0569169347653994,1.3,2.5,4
"SSP1_1_9",0.0442225977936149,1.3,2.5,4
"SSP1_2_6",0.0337005642246443,1.3,2.5,4
"SSP2_4_5",0.0760890234548253,1.3,2.5,4
"SSP3_7_0",0.0554969659464854,1.3,2.5,4
"SSP5_8_5",0.05985865787224,1.3,2.5,4
"SSP1_1_9",0.005382665001299,1.45,1.9,4
"SSP1_2_6",0.00355937049692821,1.45,1.9,4
"SSP2_4_5",0.0125386419197206,1.45,1.9,4
"SSP3_7_0",0.00952469183605581,1.45,1.9,4
"SSP5_8_5",0.0093276807689724,1.45,1.9,4
"SSP1_1_9",0.0107009021787473,1.45,2.05,4
"SSP1_2_6",0.00520647826617588,1.45,2.05,4
"SSP2_4_5",0.017753890499399,1.45,2.05,4
"SSP3_7_0",0.012675389271278,1.45,2.05,4
"SSP5_8_5",0.0127495137312311,1.45,2.05,4
"SSP1_1_9",0.0140005872355251,1.45,2.2,4
"SSP1_2_6",0.00750678031636662,1.45,2.2,4
"SSP2_4_5",0.0232280951804892,1.45,2.2,4
"SSP3_7_0",0.0159088336082921,1.45,2.2,4
"SSP5_8_5",0.0163142487379709,1.45,2.2,4
"SSP1_1_9",0.015483053660592,1.45,2.35,4
"SSP1_2_6",0.0120641939032729,1.45,2.35,4
"SSP2_4_5",0.0266644420317667,1.45,2.35,4
"SSP3_7_0",0.0189700230667262,1.45,2.35,4
"SSP5_8_5",0.0202160478962121,1.45,2.35,4
"SSP1_1_9",0.0161762576046743,1.45,2.5,4
"SSP1_2_6",0.0146410834490818,1.45,2.5,4
"SSP2_4_5",0.028823214713268,1.45,2.5,4
"SSP3_7_0",0.0219261966031129,1.45,2.5,4
"SSP5_8_5",0.0242134964946427,1.45,2.5,4
"SSP1_1_9",0.0133410371953104,1.45,2.05,4
"SSP1_2_6",0.00643567970273859,1.45,2.05,4
"SSP2_4_5",0.021891260221477,1.45,2.05,4
"SSP3_7_0",0.0155109392737135,1.45,2.05,4
"SSP5_8_5",0.0156074240469219,1.45,2.05,4
"SSP1_1_9",0.0166216641378089,1.45,2.2,4
"SSP1_2_6",0.0087286926366369,1.45,2.2,4
"SSP2_4_5",0.0273119127689836,1.45,2.2,4
"SSP3_7_0",0.0186955115665275,1.45,2.2,4
"SSP5_8_5",0.0191134611148431,1.45,2.2,4
"SSP1_1_9",0.0180955945063248,1.45,2.35,4
"SSP1_2_6",0.0132719877383641,1.45,2.35,4
"SSP2_4_5",0.0307150386087889,1.45,2.35,4
"SSP3_7_0",0.0217136498289982,1.45,2.35,4
"SSP5_8_5",0.0229550603507058,1.45,2.35,4
"SSP1_1_9",0.0187848328787796,1.45,2.5,4
"SSP1_2_6",0.0158409160487577,1.45,2.5,4
"SSP2_4_5",0.0328531102656033,1.45,2.5,4
"SSP3_7_0",0.0246310223431429,1.45,2.5,4
"SSP5_8_5",0.0268939352389258,1.45,2.5,4
"SSP1_1_9",0.0218146908217005,1.45,2.2,4
"SSP1_2_6",0.0103556872173621,1.45,2.2,4
"SSP2_4_5",0.0323541518630412,1.45,2.2,4
"SSP3_7_0",0.0216978664334763,1.45,2.2,4
"SSP5_8_5",0.0223535957597034,1.45,2.2,4
"SSP1_1_9",0.0232724896911191,1.45,2.35,4
"SSP1_2_6",0.0148828027882589,1.45,2.35,4
"SSP2_4_5",0.035719669537451,1.45,2.35,4
"SSP3_7_0",0.0246757268922123,1.45,2.35,4
"SSP5_8_5",0.0261336526102946,1.45,2.35,4
"SSP1_1_9",0.0239542350223526,1.45,2.5,4
"SSP1_2_6",0.0174426007756146,1.45,2.5,4
"SSP2_4_5",0.0378343091502549,1.45,2.5,4
"SSP3_7_0",0.0275570933429242,1.45,2.5,4
"SSP5_8_5",0.0300128805497785,1.45,2.5,4
"SSP1_1_9",0.0264849072274339,1.45,2.35,4
"SSP1_2_6",0.0171348582880974,1.45,2.35,4
"SSP2_4_5",0.0409799823327634,1.45,2.35,4
"SSP3_7_0",0.0277354826322778,1.45,2.35,4
"SSP5_8_5",0.0294605515294232,1.45,2.35,4
"SSP1_1_9",0.0271620254479098,1.45,2.5,4
"SSP1_2_6",0.0196825393417831,1.45,2.5,4
"SSP2_4_5",0.0430708378389362,1.45,2.5,4
"SSP3_7_0",0.0305844269507927,1.45,2.5,4
"SSP5_8_5",0.0332818039381669,1.45,2.5,4
"SSP1_1_9",0.0286033279308766,1.45,2.5,4
"SSP1_2_6",0.0241233698524707,1.45,2.5,4
"SSP2_4_5",0.0463597454736676,1.45,2.5,4
"SSP3_7_0",0.0334664409771417,1.45,2.5,4
"SSP5_8_5",0.0368824741153637,1.45,2.5,4
"SSP1_1_9",0.0140626638569859,1.45,2.05,4
"SSP1_2_6",0.00697699736205193,1.45,2.05,4
"SSP2_4_5",0.0238596856191051,1.45,2.05,4
"SSP3_7_0",0.0169361133800128,1.45,2.05,4
"SSP5_8_5",0.0169596637433728,1.45,2.05,4
"SSP1_1_9",0.0173356786134082,1.45,2.2,4
"SSP1_2_6",0.00926421237666119,1.45,2.2,4
"SSP2_4_5",0.0292405498742805,1.45,2.2,4
"SSP3_7_0",0.0200800319155074,1.45,2.2,4
"SSP5_8_5",0.0204198775934932,1.45,2.2,4
"SSP1_1_9",0.018806201562028,1.45,2.35,4
"SSP1_2_6",0.0137961975106257,1.45,2.35,4
"SSP2_4_5",0.0326189680599345,1.45,2.35,4
"SSP3_7_0",0.0230614219657643,1.45,2.35,4
"SSP5_8_5",0.0242134925233555,1.45,2.35,4
"SSP1_1_9",0.0194938547675745,1.45,2.5,4
"SSP1_2_6",0.016358761496841,1.45,2.5,4
"SSP2_4_5",0.0347416293598299,1.45,2.5,4
"SSP3_7_0",0.0259447761637015,1.45,2.5,4
"SSP5_8_5",0.0281049200731216,1.45,2.5,4
"SSP1_1_9",0.0225167249023612,1.45,2.2,4
"SSP1_2_6",0.0108870140563119,1.45,2.2,4
"SSP2_4_5",0.0342454747248731,1.45,2.2,4
"SSP3_7_0",0.0230424029936482,1.45,2.2,4
"SSP5_8_5",0.0236169558743038,1.45,2.2,4
"SSP1_1_9",0.0239711785529129,1.45,2.35,4
"SSP1_2_6",0.015402891905481,1.45,2.35,4
"SSP2_4_5",0.0375867542283596,1.45,2.35,4
"SSP3_7_0",0.0259844066436872,1.45,2.35,4
"SSP5_8_5",0.0273504006406959,1.45,2.35,4
"SSP1_1_9",0.0246513675384302,1.45,2.5,4
"SSP1_2_6",0.0179563661530712,1.45,2.5,4
"SSP2_4_5",0.0396862746531026,1.45,2.5,4
"SSP3_7_0",0.0288325349939586,1.45,2.5,4
"SSP5_8_5",0.0311834858499395,1.45,2.5,4
"SSP1_1_9",0.0271762469302231,1.45,2.35,4
"SSP1_2_6",0.0176493317967031,1.45,2.35,4
"SSP2_4_5",0.0428092766946168,1.45,2.35,4
"SSP3_7_0",0.0290062757018163,1.45,2.35,4
"SSP5_8_5",0.0306354797281156,1.45,2.35,4
"SSP1_1_9",0.0278518265055752,1.45,2.5,4
"SSP1_2_6",0.0201907425116529,1.45,2.5,4
"SSP2_4_5",0.0448853051435321,1.45,2.5,4
"SSP3_7_0",0.031822671847232,1.45,2.5,4
"SSP5_8_5",0.0344118360865948,1.45,2.5,4
"SSP1_1_9",0.0292898469333861,1.45,2.5,4
"SSP1_2_6",0.0246207147298143,1.45,2.5,4
"SSP2_4_5",0.048150915732799,1.45,2.5,4
"SSP3_7_0",0.0346708752428502,1.45,2.5,4
"SSP5_8_5",0.0377639463580039,1.45,2.5,4
"SSP1_1_9",0.0250862223225168,1.45,2.2,4
"SSP1_2_6",0.0120956977444385,1.45,2.2,4
"SSP2_4_5",0.0382047486319924,1.45,2.2,4
"SSP3_7_0",0.0256922747735377,1.45,2.2,4
"SSP5_8_5",0.0262711818398021,1.45,2.2,4
"SSP1_1_9",0.0265323879851682,1.45,2.35,4
"SSP1_2_6",0.016597674839642,1.45,2.35,4
"SSP2_4_5",0.0415142881089473,1.45,2.35,4
"SSP3_7_0",0.028594137399436,1.45,2.35,4
"SSP5_8_5",0.02977478130288,1.45,2.35,4
"SSP1_1_9",0.027208726300096,1.45,2.5,4
"SSP1_2_6",0.0191433102095865,1.45,2.5,4
"SSP2_4_5",0.043594025928108,1.45,2.5,4
"SSP3_7_0",0.0314060013352004,1.45,2.5,4
"SSP5_8_5",0.0329196507709959,1.45,2.5,4
"SSP1_1_9",0.0297192313712532,1.45,2.35,4
"SSP1_2_6",0.018837100128796,1.45,2.35,4
"SSP2_4_5",0.0466871204254383,1.45,2.35,4
"SSP3_7_0",0.0315723256740542,1.45,2.35,4
"SSP5_8_5",0.0325435086855102,1.45,2.35,4
"SSP1_1_9",0.0303910000058439,1.45,2.5,4
"SSP1_2_6",0.0213707313715003,1.45,2.5,4
"SSP2_4_5",0.0487437107621066,1.45,2.5,4
"SSP3_7_0",0.0343531577792433,1.45,2.5,4
"SSP5_8_5",0.0356417045831708,1.45,2.5,4
"SSP1_1_9",0.0318208743003851,1.45,2.5,4
"SSP1_2_6",0.0257872239078704,1.45,2.5,4
"SSP2_4_5",0.0519786912337626,1.45,2.5,4
"SSP3_7_0",0.0371633033623753,1.45,2.5,4
"SSP5_8_5",0.0386658636951824,1.45,2.5,4
"SSP1_1_9",0.0347644185246251,1.45,2.35,4
"SSP1_2_6",0.0204244260651459,1.45,2.35,4
"SSP2_4_5",0.0514942635878573,1.45,2.35,4
"SSP3_7_0",0.034362836941191,1.45,2.35,4
"SSP5_8_5",0.0348599142030049,1.45,2.35,4
"SSP1_1_9",0.0354289813267409,1.45,2.5,4
"SSP1_2_6",0.0229491283783624,1.45,2.5,4
"SSP2_4_5",0.0535288148141312,1.45,2.5,4
"SSP3_7_0",0.0371105916717605,1.45,2.5,4
"SSP5_8_5",0.0379141989061209,1.45,2.5,4
"SSP1_1_9",0.0368434483544129,1.45,2.5,4
"SSP1_2_6",0.0273501460797681,1.45,2.5,4
"SSP2_4_5",0.0567290430577219,1.45,2.5,4
"SSP3_7_0",0.0398849859225443,1.45,2.5,4
"SSP5_8_5",0.0408945286071659,1.45,2.5,4
"SSP1_1_9",0.0399605752434387,1.45,2.5,4
"SSP1_2_6",0.0295383802957877,1.45,2.5,4
"SSP2_4_5",0.0617305242073535,1.45,2.5,4
"SSP3_7_0",0.0427214005058987,1.45,2.5,4
"SSP5_8_5",0.0434859886070488,1.45,2.5,4
"SSP1_1_9",0.0104134296649254,1.6,2.05,4
"SSP1_2_6",0.00390732375023988,1.6,2.05,4
"SSP2_4_5",0.012418765102217,1.6,2.05,4
"SSP3_7_0",0.00804425454690764,1.6,2.05,4
"SSP5_8_5",0.00788814024726117,1.6,2.05,4
"SSP1_1_9",0.0135038589922489,1.6,2.2,4
"SSP1_2_6",0.00607161725934289,1.6,2.2,4
"SSP2_4_5",0.0174955175549187,1.6,2.2,4
"SSP3_7_0",0.0109617617371209,1.6,2.2,4
"SSP5_8_5",0.0109152092244887,1.6,2.2,4
"SSP1_1_9",0.0148917051045396,1.6,2.35,4
"SSP1_2_6",0.0105474649310203,1.6,2.35,4
"SSP2_4_5",0.0207434544119459,1.6,2.35,4
"SSP3_7_0",0.0138486254756775,1.6,2.35,4
"SSP5_8_5",0.0142435263892318,1.6,2.35,4
"SSP1_1_9",0.0155401435242471,1.6,2.5,4
"SSP1_2_6",0.0130921486973339,1.6,2.5,4
"SSP2_4_5",0.0228139086705934,1.6,2.5,4
"SSP3_7_0",0.0166985812237959,1.6,2.5,4
"SSP5_8_5",0.0175344952418033,1.6,2.5,4
"SSP1_1_9",0.0183723117744723,1.6,2.2,4
"SSP1_2_6",0.0074790684371196,1.6,2.2,4
"SSP2_4_5",0.0217758293038229,1.6,2.2,4
"SSP3_7_0",0.0133716379531888,1.6,2.2,4
"SSP5_8_5",0.0134838077062362,1.6,2.2,4
"SSP1_1_9",0.0197450389618562,1.6,2.35,4
"SSP1_2_6",0.0119399399389312,1.6,2.35,4
"SSP2_4_5",0.024990112687075,1.6,2.35,4
"SSP3_7_0",0.016223158223572,1.6,2.35,4
"SSP5_8_5",0.0167617440920133,1.6,2.35,4
"SSP1_1_9",0.0203864575538862,1.6,2.5,4
"SSP1_2_6",0.0144761490647586,1.6,2.5,4
"SSP2_4_5",0.0270394253635091,1.6,2.5,4
"SSP3_7_0",0.0190408193906209,1.6,2.5,4
"SSP5_8_5",0.0200048356629851,1.6,2.5,4
"SSP1_1_9",0.0227714538007466,1.6,2.35,4
"SSP1_2_6",0.014065581313274,1.6,2.35,4
"SSP2_4_5",0.0299202939380443,1.6,2.35,4
"SSP3_7_0",0.0190298759289651,1.6,2.35,4
"SSP5_8_5",0.0196387890565647,1.6,2.35,4
"SSP1_1_9",0.0234085268378764,1.6,2.5,4
"SSP1_2_6",0.0165901089574659,1.6,2.5,4
"SSP2_4_5",0.0319471483054742,1.6,2.5,4
"SSP3_7_0",0.021817209320245,1.6,2.5,4
"SSP5_8_5",0.0228335847751789,1.6,2.5,4
"SSP1_1_9",0.024765757060168,1.6,2.5,4
"SSP1_2_6",0.0209666481420701,1.6,2.5,4
"SSP2_4_5",0.0350891885994541,1.6,2.5,4
"SSP3_7_0",0.0245789818910225,1.6,2.5,4
"SSP5_8_5",0.0259598014120958,1.6,2.5,4
"SSP1_1_9",0.0201018556568481,1.6,2.2,4
"SSP1_2_6",0.00813816443461697,1.6,2.2,4
"SSP2_4_5",0.0235482501436268,1.6,2.2,4
"SSP3_7_0",0.0145333118232901,1.6,2.2,4
"SSP5_8_5",0.0146286529300265,1.6,2.2,4
"SSP1_1_9",0.0214678391535569,1.6,2.35,4
"SSP1_2_6",0.0125877935387802,1.6,2.35,4
"SSP2_4_5",0.0267393421974542,1.6,2.35,4
"SSP3_7_0",0.0173537045679033,1.6,2.35,4
"SSP5_8_5",0.0178676019866216,1.6,2.35,4
"SSP1_1_9",0.02210612385278,1.6,2.5,4
"SSP1_2_6",0.0151176469276969,1.6,2.5,4
"SSP2_4_5",0.0287740312387462,1.6,2.5,4
"SSP3_7_0",0.0201419732282578,1.6,2.5,4
"SSP5_8_5",0.0210732280853405,1.6,2.5,4
"SSP1_1_9",0.0244794278369587,1.6,2.35,4
"SSP1_2_6",0.0147079728436852,1.6,2.35,4
"SSP2_4_5",0.0316338601858565,1.6,2.35,4
"SSP3_7_0",0.0201286281704462,1.6,2.35,4
"SSP5_8_5",0.0207096463305993,1.6,2.35,4
"SSP1_1_9",0.0251134010400228,1.6,2.5,4
"SSP1_2_6",0.0172261957120849,1.6,2.5,4
"SSP2_4_5",0.0336463686940176,1.6,2.5,4
"SSP3_7_0",0.0228871563141675,1.6,2.5,4
"SSP5_8_5",0.0238679738902345,1.6,2.5,4
"SSP1_1_9",0.0264640091647359,1.6,2.5,4
"SSP1_2_6",0.0215918585576568,1.6,2.5,4
"SSP2_4_5",0.0367661115249438,1.6,2.5,4
"SSP3_7_0",0.0256195445327345,1.6,2.5,4
"SSP5_8_5",0.0269583300163483,1.6,2.5,4
"SSP1_1_9",0.0292239101606311,1.6,2.35,4
"SSP1_2_6",0.0160840868713611,1.6,2.35,4
"SSP2_4_5",0.0357501407623227,1.6,2.35,4
"SSP3_7_0",0.0224013510823187,1.6,2.35,4
"SSP5_8_5",0.0231074108812266,1.6,2.35,4
"SSP1_1_9",0.0298511010662702,1.6,2.5,4
"SSP1_2_6",0.0185939793332541,1.6,2.5,4
"SSP2_4_5",0.037742460597996,1.6,2.5,4
"SSP3_7_0",0.0251294349764484,1.6,2.5,4
"SSP5_8_5",0.0262211027174621,1.6,2.5,4
"SSP1_1_9",0.0311872012757923,1.6,2.5,4
"SSP1_2_6",0.0229452507860285,1.6,2.5,4
"SSP2_4_5",0.0408306409420364,1.6,2.5,4
"SSP3_7_0",0.027829634492435,1.6,2.5,4
"SSP5_8_5",0.0292668206986592,1.6,2.5,4
"SSP1_1_9",0.0341330501812249,1.6,2.5,4
"SSP1_2_6",0.025016635512788,1.6,2.5,4
"SSP2_4_5",0.0455654269116969,1.6,2.5,4
"SSP3_7_0",0.0304739195545586,1.6,2.5,4
"SSP5_8_5",0.0315885944042319,1.6,2.5,4
"SSP1_1_9",0.0137071185449755,1.75,2.2,4
"SSP1_2_6",0.00472020265424896,1.75,2.2,4
"SSP2_4_5",0.0124915381018404,1.75,2.2,4
"SSP3_7_0",0.00705904842982872,1.75,2.2,4
"SSP5_8_5",0.00723031574723517,1.75,2.2,4
"SSP1_1_9",0.0146118162433313,1.75,2.35,4
"SSP1_2_6",0.0090241557847096,1.75,2.35,4
"SSP2_4_5",0.0153664047491085,1.75,2.35,4
"SSP3_7_0",0.00969160162994926,1.75,2.35,4
"SSP5_8_5",0.0101144886584892,1.75,2.35,4
"SSP1_1_9",0.0150385670213883,1.75,2.5,4
"SSP1_2_6",0.0114895428126346,1.75,2.5,4
"SSP2_4_5",0.0172652138031598,1.75,2.5,4
"SSP3_7_0",0.012401078865613,1.75,2.5,4
"SSP5_8_5",0.0129524666741917,1.75,2.5,4
"SSP1_1_9",0.0165901580105539,1.75,2.35,4
"SSP1_2_6",0.0108287284345233,1.75,2.35,4
"SSP2_4_5",0.0194920661614426,1.75,2.35,4
"SSP3_7_0",0.0120246342026602,1.75,2.35,4
"SSP5_8_5",0.0124544212936954,1.75,2.35,4
"SSP1_1_9",0.0170140555609372,1.75,2.5,4
"SSP1_2_6",0.0132834869870486,1.75,2.5,4
"SSP2_4_5",0.0213712459475569,1.75,2.5,4
"SSP3_7_0",0.0147069964211989,1.75,2.5,4
"SSP5_8_5",0.0152522034762318,1.75,2.5,4
"SSP1_1_9",0.0179086043938005,1.75,2.5,4
"SSP1_2_6",0.0175074119809056,1.75,2.5,4
"SSP2_4_5",0.0241829168734889,1.75,2.5,4
"SSP3_7_0",0.0172589318548712,1.75,2.5,4
"SSP5_8_5",0.0180068703632188,1.75,2.5,4
"SSP1_1_9",0.0194637762186375,1.75,2.35,4
"SSP1_2_6",0.0116160699362549,1.75,2.35,4
"SSP2_4_5",0.0210805784386111,1.75,2.35,4
"SSP3_7_0",0.0131301641708754,1.75,2.35,4
"SSP5_8_5",0.0136586525859723,1.75,2.35,4
"SSP1_1_9",0.0198833567013126,1.75,2.5,4
"SSP1_2_6",0.0140641695797249,1.75,2.5,4
"SSP2_4_5",0.0224946222230393,1.75,2.5,4
"SSP3_7_0",0.0157877712953265,1.75,2.5,4
"SSP5_8_5",0.0164239529923337,1.75,2.5,4
"SSP1_1_9",0.0202216098949559,1.75,2.5,4
"SSP1_2_6",0.0182766620166942,1.75,2.5,4
"SSP2_4_5",0.0241504648932812,1.75,2.5,4
"SSP3_7_0",0.0183150931817366,1.75,2.5,4
"SSP5_8_5",0.0191463684825815,1.75,2.5,4
"SSP1_1_9",0.0201536571546105,1.75,2.5,4
"SSP1_2_6",0.0200387445197218,1.75,2.5,4
"SSP2_4_5",0.0256785823340052,1.75,2.5,4
"SSP3_7_0",0.0205404471090713,1.75,2.5,4
"SSP5_8_5",0.0213420135429584,1.75,2.5,4
"SSP1_1_9",0.00225911225597076,1.9,2.35,4
"SSP1_2_6",0.00778117562472823,1.9,2.35,4
"SSP2_4_5",0.00843347066695021,1.9,2.35,4
"SSP3_7_0",0.00654066449618991,1.9,2.35,4
"SSP5_8_5",0.00655324589074248,1.9,2.35,4
"SSP1_1_9",0.00225752195702326,1.9,2.5,4
"SSP1_2_6",0.0100608018512809,1.9,2.5,4
"SSP2_4_5",0.00986756086209053,1.9,2.5,4
"SSP3_7_0",0.0090129503316796,1.9,2.5,4
"SSP5_8_5",0.00898407505789226,1.9,2.5,4
"SSP1_1_9",0.00225409825591506,1.9,2.5,4
"SSP1_2_6",0.0139112863425911,1.9,2.5,4
"SSP2_4_5",0.0115584051225984,1.9,2.5,4
"SSP3_7_0",0.011094861828503,1.9,2.5,4
"SSP5_8_5",0.011100358928296,1.9,2.5,4
"SSP1_1_9",0.00224654566998101,1.9,2.5,4
"SSP1_2_6",0.0149635429887956,1.9,2.5,4
"SSP2_4_5",0.0110702001044939,1.9,2.5,4
"SSP3_7_0",0.0121485948720099,1.9,2.5,4
"SSP5_8_5",0.012030556675986,1.9,2.5,4
"SSP1_1_9",0,2.05,2.5,4
"SSP1_2_6",0.00971137111136852,2.05,2.5,4
"SSP2_4_5",0.00277748449372606,2.05,2.5,4
"SSP3_7_0",0.00594512514781097,2.05,2.5,4
"SSP5_8_5",0.00592129435594988,2.05,2.5,4
"SSP1_1_9",0.00219329548882528,1,1.6,5
"SSP1_2_6",0.00982665182759236,1,1.6,5
"SSP2_4_5",0.0154831569285621,1,1.6,5
"SSP3_7_0",0.0150138339698517,1,1.6,5
"SSP5_8_5",0.014270626337731,1,1.6,5
"SSP1_1_9",0.00337781544257748,1,1.75,5
"SSP1_2_6",0.0108545663224809,1,1.75,5
"SSP2_4_5",0.0195739518159256,1,1.75,5
"SSP3_7_0",0.0190658959022471,1,1.75,5
"SSP5_8_5",0.0182889056233885,1,1.75,5
"SSP1_1_9",0.0058058464147811,1,1.9,5
"SSP1_2_6",0.0121200470841394,1,1.9,5
"SSP2_4_5",0.0239406965869441,1,1.9,5
"SSP3_7_0",0.0233493301508458,1,1.9,5
"SSP5_8_5",0.0228031508147366,1,1.9,5
"SSP1_1_9",0.0102874840857373,1,2.05,5
"SSP1_2_6",0.0136387446024729,1,2.05,5
"SSP2_4_5",0.0286905550013735,1,2.05,5
"SSP3_7_0",0.0275917287616291,1,2.05,5
"SSP5_8_5",0.0278619501355954,1,2.05,5
"SSP1_1_9",0.013049910422869,1,2.2,5
"SSP1_2_6",0.0156254315306552,1,2.2,5
"SSP2_4_5",0.0334450551205949,1,2.2,5
"SSP3_7_0",0.0316598009593693,1,2.2,5
"SSP5_8_5",0.0333314715256512,1,2.2,5
"SSP1_1_9",0.0142855366873247,1,2.35,5
"SSP1_2_6",0.0194386532320134,1,2.35,5
"SSP2_4_5",0.0363884082876756,1,2.35,5
"SSP3_7_0",0.0352307651149135,1,2.35,5
"SSP5_8_5",0.0392223564192607,1,2.35,5
"SSP1_1_9",0.0148611291493469,1,2.5,5
"SSP1_2_6",0.021591029501468,1,2.5,5
"SSP2_4_5",0.0382148794823841,1,2.5,5
"SSP3_7_0",0.0383535629823573,1,2.5,5
"SSP5_8_5",0.0450571370063836,1,2.5,5
"SSP1_1_9",0.00376032781002129,1,1.75,5
"SSP1_2_6",0.011205026899328,1,1.75,5
"SSP2_4_5",0.0225928887565813,1,1.75,5
"SSP3_7_0",0.0219942985829561,1,1.75,5
"SSP5_8_5",0.0211638522033528,1,1.75,5
"SSP1_1_9",0.00618555132476106,1,1.9,5
"SSP1_2_6",0.0124678566309594,1,1.9,5
"SSP2_4_5",0.0269286203635311,1,1.9,5
"SSP3_7_0",0.0262174310154485,1,1.9,5
"SSP5_8_5",0.025615574285527,1,1.9,5
"SSP1_1_9",0.0106620518439144,1,2.05,5
"SSP1_2_6",0.0139834761022976,1,2.05,5
"SSP2_4_5",0.0316452778053622,1,2.05,5
"SSP3_7_0",0.0304035257258575,1,2.05,5
"SSP5_8_5",0.0306091214795111,1,2.05,5
"SSP1_1_9",0.0134213194143676,1,2.2,5
"SSP1_2_6",0.0159661690997345,1,2.2,5
"SSP2_4_5",0.0363668245922501,1,2.2,5
"SSP3_7_0",0.0344205561833533,1,2.2,5
"SSP5_8_5",0.0360121380459995,1,2.2,5
"SSP1_1_9",0.014655534556856,1,2.35,5
"SSP1_2_6",0.0197717789633325,1,2.35,5
"SSP2_4_5",0.039289863792677,1,2.35,5
"SSP3_7_0",0.0379483721761572,1,2.35,5
"SSP5_8_5",0.0418345999238466,1,2.35,5
"SSP1_1_9",0.0152304720088518,1,2.5,5
"SSP1_2_6",0.0219198752622434,1,2.5,5
"SSP2_4_5",0.0411037522103104,1,2.5,5
"SSP3_7_0",0.0410346364978785,1,2.5,5
"SSP5_8_5",0.0476036893466106,1,2.5,5
"SSP1_1_9",0.00735959226824161,1,1.9,5
"SSP1_2_6",0.0134864365415343,1,1.9,5
"SSP2_4_5",0.0309151466404369,1,1.9,5
"SSP3_7_0",0.0300701633196443,1,1.9,5
"SSP5_8_5",0.0294325798506551,1,1.9,5
"SSP1_1_9",0.0118250685881076,1,2.05,5
"SSP1_2_6",0.0149979374850297,1,2.05,5
"SSP2_4_5",0.0355912995090376,1,2.05,5
"SSP3_7_0",0.0341929779796973,1,2.05,5
"SSP5_8_5",0.0343522433730254,1,2.05,5
"SSP1_1_9",0.0145775426419794,1,2.2,5
"SSP1_2_6",0.0169753150625177,1,2.2,5
"SSP2_4_5",0.0402726358620411,1,2.2,5
"SSP3_7_0",0.0381530865785144,1,2.2,5
"SSP5_8_5",0.0396805544151296,1,2.2,5
"SSP1_1_9",0.0158087190600621,1,2.35,5
"SSP1_2_6",0.0207708083843225,1,2.35,5
"SSP2_4_5",0.0431708778409587,1,2.35,5
"SSP3_7_0",0.0416330294048299,1,2.35,5
"SSP5_8_5",0.0454266166779434,1,2.35,5
"SSP1_1_9",0.0163822470667962,1,2.5,5
"SSP1_2_6",0.0229132002097417,1,2.5,5
"SSP2_4_5",0.0449694016553022,1,2.5,5
"SSP3_7_0",0.0446789512272652,1,2.5,5
"SSP5_8_5",0.0511226069061441,1,2.5,5
"SSP1_1_9",0.0142105323460485,1,2.05,5
"SSP1_2_6",0.0162488005076092,1,2.05,5
"SSP2_4_5",0.0398080170464676,1,2.05,5
"SSP3_7_0",0.0382200350576383,1,2.05,5
"SSP5_8_5",0.0385844729479398,1,2.05,5
"SSP1_1_9",0.0169495658405632,1,2.2,5
"SSP1_2_6",0.0182205520289491,1,2.2,5
"SSP2_4_5",0.0444477007787472,1,2.2,5
"SSP3_7_0",0.0421251659636295,1,2.2,5
"SSP5_8_5",0.0438372659817096,1,2.2,5
"SSP1_1_9",0.0181747294225801,1,2.35,5
"SSP1_2_6",0.0220053418038107,1,2.35,5
"SSP2_4_5",0.047320251966997,1,2.35,5
"SSP3_7_0",0.0455589924736463,1,2.35,5
"SSP5_8_5",0.0495063834149161,1,2.35,5
"SSP1_1_9",0.0187454687157625,1,2.5,5
"SSP1_2_6",0.0241416930118302,1,2.5,5
"SSP2_4_5",0.0491028555664448,1,2.5,5
"SSP3_7_0",0.0485661482217761,1,2.5,5
"SSP5_8_5",0.0551289068111233,1,2.5,5
"SSP1_1_9",0.0213287895373064,1,2.2,5
"SSP1_2_6",0.0197166578314192,1,2.2,5
"SSP2_4_5",0.0489924389392873,1,2.2,5
"SSP3_7_0",0.0460797138833804,1,2.2,5
"SSP5_8_5",0.0485282779994599,1,2.2,5
"SSP1_1_9",0.0225429575443939,1,2.35,5
"SSP1_2_6",0.0234896410772419,1,2.35,5
"SSP2_4_5",0.0518374950358775,1,2.35,5
"SSP3_7_0",0.049471347538238,1,2.35,5
"SSP5_8_5",0.0541193833372412,1,2.35,5
"SSP1_1_9",0.0231085971316314,1,2.5,5
"SSP1_2_6",0.0256193256561743,1,2.5,5
"SSP2_4_5",0.053603059073774,1,2.5,5
"SSP3_7_0",0.0524431160698746,1,2.5,5
"SSP5_8_5",0.0596675794197106,1,2.5,5
"SSP1_1_9",0.0252354847583676,1,2.35,5
"SSP1_2_6",0.0254319991180326,1,2.35,5
"SSP2_4_5",0.0563610360869354,1,2.35,5
"SSP3_7_0",0.053243806598148,1,2.35,5
"SSP5_8_5",0.059141178989151,1,2.35,5
"SSP1_1_9",0.0257979805825795,1,2.5,5
"SSP1_2_6",0.027553101995052,1,2.5,5
"SSP2_4_5",0.0581096770574483,1,2.5,5
"SSP3_7_0",0.056184273559539,1,2.5,5
"SSP5_8_5",0.064615657246397,1,2.5,5
"SSP1_1_9",0.0270009315974518,1,2.5,5
"SSP1_2_6",0.0312656603769338,1,2.5,5
"SSP2_4_5",0.0609001410587274,1,2.5,5
"SSP3_7_0",0.0594812915865515,1,2.5,5
"SSP5_8_5",0.0695028745950305,1,2.5,5
"SSP1_1_9",0.00426804031738524,1,1.75,5
"SSP1_2_6",0.0116827909049469,1,1.75,5
"SSP2_4_5",0.0252510189742514,1,1.75,5
"SSP3_7_0",0.0245677773274057,1,1.75,5
"SSP5_8_5",0.0236319185225776,1,1.75,5
"SSP1_1_9",0.00668888881282903,1,1.9,5
"SSP1_2_6",0.0129403398864802,1,1.9,5
"SSP2_4_5",0.0295542192590536,1,1.9,5
"SSP3_7_0",0.0287317775346215,1,1.9,5
"SSP5_8_5",0.0280228145244158,1,1.9,5
"SSP1_1_9",0.0111573816665628,1,2.05,5
"SSP1_2_6",0.0144497679673382,1,2.05,5
"SSP2_4_5",0.0342360092943624,1,2.05,5
"SSP3_7_0",0.0328623403946882,1,2.05,5
"SSP5_8_5",0.0329523722869666,1,2.05,5
"SSP1_1_9",0.0139117290648753,1,2.2,5
"SSP1_2_6",0.0164244151861639,1,2.2,5
"SSP2_4_5",0.0389229539092269,1,2.2,5
"SSP3_7_0",0.0368287278583699,1,2.2,5
"SSP5_8_5",0.0382897282201846,1,2.2,5
"SSP1_1_9",0.0151437471491294,1,2.35,5
"SSP1_2_6",0.0202146846484639,1,2.35,5
"SSP2_4_5",0.0418246751112636,1,2.35,5
"SSP3_7_0",0.0403135637824223,1,2.35,5
"SSP5_8_5",0.0440442884334189,1,2.35,5
"SSP1_1_9",0.0157176645065459,1,2.5,5
"SSP1_2_6",0.0223541617955915,1,2.5,5
"SSP2_4_5",0.0436253655476335,1,2.5,5
"SSP3_7_0",0.0433633067630598,1,2.5,5
"SSP5_8_5",0.0497479882169523,1,2.5,5
"SSP1_1_9",0.00786077575975241,1,1.9,5
"SSP1_2_6",0.0139544946931566,1,1.9,5
"SSP2_4_5",0.0335104141354489,1,1.9,5
"SSP3_7_0",0.0325281487020905,1,1.9,5
"SSP5_8_5",0.0317849523426344,1,1.9,5
"SSP1_1_9",0.0123182784549061,1,2.05,5
"SSP1_2_6",0.0154598361767146,1,2.05,5
"SSP2_4_5",0.0381521901983975,1,2.05,5
"SSP3_7_0",0.0365968666097321,1,2.05,5
"SSP5_8_5",0.03664226680329,1,2.05,5
"SSP1_1_9",0.0150658532309509,1,2.2,5
"SSP1_2_6",0.0174292090214033,1,2.2,5
"SSP2_4_5",0.0427994082825891,1,2.2,5
"SSP3_7_0",0.0405075920390077,1,2.2,5
"SSP5_8_5",0.0419065319989345,1,2.2,5
"SSP1_1_9",0.0162948419164235,1,2.35,5
"SSP1_2_6",0.0212094396786741,1,2.35,5
"SSP2_4_5",0.0456766293317688,1,2.35,5
"SSP3_7_0",0.0439455955467772,1,2.35,5
"SSP5_8_5",0.0475863066147653,1,2.35,5
"SSP1_1_9",0.0168673541464014,1,2.5,5
"SSP1_2_6",0.0233432560029809,1,2.5,5
"SSP2_4_5",0.0474621387547297,1,2.5,5
"SSP3_7_0",0.0469558594128119,1,2.5,5
"SSP5_8_5",0.0532184245784387,1,2.5,5
"SSP1_1_9",0.0146994894527003,1,2.05,5
"SSP1_2_6",0.0167055110917119,1,2.05,5
"SSP2_4_5",0.0423378149482859,1,2.05,5
"SSP3_7_0",0.0405692442104099,1,2.05,5
"SSP5_8_5",0.0408185536537346,1,2.05,5
"SSP1_1_9",0.0174336646849521,1,2.2,5
"SSP1_2_6",0.0186693008957303,1,2.2,5
"SSP2_4_5",0.0469438762358952,1,2.2,5
"SSP3_7_0",0.0444261829013261,1,2.2,5
"SSP5_8_5",0.046008896948715,1,2.2,5
"SSP1_1_9",0.0186566588430246,1,2.35,5
"SSP1_2_6",0.0224389094595635,1,2.35,5
"SSP2_4_5",0.0497957109320852,1,2.35,5
"SSP3_7_0",0.047819052555214,1,2.35,5
"SSP5_8_5",0.0516133188125907,1,2.35,5
"SSP1_1_9",0.0192263908361768,1,2.5,5
"SSP1_2_6",0.0245667309459095,1,2.5,5
"SSP2_4_5",0.051565488305758,1,2.5,5
"SSP3_7_0",0.0507913642380489,1,2.5,5
"SSP5_8_5",0.057173465108519,1,2.5,5
"SSP1_1_9",0.0218051776685669,1,2.2,5
"SSP1_2_6",0.0201593646073538,1,2.2,5
"SSP2_4_5",0.0514557999362203,1,2.2,5
"SSP3_7_0",0.0483302896988646,1,2.2,5
"SSP5_8_5",0.0506423967808893,1,2.2,5
"SSP1_1_9",0.0230172095543071,1,2.35,5
"SSP1_2_6",0.0239172558755857,1,2.35,5
"SSP2_4_5",0.0542804627329112,1,2.35,5
"SSP3_7_0",0.051681848826872,1,2.35,5
"SSP5_8_5",0.0561703877056077,1,2.35,5
"SSP1_1_9",0.0235818572605323,1,2.5,5
"SSP1_2_6",0.0260384609137351,1,2.5,5
"SSP2_4_5",0.0560334003175919,1,2.5,5
"SSP3_7_0",0.0546195032641294,1,2.5,5
"SSP5_8_5",0.0616576899250969,1,2.5,5
"SSP1_1_9",0.0257050193622714,1,2.35,5
"SSP1_2_6",0.0258518742487898,1,2.35,5
"SSP2_4_5",0.0587717459205192,1,2.35,5
"SSP3_7_0",0.0554088891531384,1,2.35,5
"SSP5_8_5",0.0609700066920214,1,2.35,5
"SSP1_1_9",0.0262665327731638,1,2.5,5
"SSP1_2_6",0.0279645619634217,1,2.5,5
"SSP2_4_5",0.06050795759164,1,2.5,5
"SSP3_7_0",0.058315876704606,1,2.5,5
"SSP5_8_5",0.0655905544291352,1,2.5,5
"SSP1_1_9",0.0274673814693806,1,2.5,5
"SSP1_2_6",0.0316624814888084,1,2.5,5
"SSP2_4_5",0.0632786642023653,1,2.5,5
"SSP3_7_0",0.0609632979121101,1,2.5,5
"SSP5_8_5",0.0698955811129309,1,2.5,5
"SSP1_1_9",0.00823764673353583,1,1.9,5
"SSP1_2_6",0.0142968906475641,1,1.9,5
"SSP2_4_5",0.0364225776708981,1,1.9,5
"SSP3_7_0",0.03524615509256,1,1.9,5
"SSP5_8_5",0.0344512527401189,1,1.9,5
"SSP1_1_9",0.01269006043273,1,2.05,5
"SSP1_2_6",0.0157992058171229,1,2.05,5
"SSP2_4_5",0.0410323644822285,1,2.05,5
"SSP3_7_0",0.0392624827816883,1,2.05,5
"SSP5_8_5",0.0392477785369227,1,2.05,5
"SSP1_1_9",0.0154345059783981,1,2.2,5
"SSP1_2_6",0.0177646514012488,1,2.2,5
"SSP2_4_5",0.0456478244763603,1,2.2,5
"SSP3_7_0",0.0431256075178966,1,2.2,5
"SSP5_8_5",0.0444499389936409,1,2.2,5
"SSP1_1_9",0.0166620967190404,1,2.35,5
"SSP1_2_6",0.0215373965367086,1,2.35,5
"SSP2_4_5",0.0485054653819827,1,2.35,5
"SSP3_7_0",0.0465233085441448,1,2.35,5
"SSP5_8_5",0.0500656934523881,1,2.35,5
"SSP1_1_9",0.0172339600411202,1,2.5,5
"SSP1_2_6",0.0236670036931949,1,2.5,5
"SSP2_4_5",0.0502788455643455,1,2.5,5
"SSP3_7_0",0.0494994019709348,1,2.5,5
"SSP5_8_5",0.0556362620948121,1,2.5,5
"SSP1_1_9",0.0150685545501245,1,2.05,5
"SSP1_2_6",0.0170423059373317,1,2.05,5
"SSP2_4_5",0.0451889823945018,1,2.05,5
"SSP3_7_0",0.0431815702894825,1,2.05,5
"SSP5_8_5",0.0433690478095449,1,2.05,5
"SSP1_1_9",0.0177996259520249,1,2.2,5
"SSP1_2_6",0.019002188944108,1,2.2,5
"SSP2_4_5",0.0497637247137162,1,2.2,5
"SSP3_7_0",0.0469920235522628,1,2.2,5
"SSP5_8_5",0.0484987885671803,1,2.2,5
"SSP1_1_9",0.0190212335056412,1,2.35,5
"SSP1_2_6",0.0227643507338316,1,2.35,5
"SSP2_4_5",0.0525962490070756,1,2.35,5
"SSP3_7_0",0.0503455097768525,1,2.35,5
"SSP5_8_5",0.0540406865670699,1,2.35,5
"SSP1_1_9",0.0195903218410068,1,2.5,5
"SSP1_2_6",0.0248879848376274,1,2.5,5
"SSP2_4_5",0.0543540639153602,1,2.5,5
"SSP3_7_0",0.0532844115810969,1,2.5,5
"SSP5_8_5",0.0595406877618092,1,2.5,5
"SSP1_1_9",0.0221662127133854,1,2.2,5
"SSP1_2_6",0.0204892820892827,1,2.2,5
"SSP2_4_5",0.0542450423561437,1,2.2,5
"SSP3_7_0",0.0508471648011467,1,2.2,5
"SSP5_8_5",0.0530760525013593,1,2.2,5
"SSP1_1_9",0.023376878621962,1,2.35,5
"SSP1_2_6",0.0242397689250232,1,2.35,5
"SSP2_4_5",0.0570506810486644,1,2.35,5
"SSP3_7_0",0.054160165052641,1,2.35,5
"SSP5_8_5",0.0585430034024585,1,2.35,5
"SSP1_1_9",0.0239408922201143,1,2.5,5
"SSP1_2_6",0.0263568103992279,1,2.5,5
"SSP2_4_5",0.0587918331932934,1,2.5,5
"SSP3_7_0",0.0570650911206058,1,2.5,5
"SSP5_8_5",0.0637633491249475,1,2.5,5
"SSP1_1_9",0.0260616718441348,1,2.35,5
"SSP1_2_6",0.0261705858349553,1,2.35,5
"SSP2_4_5",0.0615118539092719,1,2.35,5
"SSP3_7_0",0.0578433116144858,1,2.35,5
"SSP5_8_5",0.0629431264196245,1,2.35,5
"SSP1_1_9",0.0266225570127605,1,2.5,5
"SSP1_2_6",0.0282791405315808,1,2.5,5
"SSP2_4_5",0.0632364548995121,1,2.5,5
"SSP3_7_0",0.060636314996414,1,2.5,5
"SSP5_8_5",0.067514716906739,1,2.5,5
"SSP1_1_9",0.0278220606775726,1,2.5,5
"SSP1_2_6",0.0319698705655746,1,2.5,5
"SSP2_4_5",0.0659887010559556,1,2.5,5
"SSP3_7_0",0.0630704900324419,1,2.5,5
"SSP5_8_5",0.071772982880532,1,2.5,5
"SSP1_1_9",0.0162192883275434,1,2.05,5
"SSP1_2_6",0.0180432976319845,1,2.05,5
"SSP2_4_5",0.0490075658267767,1,2.05,5
"SSP3_7_0",0.046739742389615,1,2.05,5
"SSP5_8_5",0.0468816816583076,1,2.05,5
"SSP1_1_9",0.0189436752876929,1,2.2,5
"SSP1_2_6",0.0199979739420333,1,2.2,5
"SSP2_4_5",0.0535440402619435,1,2.2,5
"SSP3_7_0",0.0504981774279353,1,2.2,5
"SSP5_8_5",0.0519431270138773,1,2.2,5
"SSP1_1_9",0.02016229283193,1,2.35,5
"SSP1_2_6",0.0237502250594929,1,2.35,5
"SSP2_4_5",0.0563529605014543,1,2.35,5
"SSP3_7_0",0.0538078321401191,1,2.35,5
"SSP5_8_5",0.0574150133844643,1,2.35,5
"SSP1_1_9",0.0207299942718963,1,2.5,5
"SSP1_2_6",0.0258682704206977,1,2.5,5
"SSP2_4_5",0.0580961484802232,1,2.5,5
"SSP3_7_0",0.0567097367662261,1,2.5,5
"SSP5_8_5",0.0628479115906731,1,2.5,5
"SSP1_1_9",0.0232996530272877,1,2.2,5
"SSP1_2_6",0.0214810801335751,1,2.2,5
"SSP2_4_5",0.0579879342751463,1,2.2,5
"SSP3_7_0",0.0542979444488541,1,2.2,5
"SSP5_8_5",0.0564563037108652,1,2.2,5
"SSP1_1_9",0.0245073693585431,1,2.35,5
"SSP1_2_6",0.0252217061029074,1,2.35,5
"SSP2_4_5",0.0607703084731118,1,2.35,5
"SSP3_7_0",0.0575679926482159,1,2.35,5
"SSP5_8_5",0.0618300470787052,1,2.35,5
"SSP1_1_9",0.0250700147753601,1,2.5,5
"SSP1_2_6",0.0273331868867815,1,2.5,5
"SSP2_4_5",0.0624970436883049,1,2.5,5
"SSP3_7_0",0.0604366470196371,1,2.5,5
"SSP5_8_5",0.0664045533045392,1,2.5,5
"SSP1_1_9",0.0271856491467111,1,2.35,5
"SSP1_2_6",0.0271474400687861,1,2.35,5
"SSP2_4_5",0.0651946468244575,1,2.35,5
"SSP3_7_0",0.0610553295806927,1,2.35,5
"SSP5_8_5",0.0655892051767583,1,2.35,5
"SSP1_1_9",0.027745177641632,1,2.5,5
"SSP1_2_6",0.0292504699885918,1,2.5,5
"SSP2_4_5",0.0669050382413527,1,2.5,5
"SSP3_7_0",0.0633493656499745,1,2.5,5
"SSP5_8_5",0.0701068600403345,1,2.5,5
"SSP1_1_9",0.0289417728400766,1,2.5,5
"SSP1_2_6",0.0329315915947766,1,2.5,5
"SSP2_4_5",0.0696346886699565,1,2.5,5
"SSP3_7_0",0.0657516144169437,1,2.5,5
"SSP5_8_5",0.074313201615161,1,2.5,5
"SSP1_1_9",0.0256264990055303,1,2.2,5
"SSP1_2_6",0.0227070314192916,1,2.2,5
"SSP2_4_5",0.061993847909561,1,2.2,5
"SSP3_7_0",0.0579928253580285,1,2.2,5
"SSP5_8_5",0.0603148492596388,1,2.2,5
"SSP1_1_9",0.0268283767816929,1,2.35,5
"SSP1_2_6",0.0264372177146134,1,2.35,5
"SSP2_4_5",0.0647521002448785,1,2.35,5
"SSP3_7_0",0.0612213901311744,1,2.35,5
"SSP5_8_5",0.0648516917615285,1,2.35,5
"SSP1_1_9",0.0273883141533789,1,2.5,5
"SSP1_2_6",0.0285428063723297,1,2.5,5
"SSP2_4_5",0.0664638854001269,1,2.5,5
"SSP3_7_0",0.0635557365051148,1,2.5,5
"SSP5_8_5",0.0693711653568185,1,2.5,5
"SSP1_1_9",0.0294937634133795,1,2.35,5
"SSP1_2_6",0.0283575639476897,1,2.35,5
"SSP2_4_5",0.069138240955698,1,2.35,5
"SSP3_7_0",0.0639204664705844,1,2.35,5
"SSP5_8_5",0.0685601629463804,1,2.35,5
"SSP1_1_9",0.0300506063447779,1,2.5,5
"SSP1_2_6",0.0304547382232797,1,2.5,5
"SSP2_4_5",0.0708338945334119,1,2.5,5
"SSP3_7_0",0.0661869239683231,1,2.5,5
"SSP5_8_5",0.0730239374345174,1,2.5,5
"SSP1_1_9",0.0312414433079313,1,2.5,5
"SSP1_2_6",0.0341256764937196,1,2.5,5
"SSP2_4_5",0.0735401075502724,1,2.5,5
"SSP3_7_0",0.068558562072399,1,2.5,5
"SSP5_8_5",0.0771781385312888,1,2.5,5
"SSP1_1_9",0.0337560924993142,1,2.35,5
"SSP1_2_6",0.0298142945917613,1,2.35,5
"SSP2_4_5",0.0734350557078565,1,2.35,5
"SSP3_7_0",0.0666260439452742,1,2.35,5
"SSP5_8_5",0.0718403725257396,1,2.35,5
"SSP1_1_9",0.0343080233472643,1,2.5,5
"SSP1_2_6",0.0319050026269812,1,2.5,5
"SSP2_4_5",0.0751149248442825,1,2.5,5
"SSP3_7_0",0.0688678744301204,1,2.5,5
"SSP5_8_5",0.0762502731342495,1,2.5,5
"SSP1_1_9",0.0354883278353734,1,2.5,5
"SSP1_2_6",0.0355646959778471,1,2.5,5
"SSP2_4_5",0.0777960347102949,1,2.5,5
"SSP3_7_0",0.0712120981267138,1,2.5,5
"SSP5_8_5",0.080352091464954,1,2.5,5
"SSP1_1_9",0.0381060724317475,1,2.5,5
"SSP1_2_6",0.037448629588668,1,2.5,5
"SSP2_4_5",0.0820599984519558,1,2.5,5
"SSP3_7_0",0.0737580642413121,1,2.5,5
"SSP5_8_5",0.0838523514687485,1,2.5,5
"SSP1_1_9",0.00451761444747229,1,1.75,5
"SSP1_2_6",0.011836684924685,1,1.75,5
"SSP2_4_5",0.0264192266360946,1,1.75,5
"SSP3_7_0",0.0255341616448351,1,1.75,5
"SSP5_8_5",0.0245463034460751,1,1.75,5
"SSP1_1_9",0.00693325455848906,1,1.9,5
"SSP1_2_6",0.0130836256536346,1,1.9,5
"SSP2_4_5",0.0306924108418801,1,1.9,5
"SSP3_7_0",0.0296524879809818,1,1.9,5
"SSP5_8_5",0.0288899711300674,1,1.9,5
"SSP1_1_9",0.0113922060934722,1,2.05,5
"SSP1_2_6",0.0145803986580494,1,2.05,5
"SSP2_4_5",0.0353419323011422,1,2.05,5
"SSP3_7_0",0.0337392231440621,1,2.05,5
"SSP5_8_5",0.0337684890522047,1,2.05,5
"SSP1_1_9",0.0141407055906036,1,2.2,5
"SSP1_2_6",0.0165385568406394,1,2.2,5
"SSP2_4_5",0.0399968697768635,1,2.2,5
"SSP3_7_0",0.0376647601570088,1,2.2,5
"SSP5_8_5",0.0390523023964709,1,2.2,5
"SSP1_1_9",0.0153701161229476,1,2.35,5
"SSP1_2_6",0.0202973643721711,1,2.35,5
"SSP2_4_5",0.042878903623772,1,2.35,5
"SSP3_7_0",0.0411144377808977,1,2.35,5
"SSP5_8_5",0.0441371088014363,1,2.35,5
"SSP1_1_9",0.0159428217215443,1,2.5,5
"SSP1_2_6",0.0224191869810501,1,2.5,5
"SSP2_4_5",0.044667422615295,1,2.5,5
"SSP3_7_0",0.0436244412706745,1,2.5,5
"SSP5_8_5",0.0489764354115222,1,2.5,5
"SSP1_1_9",0.00810260832688964,1,1.9,5
"SSP1_2_6",0.0140891985244624,1,1.9,5
"SSP2_4_5",0.0346209596481762,1,1.9,5
"SSP3_7_0",0.0334066969107335,1,1.9,5
"SSP5_8_5",0.0326110345422439,1,1.9,5
"SSP1_1_9",0.0125506139952096,1,2.05,5
"SSP1_2_6",0.0155819526291609,1,2.05,5
"SSP2_4_5",0.0392309706948125,1,2.05,5
"SSP3_7_0",0.0374328055710602,1,2.05,5
"SSP5_8_5",0.0374187084405508,1,2.05,5
"SSP1_1_9",0.0152923680291556,1,2.2,5
"SSP1_2_6",0.0175349235477138,1,2.2,5
"SSP2_4_5",0.043846678105111,1,2.2,5
"SSP3_7_0",0.0413037598601348,1,2.2,5
"SSP5_8_5",0.0424286277946989,1,2.2,5
"SSP1_1_9",0.0165187612774267,1,2.35,5
"SSP1_2_6",0.0212838572902771,1,2.35,5
"SSP2_4_5",0.0467045163361684,1,2.35,5
"SSP3_7_0",0.044133456153188,1,2.35,5
"SSP5_8_5",0.0470223245690219,1,2.35,5
"SSP1_1_9",0.017090067359137,1,2.5,5
"SSP1_2_6",0.0234001116828417,1,2.5,5
"SSP2_4_5",0.0484780423996415,1,2.5,5
"SSP3_7_0",0.0465553988936576,1,2.5,5
"SSP5_8_5",0.0518022433406085,1,2.5,5
"SSP1_1_9",0.0149267761120449,1,2.05,5
"SSP1_2_6",0.0168172159586659,1,2.05,5
"SSP2_4_5",0.0433880578113919,1,2.05,5
"SSP3_7_0",0.0413632872570512,1,2.05,5
"SSP5_8_5",0.0415519279105913,1,2.05,5
"SSP1_1_9",0.0176551840904462,1,2.2,5
"SSP1_2_6",0.0187646957576322,1,2.2,5
"SSP2_4_5",0.0479631185040783,1,2.2,5
"SSP3_7_0",0.0446513768570084,1,2.2,5
"SSP5_8_5",0.0456993755825968,1,2.2,5
"SSP1_1_9",0.018875606674504,1,2.35,5
"SSP1_2_6",0.0225031815021015,1,2.35,5
"SSP2_4_5",0.0507958833327555,1,2.35,5
"SSP3_7_0",0.0472090542317965,1,2.35,5
"SSP5_8_5",0.0502329934114043,1,2.35,5
"SSP1_1_9",0.0194441435703613,1,2.5,5
"SSP1_2_6",0.024613538859569,1,2.5,5
"SSP2_4_5",0.0525538706558332,1,2.5,5
"SSP3_7_0",0.0496008827726347,1,2.5,5
"SSP5_8_5",0.0549537231704084,1,2.5,5
"SSP1_1_9",0.02201754317334,1,2.2,5
"SSP1_2_6",0.0202424235517865,1,2.2,5
"SSP2_4_5",0.052444885788981,1,2.2,5
"SSP3_7_0",0.0475756136544128,1,2.2,5
"SSP5_8_5",0.0492801328939322,1,2.2,5
"SSP1_1_9",0.0232270468963539,1,2.35,5
"SSP1_2_6",0.0239693835369369,1,2.35,5
"SSP2_4_5",0.0552508112263405,1,2.35,5
"SSP3_7_0",0.0501025090108545,1,2.35,5
"SSP5_8_5",0.0537536397875832,1,2.35,5
"SSP1_1_9",0.0237905196092647,1,2.5,5
"SSP1_2_6",0.0260732321163777,1,2.5,5
"SSP2_4_5",0.056992164167739,1,2.5,5
"SSP3_7_0",0.0524674896603957,1,2.5,5
"SSP5_8_5",0.0584153336787961,1,2.5,5
"SSP1_1_9",0.0259092730646395,1,2.35,5
"SSP1_2_6",0.0258881687464075,1,2.35,5
"SSP2_4_5",0.0597124981975553,1,2.35,5
"SSP3_7_0",0.05285973652331,1,2.35,5
"SSP5_8_5",0.0575993056221536,1,2.35,5
"SSP1_1_9",0.0264696238147152,1,2.5,5
"SSP1_2_6",0.0279836382330397,1,2.5,5
"SSP2_4_5",0.061437327859239,1,2.5,5
"SSP3_7_0",0.0552011402661518,1,2.5,5
"SSP5_8_5",0.0622025367608264,1,2.5,5
"SSP1_1_9",0.0276679883603967,1,2.5,5
"SSP1_2_6",0.031651599796303,1,2.5,5
"SSP2_4_5",0.064189950768424,1,2.5,5
"SSP3_7_0",0.0576583108373411,1,2.5,5
"SSP5_8_5",0.0664947379284625,1,2.5,5
"SSP1_1_9",0.0084785813538729,1,1.9,5
"SSP1_2_6",0.0144285597351995,1,1.9,5
"SSP2_4_5",0.0375122767933857,1,1.9,5
"SSP3_7_0",0.0360931132377614,1,1.9,5
"SSP5_8_5",0.0352469352811107,1,1.9,5
"SSP1_1_9",0.0129215188676129,1,2.05,5
"SSP1_2_6",0.0159183377308915,1,2.05,5
"SSP2_4_5",0.0420907018665527,1,2.05,5
"SSP3_7_0",0.0400678633295338,1,2.05,5
"SSP5_8_5",0.0399949961223127,1,2.05,5
"SSP1_1_9",0.0156601564206935,1,2.2,5
"SSP1_2_6",0.0178674463118815,1,2.2,5
"SSP2_4_5",0.0466750487201118,1,2.2,5
"SSP3_7_0",0.0438581242983937,1,2.2,5
"SSP5_8_5",0.0445935655323162,1,2.2,5
"SSP1_1_9",0.0168851574035374,1,2.35,5
"SSP1_2_6",0.0216090176170634,1,2.35,5
"SSP2_4_5",0.049513550574389,1,2.35,5
"SSP3_7_0",0.0464185426095774,1,2.35,5
"SSP5_8_5",0.0491351641461749,1,2.35,5
"SSP1_1_9",0.0174558172090387,1,2.5,5
"SSP1_2_6",0.0237211316809577,1,2.5,5
"SSP2_4_5",0.0512750979073991,1,2.5,5
"SSP3_7_0",0.0488124457765512,1,2.5,5
"SSP5_8_5",0.0538632400253355,1,2.5,5
"SSP1_1_9",0.015294975179233,1,2.05,5
"SSP1_2_6",0.0171510689349372,1,2.05,5
"SSP2_4_5",0.0462191459628369,1,2.05,5
"SSP3_7_0",0.0439461016410898,1,2.05,5
"SSP5_8_5",0.0438480729505974,1,2.05,5
"SSP1_1_9",0.0180202919266952,1,2.2,5
"SSP1_2_6",0.0190947063572037,1,2.2,5
"SSP2_4_5",0.0507632773063289,1,2.2,5
"SSP3_7_0",0.0469252906313107,1,2.2,5
"SSP5_8_5",0.0478209198058059,1,2.2,5
"SSP1_1_9",0.0192393335188598,1,2.35,5
"SSP1_2_6",0.0228258674646912,1,2.35,5
"SSP2_4_5",0.0535769706614227,1,2.35,5
"SSP3_7_0",0.0494519736844779,1,2.35,5
"SSP5_8_5",0.0523036357101428,1,2.35,5
"SSP1_1_9",0.0198072293577176,1,2.5,5
"SSP1_2_6",0.0249321057485061,1,2.5,5
"SSP2_4_5",0.0553231430473368,1,2.5,5
"SSP3_7_0",0.051816373494767,1,2.5,5
"SSP5_8_5",0.0569736733707323,1,2.5,5
"SSP1_1_9",0.0223777446670243,1,2.2,5
"SSP1_2_6",0.0205695124213995,1,2.2,5
"SSP2_4_5",0.0552148168873404,1,2.2,5
"SSP3_7_0",0.0498107994005368,1,2.2,5
"SSP5_8_5",0.0513570791489156,1,2.2,5
"SSP1_1_9",0.0235858879044424,1,2.35,5
"SSP1_2_6",0.0242891890785985,1,2.35,5
"SSP2_4_5",0.0580019520478251,1,2.35,5
"SSP3_7_0",0.0523073308202803,1,2.35,5
"SSP5_8_5",0.0557808569049582,1,2.35,5
"SSP1_1_9",0.0241487290541263,1,2.5,5
"SSP1_2_6",0.0263889418246386,1,2.5,5
"SSP2_4_5",0.0597316639322296,1,2.5,5
"SSP3_7_0",0.0546454194149144,1,2.5,5
"SSP5_8_5",0.0603929850852502,1,2.5,5
"SSP1_1_9",0.0262651095745759,1,2.35,5
"SSP1_2_6",0.0262042346765648,1,2.35,5
"SSP2_4_5",0.062433896773343,1,2.35,5
"SSP3_7_0",0.0550302707794066,1,2.35,5
"SSP5_8_5",0.0595819900200813,1,2.35,5
"SSP1_1_9",0.0268248345930301,1,2.5,5
"SSP1_2_6",0.0282956381359479,1,2.5,5
"SSP2_4_5",0.0641472570513528,1,2.5,5
"SSP3_7_0",0.0573452453052455,1,2.5,5
"SSP5_8_5",0.0641367489007331,1,2.5,5
"SSP1_1_9",0.0280218594767316,1,2.5,5
"SSP1_2_6",0.0319565261065767,1,2.5,5
"SSP2_4_5",0.066881643380711,1,2.5,5
"SSP3_7_0",0.0597734286328817,1,2.5,5
"SSP5_8_5",0.0683826102514563,1,2.5,5
"SSP1_1_9",0.016443260925906,1,2.05,5
"SSP1_2_6",0.0181436965494719,1,2.05,5
"SSP2_4_5",0.0500118067616135,1,2.05,5
"SSP3_7_0",0.0470065154798964,1,2.05,5
"SSP5_8_5",0.0467073984826257,1,2.05,5
"SSP1_1_9",0.0191619198724563,1,2.2,5
"SSP1_2_6",0.0200822127240813,1,2.2,5
"SSP2_4_5",0.0545181404348523,1,2.2,5
"SSP3_7_0",0.0497835775527579,1,2.2,5
"SSP5_8_5",0.0506267978809381,1,2.2,5
"SSP1_1_9",0.0203779833390507,1,2.35,5
"SSP1_2_6",0.0238036250438421,1,2.35,5
"SSP2_4_5",0.0573085182249422,1,2.35,5
"SSP3_7_0",0.0522765323935204,1,2.35,5
"SSP5_8_5",0.0550532272823414,1,2.35,5
"SSP1_1_9",0.0209444977863238,1,2.5,5
"SSP1_2_6",0.0259043654375657,1,2.5,5
"SSP2_4_5",0.0590402418735602,1,2.5,5
"SSP3_7_0",0.0546112808544773,1,2.5,5
"SSP5_8_5",0.0596675215466642,1,2.5,5
"SSP1_1_9",0.0235088056452925,1,2.2,5
"SSP1_2_6",0.02155309708757,1,2.2,5
"SSP2_4_5",0.058932713357824,1,2.2,5
"SSP3_7_0",0.052626434601825,1,2.2,5
"SSP5_8_5",0.054112767033293,1,2.2,5
"SSP1_1_9",0.0247140109539067,1,2.35,5
"SSP1_2_6",0.0252630735513469,1,2.35,5
"SSP2_4_5",0.0616968665092561,1,2.35,5
"SSP3_7_0",0.0550899007677197,1,2.35,5
"SSP5_8_5",0.0584815102748082,1,2.35,5
"SSP1_1_9",0.0252754893173039,1,2.5,5
"SSP1_2_6",0.0273573557799725,1,2.5,5
"SSP2_4_5",0.0634123359547595,1,2.5,5
"SSP3_7_0",0.0573989008666789,1,2.5,5
"SSP5_8_5",0.0630390949088964,1,2.5,5
"SSP1_1_9",0.0273867448356782,1,2.35,5
"SSP1_2_6",0.0271731186439751,1,2.35,5
"SSP2_4_5",0.0660924215979526,1,2.35,5
"SSP3_7_0",0.0577752658841078,1,2.35,5
"SSP5_8_5",0.0622328558875251,1,2.35,5
"SSP1_1_9",0.0279451185088983,1,2.5,5
"SSP1_2_6",0.029259086631552,1,2.5,5
"SSP2_4_5",0.0677917431602232,1,2.5,5
"SSP3_7_0",0.0600616366629289,1,2.5,5
"SSP5_8_5",0.0667342338612043,1,2.5,5
"SSP1_1_9",0.0291392463368742,1,2.5,5
"SSP1_2_6",0.0329105207466103,1,2.5,5
"SSP2_4_5",0.0705038045301891,1,2.5,5
"SSP3_7_0",0.0624581980097299,1,2.5,5
"SSP5_8_5",0.0709286638913845,1,2.5,5
"SSP1_1_9",0.0258308186595415,1,2.2,5
"SSP1_2_6",0.022768960482171,1,2.2,5
"SSP2_4_5",0.0629122973390892,1,2.2,5
"SSP3_7_0",0.0555594042536493,1,2.2,5
"SSP5_8_5",0.0571901124071548,1,2.2,5
"SSP1_1_9",0.0270302083682539,1,2.35,5
"SSP1_2_6",0.0264686669251938,1,2.35,5
"SSP2_4_5",0.0656526191590123,1,2.35,5
"SSP3_7_0",0.0579912129625461,1,2.35,5
"SSP5_8_5",0.0615037207626841,1,2.35,5
"SSP1_1_9",0.0275889893177622,1,2.5,5
"SSP1_2_6",0.0285571523398044,1,2.5,5
"SSP2_4_5",0.0673533180302187,1,2.5,5
"SSP3_7_0",0.0602724731297779,1,2.5,5
"SSP5_8_5",0.0660068591870835,1,2.5,5
"SSP1_1_9",0.0296900996344524,1,2.35,5
"SSP1_2_6",0.0283734114508761,1,2.35,5
"SSP2_4_5",0.0700104342374203,1,2.35,5
"SSP3_7_0",0.0606404663504276,1,2.35,5
"SSP5_8_5",0.0652048587060477,1,2.35,5
"SSP1_1_9",0.0302457982457339,1,2.5,5
"SSP1_2_6",0.0304536182265341,1,2.5,5
"SSP2_4_5",0.0716951937515219,1,2.5,5
"SSP3_7_0",0.0628995487924266,1,2.5,5
"SSP5_8_5",0.0696529210809345,1,2.5,5
"SSP1_1_9",0.0314341903303324,1,2.5,5
"SSP1_2_6",0.0340950324767025,1,2.5,5
"SSP2_4_5",0.0743840963248927,1,2.5,5
"SSP3_7_0",0.0652657980385883,1,2.5,5
"SSP5_8_5",0.0737957197758559,1,2.5,5
"SSP1_1_9",0.0339437040661835,1,2.35,5
"SSP1_2_6",0.0298183481814114,1,2.35,5
"SSP2_4_5",0.074279692753622,1,2.35,5
"SSP3_7_0",0.0633445887675275,1,2.35,5
"SSP5_8_5",0.0684826642488438,1,2.35,5
"SSP1_1_9",0.0344945097032465,1,2.5,5
"SSP1_2_6",0.0318921927573425,1,2.5,5
"SSP2_4_5",0.0759488547533934,1,2.5,5
"SSP3_7_0",0.065579304586321,1,2.5,5
"SSP5_8_5",0.072877426725619,1,2.5,5
"SSP1_1_9",0.0356724102411937,1,2.5,5
"SSP1_2_6",0.0355225422097058,1,2.5,5
"SSP2_4_5",0.0786129504626219,1,2.5,5
"SSP3_7_0",0.0679184092534369,1,2.5,5
"SSP5_8_5",0.0769683664208866,1,2.5,5
"SSP1_1_9",0.0382848446865936,1,2.5,5
"SSP1_2_6",0.0373914583481297,1,2.5,5
"SSP2_4_5",0.0828500322730374,1,2.5,5
"SSP3_7_0",0.0704610973636631,1,2.5,5
"SSP5_8_5",0.0804634276050764,1,2.5,5
"SSP1_1_9",0.00897636167362705,1,1.9,5
"SSP1_2_6",0.0148870322246433,1,1.9,5
"SSP2_4_5",0.0400405491343218,1,1.9,5
"SSP3_7_0",0.0384347457389902,1,1.9,5
"SSP5_8_5",0.0374885266788277,1,1.9,5
"SSP1_1_9",0.0134114007913169,1,2.05,5
"SSP1_2_6",0.016370824765076,1,2.05,5
"SSP2_4_5",0.0445858494259595,1,2.05,5
"SSP3_7_0",0.0418268714532939,1,2.05,5
"SSP5_8_5",0.041217273994109,1,2.05,5
"SSP1_1_9",0.0161451851035708,1,2.2,5
"SSP1_2_6",0.0183121537179809,1,2.2,5
"SSP2_4_5",0.0491373123669107,1,2.2,5
"SSP3_7_0",0.0446538774343865,1,2.2,5
"SSP5_8_5",0.0452070865387602,1,2.2,5
"SSP1_1_9",0.017368018865728,1,2.35,5
"SSP1_2_6",0.0220388891499581,1,2.35,5
"SSP2_4_5",0.051955550363026,1,2.35,5
"SSP3_7_0",0.0471885326336062,1,2.35,5
"SSP5_8_5",0.0497057027259607,1,2.35,5
"SSP1_1_9",0.017937672398381,1,2.5,5
"SSP1_2_6",0.024142666344404,1,2.5,5
"SSP2_4_5",0.053704550827516,1,2.5,5
"SSP3_7_0",0.0495589982653859,1,2.5,5
"SSP5_8_5",0.0543900756981228,1,2.5,5
"SSP1_1_9",0.0157806443372323,1,2.05,5
"SSP1_2_6",0.0175985153158286,1,2.05,5
"SSP2_4_5",0.048684331018019,1,2.05,5
"SSP3_7_0",0.0449006242721783,1,2.05,5
"SSP5_8_5",0.0444675683618747,1,2.05,5
"SSP1_1_9",0.0185011483239985,1,2.2,5
"SSP1_2_6",0.0195344143687554,1,2.2,5
"SSP2_4_5",0.0531960499812306,1,2.2,5
"SSP3_7_0",0.0476885818990131,1,2.2,5
"SSP5_8_5",0.0484021379873113,1,2.2,5
"SSP1_1_9",0.0197180407656869,1,2.35,5
"SSP1_2_6",0.0232508177445004,1,2.35,5
"SSP2_4_5",0.0559897690654458,1,2.35,5
"SSP3_7_0",0.050190134662813,1,2.35,5
"SSP5_8_5",0.0528429334755735,1,2.35,5
"SSP1_1_9",0.0202849386981809,1,2.5,5
"SSP1_2_6",0.0253487630846033,1,2.5,5
"SSP2_4_5",0.0577235735935937,1,2.5,5
"SSP3_7_0",0.0525316429500885,1,2.5,5
"SSP5_8_5",0.0574702996743355,1,2.5,5
"SSP1_1_9",0.0228509621496983,1,2.2,5
"SSP1_2_6",0.0210033475598509,1,2.2,5
"SSP2_4_5",0.0576159506309071,1,2.2,5
"SSP3_7_0",0.0505443271464055,1,2.2,5
"SSP5_8_5",0.0519040440230558,1,2.2,5
"SSP1_1_9",0.0240569891075756,1,2.35,5
"SSP1_2_6",0.0247083521057599,1,2.35,5
"SSP2_4_5",0.0603834190513554,1,2.35,5
"SSP3_7_0",0.0530162870026512,1,2.35,5
"SSP5_8_5",0.0562869499738111,1,2.35,5
"SSP1_1_9",0.0246188475703433,1,2.5,5
"SSP1_2_6",0.0267998600655479,1,2.5,5
"SSP2_4_5",0.0621009531949887,1,2.5,5
"SSP3_7_0",0.0553319654130166,1,2.5,5
"SSP5_8_5",0.0608574227270537,1,2.5,5
"SSP1_1_9",0.0267315370474718,1,2.35,5
"SSP1_2_6",0.0266158723953076,1,2.35,5
"SSP2_4_5",0.0647842498661875,1,2.35,5
"SSP3_7_0",0.0557122202185895,1,2.35,5
"SSP5_8_5",0.0600528638686349,1,2.35,5
"SSP1_1_9",0.0272902887246701,1,2.5,5
"SSP1_2_6",0.0286990928583225,1,2.5,5
"SSP2_4_5",0.0664856200828661,1,2.5,5
"SSP3_7_0",0.058005202399941,1,2.5,5
"SSP5_8_5",0.0645669610719177,1,2.5,5
"SSP1_1_9",0.0284852306956747,1,2.5,5
"SSP1_2_6",0.0323457436223529,1,2.5,5
"SSP2_4_5",0.0692009450240836,1,2.5,5
"SSP3_7_0",0.0604100522416576,1,2.5,5
"SSP5_8_5",0.0687750325084503,1,2.5,5
"SSP1_1_9",0.0169268571868042,1,2.05,5
"SSP1_2_6",0.0185869290918937,1,2.05,5
"SSP2_4_5",0.0524490690250935,1,2.05,5
"SSP3_7_0",0.0477671885419862,1,2.05,5
"SSP5_8_5",0.0472975192312414,1,2.05,5
"SSP1_1_9",0.0196407236696071,1,2.2,5
"SSP1_2_6",0.0205177457356864,1,2.2,5
"SSP2_4_5",0.0569234338220258,1,2.2,5
"SSP3_7_0",0.0505162545570089,1,2.2,5
"SSP5_8_5",0.0511796158664531,1,2.2,5
"SSP1_1_9",0.020854647045198,1,2.35,5
"SSP1_2_6",0.0242244738989266,1,2.35,5
"SSP2_4_5",0.0596941097069996,1,2.35,5
"SSP3_7_0",0.052984708194037,1,2.35,5
"SSP5_8_5",0.0555651331828585,1,2.35,5
"SSP1_1_9",0.0214201677808977,1,2.5,5
"SSP1_2_6",0.0263169626711952,1,2.5,5
"SSP2_4_5",0.0614136338565683,1,2.5,5
"SSP3_7_0",0.0552971104108991,1,2.5,5
"SSP5_8_5",0.0601377394852058,1,2.5,5
"SSP1_1_9",0.0239800025749053,1,2.2,5
"SSP1_2_6",0.0219827869276535,1,2.2,5
"SSP2_4_5",0.0613067995348265,1,2.2,5
"SSP3_7_0",0.0533301534249306,1,2.2,5
"SSP5_8_5",0.0546322430622745,1,2.2,5
"SSP1_1_9",0.025183100491205,1,2.35,5
"SSP1_2_6",0.0256781643213356,1,2.35,5
"SSP2_4_5",0.0640515529475665,1,2.35,5
"SSP3_7_0",0.0557696592416216,1,2.35,5
"SSP5_8_5",0.0589610901555309,1,2.35,5
"SSP1_1_9",0.0257436002828593,1,2.5,5
"SSP1_2_6",0.0277642427862955,1,2.5,5
"SSP2_4_5",0.0657550097016869,1,2.5,5
"SSP3_7_0",0.0580567794027933,1,2.5,5
"SSP5_8_5",0.0634779719072707,1,2.5,5
"SSP1_1_9",0.0278511802111532,1,2.35,5
"SSP1_2_6",0.0275807216175195,1,2.35,5
"SSP2_4_5",0.0684164149891698,1,2.35,5
"SSP3_7_0",0.0584287114298949,1,2.35,5
"SSP5_8_5",0.0626780954339805,1,2.35,5
"SSP1_1_9",0.0284085846095255,1,2.5,5
"SSP1_2_6",0.0296585472487162,1,2.5,5
"SSP2_4_5",0.0701039082898408,1,2.5,5
"SSP3_7_0",0.0606936072901013,1,2.5,5
"SSP5_8_5",0.0671397346081746,1,2.5,5
"SSP1_1_9",0.0296006382377624,1,2.5,5
"SSP1_2_6",0.0332958145096123,1,2.5,5
"SSP2_4_5",0.0727971647927253,1,2.5,5
"SSP3_7_0",0.0630674081463404,1,2.5,5
"SSP5_8_5",0.071297258429364,1,2.5,5
"SSP1_1_9",0.0262979584395271,1,2.2,5
"SSP1_2_6",0.0231937371209631,1,2.2,5
"SSP2_4_5",0.0652581586959929,1,2.2,5
"SSP3_7_0",0.0562331931524322,1,2.2,5
"SSP5_8_5",0.0576800107523476,1,2.2,5
"SSP1_1_9",0.0274952582111638,1,2.35,5
"SSP1_2_6",0.0268789210957019,1,2.35,5
"SSP2_4_5",0.0679793546640009,1,2.35,5
"SSP3_7_0",0.0586416183302593,1,2.35,5
"SSP5_8_5",0.061954687129156,1,2.35,5
"SSP1_1_9",0.0280530686711622,1,2.5,5
"SSP1_2_6",0.0289592458083354,1,2.5,5
"SSP2_4_5",0.0696682101687146,1,2.5,5
"SSP3_7_0",0.0609014974788236,1,2.5,5
"SSP5_8_5",0.0664180614174758,1,2.5,5
"SSP1_1_9",0.0301505337509566,1,2.35,5
"SSP1_2_6",0.0287762172128866,1,2.35,5
"SSP2_4_5",0.0723069084794057,1,2.35,5
"SSP3_7_0",0.0612652156499484,1,2.35,5
"SSP5_8_5",0.0656223583972637,1,2.35,5
"SSP1_1_9",0.0307052710747993,1,2.5,5
"SSP1_2_6",0.030848324307076,1,2.5,5
"SSP2_4_5",0.0739800057554999,1,2.5,5
"SSP3_7_0",0.0635033102768418,1,2.5,5
"SSP5_8_5",0.0700315921706483,1,2.5,5
"SSP1_1_9",0.0318916060760169,1,2.5,5
"SSP1_2_6",0.0344756455877065,1,2.5,5
"SSP2_4_5",0.0766503667017984,1,2.5,5
"SSP3_7_0",0.0658473406102374,1,2.5,5
"SSP5_8_5",0.0741383603503393,1,2.5,5
"SSP1_1_9",0.0343968104107057,1,2.35,5
"SSP1_2_6",0.0302155034006125,1,2.35,5
"SSP2_4_5",0.0765466227004202,1,2.35,5
"SSP3_7_0",0.0639429125594453,1,2.35,5
"SSP5_8_5",0.0688704589657977,1,2.35,5
"SSP1_1_9",0.0349466692933496,1,2.5,5
"SSP1_2_6",0.0322812951115178,1,2.5,5
"SSP2_4_5",0.0782042988793297,1,2.5,5
"SSP3_7_0",0.0661570706845046,1,2.5,5
"SSP5_8_5",0.073227291783828,1,2.5,5
"SSP1_1_9",0.0361225438916219,1,2.5,5
"SSP1_2_6",0.0358976326565397,1,2.5,5
"SSP2_4_5",0.0808501326994167,1,2.5,5
"SSP3_7_0",0.0684744357955861,1,2.5,5
"SSP5_8_5",0.0772830696164695,1,2.5,5
"SSP1_1_9",0.0387305035376709,1,2.5,5
"SSP1_2_6",0.0377593631511857,1,2.5,5
"SSP2_4_5",0.0850583155472467,1,2.5,5
"SSP3_7_0",0.0709933523273042,1,2.5,5
"SSP5_8_5",0.0807481308450534,1,2.5,5
"SSP1_1_9",0.0172923357688975,1,2.05,5
"SSP1_2_6",0.0189156647290467,1,2.05,5
"SSP2_4_5",0.0552103597516621,1,2.05,5
"SSP3_7_0",0.049973446927026,1,2.05,5
"SSP5_8_5",0.0493700207869473,1,2.05,5
"SSP1_1_9",0.0200031396961466,1,2.2,5
"SSP1_2_6",0.0208427020140877,1,2.2,5
"SSP2_4_5",0.0596548909972296,1,2.2,5
"SSP3_7_0",0.0526885448271091,1,2.2,5
"SSP5_8_5",0.0532070933783129,1,2.2,5
"SSP1_1_9",0.0212156948735269,1,2.35,5
"SSP1_2_6",0.0245422249700715,1,2.35,5
"SSP2_4_5",0.0624071684202293,1,2.35,5
"SSP3_7_0",0.0551279125956442,1,2.35,5
"SSP5_8_5",0.0575447277607638,1,2.35,5
"SSP1_1_9",0.0217805804770825,1,2.5,5
"SSP1_2_6",0.0266306616250234,1,2.5,5
"SSP2_4_5",0.0641152936723527,1,2.5,5
"SSP3_7_0",0.0574145303142289,1,2.5,5
"SSP5_8_5",0.0620695735911858,1,2.5,5
"SSP1_1_9",0.0243375575284858,1,2.2,5
"SSP1_2_6",0.0223048694866377,1,2.2,5
"SSP2_4_5",0.064009095850742,1,2.2,5
"SSP3_7_0",0.0554661847943678,1,2.2,5
"SSP5_8_5",0.0566178887649322,1,2.2,5
"SSP1_1_9",0.0255393075026773,1,2.35,5
"SSP1_2_6",0.0259930820561028,1,2.35,5
"SSP2_4_5",0.0667357188085485,1,2.35,5
"SSP3_7_0",0.0578771821275601,1,2.35,5
"SSP5_8_5",0.0608999299193927,1,2.35,5
"SSP1_1_9",0.0260991815403062,1,2.5,5
"SSP1_2_6",0.0280751311248046,1,2.5,5
"SSP2_4_5",0.0684279424082931,1,2.5,5
"SSP3_7_0",0.0601390100198595,1,2.5,5
"SSP5_8_5",0.0653700870254413,1,2.5,5
"SSP1_1_9",0.0282044103416283,1,2.35,5
"SSP1_2_6",0.0278919604569149,1,2.35,5
"SSP2_4_5",0.0710718787366596,1,2.35,5
"SSP3_7_0",0.0605040650929026,1,2.35,5
"SSP5_8_5",0.0645750574138345,1,2.35,5
"SSP1_1_9",0.0287611947467734,1,2.5,5
"SSP1_2_6",0.0299657858345195,1,2.5,5
"SSP2_4_5",0.0727483025655611,1,2.5,5
"SSP3_7_0",0.0627440936776853,1,2.5,5
"SSP5_8_5",0.0689909787634028,1,2.5,5
"SSP1_1_9",0.0299519210035169,1,2.5,5
"SSP1_2_6",0.0335960933408824,1,2.5,5
"SSP2_4_5",0.0754239565403207,1,2.5,5
"SSP3_7_0",0.0650906498086942,1,2.5,5
"SSP5_8_5",0.073104817492186,1,2.5,5
"SSP1_1_9",0.0266529181351262,1,2.2,5
"SSP1_2_6",0.0235133783018073,1,2.2,5
"SSP2_4_5",0.0679340110532879,1,2.2,5
"SSP3_7_0",0.0583309127180157,1,2.2,5
"SSP5_8_5",0.0596270410161687,1,2.2,5
"SSP1_1_9",0.0278488807823389,1,2.35,5
"SSP1_2_6",0.0271914339083069,1,2.35,5
"SSP2_4_5",0.0706373197843279,1,2.35,5
"SSP3_7_0",0.0607114491594768,1,2.35,5
"SSP5_8_5",0.0638559435322664,1,2.35,5
"SSP1_1_9",0.0284060704968191,1,2.5,5
"SSP1_2_6",0.029267749725764,1,2.5,5
"SSP2_4_5",0.0723150925488007,1,2.5,5
"SSP3_7_0",0.062946565632881,1,2.5,5
"SSP5_8_5",0.0682735888584369,1,2.5,5
"SSP1_1_9",0.0305012032619522,1,2.35,5
"SSP1_2_6",0.0290850698841431,1,2.35,5
"SSP2_4_5",0.0749365550752837,1,2.35,5
"SSP3_7_0",0.0633035911658143,1,2.35,5
"SSP5_8_5",0.0674826883177919,1,2.35,5
"SSP1_1_9",0.0310553255431184,1,2.5,5
"SSP1_2_6",0.0311531970446068,1,2.5,5
"SSP2_4_5",0.0765987304374466,1,2.5,5
"SSP3_7_0",0.0655173362270362,1,2.5,5
"SSP5_8_5",0.0718471712697549,1,2.5,5
"SSP1_1_9",0.0322403437833886,1,2.5,5
"SSP1_2_6",0.0347735937537709,1,2.5,5
"SSP2_4_5",0.079251722862206,1,2.5,5
"SSP3_7_0",0.0678347060604153,1,2.5,5
"SSP5_8_5",0.0759111975798234,1,2.5,5
"SSP1_1_9",0.0347427917720021,1,2.35,5
"SSP1_2_6",0.0305215738575773,1,2.35,5
"SSP2_4_5",0.0791485848597242,1,2.35,5
"SSP3_7_0",0.0659477801511408,1,2.35,5
"SSP5_8_5",0.0706928942514571,1,2.35,5
"SSP1_1_9",0.0352920446192551,1,2.5,5
"SSP1_2_6",0.0325834078682676,1,2.5,5
"SSP2_4_5",0.080795495879613,1,2.5,5
"SSP3_7_0",0.0681380444900323,1,2.5,5
"SSP5_8_5",0.0750059254727209,1,2.5,5
"SSP1_1_9",0.0364666217623392,1,2.5,5
"SSP1_2_6",0.036192859341473,1,2.5,5
"SSP2_4_5",0.0834242097854303,1,2.5,5
"SSP3_7_0",0.0704292643339849,1,2.5,5
"SSP5_8_5",0.0790198903099269,1,2.5,5
"SSP1_1_9",0.0390717157060547,1,2.5,5
"SSP1_2_6",0.0380510544447092,1,2.5,5
"SSP2_4_5",0.0876052845045779,1,2.5,5
"SSP3_7_0",0.0729187435562454,1,2.5,5
"SSP5_8_5",0.0824477153670068,1,2.5,5
"SSP1_1_9",0.0277722221987541,1,2.2,5
"SSP1_2_6",0.0244841972483661,1,2.2,5
"SSP2_4_5",0.0715357969756948,1,2.2,5
"SSP3_7_0",0.0609912654418134,1,2.2,5
"SSP5_8_5",0.062231078105811,1,2.2,5
"SSP1_1_9",0.0289652934271176,1,2.35,5
"SSP1_2_6",0.0281527463138761,1,2.35,5
"SSP2_4_5",0.0742171990817418,1,2.35,5
"SSP3_7_0",0.0633413606241216,1,2.35,5
"SSP5_8_5",0.0664092105500996,1,2.35,5
"SSP1_1_9",0.0295211418859852,1,2.5,5
"SSP1_2_6",0.0302237004997888,1,2.5,5
"SSP2_4_5",0.0758813944276995,1,2.5,5
"SSP3_7_0",0.0655496376111347,1,2.5,5
"SSP5_8_5",0.0707764360360801,1,2.5,5
"SSP1_1_9",0.031611230539186,1,2.35,5
"SSP1_2_6",0.0300414813876452,1,2.35,5
"SSP2_4_5",0.0784817406508189,1,2.35,5
"SSP3_7_0",0.065898941675948,1,2.35,5
"SSP5_8_5",0.069990080814413,1,2.35,5
"SSP1_1_9",0.0321640227622728,1,2.5,5
"SSP1_2_6",0.0321042809934358,1,2.5,5
"SSP2_4_5",0.0801305296325229,1,2.5,5
"SSP3_7_0",0.0680862807046846,1,2.5,5
"SSP5_8_5",0.0743051857683423,1,2.5,5
"SSP1_1_9",0.0333461895863065,1,2.5,5
"SSP1_2_6",0.0357154106944573,1,2.5,5
"SSP2_4_5",0.0827622315731697,1,2.5,5
"SSP3_7_0",0.0703744993157305,1,2.5,5
"SSP5_8_5",0.0783216709209989,1,2.5,5
"SSP1_1_9",0.0358426823937004,1,2.35,5
"SSP1_2_6",0.0314742329307154,1,2.35,5
"SSP2_4_5",0.0826598288137242,1,2.35,5
"SSP3_7_0",0.0685060283704286,1,2.35,5
"SSP5_8_5",0.0731573506131543,1,2.35,5
"SSP1_1_9",0.0363906228723464,1,2.5,5
"SSP1_2_6",0.0335307656143713,1,2.5,5
"SSP2_4_5",0.0842935397362215,1,2.5,5
"SSP3_7_0",0.070670366072642,1,2.5,5
"SSP5_8_5",0.0774220180891242,1,2.5,5
"SSP1_1_9",0.0375623865362512,1,2.5,5
"SSP1_2_6",0.0371309955024468,1,2.5,5
"SSP2_4_5",0.0869012586325031,1,2.5,5
"SSP3_7_0",0.0729329787262243,1,2.5,5
"SSP5_8_5",0.081389438195968,1,2.5,5
"SSP1_1_9",0.0401612667649575,1,2.5,5
"SSP1_2_6",0.0389844366531243,1,2.5,5
"SSP2_4_5",0.0910490779977645,1,2.5,5
"SSP3_7_0",0.0753900255966709,1,2.5,5
"SSP5_8_5",0.0847753417313015,1,2.5,5
"SSP1_1_9",0.038102893018998,1,2.35,5
"SSP1_2_6",0.0326564348966865,1,2.35,5
"SSP2_4_5",0.0864247254650203,1,2.35,5
"SSP3_7_0",0.0711887710430567,1,2.35,5
"SSP5_8_5",0.0759366782152884,1,2.35,5
"SSP1_1_9",0.0386482346629611,1,2.5,5
"SSP1_2_6",0.0347073450327612,1,2.5,5
"SSP2_4_5",0.0880447337350454,1,2.5,5
"SSP3_7_0",0.0733283273700648,1,2.5,5
"SSP5_8_5",0.0801529434121092,1,2.5,5
"SSP1_1_9",0.0398144260490335,1,2.5,5
"SSP1_2_6",0.0382977951749652,1,2.5,5
"SSP2_4_5",0.0906306568381321,1,2.5,5
"SSP3_7_0",0.0755634591578048,1,2.5,5
"SSP5_8_5",0.0840735334846243,1,2.5,5
"SSP1_1_9",0.0424009995422198,1,2.5,5
"SSP1_2_6",0.0401461885008963,1,2.5,5
"SSP2_4_5",0.0947439474738348,1,2.5,5
"SSP3_7_0",0.0779892220198227,1,2.5,5
"SSP5_8_5",0.0874169509240416,1,2.5,5
"SSP1_1_9",0.0465382049143487,1,2.5,5
"SSP1_2_6",0.0415479452202008,1,2.5,5
"SSP2_4_5",0.0987739997702298,1,2.5,5
"SSP3_7_0",0.080453170114464,1,2.5,5
"SSP5_8_5",0.0903574799896191,1,2.5,5
"SSP1_1_9",0.00355998619206442,1.15,1.75,5
"SSP1_2_6",0.00337175977395039,1.15,1.75,5
"SSP2_4_5",0.0166168053501777,1.15,1.75,5
"SSP3_7_0",0.0154395363999568,1.15,1.75,5
"SSP5_8_5",0.014633740388871,1.15,1.75,5
"SSP1_1_9",0.0059434160547218,1.15,1.9,5
"SSP1_2_6",0.00459281076761425,1.15,1.9,5
"SSP2_4_5",0.0207959796696821,1.15,1.9,5
"SSP3_7_0",0.0188180889754443,1.15,1.9,5
"SSP5_8_5",0.0182082865193062,1.15,1.9,5
"SSP1_1_9",0.0103763960017183,1.15,2.05,5
"SSP1_2_6",0.00607275421132552,1.15,2.05,5
"SSP2_4_5",0.0254020341893846,1.15,2.05,5
"SSP3_7_0",0.0219792135001226,1.15,2.05,5
"SSP5_8_5",0.0220873384586205,1.15,2.05,5
"SSP1_1_9",0.0131112254951485,1.15,2.2,5
"SSP1_2_6",0.00802109498602457,1.15,2.2,5
"SSP2_4_5",0.0300512311239992,1.15,2.2,5
"SSP3_7_0",0.0249675948573548,1.15,2.2,5
"SSP5_8_5",0.0262828025880143,1.15,2.2,5
"SSP1_1_9",0.0143349182860071,1.15,2.35,5
"SSP1_2_6",0.0117708350384393,1.15,2.35,5
"SSP2_4_5",0.0329329624861387,1.15,2.35,5
"SSP3_7_0",0.0276351292463146,1.15,2.35,5
"SSP5_8_5",0.0309882033611704,1.15,2.35,5
"SSP1_1_9",0.0149057515477184,1.15,2.5,5
"SSP1_2_6",0.0138888157770651,1.15,2.5,5
"SSP2_4_5",0.0347247974364511,1.15,2.5,5
"SSP3_7_0",0.0301171745552669,1.15,2.5,5
"SSP5_8_5",0.0358703293529371,1.15,2.5,5
"SSP1_1_9",0.00705073543445499,1.15,1.9,5
"SSP1_2_6",0.00554277225147229,1.15,1.9,5
"SSP2_4_5",0.0245032789658311,1.15,1.9,5
"SSP3_7_0",0.0219938383564283,1.15,1.9,5
"SSP5_8_5",0.0213515485809914,1.15,1.9,5
"SSP1_1_9",0.0114731215041463,1.15,2.05,5
"SSP1_2_6",0.00701885294369338,1.15,2.05,5
"SSP2_4_5",0.0290713864496988,1.15,2.05,5
"SSP3_7_0",0.0251066323683906,1.15,2.05,5
"SSP5_8_5",0.0251733503456914,1.15,2.05,5
"SSP1_1_9",0.0142014204863079,1.15,2.2,5
"SSP1_2_6",0.00896218693600135,1.15,2.2,5
"SSP2_4_5",0.033682739605411,1.15,2.2,5
"SSP3_7_0",0.0280520182606249,1.15,2.2,5
"SSP5_8_5",0.0293110260205108,1.15,2.2,5
"SSP1_1_9",0.0154221919044132,1.15,2.35,5
"SSP1_2_6",0.0127023798072312,1.15,2.35,5
"SSP2_4_5",0.0365411176030351,1.15,2.35,5
"SSP3_7_0",0.0306831011824054,1.15,2.35,5
"SSP5_8_5",0.0339558640475697,1.15,2.35,5
"SSP1_1_9",0.0159916690406617,1.15,2.5,5
"SSP1_2_6",0.0148149750599109,1.15,2.5,5
"SSP2_4_5",0.0383184672980692,1.15,2.5,5
"SSP3_7_0",0.0331332462145886,1.15,2.5,5
"SSP5_8_5",0.0387782292529861,1.15,2.5,5
"SSP1_1_9",0.0138177753854041,1.15,2.05,5
"SSP1_2_6",0.00822861914173923,1.15,2.05,5
"SSP2_4_5",0.033138243544789,1.15,2.05,5
"SSP3_7_0",0.0283332183514526,1.15,2.05,5
"SSP5_8_5",0.0285767457725392,1.15,2.05,5
"SSP1_1_9",0.0165328983612177,1.15,2.2,5
"SSP1_2_6",0.0101665845879746,1.15,2.2,5
"SSP2_4_5",0.0377097173374756,1.15,2.2,5
"SSP3_7_0",0.0312374716335694,1.15,2.2,5
"SSP5_8_5",0.0326564719384893,1.15,2.2,5
"SSP1_1_9",0.0177477742443701,1.15,2.35,5
"SSP1_2_6",0.0138965470135416,1.15,2.35,5
"SSP2_4_5",0.0405434805532319,1.15,2.35,5
"SSP3_7_0",0.0338337690050427,1.15,2.35,5
"SSP5_8_5",0.0372408461277724,1.15,2.35,5
"SSP1_1_9",0.0183145150742215,1.15,2.5,5
"SSP1_2_6",0.0160033660795312,1.15,2.5,5
"SSP2_4_5",0.0423055603506297,1.15,2.5,5
"SSP3_7_0",0.0362535782103812,1.15,2.5,5
"SSP5_8_5",0.0420037385902094,1.15,2.5,5
"SSP1_1_9",0.020870513235315,1.15,2.2,5
"SSP1_2_6",0.0116279601064916,1.15,2.2,5
"SSP2_4_5",0.0421518018519516,1.15,2.2,5
"SSP3_7_0",0.0342256136925253,1.15,2.2,5
"SSP5_8_5",0.0363044247112121,1.15,2.2,5
"SSP1_1_9",0.0220745660317452,1.15,2.35,5
"SSP1_2_6",0.0153465910214674,1.15,2.35,5
"SSP2_4_5",0.0449590461685939,1.15,2.35,5
"SSP3_7_0",0.0367908545318156,1.15,2.35,5
"SSP5_8_5",0.0408283754797308,1.15,2.35,5
"SSP1_1_9",0.0226362835634024,1.15,2.5,5
"SSP1_2_6",0.0174470088146863,1.15,2.5,5
"SSP2_4_5",0.0467046735084334,1.15,2.5,5
"SSP3_7_0",0.0391836352385212,1.15,2.5,5
"SSP5_8_5",0.0455320107490289,1.15,2.5,5
"SSP1_1_9",0.0247439091675103,1.15,2.35,5
"SSP1_2_6",0.017256295102138,1.15,2.35,5
"SSP2_4_5",0.0494182620133259,1.15,2.35,5
"SSP3_7_0",0.0395985053088284,1.15,2.35,5
"SSP5_8_5",0.0447319955258309,1.15,2.35,5
"SSP1_1_9",0.0253025284927532,1.15,2.5,5
"SSP1_2_6",0.019348446391076,1.15,2.5,5
"SSP2_4_5",0.0511474775699578,1.15,2.5,5
"SSP3_7_0",0.0419675783017814,1.15,2.5,5
"SSP5_8_5",0.0493770185609974,1.15,2.5,5
"SSP1_1_9",0.0264955329266045,1.15,2.5,5
"SSP1_2_6",0.0230088271813358,1.15,2.5,5
"SSP2_4_5",0.0539018061569181,1.15,2.5,5
"SSP3_7_0",0.0444626598971598,1.15,2.5,5
"SSP5_8_5",0.0533393083066949,1.15,2.5,5
"SSP1_1_9",0.00769708598782511,1.15,1.9,5
"SSP1_2_6",0.00616302228281817,1.15,1.9,5
"SSP2_4_5",0.0272786008329348,1.15,1.9,5
"SSP3_7_0",0.0244779800607896,1.15,1.9,5
"SSP5_8_5",0.0236997653802497,1.15,1.9,5
"SSP1_1_9",0.0121132300049227,1.15,2.05,5
"SSP1_2_6",0.00763574472030354,1.15,2.05,5
"SSP2_4_5",0.0318160840035369,1.15,2.05,5
"SSP3_7_0",0.0275486549387585,1.15,2.05,5
"SSP5_8_5",0.0274726521859535,1.15,2.05,5
"SSP1_1_9",0.0148376813527463,1.15,2.2,5
"SSP1_2_6",0.00957471250132488,1.15,2.2,5
"SSP2_4_5",0.0363968876371025,1.15,2.2,5
"SSP3_7_0",0.0304563400927814,1.15,2.2,5
"SSP5_8_5",0.0315605456122787,1.15,2.2,5
"SSP1_1_9",0.0160567316231157,1.15,2.35,5
"SSP1_2_6",0.0133065721041004,1.15,2.35,5
"SSP2_4_5",0.0392364175405915,1.15,2.35,5
"SSP3_7_0",0.0330552837626797,1.15,2.35,5
"SSP5_8_5",0.0361527590161966,1.15,2.35,5
"SSP1_1_9",0.0166254097574192,1.15,2.5,5
"SSP1_2_6",0.0154144722092233,1.15,2.5,5
"SSP2_4_5",0.0410020782711818,1.15,2.5,5
"SSP3_7_0",0.0354770942266219,1.15,2.5,5
"SSP5_8_5",0.0409228681759359,1.15,2.5,5
"SSP1_1_9",0.0144545563622502,1.15,2.05,5
"SSP1_2_6",0.00884261956116485,1.15,2.05,5
"SSP2_4_5",0.035855373791804,1.15,2.05,5
"SSP3_7_0",0.0307306044247865,1.15,2.05,5
"SSP5_8_5",0.0308306071516354,1.15,2.05,5
"SSP1_1_9",0.0171658602422513,1.15,2.2,5
"SSP1_2_6",0.0107762398329134,1.15,2.2,5
"SSP2_4_5",0.0403967143279361,1.15,2.2,5
"SSP3_7_0",0.0335980267349977,1.15,2.2,5
"SSP5_8_5",0.0348617332984418,1.15,2.2,5
"SSP1_1_9",0.0183790277280459,1.15,2.35,5
"SSP1_2_6",0.0144979088741376,1.15,2.35,5
"SSP2_4_5",0.0432118852855692,1.15,2.35,5
"SSP3_7_0",0.0361629051021993,1.15,2.35,5
"SSP5_8_5",0.0393946814913384,1.15,2.35,5
"SSP1_1_9",0.0189449754605755,1.15,2.5,5
"SSP1_2_6",0.0166000552410819,1.15,2.5,5
"SSP2_4_5",0.0449624344201418,1.15,2.5,5
"SSP3_7_0",0.0385549923402413,1.15,2.5,5
"SSP5_8_5",0.0441064693863024,1.15,2.5,5
"SSP1_1_9",0.0214974161385079,1.15,2.2,5
"SSP1_2_6",0.0122343142703147,1.15,2.2,5
"SSP2_4_5",0.0448094872910241,1.15,2.2,5
"SSP3_7_0",0.0365467018651737,1.15,2.2,5
"SSP5_8_5",0.0384643288474054,1.15,2.2,5
"SSP1_1_9",0.0226997837910061,1.15,2.35,5
"SSP1_2_6",0.015944695310026,1.15,2.35,5
"SSP2_4_5",0.0475984122263308,1.15,2.35,5
"SSP3_7_0",0.0390811568115017,1.15,2.35,5
"SSP5_8_5",0.0429380275347972,1.15,2.35,5
"SSP1_1_9",0.0232607189939663,1.15,2.5,5
"SSP1_2_6",0.0180404649043075,1.15,2.5,5
"SSP2_4_5",0.0493326777628069,1.15,2.5,5
"SSP3_7_0",0.041446753512278,1.15,2.5,5
"SSP5_8_5",0.0475916842532092,1.15,2.5,5
"SSP1_1_9",0.0253654061863393,1.15,2.35,5
"SSP1_2_6",0.017850162554757,1.15,2.35,5
"SSP2_4_5",0.0520286485955216,1.15,2.35,5
"SSP3_7_0",0.0418539497168877,1.15,2.35,5
"SSP5_8_5",0.0467964785015004,1.15,2.35,5
"SSP1_1_9",0.0259232498062303,1.15,2.5,5
"SSP1_2_6",0.0199376971246717,1.15,2.5,5
"SSP2_4_5",0.0537466695868001,1.15,2.5,5
"SSP3_7_0",0.0441963021764177,1.15,2.5,5
"SSP5_8_5",0.0507217623683485,1.15,2.5,5
"SSP1_1_9",0.0271145927475887,1.15,2.5,5
"SSP1_2_6",0.0235900495835731,1.15,2.5,5
"SSP2_4_5",0.0564832179861354,1.15,2.5,5
"SSP3_7_0",0.0466619773547767,1.15,2.5,5
"SSP5_8_5",0.0542580449386454,1.15,2.5,5
"SSP1_1_9",0.0155412500104527,1.15,2.05,5
"SSP1_2_6",0.00977982888290786,1.15,2.05,5
"SSP2_4_5",0.0394336765216894,1.15,2.05,5
"SSP3_7_0",0.0337120491847174,1.15,2.05,5
"SSP5_8_5",0.033770733719835,1.15,2.05,5
"SSP1_1_9",0.018246109944487,1.15,2.2,5
"SSP1_2_6",0.0117085070982391,1.15,2.2,5
"SSP2_4_5",0.0439385394094451,1.15,2.2,5
"SSP3_7_0",0.0365393003635298,1.15,2.2,5
"SSP5_8_5",0.0377478390516636,1.15,2.2,5
"SSP1_1_9",0.0194563947314118,1.15,2.35,5
"SSP1_2_6",0.015420751673923,1.15,2.35,5
"SSP2_4_5",0.0467311966610153,1.15,2.35,5
"SSP3_7_0",0.0390700650565277,1.15,2.35,5
"SSP5_8_5",0.0422240420635336,1.15,2.35,5
"SSP1_1_9",0.0200210042485191,1.15,2.5,5
"SSP1_2_6",0.0175175816241701,1.15,2.5,5
"SSP2_4_5",0.0484677801049094,1.15,2.5,5
"SSP3_7_0",0.0414322391555072,1.15,2.5,5
"SSP5_8_5",0.0468797348772515,1.15,2.5,5
"SSP1_1_9",0.0225674423744222,1.15,2.2,5
"SSP1_2_6",0.0131628129546304,1.15,2.2,5
"SSP2_4_5",0.0483157967422801,1.15,2.2,5
"SSP3_7_0",0.0394446417671166,1.15,2.2,5
"SSP5_8_5",0.0412995531419089,1.15,2.2,5
"SSP1_1_9",0.023766966401869,1.15,2.35,5
"SSP1_2_6",0.0168638162310054,1.15,2.35,5
"SSP2_4_5",0.0510825296201496,1.15,2.35,5
"SSP3_7_0",0.0419456479381149,1.15,2.35,5
"SSP5_8_5",0.0457177581785249,1.15,2.35,5
"SSP1_1_9",0.0243265814843342,1.15,2.5,5
"SSP1_2_6",0.0189542957217243,1.15,2.5,5
"SSP2_4_5",0.0528030285364921,1.15,2.5,5
"SSP3_7_0",0.0442818950179135,1.15,2.5,5
"SSP5_8_5",0.0498589686269668,1.15,2.5,5
"SSP1_1_9",0.0264263101222518,1.15,2.35,5
"SSP1_2_6",0.0187644576286514,1.15,2.35,5
"SSP2_4_5",0.0554776481662171,1.15,2.35,5
"SSP3_7_0",0.044680342442756,1.15,2.35,5
"SSP5_8_5",0.0491476513130141,1.15,2.35,5
"SSP1_1_9",0.0269828447516483,1.15,2.5,5
"SSP1_2_6",0.0208467358702534,1.15,2.5,5
"SSP2_4_5",0.0571820997116063,1.15,2.5,5
"SSP3_7_0",0.0469938301523112,1.15,2.5,5
"SSP5_8_5",0.052939600928355,1.15,2.5,5
"SSP1_1_9",0.0281713838129369,1.15,2.5,5
"SSP1_2_6",0.0244899481314396,1.15,2.5,5
"SSP2_4_5",0.0598970917592422,1.15,2.5,5
"SSP3_7_0",0.0494275010480992,1.15,2.5,5
"SSP5_8_5",0.0564330535370572,1.15,2.5,5
"SSP1_1_9",0.0248581832710634,1.15,2.2,5
"SSP1_2_6",0.0143533284324031,1.15,2.2,5
"SSP2_4_5",0.0522104646625687,1.15,2.2,5
"SSP3_7_0",0.0424500305054857,1.15,2.2,5
"SSP5_8_5",0.0444486510266539,1.15,2.2,5
"SSP1_1_9",0.0260519656579536,1.15,2.35,5
"SSP1_2_6",0.0180442763032922,1.15,2.35,5
"SSP2_4_5",0.0549537853959229,1.15,2.35,5
"SSP3_7_0",0.0449190548933856,1.15,2.35,5
"SSP5_8_5",0.0486728002231814,1.15,2.35,5
"SSP1_1_9",0.0266089156985135,1.15,2.5,5
"SSP1_2_6",0.0201290782129443,1.15,2.5,5
"SSP2_4_5",0.056659758714766,1.15,2.5,5
"SSP3_7_0",0.047227343982457,1.15,2.5,5
"SSP5_8_5",0.0524653362227026,1.15,2.5,5
"SSP1_1_9",0.0286986317870008,1.15,2.35,5
"SSP1_2_6",0.0199397352189779,1.15,2.35,5
"SSP2_4_5",0.0593118467362224,1.15,2.35,5
"SSP3_7_0",0.0476171915664744,1.15,2.35,5
"SSP5_8_5",0.0517577334686755,1.15,2.35,5
"SSP1_1_9",0.0292525234025157,1.15,2.5,5
"SSP1_2_6",0.0220163704596706,1.15,2.5,5
"SSP2_4_5",0.0610019768133557,1.15,2.5,5
"SSP3_7_0",0.0499031727020089,1.15,2.5,5
"SSP5_8_5",0.055504491841392,1.15,2.5,5
"SSP1_1_9",0.0304353994928707,1.15,2.5,5
"SSP1_2_6",0.0256497704298826,1.15,2.5,5
"SSP2_4_5",0.0636942148419817,1.15,2.5,5
"SSP3_7_0",0.052306207391231,1.15,2.5,5
"SSP5_8_5",0.0589544155674209,1.15,2.5,5
"SSP1_1_9",0.0329276288917131,1.15,2.35,5
"SSP1_2_6",0.0213685972190591,1.15,2.35,5
"SSP2_4_5",0.063546054262038,1.15,2.35,5
"SSP3_7_0",0.0503820917871136,1.15,2.35,5
"SSP5_8_5",0.0545926142653757,1.15,2.35,5
"SSP1_1_9",0.0334766673498835,1.15,2.5,5
"SSP1_2_6",0.0234389752614742,1.15,2.5,5
"SSP2_4_5",0.0652207433338761,1.15,2.5,5
"SSP3_7_0",0.052643527636221,1.15,2.5,5
"SSP5_8_5",0.058294403608869,1.15,2.5,5
"SSP1_1_9",0.034649144491205,1.15,2.5,5
"SSP1_2_6",0.0270614950588364,1.15,2.5,5
"SSP2_4_5",0.0678884467810698,1.15,2.5,5
"SSP3_7_0",0.0550191498634966,1.15,2.5,5
"SSP5_8_5",0.0617008158588412,1.15,2.5,5
"SSP1_1_9",0.0372487663281024,1.15,2.5,5
"SSP1_2_6",0.0289216482436261,1.15,2.5,5
"SSP2_4_5",0.0721267955656408,1.15,2.5,5
"SSP3_7_0",0.0576097385399595,1.15,2.5,5
"SSP5_8_5",0.064614510706099,1.15,2.5,5
"SSP1_1_9",0.00786960456349702,1.15,1.9,5
"SSP1_2_6",0.00631263280053637,1.15,1.9,5
"SSP2_4_5",0.0283313321006878,1.15,1.9,5
"SSP3_7_0",0.0254451021933199,1.15,1.9,5
"SSP5_8_5",0.0244970041499509,1.15,1.9,5
"SSP1_1_9",0.0122793698269855,1.15,2.05,5
"SSP1_2_6",0.0077799737104387,1.15,2.05,5
"SSP2_4_5",0.032843159763242,1.15,2.05,5
"SSP3_7_0",0.0284827069519348,1.15,2.05,5
"SSP5_8_5",0.0282314751047488,1.15,2.05,5
"SSP1_1_9",0.0149999080863821,1.15,2.2,5
"SSP1_2_6",0.0097118905444813,1.15,2.2,5
"SSP2_4_5",0.0373983352858161,1.15,2.2,5
"SSP3_7_0",0.0313600974818232,1.15,2.2,5
"SSP5_8_5",0.0317630119679373,1.15,2.2,5
"SSP1_1_9",0.0162172128830774,1.15,2.35,5
"SSP1_2_6",0.0134302623839911,1.15,2.35,5
"SSP2_4_5",0.0402220800072158,1.15,2.35,5
"SSP3_7_0",0.033932686621231,1.15,2.35,5
"SSP5_8_5",0.0355302656086761,1.15,2.35,5
"SSP1_1_9",0.0167850788760706,1.15,2.5,5
"SSP1_2_6",0.0155305858974579,1.15,2.5,5
"SSP2_4_5",0.0419779631076688,1.15,2.5,5
"SSP3_7_0",0.0363306367492869,1.15,2.5,5
"SSP5_8_5",0.0394948571606295,1.15,2.5,5
"SSP1_1_9",0.0146173270359853,1.15,2.05,5
"SSP1_2_6",0.00898241764280964,1.15,2.05,5
"SSP2_4_5",0.0368596133162402,1.15,2.05,5
"SSP3_7_0",0.0316302664938068,1.15,2.05,5
"SSP5_8_5",0.0312856311626423,1.15,2.05,5
"SSP1_1_9",0.0173247533087066,1.15,2.2,5
"SSP1_2_6",0.0109090250564645,1.15,2.2,5
"SSP2_4_5",0.0413757245582098,1.15,2.2,5
"SSP3_7_0",0.0344681604527007,1.15,2.2,5
"SSP5_8_5",0.0345863178079836,1.15,2.2,5
"SSP1_1_9",0.0185361911534861,1.15,2.35,5
"SSP1_2_6",0.0146172785899328,1.15,2.35,5
"SSP2_4_5",0.0441753552226424,1.15,2.35,5
"SSP3_7_0",0.0370073239962562,1.15,2.35,5
"SSP5_8_5",0.0383045593193337,1.15,2.35,5
"SSP1_1_9",0.0191013340817694,1.15,2.5,5
"SSP1_2_6",0.0167118889809342,1.15,2.5,5
"SSP2_4_5",0.0459162781600038,1.15,2.5,5
"SSP3_7_0",0.039376101308566,1.15,2.5,5
"SSP5_8_5",0.0422205674629879,1.15,2.5,5
"SSP1_1_9",0.0216501586025163,1.15,2.2,5
"SSP1_2_6",0.0123618222003104,1.15,2.2,5
"SSP2_4_5",0.0457641014266092,1.15,2.2,5
"SSP3_7_0",0.0373860936524305,1.15,2.2,5
"SSP5_8_5",0.0376331569410932,1.15,2.2,5
"SSP1_1_9",0.0228508255225679,1.15,2.35,5
"SSP1_2_6",0.0160588674722639,1.15,2.35,5
"SSP2_4_5",0.0485377478296618,1.15,2.35,5
"SSP3_7_0",0.0398953981108111,1.15,2.35,5
"SSP5_8_5",0.0413025686595796,1.15,2.35,5
"SSP1_1_9",0.0234109693179843,1.15,2.5,5
"SSP1_2_6",0.0181471459419718,1.15,2.5,5
"SSP2_4_5",0.0502625490510906,1.15,2.5,5
"SSP3_7_0",0.0422381697624956,1.15,2.5,5
"SSP5_8_5",0.0451703229392652,1.15,2.5,5
"SSP1_1_9",0.0255126925912097,1.15,2.35,5
"SSP1_2_6",0.0179575207037327,1.15,2.35,5
"SSP2_4_5",0.05294386255582,1.15,2.35,5
"SSP3_7_0",0.0425672994274365,1.15,2.35,5
"SSP5_8_5",0.0444623062984967,1.15,2.35,5
"SSP1_1_9",0.026069753025939,1.15,2.5,5
"SSP1_2_6",0.0200376219048717,1.15,2.5,5
"SSP2_4_5",0.0546525795900629,1.15,2.5,5
"SSP3_7_0",0.0448819964494434,1.15,2.5,5
"SSP5_8_5",0.0482829446070895,1.15,2.5,5
"SSP1_1_9",0.027259424564062,1.15,2.5,5
"SSP1_2_6",0.0236770455378515,1.15,2.5,5
"SSP2_4_5",0.0573743664955595,1.15,2.5,5
"SSP3_7_0",0.0472506570234547,1.15,2.5,5
"SSP5_8_5",0.0518069352010208,1.15,2.5,5
"SSP1_1_9",0.015702440813784,1.15,2.05,5
"SSP1_2_6",0.00991613886211754,1.15,2.05,5
"SSP2_4_5",0.0404174589580584,1.15,2.05,5
"SSP3_7_0",0.0345790425133397,1.15,2.05,5
"SSP5_8_5",0.0337216671669829,1.15,2.05,5
"SSP1_1_9",0.0184034405441514,1.15,2.2,5
"SSP1_2_6",0.0118378394446759,1.15,2.2,5
"SSP2_4_5",0.044897460758631,1.15,2.2,5
"SSP3_7_0",0.0373645873251869,1.15,2.2,5
"SSP5_8_5",0.0369782865617131,1.15,2.2,5
"SSP1_1_9",0.0196120034542072,1.15,2.35,5
"SSP1_2_6",0.0155367353676833,1.15,2.35,5
"SSP2_4_5",0.0476748037809306,1.15,2.35,5
"SSP3_7_0",0.0397959759246082,1.15,2.35,5
"SSP5_8_5",0.0406501985385904,1.15,2.35,5
"SSP1_1_9",0.020175811765623,1.15,2.5,5
"SSP1_2_6",0.017626066882021,1.15,2.5,5
"SSP2_4_5",0.0494019008064225,1.15,2.5,5
"SSP3_7_0",0.0421301695659719,1.15,2.5,5
"SSP5_8_5",0.0445200074779485,1.15,2.5,5
"SSP1_1_9",0.0227186498345225,1.15,2.2,5
"SSP1_2_6",0.0132868948079581,1.15,2.2,5
"SSP2_4_5",0.0492506785192794,1.15,2.2,5
"SSP3_7_0",0.0399580630083427,1.15,2.2,5
"SSP5_8_5",0.0399828158784101,1.15,2.2,5
"SSP1_1_9",0.023916480739872,1.15,2.35,5
"SSP1_2_6",0.0169746286802237,1.15,2.35,5
"SSP2_4_5",0.0520023542884612,1.15,2.35,5
"SSP3_7_0",0.0423619832569211,1.15,2.35,5
"SSP5_8_5",0.0436069203377303,1.15,2.35,5
"SSP1_1_9",0.0244753079422173,1.15,2.5,5
"SSP1_2_6",0.0190576543106287,1.15,2.5,5
"SSP2_4_5",0.0537135258051017,1.15,2.5,5
"SSP3_7_0",0.0446717595163737,1.15,2.5,5
"SSP5_8_5",0.0474294596222055,1.15,2.5,5
"SSP1_1_9",0.0265720858866401,1.15,2.35,5
"SSP1_2_6",0.0188684900671977,1.15,2.35,5
"SSP2_4_5",0.0563736997834886,1.15,2.35,5
"SSP3_7_0",0.0448847223529768,1.15,2.35,5
"SSP5_8_5",0.0467255582081547,1.15,2.35,5
"SSP1_1_9",0.0271278408147459,1.15,2.5,5
"SSP1_2_6",0.0209433718512042,1.15,2.5,5
"SSP2_4_5",0.0580689814684834,1.15,2.5,5
"SSP3_7_0",0.0471728296956936,1.15,2.5,5
"SSP5_8_5",0.050501924516732,1.15,2.5,5
"SSP1_1_9",0.0283147159276,1.15,2.5,5
"SSP1_2_6",0.0245737191667427,1.15,2.5,5
"SSP2_4_5",0.0607694243578909,1.15,2.5,5
"SSP3_7_0",0.0495127448800181,1.15,2.5,5
"SSP5_8_5",0.0539835192825141,1.15,2.5,5
"SSP1_1_9",0.0250061573844874,1.15,2.2,5
"SSP1_2_6",0.0144730957328459,1.15,2.2,5
"SSP2_4_5",0.0531239628064002,1.15,2.2,5
"SSP3_7_0",0.0425458212233282,1.15,2.2,5
"SSP5_8_5",0.0426779586590169,1.15,2.2,5
"SSP1_1_9",0.0261982619269827,1.15,2.35,5
"SSP1_2_6",0.0181508450332154,1.15,2.35,5
"SSP2_4_5",0.0558524576704415,1.15,2.35,5
"SSP3_7_0",0.0449205894094702,1.15,2.35,5
"SSP5_8_5",0.0462561345332382,1.15,2.35,5
"SSP1_1_9",0.0267544311678331,1.15,2.5,5
"SSP1_2_6",0.0202282329002513,1.15,2.5,5
"SSP2_4_5",0.0575492465994322,1.15,2.5,5
"SSP3_7_0",0.0472043111479256,1.15,2.5,5
"SSP5_8_5",0.0500330582142738,1.15,2.5,5
"SSP1_1_9",0.0288412231162424,1.15,2.35,5
"SSP1_2_6",0.0200395602917644,1.15,2.35,5
"SSP2_4_5",0.0601871101070257,1.15,2.35,5
"SSP3_7_0",0.0474108895328456,1.15,2.35,5
"SSP5_8_5",0.0493327868704224,1.15,2.35,5
"SSP1_1_9",0.0293943420249981,1.15,2.5,5
"SSP1_2_6",0.0221088385320757,1.15,2.5,5
"SSP2_4_5",0.0618682104363663,1.15,2.5,5
"SSP3_7_0",0.0496733571472664,1.15,2.5,5
"SSP5_8_5",0.0530644615741052,1.15,2.5,5
"SSP1_1_9",0.03057556913788,1.15,2.5,5
"SSP1_2_6",0.0257294418559209,1.15,2.5,5
"SSP2_4_5",0.0645461212049957,1.15,2.5,5
"SSP3_7_0",0.0519853544325101,1.15,2.5,5
"SSP5_8_5",0.0565029805745854,1.15,2.5,5
"SSP1_1_9",0.0330643421420729,1.15,2.35,5
"SSP1_2_6",0.0214633505990373,1.15,2.35,5
"SSP2_4_5",0.0643986853266329,1.15,2.35,5
"SSP3_7_0",0.0498790177994356,1.15,2.35,5
"SSP5_8_5",0.0521624255364353,1.15,2.35,5
"SSP1_1_9",0.0336126206683808,1.15,2.5,5
"SSP1_2_6",0.0235264152447483,1.15,2.5,5
"SSP2_4_5",0.066064494538135,1.15,2.5,5
"SSP3_7_0",0.0521183360845145,1.15,2.5,5
"SSP5_8_5",0.0558496327147127,1.15,2.5,5
"SSP1_1_9",0.0347834761765381,1.15,2.5,5
"SSP1_2_6",0.0271362138812858,1.15,2.5,5
"SSP2_4_5",0.068718108126599,1.15,2.5,5
"SSP3_7_0",0.0544050059184687,1.15,2.5,5
"SSP5_8_5",0.0592450995083583,1.15,2.5,5
"SSP1_1_9",0.0373795168306722,1.15,2.5,5
"SSP1_2_6",0.0289898687188819,1.15,2.5,5
"SSP2_4_5",0.0729342073376921,1.15,2.5,5
"SSP3_7_0",0.0567959769947701,1.15,2.5,5
"SSP5_8_5",0.0621523502677545,1.15,2.5,5
"SSP1_1_9",0.0163357180734517,1.15,2.05,5
"SSP1_2_6",0.0105233380772105,1.15,2.05,5
"SSP2_4_5",0.0430734096613113,1.15,2.05,5
"SSP3_7_0",0.0358342173995873,1.15,2.05,5
"SSP5_8_5",0.0348092568092478,1.15,2.05,5
"SSP1_1_9",0.0190329315203934,1.15,2.2,5
"SSP1_2_6",0.0124407618948584,1.15,2.2,5
"SSP2_4_5",0.0475242809028534,1.15,2.2,5
"SSP3_7_0",0.038415371365211,1.15,2.2,5
"SSP5_8_5",0.0380330551137551,1.15,2.2,5
"SSP1_1_9",0.0202398006847761,1.15,2.35,5
"SSP1_2_6",0.0161314942685486,1.15,2.35,5
"SSP2_4_5",0.0502836476340311,1.15,2.35,5
"SSP3_7_0",0.0408232138958066,1.15,2.35,5
"SSP5_8_5",0.0416696273888658,1.15,2.35,5
"SSP1_1_9",0.0208028226862608,1.15,2.5,5
"SSP1_2_6",0.0182162259897507,1.15,2.5,5
"SSP2_4_5",0.0519995950076754,1.15,2.5,5
"SSP3_7_0",0.043135680260765,1.15,2.5,5
"SSP5_8_5",0.0455035265297249,1.15,2.5,5
"SSP1_1_9",0.0233421336303384,1.15,2.2,5
"SSP1_2_6",0.0138865682283707,1.15,2.2,5
"SSP2_4_5",0.0518491594718853,1.15,2.2,5
"SSP3_7_0",0.0409819199534439,1.15,2.2,5
"SSP5_8_5",0.041006764585457,1.15,2.2,5
"SSP1_1_9",0.0245382937706121,1.15,2.35,5
"SSP1_2_6",0.0175661811069168,1.15,2.35,5
"SSP2_4_5",0.0545831196211472,1.15,2.35,5
"SSP3_7_0",0.0433627778376336,1.15,2.35,5
"SSP5_8_5",0.0445963623562206,1.15,2.35,5
"SSP1_1_9",0.0250963453054948,1.15,2.5,5
"SSP1_2_6",0.0196446309092283,1.15,2.5,5
"SSP2_4_5",0.0562833028117473,1.15,2.5,5
"SSP3_7_0",0.0456512490098456,1.15,2.5,5
"SSP5_8_5",0.0483838003237223,1.15,2.5,5
"SSP1_1_9",0.027190209835339,1.15,2.35,5
"SSP1_2_6",0.0194558716952013,1.15,2.35,5
"SSP2_4_5",0.0589264367565322,1.15,2.35,5
"SSP3_7_0",0.0458607135357227,1.15,2.35,5
"SSP5_8_5",0.0476845907658912,1.15,2.35,5
"SSP1_1_9",0.0277451956420122,1.15,2.5,5
"SSP1_2_6",0.0215262084459838,1.15,2.5,5
"SSP2_4_5",0.0606108899369721,1.15,2.5,5
"SSP3_7_0",0.0481278850937285,1.15,2.5,5
"SSP5_8_5",0.0514266340676336,1.15,2.5,5
"SSP1_1_9",0.028930423364995,1.15,2.5,5
"SSP1_2_6",0.0251486514935125,1.15,2.5,5
"SSP2_4_5",0.0632941324884882,1.15,2.5,5
"SSP3_7_0",0.0504458322595206,1.15,2.5,5
"SSP5_8_5",0.0548761249403056,1.15,2.5,5
"SSP1_1_9",0.0256264388555042,1.15,2.2,5
"SSP1_2_6",0.015069974989845,1.15,2.2,5
"SSP2_4_5",0.0556969375650371,1.15,2.2,5
"SSP3_7_0",0.0435422797094925,1.15,2.2,5
"SSP5_8_5",0.0436736343641868,1.15,2.2,5
"SSP1_1_9",0.0268168848880775,1.15,2.35,5
"SSP1_2_6",0.0187396418015884,1.15,2.35,5
"SSP2_4_5",0.0584079522918412,1.15,2.35,5
"SSP3_7_0",0.0458944974349249,1.15,2.35,5
"SSP5_8_5",0.0472181016997877,1.15,2.35,5
"SSP1_1_9",0.0273722841371181,1.15,2.5,5
"SSP1_2_6",0.0208124755150751,1.15,2.5,5
"SSP2_4_5",0.0600938986324715,1.15,2.5,5
"SSP3_7_0",0.0481573628545396,1.15,2.5,5
"SSP5_8_5",0.0509607014795747,1.15,2.5,5
"SSP1_1_9",0.0294561839814878,1.15,2.35,5
"SSP1_2_6",0.0206242060646165,1.15,2.35,5
"SSP2_4_5",0.0627149476224579,1.15,2.35,5
"SSP3_7_0",0.0483605669192341,1.15,2.35,5
"SSP5_8_5",0.0502650768256914,1.15,2.35,5
"SSP1_1_9",0.0300085393814196,1.15,2.5,5
"SSP1_2_6",0.0226889607614548,1.15,2.5,5
"SSP2_4_5",0.0643853624250486,1.15,2.5,5
"SSP3_7_0",0.0506025372605853,1.15,2.5,5
"SSP5_8_5",0.0539631833878639,1.15,2.5,5
"SSP1_1_9",0.0311881311342774,1.15,2.5,5
"SSP1_2_6",0.0263016970240528,1.15,2.5,5
"SSP2_4_5",0.0670462994405,1.15,2.5,5
"SSP3_7_0",0.0528930478546061,1.15,2.5,5
"SSP5_8_5",0.0573703270048212,1.15,2.5,5
"SSP1_1_9",0.0336734919395114,1.15,2.35,5
"SSP1_2_6",0.0220448437462333,1.15,2.35,5
"SSP2_4_5",0.0668996152951025,1.15,2.35,5
"SSP3_7_0",0.0508039871684153,1.15,2.35,5
"SSP5_8_5",0.0530669467301381,1.15,2.35,5
"SSP1_1_9",0.034221017195707,1.15,2.5,5
"SSP1_2_6",0.0241034083168643,1.15,2.5,5
"SSP2_4_5",0.0685548916134135,1.15,2.5,5
"SSP3_7_0",0.0530231989685643,1.15,2.5,5
"SSP5_8_5",0.0567213258346776,1.15,2.5,5
"SSP1_1_9",0.0353902592897364,1.15,2.5,5
"SSP1_2_6",0.0277053805282776,1.15,2.5,5
"SSP2_4_5",0.0711917733538786,1.15,2.5,5
"SSP3_7_0",0.0552888126291972,1.15,2.5,5
"SSP5_8_5",0.0600861340125089,1.15,2.5,5
"SSP1_1_9",0.03798273715592,1.15,2.5,5
"SSP1_2_6",0.0295550161784588,1.15,2.5,5
"SSP2_4_5",0.0753813954338338,1.15,2.5,5
"SSP3_7_0",0.0576572420222674,1.15,2.5,5
"SSP5_8_5",0.0629665363877573,1.15,2.5,5
"SSP1_1_9",0.0266852778136129,1.15,2.2,5
"SSP1_2_6",0.0159864571620639,1.15,2.2,5
"SSP2_4_5",0.059099236148379,1.15,2.2,5
"SSP3_7_0",0.0458220925564714,1.15,2.2,5
"SSP5_8_5",0.0459220767468672,1.15,2.2,5
"SSP1_1_9",0.0278729249993406,1.15,2.35,5
"SSP1_2_6",0.0196469310461128,1.15,2.35,5
"SSP2_4_5",0.0617890532520891,1.15,2.35,5
"SSP3_7_0",0.0481460101676768,1.15,2.35,5
"SSP5_8_5",0.0494239182224909,1.15,2.35,5
"SSP1_1_9",0.0284270248690211,1.15,2.5,5
"SSP1_2_6",0.0217145786078284,1.15,2.5,5
"SSP2_4_5",0.0634618483104888,1.15,2.5,5
"SSP3_7_0",0.0503833769483547,1.15,2.5,5
"SSP5_8_5",0.0531239049242946,1.15,2.5,5
"SSP1_1_9",0.0305060440149187,1.15,2.35,5
"SSP1_2_6",0.0215267643941798,1.15,2.35,5
"SSP2_4_5",0.0660624981127467,1.15,2.35,5
"SSP3_7_0",0.0505808268867137,1.15,2.35,5
"SSP5_8_5",0.0524322682401673,1.15,2.35,5
"SSP1_1_9",0.0310571109301647,1.15,2.5,5
"SSP1_2_6",0.0235863657926873,1.15,2.5,5
"SSP2_4_5",0.0677199469556163,1.15,2.5,5
"SSP3_7_0",0.0527977059480954,1.15,2.5,5
"SSP5_8_5",0.0560886304799214,1.15,2.5,5
"SSP1_1_9",0.0322339427402671,1.15,2.5,5
"SSP1_2_6",0.0271901402139938,1.15,2.5,5
"SSP2_4_5",0.0703602838428776,1.15,2.5,5
"SSP3_7_0",0.0550611271303591,1.15,2.5,5
"SSP5_8_5",0.0594558303968854,1.15,2.5,5
"SSP1_1_9",0.0347135451770928,1.15,2.35,5
"SSP1_2_6",0.022943795222717,1.15,2.35,5
"SSP2_4_5",0.0702144936480795,1.15,2.35,5
"SSP3_7_0",0.0529913765563227,1.15,2.35,5
"SSP5_8_5",0.0551971347430944,1.15,2.35,5
"SSP1_1_9",0.0352597991552076,1.15,2.5,5
"SSP1_2_6",0.0249972317189944,1.15,2.5,5
"SSP2_4_5",0.0718569841954991,1.15,2.5,5
"SSP3_7_0",0.055185943927881,1.15,2.5,5
"SSP5_8_5",0.0588106257782721,1.15,2.5,5
"SSP1_1_9",0.0364263181884276,1.15,2.5,5
"SSP1_2_6",0.0285902857695095,1.15,2.5,5
"SSP2_4_5",0.0744735514251597,1.15,2.5,5
"SSP3_7_0",0.0574249671692272,1.15,2.5,5
"SSP5_8_5",0.062136328502623,1.15,2.5,5
"SSP1_1_9",0.0390127828714981,1.15,2.5,5
"SSP1_2_6",0.0304353320601995,1.15,2.5,5
"SSP2_4_5",0.0786310159479123,1.15,2.5,5
"SSP3_7_0",0.0597640956904065,1.15,2.5,5
"SSP5_8_5",0.064981405632672,1.15,2.5,5
"SSP1_1_9",0.0369435879845309,1.15,2.35,5
"SSP1_2_6",0.0241015869302513,1.15,2.35,5
"SSP2_4_5",0.073906223240411,1.15,2.35,5
"SSP3_7_0",0.0553879287416227,1.15,2.35,5
"SSP5_8_5",0.0576654812815665,1.15,2.35,5
"SSP1_1_9",0.037487273726491,1.15,2.5,5
"SSP1_2_6",0.0261495143855631,1.15,2.5,5
"SSP2_4_5",0.0755352059525275,1.15,2.5,5
"SSP3_7_0",0.0575586934761116,1.15,2.5,5
"SSP5_8_5",0.0612376178665516,1.15,2.5,5
"SSP1_1_9",0.0386482900644647,1.15,2.5,5
"SSP1_2_6",0.0297329880894732,1.15,2.5,5
"SSP2_4_5",0.0781303086311628,1.15,2.5,5
"SSP3_7_0",0.0597718425935909,1.15,2.5,5
"SSP5_8_5",0.0645235024022115,1.15,2.5,5
"SSP1_1_9",0.0412226033536747,1.15,2.5,5
"SSP1_2_6",0.0315730965565276,1.15,2.5,5
"SSP2_4_5",0.082253787254051,1.15,2.5,5
"SSP3_7_0",0.0620822598274082,1.15,2.5,5
"SSP5_8_5",0.0673323052973375,1.15,2.5,5
"SSP1_1_9",0.0453367799031882,1.15,2.5,5
"SSP1_2_6",0.0329597018559511,1.15,2.5,5
"SSP2_4_5",0.0862596155234121,1.15,2.5,5
"SSP3_7_0",0.0643595681876609,1.15,2.5,5
"SSP5_8_5",0.0699030318388761,1.15,2.5,5
"SSP1_1_9",0.00639979157823399,1.3,1.9,5
"SSP1_2_6",0.00482796567800402,1.3,1.9,5
"SSP2_4_5",0.0182181324117113,1.3,1.9,5
"SSP3_7_0",0.0150323584419001,1.3,1.9,5
"SSP5_8_5",0.0148331038070388,1.3,1.9,5
"SSP1_1_9",0.0107875518532859,1.3,2.05,5
"SSP1_2_6",0.00626637745642907,1.3,2.05,5
"SSP2_4_5",0.0226643751101996,1.3,2.05,5
"SSP3_7_0",0.0178258299665172,1.3,2.05,5
"SSP5_8_5",0.018074175297885,1.3,2.05,5
"SSP1_1_9",0.013494932512821,1.3,2.2,5
"SSP1_2_6",0.00817363295168277,1.3,2.2,5
"SSP2_4_5",0.0271949840553689,1.3,2.2,5
"SSP3_7_0",0.0205470766555551,1.3,2.2,5
"SSP5_8_5",0.0214677273869347,1.3,2.2,5
"SSP1_1_9",0.0147073962485311,1.3,2.35,5
"SSP1_2_6",0.0118636329117901,1.3,2.35,5
"SSP2_4_5",0.0300189614522813,1.3,2.35,5
"SSP3_7_0",0.0230716141275453,1.3,2.35,5
"SSP5_8_5",0.025274642336442,1.3,2.35,5
"SSP1_1_9",0.0152738160988988,1.3,2.5,5
"SSP1_2_6",0.0139494032426284,1.3,2.5,5
"SSP2_4_5",0.0317781326836013,1.3,2.5,5
"SSP3_7_0",0.0254830028439769,1.3,2.5,5
"SSP5_8_5",0.0292718898247995,1.3,2.5,5
"SSP1_1_9",0.013075718104722,1.3,2.05,5
"SSP1_2_6",0.00741218482689614,1.3,2.05,5
"SSP2_4_5",0.0264929699933888,1.3,2.05,5
"SSP3_7_0",0.0206303335305818,1.3,2.05,5
"SSP5_8_5",0.021001168224342,1.3,2.05,5
"SSP1_1_9",0.0157701815176725,1.3,2.2,5
"SSP1_2_6",0.00931432190170301,1.3,2.2,5
"SSP2_4_5",0.0309857223560776,1.3,2.2,5
"SSP3_7_0",0.0233155096567167,1.3,2.2,5
"SSP5_8_5",0.0243473917586053,1.3,2.2,5
"SSP1_1_9",0.0169768630614475,1.3,2.35,5
"SSP1_2_6",0.0129945377604311,1.3,2.35,5
"SSP2_4_5",0.0337862645433018,1.3,2.35,5
"SSP3_7_0",0.0258087892036798,1.3,2.35,5
"SSP5_8_5",0.0281050103978333,1.3,2.35,5
"SSP1_1_9",0.0175405971387945,1.3,2.5,5
"SSP1_2_6",0.0150747819037682,1.3,2.5,5
"SSP2_4_5",0.0355308835870062,1.3,2.5,5
"SSP3_7_0",0.0281923714620041,1.3,2.5,5
"SSP5_8_5",0.0320534704826863,1.3,2.5,5
"SSP1_1_9",0.0200743247203008,1.3,2.2,5
"SSP1_2_6",0.0107386204484103,1.3,2.2,5
"SSP2_4_5",0.0353113833191222,1.3,2.2,5
"SSP3_7_0",0.0259999596769827,1.3,2.2,5
"SSP5_8_5",0.0274451699451147,1.3,2.2,5
"SSP1_1_9",0.0212703028322496,1.3,2.35,5
"SSP1_2_6",0.0144078667206782,1.3,2.35,5
"SSP2_4_5",0.0380862621978204,1.3,2.35,5
"SSP3_7_0",0.0284649738772361,1.3,2.35,5
"SSP5_8_5",0.0311537247250175,1.3,2.35,5
"SSP1_1_9",0.0218290654989692,1.3,2.5,5
"SSP1_2_6",0.0164819114678357,1.3,2.5,5
"SSP2_4_5",0.039814943998968,1.3,2.5,5
"SSP3_7_0",0.0308235052860493,1.3,2.5,5
"SSP5_8_5",0.0350537697061444,1.3,2.5,5
"SSP1_1_9",0.023919507498189,1.3,2.35,5
"SSP1_2_6",0.0162826060509966,1.3,2.35,5
"SSP2_4_5",0.042470296533188,1.3,2.35,5
"SSP3_7_0",0.0310629361107397,1.3,2.35,5
"SSP5_8_5",0.0343582538669761,1.3,2.35,5
"SSP1_1_9",0.0244752035974844,1.3,2.5,5
"SSP1_2_6",0.0183486169737237,1.3,2.5,5
"SSP2_4_5",0.0441830035637878,1.3,2.5,5
"SSP3_7_0",0.0333992733270989,1.3,2.5,5
"SSP5_8_5",0.0382110639551632,1.3,2.5,5
"SSP1_1_9",0.0256602512619609,1.3,2.5,5
"SSP1_2_6",0.0219611563987435,1.3,2.5,5
"SSP2_4_5",0.0469063412400739,1.3,2.5,5
"SSP3_7_0",0.0357986816450522,1.3,2.5,5
"SSP5_8_5",0.0417738287300548,1.3,2.5,5
"SSP1_1_9",0.0141581166562207,1.3,2.05,5
"SSP1_2_6",0.00834033036517613,1.3,2.05,5
"SSP2_4_5",0.0297088179674644,1.3,2.05,5
"SSP3_7_0",0.0231561338264711,1.3,2.05,5
"SSP5_8_5",0.0234996513916388,1.3,2.05,5
"SSP1_1_9",0.0168461893026611,1.3,2.2,5
"SSP1_2_6",0.0102376492732624,1.3,2.2,5
"SSP2_4_5",0.0341673625924249,1.3,2.2,5
"SSP3_7_0",0.0258058030287909,1.3,2.2,5
"SSP5_8_5",0.0268013697558045,1.3,2.2,5
"SSP1_1_9",0.0180500105716731,1.3,2.35,5
"SSP1_2_6",0.0139086464375082,1.3,2.35,5
"SSP2_4_5",0.0369467282979112,1.3,2.35,5
"SSP3_7_0",0.0282681209245611,1.3,2.35,5
"SSP5_8_5",0.0305123070024132,1.3,2.35,5
"SSP1_1_9",0.0186124158207835,1.3,2.5,5
"SSP1_2_6",0.0159836874972203,1.3,2.5,5
"SSP2_4_5",0.038678198818259,1.3,2.5,5
"SSP3_7_0",0.0306239626989543,1.3,2.5,5
"SSP5_8_5",0.0344143028548808,1.3,2.5,5
"SSP1_1_9",0.0211401938131903,1.3,2.2,5
"SSP1_2_6",0.0116582891041884,1.3,2.2,5
"SSP2_4_5",0.038459903476518,1.3,2.2,5
"SSP3_7_0",0.028452684263244,1.3,2.2,5
"SSP5_8_5",0.0298563252929971,1.3,2.2,5
"SSP1_1_9",0.0223333502780006,1.3,2.35,5
"SSP1_2_6",0.0153183616292557,1.3,2.35,5
"SSP2_4_5",0.0412139087216145,1.3,2.35,5
"SSP3_7_0",0.0308873275834176,1.3,2.35,5
"SSP5_8_5",0.0335192204319098,1.3,2.35,5
"SSP1_1_9",0.0228908020139172,1.3,2.5,5
"SSP1_2_6",0.0173872286266678,1.3,2.5,5
"SSP2_4_5",0.0429296295555517,1.3,2.5,5
"SSP3_7_0",0.0332186270025289,1.3,2.5,5
"SSP5_8_5",0.0373737837428002,1.3,2.5,5
"SSP1_1_9",0.0249763275236409,1.3,2.35,5
"SSP1_2_6",0.0171883947557441,1.3,2.35,5
"SSP2_4_5",0.0455650164570635,1.3,2.35,5
"SSP3_7_0",0.0334516130738423,1.3,2.35,5
"SSP5_8_5",0.0366822116175554,1.3,2.35,5
"SSP1_1_9",0.0255307237018006,1.3,2.5,5
"SSP1_2_6",0.0192492605346371,1.3,2.5,5
"SSP2_4_5",0.0472649489462025,1.3,2.5,5
"SSP3_7_0",0.0357611597447341,1.3,2.5,5
"SSP5_8_5",0.0404904808442078,1.3,2.5,5
"SSP1_1_9",0.0267129890218516,1.3,2.5,5
"SSP1_2_6",0.0228528558516491,1.3,2.5,5
"SSP2_4_5",0.0499680143337887,1.3,2.5,5
"SSP3_7_0",0.0381315103493562,1.3,2.5,5
"SSP5_8_5",0.0440104906834796,1.3,2.5,5
"SSP1_1_9",0.0233787502250156,1.3,2.2,5
"SSP1_2_6",0.0127885261061425,1.3,2.2,5
"SSP2_4_5",0.042152096735653,1.3,2.2,5
"SSP3_7_0",0.0311031199094491,1.3,2.2,5
"SSP5_8_5",0.0326063110307802,1.3,2.2,5
"SSP1_1_9",0.0245662629440234,1.3,2.35,5
"SSP1_2_6",0.0164389428207808,1.3,2.35,5
"SSP2_4_5",0.0448835608331933,1.3,2.35,5
"SSP3_7_0",0.0335083546021393,1.3,2.35,5
"SSP5_8_5",0.036222991372817,1.3,2.35,5
"SSP1_1_9",0.0251210930505781,1.3,2.5,5
"SSP1_2_6",0.0185023559405751,1.3,2.5,5
"SSP2_4_5",0.0465852831944601,1.3,2.5,5
"SSP3_7_0",0.0358134387605052,1.3,2.5,5
"SSP5_8_5",0.0400317297285399,1.3,2.5,5
"SSP1_1_9",0.0271967839702603,1.3,2.35,5
"SSP1_2_6",0.0183040143813781,1.3,2.35,5
"SSP2_4_5",0.049199092850621,1.3,2.35,5
"SSP3_7_0",0.0360398303036758,1.3,2.35,5
"SSP5_8_5",0.0393436303804514,1.3,2.35,5
"SSP1_1_9",0.027748580173341,1.3,2.5,5
"SSP1_2_6",0.0203594592715078,1.3,2.5,5
"SSP2_4_5",0.0508852228035417,1.3,2.5,5
"SSP3_7_0",0.0383235758579759,1.3,2.5,5
"SSP5_8_5",0.0431069957823697,1.3,2.5,5
"SSP1_1_9",0.0289252790569442,1.3,2.5,5
"SSP1_2_6",0.0239536310038244,1.3,2.5,5
"SSP2_4_5",0.053566379049339,1.3,2.5,5
"SSP3_7_0",0.0406657507284196,1.3,2.5,5
"SSP5_8_5",0.046583634811612,1.3,2.5,5
"SSP1_1_9",0.0313994755851654,1.3,2.35,5
"SSP1_2_6",0.019700041562119,1.3,2.35,5
"SSP2_4_5",0.0533529209913837,1.3,2.35,5
"SSP3_7_0",0.0385599582735446,1.3,2.35,5
"SSP5_8_5",0.0422223381017701,1.3,2.35,5
"SSP1_1_9",0.0319464577251514,1.3,2.5,5
"SSP1_2_6",0.0217494017249744,1.3,2.5,5
"SSP2_4_5",0.0550239222004426,1.3,2.5,5
"SSP3_7_0",0.0408204280151211,1.3,2.5,5
"SSP5_8_5",0.0459410645204605,1.3,2.5,5
"SSP1_1_9",0.0331128488662101,1.3,2.5,5
"SSP1_2_6",0.0253329957196208,1.3,2.5,5
"SSP2_4_5",0.0576810608136044,1.3,2.5,5
"SSP3_7_0",0.0431370685427349,1.3,2.5,5
"SSP5_8_5",0.0492280183590287,1.3,2.5,5
"SSP1_1_9",0.0356967505128648,1.3,2.5,5
"SSP1_2_6",0.0271636764918714,1.3,2.5,5
"SSP2_4_5",0.0618792429249477,1.3,2.5,5
"SSP3_7_0",0.0455684600393218,1.3,2.5,5
"SSP5_8_5",0.0517029685176394,1.3,2.5,5
"SSP1_1_9",0.0146292355209147,1.3,2.05,5
"SSP1_2_6",0.00877967315156206,1.3,2.05,5
"SSP2_4_5",0.0311036802568982,1.3,2.05,5
"SSP3_7_0",0.0243142377305859,1.3,2.05,5
"SSP5_8_5",0.0246568658166776,1.3,2.05,5
"SSP1_1_9",0.0173139886688114,1.3,2.2,5
"SSP1_2_6",0.0106731175633158,1.3,2.2,5
"SSP2_4_5",0.0355392259694604,1.3,2.2,5
"SSP3_7_0",0.0269370578503901,1.3,2.2,5
"SSP5_8_5",0.027925201792962,1.3,2.2,5
"SSP1_1_9",0.0185163250756715,1.3,2.35,5
"SSP1_2_6",0.014336684574845,1.3,2.35,5
"SSP2_4_5",0.038304356819794,1.3,2.35,5
"SSP3_7_0",0.0293754335551751,1.3,2.35,5
"SSP5_8_5",0.0310363051196783,1.3,2.35,5
"SSP1_1_9",0.0190780400570733,1.3,2.5,5
"SSP1_2_6",0.0164075396590036,1.3,2.5,5
"SSP2_4_5",0.040026993202041,1.3,2.5,5
"SSP3_7_0",0.0317092789425406,1.3,2.5,5
"SSP5_8_5",0.0341773046644501,1.3,2.5,5
"SSP1_1_9",0.0216027271397099,1.3,2.2,5
"SSP1_2_6",0.0120908365092215,1.3,2.2,5
"SSP2_4_5",0.0398096184225662,1.3,2.2,5
"SSP3_7_0",0.0295563072491752,1.3,2.2,5
"SSP5_8_5",0.0305449491113984,1.3,2.2,5
"SSP1_1_9",0.0227944197862465,1.3,2.35,5
"SSP1_2_6",0.0157435183805255,1.3,2.35,5
"SSP2_4_5",0.0425496117356511,1.3,2.35,5
"SSP3_7_0",0.0319674952724542,1.3,2.35,5
"SSP5_8_5",0.033553595021717,1.3,2.35,5
"SSP1_1_9",0.0233511910069964,1.3,2.5,5
"SSP1_2_6",0.0178082216472607,1.3,2.5,5
"SSP2_4_5",0.044256636447751,1.3,2.5,5
"SSP3_7_0",0.0342772221444863,1.3,2.5,5
"SSP5_8_5",0.0366560949819205,1.3,2.5,5
"SSP1_1_9",0.025434166521632,1.3,2.35,5
"SSP1_2_6",0.0176097755261507,1.3,2.35,5
"SSP2_4_5",0.0468786641967807,1.3,2.35,5
"SSP3_7_0",0.0345064372303918,1.3,2.35,5
"SSP5_8_5",0.0362034017248783,1.3,2.35,5
"SSP1_1_9",0.0259878881807505,1.3,2.5,5
"SSP1_2_6",0.01966650626301,1.3,2.5,5
"SSP2_4_5",0.0485700378496963,1.3,2.5,5
"SSP3_7_0",0.0367947815836078,1.3,2.5,5
"SSP5_8_5",0.0392682734425185,1.3,2.5,5
"SSP1_1_9",0.0271687110809538,1.3,2.5,5
"SSP1_2_6",0.0232629131936808,1.3,2.5,5
"SSP2_4_5",0.0512595341932044,1.3,2.5,5
"SSP3_7_0",0.0391427747961273,1.3,2.5,5
"SSP5_8_5",0.0421604985697975,1.3,2.5,5
"SSP1_1_9",0.0238385097061084,1.3,2.2,5
"SSP1_2_6",0.0132186394152816,1.3,2.2,5
"SSP2_4_5",0.0434824791213938,1.3,2.2,5
"SSP3_7_0",0.032178514060552,1.3,2.2,5
"SSP5_8_5",0.0326651241219604,1.3,2.2,5
"SSP1_1_9",0.0250245697499687,1.3,2.35,5
"SSP1_2_6",0.016861700733963,1.3,2.35,5
"SSP2_4_5",0.0462001294728981,1.3,2.35,5
"SSP3_7_0",0.0345608095387171,1.3,2.35,5
"SSP5_8_5",0.0356370206069629,1.3,2.35,5
"SSP1_1_9",0.0255787245058407,1.3,2.5,5
"SSP1_2_6",0.0189209699688199,1.3,2.5,5
"SSP2_4_5",0.0478932784102211,1.3,2.5,5
"SSP3_7_0",0.0368447722632855,1.3,2.5,5
"SSP5_8_5",0.0387034854170062,1.3,2.5,5
"SSP1_1_9",0.0276518847942305,1.3,2.35,5
"SSP1_2_6",0.0187230143900188,1.3,2.35,5
"SSP2_4_5",0.0504939176993852,1.3,2.35,5
"SSP3_7_0",0.0370675208865977,1.3,2.35,5
"SSP5_8_5",0.0382528509609017,1.3,2.35,5
"SSP1_1_9",0.0282030115841651,1.3,2.5,5
"SSP1_2_6",0.0207743439127769,1.3,2.5,5
"SSP2_4_5",0.0521716090969341,1.3,2.5,5
"SSP3_7_0",0.0393305050270871,1.3,2.5,5
"SSP5_8_5",0.0412824197223979,1.3,2.5,5
"SSP1_1_9",0.0293782789817488,1.3,2.5,5
"SSP1_2_6",0.0243613613129792,1.3,2.5,5
"SSP2_4_5",0.0548393866886146,1.3,2.5,5
"SSP3_7_0",0.0416508081343945,1.3,2.5,5
"SSP5_8_5",0.0441401602436107,1.3,2.5,5
"SSP1_1_9",0.0318494896042764,1.3,2.35,5
"SSP1_2_6",0.0201162097109377,1.3,2.35,5
"SSP2_4_5",0.054626810245599,1.3,2.35,5
"SSP3_7_0",0.0395622603126925,1.3,2.35,5
"SSP5_8_5",0.0406648667292481,1.3,2.35,5
"SSP1_1_9",0.0323958117070501,1.3,2.5,5
"SSP1_2_6",0.0221614762893956,1.3,2.5,5
"SSP2_4_5",0.0562895032642761,1.3,2.5,5
"SSP3_7_0",0.0418023612113494,1.3,2.5,5
"SSP5_8_5",0.0436581863770363,1.3,2.5,5
"SSP1_1_9",0.033560791441124,1.3,2.5,5
"SSP1_2_6",0.0257379536602221,1.3,2.5,5
"SSP2_4_5",0.058933469605256,1.3,2.5,5
"SSP3_7_0",0.0440975638551766,1.3,2.5,5
"SSP5_8_5",0.0464802933411523,1.3,2.5,5
"SSP1_1_9",0.0361415779513561,1.3,2.5,5
"SSP1_2_6",0.027564999107992,1.3,2.5,5
"SSP2_4_5",0.0631109164960818,1.3,2.5,5
"SSP3_7_0",0.0465058919576426,1.3,2.5,5
"SSP5_8_5",0.0489556022986637,1.3,2.5,5
"SSP1_1_9",0.0248950198701043,1.3,2.2,5
"SSP1_2_6",0.0141301676898082,1.3,2.2,5
"SSP2_4_5",0.0465586459813124,1.3,2.2,5
"SSP3_7_0",0.0341736586408695,1.3,2.2,5
"SSP5_8_5",0.0336015396755691,1.3,2.2,5
"SSP1_1_9",0.0260782945629218,1.3,2.35,5
"SSP1_2_6",0.0177641686305299,1.3,2.35,5
"SSP2_4_5",0.0492561215042169,1.3,2.35,5
"SSP3_7_0",0.0364939241081308,1.3,2.35,5
"SSP5_8_5",0.0365442779066788,1.3,2.35,5
"SSP1_1_9",0.0266311552073987,1.3,2.5,5
"SSP1_2_6",0.0198183239477332,1.3,2.5,5
"SSP2_4_5",0.0509367421916795,1.3,2.5,5
"SSP3_7_0",0.0387521198164195,1.3,2.5,5
"SSP5_8_5",0.0395816373957632,1.3,2.5,5
"SSP1_1_9",0.0286994620867877,1.3,2.35,5
"SSP1_2_6",0.0196208342407783,1.3,2.35,5
"SSP2_4_5",0.0535180820875412,1.3,2.35,5
"SSP3_7_0",0.0388737070485697,1.3,2.35,5
"SSP5_8_5",0.0391338991616444,1.3,2.35,5
"SSP1_1_9",0.0292493055872309,1.3,2.5,5
"SSP1_2_6",0.021667081909116,1.3,2.5,5
"SSP2_4_5",0.0551834233408217,1.3,2.5,5
"SSP3_7_0",0.0411116614464649,1.3,2.5,5
"SSP5_8_5",0.0421349997889528,1.3,2.5,5
"SSP1_1_9",0.0304218262656539,1.3,2.5,5
"SSP1_2_6",0.025245264753365,1.3,2.5,5
"SSP2_4_5",0.0578316006135966,1.3,2.5,5
"SSP3_7_0",0.0433721285080761,1.3,2.5,5
"SSP5_8_5",0.0449655534330104,1.3,2.5,5
"SSP1_1_9",0.0328873123183071,1.3,2.35,5
"SSP1_2_6",0.0210105009548378,1.3,2.35,5
"SSP2_4_5",0.0576201584248397,1.3,2.35,5
"SSP3_7_0",0.041100532849002,1.3,2.35,5
"SSP5_8_5",0.04152129831033,1.3,2.35,5
"SSP1_1_9",0.0334323682228928,1.3,2.5,5
"SSP1_2_6",0.0230507102338108,1.3,2.5,5
"SSP2_4_5",0.0592706738663275,1.3,2.5,5
"SSP3_7_0",0.0433168562833873,1.3,2.5,5
"SSP5_8_5",0.0444867740457211,1.3,2.5,5
"SSP1_1_9",0.034594637854378,1.3,2.5,5
"SSP1_2_6",0.0266183955632293,1.3,2.5,5
"SSP2_4_5",0.0618953132342289,1.3,2.5,5
"SSP3_7_0",0.0455539166278968,1.3,2.5,5
"SSP5_8_5",0.0472823075149874,1.3,2.5,5
"SSP1_1_9",0.0371694425076605,1.3,2.5,5
"SSP1_2_6",0.028440930944198,1.3,2.5,5
"SSP2_4_5",0.0660422670211264,1.3,2.5,5
"SSP3_7_0",0.0478409713411585,1.3,2.5,5
"SSP5_8_5",0.0497338320487147,1.3,2.5,5
"SSP1_1_9",0.0350697151437784,1.3,2.35,5
"SSP1_2_6",0.0221136592771368,1.3,2.35,5
"SSP2_4_5",0.0610777026826606,1.3,2.35,5
"SSP3_7_0",0.0430742925482921,1.3,2.35,5
"SSP5_8_5",0.0434871173799634,1.3,2.35,5
"SSP1_1_9",0.03561223744675,1.3,2.5,5
"SSP1_2_6",0.0241485374292124,1.3,2.5,5
"SSP2_4_5",0.0627016410891857,1.3,2.5,5
"SSP3_7_0",0.0452682955104885,1.3,2.5,5
"SSP5_8_5",0.0464192815583737,1.3,2.5,5
"SSP1_1_9",0.0367690828466477,1.3,2.5,5
"SSP1_2_6",0.0277069545776893,1.3,2.5,5
"SSP2_4_5",0.0652585227914927,1.3,2.5,5
"SSP3_7_0",0.0474814769949466,1.3,2.5,5
"SSP5_8_5",0.0491822956421202,1.3,2.5,5
"SSP1_1_9",0.0393319145582327,1.3,2.5,5
"SSP1_2_6",0.0295247277362248,1.3,2.5,5
"SSP2_4_5",0.0692609643955854,1.3,2.5,5
"SSP3_7_0",0.0497425901845681,1.3,2.5,5
"SSP5_8_5",0.0516038347403307,1.3,2.5,5
"SSP1_1_9",0.0434271909462237,1.3,2.5,5
"SSP1_2_6",0.0308847115524998,1.3,2.5,5
"SSP2_4_5",0.0729834453778181,1.3,2.5,5
"SSP3_7_0",0.0518458130185362,1.3,2.5,5
"SSP5_8_5",0.0538276059069583,1.3,2.5,5
"SSP1_1_9",0.0112847361915592,1.45,2.05,5
"SSP1_2_6",0.00559226651518517,1.45,2.05,5
"SSP2_4_5",0.0191944795195193,1.45,2.05,5
"SSP3_7_0",0.0136750799731654,1.45,2.05,5
"SSP5_8_5",0.0136996373179663,1.45,2.05,5
"SSP1_1_9",0.0139206949022925,1.45,2.2,5
"SSP1_2_6",0.00742913235467723,1.45,2.2,5
"SSP2_4_5",0.023549839556133,1.45,2.2,5
"SSP3_7_0",0.0162347438258636,1.45,2.2,5
"SSP5_8_5",0.0165220887243858,1.45,2.2,5
"SSP1_1_9",0.0151061639943694,1.45,2.35,5
"SSP1_2_6",0.0110735650323321,1.45,2.35,5
"SSP2_4_5",0.0262891463079059,1.45,2.35,5
"SSP3_7_0",0.0186645575721416,1.45,2.35,5
"SSP5_8_5",0.0196226854801655,1.45,2.35,5
"SSP1_1_9",0.0156607431972865,1.45,2.5,5
"SSP1_2_6",0.0131372625115056,1.45,2.5,5
"SSP2_4_5",0.0280120800823763,1.45,2.5,5
"SSP3_7_0",0.0210156165031309,1.45,2.5,5
"SSP5_8_5",0.0228095285271788,1.45,2.5,5
"SSP1_1_9",0.0181006868832478,1.45,2.2,5
"SSP1_2_6",0.00873378648563077,1.45,2.2,5
"SSP2_4_5",0.0276114572118773,1.45,2.2,5
"SSP3_7_0",0.0186581075076261,1.45,2.2,5
"SSP5_8_5",0.0191417931366192,1.45,2.2,5
"SSP1_1_9",0.0192757350516395,1.45,2.35,5
"SSP1_2_6",0.0123678198953851,1.45,2.35,5
"SSP2_4_5",0.0303264575520218,1.45,2.35,5
"SSP3_7_0",0.0210618632117319,1.45,2.35,5
"SSP5_8_5",0.0222024234481429,1.45,2.35,5
"SSP1_1_9",0.0198254705949581,1.45,2.5,5
"SSP1_2_6",0.014425635809511,1.45,2.5,5
"SSP2_4_5",0.0320342208021342,1.45,2.5,5
"SSP3_7_0",0.0233895727653447,1.45,2.5,5
"SSP5_8_5",0.0253503581647331,1.45,2.5,5
"SSP1_1_9",0.0218676312603768,1.45,2.35,5
"SSP1_2_6",0.0141783623027889,1.45,2.35,5
"SSP2_4_5",0.0345781989218252,1.45,2.35,5
"SSP3_7_0",0.0235407748908972,1.45,2.35,5
"SSP5_8_5",0.0249085388805224,1.45,2.35,5
"SSP1_1_9",0.0224143678518251,1.45,2.5,5
"SSP1_2_6",0.016228363900027,1.45,2.5,5
"SSP2_4_5",0.0362705144890513,1.45,2.5,5
"SSP3_7_0",0.0258473879368122,1.45,2.5,5
"SSP5_8_5",0.0280184898439914,1.45,2.5,5
"SSP1_1_9",0.023578724086855,1.45,2.5,5
"SSP1_2_6",0.0198067555476118,1.45,2.5,5
"SSP2_4_5",0.038935757625046,1.45,2.5,5
"SSP3_7_0",0.0281887668473329,1.45,2.5,5
"SSP5_8_5",0.0309616045383489,1.45,2.5,5
"SSP1_1_9",0.0201780379782275,1.45,2.2,5
"SSP1_2_6",0.00970697332689926,1.45,2.2,5
"SSP2_4_5",0.0308354405094108,1.45,2.2,5
"SSP3_7_0",0.0208390571217078,1.45,2.2,5
"SSP5_8_5",0.0213303835289727,1.45,2.2,5
"SSP1_1_9",0.0213476969275683,1.45,2.35,5
"SSP1_2_6",0.0133320194462864,1.45,2.35,5
"SSP2_4_5",0.0335295909851758,1.45,2.35,5
"SSP3_7_0",0.0232161155871782,1.45,2.35,5
"SSP5_8_5",0.0243537171365545,1.45,2.35,5
"SSP1_1_9",0.0218949269858851,1.45,2.5,5
"SSP1_2_6",0.0153847555868622,1.45,2.5,5
"SSP2_4_5",0.035224337194446,1.45,2.5,5
"SSP3_7_0",0.0255196676779903,1.45,2.5,5
"SSP5_8_5",0.0274651496433893,1.45,2.5,5
"SSP1_1_9",0.02392772489637,1.45,2.35,5
"SSP1_2_6",0.015138016122532,1.45,2.35,5
"SSP2_4_5",0.0377485979392631,1.45,2.35,5
"SSP3_7_0",0.0256658267366863,1.45,2.35,5
"SSP5_8_5",0.0270252494875434,1.45,2.35,5
"SSP1_1_9",0.0244719768239394,1.45,2.5,5
"SSP1_2_6",0.0171829688942922,1.45,2.5,5
"SSP2_4_5",0.0394280798471479,1.45,2.5,5
"SSP3_7_0",0.0279486619500436,1.45,2.5,5
"SSP5_8_5",0.0300994341238118,1.45,2.5,5
"SSP1_1_9",0.0256310181822717,1.45,2.5,5
"SSP1_2_6",0.02075259259515,1.45,2.5,5
"SSP2_4_5",0.0420730639323447,1.45,2.5,5
"SSP3_7_0",0.0302644730443096,1.45,2.5,5
"SSP5_8_5",0.033007528250305,1.45,2.5,5
"SSP1_1_9",0.0280193039398236,1.45,2.35,5
"SSP1_2_6",0.0164197223189072,1.45,2.35,5
"SSP2_4_5",0.0416801175857372,1.45,2.35,5
"SSP3_7_0",0.0279745505300905,1.45,2.35,5
"SSP5_8_5",0.0294979014846439,1.45,2.35,5
"SSP1_1_9",0.0285588475985887,1.45,2.5,5
"SSP1_2_6",0.0184588772889445,1.45,2.5,5
"SSP2_4_5",0.043345015313902,1.45,2.5,5
"SSP3_7_0",0.0302352009574397,1.45,2.5,5
"SSP5_8_5",0.0325354388761632,1.45,2.5,5
"SSP1_1_9",0.0297078149252356,1.45,2.5,5
"SSP1_2_6",0.0220184310980516,1.45,2.5,5
"SSP2_4_5",0.0459669628828309,1.45,2.5,5
"SSP3_7_0",0.0325269249446672,1.45,2.5,5
"SSP5_8_5",0.0354074348191956,1.45,2.5,5
"SSP1_1_9",0.0322422691429365,1.45,2.5,5
"SSP1_2_6",0.0237911480173979,1.45,2.5,5
"SSP2_4_5",0.0500724808998217,1.45,2.5,5
"SSP3_7_0",0.0348812980669279,1.45,2.5,5
"SSP5_8_5",0.0375976170716605,1.45,2.5,5
"SSP1_1_9",0.0207423699564455,1.45,2.2,5
"SSP1_2_6",0.0101329288324468,1.45,2.2,5
"SSP2_4_5",0.0323538472374535,1.45,2.2,5
"SSP3_7_0",0.0219182002080842,1.45,2.2,5
"SSP5_8_5",0.0214337987058701,1.45,2.2,5
"SSP1_1_9",0.0219098771550761,1.45,2.35,5
"SSP1_2_6",0.0137507696181523,1.45,2.35,5
"SSP2_4_5",0.0350324617157946,1.45,2.35,5
"SSP3_7_0",0.0242723768303684,1.45,2.35,5
"SSP5_8_5",0.0240265545177113,1.45,2.35,5
"SSP1_1_9",0.0224561053862718,1.45,2.5,5
"SSP1_2_6",0.0157994405575224,1.45,2.5,5
"SSP2_4_5",0.0367174976668451,1.45,2.5,5
"SSP3_7_0",0.0265546560818485,1.45,2.5,5
"SSP5_8_5",0.0266030450289194,1.45,2.5,5
"SSP1_1_9",0.0244851700577093,1.45,2.35,5
"SSP1_2_6",0.0155531563005243,1.45,2.35,5
"SSP2_4_5",0.0392271672113402,1.45,2.35,5
"SSP3_7_0",0.026697788105151,1.45,2.35,5
"SSP5_8_5",0.0263030229510328,1.45,2.35,5
"SSP1_1_9",0.0250284292965528,1.45,2.5,5
"SSP1_2_6",0.0175940713703638,1.45,2.5,5
"SSP2_4_5",0.0408970892139697,1.45,2.5,5
"SSP3_7_0",0.0289597037876596,1.45,2.5,5
"SSP5_8_5",0.0288485138444191,1.45,2.5,5
"SSP1_1_9",0.0261853515142437,1.45,2.5,5
"SSP1_2_6",0.0211566851118263,1.45,2.5,5
"SSP2_4_5",0.0435197997142892,1.45,2.5,5
"SSP3_7_0",0.0312064362933369,1.45,2.5,5
"SSP5_8_5",0.0313438656667472,1.45,2.5,5
"SSP1_1_9",0.0285692738452059,1.45,2.35,5
"SSP1_2_6",0.0168322498190438,1.45,2.35,5
"SSP2_4_5",0.0426977731279003,1.45,2.35,5
"SSP3_7_0",0.0285907545682961,1.45,2.35,5
"SSP5_8_5",0.0282223045127547,1.45,2.35,5
"SSP1_1_9",0.0291078392018237,1.45,2.5,5
"SSP1_2_6",0.0188673876435464,1.45,2.5,5
"SSP2_4_5",0.0442992831042803,1.45,2.5,5
"SSP3_7_0",0.0307955526468034,1.45,2.5,5
"SSP5_8_5",0.0307384488478047,1.45,2.5,5
"SSP1_1_9",0.030254718170013,1.45,2.5,5
"SSP1_2_6",0.0224199670496792,1.45,2.5,5
"SSP2_4_5",0.0467838905699018,1.45,2.5,5
"SSP3_7_0",0.0329769652437274,1.45,2.5,5
"SSP5_8_5",0.0332043410407836,1.45,2.5,5
"SSP1_1_9",0.0327845766232734,1.45,2.5,5
"SSP1_2_6",0.0241891912196576,1.45,2.5,5
"SSP2_4_5",0.050598895888682,1.45,2.5,5
"SSP3_7_0",0.0351123521492809,1.45,2.5,5
"SSP5_8_5",0.0353620572824368,1.45,2.5,5
"SSP1_1_9",0.0305971276582723,1.45,2.35,5
"SSP1_2_6",0.0177836518135515,1.45,2.35,5
"SSP2_4_5",0.0440180381675659,1.45,2.35,5
"SSP3_7_0",0.0294066115204783,1.45,2.35,5
"SSP5_8_5",0.0290211546408032,1.45,2.35,5
"SSP1_1_9",0.0311332657491584,1.45,2.5,5
"SSP1_2_6",0.0198138027942169,1.45,2.5,5
"SSP2_4_5",0.0456105151735119,1.45,2.5,5
"SSP3_7_0",0.0315932688574488,1.45,2.5,5
"SSP5_8_5",0.0315144400058573,1.45,2.5,5
"SSP1_1_9",0.0322749527351018,1.45,2.5,5
"SSP1_2_6",0.0233577214758073,1.45,2.5,5
"SSP2_4_5",0.0480810609766791,1.45,2.5,5
"SSP3_7_0",0.0337561980488061,1.45,2.5,5
"SSP5_8_5",0.0339577769644011,1.45,2.5,5
"SSP1_1_9",0.0347933765254008,1.45,2.5,5
"SSP1_2_6",0.0251225661413099,1.45,2.5,5
"SSP2_4_5",0.051874392327268,1.45,2.5,5
"SSP3_7_0",0.0358728140669256,1.45,2.5,5
"SSP5_8_5",0.0360952781645865,1.45,2.5,5
"SSP1_1_9",0.0387875724419058,1.45,2.5,5
"SSP1_2_6",0.02633075143674,1.45,2.5,5
"SSP2_4_5",0.0550588409551428,1.45,2.5,5
"SSP3_7_0",0.0375831289558047,1.45,2.5,5
"SSP5_8_5",0.0378855940670326,1.45,2.5,5
"SSP1_1_9",0.0161516996777253,1.6,2.2,5
"SSP1_2_6",0.00652335829230267,1.6,2.2,5
"SSP2_4_5",0.0189435531776774,1.6,2.2,5
"SSP3_7_0",0.0117182121317631,1.6,2.2,5
"SSP5_8_5",0.0118065902082396,1.6,2.2,5
"SSP1_1_9",0.0172544803893308,1.6,2.35,5
"SSP1_2_6",0.0100992997777415,1.6,2.35,5
"SSP2_4_5",0.0215255429467384,1.6,2.35,5
"SSP3_7_0",0.0140066091912171,1.6,2.35,5
"SSP5_8_5",0.0144432709360809,1.6,2.35,5
"SSP1_1_9",0.0177699808758004,1.6,2.5,5
"SSP1_2_6",0.0121353235480419,1.6,2.5,5
"SSP2_4_5",0.0231734667650978,1.6,2.5,5
"SSP3_7_0",0.0162704016917857,1.6,2.5,5
"SSP5_8_5",0.0170590162052242,1.6,2.5,5
"SSP1_1_9",0.0196881521635577,1.6,2.35,5
"SSP1_2_6",0.0118059592955319,1.6,2.35,5
"SSP2_4_5",0.0254937102481986,1.6,2.35,5
"SSP3_7_0",0.0162667116442293,1.6,2.35,5
"SSP5_8_5",0.0167671651398108,1.6,2.35,5
"SSP1_1_9",0.0202008508844681,1.6,2.5,5
"SSP1_2_6",0.0138344650871112,1.6,2.5,5
"SSP2_4_5",0.0271271433288127,1.6,2.5,5
"SSP3_7_0",0.0185109504600537,1.6,2.5,5
"SSP5_8_5",0.0193515891611859,1.6,2.5,5
"SSP1_1_9",0.0212936399352603,1.6,2.5,5
"SSP1_2_6",0.0173561371811369,1.6,2.5,5
"SSP2_4_5",0.0296625202455214,1.6,2.5,5
"SSP3_7_0",0.0207414770480695,1.6,2.5,5
"SSP5_8_5",0.0218898965052567,1.6,2.5,5
"SSP1_1_9",0.0235289281786178,1.6,2.35,5
"SSP1_2_6",0.0129153552224463,1.6,2.35,5
"SSP2_4_5",0.0288422612105811,1.6,2.35,5
"SSP3_7_0",0.0181299002976622,1.6,2.35,5
"SSP5_8_5",0.0187392339060914,1.6,2.35,5
"SSP1_1_9",0.0240372080527452,1.6,2.5,5
"SSP1_2_6",0.0149384679791087,1.6,2.5,5
"SSP2_4_5",0.0304624555692465,1.6,2.5,5
"SSP3_7_0",0.0203540295119391,1.6,2.5,5
"SSP5_8_5",0.021293936315741,1.6,2.5,5
"SSP1_1_9",0.0251205383059299,1.6,2.5,5
"SSP1_2_6",0.0184508025020659,1.6,2.5,5
"SSP2_4_5",0.0329770975819194,1.6,2.5,5
"SSP3_7_0",0.0225631992536468,1.6,2.5,5
"SSP5_8_5",0.0238023639167267,1.6,2.5,5
"SSP1_1_9",0.0275113595115097,1.6,2.5,5
"SSP1_2_6",0.0201258360686667,1.6,2.5,5
"SSP2_4_5",0.0368404394070467,1.6,2.5,5
"SSP3_7_0",0.0247368067129251,1.6,2.5,5
"SSP5_8_5",0.0260059544493728,1.6,2.5,5
"SSP1_1_9",0.0248915942093865,1.6,2.35,5
"SSP1_2_6",0.0134311504464598,1.6,2.35,5
"SSP2_4_5",0.0302157648637256,1.6,2.35,5
"SSP3_7_0",0.0190124876743797,1.6,2.35,5
"SSP5_8_5",0.0193839027399874,1.6,2.35,5
"SSP1_1_9",0.0253978980646576,1.6,2.5,5
"SSP1_2_6",0.015450215459515,1.6,2.5,5
"SSP2_4_5",0.0317806060637199,1.6,2.5,5
"SSP3_7_0",0.0212182494186749,1.6,2.5,5
"SSP5_8_5",0.0216001154573355,1.6,2.5,5
"SSP1_1_9",0.0264770039493064,1.6,2.5,5
"SSP1_2_6",0.0189555498061047,1.6,2.5,5
"SSP2_4_5",0.0340117748124056,1.6,2.5,5
"SSP3_7_0",0.0234086019639613,1.6,2.5,5
"SSP5_8_5",0.0237858574749183,1.6,2.5,5
"SSP1_1_9",0.0288585226502974,1.6,2.5,5
"SSP1_2_6",0.0206271761098071,1.6,2.5,5
"SSP2_4_5",0.0372117232718274,1.6,2.5,5
"SSP3_7_0",0.0253043496946462,1.6,2.5,5
"SSP5_8_5",0.0255477142497659,1.6,2.5,5
"SSP1_1_9",0.0326170645845527,1.6,2.5,5
"SSP1_2_6",0.0217116223297501,1.6,2.5,5
"SSP2_4_5",0.0387970466433478,1.6,2.5,5
"SSP3_7_0",0.0261046815911052,1.6,2.5,5
"SSP5_8_5",0.0264130420535613,1.6,2.5,5
"SSP1_1_9",0.0156384143004512,1.75,2.35,5
"SSP1_2_6",0.00931742783204315,1.75,2.35,5
"SSP2_4_5",0.0173549083260424,1.75,2.35,5
"SSP3_7_0",0.0105718501669596,1.75,2.35,5
"SSP5_8_5",0.0110167202415189,1.75,2.35,5
"SSP1_1_9",0.0159777485396505,1.75,2.5,5
"SSP1_2_6",0.0112869148245887,1.75,2.5,5
"SSP2_4_5",0.0188621431284896,1.75,2.5,5
"SSP3_7_0",0.0127219140937028,1.75,2.5,5
"SSP5_8_5",0.0132658672748573,1.75,2.5,5
"SSP1_1_9",0.0166941909609136,1.75,2.5,5
"SSP1_2_6",0.014680733411799,1.75,2.5,5
"SSP2_4_5",0.02112027524202,1.75,2.5,5
"SSP3_7_0",0.0147730989693672,1.75,2.5,5
"SSP5_8_5",0.015487927328907,1.75,2.5,5
"SSP1_1_9",0.0180227637202411,1.75,2.5,5
"SSP1_2_6",0.0161036556049552,1.75,2.5,5
"SSP2_4_5",0.02338461252211,1.75,2.5,5
"SSP3_7_0",0.0165882712813483,1.75,2.5,5
"SSP5_8_5",0.0172901999351352,1.75,2.5,5
"SSP1_1_9",0.0161407416415118,1.75,2.5,5
"SSP1_2_6",0.0167215522698384,1.75,2.5,5
"SSP2_4_5",0.0206045343688828,1.75,2.5,5
"SSP3_7_0",0.0174347946420275,1.75,2.5,5
"SSP5_8_5",0.0173991644580939,1.75,2.5,5
"SSP1_1_9",0.00180026790090961,1.9,2.5,5
"SSP1_2_6",0.0120114091968405,1.9,2.5,5
"SSP2_4_5",0.00978788927475292,1.9,2.5,5
"SSP3_7_0",0.00976863678804576,1.9,2.5,5
"SSP5_8_5",0.00969725589465472,1.9,2.5,5
"SSP1_1_9",0.00377129207804403,1,1.75,6
"SSP1_2_6",0.00992688643320883,1,1.75,6
"SSP2_4_5",0.0221687785424033,1,1.75,6
"SSP3_7_0",0.0215659778772075,1,1.75,6
"SSP5_8_5",0.0207287415046478,1,1.75,6
"SSP1_1_9",0.0057902208476639,1,1.9,6
"SSP1_2_6",0.0109753781495304,1,1.9,6
"SSP2_4_5",0.0257733605550963,1,1.9,6
"SSP3_7_0",0.0250754186143765,1,1.9,6
"SSP5_8_5",0.0244284940183868,1,1.9,6
"SSP1_1_9",0.00952113601664738,1,2.05,6
"SSP1_2_6",0.0122340979383081,1,2.05,6
"SSP2_4_5",0.0297008410568034,1,2.05,6
"SSP3_7_0",0.0285621776924013,1,2.05,6
"SSP5_8_5",0.0285888489079492,1,2.05,6
"SSP1_1_9",0.011823680610779,1,2.2,6
"SSP1_2_6",0.0138816637199671,1,2.2,6
"SSP2_4_5",0.0336388572831668,1,2.2,6
"SSP3_7_0",0.0319141830138517,1,2.2,6
"SSP5_8_5",0.033100328933055,1,2.2,6
"SSP1_1_9",0.0128543152011388,1,2.35,6
"SSP1_2_6",0.0170471452865532,1,2.35,6
"SSP2_4_5",0.0360800931529154,1,2.35,6
"SSP3_7_0",0.034862307656147,1,2.35,6
"SSP5_8_5",0.0379720848929287,1,2.35,6
"SSP1_1_9",0.0133345607278241,1,2.5,6
"SSP1_2_6",0.0188358125332781,1,2.5,6
"SSP2_4_5",0.0375962693942363,1,2.5,6
"SSP3_7_0",0.0374442632281168,1,2.5,6
"SSP5_8_5",0.0428089180630064,1,2.5,6
"SSP1_1_9",0.0067682198562231,1,1.9,6
"SSP1_2_6",0.0118220069366724,1,1.9,6
"SSP2_4_5",0.02909294348639,1,1.9,6
"SSP3_7_0",0.0282873814122664,1,1.9,6
"SSP5_8_5",0.0276114094493701,1,1.9,6
"SSP1_1_9",0.0104914805903871,1,2.05,6
"SSP1_2_6",0.0130778888257583,1,2.05,6
"SSP2_4_5",0.0329923521002132,1,2.05,6
"SSP3_7_0",0.0317302420624338,1,2.05,6
"SSP5_8_5",0.0317204847483189,1,2.05,6
"SSP1_1_9",0.0127892994092801,1,2.2,6
"SSP1_2_6",0.0147217884545307,1,2.2,6
"SSP2_4_5",0.0369024305546099,1,2.2,6
"SSP3_7_0",0.0350426345151308,1,2.2,6
"SSP5_8_5",0.0361799139910152,1,2.2,6
"SSP1_1_9",0.013817817973111,1,2.35,6
"SSP1_2_6",0.0178802811885814,1,2.35,6
"SSP2_4_5",0.0393264025897813,1,2.35,6
"SSP3_7_0",0.0379573558485822,1,2.35,6
"SSP5_8_5",0.0409982418548355,1,2.35,6
"SSP1_1_9",0.0142970815739055,1,2.5,6
"SSP1_2_6",0.0196650009224311,1,2.5,6
"SSP2_4_5",0.0408318684687354,1,2.5,6
"SSP3_7_0",0.0405111049357608,1,2.5,6
"SSP5_8_5",0.0457837715237513,1,2.5,6
"SSP1_1_9",0.0124828038013707,1,2.05,6
"SSP1_2_6",0.0141181351674006,1,2.05,6
"SSP2_4_5",0.0365144545902949,1,2.05,6
"SSP3_7_0",0.0351036700651913,1,2.05,6
"SSP5_8_5",0.0352679047122631,1,2.05,6
"SSP1_1_9",0.0147712647962331,1,2.2,6
"SSP1_2_6",0.0157581524558705,1,2.2,6
"SSP2_4_5",0.040395530846623,1,2.2,6
"SSP3_7_0",0.0383776646531377,1,2.2,6
"SSP5_8_5",0.0396745289271063,1,2.2,6
"SSP1_1_9",0.0157955927052039,1,2.35,6
"SSP1_2_6",0.0189092476450813,1,2.35,6
"SSP2_4_5",0.0428015789806339,1,2.35,6
"SSP3_7_0",0.0412600968821986,1,2.35,6
"SSP5_8_5",0.0444388652283999,1,2.35,6
"SSP1_1_9",0.0162729118240892,1,2.5,6
"SSP1_2_6",0.0206897857616001,1,2.5,6
"SSP2_4_5",0.0442959238653332,1,2.5,6
"SSP3_7_0",0.0437866505539263,1,2.5,6
"SSP5_8_5",0.0491726671925556,1,2.5,6
"SSP1_1_9",0.018434474913771,1,2.2,6
"SSP1_2_6",0.0170034118798943,1,2.2,6
"SSP2_4_5",0.044203441547061,1,2.2,6
"SSP3_7_0",0.0417030010139299,1,2.2,6
"SSP5_8_5",0.0436237313493275,1,2.2,6
"SSP1_1_9",0.0194511263243551,1,2.35,6
"SSP1_2_6",0.0201463426464793,1,2.35,6
"SSP2_4_5",0.0465902634346454,1,2.35,6
"SSP3_7_0",0.044555799116381,1,2.35,6
"SSP5_8_5",0.0482211975112713,1,2.35,6
"SSP1_1_9",0.0199248835138327,1,2.5,6
"SSP1_2_6",0.0219222634202167,1,2.5,6
"SSP2_4_5",0.0480726785814193,1,2.5,6
"SSP3_7_0",0.0470574526445366,1,2.5,6
"SSP5_8_5",0.0522258660926922,1,2.5,6
"SSP1_1_9",0.0217071195228819,1,2.35,6
"SSP1_2_6",0.0217660344666764,1,2.35,6
"SSP2_4_5",0.0503901284470314,1,2.35,6
"SSP3_7_0",0.0474009225095218,1,2.35,6
"SSP5_8_5",0.0515337722464952,1,2.35,6
"SSP1_1_9",0.0221786769383392,1,2.5,6
"SSP1_2_6",0.0235360063883641,1,2.5,6
"SSP2_4_5",0.0518606673775398,1,2.5,6
"SSP3_7_0",0.0494131028570627,1,2.5,6
"SSP5_8_5",0.055495534235651,1,2.5,6
"SSP1_1_9",0.0231874794333699,1,2.5,6
"SSP1_2_6",0.0266370521501689,1,2.5,6
"SSP2_4_5",0.0542091784200491,1,2.5,6
"SSP3_7_0",0.0515306222204967,1,2.5,6
"SSP5_8_5",0.0592016511472979,1,2.5,6
"SSP1_1_9",0.00708316474463382,1,1.9,6
"SSP1_2_6",0.0121099479337188,1,1.9,6
"SSP2_4_5",0.031541972060074,1,1.9,6
"SSP3_7_0",0.0306007056915195,1,1.9,6
"SSP5_8_5",0.0298805964516413,1,1.9,6
"SSP1_1_9",0.0108028778298958,1,2.05,6
"SSP1_2_6",0.0133637245616537,1,2.05,6
"SSP2_4_5",0.0354188846799066,1,2.05,6
"SSP3_7_0",0.0340061981447198,1,2.05,6
"SSP5_8_5",0.0339463179378926,1,2.05,6
"SSP1_1_9",0.0130985107337846,1,2.2,6
"SSP1_2_6",0.0150048894085333,1,2.2,6
"SSP2_4_5",0.0393065746336904,1,2.2,6
"SSP3_7_0",0.0372845559405688,1,2.2,6
"SSP5_8_5",0.0383613173388629,1,2.2,6
"SSP1_1_9",0.0141260516563417,1,2.35,6
"SSP1_2_6",0.0181581603395499,1,2.35,6
"SSP2_4_5",0.0417167154304696,1,2.35,6
"SSP3_7_0",0.0401703999185294,1,2.35,6
"SSP5_8_5",0.0431337042178545,1,2.35,6
"SSP1_1_9",0.0146048612237722,1,2.5,6
"SSP1_2_6",0.0199399382359188,1,2.5,6
"SSP2_4_5",0.0432136025339534,1,2.5,6
"SSP3_7_0",0.0426996264661185,1,2.5,6
"SSP5_8_5",0.0478749264470602,1,2.5,6
"SSP1_1_9",0.012792303348288,1,2.05,6
"SSP1_2_6",0.0144021770012011,1,2.05,6
"SSP2_4_5",0.0389205378776046,1,2.05,6
"SSP3_7_0",0.0373414314385208,1,2.05,6
"SSP5_8_5",0.0374542842627474,1,2.05,6
"SSP1_1_9",0.0150785932450504,1,2.2,6
"SSP1_2_6",0.0160394713737701,1,2.2,6
"SSP2_4_5",0.0427794850124347,1,2.2,6
"SSP3_7_0",0.0405820636142623,1,2.2,6
"SSP5_8_5",0.0418173850301203,1,2.2,6
"SSP1_1_9",0.0161019501374847,1,2.35,6
"SSP1_2_6",0.0191853672775559,1,2.35,6
"SSP2_4_5",0.0451718616565298,1,2.35,6
"SSP3_7_0",0.0434361742076597,1,2.35,6
"SSP5_8_5",0.0465366872338074,1,2.35,6
"SSP1_1_9",0.0165788182919217,1,2.5,6
"SSP1_2_6",0.0209629762458321,1,2.5,6
"SSP2_4_5",0.046657726696578,1,2.5,6
"SSP3_7_0",0.0459386663555087,1,2.5,6
"SSP5_8_5",0.0509982040086827,1,2.5,6
"SSP1_1_9",0.018738350662278,1,2.2,6
"SSP1_2_6",0.0172826578574672,1,2.2,6
"SSP2_4_5",0.0465657166773422,1,2.2,6
"SSP3_7_0",0.043872096128041,1,2.2,6
"SSP5_8_5",0.0457259804174036,1,2.2,6
"SSP1_1_9",0.0197540431349236,1,2.35,6
"SSP1_2_6",0.0204204139644084,1,2.35,6
"SSP2_4_5",0.0489390371374115,1,2.35,6
"SSP3_7_0",0.0466970731977157,1,2.35,6
"SSP5_8_5",0.0499866658174191,1,2.35,6
"SSP1_1_9",0.0202273549554271,1,2.5,6
"SSP1_2_6",0.0221934194737609,1,2.5,6
"SSP2_4_5",0.0504130777634516,1,2.5,6
"SSP3_7_0",0.0489507053967009,1,2.5,6
"SSP5_8_5",0.0539548631300424,1,2.5,6
"SSP1_1_9",0.0220079163217818,1,2.35,6
"SSP1_2_6",0.0220374441277527,1,2.35,6
"SSP2_4_5",0.0527174909278328,1,2.35,6
"SSP3_7_0",0.0492883868648426,1,2.35,6
"SSP5_8_5",0.0532663827930896,1,2.35,6
"SSP1_1_9",0.0224790318138993,1,2.5,6
"SSP1_2_6",0.0238045186121542,1,2.5,6
"SSP2_4_5",0.0541797596381439,1,2.5,6
"SSP3_7_0",0.0512811226185271,1,2.5,6
"SSP5_8_5",0.0571923606317497,1,2.5,6
"SSP1_1_9",0.0234868876748821,1,2.5,6
"SSP1_2_6",0.026900515149982,1,2.5,6
"SSP2_4_5",0.0565151056449053,1,2.5,6
"SSP3_7_0",0.0533772399822401,1,2.5,6
"SSP5_8_5",0.0608641033147062,1,2.5,6
"SSP1_1_9",0.0137555528409053,1,2.05,6
"SSP1_2_6",0.0152396481181728,1,2.05,6
"SSP2_4_5",0.0421432625691751,1,2.05,6
"SSP3_7_0",0.0403831544511918,1,2.05,6
"SSP5_8_5",0.0404588490245503,1,2.05,6
"SSP1_1_9",0.0160371683848704,1,2.2,6
"SSP1_2_6",0.0168733155705696,1,2.2,6
"SSP2_4_5",0.0459751333536147,1,2.2,6
"SSP3_7_0",0.0435863694481025,1,2.2,6
"SSP5_8_5",0.044772791675919,1,2.2,6
"SSP1_1_9",0.0170584322522713,1,2.35,6
"SSP1_2_6",0.0200122970794386,1,2.35,6
"SSP2_4_5",0.0483507767477026,1,2.35,6
"SSP3_7_0",0.0464088907189037,1,2.35,6
"SSP5_8_5",0.0493689980718514,1,2.35,6
"SSP1_1_9",0.0175343291339766,1,2.5,6
"SSP1_2_6",0.0217860005030501,1,2.5,6
"SSP2_4_5",0.0498262600344252,1,2.5,6
"SSP3_7_0",0.0488846803553632,1,2.5,6
"SSP5_8_5",0.0533387395859178,1,2.5,6
"SSP1_1_9",0.019689493605126,1,2.2,6
"SSP1_2_6",0.0181137219028512,1,2.2,6
"SSP2_4_5",0.0497348226253143,1,2.2,6
"SSP3_7_0",0.0468364024433127,1,2.2,6
"SSP5_8_5",0.0485698973364122,1,2.2,6
"SSP1_1_9",0.0207031167295642,1,2.35,6
"SSP1_2_6",0.0212445925865239,1,2.35,6
"SSP2_4_5",0.0520916119690464,1,2.35,6
"SSP3_7_0",0.0493514687020377,1,2.35,6
"SSP5_8_5",0.0523320767522688,1,2.35,6
"SSP1_1_9",0.0211754682427939,1,2.5,6
"SSP1_2_6",0.0230137089034036,1,2.5,6
"SSP2_4_5",0.0535553960493365,1,2.5,6
"SSP3_7_0",0.0513397791281736,1,2.5,6
"SSP5_8_5",0.0562600571816707,1,2.5,6
"SSP1_1_9",0.02295241570345,1,2.35,6
"SSP1_2_6",0.022858067812921,1,2.35,6
"SSP2_4_5",0.0558438426284114,1,2.35,6
"SSP3_7_0",0.051671149299695,1,2.35,6
"SSP5_8_5",0.0555749933583268,1,2.35,6
"SSP1_1_9",0.0234225776473952,1,2.5,6
"SSP1_2_6",0.0246212740641743,1,2.5,6
"SSP2_4_5",0.0572959788025206,1,2.5,6
"SSP3_7_0",0.0536427944632027,1,2.5,6
"SSP5_8_5",0.0594614874685141,1,2.5,6
"SSP1_1_9",0.0244283883072105,1,2.5,6
"SSP1_2_6",0.0277105324964411,1,2.5,6
"SSP2_4_5",0.0596151936401691,1,2.5,6
"SSP3_7_0",0.0557155185428481,1,2.5,6
"SSP5_8_5",0.0630950177599878,1,2.5,6
"SSP1_1_9",0.021642765562755,1,2.2,6
"SSP1_2_6",0.0191402252841623,1,2.2,6
"SSP2_4_5",0.0531297340687797,1,2.2,6
"SSP3_7_0",0.0497667527753563,1,2.2,6
"SSP5_8_5",0.0512340552945369,1,2.2,6
"SSP1_1_9",0.022652289346922,1,2.35,6
"SSP1_2_6",0.022263804508749,1,2.35,6
"SSP2_4_5",0.0554693513613864,1,2.35,6
"SSP3_7_0",0.0518654375169063,1,2.35,6
"SSP5_8_5",0.0549555758593836,1,2.35,6
"SSP1_1_9",0.0231227386685654,1,2.5,6
"SSP1_2_6",0.0240287990682564,1,2.5,6
"SSP2_4_5",0.0569224801498868,1,2.5,6
"SSP3_7_0",0.0538332926858522,1,2.5,6
"SSP5_8_5",0.0588433147734812,1,2.5,6
"SSP1_1_9",0.0248925269494423,1,2.35,6
"SSP1_2_6",0.0238735109443082,1,2.35,6
"SSP2_4_5",0.0591943390245255,1,2.35,6
"SSP3_7_0",0.0541584245538601,1,2.35,6
"SSP5_8_5",0.0581612969783629,1,2.35,6
"SSP1_1_9",0.0253607999211149,1,2.5,6
"SSP1_2_6",0.0256326167428548,1,2.5,6
"SSP2_4_5",0.0606359471548111,1,2.5,6
"SSP3_7_0",0.0561098992396729,1,2.5,6
"SSP5_8_5",0.0620082651952947,1,2.5,6
"SSP1_1_9",0.0263625584695367,1,2.5,6
"SSP1_2_6",0.028714733405553,1,2.5,6
"SSP2_4_5",0.0629384003297154,1,2.5,6
"SSP3_7_0",0.0581601460843767,1,2.5,6
"SSP5_8_5",0.0656033539329083,1,2.5,6
"SSP1_1_9",0.0284790588428323,1,2.35,6
"SSP1_2_6",0.025095490554721,1,2.35,6
"SSP2_4_5",0.0628492160797069,1,2.35,6
"SSP3_7_0",0.0565075768838773,1,2.35,6
"SSP5_8_5",0.0610128812353758,1,2.35,6
"SSP1_1_9",0.0289438710794911,1,2.5,6
"SSP1_2_6",0.026850066664897,1,2.5,6
"SSP2_4_5",0.0642795256972508,1,2.5,6
"SSP3_7_0",0.0584409975110053,1,2.5,6
"SSP5_8_5",0.0648202465814091,1,2.5,6
"SSP1_1_9",0.029938205695243,1,2.5,6
"SSP1_2_6",0.0299242944934676,1,2.5,6
"SSP2_4_5",0.0665639898599893,1,2.5,6
"SSP3_7_0",0.0604710687006589,1,2.5,6
"SSP5_8_5",0.0683766443360275,1,2.5,6
"SSP1_1_9",0.0321448673631641,1,2.5,6
"SSP1_2_6",0.0315084711238533,1,2.5,6
"SSP2_4_5",0.0702014680274456,1,2.5,6
"SSP3_7_0",0.0626849466875251,1,2.5,6
"SSP5_8_5",0.0714289172692732,1,2.5,6
"SSP1_1_9",0.0075005997887153,1,1.9,6
"SSP1_2_6",0.0125018530636202,1,1.9,6
"SSP2_4_5",0.0336925621060288,1,1.9,6
"SSP3_7_0",0.0326296142288885,1,1.9,6
"SSP5_8_5",0.031823065823083,1,1.9,6
"SSP1_1_9",0.0112147806908404,1,2.05,6
"SSP1_2_6",0.0137513903785818,1,2.05,6
"SSP2_4_5",0.0375458151127846,1,2.05,6
"SSP3_7_0",0.0359981140057532,1,2.05,6
"SSP5_8_5",0.0358461183319394,1,2.05,6
"SSP1_1_9",0.0135070072063611,1,2.2,6
"SSP1_2_6",0.0153870398160956,1,2.2,6
"SSP2_4_5",0.041409959542104,1,2.2,6
"SSP3_7_0",0.0392425765159293,1,2.2,6
"SSP5_8_5",0.0402170905563043,1,2.2,6
"SSP1_1_9",0.0145330252362546,1,2.35,6
"SSP1_2_6",0.0185297747418125,1,2.35,6
"SSP2_4_5",0.0438055615346513,1,2.35,6
"SSP3_7_0",0.0420995475847111,1,2.35,6
"SSP5_8_5",0.0447774103605701,1,2.35,6
"SSP1_1_9",0.015011127348201,1,2.5,6
"SSP1_2_6",0.0203056209895441,1,2.5,6
"SSP2_4_5",0.0452934351038843,1,2.5,6
"SSP3_7_0",0.04459113108609,1,2.5,6
"SSP5_8_5",0.0487985010068864,1,2.5,6
"SSP1_1_9",0.0132012496290336,1,2.05,6
"SSP1_2_6",0.0147862667707848,1,2.05,6
"SSP2_4_5",0.0410260126746417,1,2.05,6
"SSP3_7_0",0.039295791148936,1,2.05,6
"SSP5_8_5",0.0393156116696787,1,2.05,6
"SSP1_1_9",0.0154841569087754,1,2.2,6
"SSP1_2_6",0.0164180702976968,1,2.2,6
"SSP2_4_5",0.0448616988220086,1,2.2,6
"SSP3_7_0",0.0425032065643688,1,2.2,6
"SSP5_8_5",0.0436355965125143,1,2.2,6
"SSP1_1_9",0.016506001535126,1,2.35,6
"SSP1_2_6",0.019553476815702,1,2.35,6
"SSP2_4_5",0.0472397118582558,1,2.35,6
"SSP3_7_0",0.0451454545104194,1,2.35,6
"SSP5_8_5",0.0474856231245686,1,2.35,6
"SSP1_1_9",0.0169821671572789,1,2.5,6
"SSP1_2_6",0.0213251803994764,1,2.5,6
"SSP2_4_5",0.0487166718372308,1,2.5,6
"SSP3_7_0",0.0471575900137642,1,2.5,6
"SSP5_8_5",0.0514648626026079,1,2.5,6
"SSP1_1_9",0.0191385345121509,1,2.2,6
"SSP1_2_6",0.0176570844825083,1,2.2,6
"SSP2_4_5",0.0486251674010717,1,2.2,6
"SSP3_7_0",0.0454564864524107,1,2.2,6
"SSP5_8_5",0.0466876632657448,1,2.2,6
"SSP1_1_9",0.0201527340951425,1,2.35,6
"SSP1_2_6",0.0207844023214777,1,2.35,6
"SSP2_4_5",0.0509843108459257,1,2.35,6
"SSP3_7_0",0.0475846581080527,1,2.35,6
"SSP5_8_5",0.0504601363324093,1,2.35,6
"SSP1_1_9",0.0206253523603747,1,2.5,6
"SSP1_2_6",0.0225515312594622,1,2.5,6
"SSP2_4_5",0.0524495619468299,1,2.5,6
"SSP3_7_0",0.0495778177623802,1,2.5,6
"SSP5_8_5",0.0543975007212592,1,2.5,6
"SSP1_1_9",0.0224033066179103,1,2.35,6
"SSP1_2_6",0.0223960688359533,1,2.35,6
"SSP2_4_5",0.0547402914427875,1,2.35,6
"SSP3_7_0",0.049912015083914,1,2.35,6
"SSP5_8_5",0.0537136618939809,1,2.35,6
"SSP1_1_9",0.0228737340811144,1,2.5,6
"SSP1_2_6",0.0241573037616952,1,2.5,6
"SSP2_4_5",0.0561938850311431,1,2.5,6
"SSP3_7_0",0.0518884680478658,1,2.5,6
"SSP5_8_5",0.0576094349047813,1,2.5,6
"SSP1_1_9",0.0238801167834883,1,2.5,6
"SSP1_2_6",0.0272431225273142,1,2.5,6
"SSP2_4_5",0.05851542301553,1,2.5,6
"SSP3_7_0",0.0539672261632513,1,2.5,6
"SSP5_8_5",0.0612529345814215,1,2.5,6
"SSP1_1_9",0.0141630425455279,1,2.05,6
"SSP1_2_6",0.0156207411746305,1,2.05,6
"SSP2_4_5",0.044228690078221,1,2.05,6
"SSP3_7_0",0.0423016330870659,1,2.05,6
"SSP5_8_5",0.0422854107385079,1,2.05,6
"SSP1_1_9",0.0164412874080651,1,2.2,6
"SSP1_2_6",0.0172489409401009,1,2.2,6
"SSP2_4_5",0.048037568318903,1,2.2,6
"SSP3_7_0",0.045438957401598,1,2.2,6
"SSP5_8_5",0.0460723171010709,1,2.2,6
"SSP1_1_9",0.01746104434443,1,2.35,6
"SSP1_2_6",0.0203774770295614,1,2.35,6
"SSP2_4_5",0.0503990133868882,1,2.35,6
"SSP3_7_0",0.0475645281022739,1,2.35,6
"SSP5_8_5",0.0498466604351037,1,2.35,6
"SSP1_1_9",0.0179362411656924,1,2.5,6
"SSP1_2_6",0.0221452998182351,1,2.5,6
"SSP2_4_5",0.0518656939430095,1,2.5,6
"SSP3_7_0",0.0495552587546971,1,2.5,6
"SSP5_8_5",0.0537855494764279,1,2.5,6
"SSP1_1_9",0.0200882517074754,1,2.2,6
"SSP1_2_6",0.0184851927095188,1,2.2,6
"SSP2_4_5",0.0517747566482743,1,2.2,6
"SSP3_7_0",0.0478690675241051,1,2.2,6
"SSP5_8_5",0.0490530301347391,1,2.2,6
"SSP1_1_9",0.02110038719227,1,2.35,6
"SSP1_2_6",0.0216056688233842,1,2.35,6
"SSP2_4_5",0.054117531508861,1,2.35,6
"SSP3_7_0",0.0499733242757777,1,2.35,6
"SSP5_8_5",0.0527856350136924,1,2.35,6
"SSP1_1_9",0.0215720475827326,1,2.5,6
"SSP1_2_6",0.0233689331675573,1,2.5,6
"SSP2_4_5",0.0555726266948941,1,2.5,6
"SSP3_7_0",0.0519454235003917,1,2.5,6
"SSP5_8_5",0.0566833861405701,1,2.5,6
"SSP1_1_9",0.0233463970779929,1,2.35,6
"SSP1_2_6",0.0232138028934354,1,2.35,6
"SSP2_4_5",0.0578475458142576,1,2.35,6
"SSP3_7_0",0.0522734141862999,1,2.35,6
"SSP5_8_5",0.0560029189722693,1,2.35,6
"SSP1_1_9",0.0238158734013612,1,2.5,6
"SSP1_2_6",0.0249711939917447,1,2.5,6
"SSP2_4_5",0.0592911058220469,1,2.5,6
"SSP3_7_0",0.0542291043234016,1,2.5,6
"SSP5_8_5",0.059859795803809,1,2.5,6
"SSP1_1_9",0.0248202160662102,1,2.5,6
"SSP1_2_6",0.028050316994102,1,2.5,6
"SSP2_4_5",0.0615966697668376,1,2.5,6
"SSP3_7_0",0.056284833785187,1,2.5,6
"SSP5_8_5",0.0634656493476936,1,2.5,6
"SSP1_1_9",0.0220386587259846,1,2.2,6
"SSP1_2_6",0.0195081960710638,1,2.2,6
"SSP2_4_5",0.0551492657122916,1,2.2,6
"SSP3_7_0",0.0503840450109954,1,2.2,6
"SSP5_8_5",0.0516950795971918,1,2.2,6
"SSP1_1_9",0.0230467051935051,1,2.35,6
"SSP1_2_6",0.0226214265721471,1,2.35,6
"SSP2_4_5",0.057475035671368,1,2.35,6
"SSP3_7_0",0.0524653409165053,1,2.35,6
"SSP5_8_5",0.0553876367327214,1,2.35,6
"SSP1_1_9",0.0235164681751526,1,2.5,6
"SSP1_2_6",0.0243805949880163,1,2.5,6
"SSP2_4_5",0.0589195790649508,1,2.5,6
"SSP3_7_0",0.0544173009971849,1,2.5,6
"SSP5_8_5",0.0592457433907065,1,2.5,6
"SSP1_1_9",0.0252836764698749,1,2.35,6
"SSP1_2_6",0.0242258154757497,1,2.35,6
"SSP2_4_5",0.0611780711489828,1,2.35,6
"SSP3_7_0",0.0547391547771912,1,2.35,6
"SSP5_8_5",0.0585682826008422,1,2.35,6
"SSP1_1_9",0.0257512685566802,1,2.5,6
"SSP1_2_6",0.0259791317552102,1,2.5,6
"SSP2_4_5",0.062611204904923,1,2.5,6
"SSP3_7_0",0.0566749841497083,1,2.5,6
"SSP5_8_5",0.0623862150425475,1,2.5,6
"SSP1_1_9",0.0267515692649438,1,2.5,6
"SSP1_2_6",0.0290511574629884,1,2.5,6
"SSP2_4_5",0.0649001688304705,1,2.5,6
"SSP3_7_0",0.0587085822630746,1,2.5,6
"SSP5_8_5",0.0659541899791607,1,2.5,6
"SSP1_1_9",0.0288650126445209,1,2.35,6
"SSP1_2_6",0.0254437558568756,1,2.35,6
"SSP2_4_5",0.0648114635315826,1,2.35,6
"SSP3_7_0",0.0570684370145346,1,2.35,6
"SSP5_8_5",0.0613974352438349,1,2.35,6
"SSP1_1_9",0.0293291526328441,1,2.5,6
"SSP1_2_6",0.0271925705847119,1,2.5,6
"SSP2_4_5",0.0662334072379311,1,2.5,6
"SSP3_7_0",0.0589864867963192,1,2.5,6
"SSP5_8_5",0.0651763410892054,1,2.5,6
"SSP1_1_9",0.0303220479281367,1,2.5,6
"SSP1_2_6",0.0302567562775252,1,2.5,6
"SSP2_4_5",0.0685045543968415,1,2.5,6
"SSP3_7_0",0.0610002164891441,1,2.5,6
"SSP5_8_5",0.0687061852449745,1,2.5,6
"SSP1_1_9",0.0325255270544284,1,2.5,6
"SSP1_2_6",0.0318357734907586,1,2.5,6
"SSP2_4_5",0.0721209186467492,1,2.5,6
"SSP3_7_0",0.0631961269877394,1,2.5,6
"SSP5_8_5",0.0717356121182947,1,2.5,6
"SSP1_1_9",0.0144706290854806,1,2.05,6
"SSP1_2_6",0.0159011272120942,1,2.05,6
"SSP2_4_5",0.046584678853573,1,2.05,6
"SSP3_7_0",0.0444440036909015,1,2.05,6
"SSP5_8_5",0.0443793543019556,1,2.05,6
"SSP1_1_9",0.0167467197184216,1,2.2,6
"SSP1_2_6",0.0175266416763074,1,2.2,6
"SSP2_4_5",0.0503720910958965,1,2.2,6
"SSP3_7_0",0.047327215848423,1,2.2,6
"SSP5_8_5",0.0478373625361709,1,2.2,6
"SSP1_1_9",0.0177655131753412,1,2.35,6
"SSP1_2_6",0.0206500499307389,1,2.35,6
"SSP2_4_5",0.0527202729906103,1,2.35,6
"SSP3_7_0",0.0494313264142121,1,2.35,6
"SSP5_8_5",0.0515763655639461,1,2.35,6
"SSP1_1_9",0.0182402625249091,1,2.5,6
"SSP1_2_6",0.0224149837276883,1,2.5,6
"SSP2_4_5",0.0541787265168841,1,2.5,6
"SSP3_7_0",0.0514030203051215,1,2.5,6
"SSP5_8_5",0.0554799251353617,1,2.5,6
"SSP1_1_9",0.0203902580170996,1,2.2,6
"SSP1_2_6",0.0187608492075163,1,2.2,6
"SSP2_4_5",0.0540882480352308,1,2.2,6
"SSP3_7_0",0.0497305033644698,1,2.2,6
"SSP5_8_5",0.050787112700257,1,2.2,6
"SSP1_1_9",0.0214014419774925,1,2.35,6
"SSP1_2_6",0.0218762216467794,1,2.35,6
"SSP2_4_5",0.0564179230254804,1,2.35,6
"SSP3_7_0",0.0518136641642141,1,2.35,6
"SSP5_8_5",0.0544850573309284,1,2.35,6
"SSP1_1_9",0.0218726604345768,1,2.5,6
"SSP1_2_6",0.0236366106214546,1,2.5,6
"SSP2_4_5",0.057864892327354,1,2.5,6
"SSP3_7_0",0.0537670376116334,1,2.5,6
"SSP5_8_5",0.0583481353754852,1,2.5,6
"SSP1_1_9",0.0236453481974752,1,2.35,6
"SSP1_2_6",0.0234817305179181,1,2.35,6
"SSP2_4_5",0.0601271607064036,1,2.35,6
"SSP3_7_0",0.0540898634006604,1,2.35,6
"SSP5_8_5",0.0576711686615619,1,2.35,6
"SSP1_1_9",0.0241143859979959,1,2.5,6
"SSP1_2_6",0.0252362637389812,1,2.5,6
"SSP2_4_5",0.0615626950120727,1,2.5,6
"SSP3_7_0",0.0560270970518709,1,2.5,6
"SSP5_8_5",0.0614940126369438,1,2.5,6
"SSP1_1_9",0.0251177893169042,1,2.5,6
"SSP1_2_6",0.028310406147928,1,2.5,6
"SSP2_4_5",0.063855482196478,1,2.5,6
"SSP3_7_0",0.0580625315504931,1,2.5,6
"SSP5_8_5",0.0650671901750248,1,2.5,6
"SSP1_1_9",0.0223388324405137,1,2.2,6
"SSP1_2_6",0.0197821128395393,1,2.2,6
"SSP2_4_5",0.0574436399772905,1,2.2,6
"SSP3_7_0",0.0522170235857972,1,2.2,6
"SSP5_8_5",0.053400433164368,1,2.2,6
"SSP1_1_9",0.0233459337833402,1,2.35,6
"SSP1_2_6",0.0228902615080973,1,2.35,6
"SSP2_4_5",0.0597564587048909,1,2.35,6
"SSP3_7_0",0.0542776161914017,1,2.35,6
"SSP5_8_5",0.0570589850345853,1,2.35,6
"SSP1_1_9",0.0238152577964316,1,2.5,6
"SSP1_2_6",0.0246465668638492,1,2.5,6
"SSP2_4_5",0.06119296827755,1,2.5,6
"SSP3_7_0",0.0562111865366577,1,2.5,6
"SSP5_8_5",0.0608830526592438,1,2.5,6
"SSP1_1_9",0.0255808155054574,1,2.35,6
"SSP1_2_6",0.0244920364726584,1,2.35,6
"SSP2_4_5",0.0634389525480879,1,2.35,6
"SSP3_7_0",0.0565279934804819,1,2.35,6
"SSP5_8_5",0.0602090654600937,1,2.35,6
"SSP1_1_9",0.0260479720054577,1,2.5,6
"SSP1_2_6",0.0262425070926532,1,2.5,6
"SSP2_4_5",0.0648641511846337,1,2.5,6
"SSP3_7_0",0.0584456959501644,1,2.5,6
"SSP5_8_5",0.0639935834307327,1,2.5,6
"SSP1_1_9",0.0270473396646264,1,2.5,6
"SSP1_2_6",0.0293095734057087,1,2.5,6
"SSP2_4_5",0.0671404822142553,1,2.5,6
"SSP3_7_0",0.060459372442811,1,2.5,6
"SSP5_8_5",0.0675294888241988,1,2.5,6
"SSP1_1_9",0.0291588280693108,1,2.35,6
"SSP1_2_6",0.0257079874613365,1,2.35,6
"SSP2_4_5",0.0670522170580265,1,2.35,6
"SSP3_7_0",0.0588322002243186,1,2.35,6
"SSP5_8_5",0.0630097610102209,1,2.35,6
"SSP1_1_9",0.0296225378250079,1,2.5,6
"SSP1_2_6",0.0274539699055324,1,2.5,6
"SSP2_4_5",0.0684663221322924,1,2.5,6
"SSP3_7_0",0.0607324142761818,1,2.5,6
"SSP5_8_5",0.0667558614761029,1,2.5,6
"SSP1_1_9",0.0306145115543591,1,2.5,6
"SSP1_2_6",0.0305132194123267,1,2.5,6
"SSP2_4_5",0.0707249896444549,1,2.5,6
"SSP3_7_0",0.0627265527411008,1,2.5,6
"SSP5_8_5",0.0702542352714369,1,2.5,6
"SSP1_1_9",0.0328159530761518,1,2.5,6
"SSP1_2_6",0.0320896978272882,1,2.5,6
"SSP2_4_5",0.0743215579106483,1,2.5,6
"SSP3_7_0",0.0649003187069698,1,2.5,6
"SSP5_8_5",0.0732554710107514,1,2.5,6
"SSP1_1_9",0.0232816816218605,1,2.2,6
"SSP1_2_6",0.0206040838309521,1,2.2,6
"SSP2_4_5",0.0605288727618281,1,2.2,6
"SSP3_7_0",0.0545364419282131,1,2.2,6
"SSP5_8_5",0.0556734633509526,1,2.2,6
"SSP1_1_9",0.0242867411101457,1,2.35,6
"SSP1_2_6",0.0237054630069294,1,2.35,6
"SSP2_4_5",0.0628258167819831,1,2.35,6
"SSP3_7_0",0.0565743945362412,1,2.35,6
"SSP5_8_5",0.0592942336829383,1,2.35,6
"SSP1_1_9",0.0247551175511064,1,2.5,6
"SSP1_2_6",0.0254579444966547,1,2.5,6
"SSP2_4_5",0.0642524763561942,1,2.5,6
"SSP3_7_0",0.0584879947921884,1,2.5,6
"SSP5_8_5",0.063080706965652,1,2.5,6
"SSP1_1_9",0.0265171092443804,1,2.35,6
"SSP1_2_6",0.0253037427890389,1,2.35,6
"SSP2_4_5",0.0664831251862909,1,2.35,6
"SSP3_7_0",0.0587989800868157,1,2.35,6
"SSP5_8_5",0.0624100085298206,1,2.35,6
"SSP1_1_9",0.0269833248105183,1,2.5,6
"SSP1_2_6",0.0270504100131955,1,2.5,6
"SSP2_4_5",0.0678985912692871,1,2.5,6
"SSP3_7_0",0.0606969891653226,1,2.5,6
"SSP5_8_5",0.0661575994820324,1,2.5,6
"SSP1_1_9",0.027980674330264,1,2.5,6
"SSP1_2_6",0.030110850715587,1,2.5,6
"SSP2_4_5",0.0701594263687166,1,2.5,6
"SSP3_7_0",0.0626888494038387,1,2.5,6
"SSP5_8_5",0.0696577912615002,1,2.5,6
"SSP1_1_9",0.0300879441417492,1,2.35,6
"SSP1_2_6",0.0265170149577124,1,2.35,6
"SSP2_4_5",0.0700716956818088,1,2.35,6
"SSP3_7_0",0.0610753862852225,1,2.35,6
"SSP5_8_5",0.0651784346551671,1,2.35,6
"SSP1_1_9",0.0305507234747188,1,2.5,6
"SSP1_2_6",0.0282592097803017,1,2.5,6
"SSP2_4_5",0.0714761830555472,1,2.5,6
"SSP3_7_0",0.0629562141909174,1,2.5,6
"SSP5_8_5",0.0688882608533462,1,2.5,6
"SSP1_1_9",0.0315407016205033,1,2.5,6
"SSP1_2_6",0.0313118610479249,1,2.5,6
"SSP2_4_5",0.0737195370737906,1,2.5,6
"SSP3_7_0",0.0649288863317317,1,2.5,6
"SSP5_8_5",0.0723515655615892,1,2.5,6
"SSP1_1_9",0.0337377315914174,1,2.5,6
"SSP1_2_6",0.0328849327631751,1,2.5,6
"SSP2_4_5",0.0772918074478025,1,2.5,6
"SSP3_7_0",0.0670782276712393,1,2.5,6
"SSP5_8_5",0.0753210463113575,1,2.5,6
"SSP1_1_9",0.0319975118399319,1,2.35,6
"SSP1_2_6",0.0275195351517768,1,2.35,6
"SSP2_4_5",0.0733109046649981,1,2.35,6
"SSP3_7_0",0.063426032730365,1,2.35,6
"SSP5_8_5",0.0676199020376989,1,2.35,6
"SSP1_1_9",0.0324584474749819,1,2.5,6
"SSP1_2_6",0.0292577128802078,1,2.5,6
"SSP2_4_5",0.0747053928505847,1,2.5,6
"SSP3_7_0",0.0652882920172392,1,2.5,6
"SSP5_8_5",0.07129335609161,1,2.5,6
"SSP1_1_9",0.0334444706567928,1,2.5,6
"SSP1_2_6",0.032303367015801,1,2.5,6
"SSP2_4_5",0.076932825195461,1,2.5,6
"SSP3_7_0",0.0672403029038035,1,2.5,6
"SSP5_8_5",0.0747213176698899,1,2.5,6
"SSP1_1_9",0.0356327576332296,1,2.5,6
"SSP1_2_6",0.0338728219638877,1,2.5,6
"SSP2_4_5",0.0804798298094976,1,2.5,6
"SSP3_7_0",0.0693660425219549,1,2.5,6
"SSP5_8_5",0.0776585721758119,1,2.5,6
"SSP1_1_9",0.0391366710150059,1,2.5,6
"SSP1_2_6",0.0350639275497239,1,2.5,6
"SSP2_4_5",0.0839602097080201,1,2.5,6
"SSP3_7_0",0.071534725297184,1,2.5,6
"SSP5_8_5",0.0802558090880192,1,2.5,6
"SSP1_1_9",0.00770251131510515,1,1.9,6
"SSP1_2_6",0.0126235446666582,1,1.9,6
"SSP2_4_5",0.0346138984983711,1,1.9,6
"SSP3_7_0",0.0327376990990251,1,1.9,6
"SSP5_8_5",0.0316387875656322,1,1.9,6
"SSP1_1_9",0.0114100972971769,1,2.05,6
"SSP1_2_6",0.0138643972506163,1,2.05,6
"SSP2_4_5",0.0384452389128184,1,2.05,6
"SSP3_7_0",0.0352814389832454,1,2.05,6
"SSP5_8_5",0.0347715896578468,1,2.05,6
"SSP1_1_9",0.013698272339724,1,2.2,6
"SSP1_2_6",0.0154887172733731,1,2.2,6
"SSP2_4_5",0.042287580533835,1,2.2,6
"SSP3_7_0",0.0376998856902904,1,2.2,6
"SSP5_8_5",0.0381811907723218,1,2.2,6
"SSP1_1_9",0.0147224814877254,1,2.35,6
"SSP1_2_6",0.0186097920650695,1,2.35,6
"SSP2_4_5",0.0446697382812722,1,2.35,6
"SSP3_7_0",0.0398684003255391,1,2.35,6
"SSP5_8_5",0.0420268241765916,1,2.35,6
"SSP1_1_9",0.0151997425030531,1,2.5,6
"SSP1_2_6",0.0203734583980357,1,2.5,6
"SSP2_4_5",0.0461492872653377,1,2.5,6
"SSP3_7_0",0.0418952152636891,1,2.5,6
"SSP5_8_5",0.0460340658480862,1,2.5,6
"SSP1_1_9",0.0133930523834934,1,2.05,6
"SSP1_2_6",0.0148920781095326,1,2.05,6
"SSP2_4_5",0.0419056923107237,1,2.05,6
"SSP3_7_0",0.0379196992011422,1,2.05,6
"SSP5_8_5",0.0375605065671264,1,2.05,6
"SSP1_1_9",0.0156719392250499,1,2.2,6
"SSP1_2_6",0.0165126048853531,1,2.2,6
"SSP2_4_5",0.0457198693332554,1,2.2,6
"SSP3_7_0",0.0403098674638004,1,2.2,6
"SSP5_8_5",0.0409301168277959,1,2.2,6
"SSP1_1_9",0.0166919888362124,1,2.35,6
"SSP1_2_6",0.0196264512421082,1,2.35,6
"SSP2_4_5",0.0480846188346288,1,2.35,6
"SSP3_7_0",0.0424543736765461,1,2.35,6
"SSP5_8_5",0.0447338025994789,1,2.35,6
"SSP1_1_9",0.0171673197876901,1,2.5,6
"SSP1_2_6",0.0213860312091996,1,2.5,6
"SSP2_4_5",0.0495533660551443,1,2.5,6
"SSP3_7_0",0.0444601727887391,1,2.5,6
"SSP5_8_5",0.0486995923674209,1,2.5,6
"SSP1_1_9",0.019319920986946,1,2.2,6
"SSP1_2_6",0.017743078385497,1,2.2,6
"SSP2_4_5",0.0494623514293896,1,2.2,6
"SSP3_7_0",0.0427679603310744,1,2.2,6
"SSP5_8_5",0.0439429840235396,1,2.2,6
"SSP1_1_9",0.0203323508443632,1,2.35,6
"SSP1_2_6",0.0208489461461077,1,2.35,6
"SSP2_4_5",0.0518084239882774,1,2.35,6
"SSP3_7_0",0.0448909472689785,1,2.35,6
"SSP5_8_5",0.0477045669916281,1,2.35,6
"SSP1_1_9",0.0208041461584421,1,2.5,6
"SSP1_2_6",0.0226040134945236,1,2.5,6
"SSP2_4_5",0.0532655815533453,1,2.5,6
"SSP3_7_0",0.0468779521417206,1,2.5,6
"SSP5_8_5",0.0516288866736402,1,2.5,6
"SSP1_1_9",0.0225790098930373,1,2.35,6
"SSP1_2_6",0.0224496099546279,1,2.35,6
"SSP2_4_5",0.0555437090876216,1,2.35,6
"SSP3_7_0",0.0472141910525925,1,2.35,6
"SSP5_8_5",0.0509514974388717,1,2.35,6
"SSP1_1_9",0.0230486216135049,1,2.5,6
"SSP1_2_6",0.0241988630261088,1,2.5,6
"SSP2_4_5",0.0569893271623291,1,2.5,6
"SSP3_7_0",0.0491846518344115,1,2.5,6
"SSP5_8_5",0.0548346349622498,1,2.5,6
"SSP1_1_9",0.0240532603160159,1,2.5,6
"SSP1_2_6",0.0272637931177936,1,2.5,6
"SSP2_4_5",0.0592981749677111,1,2.5,6
"SSP3_7_0",0.0512586993686533,1,2.5,6
"SSP5_8_5",0.0584685159728588,1,2.5,6
"SSP1_1_9",0.0143531354449786,1,2.05,6
"SSP1_2_6",0.0157207326183175,1,2.05,6
"SSP2_4_5",0.0450901476764885,1,2.05,6
"SSP3_7_0",0.0403920406415162,1,2.05,6
"SSP5_8_5",0.040001922749088,1,2.05,6
"SSP1_1_9",0.0166273753928263,1,2.2,6
"SSP1_2_6",0.0173377049367496,1,2.2,6
"SSP2_4_5",0.048877792707227,1,2.2,6
"SSP3_7_0",0.0427539191446814,1,2.2,6
"SSP5_8_5",0.0433333752370292,1,2.2,6
"SSP1_1_9",0.0176453442491366,1,2.35,6
"SSP1_2_6",0.0204447744925566,1,2.35,6
"SSP2_4_5",0.0512261440057778,1,2.35,6
"SSP3_7_0",0.0448743171350917,1,2.35,6
"SSP5_8_5",0.0470967863401913,1,2.35,6
"SSP1_1_9",0.0181197096137824,1,2.5,6
"SSP1_2_6",0.0222005263412452,1,2.5,6
"SSP2_4_5",0.0526847168502423,1,2.5,6
"SSP3_7_0",0.0468589074647877,1,2.5,6
"SSP5_8_5",0.0510225947660582,1,2.5,6
"SSP1_1_9",0.0202679684212603,1,2.2,6
"SSP1_2_6",0.0185654537310445,1,2.2,6
"SSP2_4_5",0.0525942636445184,1,2.2,6
"SSP3_7_0",0.0451814393914686,1,2.2,6
"SSP5_8_5",0.0463102163172051,1,2.2,6
"SSP1_1_9",0.0212783410008352,1,2.35,6
"SSP1_2_6",0.0216645728115166,1,2.35,6
"SSP2_4_5",0.0549241344285636,1,2.35,6
"SSP3_7_0",0.0472807165626992,1,2.35,6
"SSP5_8_5",0.0500322786665308,1,2.35,6
"SSP1_1_9",0.0217491816011032,1,2.5,6
"SSP1_2_6",0.0234158279150823,1,2.5,6
"SSP2_4_5",0.0563712392990168,1,2.5,6
"SSP3_7_0",0.049246851541964,1,2.5,6
"SSP5_8_5",0.0539173424277127,1,2.5,6
"SSP1_1_9",0.0235204524505016,1,2.35,6
"SSP1_2_6",0.0232617520320668,1,2.35,6
"SSP2_4_5",0.0586337166742964,1,2.35,6
"SSP3_7_0",0.0495769125400087,1,2.35,6
"SSP5_8_5",0.0532432557898085,1,2.35,6
"SSP1_1_9",0.023989116159484,1,2.5,6
"SSP1_2_6",0.0250072132058544,1,2.5,6
"SSP2_4_5",0.0600694025887257,1,2.5,6
"SSP3_7_0",0.0515267962263052,1,2.5,6
"SSP5_8_5",0.0570878429769525,1,2.5,6
"SSP1_1_9",0.024991721528322,1,2.5,6
"SSP1_2_6",0.0280655376325986,1,2.5,6
"SSP2_4_5",0.0623624373588156,1,2.5,6
"SSP3_7_0",0.0535780060405236,1,2.5,6
"SSP5_8_5",0.0606843897509891,1,2.5,6
"SSP1_1_9",0.0222149811296945,1,2.2,6
"SSP1_2_6",0.0195814237843718,1,2.2,6
"SSP2_4_5",0.0559501123780836,1,2.2,6
"SSP3_7_0",0.0476952526323323,1,2.2,6
"SSP5_8_5",0.0489514688499427,1,2.2,6
"SSP1_1_9",0.0232212781484054,1,2.35,6
"SSP1_2_6",0.0226733955443108,1,2.35,6
"SSP2_4_5",0.0582631503145754,1,2.35,6
"SSP3_7_0",0.049771769945956,1,2.35,6
"SSP5_8_5",0.0526338406197306,1,2.35,6
"SSP1_1_9",0.0236902275759903,1,2.5,6
"SSP1_2_6",0.0244206100722692,1,2.5,6
"SSP2_4_5",0.0596998098703988,1,2.5,6
"SSP3_7_0",0.051717950641214,1,2.5,6
"SSP5_8_5",0.0564796240054591,1,2.5,6
"SSP1_1_9",0.0254543806591471,1,2.35,6
"SSP1_2_6",0.0242668802174845,1,2.35,6
"SSP2_4_5",0.0619460254932227,1,2.35,6
"SSP3_7_0",0.0520419069670857,1,2.35,6
"SSP5_8_5",0.0558084811820698,1,2.35,6
"SSP1_1_9",0.0259211663041028,1,2.5,6
"SSP1_2_6",0.0260083214997445,1,2.5,6
"SSP2_4_5",0.0633713897966018,1,2.5,6
"SSP3_7_0",0.0539721102526086,1,2.5,6
"SSP5_8_5",0.0596144768290168,1,2.5,6
"SSP1_1_9",0.0269197429455304,1,2.5,6
"SSP1_2_6",0.0290596439353635,1,2.5,6
"SSP2_4_5",0.0656479906768246,1,2.5,6
"SSP3_7_0",0.0560013764027916,1,2.5,6
"SSP5_8_5",0.063173467282135,1,2.5,6
"SSP1_1_9",0.0290295610826351,1,2.35,6
"SSP1_2_6",0.025476565656233,1,2.35,6
"SSP2_4_5",0.0655597472652099,1,2.35,6
"SSP3_7_0",0.0543694367237512,1,2.35,6
"SSP5_8_5",0.0586350466333589,1,2.35,6
"SSP1_1_9",0.0294929058884283,1,2.5,6
"SSP1_2_6",0.0272135659398696,1,2.5,6
"SSP2_4_5",0.0669740331313725,1,2.5,6
"SSP3_7_0",0.0562820228037028,1,2.5,6
"SSP5_8_5",0.0624023750999866,1,2.5,6
"SSP1_1_9",0.0304841012487097,1,2.5,6
"SSP1_2_6",0.0302571534286083,1,2.5,6
"SSP2_4_5",0.0692329944521338,1,2.5,6
"SSP3_7_0",0.0582915906715478,1,2.5,6
"SSP5_8_5",0.0659235666985249,1,2.5,6
"SSP1_1_9",0.0326838207887873,1,2.5,6
"SSP1_2_6",0.0318256068949508,1,2.5,6
"SSP2_4_5",0.072830061238679,1,2.5,6
"SSP3_7_0",0.0604845037137328,1,2.5,6
"SSP5_8_5",0.0689483335060892,1,2.5,6
"SSP1_1_9",0.0146601205011516,1,2.05,6
"SSP1_2_6",0.0159990781321045,1,2.05,6
"SSP2_4_5",0.0474323979977192,1,2.05,6
"SSP3_7_0",0.0423093102763438,1,2.05,6
"SSP5_8_5",0.0418052835983814,1,2.05,6
"SSP1_1_9",0.0169322135073793,1,2.2,6
"SSP1_2_6",0.0176134019357506,1,2.2,6
"SSP2_4_5",0.0511987985127782,1,2.2,6
"SSP3_7_0",0.0446463561355777,1,2.2,6
"SSP5_8_5",0.0451038322355454,1,2.2,6
"SSP1_1_9",0.0179492221361555,1,2.35,6
"SSP1_2_6",0.0207154135909738,1,2.35,6
"SSP2_4_5",0.0535340228712868,1,2.35,6
"SSP3_7_0",0.046745467608447,1,2.35,6
"SSP5_8_5",0.0488321949232266,1,2.35,6
"SSP1_1_9",0.0184231415371157,1,2.5,6
"SSP1_2_6",0.0224683156734933,1,2.5,6
"SSP2_4_5",0.0549844529621359,1,2.5,6
"SSP3_7_0",0.0487111857150843,1,2.5,6
"SSP5_8_5",0.0527229786825608,1,2.5,6
"SSP1_1_9",0.0205693920681602,1,2.2,6
"SSP1_2_6",0.0188391344289019,1,2.2,6
"SSP2_4_5",0.0548944539371949,1,2.2,6
"SSP3_7_0",0.0470472412908747,1,2.2,6
"SSP5_8_5",0.04804992205505,1,2.2,6
"SSP1_1_9",0.0215788163167467,1,2.35,6
"SSP1_2_6",0.0219332192791591,1,2.35,6
"SSP2_4_5",0.0572113586657497,1,2.35,6
"SSP3_7_0",0.0491255905581677,1,2.35,6
"SSP5_8_5",0.0517376056168713,1,2.35,6
"SSP1_1_9",0.0220492164645751,1,2.5,6
"SSP1_2_6",0.0236816379634664,1,2.5,6
"SSP2_4_5",0.0586504204341266,1,2.5,6
"SSP3_7_0",0.0510731594437615,1,2.5,6
"SSP5_8_5",0.0555882909277486,1,2.5,6
"SSP1_1_9",0.0238188311412236,1,2.35,6
"SSP1_2_6",0.0235278088682054,1,2.35,6
"SSP2_4_5",0.0609003755611466,1,2.35,6
"SSP3_7_0",0.0513980712586627,1,2.35,6
"SSP5_8_5",0.0549176352996844,1,2.35,6
"SSP1_1_9",0.0242870577916929,1,2.5,6
"SSP1_2_6",0.0252704507622201,1,2.5,6
"SSP2_4_5",0.0623281170832182,1,2.5,6
"SSP3_7_0",0.0533296539096592,1,2.5,6
"SSP5_8_5",0.0587284742652915,1,2.5,6
"SSP1_1_9",0.0252887269487007,1,2.5,6
"SSP1_2_6",0.0283238615577417,1,2.5,6
"SSP2_4_5",0.064608504159231,1,2.5,6
"SSP3_7_0",0.0553607243237063,1,2.5,6
"SSP5_8_5",0.062292595467434,1,2.5,6
"SSP1_1_9",0.0225145783274253,1,2.2,6
"SSP1_2_6",0.0198533885065638,1,2.2,6
"SSP2_4_5",0.058231380989927,1,2.2,6
"SSP3_7_0",0.0495327816663193,1,2.2,6
"SSP5_8_5",0.050662617401108,1,2.2,6
"SSP1_1_9",0.0235199333836523,1,2.35,6
"SSP1_2_6",0.0229403474359878,1,2.35,6
"SSP2_4_5",0.060531599317931,1,2.35,6
"SSP3_7_0",0.0515887578567485,1,2.35,6
"SSP5_8_5",0.054311255624618,1,2.35,6
"SSP1_1_9",0.0239884453091812,1,2.5,6
"SSP1_2_6",0.0246847376056733,1,2.5,6
"SSP2_4_5",0.0619603064807095,1,2.5,6
"SSP3_7_0",0.0535167033588732,1,2.5,6
"SSP5_8_5",0.0581232850558716,1,2.5,6
"SSP1_1_9",0.0257509533120478,1,2.35,6
"SSP1_2_6",0.0245312535102839,1,2.35,6
"SSP2_4_5",0.0641941406851741,1,2.35,6
"SSP3_7_0",0.0538356271327984,1,2.35,6
"SSP5_8_5",0.0574555473325123,1,2.35,6
"SSP1_1_9",0.0262173048202779,1,2.5,6
"SSP1_2_6",0.0262698874846074,1,2.5,6
"SSP2_4_5",0.0656116498531401,1,2.5,6
"SSP3_7_0",0.0557478539698759,1,2.5,6
"SSP5_8_5",0.0612284039369842,1,2.5,6
"SSP1_1_9",0.0272149515161766,1,2.5,6
"SSP1_2_6",0.0293163170625277,1,2.5,6
"SSP2_4_5",0.0678757448035477,1,2.5,6
"SSP3_7_0",0.0577573486226147,1,2.5,6
"SSP5_8_5",0.0647555666153766,1,2.5,6
"SSP1_1_9",0.029322821159506,1,2.35,6
"SSP1_2_6",0.0257389763843899,1,2.35,6
"SSP2_4_5",0.067787937174527,1,2.35,6
"SSP3_7_0",0.056138243518392,1,2.35,6
"SSP5_8_5",0.0602538311423426,1,2.35,6
"SSP1_1_9",0.0297857371568605,1,2.5,6
"SSP1_2_6",0.0274731824671914,1,2.5,6
"SSP2_4_5",0.0691944629878641,1,2.5,6
"SSP3_7_0",0.0580331399113286,1,2.5,6
"SSP5_8_5",0.063988620533278,1,2.5,6
"SSP1_1_9",0.0307760139992861,1,2.5,6
"SSP1_2_6",0.0305118998423389,1,2.5,6
"SSP2_4_5",0.0714410694026082,1,2.5,6
"SSP3_7_0",0.0600232618562431,1,2.5,6
"SSP5_8_5",0.0674785748988913,1,2.5,6
"SSP1_1_9",0.0329737026556914,1,2.5,6
"SSP1_2_6",0.0320778483443939,1,2.5,6
"SSP2_4_5",0.075018537190441,1,2.5,6
"SSP3_7_0",0.0621941801374782,1,2.5,6
"SSP5_8_5",0.0704753323957164,1,2.5,6
"SSP1_1_9",0.0234557804748503,1,2.2,6
"SSP1_2_6",0.0206697102970386,1,2.2,6
"SSP2_4_5",0.061299592468914,1,2.2,6
"SSP3_7_0",0.0518537155945106,1,2.2,6
"SSP5_8_5",0.0529380792895579,1,2.2,6
"SSP1_1_9",0.0244591003890106,1,2.35,6
"SSP1_2_6",0.0237499913163615,1,2.35,6
"SSP2_4_5",0.0635840956262022,1,2.35,6
"SSP3_7_0",0.0538872377704435,1,2.35,6
"SSP5_8_5",0.0565492523772071,1,2.35,6
"SSP1_1_9",0.0249266678534548,1,2.5,6
"SSP1_2_6",0.0254906091473218,1,2.5,6
"SSP2_4_5",0.0650030515171318,1,2.5,6
"SSP3_7_0",0.0557953869698202,1,2.5,6
"SSP5_8_5",0.0603240142740589,1,2.5,6
"SSP1_1_9",0.0266856215302085,1,2.35,6
"SSP1_2_6",0.0253374493128319,1,2.35,6
"SSP2_4_5",0.0672217035403695,1,2.35,6
"SSP3_7_0",0.0561085131023422,1,2.35,6
"SSP5_8_5",0.0596594992225916,1,2.35,6
"SSP1_1_9",0.0271510351836315,1,2.5,6
"SSP1_2_6",0.0270723310073207,1,2.5,6
"SSP2_4_5",0.0686295771752162,1,2.5,6
"SSP3_7_0",0.0580012160003034,1,2.5,6
"SSP5_8_5",0.0633957452228962,1,2.5,6
"SSP1_1_9",0.0281466703382825,1,2.5,6
"SSP1_2_6",0.0301122236660547,1,2.5,6
"SSP2_4_5",0.0708783302295326,1,2.5,6
"SSP3_7_0",0.059989067578334,1,2.5,6
"SSP5_8_5",0.0668874784422075,1,2.5,6
"SSP1_1_9",0.0302503351418346,1,2.35,6
"SSP1_2_6",0.0265425293865378,1,2.35,6
"SSP2_4_5",0.0707910518240894,1,2.35,6
"SSP3_7_0",0.0583835245732691,1,2.35,6
"SSP5_8_5",0.0624257338739689,1,2.35,6
"SSP1_1_9",0.0307123237450624,1,2.5,6
"SSP1_2_6",0.028272998647423,1,2.5,6
"SSP2_4_5",0.0721880552967738,1,2.5,6
"SSP3_7_0",0.0602591995742999,1,2.5,6
"SSP5_8_5",0.0661245555297011,1,2.5,6
"SSP1_1_9",0.0317006114939224,1,2.5,6
"SSP1_2_6",0.0313052059278747,1,2.5,6
"SSP2_4_5",0.0744194996206992,1,2.5,6
"SSP3_7_0",0.0622280232061662,1,2.5,6
"SSP5_8_5",0.0695797155371372,1,2.5,6
"SSP1_1_9",0.0338939029106173,1,2.5,6
"SSP1_2_6",0.0328677930643401,1,2.5,6
"SSP2_4_5",0.077972908690418,1,2.5,6
"SSP3_7_0",0.0643746942565244,1,2.5,6
"SSP5_8_5",0.0725449409392995,1,2.5,6
"SSP1_1_9",0.0321566421342421,1,2.35,6
"SSP1_2_6",0.0275382929502887,1,2.35,6
"SSP2_4_5",0.0740129560498827,1,2.35,6
"SSP3_7_0",0.0607342187529201,1,2.35,6
"SSP5_8_5",0.0648678726519888,1,2.35,6
"SSP1_1_9",0.0326167930174412,1,2.5,6
"SSP1_2_6",0.029264798885875,1,2.5,6
"SSP2_4_5",0.0754000587860133,1,2.5,6
"SSP3_7_0",0.062591485751921,1,2.5,6
"SSP5_8_5",0.0685306362407671,1,2.5,6
"SSP1_1_9",0.0336011386141845,1,2.5,6
"SSP1_2_6",0.0322901023345428,1,2.5,6
"SSP2_4_5",0.0776157377600282,1,2.5,6
"SSP3_7_0",0.0645398141321093,1,2.5,6
"SSP5_8_5",0.0719507385428983,1,2.5,6
"SSP1_1_9",0.0357857152885894,1,2.5,6
"SSP1_2_6",0.0338491207518022,1,2.5,6
"SSP2_4_5",0.0811441280530667,1,2.5,6
"SSP3_7_0",0.0666630609674134,1,2.5,6
"SSP5_8_5",0.0748839744585606,1,2.5,6
"SSP1_1_9",0.0392837238013104,1,2.5,6
"SSP1_2_6",0.0350323298579868,1,2.5,6
"SSP2_4_5",0.0846063457085229,1,2.5,6
"SSP3_7_0",0.0688311868257739,1,2.5,6
"SSP5_8_5",0.0774803748954039,1,2.5,6
"SSP1_1_9",0.0150653269809942,1,2.05,6
"SSP1_2_6",0.0163737374434563,1,2.05,6
"SSP2_4_5",0.0494736076678925,1,2.05,6
"SSP3_7_0",0.0429772825677922,1,2.05,6
"SSP5_8_5",0.0423322881323829,1,2.05,6
"SSP1_1_9",0.017334075624243,1,2.2,6
"SSP1_2_6",0.0179827211057494,1,2.2,6
"SSP2_4_5",0.0532177035291778,1,2.2,6
"SSP3_7_0",0.0452945313389851,1,2.2,6
"SSP5_8_5",0.045604434417109,1,2.2,6
"SSP1_1_9",0.0183495890675446,1,2.35,6
"SSP1_2_6",0.0210745298384067,1,2.35,6
"SSP2_4_5",0.0555391527587391,1,2.35,6
"SSP3_7_0",0.0473762911242606,1,2.35,6
"SSP5_8_5",0.049303780185371,1,2.35,6
"SSP1_1_9",0.0188228138543242,1,2.5,6
"SSP1_2_6",0.0228216872663725,1,2.5,6
"SSP2_4_5",0.0569810419555411,1,2.5,6
"SSP3_7_0",0.0493261781981778,1,2.5,6
"SSP5_8_5",0.0531649259703064,1,2.5,6
"SSP1_1_9",0.0209659349139526,1,2.2,6
"SSP1_2_6",0.0192043958438977,1,2.2,6
"SSP2_4_5",0.0568915287199453,1,2.2,6
"SSP3_7_0",0.0476748174424148,1,2.2,6
"SSP5_8_5",0.0485267503803075,1,2.2,6
"SSP1_1_9",0.0219738830597679,1,2.35,6
"SSP1_2_6",0.022288326906485,1,2.35,6
"SSP2_4_5",0.0591948347392746,1,2.35,6
"SSP3_7_0",0.0497361348154639,1,2.35,6
"SSP5_8_5",0.0521860193434882,1,2.35,6
"SSP1_1_9",0.0224435974345283,1,2.5,6
"SSP1_2_6",0.0240310286352313,1,2.5,6
"SSP2_4_5",0.0606254648632632,1,2.5,6
"SSP3_7_0",0.0516681488861569,1,2.5,6
"SSP5_8_5",0.0560076530930311,1,2.5,6
"SSP1_1_9",0.0242106342318653,1,2.35,6
"SSP1_2_6",0.0238776986189171,1,2.35,6
"SSP2_4_5",0.0628622918367473,1,2.35,6
"SSP3_7_0",0.0519898136683495,1,2.35,6
"SSP5_8_5",0.0553414031638605,1,2.35,6
"SSP1_1_9",0.0246781805522126,1,2.5,6
"SSP1_2_6",0.0256146591427764,1,2.5,6
"SSP2_4_5",0.0642817099223724,1,2.5,6
"SSP3_7_0",0.0539060822282713,1,2.5,6
"SSP5_8_5",0.0591237667472209,1,2.5,6
"SSP1_1_9",0.0256783930395317,1,2.5,6
"SSP1_2_6",0.0286581666044542,1,2.5,6
"SSP2_4_5",0.0665488473017178,1,2.5,6
"SSP3_7_0",0.0559208341650306,1,2.5,6
"SSP5_8_5",0.0626612599614902,1,2.5,6
"SSP1_1_9",0.0229082784383211,1,2.2,6
"SSP1_2_6",0.0202152319703247,1,2.2,6
"SSP2_4_5",0.0602086610106607,1,2.2,6
"SSP3_7_0",0.0501389421379003,1,2.2,6
"SSP5_8_5",0.0511181879974039,1,2.2,6
"SSP1_1_9",0.0239121676034391,1,2.35,6
"SSP1_2_6",0.0232920814117782,1,2.35,6
"SSP2_4_5",0.0624954410489576,1,2.35,6
"SSP3_7_0",0.0521782293443314,1,2.35,6
"SSP5_8_5",0.0547389867885824,1,2.35,6
"SSP1_1_9",0.0243799984871531,1,2.5,6
"SSP1_2_6",0.0250307795866428,1,2.5,6
"SSP2_4_5",0.0639158159082527,1,2.5,6
"SSP3_7_0",0.0540909171115407,1,2.5,6
"SSP5_8_5",0.0585225268390742,1,2.5,6
"SSP1_1_9",0.0261399463965362,1,2.35,6
"SSP1_2_6",0.0248777924394829,1,2.35,6
"SSP2_4_5",0.0661366761889728,1,2.35,6
"SSP3_7_0",0.0544066892160545,1,2.35,6
"SSP5_8_5",0.0578591576396893,1,2.35,6
"SSP1_1_9",0.0266056222594887,1,2.5,6
"SSP1_2_6",0.0266107698177825,1,2.5,6
"SSP2_4_5",0.0675459596407769,1,2.5,6
"SSP3_7_0",0.0563038931507554,1,2.5,6
"SSP5_8_5",0.0616040867033551,1,2.5,6
"SSP1_1_9",0.0276018223315067,1,2.5,6
"SSP1_2_6",0.0296473390506676,1,2.5,6
"SSP2_4_5",0.0697969600876599,1,2.5,6
"SSP3_7_0",0.0582973946607177,1,2.5,6
"SSP5_8_5",0.0651051521303341,1,2.5,6
"SSP1_1_9",0.0297066583971861,1,2.35,6
"SSP1_2_6",0.0260815690118967,1,2.35,6
"SSP2_4_5",0.0697096179187314,1,2.35,6
"SSP3_7_0",0.0566902168326702,1,2.35,6
"SSP5_8_5",0.0606358452323427,1,2.35,6
"SSP1_1_9",0.0301689072934095,1,2.5,6
"SSP1_2_6",0.027810145695325,1,2.5,6
"SSP2_4_5",0.0711080221652743,1,2.5,6
"SSP3_7_0",0.0585703484971663,1,2.5,6
"SSP5_8_5",0.0643432502323001,1,2.5,6
"SSP1_1_9",0.0311577558336727,1,2.5,6
"SSP1_2_6",0.0308390499192961,1,2.5,6
"SSP2_4_5",0.073341699487758,1,2.5,6
"SSP3_7_0",0.0605447664154682,1,2.5,6
"SSP5_8_5",0.0678076357117567,1,2.5,6
"SSP1_1_9",0.0333522862433363,1,2.5,6
"SSP1_2_6",0.0323999562198767,1,2.5,6
"SSP2_4_5",0.0768986660344343,1,2.5,6
"SSP3_7_0",0.0626984096678551,1,2.5,6
"SSP5_8_5",0.0707823741426833,1,2.5,6
"SSP1_1_9",0.0238480810149168,1,2.2,6
"SSP1_2_6",0.0210286976934016,1,2.2,6
"SSP2_4_5",0.0632583880594487,1,2.2,6
"SSP3_7_0",0.0524395975900949,1,2.2,6
"SSP5_8_5",0.0533748917163056,1,2.2,6
"SSP1_1_9",0.0248499401636324,1,2.35,6
"SSP1_2_6",0.0240989109797755,1,2.35,6
"SSP2_4_5",0.0655296042600662,1,2.35,6
"SSP3_7_0",0.0544567735792383,1,2.35,6
"SSP5_8_5",0.0569587745153088,1,2.35,6
"SSP1_1_9",0.0253168289612347,1,2.5,6
"SSP1_2_6",0.0258338603239233,1,2.5,6
"SSP2_4_5",0.0669403215576622,1,2.5,6
"SSP3_7_0",0.0563499633682787,1,2.5,6
"SSP5_8_5",0.0607055860624886,1,2.5,6
"SSP1_1_9",0.0270732314718774,1,2.35,6
"SSP1_2_6",0.0256811954245097,1,2.35,6
"SSP2_4_5",0.0691461451486601,1,2.35,6
"SSP3_7_0",0.0566600303290073,1,2.35,6
"SSP5_8_5",0.0600453983890667,1,2.35,6
"SSP1_1_9",0.0275379718315391,1,2.5,6
"SSP1_2_6",0.027410443848961,1,2.5,6
"SSP2_4_5",0.0705458852451075,1,2.5,6
"SSP3_7_0",0.0585380026878814,1,2.5,6
"SSP5_8_5",0.0637542419835371,1,2.5,6
"SSP1_1_9",0.0285321654041475,1,2.5,6
"SSP1_2_6",0.0304405166385575,1,2.5,6
"SSP2_4_5",0.0727816901870651,1,2.5,6
"SSP3_7_0",0.0605101861493339,1,2.5,6
"SSP5_8_5",0.0672203840326528,1,2.5,6
"SSP1_1_9",0.0306328071310307,1,2.35,6
"SSP1_2_6",0.0268823456562508,1,2.35,6
"SSP2_4_5",0.0726948723512108,1,2.35,6
"SSP3_7_0",0.0589163745165489,1,2.35,6
"SSP5_8_5",0.0627905042456046,1,2.35,6
"SSP1_1_9",0.0310941309476429,1,2.5,6
"SSP1_2_6",0.0286072087036786,1,2.5,6
"SSP2_4_5",0.0740838449421087,1,2.5,6
"SSP3_7_0",0.0607775705569268,1,2.5,6
"SSP5_8_5",0.0664624531255332,1,2.5,6
"SSP1_1_9",0.0320809953568283,1,2.5,6
"SSP1_2_6",0.0316296430665994,1,2.5,6
"SSP2_4_5",0.076302504199221,1,2.5,6
"SSP3_7_0",0.0627310076778219,1,2.5,6
"SSP5_8_5",0.0698925370448201,1,2.5,6
"SSP1_1_9",0.0342711394700586,1,2.5,6
"SSP1_2_6",0.033187208712633,1,2.5,6
"SSP2_4_5",0.0798356397130052,1,2.5,6
"SSP3_7_0",0.0648607651454747,1,2.5,6
"SSP5_8_5",0.0728361885345223,1,2.5,6
"SSP1_1_9",0.0325363684185308,1,2.35,6
"SSP1_2_6",0.0278748061718751,1,2.35,6
"SSP2_4_5",0.0758980811877557,1,2.35,6
"SSP3_7_0",0.0612477135627695,1,2.35,6
"SSP5_8_5",0.0652138827979973,1,2.35,6
"SSP1_1_9",0.0329958590678474,1,2.5,6
"SSP1_2_6",0.0295957302642615,1,2.5,6
"SSP2_4_5",0.0772772463933529,1,2.5,6
"SSP3_7_0",0.0630907721305529,1,2.5,6
"SSP5_8_5",0.0688502809748218,1,2.5,6
"SSP1_1_9",0.033978791087386,1,2.5,6
"SSP1_2_6",0.0326113030856967,1,2.5,6
"SSP2_4_5",0.0794802885695978,1,2.5,6
"SSP3_7_0",0.0650240157997831,1,2.5,6
"SSP5_8_5",0.0722457981604709,1,2.5,6
"SSP1_1_9",0.0361602419869503,1,2.5,6
"SSP1_2_6",0.0341653218069382,1,2.5,6
"SSP2_4_5",0.0829886397282461,1,2.5,6
"SSP3_7_0",0.0671306937469806,1,2.5,6
"SSP5_8_5",0.0751579064394445,1,2.5,6
"SSP1_1_9",0.0396532773129486,1,2.5,6
"SSP1_2_6",0.0353447346076436,1,2.5,6
"SSP2_4_5",0.086431240791236,1,2.5,6
"SSP3_7_0",0.0692817300745145,1,2.5,6
"SSP5_8_5",0.0777355608665464,1,2.5,6
"SSP1_1_9",0.0241458450446834,1,2.2,6
"SSP1_2_6",0.0212972084114782,1,2.2,6
"SSP2_4_5",0.0654934308503354,1,2.2,6
"SSP3_7_0",0.0542097082653894,1,2.2,6
"SSP5_8_5",0.0550237914821461,1,2.2,6
"SSP1_1_9",0.0251467694653868,1,2.35,6
"SSP1_2_6",0.0243624766377228,1,2.35,6
"SSP2_4_5",0.0677522014281486,1,2.35,6
"SSP3_7_0",0.0562073834305679,1,2.35,6
"SSP5_8_5",0.058575585395248,1,2.35,6
"SSP1_1_9",0.0256132241136728,1,2.5,6
"SSP1_2_6",0.0260946397168718,1,2.5,6
"SSP2_4_5",0.0691551979299856,1,2.5,6
"SSP3_7_0",0.0580832377641089,1,2.5,6
"SSP5_8_5",0.0622902499125641,1,2.5,6
"SSP1_1_9",0.0273679941432676,1,2.35,6
"SSP1_2_6",0.0259422172942607,1,2.35,6
"SSP2_4_5",0.0713489996766884,1,2.35,6
"SSP3_7_0",0.0583885651285201,1,2.35,6
"SSP5_8_5",0.0616333634666666,1,2.35,6
"SSP1_1_9",0.0278323036848825,1,2.5,6
"SSP1_2_6",0.0276686961882979,1,2.5,6
"SSP2_4_5",0.0727411124670565,1,2.5,6
"SSP3_7_0",0.0602494431862241,1,2.5,6
"SSP5_8_5",0.0653106343823476,1,2.5,6
"SSP1_1_9",0.0288255744247324,1,2.5,6
"SSP1_2_6",0.0306939416703271,1,2.5,6
"SSP2_4_5",0.0749647733135018,1,2.5,6
"SSP3_7_0",0.0622028429567088,1,2.5,6
"SSP5_8_5",0.0687464676414256,1,2.5,6
"SSP1_1_9",0.0309242824806988,1,2.35,6
"SSP1_2_6",0.0271414315177514,1,2.35,6
"SSP2_4_5",0.0748783791955113,1,2.35,6
"SSP3_7_0",0.0606212904723082,1,2.35,6
"SSP5_8_5",0.0643516099278518,1,2.35,6
"SSP1_1_9",0.0313851807538297,1,2.5,6
"SSP1_2_6",0.0288635378992463,1,2.5,6
"SSP2_4_5",0.0762598158921124,1,2.5,6
"SSP3_7_0",0.0624656594662479,1,2.5,6
"SSP5_8_5",0.0679925465303218,1,2.5,6
"SSP1_1_9",0.0323711336427408,1,2.5,6
"SSP1_2_6",0.0318811672791461,1,2.5,6
"SSP2_4_5",0.0784664762598986,1,2.5,6
"SSP3_7_0",0.0644006161739339,1,2.5,6
"SSP5_8_5",0.0713928732014378,1,2.5,6
"SSP1_1_9",0.034559262303028,1,2.5,6
"SSP1_2_6",0.0334362614128261,1,2.5,6
"SSP2_4_5",0.0819805756267421,1,2.5,6
"SSP3_7_0",0.0665094844491031,1,2.5,6
"SSP5_8_5",0.0743098637898418,1,2.5,6
"SSP1_1_9",0.0328260853660458,1,2.35,6
"SSP1_2_6",0.0281322476604683,1,2.35,6
"SSP2_4_5",0.078064001816722,1,2.35,6
"SSP3_7_0",0.0629275889268081,1,2.35,6
"SSP5_8_5",0.0667501325623327,1,2.35,6
"SSP1_1_9",0.033285153295742,1,2.5,6
"SSP1_2_6",0.0298504267064317,1,2.5,6
"SSP2_4_5",0.0794357143486846,1,2.5,6
"SSP3_7_0",0.0647541093825015,1,2.5,6
"SSP5_8_5",0.0703560598925235,1,2.5,6
"SSP1_1_9",0.0342671798512882,1,2.5,6
"SSP1_2_6",0.0328612147090794,1,2.5,6
"SSP2_4_5",0.0816268898330595,1,2.5,6
"SSP3_7_0",0.0666691997326095,1,2.5,6
"SSP5_8_5",0.0737223507943955,1,2.5,6
"SSP1_1_9",0.0364466286536955,1,2.5,6
"SSP1_2_6",0.0344127723141187,1,2.5,6
"SSP2_4_5",0.0851164139236486,1,2.5,6
"SSP3_7_0",0.0687553664543846,1,2.5,6
"SSP5_8_5",0.0766082893996375,1,2.5,6
"SSP1_1_9",0.0399364788436627,1,2.5,6
"SSP1_2_6",0.0355903126443913,1,2.5,6
"SSP2_4_5",0.0885405625875414,1,2.5,6
"SSP3_7_0",0.0708845047313462,1,2.5,6
"SSP5_8_5",0.0791616726631776,1,2.5,6
"SSP1_1_9",0.0337456264496332,1,2.35,6
"SSP1_2_6",0.0289272109222494,1,2.35,6
"SSP2_4_5",0.0809001488848513,1,2.35,6
"SSP3_7_0",0.0650717195316648,1,2.35,6
"SSP5_8_5",0.0688248420604482,1,2.35,6
"SSP1_1_9",0.034203779126293,1,2.5,6
"SSP1_2_6",0.0306417147989684,1,2.5,6
"SSP2_4_5",0.0822618125859424,1,2.5,6
"SSP3_7_0",0.0668802420215452,1,2.5,6
"SSP5_8_5",0.0723970375770659,1,2.5,6
"SSP1_1_9",0.035183842635035,1,2.5,6
"SSP1_2_6",0.0336460996955478,1,2.5,6
"SSP2_4_5",0.0844326385197025,1,2.5,6
"SSP3_7_0",0.0687754139460224,1,2.5,6
"SSP5_8_5",0.0757307190797983,1,2.5,6
"SSP1_1_9",0.0373589516388182,1,2.5,6
"SSP1_2_6",0.0351943510868597,1,2.5,6
"SSP2_4_5",0.0878859484997921,1,2.5,6
"SSP3_7_0",0.070838923275956,1,2.5,6
"SSP5_8_5",0.0785871377044375,1,2.5,6
"SSP1_1_9",0.0408418993601359,1,2.5,6
"SSP1_2_6",0.036369357762133,1,2.5,6
"SSP2_4_5",0.091245141459747,1,2.5,6
"SSP3_7_0",0.0729436804968281,1,2.5,6
"SSP5_8_5",0.0811128348130057,1,2.5,6
"SSP1_1_9",0.0427043517490669,1,2.5,6
"SSP1_2_6",0.0373385029649625,1,2.5,6
"SSP2_4_5",0.0942336376502964,1,2.5,6
"SSP3_7_0",0.0751128152826298,1,2.5,6
"SSP5_8_5",0.0830806022273909,1,2.5,6
"SSP1_1_9",0.00656948551527923,1.15,1.9,6
"SSP1_2_6",0.00527411192730183,1.15,1.9,6
"SSP2_4_5",0.0237569033651047,1.15,1.9,6
"SSP3_7_0",0.0214709720645475,1.15,1.9,6
"SSP5_8_5",0.0206708652773972,1.15,1.9,6
"SSP1_1_9",0.0102583117060995,1.15,2.05,6
"SSP1_2_6",0.00650172367971534,1.15,2.05,6
"SSP2_4_5",0.027561427963171,1.15,2.05,6
"SSP3_7_0",0.0240595396788758,1.15,2.05,6
"SSP5_8_5",0.0238507704658081,1.15,2.05,6
"SSP1_1_9",0.0125368405913382,1.15,2.2,6
"SSP1_2_6",0.00811887811176349,1.15,2.2,6
"SSP2_4_5",0.0314080841174663,1.15,2.2,6
"SSP3_7_0",0.0265134971298977,1.15,2.2,6
"SSP5_8_5",0.027301109710075,1.15,2.2,6
"SSP1_1_9",0.0135570585934026,1.15,2.35,6
"SSP1_2_6",0.0112342953275681,1.15,2.35,6
"SSP2_4_5",0.0337955690809784,1.15,2.35,6
"SSP3_7_0",0.028708747816399,1.15,2.35,6
"SSP5_8_5",0.0311818017478544,1.15,2.35,6
"SSP1_1_9",0.0140331176848465,1.15,2.5,6
"SSP1_2_6",0.0129957768306156,1.15,2.5,6
"SSP2_4_5",0.0352813198621867,1.15,2.5,6
"SSP3_7_0",0.0307549142521265,1.15,2.5,6
"SSP5_8_5",0.0352181150694496,1.15,2.5,6
"SSP1_1_9",0.0122163550798324,1.15,2.05,6
"SSP1_2_6",0.00750847610621379,1.15,2.05,6
"SSP2_4_5",0.0309539728676027,1.15,2.05,6
"SSP3_7_0",0.0267498863054908,1.15,2.05,6
"SSP5_8_5",0.0266913028952561,1.15,2.05,6
"SSP1_1_9",0.0144857020397221,1.15,2.2,6
"SSP1_2_6",0.00912191387839901,1.15,2.2,6
"SSP2_4_5",0.0347729019282092,1.15,2.2,6
"SSP3_7_0",0.0291753033223946,1.15,2.2,6
"SSP5_8_5",0.0301013718079095,1.15,2.2,6
"SSP1_1_9",0.0155018074612446,1.15,2.35,6
"SSP1_2_6",0.0122302378635666,1.15,2.35,6
"SSP2_4_5",0.0371432391881058,1.15,2.35,6
"SSP3_7_0",0.031346357301749,1.15,2.35,6
"SSP5_8_5",0.0339399011954385,1.15,2.35,6
"SSP1_1_9",0.0159759569133952,1.15,2.5,6
"SSP1_2_6",0.0139877082110727,1.15,2.5,6
"SSP2_4_5",0.0386183393073171,1.15,2.5,6
"SSP3_7_0",0.0333713833891678,1.15,2.5,6
"SSP5_8_5",0.0375677900295579,1.15,2.5,6
"SSP1_1_9",0.0181154558437207,1.15,2.2,6
"SSP1_2_6",0.0103393456286137,1.15,2.2,6
"SSP2_4_5",0.0384898099582529,1.15,2.2,6
"SSP3_7_0",0.0316773770435923,1.15,2.2,6
"SSP5_8_5",0.0331604683029557,1.15,2.2,6
"SSP1_1_9",0.0191239986115847,1.15,2.35,6
"SSP1_2_6",0.0134398079210051,1.15,2.35,6
"SSP2_4_5",0.0408416320880655,1.15,2.35,6
"SSP3_7_0",0.0338267568454705,1.15,2.35,6
"SSP5_8_5",0.036792859849751,1.15,2.35,6
"SSP1_1_9",0.0195946364674828,1.15,2.5,6
"SSP1_2_6",0.0151928303892394,1.15,2.5,6
"SSP2_4_5",0.0423052314921352,1.15,2.5,6
"SSP3_7_0",0.0358328873827327,1.15,2.5,6
"SSP5_8_5",0.0401029840260126,1.15,2.5,6
"SSP1_1_9",0.0213613571123529,1.15,2.35,6
"SSP1_2_6",0.0150336386548548,1.15,2.35,6
"SSP2_4_5",0.0445821872487014,1.15,2.35,6
"SSP3_7_0",0.0361847554233329,1.15,2.35,6
"SSP5_8_5",0.039504316870757,1.15,2.35,6
"SSP1_1_9",0.021829825238273,1.15,2.5,6
"SSP1_2_6",0.0167809123460364,1.15,2.5,6
"SSP2_4_5",0.0460342878808957,1.15,2.5,6
"SSP3_7_0",0.0381742689003022,1.15,2.5,6
"SSP5_8_5",0.0427801112652972,1.15,2.5,6
"SSP1_1_9",0.0228306305394338,1.15,2.5,6
"SSP1_2_6",0.0198408669152802,1.15,2.5,6
"SSP2_4_5",0.0483490355291118,1.15,2.5,6
"SSP3_7_0",0.0402744661116441,1.15,2.5,6
"SSP5_8_5",0.0458115955028581,1.15,2.5,6
"SSP1_1_9",0.0131259538853154,1.15,2.05,6
"SSP1_2_6",0.00829114397648378,1.15,2.05,6
"SSP2_4_5",0.0339651840117343,1.15,2.05,6
"SSP3_7_0",0.0292803738634572,1.15,2.05,6
"SSP5_8_5",0.029188964851711,1.15,2.05,6
"SSP1_1_9",0.0153907958125177,1.15,2.2,6
"SSP1_2_6",0.00990114360215211,1.15,2.2,6
"SSP2_4_5",0.0377584230138395,1.15,2.2,6
"SSP3_7_0",0.0316771966751311,1.15,2.2,6
"SSP5_8_5",0.0325605484230261,1.15,2.2,6
"SSP1_1_9",0.0164048838328004,1.15,2.35,6
"SSP1_2_6",0.0130029009317482,1.15,2.35,6
"SSP2_4_5",0.0401128738750978,1.15,2.35,6
"SSP3_7_0",0.033823921493996,1.15,2.35,6
"SSP5_8_5",0.0362412623892318,1.15,2.35,6
"SSP1_1_9",0.0168780963397965,1.15,2.5,6
"SSP1_2_6",0.0147566609595629,1.15,2.5,6
"SSP2_4_5",0.0415781074838389,1.15,2.5,6
"SSP3_7_0",0.0358275896448128,1.15,2.5,6
"SSP5_8_5",0.0395528440435338,1.15,2.5,6
"SSP1_1_9",0.0190133892897447,1.15,2.2,6
"SSP1_2_6",0.0111159509376516,1.15,2.2,6
"SSP2_4_5",0.0414502577562564,1.15,2.2,6
"SSP3_7_0",0.0341483045161396,1.15,2.2,6
"SSP5_8_5",0.0355832216301688,1.15,2.2,6
"SSP1_1_9",0.0200199375282832,1.15,2.35,6
"SSP1_2_6",0.0142098737117836,1.15,2.35,6
"SSP2_4_5",0.0437863837556666,1.15,2.35,6
"SSP3_7_0",0.0362737544150029,1.15,2.35,6
"SSP5_8_5",0.0387813978768647,1.15,2.35,6
"SSP1_1_9",0.0204896490372618,1.15,2.5,6
"SSP1_2_6",0.0159592011818461,1.15,2.5,6
"SSP2_4_5",0.0452402345937919,1.15,2.5,6
"SSP3_7_0",0.0382588660979541,1.15,2.5,6
"SSP5_8_5",0.0420585220100933,1.15,2.5,6
"SSP1_1_9",0.0222528877365047,1.15,2.35,6
"SSP1_2_6",0.0158003338229453,1.15,2.35,6
"SSP2_4_5",0.0475020532022011,1.15,2.35,6
"SSP3_7_0",0.0386044034215867,1.15,2.35,6
"SSP5_8_5",0.0414627892955554,1.15,2.35,6
"SSP1_1_9",0.0227204360500433,1.15,2.5,6
"SSP1_2_6",0.0175439322054231,1.15,2.5,6
"SSP2_4_5",0.0489445224443369,1.15,2.5,6
"SSP3_7_0",0.0405731907816716,1.15,2.5,6
"SSP5_8_5",0.0447061695984558,1.15,2.5,6
"SSP1_1_9",0.023719270156787,1.15,2.5,6
"SSP1_2_6",0.0205974857410878,1.15,2.5,6
"SSP2_4_5",0.0512439517391949,1.15,2.5,6
"SSP3_7_0",0.042650330377406,1.15,2.5,6
"SSP5_8_5",0.0477064735400696,1.15,2.5,6
"SSP1_1_9",0.0209360335777016,1.15,2.2,6
"SSP1_2_6",0.0121113186019926,1.15,2.2,6
"SSP2_4_5",0.0447408463173265,1.15,2.2,6
"SSP3_7_0",0.0367127309166594,1.15,2.2,6
"SSP5_8_5",0.0379953946786404,1.15,2.2,6
"SSP1_1_9",0.0219385518460339,1.15,2.35,6
"SSP1_2_6",0.0151982266773781,1.15,2.35,6
"SSP2_4_5",0.0470603846185899,1.15,2.35,6
"SSP3_7_0",0.0388152350101924,1.15,2.35,6
"SSP5_8_5",0.0410663177684199,1.15,2.35,6
"SSP1_1_9",0.0224063919930445,1.15,2.5,6
"SSP1_2_6",0.016943587334059,1.15,2.5,6
"SSP2_4_5",0.0485039319423226,1.15,2.5,6
"SSP3_7_0",0.0407802683604834,1.15,2.5,6
"SSP5_8_5",0.0443100698103253,1.15,2.5,6
"SSP1_1_9",0.0241625951343294,1.15,2.35,6
"SSP1_2_6",0.0167850660058717,1.15,2.35,6
"SSP2_4_5",0.0507497498072236,1.15,2.35,6
"SSP3_7_0",0.0411195680569584,1.15,2.35,6
"SSP5_8_5",0.0437169265954914,1.15,2.35,6
"SSP1_1_9",0.0246282850321976,1.15,2.5,6
"SSP1_2_6",0.0185247177476736,1.15,2.5,6
"SSP2_4_5",0.0521820371462264,1.15,2.5,6
"SSP3_7_0",0.0430685507612981,1.15,2.5,6
"SSP5_8_5",0.0469275111098508,1.15,2.5,6
"SSP1_1_9",0.0256231354048428,1.15,2.5,6
"SSP1_2_6",0.0215713984027893,1.15,2.5,6
"SSP2_4_5",0.0544652708176451,1.15,2.5,6
"SSP3_7_0",0.045123560501642,1.15,2.5,6
"SSP5_8_5",0.0498960697273312,1.15,2.5,6
"SSP1_1_9",0.0277203401090078,1.15,2.35,6
"SSP1_2_6",0.0179821175558938,1.15,2.35,6
"SSP2_4_5",0.0543401283742766,1.15,2.35,6
"SSP3_7_0",0.04348970252466,1.15,2.35,6
"SSP5_8_5",0.0461638888392892,1.15,2.35,6
"SSP1_1_9",0.0281826120358697,1.15,2.5,6
"SSP1_2_6",0.019717391139227,1.15,2.5,6
"SSP2_4_5",0.0557614162919989,1.15,2.5,6
"SSP3_7_0",0.0454209665415384,1.15,2.5,6
"SSP5_8_5",0.0493417634230777,1.15,2.5,6
"SSP1_1_9",0.0291701352590672,1.15,2.5,6
"SSP1_2_6",0.0227564478667741,1.15,2.5,6
"SSP2_4_5",0.0580271529608438,1.15,2.5,6
"SSP3_7_0",0.0474561242563825,1.15,2.5,6
"SSP5_8_5",0.0522785222950913,1.15,2.5,6
"SSP1_1_9",0.0313610359348719,1.15,2.5,6
"SSP1_2_6",0.0243185623673823,1.15,2.5,6
"SSP2_4_5",0.0616311879801875,1.15,2.5,6
"SSP3_7_0",0.0496826704710699,1.15,2.5,6
"SSP5_8_5",0.0548042333183062,1.15,2.5,6
"SSP1_1_9",0.0136570067819252,1.15,2.05,6
"SSP1_2_6",0.0088011519256357,1.15,2.05,6
"SSP2_4_5",0.0362187284135675,1.15,2.05,6
"SSP3_7_0",0.0312570969950351,1.15,2.05,6
"SSP5_8_5",0.0310498337865455,1.15,2.05,6
"SSP1_1_9",0.0159191931495841,1.15,2.2,6
"SSP1_2_6",0.0104081517468819,1.15,2.2,6
"SSP2_4_5",0.0399911933511453,1.15,2.2,6
"SSP3_7_0",0.0336287613311805,1.15,2.2,6
"SSP5_8_5",0.034022770233724,1.15,2.2,6
"SSP1_1_9",0.0169320920224877,1.15,2.35,6
"SSP1_2_6",0.013504173903136,1.15,2.35,6
"SSP2_4_5",0.0423328001060369,1.15,2.35,6
"SSP3_7_0",0.0357539606726449,1.15,2.35,6
"SSP5_8_5",0.0371361999907811,1.15,2.35,6
"SSP1_1_9",0.0174047522303383,1.15,2.5,6
"SSP1_2_6",0.0152546969652746,1.15,2.5,6
"SSP2_4_5",0.0437900577594848,1.15,2.5,6
"SSP3_7_0",0.0377385917723589,1.15,2.5,6
"SSP5_8_5",0.0404215230997782,1.15,2.5,6
"SSP1_1_9",0.0195375658081445,1.15,2.2,6
"SSP1_2_6",0.011620677713384,1.15,2.2,6
"SSP2_4_5",0.0436627693253411,1.15,2.2,6
"SSP3_7_0",0.036072817772611,1.15,2.2,6
"SSP5_8_5",0.0365751195167915,1.15,2.2,6
"SSP1_1_9",0.0205429384131364,1.15,2.35,6
"SSP1_2_6",0.0147088903346926,1.15,2.35,6
"SSP2_4_5",0.0459862081144208,1.15,2.35,6
"SSP3_7_0",0.0381771020510834,1.15,2.35,6
"SSP5_8_5",0.0396543006086323,1.15,2.35,6
"SSP1_1_9",0.021012103885028,1.15,2.5,6
"SSP1_2_6",0.0164549949586156,1.15,2.5,6
"SSP2_4_5",0.0474321802480866,1.15,2.5,6
"SSP3_7_0",0.0401434833805282,1.15,2.5,6
"SSP5_8_5",0.0429056694625145,1.15,2.5,6
"SSP1_1_9",0.0227732902206105,1.15,2.35,6
"SSP1_2_6",0.0162964129418302,1.15,2.35,6
"SSP2_4_5",0.0496817668583582,1.15,2.35,6
"SSP3_7_0",0.0404837140060275,1.15,2.35,6
"SSP5_8_5",0.0423132962358051,1.15,2.35,6
"SSP1_1_9",0.0232402963579559,1.15,2.5,6
"SSP1_2_6",0.0180368066426014,1.15,2.5,6
"SSP2_4_5",0.0511164540246184,1.15,2.5,6
"SSP3_7_0",0.0424340363325406,1.15,2.5,6
"SSP5_8_5",0.0455314075941721,1.15,2.5,6
"SSP1_1_9",0.0242379686181575,1.15,2.5,6
"SSP1_2_6",0.0210847778557814,1.15,2.5,6
"SSP2_4_5",0.0534035076441177,1.15,2.5,6
"SSP3_7_0",0.0444908000104039,1.15,2.5,6
"SSP5_8_5",0.0485079463208579,1.15,2.5,6
"SSP1_1_9",0.0214579560844115,1.15,2.2,6
"SSP1_2_6",0.0126140809081235,1.15,2.2,6
"SSP2_4_5",0.0469350796371244,1.15,2.2,6
"SSP3_7_0",0.0386084827997337,1.15,2.2,6
"SSP5_8_5",0.0388727594643893,1.15,2.2,6
"SSP1_1_9",0.022459305942404,1.15,2.35,6
"SSP1_2_6",0.0156953014982542,1.15,2.35,6
"SSP2_4_5",0.049242072893104,1.15,2.35,6
"SSP3_7_0",0.0406902097273932,1.15,2.35,6
"SSP5_8_5",0.0419189136807681,1.15,2.35,6
"SSP1_1_9",0.0229266033995348,1.15,2.5,6
"SSP1_2_6",0.0174374520954457,1.15,2.5,6
"SSP2_4_5",0.0506778296321849,1.15,2.5,6
"SSP3_7_0",0.0426368444899822,1.15,2.5,6
"SSP5_8_5",0.0451373968440589,1.15,2.5,6
"SSP1_1_9",0.024680766756546,1.15,2.35,6
"SSP1_2_6",0.0172792150048152,1.15,2.35,6
"SSP2_4_5",0.0529115520621257,1.15,2.35,6
"SSP3_7_0",0.0429709558852454,1.15,2.35,6
"SSP5_8_5",0.0445475859977426,1.15,2.35,6
"SSP1_1_9",0.025145917794263,1.15,2.5,6
"SSP1_2_6",0.0190156747602176,1.15,2.5,6
"SSP2_4_5",0.0543361440366747,1.15,2.5,6
"SSP3_7_0",0.0449017990420078,1.15,2.5,6
"SSP5_8_5",0.0477333759387467,1.15,2.5,6
"SSP1_1_9",0.0261396134321939,1.15,2.5,6
"SSP1_2_6",0.0220567951186841,1.15,2.5,6
"SSP2_4_5",0.0566071396572061,1.15,2.5,6
"SSP3_7_0",0.0469368025341715,1.15,2.5,6
"SSP5_8_5",0.0506786298221751,1.15,2.5,6
"SSP1_1_9",0.0282344065988472,1.15,2.35,6
"SSP1_2_6",0.0184740419668763,1.15,2.35,6
"SSP2_4_5",0.0564825373588908,1.15,2.35,6
"SSP3_7_0",0.0452406481309475,1.15,2.35,6
"SSP5_8_5",0.0469739045212448,1.15,2.35,6
"SSP1_1_9",0.0286961457280336,1.15,2.5,6
"SSP1_2_6",0.0202061374378819,1.15,2.5,6
"SSP2_4_5",0.0578962227277353,1.15,2.5,6
"SSP3_7_0",0.04714971735417,1.15,2.5,6
"SSP5_8_5",0.050127451306438,1.15,2.5,6
"SSP1_1_9",0.0296825272188845,1.15,2.5,6
"SSP1_2_6",0.0232396579407086,1.15,2.5,6
"SSP2_4_5",0.060149868666998,1.15,2.5,6
"SSP3_7_0",0.0491046032840141,1.15,2.5,6
"SSP5_8_5",0.0530413600898303,1.15,2.5,6
"SSP1_1_9",0.031870904245767,1.15,2.5,6
"SSP1_2_6",0.0247989246365619,1.15,2.5,6
"SSP2_4_5",0.0637347357988854,1.15,2.5,6
"SSP3_7_0",0.0511552735303936,1.15,2.5,6
"SSP5_8_5",0.0555469242635271,1.15,2.5,6
"SSP1_1_9",0.0223490950953148,1.15,2.2,6
"SSP1_2_6",0.0133846465876539,1.15,2.2,6
"SSP2_4_5",0.049835144023647,1.15,2.2,6
"SSP3_7_0",0.0409599211844082,1.15,2.2,6
"SSP5_8_5",0.040819976374714,1.15,2.2,6
"SSP1_1_9",0.0233484723318022,1.15,2.35,6
"SSP1_2_6",0.0164593974027359,1.15,2.35,6
"SSP2_4_5",0.0521269077620105,1.15,2.35,6
"SSP3_7_0",0.0429575728377187,1.15,2.35,6
"SSP5_8_5",0.043834811543391,1.15,2.35,6
"SSP1_1_9",0.0238148535942648,1.15,2.5,6
"SSP1_2_6",0.0181978923432858,1.15,2.5,6
"SSP2_4_5",0.0535532051685802,1.15,2.5,6
"SSP3_7_0",0.0448799424232893,1.15,2.5,6
"SSP5_8_5",0.0470219210657112,1.15,2.5,6
"SSP1_1_9",0.0255655731582115,1.15,2.35,6
"SSP1_2_6",0.0180399762295451,1.15,2.35,6
"SSP2_4_5",0.0557722386998226,1.15,2.35,6
"SSP3_7_0",0.0450570741896484,1.15,2.35,6
"SSP5_8_5",0.0464349685104432,1.15,2.35,6
"SSP1_1_9",0.0260298144409932,1.15,2.5,6
"SSP1_2_6",0.0197727997366517,1.15,2.5,6
"SSP2_4_5",0.0571874839087402,1.15,2.5,6
"SSP3_7_0",0.0469644067689954,1.15,2.5,6
"SSP5_8_5",0.0495899311879455,1.15,2.5,6
"SSP1_1_9",0.0270215604535181,1.15,2.5,6
"SSP1_2_6",0.0228075868297103,1.15,2.5,6
"SSP2_4_5",0.0594436129294813,1.15,2.5,6
"SSP3_7_0",0.0489176440811185,1.15,2.5,6
"SSP5_8_5",0.0525055527580572,1.15,2.5,6
"SSP1_1_9",0.0291122822641071,1.15,2.35,6
"SSP1_2_6",0.0192322582356588,1.15,2.35,6
"SSP2_4_5",0.0593196537258436,1.15,2.35,6
"SSP3_7_0",0.0471437835263127,1.15,2.35,6
"SSP5_8_5",0.0488338445283304,1.15,2.35,6
"SSP1_1_9",0.0295731218326485,1.15,2.5,6
"SSP1_2_6",0.020960732377908,1.15,2.5,6
"SSP2_4_5",0.0607241021023358,1.15,2.5,6
"SSP3_7_0",0.0490346897004128,1.15,2.5,6
"SSP5_8_5",0.0519571050638175,1.15,2.5,6
"SSP1_1_9",0.0305575755625811,1.15,2.5,6
"SSP1_2_6",0.0239879455023343,1.15,2.5,6
"SSP2_4_5",0.0629630556989145,1.15,2.5,6
"SSP3_7_0",0.0509699066405886,1.15,2.5,6
"SSP5_8_5",0.0548419138850141,1.15,2.5,6
"SSP1_1_9",0.0327416915205923,1.15,2.5,6
"SSP1_2_6",0.0255439613454127,1.15,2.5,6
"SSP2_4_5",0.0665246238722649,1.15,2.5,6
"SSP3_7_0",0.0529988164465196,1.15,2.5,6
"SSP5_8_5",0.0573210533785912,1.15,2.5,6
"SSP1_1_9",0.0309943711133439,1.15,2.35,6
"SSP1_2_6",0.0202076223978548,1.15,2.35,6
"SSP2_4_5",0.0624796351400077,1.15,2.35,6
"SSP3_7_0",0.0492264327115864,1.15,2.35,6
"SSP5_8_5",0.0509849899985272,1.15,2.35,6
"SSP1_1_9",0.0314533924101217,1.15,2.5,6
"SSP1_2_6",0.0219322057774878,1.15,2.5,6
"SSP2_4_5",0.0638743114833345,1.15,2.5,6
"SSP3_7_0",0.0510997591560425,1.15,2.5,6
"SSP5_8_5",0.0540775604213583,1.15,2.5,6
"SSP1_1_9",0.0324339485130998,1.15,2.5,6
"SSP1_2_6",0.024952642974283,1.15,2.5,6
"SSP2_4_5",0.0660977200827514,1.15,2.5,6
"SSP3_7_0",0.0530158001371602,1.15,2.5,6
"SSP5_8_5",0.0569326902375989,1.15,2.5,6
"SSP1_1_9",0.0346094493734064,1.15,2.5,6
"SSP1_2_6",0.0265051613154788,1.15,2.5,6
"SSP2_4_5",0.0696346325098678,1.15,2.5,6
"SSP3_7_0",0.05502335135026,1.15,2.5,6
"SSP5_8_5",0.0593846603084907,1.15,2.5,6
"SSP1_1_9",0.0380900274299127,1.15,2.5,6
"SSP1_2_6",0.0276759317606613,1.15,2.5,6
"SSP2_4_5",0.0730761413812793,1.15,2.5,6
"SSP3_7_0",0.0570112108240625,1.15,2.5,6
"SSP5_8_5",0.061638799600426,1.15,2.5,6
"SSP1_1_9",0.0137935110832215,1.15,2.05,6
"SSP1_2_6",0.00891748062488474,1.15,2.05,6
"SSP2_4_5",0.037051861978717,1.15,2.05,6
"SSP3_7_0",0.0301639353300073,1.15,2.05,6
"SSP5_8_5",0.0293085609220804,1.15,2.05,6
"SSP1_1_9",0.0160529980995554,1.15,2.2,6
"SSP1_2_6",0.0105196337827418,1.15,2.2,6
"SSP2_4_5",0.0408069017278528,1.15,2.2,6
"SSP3_7_0",0.0323650824068433,1.15,2.2,6
"SSP5_8_5",0.032058822932093,1.15,2.2,6
"SSP1_1_9",0.0170646913594872,1.15,2.35,6
"SSP1_2_6",0.0136063666887116,1.15,2.35,6
"SSP2_4_5",0.0431377498075198,1.15,2.35,6
"SSP3_7_0",0.0344178537857087,1.15,2.35,6
"SSP5_8_5",0.0351619527831817,1.15,2.35,6
"SSP1_1_9",0.0175367902809713,1.15,2.5,6
"SSP1_2_6",0.0153516612840898,1.15,2.5,6
"SSP2_4_5",0.0445883333515343,1.15,2.5,6
"SSP3_7_0",0.036387951744523,1.15,2.5,6
"SSP5_8_5",0.0384351300434672,1.15,2.5,6
"SSP1_1_9",0.0196670794033925,1.15,2.2,6
"SSP1_2_6",0.0117285081700045,1.15,2.2,6
"SSP2_4_5",0.0444615788767325,1.15,2.2,6
"SSP3_7_0",0.0345628823926146,1.15,2.2,6
"SSP5_8_5",0.0346057320229598,1.15,2.2,6
"SSP1_1_9",0.0206712632161397,1.15,2.35,6
"SSP1_2_6",0.0148074774677443,1.15,2.35,6
"SSP2_4_5",0.0467744099076671,1.15,2.35,6
"SSP3_7_0",0.0365962019496719,1.15,2.35,6
"SSP5_8_5",0.037674945032099,1.15,2.35,6
"SSP1_1_9",0.0211398752018155,1.15,2.5,6
"SSP1_2_6",0.0165483795157755,1.15,2.5,6
"SSP2_4_5",0.0482138014284792,1.15,2.5,6
"SSP3_7_0",0.0385489932338104,1.15,2.5,6
"SSP5_8_5",0.0409145036181646,1.15,2.5,6
"SSP1_1_9",0.0228989868211672,1.15,2.35,6
"SSP1_2_6",0.0163902679345033,1.15,2.35,6
"SSP2_4_5",0.050453182043293,1.15,2.35,6
"SSP3_7_0",0.0387373496637531,1.15,2.35,6
"SSP5_8_5",0.0403272962221019,1.15,2.35,6
"SSP1_1_9",0.0233654442724225,1.15,2.5,6
"SSP1_2_6",0.0181254924422028,1.15,2.5,6
"SSP2_4_5",0.0518813815287119,1.15,2.5,6
"SSP3_7_0",0.0406747514827827,1.15,2.5,6
"SSP5_8_5",0.043533928492007,1.15,2.5,6
"SSP1_1_9",0.0243619448625958,1.15,2.5,6
"SSP1_2_6",0.0211644555346363,1.15,2.5,6
"SSP2_4_5",0.0541581270219117,1.15,2.5,6
"SSP3_7_0",0.0426625997776851,1.15,2.5,6
"SSP5_8_5",0.0465015211181418,1.15,2.5,6
"SSP1_1_9",0.0215851985241046,1.15,2.2,6
"SSP1_2_6",0.0127189059911478,1.15,2.2,6
"SSP2_4_5",0.0477188125120828,1.15,2.2,6
"SSP3_7_0",0.0367644502668945,1.15,2.2,6
"SSP5_8_5",0.0369001890323065,1.15,2.2,6
"SSP1_1_9",0.0225853685495899,1.15,2.35,6
"SSP1_2_6",0.0157909243631052,1.15,2.35,6
"SSP2_4_5",0.0500153341904684,1.15,2.35,6
"SSP3_7_0",0.0387770480621554,1.15,2.35,6
"SSP5_8_5",0.0399366837308626,1.15,2.35,6
"SSP1_1_9",0.0230521166755506,1.15,2.5,6
"SSP1_2_6",0.017527895544329,1.15,2.5,6
"SSP2_4_5",0.0514445946820161,1.15,2.5,6
"SSP3_7_0",0.0407113066866386,1.15,2.5,6
"SSP5_8_5",0.0431436714634415,1.15,2.5,6
"SSP1_1_9",0.0248042209147093,1.15,2.35,6
"SSP1_2_6",0.017370126873183,1.15,2.35,6
"SSP2_4_5",0.0536682417909028,1.15,2.35,6
"SSP3_7_0",0.0408950485062883,1.15,2.35,6
"SSP5_8_5",0.0425589775067737,1.15,2.35,6
"SSP1_1_9",0.0252688273792299,1.15,2.5,6
"SSP1_2_6",0.0191014404205916,1.15,2.5,6
"SSP2_4_5",0.0550864290185931,1.15,2.5,6
"SSP3_7_0",0.04281416547804,1.15,2.5,6
"SSP5_8_5",0.0457335940488912,1.15,2.5,6
"SSP1_1_9",0.0262613601563122,1.15,2.5,6
"SSP1_2_6",0.0221335925345464,1.15,2.5,6
"SSP2_4_5",0.0573472480786757,1.15,2.5,6
"SSP3_7_0",0.0447820295368005,1.15,2.5,6
"SSP5_8_5",0.0486701821554302,1.15,2.5,6
"SSP1_1_9",0.0283537132513108,1.15,2.35,6
"SSP1_2_6",0.0185614060731798,1.15,2.35,6
"SSP2_4_5",0.0572231583010079,1.15,2.35,6
"SSP3_7_0",0.043003526057007,1.15,2.35,6
"SSP5_8_5",0.0449809908071854,1.15,2.35,6
"SSP1_1_9",0.0288149153371852,1.15,2.5,6
"SSP1_2_6",0.0202883807557027,1.15,2.5,6
"SSP2_4_5",0.058630527908907,1.15,2.5,6
"SSP3_7_0",0.0449060940373306,1.15,2.5,6
"SSP5_8_5",0.0481236720468535,1.15,2.5,6
"SSP1_1_9",0.0298001500956747,1.15,2.5,6
"SSP1_2_6",0.0233129771159478,1.15,2.5,6
"SSP2_4_5",0.060874138464589,1.15,2.5,6
"SSP3_7_0",0.0468557860065266,1.15,2.5,6
"SSP5_8_5",0.0510291999343441,1.15,2.5,6
"SSP1_1_9",0.0319859916524189,1.15,2.5,6
"SSP1_2_6",0.0248676760103068,1.15,2.5,6
"SSP2_4_5",0.0644431229428576,1.15,2.5,6
"SSP3_7_0",0.0489026139201929,1.15,2.5,6
"SSP5_8_5",0.0535295201070719,1.15,2.5,6
"SSP1_1_9",0.0224752726621331,1.15,2.2,6
"SSP1_2_6",0.0134871103695427,1.15,2.2,6
"SSP2_4_5",0.0505005181768382,1.15,2.2,6
"SSP3_7_0",0.0387366528482416,1.15,2.2,6
"SSP5_8_5",0.0388471329909067,1.15,2.2,6
"SSP1_1_9",0.023473474464532,1.15,2.35,6
"SSP1_2_6",0.0165526970296391,1.15,2.35,6
"SSP2_4_5",0.0527704668032602,1.15,2.35,6
"SSP3_7_0",0.0407286874574188,1.15,2.35,6
"SSP5_8_5",0.0418525873608655,1.15,2.35,6
"SSP1_1_9",0.0239393084359036,1.15,2.5,6
"SSP1_2_6",0.018286033979339,1.15,2.5,6
"SSP2_4_5",0.0541857552195345,1.15,2.5,6
"SSP3_7_0",0.0426444177178069,1.15,2.5,6
"SSP5_8_5",0.0450284895493434,1.15,2.5,6
"SSP1_1_9",0.0256879765389833,1.15,2.35,6
"SSP1_2_6",0.0181285844084038,1.15,2.35,6
"SSP2_4_5",0.056361006621829,1.15,2.35,6
"SSP3_7_0",0.0428238810563994,1.15,2.35,6
"SSP5_8_5",0.0444466008177659,1.15,2.35,6
"SSP1_1_9",0.0261516752676413,1.15,2.5,6
"SSP1_2_6",0.0198562829637592,1.15,2.5,6
"SSP2_4_5",0.0577654086983814,1.15,2.5,6
"SSP3_7_0",0.0447247204228855,1.15,2.5,6
"SSP5_8_5",0.0475906695238155,1.15,2.5,6
"SSP1_1_9",0.0271422627427124,1.15,2.5,6
"SSP1_2_6",0.0228821386877623,1.15,2.5,6
"SSP2_4_5",0.0600002333894198,1.15,2.5,6
"SSP3_7_0",0.0466727668363854,1.15,2.5,6
"SSP5_8_5",0.0504978772721342,1.15,2.5,6
"SSP1_1_9",0.0292305534846613,1.15,2.35,6
"SSP1_2_6",0.0193173335435334,1.15,2.35,6
"SSP2_4_5",0.0598214575862673,1.15,2.35,6
"SSP3_7_0",0.0449082513868382,1.15,2.35,6
"SSP5_8_5",0.0468413830569895,1.15,2.35,6
"SSP1_1_9",0.0296908579958407,1.15,2.5,6
"SSP1_2_6",0.0210407080239618,1.15,2.5,6
"SSP2_4_5",0.0612152746492723,1.15,2.5,6
"SSP3_7_0",0.0467928180501782,1.15,2.5,6
"SSP5_8_5",0.0499540490702555,1.15,2.5,6
"SSP1_1_9",0.0306741692458256,1.15,2.5,6
"SSP1_2_6",0.0240590336571845,1.15,2.5,6
"SSP2_4_5",0.0634332762674553,1.15,2.5,6
"SSP3_7_0",0.0487230022336978,1.15,2.5,6
"SSP5_8_5",0.0528307209305421,1.15,2.5,6
"SSP1_1_9",0.0328557591095267,1.15,2.5,6
"SSP1_2_6",0.0256105005207625,1.15,2.5,6
"SSP2_4_5",0.0669416528431896,1.15,2.5,6
"SSP3_7_0",0.0507482333761708,1.15,2.5,6
"SSP5_8_5",0.0553048196536685,1.15,2.5,6
"SSP1_1_9",0.0311104559695579,1.15,2.35,6
"SSP1_2_6",0.0202897980810905,1.15,2.35,6
"SSP2_4_5",0.0627972990659269,1.15,2.35,6
"SSP3_7_0",0.0469902085360469,1.15,2.35,6
"SSP5_8_5",0.0489905658758368,1.15,2.35,6
"SSP1_1_9",0.0315689462023294,1.15,2.5,6
"SSP1_2_6",0.0220093044089897,1.15,2.5,6
"SSP2_4_5",0.0641816933688746,1.15,2.5,6
"SSP3_7_0",0.0488573549506195,1.15,2.5,6
"SSP5_8_5",0.0520728220782811,1.15,2.5,6
"SSP1_1_9",0.0325483683783544,1.15,2.5,6
"SSP1_2_6",0.0250208933423498,1.15,2.5,6
"SSP2_4_5",0.0663847203314208,1.15,2.5,6
"SSP3_7_0",0.0507685249503546,1.15,2.5,6
"SSP5_8_5",0.0549200710118641,1.15,2.5,6
"SSP1_1_9",0.0347213620028483,1.15,2.5,6
"SSP1_2_6",0.0265688828813528,1.15,2.5,6
"SSP2_4_5",0.0698694176371819,1.15,2.5,6
"SSP3_7_0",0.0527725649104259,1.15,2.5,6
"SSP5_8_5",0.0573672182297145,1.15,2.5,6
"SSP1_1_9",0.0381979527432249,1.15,2.5,6
"SSP1_2_6",0.0277362449054576,1.15,2.5,6
"SSP2_4_5",0.073226985741727,1.15,2.5,6
"SSP3_7_0",0.0547588911399139,1.15,2.5,6
"SSP5_8_5",0.0596184978592697,1.15,2.5,6
"SSP1_1_9",0.0229948234571742,1.15,2.2,6
"SSP1_2_6",0.0139852682060851,1.15,2.2,6
"SSP2_4_5",0.0515904739996601,1.15,2.2,6
"SSP3_7_0",0.0395914704593574,1.15,2.2,6
"SSP5_8_5",0.0397017868652776,1.15,2.2,6
"SSP1_1_9",0.0239918651589445,1.15,2.35,6
"SSP1_2_6",0.0170452413010325,1.15,2.35,6
"SSP2_4_5",0.0538508295542136,1.15,2.35,6
"SSP3_7_0",0.0415676599145252,1.15,2.35,6
"SSP5_8_5",0.0426834986520427,1.15,2.35,6
"SSP1_1_9",0.0244571602925228,1.15,2.5,6
"SSP1_2_6",0.0187754098005281,1.15,2.5,6
"SSP2_4_5",0.0552601562872002,1.15,2.5,6
"SSP3_7_0",0.043468725675038,1.15,2.5,6
"SSP5_8_5",0.0458351635710725,1.15,2.5,6
"SSP1_1_9",0.0262038030808968,1.15,2.35,6
"SSP1_2_6",0.0186182408230013,1.15,2.35,6
"SSP2_4_5",0.0574262387757837,1.15,2.35,6
"SSP3_7_0",0.0436457478222382,1.15,2.35,6
"SSP5_8_5",0.0452564828762783,1.15,2.35,6
"SSP1_1_9",0.0266669667642033,1.15,2.5,6
"SSP1_2_6",0.0203427886735957,1.15,2.5,6
"SSP2_4_5",0.0588247580790762,1.15,2.5,6
"SSP3_7_0",0.0455321334058244,1.15,2.5,6
"SSP5_8_5",0.0483767604881915,1.15,2.5,6
"SSP1_1_9",0.0276564076810526,1.15,2.5,6
"SSP1_2_6",0.0233631557166676,1.15,2.5,6
"SSP2_4_5",0.0610502442625917,1.15,2.5,6
"SSP3_7_0",0.0474649591367757,1.15,2.5,6
"SSP5_8_5",0.051261602943208,1.15,2.5,6
"SSP1_1_9",0.0297423038939598,1.15,2.35,6
"SSP1_2_6",0.019804794292089,1.15,2.35,6
"SSP2_4_5",0.0608720876652659,1.15,2.35,6
"SSP3_7_0",0.0457125764503285,1.15,2.35,6
"SSP5_8_5",0.0476314719020027,1.15,2.35,6
"SSP1_1_9",0.0302020793634564,1.15,2.5,6
"SSP1_2_6",0.0215250316904117,1.15,2.5,6
"SSP2_4_5",0.0622600984610366,1.15,2.5,6
"SSP3_7_0",0.0475829197544187,1.15,2.5,6
"SSP5_8_5",0.0507207860888312,1.15,2.5,6
"SSP1_1_9",0.0311842569315056,1.15,2.5,6
"SSP1_2_6",0.0245378922798687,1.15,2.5,6
"SSP2_4_5",0.0644688828807544,1.15,2.5,6
"SSP3_7_0",0.0494981382294958,1.15,2.5,6
"SSP5_8_5",0.0535755206601962,1.15,2.5,6
"SSP1_1_9",0.0333633408973716,1.15,2.5,6
"SSP1_2_6",0.0260865478943819,1.15,2.5,6
"SSP2_4_5",0.0679627213228376,1.15,2.5,6
"SSP3_7_0",0.0515072621705432,1.15,2.5,6
"SSP5_8_5",0.0560302745475894,1.15,2.5,6
"SSP1_1_9",0.031620029679061,1.15,2.35,6
"SSP1_2_6",0.0207753710405791,1.15,2.35,6
"SSP2_4_5",0.0638351730638674,1.15,2.35,6
"SSP3_7_0",0.0477766354788855,1.15,2.35,6
"SSP5_8_5",0.0497624559677896,1.15,2.35,6
"SSP1_1_9",0.0320779940794109,1.15,2.5,6
"SSP1_2_6",0.0224917526179891,1.15,2.5,6
"SSP2_4_5",0.0652138292811719,1.15,2.5,6
"SSP3_7_0",0.0496298046287233,1.15,2.5,6
"SSP5_8_5",0.0528217848964573,1.15,2.5,6
"SSP1_1_9",0.0330562894563359,1.15,2.5,6
"SSP1_2_6",0.0254978979044912,1.15,2.5,6
"SSP2_4_5",0.0674077471473776,1.15,2.5,6
"SSP3_7_0",0.0515262799732129,1.15,2.5,6
"SSP5_8_5",0.0556475085035248,1.15,2.5,6
"SSP1_1_9",0.035226792360587,1.15,2.5,6
"SSP1_2_6",0.027043087222137,1.15,2.5,6
"SSP2_4_5",0.0708780766813897,1.15,2.5,6
"SSP3_7_0",0.053514516797525,1.15,2.5,6
"SSP5_8_5",0.0580756901394468,1.15,2.5,6
"SSP1_1_9",0.0386994232234113,1.15,2.5,6
"SSP1_2_6",0.0282083208369938,1.15,2.5,6
"SSP2_4_5",0.074221782139582,1.15,2.5,6
"SSP3_7_0",0.0554847074566507,1.15,2.5,6
"SSP5_8_5",0.0603091923581264,1.15,2.5,6
"SSP1_1_9",0.0324903098593064,1.15,2.35,6
"SSP1_2_6",0.0215254947694197,1.15,2.35,6
"SSP2_4_5",0.0663109725384803,1.15,2.35,6
"SSP3_7_0",0.0496152877440642,1.15,2.35,6
"SSP5_8_5",0.0515574890989284,1.15,2.35,6
"SSP1_1_9",0.0329473864176907,1.15,2.5,6
"SSP1_2_6",0.0232383140859769,1.15,2.5,6
"SSP2_4_5",0.0676811764459786,1.15,2.5,6
"SSP3_7_0",0.0514512963281388,1.15,2.5,6
"SSP5_8_5",0.0545882241460717,1.15,2.5,6
"SSP1_1_9",0.0339237791587896,1.15,2.5,6
"SSP1_2_6",0.0262382544782597,1.15,2.5,6
"SSP2_4_5",0.0698616641200828,1.15,2.5,6
"SSP3_7_0",0.0533291961629053,1.15,2.5,6
"SSP5_8_5",0.0573864779153641,1.15,2.5,6
"SSP1_1_9",0.0360900763969515,1.15,2.5,6
"SSP1_2_6",0.0277802456942349,1.15,2.5,6
"SSP2_4_5",0.0733107654880946,1.15,2.5,6
"SSP3_7_0",0.0552968883753878,1.15,2.5,6
"SSP5_8_5",0.0597897220756931,1.15,2.5,6
"SSP1_1_9",0.0395560208327025,1.15,2.5,6
"SSP1_2_6",0.0289430391262943,1.15,2.5,6
"SSP2_4_5",0.0766338740942568,1.15,2.5,6
"SSP3_7_0",0.057245427239096,1.15,2.5,6
"SSP5_8_5",0.0619992731733556,1.15,2.5,6
"SSP1_1_9",0.0413949681372593,1.15,2.5,6
"SSP1_2_6",0.0298924444564812,1.15,2.5,6
"SSP2_4_5",0.0794878822776652,1.15,2.5,6
"SSP3_7_0",0.0591846337594788,1.15,2.5,6
"SSP5_8_5",0.0639720926235952,1.15,2.5,6
"SSP1_1_9",0.0122211967918118,1.3,2.05,6
"SSP1_2_6",0.00733126979581102,1.3,2.05,6
"SSP2_4_5",0.0260786691228692,1.3,2.05,6
"SSP3_7_0",0.0204942985069049,1.3,2.05,6
"SSP5_8_5",0.0207879752075456,1.3,2.05,6
"SSP1_1_9",0.0144706384440678,1.3,2.2,6
"SSP1_2_6",0.00891523492499355,1.3,2.2,6
"SSP2_4_5",0.0298201349782725,1.3,2.2,6
"SSP3_7_0",0.0227247045337724,1.3,2.2,6
"SSP5_8_5",0.0235694729188356,1.3,2.2,6
"SSP1_1_9",0.0154787026141654,1.3,2.35,6
"SSP1_2_6",0.0119827647244328,1.3,2.35,6
"SSP2_4_5",0.0321553453305486,1.3,2.35,6
"SSP3_7_0",0.0247989091059147,1.3,2.35,6
"SSP5_8_5",0.0266996194991575,1.3,2.35,6
"SSP1_1_9",0.0159497832626886,1.3,2.5,6
"SSP1_2_6",0.0137184023658705,1.3,2.5,6
"SSP2_4_5",0.0336112392080697,1.3,2.5,6
"SSP3_7_0",0.0267839895177505,1.3,2.5,6
"SSP5_8_5",0.0299950498399624,1.3,2.5,6
"SSP1_1_9",0.018068175397184,1.3,2.2,6
"SSP1_2_6",0.0101020087270316,1.3,2.2,6
"SSP2_4_5",0.0334282401887895,1.3,2.2,6
"SSP3_7_0",0.0249595846295546,1.3,2.2,6
"SSP5_8_5",0.0261513731919931,1.3,2.2,6
"SSP1_1_9",0.0190687723535236,1.3,2.35,6
"SSP1_2_6",0.0131619197660726,1.3,2.35,6
"SSP2_4_5",0.0357456120090057,1.3,2.35,6
"SSP3_7_0",0.0270142202080434,1.3,2.35,6
"SSP5_8_5",0.0292474718140299,1.3,2.35,6
"SSP1_1_9",0.0195363831720745,1.3,2.5,6
"SSP1_2_6",0.014893245288905,1.3,2.5,6
"SSP2_4_5",0.0371904146741398,1.3,2.5,6
"SSP3_7_0",0.0289819238015723,1.3,2.5,6
"SSP5_8_5",0.0325091944727664,1.3,2.5,6
"SSP1_1_9",0.0212866396590266,1.3,2.35,6
"SSP1_2_6",0.0147268565096585,1.3,2.35,6
"SSP2_4_5",0.0394115104929193,1.3,2.35,6
"SSP3_7_0",0.0291842454822398,1.3,2.35,6
"SSP5_8_5",0.0319306403341877,1.3,2.35,6
"SSP1_1_9",0.0217521063139645,1.3,2.5,6
"SSP1_2_6",0.0164525892699967,1.3,2.5,6
"SSP2_4_5",0.0408451703768161,1.3,2.5,6
"SSP3_7_0",0.03113651318637,1.3,2.5,6
"SSP5_8_5",0.0351593721793899,1.3,2.5,6
"SSP1_1_9",0.0227450605511018,1.3,2.5,6
"SSP1_2_6",0.0194730247518654,1.3,2.5,6
"SSP2_4_5",0.0431265914786392,1.3,2.5,6
"SSP3_7_0",0.0331455170260262,1.3,2.5,6
"SSP5_8_5",0.0378267272226953,1.3,2.5,6
"SSP1_1_9",0.0199459784761149,1.3,2.2,6
"SSP1_2_6",0.0110470090609888,1.3,2.2,6
"SSP2_4_5",0.036537546113571,1.3,2.2,6
"SSP3_7_0",0.0272047523717985,1.3,2.2,6
"SSP5_8_5",0.0284839661889233,1.3,2.2,6
"SSP1_1_9",0.0209426169358982,1.3,2.35,6
"SSP1_2_6",0.0141001800267204,1.3,2.35,6
"SSP2_4_5",0.0388390248644757,1.3,2.35,6
"SSP3_7_0",0.0292385197858855,1.3,2.35,6
"SSP5_8_5",0.0315471851596889,1.3,2.35,6
"SSP1_1_9",0.0214083881612641,1.3,2.5,6
"SSP1_2_6",0.0158276927502706,1.3,2.5,6
"SSP2_4_5",0.0402739461121862,1.3,2.5,6
"SSP3_7_0",0.0311875999084846,1.3,2.5,6
"SSP5_8_5",0.0347762207793031,1.3,2.5,6
"SSP1_1_9",0.0231517389297184,1.3,2.35,6
"SSP1_2_6",0.0156616482340145,1.3,2.35,6
"SSP2_4_5",0.0424797925569027,1.3,2.35,6
"SSP3_7_0",0.0313851850808433,1.3,2.35,6
"SSP5_8_5",0.0342000875790772,1.3,2.35,6
"SSP1_1_9",0.0236153787076537,1.3,2.5,6
"SSP1_2_6",0.017383587461764,1.3,2.5,6
"SSP2_4_5",0.0439036870120906,1.3,2.5,6
"SSP3_7_0",0.0333190767286064,1.3,2.5,6
"SSP5_8_5",0.037084620466196,1.3,2.5,6
"SSP1_1_9",0.0246044198475254,1.3,2.5,6
"SSP1_2_6",0.020397418493542,1.3,2.5,6
"SSP2_4_5",0.0461695891654408,1.3,2.5,6
"SSP3_7_0",0.0353079490681348,1.3,2.5,6
"SSP5_8_5",0.0395352980744215,1.3,2.5,6
"SSP1_1_9",0.0266851912537103,1.3,2.35,6
"SSP1_2_6",0.0168312356429699,1.3,2.35,6
"SSP2_4_5",0.0459899973705611,1.3,2.35,6
"SSP3_7_0",0.0335299366253109,1.3,2.35,6
"SSP5_8_5",0.0365641074320038,1.3,2.35,6
"SSP1_1_9",0.027145443086477,1.3,2.5,6
"SSP1_2_6",0.0185489149217948,1.3,2.5,6
"SSP2_4_5",0.0474031681525082,1.3,2.5,6
"SSP3_7_0",0.0354472081531807,1.3,2.5,6
"SSP5_8_5",0.0391280500171556,1.3,2.5,6
"SSP1_1_9",0.0281272266788498,1.3,2.5,6
"SSP1_2_6",0.0215553297598191,1.3,2.5,6
"SSP2_4_5",0.0496520265520043,1.3,2.5,6
"SSP3_7_0",0.0374177904887632,1.3,2.5,6
"SSP5_8_5",0.0415527111971769,1.3,2.5,6
"SSP1_1_9",0.0303035294924831,1.3,2.5,6
"SSP1_2_6",0.023092700133039,1.3,2.5,6
"SSP2_4_5",0.0532095613406131,1.3,2.5,6
"SSP3_7_0",0.0394928536347417,1.3,2.5,6
"SSP5_8_5",0.0436874153565055,1.3,2.5,6
"SSP1_1_9",0.0208342091167287,1.3,2.2,6
"SSP1_2_6",0.0118118216335816,1.3,2.2,6
"SSP2_4_5",0.039148565247821,1.3,2.2,6
"SSP3_7_0",0.0292261055542846,1.3,2.2,6
"SSP5_8_5",0.030472919763145,1.3,2.2,6
"SSP1_1_9",0.0218288879767526,1.3,2.35,6
"SSP1_2_6",0.0148586385298616,1.3,2.35,6
"SSP2_4_5",0.0414356570218444,1.3,2.35,6
"SSP3_7_0",0.0312391338576357,1.3,2.35,6
"SSP5_8_5",0.0330485477689518,1.3,2.35,6
"SSP1_1_9",0.0222937483546134,1.3,2.5,6
"SSP1_2_6",0.0165825592006009,1.3,2.5,6
"SSP2_4_5",0.0428616338338113,1.3,2.5,6
"SSP3_7_0",0.0331695727010032,1.3,2.5,6
"SSP5_8_5",0.0356444308984724,1.3,2.5,6
"SSP1_1_9",0.024033680687201,1.3,2.35,6
"SSP1_2_6",0.0164168419644349,1.3,2.35,6
"SSP2_4_5",0.0450536850005043,1.3,2.35,6
"SSP3_7_0",0.0333627415587407,1.3,2.35,6
"SSP5_8_5",0.0352665505953847,1.3,2.35,6
"SSP1_1_9",0.0244964159982182,1.3,2.5,6
"SSP1_2_6",0.0181352079851574,1.3,2.5,6
"SSP2_4_5",0.0464687420896226,1.3,2.5,6
"SSP3_7_0",0.035278242506098,1.3,2.5,6
"SSP5_8_5",0.0378360835342969,1.3,2.5,6
"SSP1_1_9",0.0254835203159569,1.3,2.5,6
"SSP1_2_6",0.0211428176726498,1.3,2.5,6
"SSP2_4_5",0.0487206026292317,1.3,2.5,6
"SSP3_7_0",0.0372471210948843,1.3,2.5,6
"SSP5_8_5",0.0402668233861157,1.3,2.5,6
"SSP1_1_9",0.0275602514447885,1.3,2.35,6
"SSP1_2_6",0.0175839483412086,1.3,2.35,6
"SSP2_4_5",0.0485418197713129,1.3,2.35,6
"SSP3_7_0",0.0354830573066677,1.3,2.35,6
"SSP5_8_5",0.0373183008427514,1.3,2.35,6
"SSP1_1_9",0.0280196089111271,1.3,2.5,6
"SSP1_2_6",0.0192980688634663,1.3,2.5,6
"SSP2_4_5",0.0499462572424635,1.3,2.5,6
"SSP3_7_0",0.0373822145457899,1.3,2.5,6
"SSP5_8_5",0.0398618548548956,1.3,2.5,6
"SSP1_1_9",0.0289994773339603,1.3,2.5,6
"SSP1_2_6",0.0222982874261418,1.3,2.5,6
"SSP2_4_5",0.0521812390994835,1.3,2.5,6
"SSP3_7_0",0.0393331137457196,1.3,2.5,6
"SSP5_8_5",0.0422669607987177,1.3,2.5,6
"SSP1_1_9",0.031171548806506,1.3,2.5,6
"SSP1_2_6",0.0238324743230059,1.3,2.5,6
"SSP2_4_5",0.0557168395530858,1.3,2.5,6
"SSP3_7_0",0.0413863318130581,1.3,2.5,6
"SSP5_8_5",0.0443840603354906,1.3,2.5,6
"SSP1_1_9",0.0294004407407746,1.3,2.35,6
"SSP1_2_6",0.0185116523288579,1.3,2.35,6
"SSP2_4_5",0.0515444179274489,1.3,2.35,6
"SSP3_7_0",0.0376072404421946,1.3,2.35,6
"SSP5_8_5",0.0390164417026653,1.3,2.35,6
"SSP1_1_9",0.0298580075334779,1.3,2.5,6
"SSP1_2_6",0.0202220205640912,1.3,2.5,6
"SSP2_4_5",0.0529393971949436,1.3,2.5,6
"SSP3_7_0",0.0394888865283679,1.3,2.5,6
"SSP5_8_5",0.0415356095963507,1.3,2.5,6
"SSP1_1_9",0.0308340404749362,1.3,2.5,6
"SSP1_2_6",0.0232157062303259,1.3,2.5,6
"SSP2_4_5",0.0551593474975444,1.3,2.5,6
"SSP3_7_0",0.0414206265373876,1.3,2.5,6
"SSP5_8_5",0.043916813327635,1.3,2.5,6
"SSP1_1_9",0.0329976378149035,1.3,2.5,6
"SSP1_2_6",0.0247465313724991,1.3,2.5,6
"SSP2_4_5",0.0586711766617065,1.3,2.5,6
"SSP3_7_0",0.0434524452681392,1.3,2.5,6
"SSP5_8_5",0.0460117743504989,1.3,2.5,6
"SSP1_1_9",0.0364587238777204,1.3,2.5,6
"SSP1_2_6",0.0258927229791002,1.3,2.5,6
"SSP2_4_5",0.0620560606406917,1.3,2.5,6
"SSP3_7_0",0.0454738563079785,1.3,2.5,6
"SSP5_8_5",0.047943287796283,1.3,2.5,6
"SSP1_1_9",0.0212198362035483,1.3,2.2,6
"SSP1_2_6",0.012171618561987,1.3,2.2,6
"SSP2_4_5",0.0397206693336081,1.3,2.2,6
"SSP3_7_0",0.0287422867731535,1.3,2.2,6
"SSP5_8_5",0.0282812935108814,1.3,2.2,6
"SSP1_1_9",0.0222134979051392,1.3,2.35,6
"SSP1_2_6",0.0152133126695183,1.3,2.35,6
"SSP2_4_5",0.0419592150586919,1.3,2.35,6
"SSP3_7_0",0.0307148947057593,1.3,2.35,6
"SSP5_8_5",0.0307904386848052,1.3,2.35,6
"SSP1_1_9",0.0226778851866222,1.3,2.5,6
"SSP1_2_6",0.0169343422029811,1.3,2.5,6
"SSP2_4_5",0.0433685661446817,1.3,2.5,6
"SSP3_7_0",0.0326334742193859,1.3,2.5,6
"SSP5_8_5",0.0333818629521501,1.3,2.5,6
"SSP1_1_9",0.0244160434390972,1.3,2.35,6
"SSP1_2_6",0.0167688943220199,1.3,2.35,6
"SSP2_4_5",0.045468482528235,1.3,2.35,6
"SSP3_7_0",0.0327454856063058,1.3,2.35,6
"SSP5_8_5",0.0330075498541421,1.3,2.35,6
"SSP1_1_9",0.024878309131235,1.3,2.5,6
"SSP1_2_6",0.018484385804696,1.3,2.5,6
"SSP2_4_5",0.0468671736241235,1.3,2.5,6
"SSP3_7_0",0.0346495456739181,1.3,2.5,6
"SSP5_8_5",0.0355728169626224,1.3,2.5,6
"SSP1_1_9",0.0258644087007135,1.3,2.5,6
"SSP1_2_6",0.0214869897318821,1.3,2.5,6
"SSP2_4_5",0.0490713840392646,1.3,2.5,6
"SSP3_7_0",0.0365792456355988,1.3,2.5,6
"SSP5_8_5",0.0380010379404877,1.3,2.5,6
"SSP1_1_9",0.0279390420204487,1.3,2.35,6
"SSP1_2_6",0.0179340227508501,1.3,2.35,6
"SSP2_4_5",0.0487417851655856,1.3,2.35,6
"SSP3_7_0",0.0346554892207513,1.3,2.35,6
"SSP5_8_5",0.0350601435699187,1.3,2.35,6
"SSP1_1_9",0.0283979353724479,1.3,2.5,6
"SSP1_2_6",0.0196452814306438,1.3,2.5,6
"SSP2_4_5",0.0501302714189727,1.3,2.5,6
"SSP3_7_0",0.036543978401357,1.3,2.5,6
"SSP5_8_5",0.0375996126813826,1.3,2.5,6
"SSP1_1_9",0.0293768108426784,1.3,2.5,6
"SSP1_2_6",0.0226405162561223,1.3,2.5,6
"SSP2_4_5",0.0523183453701156,1.3,2.5,6
"SSP3_7_0",0.0384567670807208,1.3,2.5,6
"SSP5_8_5",0.0400023659248322,1.3,2.5,6
"SSP1_1_9",0.0315466884956961,1.3,2.5,6
"SSP1_2_6",0.0241721529036234,1.3,2.5,6
"SSP2_4_5",0.0557481442537607,1.3,2.5,6
"SSP3_7_0",0.040420458603557,1.3,2.5,6
"SSP5_8_5",0.0421192435962733,1.3,2.5,6
"SSP1_1_9",0.0297773464824026,1.3,2.35,6
"SSP1_2_6",0.0188600795656723,1.3,2.35,6
"SSP2_4_5",0.0513334736631175,1.3,2.35,6
"SSP3_7_0",0.0363599561530257,1.3,2.35,6
"SSP5_8_5",0.0367617635842054,1.3,2.35,6
"SSP1_1_9",0.0302344520825125,1.3,2.5,6
"SSP1_2_6",0.02056759729428,1.3,2.5,6
"SSP2_4_5",0.0527131972592757,1.3,2.5,6
"SSP3_7_0",0.0382323171635096,1.3,2.5,6
"SSP5_8_5",0.0392770030235403,1.3,2.5,6
"SSP1_1_9",0.0312094983319404,1.3,2.5,6
"SSP1_2_6",0.0235563188869628,1.3,2.5,6
"SSP2_4_5",0.0548874233773175,1.3,2.5,6
"SSP3_7_0",0.0401277801135562,1.3,2.5,6
"SSP5_8_5",0.0416559940091002,1.3,2.5,6
"SSP1_1_9",0.0333709156529854,1.3,2.5,6
"SSP1_2_6",0.0250846038822063,1.3,2.5,6
"SSP2_4_5",0.0582954421081414,1.3,2.5,6
"SSP3_7_0",0.04207256215769,1.3,2.5,6
"SSP5_8_5",0.0437508474165701,1.3,2.5,6
"SSP1_1_9",0.0367342023175507,1.3,2.5,6
"SSP1_2_6",0.0262288799510034,1.3,2.5,6
"SSP2_4_5",0.0614719612458626,1.3,2.5,6
"SSP3_7_0",0.0438927876599638,1.3,2.5,6
"SSP5_8_5",0.0456839150381013,1.3,2.5,6
"SSP1_1_9",0.0303061819730013,1.3,2.35,6
"SSP1_2_6",0.0195842353927424,1.3,2.35,6
"SSP2_4_5",0.0525195432954981,1.3,2.35,6
"SSP3_7_0",0.0371527623808331,1.3,2.35,6
"SSP5_8_5",0.0375006894296621,1.3,2.35,6
"SSP1_1_9",0.0307556437560312,1.3,2.5,6
"SSP1_2_6",0.0212824512135644,1.3,2.5,6
"SSP2_4_5",0.0538927584496509,1.3,2.5,6
"SSP3_7_0",0.0390109541842603,1.3,2.5,6
"SSP5_8_5",0.0399963020805624,1.3,2.5,6
"SSP1_1_9",0.0317130390682918,1.3,2.5,6
"SSP1_2_6",0.0242497176462379,1.3,2.5,6
"SSP2_4_5",0.0560567256569416,1.3,2.5,6
"SSP3_7_0",0.040891661769267,1.3,2.5,6
"SSP5_8_5",0.0423564626245606,1.3,2.5,6
"SSP1_1_9",0.0338262836756429,1.3,2.5,6
"SSP1_2_6",0.0257286630003029,1.3,2.5,6
"SSP2_4_5",0.0594486683851845,1.3,2.5,6
"SSP3_7_0",0.0428208482346697,1.3,2.5,6
"SSP5_8_5",0.0444343584016463,1.3,2.5,6
"SSP1_1_9",0.0371816755219923,1.3,2.5,6
"SSP1_2_6",0.0267776666019464,1.3,2.5,6
"SSP2_4_5",0.0626100393355291,1.3,2.5,6
"SSP3_7_0",0.0446258161308767,1.3,2.5,6
"SSP5_8_5",0.0463514610560219,1.3,2.5,6
"SSP1_1_9",0.0388482326602643,1.3,2.5,6
"SSP1_2_6",0.0275554932037023,1.3,2.5,6
"SSP2_4_5",0.0651064551083025,1.3,2.5,6
"SSP3_7_0",0.046225277620803,1.3,2.5,6
"SSP5_8_5",0.0479286811103409,1.3,2.5,6
"SSP1_1_9",0.0173516885187695,1.45,2.2,6
"SSP1_2_6",0.00846401452651936,1.45,2.2,6
"SSP2_4_5",0.0271405307773499,1.45,2.2,6
"SSP3_7_0",0.0184583451930069,1.45,2.2,6
"SSP5_8_5",0.0188322601023465,1.45,2.2,6
"SSP1_1_9",0.01833206008237,1.45,2.35,6
"SSP1_2_6",0.0114929917165187,1.45,2.35,6
"SSP2_4_5",0.0294010718626912,1.45,2.35,6
"SSP3_7_0",0.0204547598769848,1.45,2.35,6
"SSP5_8_5",0.0213770901321362,1.45,2.35,6
"SSP1_1_9",0.018790851779584,1.45,2.5,6
"SSP1_2_6",0.0132098646518445,1.45,2.5,6
"SSP2_4_5",0.0308240795237083,1.45,2.5,6
"SSP3_7_0",0.022390232964208,1.45,2.5,6
"SSP5_8_5",0.0239997310696648,1.45,2.5,6
"SSP1_1_9",0.0204959820809674,1.45,2.35,6
"SSP1_2_6",0.0130035731355705,1.45,2.35,6
"SSP2_4_5",0.0329456255492132,1.45,2.35,6
"SSP3_7_0",0.0225174374807837,1.45,2.35,6
"SSP5_8_5",0.0236329156180373,1.45,2.35,6
"SSP1_1_9",0.0209526857192287,1.45,2.5,6
"SSP1_2_6",0.0147150097454791,1.45,2.5,6
"SSP2_4_5",0.0343579071696161,1.45,2.5,6
"SSP3_7_0",0.024438320679655,1.45,2.5,6
"SSP5_8_5",0.0260726952476838,1.45,2.5,6
"SSP1_1_9",0.0219256128578747,1.45,2.5,6
"SSP1_2_6",0.0177052789158981,1.45,2.5,6
"SSP2_4_5",0.0365838998581721,1.45,2.5,6
"SSP3_7_0",0.0263915956531446,1.45,2.5,6
"SSP5_8_5",0.0281992569232543,1.45,2.5,6
"SSP1_1_9",0.0239316891125418,1.45,2.35,6
"SSP1_2_6",0.0140764852401964,1.45,2.35,6
"SSP2_4_5",0.036254606281903,1.45,2.35,6
"SSP3_7_0",0.0244682810261028,1.45,2.35,6
"SSP5_8_5",0.0255456102209429,1.45,2.35,6
"SSP1_1_9",0.0243850858691378,1.45,2.5,6
"SSP1_2_6",0.0157838684725721,1.45,2.5,6
"SSP2_4_5",0.0376566154918363,1.45,2.5,6
"SSP3_7_0",0.0263734918463707,1.45,2.5,6
"SSP5_8_5",0.0276884004754407,1.45,2.5,6
"SSP1_1_9",0.0253509341497074,1.45,2.5,6
"SSP1_2_6",0.0187670872745462,1.45,2.5,6
"SSP2_4_5",0.0398663631931701,1.45,2.5,6
"SSP3_7_0",0.0283097005319787,1.45,2.5,6
"SSP5_8_5",0.0297936689576269,1.45,2.5,6
"SSP1_1_9",0.0274828370668084,1.45,2.5,6
"SSP1_2_6",0.0202543827389328,1.45,2.5,6
"SSP2_4_5",0.0433309307744239,1.45,2.5,6
"SSP3_7_0",0.0303049136508477,1.45,2.5,6
"SSP5_8_5",0.0316421157457942,1.45,2.5,6
"SSP1_1_9",0.0256402214390075,1.45,2.35,6
"SSP1_2_6",0.0148757077244569,1.45,2.35,6
"SSP2_4_5",0.038880996024553,1.45,2.35,6
"SSP3_7_0",0.0262216208830805,1.45,2.35,6
"SSP5_8_5",0.0262381152582865,1.45,2.35,6
"SSP1_1_9",0.0260919050153886,1.45,2.5,6
"SSP1_2_6",0.0165795883129554,1.45,2.5,6
"SSP2_4_5",0.0402741751807801,1.45,2.5,6
"SSP3_7_0",0.0281105722120164,1.45,2.5,6
"SSP5_8_5",0.0283643525014812,1.45,2.5,6
"SSP1_1_9",0.0270540870173103,1.45,2.5,6
"SSP1_2_6",0.0195567148905797,1.45,2.5,6
"SSP2_4_5",0.0424699668794477,1.45,2.5,6
"SSP3_7_0",0.0300292600685924,1.45,2.5,6
"SSP5_8_5",0.0304532194325475,1.45,2.5,6
"SSP1_1_9",0.0291779075672822,1.45,2.5,6
"SSP1_2_6",0.0210409247866758,1.45,2.5,6
"SSP2_4_5",0.0459125804963213,1.45,2.5,6
"SSP3_7_0",0.0320052921793192,1.45,2.5,6
"SSP5_8_5",0.0322868890878756,1.45,2.5,6
"SSP1_1_9",0.0325501062560938,1.45,2.5,6
"SSP1_2_6",0.0220942119013448,1.45,2.5,6
"SSP2_4_5",0.0491011465674145,1.45,2.5,6
"SSP3_7_0",0.0337216118934588,1.45,2.5,6
"SSP5_8_5",0.0338301222436171,1.45,2.5,6
"SSP1_1_9",0.0261019783827896,1.45,2.35,6
"SSP1_2_6",0.0151040594689418,1.45,2.35,6
"SSP2_4_5",0.0368936428969651,1.45,2.35,6
"SSP3_7_0",0.0246960400665057,1.45,2.35,6
"SSP5_8_5",0.0244073439106954,1.45,2.35,6
"SSP1_1_9",0.0265529772726759,1.45,2.5,6
"SSP1_2_6",0.0167910664258583,1.45,2.5,6
"SSP2_4_5",0.0382392678900998,1.45,2.5,6
"SSP3_7_0",0.0265468322430193,1.45,2.5,6
"SSP5_8_5",0.0265294345678378,1.45,2.5,6
"SSP1_1_9",0.0274804171955812,1.45,2.5,6
"SSP1_2_6",0.0197226531865124,1.45,2.5,6
"SSP2_4_5",0.0403288439446363,1.45,2.5,6
"SSP3_7_0",0.0283832217932466,1.45,2.5,6
"SSP5_8_5",0.0286151013061332,1.45,2.5,6
"SSP1_1_9",0.0294747027822974,1.45,2.5,6
"SSP1_2_6",0.0211218333506605,1.45,2.5,6
"SSP2_4_5",0.0435420009543043,1.45,2.5,6
"SSP3_7_0",0.0301877092492406,1.45,2.5,6
"SSP5_8_5",0.0304474706233637,1.45,2.5,6
"SSP1_1_9",0.0326256703149102,1.45,2.5,6
"SSP1_2_6",0.0220299311982206,1.45,2.5,6
"SSP2_4_5",0.0462479207372078,1.45,2.5,6
"SSP3_7_0",0.0316573579506815,1.45,2.5,6
"SSP5_8_5",0.0319917553980892,1.45,2.5,6
"SSP1_1_9",0.0337387391320058,1.45,2.5,6
"SSP1_2_6",0.0224465725332072,1.45,2.5,6
"SSP2_4_5",0.0473259295236692,1.45,2.5,6
"SSP3_7_0",0.0323102462412361,1.45,2.5,6
"SSP5_8_5",0.0326230018494393,1.45,2.5,6
"SSP1_1_9",0.0208400235531128,1.6,2.35,6
"SSP1_2_6",0.0112232936293267,1.6,2.35,6
"SSP2_4_5",0.0253398970421143,1.6,2.35,6
"SSP3_7_0",0.0159855625884334,1.6,2.35,6
"SSP5_8_5",0.016503091237553,1.6,2.35,6
"SSP1_1_9",0.0212658832292728,1.6,2.5,6
"SSP1_2_6",0.0129149111981691,1.6,2.5,6
"SSP2_4_5",0.0266985070797126,1.6,2.5,6
"SSP3_7_0",0.0178497110957822,1.6,2.5,6
"SSP5_8_5",0.0186519249844394,1.6,2.5,6
"SSP1_1_9",0.0221738440771016,1.6,2.5,6
"SSP1_2_6",0.0158545442771109,1.6,2.5,6
"SSP2_4_5",0.028808967956621,1.6,2.5,6
"SSP3_7_0",0.0197053107192153,1.6,2.5,6
"SSP5_8_5",0.0207671366036342,1.6,2.5,6
"SSP1_1_9",0.0241789423991466,1.6,2.5,6
"SSP1_2_6",0.0172581030777433,1.6,2.5,6
"SSP2_4_5",0.0320557668056506,1.6,2.5,6
"SSP3_7_0",0.0215362951562561,1.6,2.5,6
"SSP5_8_5",0.0226314284543282,1.6,2.5,6
"SSP1_1_9",0.0273471157285503,1.6,2.5,6
"SSP1_2_6",0.0181698672668239,1.6,2.5,6
"SSP2_4_5",0.034796399654642,1.6,2.5,6
"SSP3_7_0",0.0230409574546038,1.6,2.5,6
"SSP5_8_5",0.0236882357827293,1.6,2.5,6
"SSP1_1_9",0.0284698672556958,1.6,2.5,6
"SSP1_2_6",0.0183659609576612,1.6,2.5,6
"SSP2_4_5",0.0324941175222809,1.6,2.5,6
"SSP3_7_0",0.0218876799001552,1.6,2.5,6
"SSP5_8_5",0.0221968513379272,1.6,2.5,6
"SSP1_1_9",0.0150192660415851,1.75,2.5,6
"SSP1_2_6",0.0139802898471835,1.75,2.5,6
"SSP2_4_5",0.0195120079187258,1.75,2.5,6
"SSP3_7_0",0.0146355798024032,1.75,2.5,6
"SSP5_8_5",0.0153163641270899,1.75,2.5,6
"SSP1_1_9",0.00661644791015851,1,1.9,7
"SSP1_2_6",0.0108905894270079,1,1.9,7
"SSP2_4_5",0.0298966083940404,1,1.9,7
"SSP3_7_0",0.0290080305759804,1,1.9,7
"SSP5_8_5",0.028266936202616,1,1.9,7
"SSP1_1_9",0.00980644782830304,1,2.05,7
"SSP1_2_6",0.0119632598176346,1,2.05,7
"SSP2_4_5",0.0332240097154382,1,2.05,7
"SSP3_7_0",0.03193589885216,1,2.05,7
"SSP5_8_5",0.0317627560487596,1,2.05,7
"SSP1_1_9",0.0117769037524297,1,2.2,7
"SSP1_2_6",0.0133679197793392,1,2.2,7
"SSP2_4_5",0.0365644954460746,1,2.2,7
"SSP3_7_0",0.0347574909658257,1,2.2,7
"SSP5_8_5",0.0353808121297403,1,2.2,7
"SSP1_1_9",0.012659327386081,1,2.35,7
"SSP1_2_6",0.0160686511273366,1,2.35,7
"SSP2_4_5",0.0386373556972898,1,2.35,7
"SSP3_7_0",0.0368058067713171,1,2.35,7
"SSP5_8_5",0.0387475540553924,1,2.35,7
"SSP1_1_9",0.0130706021737262,1,2.5,7
"SSP1_2_6",0.0175958619393737,1,2.5,7
"SSP2_4_5",0.0399255277360872,1,2.5,7
"SSP3_7_0",0.0385807853767954,1,2.5,7
"SSP5_8_5",0.042258905038042,1,2.5,7
"SSP1_1_9",0.0115140047805966,1,2.05,7
"SSP1_2_6",0.0128522739574372,1,2.05,7
"SSP2_4_5",0.0362328875016454,1,2.05,7
"SSP3_7_0",0.0348099199203649,1,2.05,7
"SSP5_8_5",0.0347868191878724,1,2.05,7
"SSP1_1_9",0.0134775822517297,1,2.2,7
"SSP1_2_6",0.0142541018530025,1,2.2,7
"SSP2_4_5",0.0395521890718201,1,2.2,7
"SSP3_7_0",0.0371974236901713,1,2.2,7
"SSP5_8_5",0.0377935819629628,1,2.2,7
"SSP1_1_9",0.0143569232889238,1,2.35,7
"SSP1_2_6",0.0169494309226142,1,2.35,7
"SSP2_4_5",0.0416119381532772,1,2.35,7
"SSP3_7_0",0.0390779087028034,1,2.35,7
"SSP5_8_5",0.0411282531101993,1,2.35,7
"SSP1_1_9",0.0147667672703768,1,2.5,7
"SSP1_2_6",0.0184735844530323,1,2.5,7
"SSP2_4_5",0.0428919679611947,1,2.5,7
"SSP3_7_0",0.0408368120469252,1,2.5,7
"SSP5_8_5",0.0446078515868273,1,2.5,7
"SSP1_1_9",0.0166234428003136,1,2.2,7
"SSP1_2_6",0.0153190239408261,1,2.2,7
"SSP2_4_5",0.0428127585811755,1,2.2,7
"SSP3_7_0",0.0393567040828574,1,2.2,7
"SSP5_8_5",0.0404398567509343,1,2.2,7
"SSP1_1_9",0.017497130148136,1,2.35,7
"SSP1_2_6",0.0180083881814987,1,2.35,7
"SSP2_4_5",0.0448584202697232,1,2.35,7
"SSP3_7_0",0.0412207099583328,1,2.35,7
"SSP5_8_5",0.0437422740020625,1,2.35,7
"SSP1_1_9",0.0179043499439979,1,2.5,7
"SSP1_2_6",0.0195291645476517,1,2.5,7
"SSP2_4_5",0.0461297011707388,1,2.5,7
"SSP3_7_0",0.0429652094686271,1,2.5,7
"SSP5_8_5",0.0471900448405786,1,2.5,7
"SSP1_1_9",0.0194367954400672,1,2.35,7
"SSP1_2_6",0.0193953668244649,1,2.35,7
"SSP2_4_5",0.0481182180330641,1,2.35,7
"SSP3_7_0",0.0432644485763386,1,2.35,7
"SSP5_8_5",0.0466003388284476,1,2.35,7
"SSP1_1_9",0.0198423924799714,1,2.5,7
"SSP1_2_6",0.0209117894499114,1,2.5,7
"SSP2_4_5",0.0493807742047091,1,2.5,7
"SSP3_7_0",0.0449962498000482,1,2.5,7
"SSP5_8_5",0.0500164468701769,1,2.5,7
"SSP1_1_9",0.0207102897021597,1,2.5,7
"SSP1_2_6",0.0235705003846523,1,2.5,7
"SSP2_4_5",0.0513982915074228,1,2.5,7
"SSP3_7_0",0.0468226856103925,1,2.5,7
"SSP5_8_5",0.0532206865961478,1,2.5,7
"SSP1_1_9",0.0123412200835565,1,2.05,7
"SSP1_2_6",0.0135699176392981,1,2.05,7
"SSP2_4_5",0.0390054681694414,1,2.05,7
"SSP3_7_0",0.0372748368952915,1,2.05,7
"SSP5_8_5",0.036986546191347,1,2.05,7
"SSP1_1_9",0.0143013537859615,1,2.2,7
"SSP1_2_6",0.014969089649547,1,2.2,7
"SSP2_4_5",0.0423047807455496,1,2.2,7
"SSP3_7_0",0.0393481741549807,1,2.2,7
"SSP5_8_5",0.039909396875723,1,2.2,7
"SSP1_1_9",0.0151791516747776,1,2.35,7
"SSP1_2_6",0.0176593497865384,1,2.35,7
"SSP2_4_5",0.0443521590356266,1,2.35,7
"SSP3_7_0",0.0412101834123852,1,2.35,7
"SSP5_8_5",0.0432131911970426,1,2.35,7
"SSP1_1_9",0.0155882793212475,1,2.5,7
"SSP1_2_6",0.0191806367472097,1,2.5,7
"SSP2_4_5",0.0456245068735686,1,2.5,7
"SSP3_7_0",0.0429528210764613,1,2.5,7
"SSP5_8_5",0.0466620815640068,1,2.5,7
"SSP1_1_9",0.0174417316038925,1,2.2,7
"SSP1_2_6",0.0160319743983837,1,2.2,7
"SSP2_4_5",0.0455457210858876,1,2.2,7
"SSP3_7_0",0.04148399157792,1,2.2,7
"SSP5_8_5",0.0425280121896126,1,2.2,7
"SSP1_1_9",0.0183138907940149,1,2.35,7
"SSP1_2_6",0.0187162878724807,1,2.35,7
"SSP2_4_5",0.0475791403573438,1,2.35,7
"SSP3_7_0",0.0433297884331066,1,2.35,7
"SSP5_8_5",0.0458000578674639,1,2.35,7
"SSP1_1_9",0.0187204012005509,1,2.5,7
"SSP1_2_6",0.020234207937851,1,2.5,7
"SSP2_4_5",0.0488428189000079,1,2.5,7
"SSP3_7_0",0.0450582494350747,1,2.5,7
"SSP5_8_5",0.0492176079925769,1,2.5,7
"SSP1_1_9",0.0202501757188739,1,2.35,7
"SSP1_2_6",0.0201006557646232,1,2.35,7
"SSP2_4_5",0.0508194909865977,1,2.35,7
"SSP3_7_0",0.0453527055375805,1,2.35,7
"SSP5_8_5",0.0486303989991111,1,2.35,7
"SSP1_1_9",0.0206550676581871,1,2.5,7
"SSP1_2_6",0.0216142352627933,1,2.5,7
"SSP2_4_5",0.0520745238281856,1,2.5,7
"SSP3_7_0",0.0470686649709943,1,2.5,7
"SSP5_8_5",0.052016761668307,1,2.5,7
"SSP1_1_9",0.0215214520443514,1,2.5,7
"SSP1_2_6",0.0242679880214477,1,2.5,7
"SSP2_4_5",0.0540800535868865,1,2.5,7
"SSP3_7_0",0.0488774777426235,1,2.5,7
"SSP5_8_5",0.0551921026294087,1,2.5,7
"SSP1_1_9",0.019122633060812,1,2.2,7
"SSP1_2_6",0.0169122366489996,1,2.2,7
"SSP2_4_5",0.0484757344488777,1,2.2,7
"SSP3_7_0",0.0437006465111038,1,2.2,7
"SSP5_8_5",0.0448581156789874,1,2.2,7
"SSP1_1_9",0.0199917632724796,1,2.35,7
"SSP1_2_6",0.0195912002425689,1,2.35,7
"SSP2_4_5",0.0504964185727025,1,2.35,7
"SSP3_7_0",0.0455289304048361,1,2.35,7
"SSP5_8_5",0.0480996028432677,1,2.35,7
"SSP1_1_9",0.020396867715048,1,2.5,7
"SSP1_2_6",0.021106092647782,1,2.5,7
"SSP2_4_5",0.051752188079174,1,2.5,7
"SSP3_7_0",0.0472420276706893,1,2.5,7
"SSP5_8_5",0.0514868593977109,1,2.5,7
"SSP1_1_9",0.021921348047548,1,2.35,7
"SSP1_2_6",0.0209727998184321,1,2.35,7
"SSP2_4_5",0.0537165374626473,1,2.35,7
"SSP3_7_0",0.0475317502381745,1,2.35,7
"SSP5_8_5",0.0509018767199859,1,2.35,7
"SSP1_1_9",0.0223248424174722,1,2.5,7
"SSP1_2_6",0.0224833650536435,1,2.5,7
"SSP2_4_5",0.0549637425184878,1,2.5,7
"SSP3_7_0",0.0492325304645787,1,2.5,7
"SSP5_8_5",0.0542584111502,1,2.5,7
"SSP1_1_9",0.0231882278167949,1,2.5,7
"SSP1_2_6",0.0251318620597653,1,2.5,7
"SSP2_4_5",0.056956799167247,1,2.5,7
"SSP3_7_0",0.0510243802738393,1,2.5,7
"SSP5_8_5",0.0574046352459876,1,2.5,7
"SSP1_1_9",0.0250130892983792,1,2.35,7
"SSP1_2_6",0.0220221615266858,1,2.35,7
"SSP2_4_5",0.0568796859175088,1,2.35,7
"SSP3_7_0",0.0495905156105055,1,2.35,7
"SSP5_8_5",0.0534045973538063,1,2.35,7
"SSP1_1_9",0.0254140201710857,1,2.5,7
"SSP1_2_6",0.0235293959701489,1,2.5,7
"SSP2_4_5",0.0581184775167997,1,2.5,7
"SSP3_7_0",0.0512776839232297,1,2.5,7
"SSP5_8_5",0.0567311949686168,1,2.5,7
"SSP1_1_9",0.0262719045475944,1,2.5,7
"SSP1_2_6",0.0261720858882629,1,2.5,7
"SSP2_4_5",0.0600981274459629,1,2.5,7
"SSP3_7_0",0.0530542800579104,1,2.5,7
"SSP5_8_5",0.0598480683289015,1,2.5,7
"SSP1_1_9",0.0281766127586287,1,2.5,7
"SSP1_2_6",0.0275349007186441,1,2.5,7
"SSP2_4_5",0.0632530510959059,1,2.5,7
"SSP3_7_0",0.0549973523850203,1,2.5,7
"SSP5_8_5",0.0625341285579921,1,2.5,7
"SSP1_1_9",0.0126062885465107,1,2.05,7
"SSP1_2_6",0.0138127380904835,1,2.05,7
"SSP2_4_5",0.041049151417193,1,2.05,7
"SSP3_7_0",0.0389659554206564,1,2.05,7
"SSP5_8_5",0.0385776065887504,1,2.05,7
"SSP1_1_9",0.0145648295800836,1,2.2,7
"SSP1_2_6",0.0152099282233673,1,2.2,7
"SSP2_4_5",0.0443324285302955,1,2.2,7
"SSP3_7_0",0.0410202270794317,1,2.2,7
"SSP5_8_5",0.0414752006354343,1,2.2,7
"SSP1_1_9",0.0154419145706698,1,2.35,7
"SSP1_2_6",0.0178963991017019,1,2.35,7
"SSP2_4_5",0.0463698850060798,1,2.35,7
"SSP3_7_0",0.0428658743330877,1,2.35,7
"SSP5_8_5",0.044752047088786,1,2.35,7
"SSP1_1_9",0.0158507110081636,1,2.5,7
"SSP1_2_6",0.0194155483524026,1,2.5,7
"SSP2_4_5",0.0476360729788417,1,2.5,7
"SSP3_7_0",0.0445939973091739,1,2.5,7
"SSP5_8_5",0.0481739611214245,1,2.5,7
"SSP1_1_9",0.0177026708906158,1,2.2,7
"SSP1_2_6",0.016271302905471,1,2.2,7
"SSP2_4_5",0.0475576304592631,1,2.2,7
"SSP3_7_0",0.0431355356960011,1,2.2,7
"SSP5_8_5",0.0440701278263784,1,2.2,7
"SSP1_1_9",0.0185741247858236,1,2.35,7
"SSP1_2_6",0.0189518424311404,1,2.35,7
"SSP2_4_5",0.0495812332873303,1,2.35,7
"SSP3_7_0",0.04496521148693,1,2.35,7
"SSP5_8_5",0.0473156759169166,1,2.35,7
"SSP1_1_9",0.0189803075072829,1,2.5,7
"SSP1_2_6",0.0204676334324764,1,2.5,7
"SSP2_4_5",0.0508388173036923,1,2.5,7
"SSP3_7_0",0.0466793637418768,1,2.5,7
"SSP5_8_5",0.0507066854033602,1,2.5,7
"SSP1_1_9",0.0205088491997524,1,2.35,7
"SSP1_2_6",0.0203342665308746,1,2.35,7
"SSP2_4_5",0.0528059932552292,1,2.35,7
"SSP3_7_0",0.0469698137243158,1,2.35,7
"SSP5_8_5",0.0501220760081175,1,2.35,7
"SSP1_1_9",0.0209134156279419,1,2.5,7
"SSP1_2_6",0.0218457280768338,1,2.5,7
"SSP2_4_5",0.0540549964298831,1,2.5,7
"SSP3_7_0",0.0486716431139607,1,2.5,7
"SSP5_8_5",0.0534823240662077,1,2.5,7
"SSP1_1_9",0.0217791024821017,1,2.5,7
"SSP1_2_6",0.0244957850702465,1,2.5,7
"SSP2_4_5",0.0560509189281442,1,2.5,7
"SSP3_7_0",0.0504648665334475,1,2.5,7
"SSP5_8_5",0.0566324876765574,1,2.5,7
"SSP1_1_9",0.0193822136679628,1,2.2,7
"SSP1_2_6",0.0171502784021236,1,2.2,7
"SSP2_4_5",0.0504733127556953,1,2.2,7
"SSP3_7_0",0.0453303568632062,1,2.2,7
"SSP5_8_5",0.0463781532267292,1,2.2,7
"SSP1_1_9",0.0202506426618955,1,2.35,7
"SSP1_2_6",0.0198254819029628,1,2.35,7
"SSP2_4_5",0.0524842765577978,1,2.35,7
"SSP3_7_0",0.0471427804038241,1,2.35,7
"SSP5_8_5",0.0495935782755278,1,2.35,7
"SSP1_1_9",0.020655421309079,1,2.5,7
"SSP1_2_6",0.0213382530653302,1,2.5,7
"SSP2_4_5",0.0537340111413308,1,2.5,7
"SSP3_7_0",0.0488417922329478,1,2.5,7
"SSP5_8_5",0.0529547167491016,1,2.5,7
"SSP1_1_9",0.0221786759251928,1,2.35,7
"SSP1_2_6",0.0212051448405041,1,2.35,7
"SSP2_4_5",0.0556889570248773,1,2.35,7
"SSP3_7_0",0.0491275878896679,1,2.35,7
"SSP5_8_5",0.0523723167620613,1,2.35,7
"SSP1_1_9",0.0225818466579079,1,2.5,7
"SSP1_2_6",0.0227135998947303,1,2.5,7
"SSP2_4_5",0.056930191189216,1,2.5,7
"SSP3_7_0",0.0508144576529785,1,2.5,7
"SSP5_8_5",0.0557031500581517,1,2.5,7
"SSP1_1_9",0.0234445385460166,1,2.5,7
"SSP1_2_6",0.0253584146403862,1,2.5,7
"SSP2_4_5",0.0589137340293132,1,2.5,7
"SSP3_7_0",0.05259096766804,1,2.5,7
"SSP5_8_5",0.0588246041501031,1,2.5,7
"SSP1_1_9",0.0252679459417335,1,2.35,7
"SSP1_2_6",0.022253031284845,1,2.35,7
"SSP2_4_5",0.0588369519576626,1,2.35,7
"SSP3_7_0",0.0511670069776863,1,2.35,7
"SSP5_8_5",0.0548530194468938,1,2.35,7
"SSP1_1_9",0.0256685566001898,1,2.5,7
"SSP1_2_6",0.0237581640588767,1,2.5,7
"SSP2_4_5",0.0600698353994412,1,2.5,7
"SSP3_7_0",0.0528404593266152,1,2.5,7
"SSP5_8_5",0.0581543242040172,1,2.5,7
"SSP1_1_9",0.0265257548101189,1,2.5,7
"SSP1_2_6",0.0263971865077477,1,2.5,7
"SSP2_4_5",0.0620400712692187,1,2.5,7
"SSP3_7_0",0.0546019370851246,1,2.5,7
"SSP5_8_5",0.0612468309612039,1,2.5,7
"SSP1_1_9",0.0284289447313886,1,2.5,7
"SSP1_2_6",0.0277581125584638,1,2.5,7
"SSP2_4_5",0.0651800416083377,1,2.5,7
"SSP3_7_0",0.056527861838517,1,2.5,7
"SSP5_8_5",0.0639109509536741,1,2.5,7
"SSP1_1_9",0.0201954141314898,1,2.2,7
"SSP1_2_6",0.0178586925066146,1,2.2,7
"SSP2_4_5",0.0531580451498153,1,2.2,7
"SSP3_7_0",0.0473861944429271,1,2.2,7
"SSP5_8_5",0.0483953776842458,1,2.2,7
"SSP1_1_9",0.0210623291329277,1,2.35,7
"SSP1_2_6",0.0205288910488571,1,2.35,7
"SSP2_4_5",0.0551570858503677,1,2.35,7
"SSP3_7_0",0.0491812552673456,1,2.35,7
"SSP5_8_5",0.0515818181854896,1,2.35,7
"SSP1_1_9",0.0214664049545347,1,2.5,7
"SSP1_2_6",0.0220388317796999,1,2.5,7
"SSP2_4_5",0.0563994160898343,1,2.5,7
"SSP3_7_0",0.0508649529942231,1,2.5,7
"SSP5_8_5",0.0549140811598659,1,2.5,7
"SSP1_1_9",0.0229870132945165,1,2.35,7
"SSP1_2_6",0.021905966902565,1,2.35,7
"SSP2_4_5",0.0583428249515451,1,2.35,7
"SSP3_7_0",0.0511462238291936,1,2.35,7
"SSP5_8_5",0.0543341260685484,1,2.35,7
"SSP1_1_9",0.0233894854374152,1,2.5,7
"SSP1_2_6",0.0234116045372512,1,2.5,7
"SSP2_4_5",0.0595767310663254,1,2.5,7
"SSP3_7_0",0.0528179641392988,1,2.5,7
"SSP5_8_5",0.0576365303652458,1,2.5,7
"SSP1_1_9",0.0242506784653319,1,2.5,7
"SSP1_2_6",0.0260515057805909,1,2.5,7
"SSP2_4_5",0.0615485968621806,1,2.5,7
"SSP3_7_0",0.0545776613235671,1,2.5,7
"SSP5_8_5",0.0607303833936304,1,2.5,7
"SSP1_1_9",0.0260709507202804,1,2.35,7
"SSP1_2_6",0.0229518690280453,1,2.35,7
"SSP2_4_5",0.0614722172319295,1,2.35,7
"SSP3_7_0",0.0531641832611228,1,2.35,7
"SSP5_8_5",0.0567898582586231,1,2.35,7
"SSP1_1_9",0.0264708695071766,1,2.5,7
"SSP1_2_6",0.0244541944186616,1,2.5,7
"SSP2_4_5",0.0626978473973046,1,2.5,7
"SSP3_7_0",0.0548227118650038,1,2.5,7
"SSP5_8_5",0.0600631724827304,1,2.5,7
"SSP1_1_9",0.027326583279935,1,2.5,7
"SSP1_2_6",0.0270883208051843,1,2.5,7
"SSP2_4_5",0.0646565251234356,1,2.5,7
"SSP3_7_0",0.0565676118107414,1,2.5,7
"SSP5_8_5",0.0631285129400694,1,2.5,7
"SSP1_1_9",0.0292264893360686,1,2.5,7
"SSP1_2_6",0.0284467161172517,1,2.5,7
"SSP2_4_5",0.0677781322771977,1,2.5,7
"SSP3_7_0",0.0584746146864523,1,2.5,7
"SSP5_8_5",0.0657679193625377,1,2.5,7
"SSP1_1_9",0.0277215375470854,1,2.35,7
"SSP1_2_6",0.0238169805884873,1,2.35,7
"SSP2_4_5",0.0643005080094546,1,2.35,7
"SSP3_7_0",0.0552544433942664,1,2.35,7
"SSP5_8_5",0.0589654785617808,1,2.35,7
"SSP1_1_9",0.0281200846706652,1,2.5,7
"SSP1_2_6",0.025316328438927,1,2.5,7
"SSP2_4_5",0.0655185882071158,1,2.5,7
"SSP3_7_0",0.0568986567364046,1,2.5,7
"SSP5_8_5",0.0622106904319016,1,2.5,7
"SSP1_1_9",0.0289728550732088,1,2.5,7
"SSP1_2_6",0.0279452628872245,1,2.5,7
"SSP2_4_5",0.0674652345879652,1,2.5,7
"SSP3_7_0",0.0586275797498825,1,2.5,7
"SSP5_8_5",0.0652486225484008,1,2.5,7
"SSP1_1_9",0.0308662499396001,1,2.5,7
"SSP1_2_6",0.0293009716147086,1,2.5,7
"SSP2_4_5",0.0705677249777811,1,2.5,7
"SSP3_7_0",0.0605162772537837,1,2.5,7
"SSP5_8_5",0.0678629288167396,1,2.5,7
"SSP1_1_9",0.0339003667187114,1,2.5,7
"SSP1_2_6",0.0303304308998506,1,2.5,7
"SSP2_4_5",0.0736153315225841,1,2.5,7
"SSP3_7_0",0.0624508569760183,1,2.5,7
"SSP5_8_5",0.0701858475748567,1,2.5,7
"SSP1_1_9",0.0129566488763745,1,2.05,7
"SSP1_2_6",0.0141418542118718,1,2.05,7
"SSP2_4_5",0.0428375037488901,1,2.05,7
"SSP3_7_0",0.0395702273284527,1,2.05,7
"SSP5_8_5",0.0390578559641546,1,2.05,7
"SSP1_1_9",0.0149127076211284,1,2.2,7
"SSP1_2_6",0.0155350445956563,1,2.2,7
"SSP2_4_5",0.0461039055453216,1,2.2,7
"SSP3_7_0",0.0416092217127922,1,2.2,7
"SSP5_8_5",0.0419350872113386,1,2.2,7
"SSP1_1_9",0.015788681920904,1,2.35,7
"SSP1_2_6",0.0182138643275454,1,2.35,7
"SSP2_4_5",0.0481309251048969,1,2.35,7
"SSP3_7_0",0.0434414672875984,1,2.35,7
"SSP5_8_5",0.0451895253339322,1,2.35,7
"SSP1_1_9",0.0161969621864299,1,2.5,7
"SSP1_2_6",0.0197286999832353,1,2.5,7
"SSP2_4_5",0.0493906361278071,1,2.5,7
"SSP3_7_0",0.0451573617033584,1,2.5,7
"SSP5_8_5",0.0485885168146113,1,2.5,7
"SSP1_1_9",0.0180465951194652,1,2.2,7
"SSP1_2_6",0.0165933773496724,1,2.2,7
"SSP2_4_5",0.0493125615320138,1,2.2,7
"SSP3_7_0",0.0437085727911743,1,2.2,7
"SSP5_8_5",0.0445115927035343,1,2.2,7
"SSP1_1_9",0.0189169505268384,1,2.35,7
"SSP1_2_6",0.0192662975439524,1,2.35,7
"SSP2_4_5",0.0513258432685331,1,2.35,7
"SSP3_7_0",0.0455250627562295,1,2.35,7
"SSP5_8_5",0.0477351392455615,1,2.35,7
"SSP1_1_9",0.0193226227325469,1,2.5,7
"SSP1_2_6",0.0207777929127995,1,2.5,7
"SSP2_4_5",0.0525770221415983,1,2.5,7
"SSP3_7_0",0.0472271730962725,1,2.5,7
"SSP5_8_5",0.0511036232477883,1,2.5,7
"SSP1_1_9",0.020849244264114,1,2.35,7
"SSP1_2_6",0.0206448010585438,1,2.35,7
"SSP2_4_5",0.0545342169200189,1,2.35,7
"SSP3_7_0",0.0475150595126183,1,2.35,7
"SSP5_8_5",0.050522362875104,1,2.35,7
"SSP1_1_9",0.0212533036650368,1,2.5,7
"SSP1_2_6",0.0221519900677827,1,2.5,7
"SSP2_4_5",0.0557768862271944,1,2.5,7
"SSP3_7_0",0.0492050099934605,1,2.5,7
"SSP5_8_5",0.0538604765724603,1,2.5,7
"SSP1_1_9",0.0221179044865245,1,2.5,7
"SSP1_2_6",0.0247945902731139,1,2.5,7
"SSP2_4_5",0.0577627175220608,1,2.5,7
"SSP3_7_0",0.0509855308080574,1,2.5,7
"SSP5_8_5",0.0569898513039253,1,2.5,7
"SSP1_1_9",0.0197240218916685,1,2.2,7
"SSP1_2_6",0.0174697870045494,1,2.2,7
"SSP2_4_5",0.0522132131560971,1,2.2,7
"SSP3_7_0",0.0458867409030243,1,2.2,7
"SSP5_8_5",0.046803063243068,1,2.2,7
"SSP1_1_9",0.0205913589391854,1,2.35,7
"SSP1_2_6",0.0201373998885149,1,2.35,7
"SSP2_4_5",0.0542139614190187,1,2.35,7
"SSP3_7_0",0.0476862108797052,1,2.35,7
"SSP5_8_5",0.0499968767200368,1,2.35,7
"SSP1_1_9",0.0209956301027188,1,2.5,7
"SSP1_2_6",0.0216458916228629,1,2.5,7
"SSP2_4_5",0.0554573562968642,1,2.5,7
"SSP3_7_0",0.0493733822087595,1,2.5,7
"SSP5_8_5",0.0533358718271425,1,2.5,7
"SSP1_1_9",0.0225169759641531,1,2.35,7
"SSP1_2_6",0.0215131570616353,1,2.35,7
"SSP2_4_5",0.0574024227105935,1,2.35,7
"SSP3_7_0",0.0496566795524647,1,2.35,7
"SSP5_8_5",0.0527567963762378,1,2.35,7
"SSP1_1_9",0.0229196426760808,1,2.5,7
"SSP1_2_6",0.0230173556788886,1,2.5,7
"SSP2_4_5",0.0586373875185355,1,2.5,7
"SSP3_7_0",0.0513318683245173,1,2.5,7
"SSP5_8_5",0.0560658688874109,1,2.5,7
"SSP1_1_9",0.0237812549813691,1,2.5,7
"SSP1_2_6",0.0256547416153557,1,2.5,7
"SSP2_4_5",0.0606109417196869,1,2.5,7
"SSP3_7_0",0.0530958975609815,1,2.5,7
"SSP5_8_5",0.0591668976131575,1,2.5,7
"SSP1_1_9",0.0256023969217283,1,2.35,7
"SSP1_2_6",0.0225580738401298,1,2.35,7
"SSP2_4_5",0.0605345141820638,1,2.35,7
"SSP3_7_0",0.0516811661257962,1,2.35,7
"SSP5_8_5",0.0552205573680231,1,2.35,7
"SSP1_1_9",0.0260025090516699,1,2.5,7
"SSP1_2_6",0.0240589678578408,1,2.5,7
"SSP2_4_5",0.0617611971583151,1,2.5,7
"SSP3_7_0",0.0533431134163806,1,2.5,7
"SSP5_8_5",0.0585004726358291,1,2.5,7
"SSP1_1_9",0.0268586394616412,1,2.5,7
"SSP1_2_6",0.026690592223541,1,2.5,7
"SSP2_4_5",0.0637215539209138,1,2.5,7
"SSP3_7_0",0.0550923080317357,1,2.5,7
"SSP5_8_5",0.0615729167595188,1,2.5,7
"SSP1_1_9",0.0287594664427696,1,2.5,7
"SSP1_2_6",0.0280477119615078,1,2.5,7
"SSP2_4_5",0.0668458378784668,1,2.5,7
"SSP3_7_0",0.0570046684441987,1,2.5,7
"SSP5_8_5",0.064219657863904,1,2.5,7
"SSP1_1_9",0.0205361795675941,1,2.2,7
"SSP1_2_6",0.0181760524962803,1,2.2,7
"SSP2_4_5",0.0548838825175696,1,2.2,7
"SSP3_7_0",0.0479267316730155,1,2.2,7
"SSP5_8_5",0.0488055942618876,1,2.2,7
"SSP1_1_9",0.0214020059093945,1,2.35,7
"SSP1_2_6",0.0208386875201919,1,2.35,7
"SSP2_4_5",0.0568728074712494,1,2.35,7
"SSP3_7_0",0.0497090720392476,1,2.35,7
"SSP5_8_5",0.0519707970280685,1,2.35,7
"SSP1_1_9",0.0218055757709532,1,2.5,7
"SSP1_2_6",0.0223443641041698,1,2.5,7
"SSP2_4_5",0.058108859869144,1,2.5,7
"SSP3_7_0",0.0513811322920649,1,2.5,7
"SSP5_8_5",0.0552812844508798,1,2.5,7
"SSP1_1_9",0.0233242810873669,1,2.35,7
"SSP1_2_6",0.0222118715815713,1,2.35,7
"SSP2_4_5",0.0600424854126133,1,2.35,7
"SSP3_7_0",0.051659968452795,1,2.35,7
"SSP5_8_5",0.0547046267093664,1,2.35,7
"SSP1_1_9",0.0237262507201141,1,2.5,7
"SSP1_2_6",0.0237132679581679,1,2.5,7
"SSP2_4_5",0.0612701831567711,1,2.5,7
"SSP3_7_0",0.0533202272434886,1,2.5,7
"SSP5_8_5",0.057985629721725,1,2.5,7
"SSP1_1_9",0.0245863674056539,1,2.5,7
"SSP1_2_6",0.026345766772202,1,2.5,7
"SSP2_4_5",0.0632321572734434,1,2.5,7
"SSP3_7_0",0.0550676661573081,1,2.5,7
"SSP5_8_5",0.06105940545878,1,2.5,7
"SSP1_1_9",0.0264043809605024,1,2.35,7
"SSP1_2_6",0.0232548147515277,1,2.35,7
"SSP2_4_5",0.0631561289401246,1,2.35,7
"SSP3_7_0",0.053663284111419,1,2.35,7
"SSP5_8_5",0.0571437386208948,1,2.35,7
"SSP1_1_9",0.0268038027090241,1,2.5,7
"SSP1_2_6",0.0247529164859165,1,2.5,7
"SSP2_4_5",0.0643756187678285,1,2.5,7
"SSP3_7_0",0.0553105031816957,1,2.5,7
"SSP5_8_5",0.0603960147301892,1,2.5,7
"SSP1_1_9",0.0276584518782891,1,2.5,7
"SSP1_2_6",0.0273796710326355,1,2.5,7
"SSP2_4_5",0.0663245129850986,1,2.5,7
"SSP3_7_0",0.0570433379828548,1,2.5,7
"SSP5_8_5",0.0634416326066602,1,2.5,7
"SSP1_1_9",0.0295560020500218,1,2.5,7
"SSP1_2_6",0.0287342735626649,1,2.5,7
"SSP2_4_5",0.0694305851492092,1,2.5,7
"SSP3_7_0",0.0589370255687792,1,2.5,7
"SSP5_8_5",0.0660639689991009,1,2.5,7
"SSP1_1_9",0.0280529141037127,1,2.35,7
"SSP1_2_6",0.0241174350879204,1,2.35,7
"SSP2_4_5",0.06597011545034,1,2.35,7
"SSP3_7_0",0.0557382977480925,1,2.35,7
"SSP5_8_5",0.0593045125066971,1,2.35,7
"SSP1_1_9",0.0284509671222227,1,2.5,7
"SSP1_2_6",0.0256125751547139,1,2.5,7
"SSP2_4_5",0.0671821173106733,1,2.5,7
"SSP3_7_0",0.0573713871124955,1,2.5,7
"SSP5_8_5",0.0625290355104614,1,2.5,7
"SSP1_1_9",0.0293026792141011,1,2.5,7
"SSP1_2_6",0.0282341653484995,1,2.5,7
"SSP2_4_5",0.0691190787627498,1,2.5,7
"SSP3_7_0",0.0590884526792834,1,2.5,7
"SSP5_8_5",0.0655475845448259,1,2.5,7
"SSP1_1_9",0.0311937320867329,1,2.5,7
"SSP1_2_6",0.0295860955316495,1,2.5,7
"SSP2_4_5",0.0722061902918854,1,2.5,7
"SSP3_7_0",0.0609640729330519,1,2.5,7
"SSP5_8_5",0.0681451309824845,1,2.5,7
"SSP1_1_9",0.0342241175695642,1,2.5,7
"SSP1_2_6",0.0306126829293121,1,2.5,7
"SSP2_4_5",0.0752387162883669,1,2.5,7
"SSP3_7_0",0.062885095660436,1,2.5,7
"SSP5_8_5",0.0704530776273111,1,2.5,7
"SSP1_1_9",0.0207943930828242,1,2.2,7
"SSP1_2_6",0.0184114841062935,1,2.2,7
"SSP2_4_5",0.0568463043663656,1,2.2,7
"SSP3_7_0",0.0495039237367004,1,2.2,7
"SSP5_8_5",0.0502770425332744,1,2.2,7
"SSP1_1_9",0.021659522847863,1,2.35,7
"SSP1_2_6",0.0210704030639129,1,2.35,7
"SSP2_4_5",0.0588257555618785,1,2.35,7
"SSP3_7_0",0.0512711103897005,1,2.35,7
"SSP5_8_5",0.0534173017018755,1,2.35,7
"SSP1_1_9",0.0220627690658235,1,2.5,7
"SSP1_2_6",0.0225739831952774,1,2.5,7
"SSP2_4_5",0.0600559258966895,1,2.5,7
"SSP3_7_0",0.0529296969244219,1,2.5,7
"SSP5_8_5",0.0567027665121166,1,2.5,7
"SSP1_1_9",0.0235802567578489,1,2.35,7
"SSP1_2_6",0.0224416731403579,1,2.35,7
"SSP2_4_5",0.061980385521752,1,2.35,7
"SSP3_7_0",0.053204807184128,1,2.35,7
"SSP5_8_5",0.0561286229714989,1,2.35,7
"SSP1_1_9",0.0239819048863419,1,2.5,7
"SSP1_2_6",0.0239409839486875,1,2.5,7
"SSP2_4_5",0.0632022630748814,1,2.5,7
"SSP3_7_0",0.0548517567502376,1,2.5,7
"SSP5_8_5",0.0593849960656573,1,2.5,7
"SSP1_1_9",0.0248413326343525,1,2.5,7
"SSP1_2_6",0.0265698432805423,1,2.5,7
"SSP2_4_5",0.0651549629827409,1,2.5,7
"SSP3_7_0",0.05658453122889,1,2.5,7
"SSP5_8_5",0.0624350451812562,1,2.5,7
"SSP1_1_9",0.026657901643689,1,2.35,7
"SSP1_2_6",0.0234831583482478,1,2.35,7
"SSP2_4_5",0.0650792578432026,1,2.35,7
"SSP3_7_0",0.0551896619777606,1,2.35,7
"SSP5_8_5",0.0585466933007082,1,2.35,7
"SSP1_1_9",0.0270570052811477,1,2.5,7
"SSP1_2_6",0.0249791828893609,1,2.5,7
"SSP2_4_5",0.0662929881045395,1,2.5,7
"SSP3_7_0",0.0568237546581577,1,2.5,7
"SSP5_8_5",0.0617747240056534,1,2.5,7
"SSP1_1_9",0.0279109727936548,1,2.5,7
"SSP1_2_6",0.0276023125085247,1,2.5,7
"SSP2_4_5",0.0682327045148874,1,2.5,7
"SSP3_7_0",0.0585421330670011,1,2.5,7
"SSP5_8_5",0.0647969951294144,1,2.5,7
"SSP1_1_9",0.0298070146304695,1,2.5,7
"SSP1_2_6",0.0289550481466275,1,2.5,7
"SSP2_4_5",0.0713241975241161,1,2.5,7
"SSP3_7_0",0.0604194336145721,1,2.5,7
"SSP5_8_5",0.0673983251716798,1,2.5,7
"SSP1_1_9",0.0283051198106537,1,2.35,7
"SSP1_2_6",0.0243445384530838,1,2.35,7
"SSP2_4_5",0.0678797951723299,1,2.35,7
"SSP3_7_0",0.0572450441426184,1,2.35,7
"SSP5_8_5",0.0606879164016091,1,2.35,7
"SSP1_1_9",0.0287028565377754,1,2.5,7
"SSP1_2_6",0.0258376088995447,1,2.5,7
"SSP2_4_5",0.0690860927741595,1,2.5,7
"SSP3_7_0",0.0588652053874712,1,2.5,7
"SSP5_8_5",0.0638885668030847,1,2.5,7
"SSP1_1_9",0.0295538908772948,1,2.5,7
"SSP1_2_6",0.0284555873270143,1,2.5,7
"SSP2_4_5",0.071013964368113,1,2.5,7
"SSP3_7_0",0.0605680396516627,1,2.5,7
"SSP5_8_5",0.066884136120989,1,2.5,7
"SSP1_1_9",0.0314434440335057,1,2.5,7
"SSP1_2_6",0.0298056574139133,1,2.5,7
"SSP2_4_5",0.0740866360713632,1,2.5,7
"SSP3_7_0",0.0624275337337563,1,2.5,7
"SSP5_8_5",0.0694610172649452,1,2.5,7
"SSP1_1_9",0.03447144043707,1,2.5,7
"SSP1_2_6",0.030830828304818,1,2.5,7
"SSP2_4_5",0.0771049867851107,1,2.5,7
"SSP3_7_0",0.0643312805935689,1,2.5,7
"SSP5_8_5",0.071749711837517,1,2.5,7
"SSP1_1_9",0.029102168043532,1,2.35,7
"SSP1_2_6",0.0250368989843217,1,2.35,7
"SSP2_4_5",0.070456112941856,1,2.35,7
"SSP3_7_0",0.0591628769185741,1,2.35,7
"SSP5_8_5",0.0625482363219084,1,2.35,7
"SSP1_1_9",0.0294992207172499,1,2.5,7
"SSP1_2_6",0.0265272022076018,1,2.5,7
"SSP2_4_5",0.0716554012157819,1,2.5,7
"SSP3_7_0",0.0607689532575903,1,2.5,7
"SSP5_8_5",0.0657224346246094,1,2.5,7
"SSP1_1_9",0.0303487873996197,1,2.5,7
"SSP1_2_6",0.029140354367827,1,2.5,7
"SSP2_4_5",0.0735721025771479,1,2.5,7
"SSP3_7_0",0.0624561586232392,1,2.5,7
"SSP5_8_5",0.0686923471825617,1,2.5,7
"SSP1_1_9",0.0322350937302913,1,2.5,7
"SSP1_2_6",0.0304879297488622,1,2.5,7
"SSP2_4_5",0.076627025600593,1,2.5,7
"SSP3_7_0",0.0642978274933286,1,2.5,7
"SSP5_8_5",0.0712459112785822,1,2.5,7
"SSP1_1_9",0.0352579197713611,1,2.5,7
"SSP1_2_6",0.0315111874582912,1,2.5,7
"SSP2_4_5",0.0796279424461974,1,2.5,7
"SSP3_7_0",0.0661823327735592,1,2.5,7
"SSP5_8_5",0.0735126496078036,1,2.5,7
"SSP1_1_9",0.0368756899273999,1,2.5,7
"SSP1_2_6",0.0323562355146036,1,2.5,7
"SSP2_4_5",0.0823391328909295,1,2.5,7
"SSP3_7_0",0.0681298766849797,1,2.5,7
"SSP5_8_5",0.0755097392009283,1,2.5,7
"SSP1_1_9",0.0131212599958388,1,2.05,7
"SSP1_2_6",0.0142359501183005,1,2.05,7
"SSP2_4_5",0.0432641145299674,1,2.05,7
"SSP3_7_0",0.0372980263669202,1,2.05,7
"SSP5_8_5",0.0367423105145698,1,2.05,7
"SSP1_1_9",0.0150743666581869,1,2.2,7
"SSP1_2_6",0.0156209124375479,1,2.2,7
"SSP2_4_5",0.0465039143977407,1,2.2,7
"SSP3_7_0",0.039333552623245,1,2.2,7
"SSP5_8_5",0.0396138524734495,1,2.2,7
"SSP1_1_9",0.0159490217135795,1,2.35,7
"SSP1_2_6",0.0182839788055395,1,2.35,7
"SSP2_4_5",0.0485166426143192,1,2.35,7
"SSP3_7_0",0.0411618494919554,1,2.35,7
"SSP5_8_5",0.0428600025653111,1,2.35,7
"SSP1_1_9",0.0163566882872011,1,2.5,7
"SSP1_2_6",0.0197899429431197,1,2.5,7
"SSP2_4_5",0.0497699011212807,1,2.5,7
"SSP3_7_0",0.0428731026981131,1,2.5,7
"SSP5_8_5",0.0462491029997002,1,2.5,7
"SSP1_1_9",0.0182035501844209,1,2.2,7
"SSP1_2_6",0.0166730077228351,1,2.2,7
"SSP2_4_5",0.0496600955510797,1,2.2,7
"SSP3_7_0",0.0414307746354237,1,2.2,7
"SSP5_8_5",0.0421872339333181,1,2.2,7
"SSP1_1_9",0.0190726022866187,1,2.35,7
"SSP1_2_6",0.0193302432242877,1,2.35,7
"SSP2_4_5",0.0516593005182762,1,2.35,7
"SSP3_7_0",0.043243439634302,1,2.35,7
"SSP5_8_5",0.045402742383683,1,2.35,7
"SSP1_1_9",0.0194776681904039,1,2.5,7
"SSP1_2_6",0.0208329058328811,1,2.5,7
"SSP2_4_5",0.0529041519189313,1,2.5,7
"SSP3_7_0",0.0449410216164411,1,2.5,7
"SSP5_8_5",0.0487615882436592,1,2.5,7
"SSP1_1_9",0.0210020113566982,1,2.35,7
"SSP1_2_6",0.0207006896231417,1,2.35,7
"SSP2_4_5",0.0548418546398134,1,2.35,7
"SSP3_7_0",0.0452303512536626,1,2.35,7
"SSP5_8_5",0.0481849999882713,1,2.35,7
"SSP1_1_9",0.0214054690098347,1,2.5,7
"SSP1_2_6",0.0221990957417228,1,2.5,7
"SSP2_4_5",0.0560782857341722,1,2.5,7
"SSP3_7_0",0.0469158747332608,1,2.5,7
"SSP5_8_5",0.0515137319826511,1,2.5,7
"SSP1_1_9",0.0222687827792326,1,2.5,7
"SSP1_2_6",0.024826362367121,1,2.5,7
"SSP2_4_5",0.0580503419483964,1,2.5,7
"SSP3_7_0",0.0486928662341711,1,2.5,7
"SSP5_8_5",0.0546358652519424,1,2.5,7
"SSP1_1_9",0.019878466901955,1,2.2,7
"SSP1_2_6",0.0175442506469779,1,2.2,7
"SSP2_4_5",0.0524752214569317,1,2.2,7
"SSP3_7_0",0.0436078068978371,1,2.2,7
"SSP5_8_5",0.0444778036565658,1,2.2,7
"SSP1_1_9",0.020744509179668,1,2.35,7
"SSP1_2_6",0.0201962405469087,1,2.35,7
"SSP2_4_5",0.0544621681258431,1,2.35,7
"SSP3_7_0",0.0454035814079648,1,2.35,7
"SSP5_8_5",0.0476638095894886,1,2.35,7
"SSP1_1_9",0.0211481779987023,1,2.5,7
"SSP1_2_6",0.0216959343311546,1,2.5,7
"SSP2_4_5",0.055699398959871,1,2.5,7
"SSP3_7_0",0.0470863434658854,1,2.5,7
"SSP5_8_5",0.0509934021189893,1,2.5,7
"SSP1_1_9",0.0226672603770691,1,2.35,7
"SSP1_2_6",0.0215639724363252,1,2.35,7
"SSP2_4_5",0.057625257833586,1,2.35,7
"SSP3_7_0",0.0473711057280097,1,2.35,7
"SSP5_8_5",0.0504189596760866,1,2.35,7
"SSP1_1_9",0.0230693292639748,1,2.5,7
"SSP1_2_6",0.0230594227441952,1,2.5,7
"SSP2_4_5",0.0588541461217788,1,2.5,7
"SSP3_7_0",0.0490419841082232,1,2.5,7
"SSP5_8_5",0.0537188798192646,1,2.5,7
"SSP1_1_9",0.0239296629287017,1,2.5,7
"SSP1_2_6",0.0256815352014339,1,2.5,7
"SSP2_4_5",0.0608141947350886,1,2.5,7
"SSP3_7_0",0.0508026061969513,1,2.5,7
"SSP5_8_5",0.0568128783100286,1,2.5,7
"SSP1_1_9",0.0257481141586497,1,2.35,7
"SSP1_2_6",0.0226028075174722,1,2.35,7
"SSP2_4_5",0.0607063979860132,1,2.35,7
"SSP3_7_0",0.0493940052590604,1,2.35,7
"SSP5_8_5",0.0528804300623905,1,2.35,7
"SSP1_1_9",0.0261476356316889,1,2.5,7
"SSP1_2_6",0.0240949913669084,1,2.5,7
"SSP2_4_5",0.0619271242922564,1,2.5,7
"SSP3_7_0",0.0510517474633156,1,2.5,7
"SSP5_8_5",0.0561514271194642,1,2.5,7
"SSP1_1_9",0.0270025027718905,1,2.5,7
"SSP1_2_6",0.0267114085401534,1,2.5,7
"SSP2_4_5",0.0638741790086935,1,2.5,7
"SSP3_7_0",0.0527976459919569,1,2.5,7
"SSP5_8_5",0.0592170589401251,1,2.5,7
"SSP1_1_9",0.028900533456049,1,2.5,7
"SSP1_2_6",0.0280607176641169,1,2.5,7
"SSP2_4_5",0.0669739180093218,1,2.5,7
"SSP3_7_0",0.0547075044562741,1,2.5,7
"SSP5_8_5",0.0618599105220235,1,2.5,7
"SSP1_1_9",0.0206894030255217,1,2.2,7
"SSP1_2_6",0.0182463419673091,1,2.2,7
"SSP2_4_5",0.0549710464361648,1,2.2,7
"SSP3_7_0",0.0456484738423765,1,2.2,7
"SSP5_8_5",0.0464816829309794,1,2.2,7
"SSP1_1_9",0.0215539388697442,1,2.35,7
"SSP1_2_6",0.0208934118378996,1,2.35,7
"SSP2_4_5",0.0569466280029749,1,2.35,7
"SSP3_7_0",0.047427243136816,1,2.35,7
"SSP5_8_5",0.0496392897199221,1,2.35,7
"SSP1_1_9",0.0219569083677898,1,2.5,7
"SSP1_2_6",0.0223903230666313,1,2.5,7
"SSP2_4_5",0.0581767940308498,1,2.5,7
"SSP3_7_0",0.0490950100470891,1,2.5,7
"SSP5_8_5",0.0529405932026091,1,2.5,7
"SSP1_1_9",0.0234733576501045,1,2.35,7
"SSP1_2_6",0.0222586004117166,1,2.35,7
"SSP2_4_5",0.060091673603888,1,2.35,7
"SSP3_7_0",0.0493753286800912,1,2.35,7
"SSP5_8_5",0.0523685263911358,1,2.35,7
"SSP1_1_9",0.023874731421309,1,2.5,7
"SSP1_2_6",0.0237512808509196,1,2.5,7
"SSP2_4_5",0.0613135700326641,1,2.5,7
"SSP3_7_0",0.0510313905253335,1,2.5,7
"SSP5_8_5",0.0556405896963974,1,2.5,7
"SSP1_1_9",0.0247335736759633,1,2.5,7
"SSP1_2_6",0.0263685624499924,1,2.5,7
"SSP2_4_5",0.0632624887233238,1,2.5,7
"SSP3_7_0",0.052775539348832,1,2.5,7
"SSP5_8_5",0.0587075282256354,1,2.5,7
"SSP1_1_9",0.0265489053036263,1,2.35,7
"SSP1_2_6",0.0232954846943905,1,2.35,7
"SSP2_4_5",0.063155174350763,1,2.35,7
"SSP3_7_0",0.0513771908822522,1,2.35,7
"SSP5_8_5",0.0548054991212688,1,2.35,7
"SSP1_1_9",0.0269477383310518,1,2.5,7
"SSP1_2_6",0.0247849084608867,1,2.5,7
"SSP2_4_5",0.06436898008052,1,2.5,7
"SSP3_7_0",0.0530203156075123,1,2.5,7
"SSP5_8_5",0.0580490639608188,1,2.5,7
"SSP1_1_9",0.027801128380858,1,2.5,7
"SSP1_2_6",0.0273965117820766,1,2.5,7
"SSP2_4_5",0.0663050181503825,1,2.5,7
"SSP3_7_0",0.0547499683857848,1,2.5,7
"SSP5_8_5",0.0610880570641604,1,2.5,7
"SSP1_1_9",0.0296958914169857,1,2.5,7
"SSP1_2_6",0.0287433325325701,1,2.5,7
"SSP2_4_5",0.0693872648845252,1,2.5,7
"SSP3_7_0",0.05664127571715,1,2.5,7
"SSP5_8_5",0.0637066585150446,1,2.5,7
"SSP1_1_9",0.0281950096547931,1,2.35,7
"SSP1_2_6",0.0241530981249566,1,2.35,7
"SSP2_4_5",0.0658863343705737,1,2.35,7
"SSP3_7_0",0.0534517631521336,1,2.35,7
"SSP5_8_5",0.056966250389074,1,2.35,7
"SSP1_1_9",0.0285924777760406,1,2.5,7
"SSP1_2_6",0.0256395943101039,1,2.5,7
"SSP2_4_5",0.0670928071485545,1,2.5,7
"SSP3_7_0",0.0550808662898334,1,2.5,7
"SSP5_8_5",0.0601822743449502,1,2.5,7
"SSP1_1_9",0.0294429389477488,1,2.5,7
"SSP1_2_6",0.0282460925213281,1,2.5,7
"SSP2_4_5",0.0690171711044628,1,2.5,7
"SSP3_7_0",0.0567948625955884,1,2.5,7
"SSP5_8_5",0.0631943933898852,1,2.5,7
"SSP1_1_9",0.0313312227839842,1,2.5,7
"SSP1_2_6",0.0295902714842085,1,2.5,7
"SSP2_4_5",0.0720808786305834,1,2.5,7
"SSP3_7_0",0.0586682242952389,1,2.5,7
"SSP5_8_5",0.0657883686908015,1,2.5,7
"SSP1_1_9",0.0343571946162908,1,2.5,7
"SSP1_2_6",0.0306109876211777,1,2.5,7
"SSP2_4_5",0.0750648071421148,1,2.5,7
"SSP3_7_0",0.0605883646446469,1,2.5,7
"SSP5_8_5",0.0680951024862774,1,2.5,7
"SSP1_1_9",0.0209471903457079,1,2.2,7
"SSP1_2_6",0.0184803310889657,1,2.2,7
"SSP2_4_5",0.0568331603753851,1,2.2,7
"SSP3_7_0",0.0472288102823823,1,2.2,7
"SSP5_8_5",0.0479571612149065,1,2.2,7
"SSP1_1_9",0.021811031614224,1,2.35,7
"SSP1_2_6",0.0211237281032477,1,2.35,7
"SSP2_4_5",0.0587995523325717,1,2.35,7
"SSP3_7_0",0.0489925282770808,1,2.35,7
"SSP5_8_5",0.0510899965929547,1,2.35,7
"SSP1_1_9",0.0222136783971577,1,2.5,7
"SSP1_2_6",0.0226185671642809,1,2.5,7
"SSP2_4_5",0.0600240065980401,1,2.5,7
"SSP3_7_0",0.0506469191007534,1,2.5,7
"SSP5_8_5",0.0543664586432412,1,2.5,7
"SSP1_1_9",0.0237289135435495,1,2.35,7
"SSP1_2_6",0.0224870248667511,1,2.35,7
"SSP2_4_5",0.0619300107423905,1,2.35,7
"SSP3_7_0",0.0509235215816536,1,2.35,7
"SSP5_8_5",0.0537968636153113,1,2.35,7
"SSP1_1_9",0.0241299667300653,1,2.5,7
"SSP1_2_6",0.0239776438348358,1,2.5,7
"SSP2_4_5",0.0631462556369678,1,2.5,7
"SSP3_7_0",0.0525663696352743,1,2.5,7
"SSP5_8_5",0.0570444729581871,1,2.5,7
"SSP1_1_9",0.0249881220163869,1,2.5,7
"SSP1_2_6",0.0265913278405606,1,2.5,7
"SSP2_4_5",0.0650861788948076,1,2.5,7
"SSP3_7_0",0.0542959499524934,1,2.5,7
"SSP5_8_5",0.0600878408413446,1,2.5,7
"SSP1_1_9",0.0268020132151516,1,2.35,7
"SSP1_2_6",0.0235224680429516,1,2.35,7
"SSP2_4_5",0.0649792631272607,1,2.35,7
"SSP3_7_0",0.0529070270553813,1,2.35,7
"SSP5_8_5",0.056212908730629,1,2.35,7
"SSP1_1_9",0.0272005290369812,1,2.5,7
"SSP1_2_6",0.0250098385690994,1,2.5,7
"SSP2_4_5",0.0661874761557034,1,2.5,7
"SSP3_7_0",0.0545371184389001,1,2.5,7
"SSP5_8_5",0.0594323991503643,1,2.5,7
"SSP1_1_9",0.0280532393689974,1,2.5,7
"SSP1_2_6",0.027617858601696,1,2.5,7
"SSP2_4_5",0.0681146122792207,1,2.5,7
"SSP3_7_0",0.0562524081362251,1,2.5,7
"SSP5_8_5",0.0624481967349202,1,2.5,7
"SSP1_1_9",0.0299464983503858,1,2.5,7
"SSP1_2_6",0.0289628338255034,1,2.5,7
"SSP2_4_5",0.0711827273397299,1,2.5,7
"SSP3_7_0",0.0581274254798048,1,2.5,7
"SSP5_8_5",0.0650459115904389,1,2.5,7
"SSP1_1_9",0.0284468063305699,1,2.35,7
"SSP1_2_6",0.0243788555642605,1,2.35,7
"SSP2_4_5",0.0676975524385381,1,2.35,7
"SSP3_7_0",0.0549620702593815,1,2.35,7
"SSP5_8_5",0.0583542007721038,1,2.35,7
"SSP1_1_9",0.0288439590583589,1,2.5,7
"SSP1_2_6",0.0258633059517667,1,2.5,7
"SSP2_4_5",0.0688984859287514,1,2.5,7
"SSP3_7_0",0.0565783357879611,1,2.5,7
"SSP5_8_5",0.0615465184186424,1,2.5,7
"SSP1_1_9",0.0296937444005153,1,2.5,7
"SSP1_2_6",0.0284662338100075,1,2.5,7
"SSP2_4_5",0.0708140328131789,1,2.5,7
"SSP3_7_0",0.0582781913311103,1,2.5,7
"SSP5_8_5",0.0645358045394521,1,2.5,7
"SSP1_1_9",0.0315805327649049,1,2.5,7
"SSP1_2_6",0.029808573925729,1,2.5,7
"SSP2_4_5",0.0738637430676259,1,2.5,7
"SSP3_7_0",0.0601355208027465,1,2.5,7
"SSP5_8_5",0.0671092303793175,1,2.5,7
"SSP1_1_9",0.0346041222508689,1,2.5,7
"SSP1_2_6",0.0308278897008201,1,2.5,7
"SSP2_4_5",0.076833999461919,1,2.5,7
"SSP3_7_0",0.0620384750568194,1,2.5,7
"SSP5_8_5",0.0693968046352581,1,2.5,7
"SSP1_1_9",0.0292426755297945,1,2.35,7
"SSP1_2_6",0.0250672029043417,1,2.35,7
"SSP2_4_5",0.0701037898342602,1,2.35,7
"SSP3_7_0",0.0568813144163881,1,2.35,7
"SSP5_8_5",0.0602167114091354,1,2.35,7
"SSP1_1_9",0.0296391461139055,1,2.5,7
"SSP1_2_6",0.0265489178381632,1,2.5,7
"SSP2_4_5",0.0712979781065476,1,2.5,7
"SSP3_7_0",0.0584835975123889,1,2.5,7
"SSP5_8_5",0.0633827689018882,1,2.5,7
"SSP1_1_9",0.030487467893283,1,2.5,7
"SSP1_2_6",0.02914707464955,1,2.5,7
"SSP2_4_5",0.0732027869971802,1,2.5,7
"SSP3_7_0",0.060167929176397,1,2.5,7
"SSP5_8_5",0.0663465715754469,1,2.5,7
"SSP1_1_9",0.0323710184702545,1,2.5,7
"SSP1_2_6",0.0304869485093022,1,2.5,7
"SSP2_4_5",0.0762354462565945,1,2.5,7
"SSP3_7_0",0.062007544976058,1,2.5,7
"SSP5_8_5",0.0688968223685458,1,2.5,7
"SSP1_1_9",0.0353894519307012,1,2.5,7
"SSP1_2_6",0.0315043728772287,1,2.5,7
"SSP2_4_5",0.0791890335581986,1,2.5,7
"SSP3_7_0",0.063891367759159,1,2.5,7
"SSP5_8_5",0.0711625594853589,1,2.5,7
"SSP1_1_9",0.0370048787708632,1,2.5,7
"SSP1_2_6",0.0323446150603377,1,2.5,7
"SSP2_4_5",0.0818206637642982,1,2.5,7
"SSP3_7_0",0.0658392572111359,1,2.5,7
"SSP5_8_5",0.0731606303442458,1,2.5,7
"SSP1_1_9",0.0212863352288044,1,2.2,7
"SSP1_2_6",0.0187931560153782,1,2.2,7
"SSP2_4_5",0.057476652324478,1,2.2,7
"SSP3_7_0",0.0477607308843312,1,2.2,7
"SSP5_8_5",0.0483628105618299,1,2.2,7
"SSP1_1_9",0.0221490950670546,1,2.35,7
"SSP1_2_6",0.0214291393342287,1,2.35,7
"SSP2_4_5",0.0594354033737145,1,2.35,7
"SSP3_7_0",0.049512168324803,1,2.35,7
"SSP5_8_5",0.0514751173190182,1,2.35,7
"SSP1_1_9",0.0225512392440162,1,2.5,7
"SSP1_2_6",0.0229197984326678,1,2.5,7
"SSP2_4_5",0.0606551128222658,1,2.5,7
"SSP3_7_0",0.0511553227863098,1,2.5,7
"SSP5_8_5",0.0547305271917214,1,2.5,7
"SSP1_1_9",0.0240645839702044,1,2.35,7
"SSP1_2_6",0.0227886211673107,1,2.35,7
"SSP2_4_5",0.062553750972568,1,2.35,7
"SSP3_7_0",0.0514295719702475,1,2.35,7
"SSP5_8_5",0.054164112927945,1,2.35,7
"SSP1_1_9",0.0244651379688184,1,2.5,7
"SSP1_2_6",0.0242750824045659,1,2.5,7
"SSP2_4_5",0.0637653088744266,1,2.5,7
"SSP3_7_0",0.0530613315942099,1,2.5,7
"SSP5_8_5",0.0573910256414001,1,2.5,7
"SSP1_1_9",0.0253222240284638,1,2.5,7
"SSP1_2_6",0.0268815091807095,1,2.5,7
"SSP2_4_5",0.0656977776598397,1,2.5,7
"SSP3_7_0",0.0547790697758605,1,2.5,7
"SSP5_8_5",0.0604149672951513,1,2.5,7
"SSP1_1_9",0.0271338713981194,1,2.35,7
"SSP1_2_6",0.023821163779598,1,2.35,7
"SSP2_4_5",0.0655912398434599,1,2.35,7
"SSP3_7_0",0.053398930361924,1,2.35,7
"SSP5_8_5",0.0565640735134499,1,2.35,7
"SSP1_1_9",0.0275318934535219,1,2.5,7
"SSP1_2_6",0.0253043936722217,1,2.5,7
"SSP2_4_5",0.0667948222392027,1,2.5,7
"SSP3_7_0",0.0550180965123948,1,2.5,7
"SSP5_8_5",0.0597632124690252,1,2.5,7
"SSP1_1_9",0.028383546189884,1,2.5,7
"SSP1_2_6",0.0279051861905893,1,2.5,7
"SSP2_4_5",0.0687145934109005,1,2.5,7
"SSP3_7_0",0.0567217273856052,1,2.5,7
"SSP5_8_5",0.0627599211199621,1,2.5,7
"SSP1_1_9",0.0302744647562855,1,2.5,7
"SSP1_2_6",0.0292464426623825,1,2.5,7
"SSP2_4_5",0.071771034316719,1,2.5,7
"SSP3_7_0",0.0585838733705187,1,2.5,7
"SSP5_8_5",0.0653411032699204,1,2.5,7
"SSP1_1_9",0.0287766243489654,1,2.35,7
"SSP1_2_6",0.0246751095422805,1,2.35,7
"SSP2_4_5",0.0682990260022289,1,2.35,7
"SSP3_7_0",0.0554392383137772,1,2.35,7
"SSP5_8_5",0.0586909880779108,1,2.35,7
"SSP1_1_9",0.029173286216733,1,2.5,7
"SSP1_2_6",0.0261554347135983,1,2.5,7
"SSP2_4_5",0.069495379812168,1,2.5,7
"SSP3_7_0",0.0570447547499349,1,2.5,7
"SSP5_8_5",0.0618632863479236,1,2.5,7
"SSP1_1_9",0.0300220201983869,1,2.5,7
"SSP1_2_6",0.0287511618542072,1,2.5,7
"SSP2_4_5",0.0714036426748052,1,2.5,7
"SSP3_7_0",0.0587331486901835,1,2.5,7
"SSP5_8_5",0.0648338065237687,1,2.5,7
"SSP1_1_9",0.0319064819113682,1,2.5,7
"SSP1_2_6",0.0300897970496709,1,2.5,7
"SSP2_4_5",0.0744418068306359,1,2.5,7
"SSP3_7_0",0.060577832915166,1,2.5,7
"SSP5_8_5",0.0673909949503135,1,2.5,7
"SSP1_1_9",0.0349263644377841,1,2.5,7
"SSP1_2_6",0.0311062968430151,1,2.5,7
"SSP2_4_5",0.077400850087338,1,2.5,7
"SSP3_7_0",0.0624676721159119,1,2.5,7
"SSP5_8_5",0.0694084443486567,1,2.5,7
"SSP1_1_9",0.0295714887718811,1,2.35,7
"SSP1_2_6",0.0253614201142641,1,2.35,7
"SSP2_4_5",0.0706958523212442,1,2.35,7
"SSP3_7_0",0.0573445137647695,1,2.35,7
"SSP5_8_5",0.0605408266379196,1,2.35,7
"SSP1_1_9",0.0299674699560514,1,2.5,7
"SSP1_2_6",0.0268390243602528,1,2.5,7
"SSP2_4_5",0.0718855081346187,1,2.5,7
"SSP3_7_0",0.0589362252987619,1,2.5,7
"SSP5_8_5",0.0636871843108026,1,2.5,7
"SSP1_1_9",0.0308147435069131,1,2.5,7
"SSP1_2_6",0.0294300057068867,1,2.5,7
"SSP2_4_5",0.0737831080020849,1,2.5,7
"SSP3_7_0",0.0606092931685056,1,2.5,7
"SSP5_8_5",0.0666325302521203,1,2.5,7
"SSP1_1_9",0.0326959743461636,1,2.5,7
"SSP1_2_6",0.0307661876674596,1,2.5,7
"SSP2_4_5",0.0768043398178535,1,2.5,7
"SSP3_7_0",0.0624364896326969,1,2.5,7
"SSP5_8_5",0.0689490085502251,1,2.5,7
"SSP1_1_9",0.0357107118142911,1,2.5,7
"SSP1_2_6",0.0317808060333785,1,2.5,7
"SSP2_4_5",0.0797468295480351,1,2.5,7
"SSP3_7_0",0.0643074415277622,1,2.5,7
"SSP5_8_5",0.0708430990132518,1,2.5,7
"SSP1_1_9",0.037324160810308,1,2.5,7
"SSP1_2_6",0.0326186914738848,1,2.5,7
"SSP2_4_5",0.0823685583615268,1,2.5,7
"SSP3_7_0",0.0662419629648427,1,2.5,7
"SSP5_8_5",0.0725307680529516,1,2.5,7
"SSP1_1_9",0.0298219715813474,1,2.35,7
"SSP1_2_6",0.0255847324341068,1,2.35,7
"SSP2_4_5",0.0724785913902633,1,2.35,7
"SSP3_7_0",0.058808203143128,1,2.35,7
"SSP5_8_5",0.0618864679175424,1,2.35,7
"SSP1_1_9",0.0302176394319766,1,2.5,7
"SSP1_2_6",0.0270603144146755,1,2.5,7
"SSP2_4_5",0.0736628371476107,1,2.5,7
"SSP3_7_0",0.0603876127742469,1,2.5,7
"SSP5_8_5",0.0650100724566081,1,2.5,7
"SSP1_1_9",0.0310642415703204,1,2.5,7
"SSP1_2_6",0.0296477663149332,1,2.5,7
"SSP2_4_5",0.0755518252473709,1,2.5,7
"SSP3_7_0",0.0620471410776188,1,2.5,7
"SSP5_8_5",0.0674529543535159,1,2.5,7
"SSP1_1_9",0.0329439866881548,1,2.5,7
"SSP1_2_6",0.0309821304763729,1,2.5,7
"SSP2_4_5",0.0785593847560392,1,2.5,7
"SSP3_7_0",0.0638589958625227,1,2.5,7
"SSP5_8_5",0.0695025649422299,1,2.5,7
"SSP1_1_9",0.035956357277064,1,2.5,7
"SSP1_2_6",0.0319953645517646,1,2.5,7
"SSP2_4_5",0.0814885193219982,1,2.5,7
"SSP3_7_0",0.065713512909486,1,2.5,7
"SSP5_8_5",0.0713838838601107,1,2.5,7
"SSP1_1_9",0.0375685385196992,1,2.5,7
"SSP1_2_6",0.0328320748557542,1,2.5,7
"SSP2_4_5",0.0840981873752231,1,2.5,7
"SSP3_7_0",0.0676305733805254,1,2.5,7
"SSP5_8_5",0.0730598957714116,1,2.5,7
"SSP1_1_9",0.0383481159067141,1,2.5,7
"SSP1_2_6",0.0335024242977545,1,2.5,7
"SSP2_4_5",0.0864042893807594,1,2.5,7
"SSP3_7_0",0.0694131301411499,1,2.5,7
"SSP5_8_5",0.0744521158866155,1,2.5,7
"SSP1_1_9",0.0118520737350544,1.15,2.05,7
"SSP1_2_6",0.00766647205840703,1.15,2.05,7
"SSP2_4_5",0.0319814986805372,1.15,2.05,7
"SSP3_7_0",0.0277974649153346,1.15,2.05,7
"SSP5_8_5",0.0269724282539462,1.15,2.05,7
"SSP1_1_9",0.0137980499100581,1.15,2.2,7
"SSP1_2_6",0.0090459580758892,1.15,2.2,7
"SSP2_4_5",0.0352416765735637,1.15,2.2,7
"SSP3_7_0",0.0298497720951048,1.15,2.2,7
"SSP5_8_5",0.0293759081482993,1.15,2.2,7
"SSP1_1_9",0.0146697891102507,1.15,2.35,7
"SSP1_2_6",0.0117054211361203,1.15,2.35,7
"SSP2_4_5",0.0372671139926287,1.15,2.35,7
"SSP3_7_0",0.0316432268498695,1.15,2.35,7
"SSP5_8_5",0.0320895850317688,1.15,2.35,7
"SSP1_1_9",0.015076658683888,1.15,2.5,7
"SSP1_2_6",0.01321018639404,1.15,2.5,7
"SSP2_4_5",0.0385283148024967,1.15,2.5,7
"SSP3_7_0",0.0333645404928745,1.15,2.5,7
"SSP5_8_5",0.0349540477685854,1.15,2.5,7
"SSP1_1_9",0.0169132558243586,1.15,2.2,7
"SSP1_2_6",0.0100873093332578,1.15,2.2,7
"SSP2_4_5",0.0384184042533857,1.15,2.2,7
"SSP3_7_0",0.0317735957411895,1.15,2.2,7
"SSP5_8_5",0.0316068599904495,1.15,2.2,7
"SSP1_1_9",0.0177794286510761,1.15,2.35,7
"SSP1_2_6",0.0127410174231922,1.15,2.35,7
"SSP2_4_5",0.0404303069375377,1.15,2.35,7
"SSP3_7_0",0.0335522483489951,1.15,2.35,7
"SSP5_8_5",0.0342946886744841,1.15,2.35,7
"SSP1_1_9",0.0181837127344989,1.15,2.5,7
"SSP1_2_6",0.0142425231768766,1.15,2.5,7
"SSP2_4_5",0.0416830932418286,1.15,2.5,7
"SSP3_7_0",0.0352603819331829,1.15,2.5,7
"SSP5_8_5",0.0371334851432353,1.15,2.5,7
"SSP1_1_9",0.0197018603496552,1.15,2.35,7
"SSP1_2_6",0.0141061506743768,1.15,2.35,7
"SSP2_4_5",0.0436331935485191,1.15,2.35,7
"SSP3_7_0",0.0354290128757478,1.15,2.35,7
"SSP5_8_5",0.036623541791853,1.15,2.35,7
"SSP1_1_9",0.020104544857012,1.15,2.5,7
"SSP1_2_6",0.0156034409877873,1.15,2.5,7
"SSP2_4_5",0.0448775524260892,1.15,2.5,7
"SSP3_7_0",0.0371254094764674,1.15,2.5,7
"SSP5_8_5",0.0394371539314493,1.15,2.5,7
"SSP1_1_9",0.02096501340809,1.15,2.5,7
"SSP1_2_6",0.0182274461548661,1.15,2.5,7
"SSP2_4_5",0.0468622834897914,1.15,2.5,7
"SSP3_7_0",0.0388693770933001,1.15,2.5,7
"SSP5_8_5",0.0420472582395147,1.15,2.5,7
"SSP1_1_9",0.0185680237472423,1.15,2.2,7
"SSP1_2_6",0.0109410395147531,1.15,2.2,7
"SSP2_4_5",0.0412532788403796,1.15,2.2,7
"SSP3_7_0",0.0337052558501954,1.15,2.2,7
"SSP5_8_5",0.0336219948628965,1.15,2.2,7
"SSP1_1_9",0.0194312176910051,1.15,2.35,7
"SSP1_2_6",0.0135895915506505,1.15,2.35,7
"SSP2_4_5",0.0432529093973289,1.15,2.35,7
"SSP3_7_0",0.0354681016711046,1.15,2.35,7
"SSP5_8_5",0.036284821738548,1.15,2.35,7
"SSP1_1_9",0.0198341180622598,1.15,2.5,7
"SSP1_2_6",0.015088178323336,1.15,2.5,7
"SSP2_4_5",0.044498066299613,1.15,2.5,7
"SSP3_7_0",0.0371620889410316,1.15,2.5,7
"SSP5_8_5",0.0390986873915144,1.15,2.5,7
"SSP1_1_9",0.0213470608978589,1.15,2.35,7
"SSP1_2_6",0.0149520605150674,1.15,2.35,7
"SSP2_4_5",0.0464363086541282,1.15,2.35,7
"SSP3_7_0",0.037327166998534,1.15,2.35,7
"SSP5_8_5",0.0385906338451803,1.15,2.35,7
"SSP1_1_9",0.0217483699195592,1.15,2.5,7
"SSP1_2_6",0.0164464445742947,1.15,2.5,7
"SSP2_4_5",0.0476731155456602,1.15,2.5,7
"SSP3_7_0",0.0390095822268647,1.15,2.5,7
"SSP5_8_5",0.0413796860924884,1.15,2.5,7
"SSP1_1_9",0.0226058889678246,1.15,2.5,7
"SSP1_2_6",0.0190653831574624,1.15,2.5,7
"SSP2_4_5",0.0496458240682726,1.15,2.5,7
"SSP3_7_0",0.0407382340146432,1.15,2.5,7
"SSP5_8_5",0.0439659336565647,1.15,2.5,7
"SSP1_1_9",0.0244143103742872,1.15,2.35,7
"SSP1_2_6",0.0159803570717395,1.15,2.35,7
"SSP2_4_5",0.0495379171845423,1.15,2.35,7
"SSP3_7_0",0.0391827520121608,1.15,2.35,7
"SSP5_8_5",0.0407259960067341,1.15,2.35,7
"SSP1_1_9",0.024813086662215,1.15,2.5,7
"SSP1_2_6",0.017471515944791,1.15,2.5,7
"SSP2_4_5",0.0507665535935824,1.15,2.5,7
"SSP3_7_0",0.0408524915239548,1.15,2.5,7
"SSP5_8_5",0.0434905067379734,1.15,2.5,7
"SSP1_1_9",0.025665174446535,1.15,2.5,7
"SSP1_2_6",0.0200848324269859,1.15,2.5,7
"SSP2_4_5",0.0527262543423422,1.15,2.5,7
"SSP3_7_0",0.0425671931787194,1.15,2.5,7
"SSP5_8_5",0.0460528147214148,1.15,2.5,7
"SSP1_1_9",0.0275564532853448,1.15,2.5,7
"SSP1_2_6",0.0214290762063331,1.15,2.5,7
"SSP2_4_5",0.0558462397004102,1.15,2.5,7
"SSP3_7_0",0.0443716678251345,1.15,2.5,7
"SSP5_8_5",0.0482647382109196,1.15,2.5,7
"SSP1_1_9",0.0193365039747068,1.15,2.2,7
"SSP1_2_6",0.0116039981305211,1.15,2.2,7
"SSP2_4_5",0.0437696824437234,1.15,2.2,7
"SSP3_7_0",0.0354413358456486,1.15,2.2,7
"SSP5_8_5",0.035338054696196,1.15,2.2,7
"SSP1_1_9",0.0201982359910339,1.15,2.35,7
"SSP1_2_6",0.0142477754426255,1.15,2.35,7
"SSP2_4_5",0.045757928415177,1.15,2.35,7
"SSP3_7_0",0.0371884528354327,1.15,2.35,7
"SSP5_8_5",0.0379770936633473,1.15,2.35,7
"SSP1_1_9",0.0206004571497188,1.15,2.5,7
"SSP1_2_6",0.0157436612140664,1.15,2.5,7
"SSP2_4_5",0.0469960081686259,1.15,2.5,7
"SSP3_7_0",0.0388682604476696,1.15,2.5,7
"SSP5_8_5",0.0407670995174443,1.15,2.5,7
"SSP1_1_9",0.0221108456696111,1.15,2.35,7
"SSP1_2_6",0.0156077806100302,1.15,2.35,7
"SSP2_4_5",0.0489232516783598,1.15,2.35,7
"SSP3_7_0",0.0390300280796463,1.15,2.35,7
"SSP5_8_5",0.0402611592599086,1.15,2.35,7
"SSP1_1_9",0.0225114795846151,1.15,2.5,7
"SSP1_2_6",0.0170994759793208,1.15,2.5,7
"SSP2_4_5",0.0501530540746233,1.15,2.5,7
"SSP3_7_0",0.0406984311034118,1.15,2.5,7
"SSP5_8_5",0.0430267122281975,1.15,2.5,7
"SSP1_1_9",0.0233675513675275,1.15,2.5,7
"SSP1_2_6",0.0197137264284637,1.15,2.5,7
"SSP2_4_5",0.0521146122453977,1.15,2.5,7
"SSP3_7_0",0.0424118520026465,1.15,2.5,7
"SSP5_8_5",0.0455902847997238,1.15,2.5,7
"SSP1_1_9",0.0251729485173851,1.15,2.35,7
"SSP1_2_6",0.0166341954542016,1.15,2.35,7
"SSP2_4_5",0.0520071867209461,1.15,2.35,7
"SSP3_7_0",0.0408670700415054,1.15,2.35,7
"SSP5_8_5",0.0423755135834508,1.15,2.35,7
"SSP1_1_9",0.0255710562092937,1.15,2.5,7
"SSP1_2_6",0.0181226751097408,1.15,2.5,7
"SSP2_4_5",0.0532288896413165,1.15,2.5,7
"SSP3_7_0",0.042522982389274,1.15,2.5,7
"SSP5_8_5",0.0451168833429514,1.15,2.5,7
"SSP1_1_9",0.0264217106983623,1.15,2.5,7
"SSP1_2_6",0.020731319917272,1.15,2.5,7
"SSP2_4_5",0.0551775528794331,1.15,2.5,7
"SSP3_7_0",0.0442226612336885,1.15,2.5,7
"SSP5_8_5",0.0476568703768152,1.15,2.5,7
"SSP1_1_9",0.0283098192028625,1.15,2.5,7
"SSP1_2_6",0.0220731531679004,1.15,2.5,7
"SSP2_4_5",0.0582800119332385,1.15,2.5,7
"SSP3_7_0",0.0460104575162319,1.15,2.5,7
"SSP5_8_5",0.0498484351694743,1.15,2.5,7
"SSP1_1_9",0.0267992997467041,1.15,2.35,7
"SSP1_2_6",0.0174746062450446,1.15,2.35,7
"SSP2_4_5",0.0547579692674924,1.15,2.35,7
"SSP3_7_0",0.0427069717822554,1.15,2.35,7
"SSP5_8_5",0.0442789713531461,1.15,2.35,7
"SSP1_1_9",0.0271960554707891,1.15,2.5,7
"SSP1_2_6",0.0189602070617784,1.15,2.5,7
"SSP2_4_5",0.0559723292132398,1.15,2.5,7
"SSP3_7_0",0.0443494817588539,1.15,2.5,7
"SSP5_8_5",0.0469968614597601,1.15,2.5,7
"SSP1_1_9",0.0280438109245308,1.15,2.5,7
"SSP1_2_6",0.0215638329225202,1.15,2.5,7
"SSP2_4_5",0.0579093020699941,1.15,2.5,7
"SSP3_7_0",0.0460344961213639,1.15,2.5,7
"SSP5_8_5",0.0495140595482598,1.15,2.5,7
"SSP1_1_9",0.0299255071689483,1.15,2.5,7
"SSP1_2_6",0.0229030727895669,1.15,2.5,7
"SSP2_4_5",0.0609931951721183,1.15,2.5,7
"SSP3_7_0",0.0478059053847426,1.15,2.5,7
"SSP5_8_5",0.0516846766456359,1.15,2.5,7
"SSP1_1_9",0.0329384066763019,1.15,2.5,7
"SSP1_2_6",0.0239135579204887,1.15,2.5,7
"SSP2_4_5",0.0639974560482031,1.15,2.5,7
"SSP3_7_0",0.04956727775836,1.15,2.5,7
"SSP5_8_5",0.0536878660222432,1.15,2.5,7
"SSP1_1_9",0.0197852156407017,1.15,2.2,7
"SSP1_2_6",0.0120348332803674,1.15,2.2,7
"SSP2_4_5",0.0456513498364897,1.15,2.2,7
"SSP3_7_0",0.0362051736167506,1.15,2.2,7
"SSP5_8_5",0.03610304186847,1.15,2.2,7
"SSP1_1_9",0.0206460856524186,1.15,2.35,7
"SSP1_2_6",0.0146744394958406,1.15,2.35,7
"SSP2_4_5",0.0476303820041601,1.15,2.35,7
"SSP3_7_0",0.0379401210602791,1.15,2.35,7
"SSP5_8_5",0.0387238088076134,1.15,2.35,7
"SSP1_1_9",0.0210479063074747,1.15,2.5,7
"SSP1_2_6",0.0161679681608955,1.15,2.5,7
"SSP2_4_5",0.0488627347549947,1.15,2.5,7
"SSP3_7_0",0.0396086648015766,1.15,2.5,7
"SSP5_8_5",0.041495137412067,1.15,2.5,7
"SSP1_1_9",0.0225567887070268,1.15,2.35,7
"SSP1_2_6",0.0160322963295269,1.15,2.35,7
"SSP2_4_5",0.0507810788367147,1.15,2.35,7
"SSP3_7_0",0.0397685151391947,1.15,2.35,7
"SSP5_8_5",0.0409916214613194,1.15,2.35,7
"SSP1_1_9",0.022957024545471,1.15,2.5,7
"SSP1_2_6",0.0175216459582491,1.15,2.5,7
"SSP2_4_5",0.0520052142526435,1.15,2.5,7
"SSP3_7_0",0.0414257955588079,1.15,2.5,7
"SSP5_8_5",0.0437387975518974,1.15,2.5,7
"SSP1_1_9",0.0238122429906639,1.15,2.5,7
"SSP1_2_6",0.02013180529544,1.15,2.5,7
"SSP2_4_5",0.0539577521319667,1.15,2.5,7
"SSP3_7_0",0.0431274656586347,1.15,2.5,7
"SSP5_8_5",0.0462850252634063,1.15,2.5,7
"SSP1_1_9",0.0256158568397612,1.15,2.35,7
"SSP1_2_6",0.0170570764707543,1.15,2.35,7
"SSP2_4_5",0.0538507245486444,1.15,2.35,7
"SSP3_7_0",0.0415919862682723,1.15,2.35,7
"SSP5_8_5",0.043090615324423,1.15,2.35,7
"SSP1_1_9",0.0260135703037361,1.15,2.5,7
"SSP1_2_6",0.0185432191188839,1.15,2.5,7
"SSP2_4_5",0.055066819129301,1.15,2.5,7
"SSP3_7_0",0.0432369309728392,1.15,2.5,7
"SSP5_8_5",0.045813904985353,1.15,2.5,7
"SSP1_1_9",0.0268633797129868,1.15,2.5,7
"SSP1_2_6",0.0211477879895634,1.15,2.5,7
"SSP2_4_5",0.0570065552605428,1.15,2.5,7
"SSP3_7_0",0.0449250310106985,1.15,2.5,7
"SSP5_8_5",0.0483368375042319,1.15,2.5,7
"SSP1_1_9",0.0287496189483249,1.15,2.5,7
"SSP1_2_6",0.0224875220604349,1.15,2.5,7
"SSP2_4_5",0.0600948419013267,1.15,2.5,7
"SSP3_7_0",0.0467003188655548,1.15,2.5,7
"SSP5_8_5",0.0505132898956362,1.15,2.5,7
"SSP1_1_9",0.0272405854583756,1.15,2.35,7
"SSP1_2_6",0.0178960801974002,1.15,2.35,7
"SSP2_4_5",0.0565885946688564,1.15,2.35,7
"SSP3_7_0",0.0434179866301251,1.15,2.35,7
"SSP5_8_5",0.0449798864419604,1.15,2.35,7
"SSP1_1_9",0.0276369490151494,1.15,2.5,7
"SSP1_2_6",0.0193793519200337,1.15,2.5,7
"SSP2_4_5",0.0577973995275223,1.15,2.5,7
"SSP3_7_0",0.0450496950039273,1.15,2.5,7
"SSP5_8_5",0.0476799843376098,1.15,2.5,7
"SSP1_1_9",0.0284838638103823,1.15,2.5,7
"SSP1_2_6",0.0219789155946857,1.15,2.5,7
"SSP2_4_5",0.0597255298998697,1.15,2.5,7
"SSP3_7_0",0.0467233140300405,1.15,2.5,7
"SSP5_8_5",0.0501804084485021,1.15,2.5,7
"SSP1_1_9",0.0303637005442213,1.15,2.5,7
"SSP1_2_6",0.0233160633793578,1.15,2.5,7
"SSP2_4_5",0.0627953846002817,1.15,2.5,7
"SSP3_7_0",0.048482421405717,1.15,2.5,7
"SSP5_8_5",0.0523361726076867,1.15,2.5,7
"SSP1_1_9",0.0333736400482699,1.15,2.5,7
"SSP1_2_6",0.0243249570178079,1.15,2.5,7
"SSP2_4_5",0.0657859306315981,1.15,2.5,7
"SSP3_7_0",0.0502311755398282,1.15,2.5,7
"SSP5_8_5",0.0543253744090134,1.15,2.5,7
"SSP1_1_9",0.0279943330322788,1.15,2.35,7
"SSP1_2_6",0.0185455927314632,1.15,2.35,7
"SSP2_4_5",0.0590151981790115,1.15,2.35,7
"SSP3_7_0",0.0450511049369874,1.15,2.35,7
"SSP5_8_5",0.0465785757105251,1.15,2.35,7
"SSP1_1_9",0.028390034242607,1.15,2.5,7
"SSP1_2_6",0.0200262095838471,1.15,2.5,7
"SSP2_4_5",0.0602172443527494,1.15,2.5,7
"SSP3_7_0",0.0466695529822485,1.15,2.5,7
"SSP5_8_5",0.0492564956493093,1.15,2.5,7
"SSP1_1_9",0.0292355291512286,1.15,2.5,7
"SSP1_2_6",0.0226211438914735,1.15,2.5,7
"SSP2_4_5",0.0621346149963223,1.15,2.5,7
"SSP3_7_0",0.0483287796395854,1.15,2.5,7
"SSP5_8_5",0.0517355418079612,1.15,2.5,7
"SSP1_1_9",0.0311122251458944,1.15,2.5,7
"SSP1_2_6",0.0239559029840919,1.15,2.5,7
"SSP2_4_5",0.0651873833140635,1.15,2.5,7
"SSP3_7_0",0.0500719225120222,1.15,2.5,7
"SSP5_8_5",0.0538718245608939,1.15,2.5,7
"SSP1_1_9",0.0341171651648746,1.15,2.5,7
"SSP1_2_6",0.0249629726449109,1.15,2.5,7
"SSP2_4_5",0.0681612228925931,1.15,2.5,7
"SSP3_7_0",0.0518037950677424,1.15,2.5,7
"SSP5_8_5",0.0558422492635699,1.15,2.5,7
"SSP1_1_9",0.0357129291297899,1.15,2.5,7
"SSP1_2_6",0.0257861821701136,1.15,2.5,7
"SSP2_4_5",0.0708122806047039,1.15,2.5,7
"SSP3_7_0",0.0535328504577557,1.15,2.5,7
"SSP5_8_5",0.0576082313609777,1.15,2.5,7
"SSP1_1_9",0.0198959202710213,1.15,2.2,7
"SSP1_2_6",0.0121260109439933,1.15,2.2,7
"SSP2_4_5",0.0444979372530908,1.15,2.2,7
"SSP3_7_0",0.0343187704727374,1.15,2.2,7
"SSP5_8_5",0.0344308249682644,1.15,2.2,7
"SSP1_1_9",0.0207559184809361,1.15,2.35,7
"SSP1_2_6",0.01475886121199,1.15,2.35,7
"SSP2_4_5",0.0464629957589741,1.15,2.35,7
"SSP3_7_0",0.0360493727473091,1.15,2.35,7
"SSP5_8_5",0.0370443504001644,1.15,2.35,7
"SSP1_1_9",0.0211573330679485,1.15,2.5,7
"SSP1_2_6",0.0162485819624346,1.15,2.5,7
"SSP2_4_5",0.0476888524255696,1.15,2.5,7
"SSP3_7_0",0.0377128364523055,1.15,2.5,7
"SSP5_8_5",0.0398070683386942,1.15,2.5,7
"SSP1_1_9",0.0226646923897233,1.15,2.35,7
"SSP1_2_6",0.0161132546006911,1.15,2.35,7
"SSP2_4_5",0.049574139437027,1.15,2.35,7
"SSP3_7_0",0.0378743345065616,1.15,2.35,7
"SSP5_8_5",0.0393072913728422,1.15,2.35,7
"SSP1_1_9",0.0230645251789697,1.15,2.5,7
"SSP1_2_6",0.0175988172246116,1.15,2.5,7
"SSP2_4_5",0.0507918777626705,1.15,2.5,7
"SSP3_7_0",0.0395266302399478,1.15,2.5,7
"SSP5_8_5",0.0420460622491046,1.15,2.5,7
"SSP1_1_9",0.0239188825906671,1.15,2.5,7
"SSP1_2_6",0.0202023679346502,1.15,2.5,7
"SSP2_4_5",0.0527307434119074,1.15,2.5,7
"SSP3_7_0",0.0412242334910718,1.15,2.5,7
"SSP5_8_5",0.0445856824038279,1.15,2.5,7
"SSP1_1_9",0.0257206882671526,1.15,2.35,7
"SSP1_2_6",0.0171354240940058,1.15,2.35,7
"SSP2_4_5",0.052576349373297,1.15,2.35,7
"SSP3_7_0",0.0396957773211294,1.15,2.35,7
"SSP5_8_5",0.0414029002224893,1.15,2.35,7
"SSP1_1_9",0.0261180034683852,1.15,2.5,7
"SSP1_2_6",0.0186177957586146,1.15,2.5,7
"SSP2_4_5",0.0537861806422187,1.15,2.5,7
"SSP3_7_0",0.0413358381688117,1.15,2.5,7
"SSP5_8_5",0.0441179820819218,1.15,2.5,7
"SSP1_1_9",0.0269669621013875,1.15,2.5,7
"SSP1_2_6",0.0212157838423485,1.15,2.5,7
"SSP2_4_5",0.0557124689940669,1.15,2.5,7
"SSP3_7_0",0.0430199758181002,1.15,2.5,7
"SSP5_8_5",0.0466344909255194,1.15,2.5,7
"SSP1_1_9",0.0288513185957935,1.15,2.5,7
"SSP1_2_6",0.0225521448070719,1.15,2.5,7
"SSP2_4_5",0.0587622091039254,1.15,2.5,7
"SSP3_7_0",0.0447922459536358,1.15,2.5,7
"SSP5_8_5",0.0488068018637832,1.15,2.5,7
"SSP1_1_9",0.0273257606675705,1.15,2.35,7
"SSP1_2_6",0.0179722818497034,1.15,2.35,7
"SSP2_4_5",0.0551623708839407,1.15,2.35,7
"SSP3_7_0",0.0415209211275226,1.15,2.35,7
"SSP5_8_5",0.0432903454466253,1.15,2.35,7
"SSP1_1_9",0.0277208409723887,1.15,2.5,7
"SSP1_2_6",0.0194517969278878,1.15,2.5,7
"SSP2_4_5",0.0563651505129142,1.15,2.5,7
"SSP3_7_0",0.0431478508079624,1.15,2.5,7
"SSP5_8_5",0.0459824214099994,1.15,2.5,7
"SSP1_1_9",0.028563778813893,1.15,2.5,7
"SSP1_2_6",0.0220448047332108,1.15,2.5,7
"SSP2_4_5",0.0582802230734843,1.15,2.5,7
"SSP3_7_0",0.0448176149704708,1.15,2.5,7
"SSP5_8_5",0.0484765930776547,1.15,2.5,7
"SSP1_1_9",0.03043318036265,1.15,2.5,7
"SSP1_2_6",0.0233785922489934,1.15,2.5,7
"SSP2_4_5",0.0613122039500233,1.15,2.5,7
"SSP3_7_0",0.0465738169056431,1.15,2.5,7
"SSP5_8_5",0.0506283630378769,1.15,2.5,7
"SSP1_1_9",0.0334260290127857,1.15,2.5,7
"SSP1_2_6",0.0243849542646186,1.15,2.5,7
"SSP2_4_5",0.0642373334191143,1.15,2.5,7
"SSP3_7_0",0.0483210799287135,1.15,2.5,7
"SSP5_8_5",0.052615005706353,1.15,2.5,7
"SSP1_1_9",0.0280769029373085,1.15,2.35,7
"SSP1_2_6",0.0186201142777396,1.15,2.35,7
"SSP2_4_5",0.0573287877605217,1.15,2.35,7
"SSP3_7_0",0.0431550776446576,1.15,2.35,7
"SSP5_8_5",0.0448892363563153,1.15,2.35,7
"SSP1_1_9",0.0284713236957597,1.15,2.5,7
"SSP1_2_6",0.0200969877551971,1.15,2.5,7
"SSP2_4_5",0.0585251826122823,1.15,2.5,7
"SSP3_7_0",0.0447688483179214,1.15,2.5,7
"SSP5_8_5",0.0475593049915243,1.15,2.5,7
"SSP1_1_9",0.0293128487486134,1.15,2.5,7
"SSP1_2_6",0.0226853892532424,1.15,2.5,7
"SSP2_4_5",0.0604301017193899,1.15,2.5,7
"SSP3_7_0",0.0464243216398104,1.15,2.5,7
"SSP5_8_5",0.0500322533343035,1.15,2.5,7
"SSP1_1_9",0.0311791266763576,1.15,2.5,7
"SSP1_2_6",0.0240167999390218,1.15,2.5,7
"SSP2_4_5",0.0634460120737552,1.15,2.5,7
"SSP3_7_0",0.0481646628342086,1.15,2.5,7
"SSP5_8_5",0.0521646718104031,1.15,2.5,7
"SSP1_1_9",0.0341670034098968,1.15,2.5,7
"SSP1_2_6",0.0250213470201643,1.15,2.5,7
"SSP2_4_5",0.0663555213682026,1.15,2.5,7
"SSP3_7_0",0.0498951437507349,1.15,2.5,7
"SSP5_8_5",0.0541326540310829,1.15,2.5,7
"SSP1_1_9",0.0357269843382627,1.15,2.5,7
"SSP1_2_6",0.0258424890924429,1.15,2.5,7
"SSP2_4_5",0.0688590055626417,1.15,2.5,7
"SSP3_7_0",0.0516239827603646,1.15,2.5,7
"SSP5_8_5",0.0558976712402811,1.15,2.5,7
"SSP1_1_9",0.028402053742049,1.15,2.35,7
"SSP1_2_6",0.0190123515911822,1.15,2.35,7
"SSP2_4_5",0.058234878531441,1.15,2.35,7
"SSP3_7_0",0.0438517542156094,1.15,2.35,7
"SSP5_8_5",0.0455752781931203,1.15,2.35,7
"SSP1_1_9",0.0287961321537592,1.15,2.5,7
"SSP1_2_6",0.0204861256116178,1.15,2.5,7
"SSP2_4_5",0.0594269995613004,1.15,2.5,7
"SSP3_7_0",0.0454550944825786,1.15,2.5,7
"SSP5_8_5",0.048228167482976,1.15,2.5,7
"SSP1_1_9",0.0296369245226184,1.15,2.5,7
"SSP1_2_6",0.0230674247788204,1.15,2.5,7
"SSP2_4_5",0.0613251275302163,1.15,2.5,7
"SSP3_7_0",0.0470995640924251,1.15,2.5,7
"SSP5_8_5",0.0506849181353033,1.15,2.5,7
"SSP1_1_9",0.0315015824514372,1.15,2.5,7
"SSP1_2_6",0.0243882325597075,1.15,2.5,7
"SSP2_4_5",0.064330309493195,1.15,2.5,7
"SSP3_7_0",0.0488280255591556,1.15,2.5,7
"SSP5_8_5",0.0528029931308697,1.15,2.5,7
"SSP1_1_9",0.0344868802807012,1.15,2.5,7
"SSP1_2_6",0.0253775824201696,1.15,2.5,7
"SSP2_4_5",0.0672294463651638,1.15,2.5,7
"SSP3_7_0",0.0505463202600335,1.15,2.5,7
"SSP5_8_5",0.0547574659365847,1.15,2.5,7
"SSP1_1_9",0.0360454989215025,1.15,2.5,7
"SSP1_2_6",0.0261627910365222,1.15,2.5,7
"SSP2_4_5",0.0697238571405123,1.15,2.5,7
"SSP3_7_0",0.0522627088598121,1.15,2.5,7
"SSP5_8_5",0.0565100561911007,1.15,2.5,7
"SSP1_1_9",0.0367818700844471,1.15,2.5,7
"SSP1_2_6",0.0267947142048571,1.15,2.5,7
"SSP2_4_5",0.0718078785084338,1.15,2.5,7
"SSP3_7_0",0.0537906899389136,1.15,2.5,7
"SSP5_8_5",0.0579829089611846,1.15,2.5,7
"SSP1_1_9",0.0182455222114456,1.3,2.2,7
"SSP1_2_6",0.0104580268333649,1.3,2.2,7
"SSP2_4_5",0.0347539302305143,1.3,2.2,7
"SSP3_7_0",0.0261462518135037,1.3,2.2,7
"SSP5_8_5",0.0263394528193859,1.3,2.2,7
"SSP1_1_9",0.0191026841037884,1.3,2.35,7
"SSP1_2_6",0.0130772019495182,1.3,2.35,7
"SSP2_4_5",0.0367315891805901,1.3,2.35,7
"SSP3_7_0",0.0278923015599811,1.3,2.35,7
"SSP5_8_5",0.0285284892934747,1.3,2.35,7
"SSP1_1_9",0.0195033507700544,1.3,2.5,7
"SSP1_2_6",0.0145601996330876,1.3,2.5,7
"SSP2_4_5",0.0379653038322015,1.3,2.5,7
"SSP3_7_0",0.0295665749619596,1.3,2.5,7
"SSP5_8_5",0.0307912916794738,1.3,2.5,7
"SSP1_1_9",0.0210035320732697,1.3,2.35,7
"SSP1_2_6",0.0144176496465462,1.3,2.35,7
"SSP2_4_5",0.0398629455484102,1.3,2.35,7
"SSP3_7_0",0.029738200264177,1.3,2.35,7
"SSP5_8_5",0.0304671049613285,1.3,2.35,7
"SSP1_1_9",0.0214026237780881,1.3,2.5,7
"SSP1_2_6",0.0158965433127013,1.3,2.5,7
"SSP2_4_5",0.0410885211595829,1.3,2.5,7
"SSP3_7_0",0.0314012770665652,1.3,2.5,7
"SSP5_8_5",0.0327100266955057,1.3,2.5,7
"SSP1_1_9",0.0222541718350324,1.3,2.5,7
"SSP1_2_6",0.0184867511958772,1.3,2.5,7
"SSP2_4_5",0.0430399207259358,1.3,2.5,7
"SSP3_7_0",0.0331142288047352,1.3,2.5,7
"SSP5_8_5",0.0348375594232603,1.3,2.5,7
"SSP1_1_9",0.0240464231256914,1.3,2.35,7
"SSP1_2_6",0.0154221580739805,1.3,2.35,7
"SSP2_4_5",0.0428855245613898,1.3,2.35,7
"SSP3_7_0",0.0315861691172562,1.3,2.35,7
"SSP5_8_5",0.0322660999470969,1.3,2.35,7
"SSP1_1_9",0.0244430082791875,1.3,2.5,7
"SSP1_2_6",0.0168979129195107,1.3,2.5,7
"SSP2_4_5",0.0441031716406999,1.3,2.5,7
"SSP3_7_0",0.0332369672777068,1.3,2.5,7
"SSP5_8_5",0.0344893653652437,1.3,2.5,7
"SSP1_1_9",0.0252891850988909,1.3,2.5,7
"SSP1_2_6",0.0194826506970622,1.3,2.5,7
"SSP2_4_5",0.0460419593987792,1.3,2.5,7
"SSP3_7_0",0.0349363804387202,1.3,2.5,7
"SSP5_8_5",0.036597441423627,1.3,2.5,7
"SSP1_1_9",0.0271657465348765,1.3,2.5,7
"SSP1_2_6",0.0208053313659879,1.3,2.5,7
"SSP2_4_5",0.0491117482663788,1.3,2.5,7
"SSP3_7_0",0.0367293218150806,1.3,2.5,7
"SSP5_8_5",0.0384595789279757,1.3,2.5,7
"SSP1_1_9",0.0256356995794456,1.3,2.35,7
"SSP1_2_6",0.0162213142585119,1.3,2.35,7
"SSP2_4_5",0.0454912495483308,1.3,2.35,7
"SSP3_7_0",0.033441112652532,1.3,2.35,7
"SSP5_8_5",0.0337626874862913,1.3,2.35,7
"SSP1_1_9",0.0260309542874901,1.3,2.5,7
"SSP1_2_6",0.0176942928499169,1.3,2.5,7
"SSP2_4_5",0.0467018229329716,1.3,2.5,7
"SSP3_7_0",0.0350777010135079,1.3,2.5,7
"SSP5_8_5",0.0359674405458101,1.3,2.5,7
"SSP1_1_9",0.0268742804369509,1.3,2.5,7
"SSP1_2_6",0.0202741919204086,1.3,2.5,7
"SSP2_4_5",0.0486293594918142,1.3,2.5,7
"SSP3_7_0",0.0367376048138917,1.3,2.5,7
"SSP5_8_5",0.0380573093055136,1.3,2.5,7
"SSP1_1_9",0.0287445392461126,1.3,2.5,7
"SSP1_2_6",0.0215943799729522,1.3,2.5,7
"SSP2_4_5",0.0516813318452607,1.3,2.5,7
"SSP3_7_0",0.0384446097976458,1.3,2.5,7
"SSP5_8_5",0.0399025176700348,1.3,2.5,7
"SSP1_1_9",0.0317387454227871,1.3,2.5,7
"SSP1_2_6",0.0225834013236121,1.3,2.5,7
"SSP2_4_5",0.0546266017280164,1.3,2.5,7
"SSP3_7_0",0.0400475364626138,1.3,2.5,7
"SSP5_8_5",0.0416099437895141,1.3,2.5,7
"SSP1_1_9",0.0263873547274309,1.3,2.35,7
"SSP1_2_6",0.0168670259530376,1.3,2.35,7
"SSP2_4_5",0.0476698784233277,1.3,2.35,7
"SSP3_7_0",0.0341474896017026,1.3,2.35,7
"SSP5_8_5",0.034423191007794,1.3,2.35,7
"SSP1_1_9",0.0267819503904911,1.3,2.5,7
"SSP1_2_6",0.0183373883337087,1.3,2.5,7
"SSP2_4_5",0.0488642513258206,1.3,2.5,7
"SSP3_7_0",0.0357732586376074,1.3,2.5,7
"SSP5_8_5",0.0366128861003569,1.3,2.5,7
"SSP1_1_9",0.0276238648075686,1.3,2.5,7
"SSP1_2_6",0.0209127270992997,1.3,2.5,7
"SSP2_4_5",0.0507474838652942,1.3,2.5,7
"SSP3_7_0",0.0374218618819715,1.3,2.5,7
"SSP5_8_5",0.0386882567553487,1.3,2.5,7
"SSP1_1_9",0.029491002322951,1.3,2.5,7
"SSP1_2_6",0.0222305695794287,1.3,2.5,7
"SSP2_4_5",0.0537020892363581,1.3,2.5,7
"SSP3_7_0",0.0391168809408674,1.3,2.5,7
"SSP5_8_5",0.0405203550902023,1.3,2.5,7
"SSP1_1_9",0.0324802402678212,1.3,2.5,7
"SSP1_2_6",0.0232178075574549,1.3,2.5,7
"SSP2_4_5",0.0564596948552572,1.3,2.5,7
"SSP3_7_0",0.0407080270009222,1.3,2.5,7
"SSP5_8_5",0.0422153874830562,1.3,2.5,7
"SSP1_1_9",0.0340410460285126,1.3,2.5,7
"SSP1_2_6",0.024001761400442,1.3,2.5,7
"SSP2_4_5",0.0586421074655246,1.3,2.5,7
"SSP3_7_0",0.0421241397622912,1.3,2.5,7
"SSP5_8_5",0.0436161995786897,1.3,2.5,7
"SSP1_1_9",0.0260809170177856,1.3,2.35,7
"SSP1_2_6",0.0168282667348265,1.3,2.35,7
"SSP2_4_5",0.0453150036788388,1.3,2.35,7
"SSP3_7_0",0.0321701035286038,1.3,2.35,7
"SSP5_8_5",0.0325055586497903,1.3,2.35,7
"SSP1_1_9",0.0264694732775522,1.3,2.5,7
"SSP1_2_6",0.018292035180118,1.3,2.5,7
"SSP2_4_5",0.0465092920329522,1.3,2.5,7
"SSP3_7_0",0.0337920780781937,1.3,2.5,7
"SSP5_8_5",0.0346921256667613,1.3,2.5,7
"SSP1_1_9",0.0272973503826015,1.3,2.5,7
"SSP1_2_6",0.0208513599758582,1.3,2.5,7
"SSP2_4_5",0.0483924614059234,1.3,2.5,7
"SSP3_7_0",0.0354379557388387,1.3,2.5,7
"SSP5_8_5",0.0367656090928939,1.3,2.5,7
"SSP1_1_9",0.0291255594600858,1.3,2.5,7
"SSP1_2_6",0.0221280284303982,1.3,2.5,7
"SSP2_4_5",0.0513471249342502,1.3,2.5,7
"SSP3_7_0",0.0371314752839378,1.3,2.5,7
"SSP5_8_5",0.0385973648048902,1.3,2.5,7
"SSP1_1_9",0.0320307655251691,1.3,2.5,7
"SSP1_2_6",0.0230342826427257,1.3,2.5,7
"SSP2_4_5",0.0541052629608161,1.3,2.5,7
"SSP3_7_0",0.0387230447097975,1.3,2.5,7
"SSP5_8_5",0.0402932679411713,1.3,2.5,7
"SSP1_1_9",0.0334755647840912,1.3,2.5,7
"SSP1_2_6",0.0237074219180451,1.3,2.5,7
"SSP2_4_5",0.0562891666553368,1.3,2.5,7
"SSP3_7_0",0.0401416772052625,1.3,2.5,7
"SSP5_8_5",0.0416968004584446,1.3,2.5,7
"SSP1_1_9",0.0338629217694228,1.3,2.5,7
"SSP1_2_6",0.0239933268427125,1.3,2.5,7
"SSP2_4_5",0.0572820045324002,1.3,2.5,7
"SSP3_7_0",0.0407913414944674,1.3,2.5,7
"SSP5_8_5",0.0422923129131451,1.3,2.5,7
"SSP1_1_9",0.0224660934519489,1.45,2.35,7
"SSP1_2_6",0.0130849586289951,1.45,2.35,7
"SSP2_4_5",0.0341938324204488,1.45,2.35,7
"SSP3_7_0",0.0230355856097107,1.45,2.35,7
"SSP5_8_5",0.0226192186348243,1.45,2.35,7
"SSP1_1_9",0.0228557854454422,1.45,2.5,7
"SSP1_2_6",0.0145508222044478,1.45,2.5,7
"SSP2_4_5",0.0353591154527433,1.45,2.5,7
"SSP3_7_0",0.0246442978395306,1.45,2.5,7
"SSP5_8_5",0.0244692722974098,1.45,2.5,7
"SSP1_1_9",0.0236861192158916,1.45,2.5,7
"SSP1_2_6",0.0171137952488577,1.45,2.5,7
"SSP2_4_5",0.0371697427479952,1.45,2.5,7
"SSP3_7_0",0.026242967910024,1.45,2.5,7
"SSP5_8_5",0.0262907849059647,1.45,2.5,7
"SSP1_1_9",0.0255197648520464,1.45,2.5,7
"SSP1_2_6",0.0183925274771018,1.45,2.5,7
"SSP2_4_5",0.0399566303548617,1.45,2.5,7
"SSP3_7_0",0.0278171273139214,1.45,2.5,7
"SSP5_8_5",0.0278948811944547,1.45,2.5,7
"SSP1_1_9",0.0284336328143605,1.45,2.5,7
"SSP1_2_6",0.0193006237444637,1.45,2.5,7
"SSP2_4_5",0.042307676664869,1.45,2.5,7
"SSP3_7_0",0.0291039862060666,1.45,2.5,7
"SSP5_8_5",0.0292512194241702,1.45,2.5,7
"SSP1_1_9",0.0298832465835551,1.45,2.5,7
"SSP1_2_6",0.0199553579990633,1.45,2.5,7
"SSP2_4_5",0.0432519527000686,1.45,2.5,7
"SSP3_7_0",0.0296841971128986,1.45,2.5,7
"SSP5_8_5",0.0298149630311658,1.45,2.5,7
"SSP1_1_9",0.0290512773773509,1.45,2.5,7
"SSP1_2_6",0.0192982666135901,1.45,2.5,7
"SSP2_4_5",0.0408167680733201,1.45,2.5,7
"SSP3_7_0",0.0279315739012264,1.45,2.5,7
"SSP5_8_5",0.0282535723259363,1.45,2.5,7
"SSP1_1_9",0.0245165025965924,1.6,2.5,7
"SSP1_2_6",0.0159860769210354,1.6,2.5,7
"SSP2_4_5",0.0301822995981066,1.6,2.5,7
"SSP3_7_0",0.0201810078987694,1.6,2.5,7
"SSP5_8_5",0.0204108330134624,1.6,2.5,7
"SSP1_1_9",0.011512089487853,1,2.05,8
"SSP1_2_6",0.0125369907414672,1,2.05,8
"SSP2_4_5",0.038444799996751,1,2.05,8
"SSP3_7_0",0.0349257391987774,1,2.05,8
"SSP5_8_5",0.0344767175013515,1,2.05,8
"SSP1_1_9",0.013228918670179,1,2.2,8
"SSP1_2_6",0.0137590154640265,1,2.2,8
"SSP2_4_5",0.0413291365670725,1,2.2,8
"SSP3_7_0",0.0367431684938482,1,2.2,8
"SSP5_8_5",0.0370393288293544,1,2.2,8
"SSP1_1_9",0.0139980423747446,1,2.35,8
"SSP1_2_6",0.0161098853373427,1,2.35,8
"SSP2_4_5",0.0431202744249803,1,2.35,8
"SSP3_7_0",0.0383759932674939,1,2.35,8
"SSP5_8_5",0.0399375470193354,1,2.35,8
"SSP1_1_9",0.0143565749521752,1,2.5,8
"SSP1_2_6",0.0174399997444552,1,2.5,8
"SSP2_4_5",0.0442338755883606,1,2.5,8
"SSP3_7_0",0.039904207835909,1,2.5,8
"SSP5_8_5",0.0429650684034441,1,2.5,8
"SSP1_1_9",0.0159812605650355,1,2.2,8
"SSP1_2_6",0.0146876686804455,1,2.2,8
"SSP2_4_5",0.0441649314805176,1,2.2,8
"SSP3_7_0",0.0386188782193744,1,2.2,8
"SSP5_8_5",0.0393403679439483,1,2.2,8
"SSP1_1_9",0.0167460577839852,1,2.35,8
"SSP1_2_6",0.0170340029456339,1,2.35,8
"SSP2_4_5",0.0459453912109828,1,2.35,8
"SSP3_7_0",0.0402392783111426,1,2.35,8
"SSP5_8_5",0.0422142282759646,1,2.35,8
"SSP1_1_9",0.0171025817080428,1,2.5,8
"SSP1_2_6",0.0183615472261285,1,2.5,8
"SSP2_4_5",0.0470523562945822,1,2.5,8
"SSP3_7_0",0.041756620697872,1,2.5,8
"SSP5_8_5",0.0452176675084342,1,2.5,8
"SSP1_1_9",0.0184445882380256,1,2.35,8
"SSP1_2_6",0.0182447365152886,1,2.35,8
"SSP2_4_5",0.0487846246502001,1,2.35,8
"SSP3_7_0",0.0420180659575485,1,2.35,8
"SSP5_8_5",0.0447058617466276,1,2.35,8
"SSP1_1_9",0.0187998688226001,1,2.5,8
"SSP1_2_6",0.0195689658895737,1,2.5,8
"SSP2_4_5",0.049884963206331,1,2.5,8
"SSP3_7_0",0.0435258083450941,1,2.5,8
"SSP5_8_5",0.0476852998381876,1,2.5,8
"SSP1_1_9",0.0195602296927261,1,2.5,8
"SSP1_2_6",0.0218919612552683,1,2.5,8
"SSP2_4_5",0.0516440470538131,1,2.5,8
"SSP3_7_0",0.0451178037406648,1,2.5,8
"SSP5_8_5",0.0504847420591204,1,2.5,8
"SSP1_1_9",0.0174553989407518,1,2.2,8
"SSP1_2_6",0.0154571698342887,1,2.2,8
"SSP2_4_5",0.04673090211452,1,2.2,8
"SSP3_7_0",0.0405692051472848,1,2.2,8
"SSP5_8_5",0.0413929206479733,1,2.2,8
"SSP1_1_9",0.0182178698991735,1,2.35,8
"SSP1_2_6",0.0177994214683988,1,2.35,8
"SSP2_4_5",0.0485016075990946,1,2.35,8
"SSP3_7_0",0.0421761557450568,1,2.35,8
"SSP5_8_5",0.044243280778207,1,2.35,8
"SSP1_1_9",0.0185733137811819,1,2.5,8
"SSP1_2_6",0.0191246532829951,1,2.5,8
"SSP2_4_5",0.049602510898025,1,2.5,8
"SSP3_7_0",0.0436816918747277,1,2.5,8
"SSP5_8_5",0.0472233887979788,1,2.5,8
"SSP1_1_9",0.0199112518654879,1,2.35,8
"SSP1_2_6",0.0190080406958909,1,2.35,8
"SSP2_4_5",0.0513253285999056,1,2.35,8
"SSP3_7_0",0.0439394793670908,1,2.35,8
"SSP5_8_5",0.0467132692616413,1,2.35,8
"SSP1_1_9",0.0202654580578182,1,2.5,8
"SSP1_2_6",0.0203299665404252,1,2.5,8
"SSP2_4_5",0.0524196598801718,1,2.5,8
"SSP3_7_0",0.0454355395486388,1,2.5,8
"SSP5_8_5",0.0496696899899864,1,2.5,8
"SSP1_1_9",0.0210235128527464,1,2.5,8
"SSP1_2_6",0.022648942058795,1,2.5,8
"SSP2_4_5",0.0541691652744783,1,2.5,8
"SSP3_7_0",0.0470144552374102,1,2.5,8
"SSP5_8_5",0.0524466042872126,1,2.5,8
"SSP1_1_9",0.0226262277556977,1,2.35,8
"SSP1_2_6",0.0199263722601299,1,2.35,8
"SSP2_4_5",0.0541015034755427,1,2.35,8
"SSP3_7_0",0.0457559427021623,1,2.35,8
"SSP5_8_5",0.0489250530581197,1,2.35,8
"SSP1_1_9",0.02297846146444,1,2.5,8
"SSP1_2_6",0.0212457520582042,1,2.5,8
"SSP2_4_5",0.0551893703069924,1,2.5,8
"SSP3_7_0",0.0472415103835154,1,2.5,8
"SSP5_8_5",0.0518583382078828,1,2.5,8
"SSP1_1_9",0.0237322824320917,1,2.5,8
"SSP1_2_6",0.0235602850574618,1,2.5,8
"SSP2_4_5",0.056928568079509,1,2.5,8
"SSP3_7_0",0.0488086460563825,1,2.5,8
"SSP5_8_5",0.0546125118736202,1,2.5,8
"SSP1_1_9",0.0254065198671534,1,2.5,8
"SSP1_2_6",0.024754538283924,1,2.5,8
"SSP2_4_5",0.0597021777413728,1,2.5,8
"SSP3_7_0",0.0505258624287619,1,2.5,8
"SSP5_8_5",0.0569925685082884,1,2.5,8
"SSP1_1_9",0.0181694803510042,1,2.2,8
"SSP1_2_6",0.0160779217222582,1,2.2,8
"SSP2_4_5",0.0490959790566023,1,2.2,8
"SSP3_7_0",0.0424015264197646,1,2.2,8
"SSP5_8_5",0.0431931892824849,1,2.2,8
"SSP1_1_9",0.0189307863432697,1,2.35,8
"SSP1_2_6",0.018416341560222,1,2.35,8
"SSP2_4_5",0.0508574712469382,1,2.35,8
"SSP3_7_0",0.0439949079511391,1,2.35,8
"SSP5_8_5",0.0460208807241439,1,2.35,8
"SSP1_1_9",0.0192856892952838,1,2.5,8
"SSP1_2_6",0.0197394044745003,1,2.5,8
"SSP2_4_5",0.0519526492804041,1,2.5,8
"SSP3_7_0",0.0454884745193644,1,2.5,8
"SSP5_8_5",0.0489783809776594,1,2.5,8
"SSP1_1_9",0.0206215899026933,1,2.35,8
"SSP1_2_6",0.0196229783949235,1,2.35,8
"SSP2_4_5",0.0536665406351384,1,2.35,8
"SSP3_7_0",0.045742692584799,1,2.35,8
"SSP5_8_5",0.048470130936176,1,2.35,8
"SSP1_1_9",0.0209752580231893,1,2.5,8
"SSP1_2_6",0.0209427440570246,1,2.5,8
"SSP2_4_5",0.0547551984436481,1,2.5,8
"SSP3_7_0",0.0472269102616617,1,2.5,8
"SSP5_8_5",0.0514042519346953,1,2.5,8
"SSP1_1_9",0.0217321580628218,1,2.5,8
"SSP1_2_6",0.0232579490525898,1,2.5,8
"SSP2_4_5",0.0564956575818693,1,2.5,8
"SSP3_7_0",0.0487926353424983,1,2.5,8
"SSP5_8_5",0.0541594519272179,1,2.5,8
"SSP1_1_9",0.0233324563953033,1,2.35,8
"SSP1_2_6",0.0205397885805765,1,2.35,8
"SSP2_4_5",0.0564283074488578,1,2.35,8
"SSP3_7_0",0.0475423028759599,1,2.35,8
"SSP5_8_5",0.0506622572235882,1,2.35,8
"SSP1_1_9",0.0236841565712767,1,2.5,8
"SSP1_2_6",0.0218570149249678,1,2.5,8
"SSP2_4_5",0.0575105516549399,1,2.5,8
"SSP3_7_0",0.0490161699621608,1,2.5,8
"SSP5_8_5",0.0535735460684492,1,2.5,8
"SSP1_1_9",0.0244368325315076,1,2.5,8
"SSP1_2_6",0.0241677891070717,1,2.5,8
"SSP2_4_5",0.0592407840928365,1,2.5,8
"SSP3_7_0",0.0505702775388287,1,2.5,8
"SSP5_8_5",0.0563063072760638,1,2.5,8
"SSP1_1_9",0.0261085356453131,1,2.5,8
"SSP1_2_6",0.0253600977430325,1,2.5,8
"SSP2_4_5",0.0620001355018956,1,2.5,8
"SSP3_7_0",0.0522725884504396,1,2.5,8
"SSP5_8_5",0.0586668158688233,1,2.5,8
"SSP1_1_9",0.0247842944233972,1,2.35,8
"SSP1_2_6",0.0212986716484376,1,2.35,8
"SSP2_4_5",0.0589266687809031,1,2.35,8
"SSP3_7_0",0.0494107036259655,1,2.35,8
"SSP5_8_5",0.0526109201482262,1,2.35,8
"SSP1_1_9",0.0251349364432051,1,2.5,8
"SSP1_2_6",0.0226136138730394,1,2.5,8
"SSP2_4_5",0.060003054654737,1,2.5,8
"SSP3_7_0",0.0508733329811281,1,2.5,8
"SSP5_8_5",0.05550009981478,1,2.5,8
"SSP1_1_9",0.0258853411977748,1,2.5,8
"SSP1_2_6",0.0249204019740824,1,2.5,8
"SSP2_4_5",0.0617239456827013,1,2.5,8
"SSP3_7_0",0.0524148700528303,1,2.5,8
"SSP5_8_5",0.0582112364604203,1,2.5,8
"SSP1_1_9",0.0275520174306886,1,2.5,8
"SSP1_2_6",0.0261106462951753,1,2.5,8
"SSP2_4_5",0.0644684395858353,1,2.5,8
"SSP3_7_0",0.0541027458883387,1,2.5,8
"SSP5_8_5",0.0605518757297545,1,2.5,8
"SSP1_1_9",0.0302244309257589,1,2.5,8
"SSP1_2_6",0.0270148352241441,1,2.5,8
"SSP2_4_5",0.0671666864714022,1,2.5,8
"SSP3_7_0",0.0558367084922599,1,2.5,8
"SSP5_8_5",0.0626391825030113,1,2.5,8
"SSP1_1_9",0.0183970719269074,1,2.2,8
"SSP1_2_6",0.0162863316816545,1,2.2,8
"SSP2_4_5",0.0508371348092453,1,2.2,8
"SSP3_7_0",0.0438254679285101,1,2.2,8
"SSP5_8_5",0.0445240827129694,1,2.2,8
"SSP1_1_9",0.0191578402208287,1,2.35,8
"SSP1_2_6",0.0186218871361278,1,2.35,8
"SSP2_4_5",0.0525912333472699,1,2.35,8
"SSP3_7_0",0.0454068117583933,1,2.35,8
"SSP5_8_5",0.0473319568635366,1,2.35,8
"SSP1_1_9",0.0195124932838756,1,2.5,8
"SSP1_2_6",0.0199433324683048,1,2.5,8
"SSP2_4_5",0.0536818178101408,1,2.5,8
"SSP3_7_0",0.0468896779538026,1,2.5,8
"SSP5_8_5",0.0502695618758943,1,2.5,8
"SSP1_1_9",0.0208474533583172,1,2.35,8
"SSP1_2_6",0.0198270471928403,1,2.35,8
"SSP2_4_5",0.0553885466875435,1,2.35,8
"SSP3_7_0",0.0471408993816573,1,2.35,8
"SSP5_8_5",0.0497632602117226,1,2.35,8
"SSP1_1_9",0.0212008730390231,1,2.5,8
"SSP1_2_6",0.0211452026309969,1,2.5,8
"SSP2_4_5",0.0564726534890917,1,2.5,8
"SSP3_7_0",0.0486145324368187,1,2.5,8
"SSP5_8_5",0.0526777628278273,1,2.5,8
"SSP1_1_9",0.0219572405551206,1,2.5,8
"SSP1_2_6",0.0234575950146583,1,2.5,8
"SSP2_4_5",0.0582058562493982,1,2.5,8
"SSP3_7_0",0.0501685642090143,1,2.5,8
"SSP5_8_5",0.0554140034584018,1,2.5,8
"SSP1_1_9",0.0235564217307805,1,2.35,8
"SSP1_2_6",0.0207427316837359,1,2.35,8
"SSP2_4_5",0.058138758790659,1,2.35,8
"SSP3_7_0",0.0489257645874473,1,2.35,8
"SSP5_8_5",0.0519385469415472,1,2.35,8
"SSP1_1_9",0.0239078757685244,1,2.5,8
"SSP1_2_6",0.022058353470089,1,2.5,8
"SSP2_4_5",0.0592164937645436,1,2.5,8
"SSP3_7_0",0.0503891760404263,1,2.5,8
"SSP5_8_5",0.0548304893308403,1,2.5,8
"SSP1_1_9",0.0246600241453928,1,2.5,8
"SSP1_2_6",0.0243663248981224,1,2.5,8
"SSP2_4_5",0.0609395363071109,1,2.5,8
"SSP3_7_0",0.0519317374488982,1,2.5,8
"SSP5_8_5",0.0575445607126814,1,2.5,8
"SSP1_1_9",0.0263305591805643,1,2.5,8
"SSP1_2_6",0.0255571886374456,1,2.5,8
"SSP2_4_5",0.0636874548761624,1,2.5,8
"SSP3_7_0",0.0536209255030204,1,2.5,8
"SSP5_8_5",0.0598881865590763,1,2.5,8
"SSP1_1_9",0.0250072420033372,1,2.35,8
"SSP1_2_6",0.0215006560544588,1,2.35,8
"SSP2_4_5",0.0606265856648708,1,2.35,8
"SSP3_7_0",0.0507784427406857,1,2.35,8
"SSP5_8_5",0.0538715046981292,1,2.35,8
"SSP1_1_9",0.0253576391207596,1,2.5,8
"SSP1_2_6",0.022813998848751,1,2.5,8
"SSP2_4_5",0.0616985004801502,1,2.5,8
"SSP3_7_0",0.0522307567034589,1,2.5,8
"SSP5_8_5",0.056741602353778,1,2.5,8
"SSP1_1_9",0.0261075189445852,1,2.5,8
"SSP1_2_6",0.0251179931177223,1,2.5,8
"SSP2_4_5",0.0634122623651058,1,2.5,8
"SSP3_7_0",0.0537609072329654,1,2.5,8
"SSP5_8_5",0.0594343104338747,1,2.5,8
"SSP1_1_9",0.0277730329584725,1,2.5,8
"SSP1_2_6",0.0263067971543674,1,2.5,8
"SSP2_4_5",0.0661454197992502,1,2.5,8
"SSP3_7_0",0.0554358456972016,1,2.5,8
"SSP5_8_5",0.061758310675947,1,2.5,8
"SSP1_1_9",0.030443593126738,1,2.5,8
"SSP1_2_6",0.0272098884830104,1,2.5,8
"SSP2_4_5",0.0688325237906013,1,2.5,8
"SSP3_7_0",0.057155904179612,1,2.5,8
"SSP5_8_5",0.0638300520366878,1,2.5,8
"SSP1_1_9",0.0257096535625803,1,2.35,8
"SSP1_2_6",0.0221106887688376,1,2.35,8
"SSP2_4_5",0.0629179207926035,1,2.35,8
"SSP3_7_0",0.0525133372966431,1,2.35,8
"SSP5_8_5",0.0555582327533573,1,2.35,8
"SSP1_1_9",0.0260595214429115,1,2.5,8
"SSP1_2_6",0.0234218950727699,1,2.5,8
"SSP2_4_5",0.0639843398298198,1,2.5,8
"SSP3_7_0",0.0539544056111468,1,2.5,8
"SSP5_8_5",0.0584071759903563,1,2.5,8
"SSP1_1_9",0.0268082654833778,1,2.5,8
"SSP1_2_6",0.0257221600384872,1,2.5,8
"SSP2_4_5",0.0656893382580255,1,2.5,8
"SSP3_7_0",0.05547204627529,1,2.5,8
"SSP5_8_5",0.0610793038971599,1,2.5,8
"SSP1_1_9",0.0284712655512235,1,2.5,8
"SSP1_2_6",0.0269090347511192,1,2.5,8
"SSP2_4_5",0.0684085576949821,1,2.5,8
"SSP3_7_0",0.0571326818219914,1,2.5,8
"SSP5_8_5",0.0633845331553788,1,2.5,8
"SSP1_1_9",0.0311378186977131,1,2.5,8
"SSP1_2_6",0.0278106456296951,1,2.5,8
"SSP2_4_5",0.0710819541749766,1,2.5,8
"SSP3_7_0",0.0588372561639076,1,2.5,8
"SSP5_8_5",0.0654385339967693,1,2.5,8
"SSP1_1_9",0.0325658331708632,1,2.5,8
"SSP1_2_6",0.0285559511902628,1,2.5,8
"SSP2_4_5",0.0734996289091462,1,2.5,8
"SSP3_7_0",0.0606034558112076,1,2.5,8
"SSP5_8_5",0.0672556492285497,1,2.5,8
"SSP1_1_9",0.0186969799405481,1,2.2,8
"SSP1_2_6",0.016566918721912,1,2.2,8
"SSP2_4_5",0.0523545643134919,1,2.2,8
"SSP3_7_0",0.0443178420655484,1,2.2,8
"SSP5_8_5",0.0449039334672313,1,2.2,8
"SSP1_1_9",0.0194569106339365,1,2.35,8
"SSP1_2_6",0.0188966879760642,1,2.35,8
"SSP2_4_5",0.0541008845647511,1,2.35,8
"SSP3_7_0",0.0458893241599935,1,2.35,8
"SSP5_8_5",0.0476953238420545,1,2.35,8
"SSP1_1_9",0.0198111743139724,1,2.5,8
"SSP1_2_6",0.0202148677370619,1,2.5,8
"SSP2_4_5",0.0551866383821657,1,2.5,8
"SSP3_7_0",0.0473631692494042,1,2.5,8
"SSP5_8_5",0.0506160102803247,1,2.5,8
"SSP1_1_9",0.0211446692027773,1,2.35,8
"SSP1_2_6",0.0200988676601134,1,2.35,8
"SSP2_4_5",0.0568858340995832,1,2.35,8
"SSP3_7_0",0.047612469660845,1,2.35,8
"SSP5_8_5",0.0501122223579801,1,2.35,8
"SSP1_1_9",0.021497701826619,1,2.5,8
"SSP1_2_6",0.0214137728329155,1,2.5,8
"SSP2_4_5",0.0579651570858606,1,2.5,8
"SSP3_7_0",0.0490771874752418,1,2.5,8
"SSP5_8_5",0.0530100612710544,1,2.5,8
"SSP1_1_9",0.0222532400473491,1,2.5,8
"SSP1_2_6",0.0237204867340614,1,2.5,8
"SSP2_4_5",0.0596907326013245,1,2.5,8
"SSP3_7_0",0.0506216713327333,1,2.5,8
"SSP5_8_5",0.0557306083067799,1,2.5,8
"SSP1_1_9",0.0238506800055902,1,2.35,8
"SSP1_2_6",0.0210122845402217,1,2.35,8
"SSP2_4_5",0.0596239059294864,1,2.35,8
"SSP3_7_0",0.0493859061885139,1,2.35,8
"SSP5_8_5",0.0522744905729583,1,2.35,8
"SSP1_1_9",0.0242017506808938,1,2.5,8
"SSP1_2_6",0.0223246678405292,1,2.5,8
"SSP2_4_5",0.0606969030297467,1,2.5,8
"SSP3_7_0",0.0508405194753378,1,2.5,8
"SSP5_8_5",0.0551500174128117,1,2.5,8
"SSP1_1_9",0.0249530776910342,1,2.5,8
"SSP1_2_6",0.0246269812810966,1,2.5,8
"SSP2_4_5",0.0624123914377416,1,2.5,8
"SSP3_7_0",0.0523736647869247,1,2.5,8
"SSP5_8_5",0.0578486384754524,1,2.5,8
"SSP1_1_9",0.0266217940174696,1,2.5,8
"SSP1_2_6",0.0258149309534862,1,2.5,8
"SSP2_4_5",0.0651483016986522,1,2.5,8
"SSP3_7_0",0.0540524267590114,1,2.5,8
"SSP5_8_5",0.0601788235537387,1,2.5,8
"SSP1_1_9",0.0252999158120905,1,2.35,8
"SSP1_2_6",0.0217682975354897,1,2.35,8
"SSP2_4_5",0.0621006906464757,1,2.35,8
"SSP3_7_0",0.0512266437288688,1,2.35,8
"SSP5_8_5",0.0541957596449625,1,2.35,8
"SSP1_1_9",0.0256499315501661,1,2.5,8
"SSP1_2_6",0.0230784124748862,1,2.5,8
"SSP2_4_5",0.0631679095279556,1,2.5,8
"SSP3_7_0",0.0526702862022875,1,2.5,8
"SSP5_8_5",0.0570496811984202,1,2.5,8
"SSP1_1_9",0.0263989942631073,1,2.5,8
"SSP1_2_6",0.025376767254883,1,2.5,8
"SSP2_4_5",0.0648741840209798,1,2.5,8
"SSP3_7_0",0.0541911628277753,1,2.5,8
"SSP5_8_5",0.0597271726366119,1,2.5,8
"SSP1_1_9",0.0280626989695254,1,2.5,8
"SSP1_2_6",0.0265626667839083,1,2.5,8
"SSP2_4_5",0.0675954390013344,1,2.5,8
"SSP3_7_0",0.0558558386552853,1,2.5,8
"SSP5_8_5",0.0620379465797204,1,2.5,8
"SSP1_1_9",0.0307303734557988,1,2.5,8
"SSP1_2_6",0.0274635488732373,1,2.5,8
"SSP2_4_5",0.0702708553303584,1,2.5,8
"SSP3_7_0",0.0575652130389804,1,2.5,8
"SSP5_8_5",0.0640978041706114,1,2.5,8
"SSP1_1_9",0.0260015463968608,1,2.35,8
"SSP1_2_6",0.0223767325672453,1,2.35,8
"SSP2_4_5",0.0643816850798614,1,2.35,8
"SSP3_7_0",0.052950171273048,1,2.35,8
"SSP5_8_5",0.0558721309960713,1,2.35,8
"SSP1_1_9",0.0263510338948812,1,2.5,8
"SSP1_2_6",0.0236847210450737,1,2.5,8
"SSP2_4_5",0.0654434478936146,1,2.5,8
"SSP3_7_0",0.054382696141555,1,2.5,8
"SSP5_8_5",0.0587051292307925,1,2.5,8
"SSP1_1_9",0.0270989629639385,1,2.5,8
"SSP1_2_6",0.0259793639738155,1,2.5,8
"SSP2_4_5",0.0671410221245979,1,2.5,8
"SSP3_7_0",0.0558912059541865,1,2.5,8
"SSP5_8_5",0.0613622649198119,1,2.5,8
"SSP1_1_9",0.0287601584505474,1,2.5,8
"SSP1_2_6",0.0271633431882272,1,2.5,8
"SSP2_4_5",0.0698484393323207,1,2.5,8
"SSP3_7_0",0.0575417426899729,1,2.5,8
"SSP5_8_5",0.0636544724851476,1,2.5,8
"SSP1_1_9",0.0314238334221139,1,2.5,8
"SSP1_2_6",0.0280627517381002,1,2.5,8
"SSP2_4_5",0.072510246463742,1,2.5,8
"SSP3_7_0",0.0592358105716717,1,2.5,8
"SSP5_8_5",0.0656967827729254,1,2.5,8
"SSP1_1_9",0.0328503060459073,1,2.5,8
"SSP1_2_6",0.0288062046706629,1,2.5,8
"SSP2_4_5",0.0749173819237564,1,2.5,8
"SSP3_7_0",0.0609910603824087,1,2.5,8
"SSP5_8_5",0.0675034744185648,1,2.5,8
"SSP1_1_9",0.0262234717286652,1,2.35,8
"SSP1_2_6",0.0225767895646205,1,2.35,8
"SSP2_4_5",0.06605574055701,1,2.35,8
"SSP3_7_0",0.0542800979761051,1,2.35,8
"SSP5_8_5",0.0570982701450175,1,2.35,8
"SSP1_1_9",0.0265727157315819,1,2.5,8
"SSP1_2_6",0.0238831948731417,1,2.5,8
"SSP2_4_5",0.0671131304484663,1,2.5,8
"SSP3_7_0",0.0557026934781359,1,2.5,8
"SSP5_8_5",0.059912875087317,1,2.5,8
"SSP1_1_9",0.0273201228886012,1,2.5,8
"SSP1_2_6",0.0261750722716347,1,2.5,8
"SSP2_4_5",0.0688037317121579,1,2.5,8
"SSP3_7_0",0.057200251035968,1,2.5,8
"SSP5_8_5",0.0625522550025366,1,2.5,8
"SSP1_1_9",0.028980162824879,1,2.5,8
"SSP1_2_6",0.0273576257827884,1,2.5,8
"SSP2_4_5",0.0715000601517897,1,2.5,8
"SSP3_7_0",0.0588383505037954,1,2.5,8
"SSP5_8_5",0.0648284418359589,1,2.5,8
"SSP1_1_9",0.0316419950624429,1,2.5,8
"SSP1_2_6",0.0282559478759493,1,2.5,8
"SSP2_4_5",0.0741509673951752,1,2.5,8
"SSP3_7_0",0.0605190599515027,1,2.5,8
"SSP5_8_5",0.0668557752005657,1,2.5,8
"SSP1_1_9",0.0330674796632657,1,2.5,8
"SSP1_2_6",0.0289984772117869,1,2.5,8
"SSP2_4_5",0.0765481665049944,1,2.5,8
"SSP3_7_0",0.0622600832187707,1,2.5,8
"SSP5_8_5",0.0686485479345216,1,2.5,8
"SSP1_1_9",0.0337572263907488,1,2.5,8
"SSP1_2_6",0.0295944140003969,1,2.5,8
"SSP2_4_5",0.0786812995917255,1,2.5,8
"SSP3_7_0",0.063884081707388,1,2.5,8
"SSP5_8_5",0.0702027527685014,1,2.5,8
"SSP1_1_9",0.0188333620174575,1,2.2,8
"SSP1_2_6",0.0166364855550159,1,2.2,8
"SSP2_4_5",0.0506389594460001,1,2.2,8
"SSP3_7_0",0.0423410265419443,1,2.2,8
"SSP5_8_5",0.0428875575047764,1,2.2,8
"SSP1_1_9",0.0195922988170555,1,2.35,8
"SSP1_2_6",0.0189543299103209,1,2.35,8
"SSP2_4_5",0.0523777645230981,1,2.35,8
"SSP3_7_0",0.0439096580746933,1,2.35,8
"SSP5_8_5",0.0456729276982926,1,2.35,8
"SSP1_1_9",0.0199460999861857,1,2.5,8
"SSP1_2_6",0.0202657868396193,1,2.5,8
"SSP2_4_5",0.0534609554942515,1,2.5,8
"SSP3_7_0",0.0453801123922359,1,2.5,8
"SSP5_8_5",0.0485863629848035,1,2.5,8
"SSP1_1_9",0.0212778560268267,1,2.35,8
"SSP1_2_6",0.0201503773015281,1,2.35,8
"SSP2_4_5",0.0551477611862042,1,2.35,8
"SSP3_7_0",0.045630500759795,1,2.35,8
"SSP5_8_5",0.0480860889249033,1,2.35,8
"SSP1_1_9",0.0216304291777132,1,2.5,8
"SSP1_2_6",0.0214585927471545,1,2.5,8
"SSP2_4_5",0.0562245682980506,1,2.5,8
"SSP3_7_0",0.0470918937477174,1,2.5,8
"SSP5_8_5",0.0509768442059267,1,2.5,8
"SSP1_1_9",0.0223849843466378,1,2.5,8
"SSP1_2_6",0.0237536148224251,1,2.5,8
"SSP2_4_5",0.0579427906267687,1,2.5,8
"SSP3_7_0",0.0486337193889488,1,2.5,8
"SSP5_8_5",0.0536918914269535,1,2.5,8
"SSP1_1_9",0.0239803543652033,1,2.35,8
"SSP1_2_6",0.0210591436286162,1,2.35,8
"SSP2_4_5",0.05784840200735,1,2.35,8
"SSP3_7_0",0.0474026410749661,1,2.35,8
"SSP5_8_5",0.0502464816107776,1,2.35,8
"SSP1_1_9",0.0243309703927079,1,2.5,8
"SSP1_2_6",0.0223648626566472,1,2.5,8
"SSP2_4_5",0.0589189553372757,1,2.5,8
"SSP3_7_0",0.048854000009885,1,2.5,8
"SSP5_8_5",0.0531150822465713,1,2.5,8
"SSP1_1_9",0.0250813247015548,1,2.5,8
"SSP1_2_6",0.024655528564013,1,2.5,8
"SSP2_4_5",0.0606272151914773,1,2.5,8
"SSP3_7_0",0.0503845617061241,1,2.5,8
"SSP5_8_5",0.0558083507475015,1,2.5,8
"SSP1_1_9",0.0267478864842973,1,2.5,8
"SSP1_2_6",0.0258374893169323,1,2.5,8
"SSP2_4_5",0.063348653985203,1,2.5,8
"SSP3_7_0",0.0520613175855916,1,2.5,8
"SSP5_8_5",0.0581353917299515,1,2.5,8
"SSP1_1_9",0.0254277138676331,1,2.35,8
"SSP1_2_6",0.0218113082601247,1,2.35,8
"SSP2_4_5",0.0602585339069078,1,2.35,8
"SSP3_7_0",0.0492428265858289,1,2.35,8
"SSP5_8_5",0.052167486563092,1,2.35,8
"SSP1_1_9",0.0257772775453815,1,2.5,8
"SSP1_2_6",0.0231147817992865,1,2.5,8
"SSP2_4_5",0.0613234118030107,1,2.5,8
"SSP3_7_0",0.0506832892667723,1,2.5,8
"SSP5_8_5",0.0550146288688308,1,2.5,8
"SSP1_1_9",0.0265253731072903,1,2.5,8
"SSP1_2_6",0.0254015288472393,1,2.5,8
"SSP2_4_5",0.0630226306243964,1,2.5,8
"SSP3_7_0",0.0522016604751328,1,2.5,8
"SSP5_8_5",0.0576869035230492,1,2.5,8
"SSP1_1_9",0.0281869355312008,1,2.5,8
"SSP1_2_6",0.0265814600128294,1,2.5,8
"SSP2_4_5",0.0657296972155793,1,2.5,8
"SSP3_7_0",0.0538644151023358,1,2.5,8
"SSP5_8_5",0.0599946485706636,1,2.5,8
"SSP1_1_9",0.0308511913882855,1,2.5,8
"SSP1_2_6",0.0274778175644497,1,2.5,8
"SSP2_4_5",0.068368695261746,1,2.5,8
"SSP3_7_0",0.0555728900923834,1,2.5,8
"SSP5_8_5",0.0620532769873637,1,2.5,8
"SSP1_1_9",0.0261284313280326,1,2.35,8
"SSP1_2_6",0.0224166421807432,1,2.35,8
"SSP2_4_5",0.0623953157160793,1,2.35,8
"SSP3_7_0",0.0509671362103225,1,2.35,8
"SSP5_8_5",0.0538452315491236,1,2.35,8
"SSP1_1_9",0.0264774680616353,1,2.5,8
"SSP1_2_6",0.0237180106815203,1,2.5,8
"SSP2_4_5",0.063454927070601,1,2.5,8
"SSP3_7_0",0.0523965540417092,1,2.5,8
"SSP5_8_5",0.0566715872186552,1,2.5,8
"SSP1_1_9",0.0272244327590738,1,2.5,8
"SSP1_2_6",0.0260010831620879,1,2.5,8
"SSP2_4_5",0.0651457566384357,1,2.5,8
"SSP3_7_0",0.0539026335978744,1,2.5,8
"SSP5_8_5",0.0593236306002877,1,2.5,8
"SSP1_1_9",0.0288834921033498,1,2.5,8
"SSP1_2_6",0.0271791132467555,1,2.5,8
"SSP2_4_5",0.0678394885202918,1,2.5,8
"SSP3_7_0",0.0555513296170802,1,2.5,8
"SSP5_8_5",0.0616129125213765,1,2.5,8
"SSP1_1_9",0.0315437581992411,1,2.5,8
"SSP1_2_6",0.0280740119923908,1,2.5,8
"SSP2_4_5",0.0704654336046692,1,2.5,8
"SSP3_7_0",0.057244578425417,1,2.5,8
"SSP5_8_5",0.0636540815337405,1,2.5,8
"SSP1_1_9",0.0329684100661563,1,2.5,8
"SSP1_2_6",0.0288137426123673,1,2.5,8
"SSP2_4_5",0.0728078118574795,1,2.5,8
"SSP3_7_0",0.0589997691188763,1,2.5,8
"SSP5_8_5",0.0654611687583849,1,2.5,8
"SSP1_1_9",0.0263500404036295,1,2.35,8
"SSP1_2_6",0.0226156546275932,1,2.35,8
"SSP2_4_5",0.0639884091214122,1,2.35,8
"SSP3_7_0",0.0522996409034766,1,2.35,8
"SSP5_8_5",0.0550746798173012,1,2.35,8
"SSP1_1_9",0.0266988342486233,1,2.5,8
"SSP1_2_6",0.0239154559143992,1,2.5,8
"SSP2_4_5",0.0650437596690486,1,2.5,8
"SSP3_7_0",0.0537191907371183,1,2.5,8
"SSP5_8_5",0.0578827555910441,1,2.5,8
"SSP1_1_9",0.0274452783332958,1,2.5,8
"SSP1_2_6",0.0261957906418388,1,2.5,8
"SSP2_4_5",0.0667278026498372,1,2.5,8
"SSP3_7_0",0.0552143798027311,1,2.5,8
"SSP5_8_5",0.0605171440792285,1,2.5,8
"SSP1_1_9",0.0291031849978189,1,2.5,8
"SSP1_2_6",0.0273724092970486,1,2.5,8
"SSP2_4_5",0.0694107492205828,1,2.5,8
"SSP3_7_0",0.0568507030821157,1,2.5,8
"SSP5_8_5",0.0627904857845993,1,2.5,8
"SSP1_1_9",0.0317616129200952,1,2.5,8
"SSP1_2_6",0.0282662324423301,1,2.5,8
"SSP2_4_5",0.0720261453351143,1,2.5,8
"SSP3_7_0",0.0585306557131996,1,2.5,8
"SSP5_8_5",0.0648167431557879,1,2.5,8
"SSP1_1_9",0.0331852792025999,1,2.5,8
"SSP1_2_6",0.0290050486812012,1,2.5,8
"SSP2_4_5",0.0743589834795986,1,2.5,8
"SSP3_7_0",0.0602716809588144,1,2.5,8
"SSP5_8_5",0.0664300186248643,1,2.5,8
"SSP1_1_9",0.033874141825556,1,2.5,8
"SSP1_2_6",0.0295980096142413,1,2.5,8
"SSP2_4_5",0.0764241859657257,1,2.5,8
"SSP3_7_0",0.0618969758369416,1,2.5,8
"SSP5_8_5",0.0677050224211094,1,2.5,8
"SSP1_1_9",0.0266407289093208,1,2.35,8
"SSP1_2_6",0.0228784310986052,1,2.35,8
"SSP2_4_5",0.0645252628484398,1,2.35,8
"SSP3_7_0",0.0527309328828272,1,2.35,8
"SSP5_8_5",0.0553075537958005,1,2.35,8
"SSP1_1_9",0.0269891445635363,1,2.5,8
"SSP1_2_6",0.0241750698642178,1,2.5,8
"SSP2_4_5",0.0655770801035574,1,2.5,8
"SSP3_7_0",0.0541421924571185,1,2.5,8
"SSP5_8_5",0.0576337917136515,1,2.5,8
"SSP1_1_9",0.0277347783724763,1,2.5,8
"SSP1_2_6",0.026449878839124,1,2.5,8
"SSP2_4_5",0.0672554989968472,1,2.5,8
"SSP3_7_0",0.0556285190996682,1,2.5,8
"SSP5_8_5",0.0597850827023112,1,2.5,8
"SSP1_1_9",0.0293908908301279,1,2.5,8
"SSP1_2_6",0.0276236514581712,1,2.5,8
"SSP2_4_5",0.0699295195915734,1,2.5,8
"SSP3_7_0",0.0572550378076707,1,2.5,8
"SSP5_8_5",0.0616357030794824,1,2.5,8
"SSP1_1_9",0.0320464570585868,1,2.5,8
"SSP1_2_6",0.0285153098728314,1,2.5,8
"SSP2_4_5",0.0725362330516674,1,2.5,8
"SSP3_7_0",0.0589247866617492,1,2.5,8
"SSP5_8_5",0.0633405749243411,1,2.5,8
"SSP1_1_9",0.0334685903080264,1,2.5,8
"SSP1_2_6",0.0292523053004379,1,2.5,8
"SSP2_4_5",0.0748613099366856,1,2.5,8
"SSP3_7_0",0.0606551739886019,1,2.5,8
"SSP5_8_5",0.0648660513009425,1,2.5,8
"SSP1_1_9",0.0341566977504314,1,2.5,8
"SSP1_2_6",0.0298437505456172,1,2.5,8
"SSP2_4_5",0.0769195547655793,1,2.5,8
"SSP3_7_0",0.0622703835213303,1,2.5,8
"SSP5_8_5",0.0661422336891846,1,2.5,8
"SSP1_1_9",0.0343725807400107,1,2.5,8
"SSP1_2_6",0.0300332512088843,1,2.5,8
"SSP2_4_5",0.0784496165608306,1,2.5,8
"SSP3_7_0",0.0635085038762165,1,2.5,8
"SSP5_8_5",0.0666369861329526,1,2.5,8
"SSP1_1_9",0.0174609221266544,1.15,2.2,8
"SSP1_2_6",0.0106450822985896,1.15,2.2,8
"SSP2_4_5",0.0408422829599321,1.15,2.2,8
"SSP3_7_0",0.0319275568028924,1.15,2.2,8
"SSP5_8_5",0.0318494472687802,1.15,2.2,8
"SSP1_1_9",0.0182176601531513,1.15,2.35,8
"SSP1_2_6",0.0129606299707979,1.15,2.35,8
"SSP2_4_5",0.0425907456574991,1.15,2.35,8
"SSP3_7_0",0.0334701670106922,1.15,2.35,8
"SSP5_8_5",0.0341812260648979,1.15,2.35,8
"SSP1_1_9",0.0185709255385772,1.15,2.5,8
"SSP1_2_6",0.0142715036181509,1.15,2.5,8
"SSP2_4_5",0.0436799720178081,1.15,2.5,8
"SSP3_7_0",0.0349527345211567,1.15,2.5,8
"SSP5_8_5",0.0366470508453722,1.15,2.5,8
"SSP1_1_9",0.01989781884562,1.15,2.35,8
"SSP1_2_6",0.0141524234070959,1.15,2.35,8
"SSP2_4_5",0.0453762079156443,1.15,2.35,8
"SSP3_7_0",0.0350994798877345,1.15,2.35,8
"SSP5_8_5",0.0362043629270056,1.15,2.35,8
"SSP1_1_9",0.0202498619241731,1.15,2.5,8
"SSP1_2_6",0.0154600827863444,1.15,2.5,8
"SSP2_4_5",0.0464590455951305,1.15,2.5,8
"SSP3_7_0",0.0365732011385951,1.15,2.5,8
"SSP5_8_5",0.0386511760385008,1.15,2.5,8
"SSP1_1_9",0.0210022410709409,1.15,2.5,8
"SSP1_2_6",0.0177529821021211,1.15,2.5,8
"SSP2_4_5",0.0481869100576921,1.15,2.5,8
"SSP3_7_0",0.0380896688159242,1.15,2.5,8
"SSP5_8_5",0.0409242820013786,1.15,2.5,8
"SSP1_1_9",0.0225894301885282,1.15,2.35,8
"SSP1_2_6",0.0150522176859364,1.15,2.35,8
"SSP2_4_5",0.0480924383601621,1.15,2.35,8
"SSP3_7_0",0.0367288998513821,1.15,2.35,8
"SSP5_8_5",0.0380816746372721,1.15,2.35,8
"SSP1_1_9",0.0229395260354501,1.15,2.5,8
"SSP1_2_6",0.0163574092119251,1.15,2.5,8
"SSP2_4_5",0.0491690167731802,1.15,2.5,8
"SSP3_7_0",0.0381929135221129,1.15,2.5,8
"SSP5_8_5",0.0405096449347836,1.15,2.5,8
"SSP1_1_9",0.0236877284432786,1.15,2.5,8
"SSP1_2_6",0.0186460031708769,1.15,2.5,8
"SSP2_4_5",0.0508869098243867,1.15,2.5,8
"SSP3_7_0",0.0396986790424962,1.15,2.5,8
"SSP5_8_5",0.0427643266191102,1.15,2.5,8
"SSP1_1_9",0.0253489982330599,1.15,2.5,8
"SSP1_2_6",0.0198238442131516,1.15,2.5,8
"SSP2_4_5",0.0536237735685916,1.15,2.5,8
"SSP3_7_0",0.0412861402799055,1.15,2.5,8
"SSP5_8_5",0.0447152836257906,1.15,2.5,8
"SSP1_1_9",0.0240199401100627,1.15,2.35,8
"SSP1_2_6",0.0157893854020108,1.15,2.35,8
"SSP2_4_5",0.0504810398542609,1.15,2.35,8
"SSP3_7_0",0.0383649053782768,1.15,2.35,8
"SSP5_8_5",0.0397764339215646,1.15,2.35,8
"SSP1_1_9",0.0243689928844558,1.15,2.5,8
"SSP1_2_6",0.017092366403945,1.15,2.5,8
"SSP2_4_5",0.0515483918327164,1.15,2.5,8
"SSP3_7_0",0.0398184822066297,1.15,2.5,8
"SSP5_8_5",0.0421860687417221,1.15,2.5,8
"SSP1_1_9",0.0251149580592664,1.15,2.5,8
"SSP1_2_6",0.0193771034415985,1.15,2.5,8
"SSP2_4_5",0.0532485156860223,1.15,2.5,8
"SSP3_7_0",0.0413128027388034,1.15,2.5,8
"SSP5_8_5",0.0444229060151404,1.15,2.5,8
"SSP1_1_9",0.0267712768268821,1.15,2.5,8
"SSP1_2_6",0.0205529499298048,1.15,2.5,8
"SSP2_4_5",0.0559419595469132,1.15,2.5,8
"SSP3_7_0",0.0428874442052107,1.15,2.5,8
"SSP5_8_5",0.0463574106040309,1.15,2.5,8
"SSP1_1_9",0.0294249078920911,1.15,2.5,8
"SSP1_2_6",0.0214405046375661,1.15,2.5,8
"SSP2_4_5",0.0585428554491469,1.15,2.5,8
"SSP3_7_0",0.0444577667215129,1.15,2.5,8
"SSP5_8_5",0.048147662064719,1.15,2.5,8
"SSP1_1_9",0.0246840602691129,1.15,2.35,8
"SSP1_2_6",0.0163607584332307,1.15,2.35,8
"SSP2_4_5",0.0524066883224405,1.15,2.35,8
"SSP3_7_0",0.0398339793275723,1.15,2.35,8
"SSP5_8_5",0.0412168714886671,1.15,2.35,8
"SSP1_1_9",0.0250326009113871,1.15,2.5,8
"SSP1_2_6",0.0176616938108701,1.15,2.5,8
"SSP2_4_5",0.0534690321525516,1.15,2.5,8
"SSP3_7_0",0.0412770765393871,1.15,2.5,8
"SSP5_8_5",0.0436089292093605,1.15,2.5,8
"SSP1_1_9",0.0257774679324561,1.15,2.5,8
"SSP1_2_6",0.0199428608719868,1.15,2.5,8
"SSP2_4_5",0.0551611868301087,1.15,2.5,8
"SSP3_7_0",0.0427599934447897,1.15,2.5,8
"SSP5_8_5",0.0458287726630573,1.15,2.5,8
"SSP1_1_9",0.0274313563479054,1.15,2.5,8
"SSP1_2_6",0.021116863734673,1.15,2.5,8
"SSP2_4_5",0.05784200477726,1.15,2.5,8
"SSP3_7_0",0.0443219511605741,1.15,2.5,8
"SSP5_8_5",0.0477477379334534,1.15,2.5,8
"SSP1_1_9",0.0300811151068523,1.15,2.5,8
"SSP1_2_6",0.0220030098555393,1.15,2.5,8
"SSP2_4_5",0.0604306128013256,1.15,2.5,8
"SSP3_7_0",0.0458788195343266,1.15,2.5,8
"SSP5_8_5",0.0495229651460877,1.15,2.5,8
"SSP1_1_9",0.0314892083747583,1.15,2.5,8
"SSP1_2_6",0.0227279984311763,1.15,2.5,8
"SSP2_4_5",0.0626607375901135,1.15,2.5,8
"SSP3_7_0",0.0474378534835031,1.15,2.5,8
"SSP5_8_5",0.0511195737836935,1.15,2.5,8
"SSP1_1_9",0.0250718606049172,1.15,2.35,8
"SSP1_2_6",0.0167305067614325,1.15,2.35,8
"SSP2_4_5",0.0532184659416128,1.15,2.35,8
"SSP3_7_0",0.0404699262930302,1.15,2.35,8
"SSP5_8_5",0.0418452262310312,1.15,2.35,8
"SSP1_1_9",0.0254200991955007,1.15,2.5,8
"SSP1_2_6",0.0180296569908857,1.15,2.5,8
"SSP2_4_5",0.0542774485702821,1.15,2.5,8
"SSP3_7_0",0.0419046918367984,1.15,2.5,8
"SSP5_8_5",0.0442235174438682,1.15,2.5,8
"SSP1_1_9",0.0261643185652469,1.15,2.5,8
"SSP1_2_6",0.0203077077631075,1.15,2.5,8
"SSP2_4_5",0.0559642586033395,1.15,2.5,8
"SSP3_7_0",0.0433787961531865,1.15,2.5,8
"SSP5_8_5",0.046430340164625,1.15,2.5,8
"SSP1_1_9",0.0278167736302105,1.15,2.5,8
"SSP1_2_6",0.0214801042373625,1.15,2.5,8
"SSP2_4_5",0.0586366238293017,1.15,2.5,8
"SSP3_7_0",0.044931212287185,1.15,2.5,8
"SSP5_8_5",0.0483377319518148,1.15,2.5,8
"SSP1_1_9",0.0304642485768547,1.15,2.5,8
"SSP1_2_6",0.0223650276009299,1.15,2.5,8
"SSP2_4_5",0.0612170474446433,1.15,2.5,8
"SSP3_7_0",0.0464782592702449,1.15,2.5,8
"SSP5_8_5",0.0501020203654869,1.15,2.5,8
"SSP1_1_9",0.0318711196130067,1.15,2.5,8
"SSP1_2_6",0.0230889642799513,1.15,2.5,8
"SSP2_4_5",0.0634400000033297,1.15,2.5,8
"SSP3_7_0",0.0480272257266516,1.15,2.5,8
"SSP5_8_5",0.051688527469933,1.15,2.5,8
"SSP1_1_9",0.0325236433623496,1.15,2.5,8
"SSP1_2_6",0.0236482356234297,1.15,2.5,8
"SSP2_4_5",0.0653007887818865,1.15,2.5,8
"SSP3_7_0",0.0494111032175331,1.15,2.5,8
"SSP5_8_5",0.053027510651931,1.15,2.5,8
"SSP1_1_9",0.0249343602099176,1.15,2.35,8
"SSP1_2_6",0.0166717618025748,1.15,2.35,8
"SSP2_4_5",0.051303617919009,1.15,2.35,8
"SSP3_7_0",0.0388239345187531,1.15,2.35,8
"SSP5_8_5",0.0403804206409199,1.15,2.35,8
"SSP1_1_9",0.0252815916322569,1.15,2.5,8
"SSP1_2_6",0.0179674673034096,1.15,2.5,8
"SSP2_4_5",0.0523618454426762,1.15,2.5,8
"SSP3_7_0",0.0402549706049989,1.15,2.5,8
"SSP5_8_5",0.0427524245609804,1.15,2.5,8
"SSP1_1_9",0.0260225770127618,1.15,2.5,8
"SSP1_2_6",0.0202380127745583,1.15,2.5,8
"SSP2_4_5",0.0540474715796189,1.15,2.5,8
"SSP3_7_0",0.0417260303287146,1.15,2.5,8
"SSP5_8_5",0.0449542921551609,1.15,2.5,8
"SSP1_1_9",0.0276664386875431,1.15,2.5,8
"SSP1_2_6",0.0214004603872346,1.15,2.5,8
"SSP2_4_5",0.0567180298434502,1.15,2.5,8
"SSP3_7_0",0.0432761006310492,1.15,2.5,8
"SSP5_8_5",0.0468584466788382,1.15,2.5,8
"SSP1_1_9",0.0302998033195339,1.15,2.5,8
"SSP1_2_6",0.0222715752104892,1.15,2.5,8
"SSP2_4_5",0.0592968858089862,1.15,2.5,8
"SSP3_7_0",0.0448218579951735,1.15,2.5,8
"SSP5_8_5",0.0486205820081881,1.15,2.5,8
"SSP1_1_9",0.0316757118114495,1.15,2.5,8
"SSP1_2_6",0.0229636515679831,1.15,2.5,8
"SSP2_4_5",0.0615188858176887,1.15,2.5,8
"SSP3_7_0",0.0463704135806781,1.15,2.5,8
"SSP5_8_5",0.0502060711072737,1.15,2.5,8
"SSP1_1_9",0.0323262630852201,1.15,2.5,8
"SSP1_2_6",0.0235214938267846,1.15,2.5,8
"SSP2_4_5",0.0633795958273574,1.15,2.5,8
"SSP3_7_0",0.0477552861019441,1.15,2.5,8
"SSP5_8_5",0.0515455211503121,1.15,2.5,8
"SSP1_1_9",0.0326073870919325,1.15,2.5,8
"SSP1_2_6",0.0237779656243744,1.15,2.5,8
"SSP2_4_5",0.0641513425036778,1.15,2.5,8
"SSP3_7_0",0.048334660351255,1.15,2.5,8
"SSP5_8_5",0.052104421009213,1.15,2.5,8
"SSP1_1_9",0.0234552657902183,1.3,2.35,8
"SSP1_2_6",0.0150648339768201,1.3,2.35,8
"SSP2_4_5",0.0419062952819814,1.3,2.35,8
"SSP3_7_0",0.0300902304558058,1.3,2.35,8
"SSP5_8_5",0.030357953354676,1.3,2.35,8
"SSP1_1_9",0.023802629355643,1.3,2.5,8
"SSP1_2_6",0.0163562628657157,1.3,2.5,8
"SSP2_4_5",0.0429629171310531,1.3,2.5,8
"SSP3_7_0",0.031532184665883,1.3,2.5,8
"SSP5_8_5",0.0323058811769507,1.3,2.5,8
"SSP1_1_9",0.0245439090024424,1.3,2.5,8
"SSP1_2_6",0.0186193331695497,1.3,2.5,8
"SSP2_4_5",0.0446297391902379,1.3,2.5,8
"SSP3_7_0",0.0329973961024522,1.3,2.5,8
"SSP5_8_5",0.0341560389801378,1.3,2.5,8
"SSP1_1_9",0.0261663568876144,1.3,2.5,8
"SSP1_2_6",0.0197780137856152,1.3,2.5,8
"SSP2_4_5",0.0472467618711066,1.3,2.5,8
"SSP3_7_0",0.0345075429483714,1.3,2.5,8
"SSP5_8_5",0.0357937307076842,1.3,2.5,8
"SSP1_1_9",0.0287273476545222,1.3,2.5,8
"SSP1_2_6",0.0206463796197691,1.3,2.5,8
"SSP2_4_5",0.0496922525029949,1.3,2.5,8
"SSP3_7_0",0.0359301607226403,1.3,2.5,8
"SSP5_8_5",0.037313054424795,1.3,2.5,8
"SSP1_1_9",0.0300021129369137,1.3,2.5,8
"SSP1_2_6",0.0213365506262555,1.3,2.5,8
"SSP2_4_5",0.0516317318503002,1.3,2.5,8
"SSP3_7_0",0.0372021309323714,1.3,2.5,8
"SSP5_8_5",0.0385745251856905,1.3,2.5,8
"SSP1_1_9",0.030345285280941,1.3,2.5,8
"SSP1_2_6",0.0216679116955445,1.3,2.5,8
"SSP2_4_5",0.0525204743242608,1.3,2.5,8
"SSP3_7_0",0.0377933347946279,1.3,2.5,8
"SSP5_8_5",0.0391190932019907,1.3,2.5,8
"SSP1_1_9",0.0297518864103791,1.3,2.5,8
"SSP1_2_6",0.0210561226392256,1.3,2.5,8
"SSP2_4_5",0.0504673013974838,1.3,2.5,8
"SSP3_7_0",0.0360698391412721,1.3,2.5,8
"SSP5_8_5",0.0374490479558616,1.3,2.5,8
"SSP1_1_9",0.0264224560881791,1.45,2.5,8
"SSP1_2_6",0.0174983726077752,1.45,2.5,8
"SSP2_4_5",0.0380089296957783,1.45,2.5,8
"SSP3_7_0",0.0261247230700234,1.45,2.5,8
"SSP5_8_5",0.0262767022548767,1.45,2.5,8
"SSP1_1_9",0.0167929816692296,1,2.2,9
"SSP1_2_6",0.0148824327243961,1,2.2,9
"SSP2_4_5",0.0472351675106725,1,2.2,9
"SSP3_7_0",0.0397793287524719,1,2.2,9
"SSP5_8_5",0.0403152926521495,1,2.2,9
"SSP1_1_9",0.0174711842117269,1,2.35,9
"SSP1_2_6",0.0169601336655307,1,2.35,9
"SSP2_4_5",0.0487998887004647,1,2.35,9
"SSP3_7_0",0.0412019143492571,1,2.35,9
"SSP5_8_5",0.0428406302634296,1,2.35,9
"SSP1_1_9",0.0177873832472105,1,2.5,9
"SSP1_2_6",0.0181361933669439,1,2.5,9
"SSP2_4_5",0.0497749380268,1,2.5,9
"SSP3_7_0",0.0425351961663325,1,2.5,9
"SSP5_8_5",0.0454828710758645,1,2.5,9
"SSP1_1_9",0.0189778325005532,1,2.35,9
"SSP1_2_6",0.0180326983277231,1,2.35,9
"SSP2_4_5",0.051293805653685,1,2.35,9
"SSP3_7_0",0.0427644440161461,1,2.35,9
"SSP5_8_5",0.045032101816062,1,2.35,9
"SSP1_1_9",0.0192930525524836,1,2.5,9
"SSP1_2_6",0.0192061563227877,1,2.5,9
"SSP2_4_5",0.0522636997717299,1,2.5,9
"SSP3_7_0",0.0440903003731476,1,2.5,9
"SSP5_8_5",0.0476557428244858,1,2.5,9
"SSP1_1_9",0.0199677620030403,1,2.5,9
"SSP1_2_6",0.0212655397969211,1,2.5,9
"SSP2_4_5",0.0538117996766466,1,2.5,9
"SSP3_7_0",0.045490916366971,1,2.5,9
"SSP5_8_5",0.0501234106515826,1,2.5,9
"SSP1_1_9",0.0213946180616612,1,2.35,9
"SSP1_2_6",0.0188478836889376,1,2.35,9
"SSP2_4_5",0.0537269117098734,1,2.35,9
"SSP3_7_0",0.0443760473447216,1,2.35,9
"SSP5_8_5",0.0469976144813323,1,2.35,9
"SSP1_1_9",0.0217082767543547,1,2.5,9
"SSP1_2_6",0.0200193372268802,1,2.5,9
"SSP2_4_5",0.054691750906559,1,2.5,9
"SSP3_7_0",0.0456936701698233,1,2.5,9
"SSP5_8_5",0.0496030579642318,1,2.5,9
"SSP1_1_9",0.0223796341806742,1,2.5,9
"SSP1_2_6",0.0220752209629197,1,2.5,9
"SSP2_4_5",0.0562317944447387,1,2.5,9
"SSP3_7_0",0.0470850312248903,1,2.5,9
"SSP5_8_5",0.0520528061151434,1,2.5,9
"SSP1_1_9",0.0238711262385238,1,2.5,9
"SSP1_2_6",0.0231364711344635,1,2.5,9
"SSP2_4_5",0.0586864521624918,1,2.5,9
"SSP3_7_0",0.0486113557023165,1,2.5,9
"SSP5_8_5",0.0541734749036028,1,2.5,9
"SSP1_1_9",0.0226896011836547,1,2.35,9
"SSP1_2_6",0.0195230043897497,1,2.35,9
"SSP2_4_5",0.0558999341373286,1,2.35,9
"SSP3_7_0",0.0460519248204382,1,2.35,9
"SSP5_8_5",0.0487488202166107,1,2.35,9
"SSP1_1_9",0.02300241973361,1,2.5,9
"SSP1_2_6",0.0206926540797035,1,2.5,9
"SSP2_4_5",0.0568601815124662,1,2.5,9
"SSP3_7_0",0.0473605944936858,1,2.5,9
"SSP5_8_5",0.0513366105390118,1,2.5,9
"SSP1_1_9",0.0236719735396684,1,2.5,9
"SSP1_2_6",0.0227453878506932,1,2.5,9
"SSP2_4_5",0.0583929068460743,1,2.5,9
"SSP3_7_0",0.0487419249823234,1,2.5,9
"SSP5_8_5",0.0537690560455376,1,2.5,9
"SSP1_1_9",0.0251594719921392,1,2.5,9
"SSP1_2_6",0.0238050056628615,1,2.5,9
"SSP2_4_5",0.0608359224777303,1,2.5,9
"SSP3_7_0",0.0502567123787441,1,2.5,9
"SSP5_8_5",0.0558737881303326,1,2.5,9
"SSP1_1_9",0.0275457149729402,1,2.5,9
"SSP1_2_6",0.0246102186864835,1,2.5,9
"SSP2_4_5",0.063219121574292,1,2.5,9
"SSP3_7_0",0.0518159095759135,1,2.5,9
"SSP5_8_5",0.0577554155236066,1,2.5,9
"SSP1_1_9",0.0233168288684347,1,2.35,9
"SSP1_2_6",0.0200669157828584,1,2.35,9
"SSP2_4_5",0.0578284767969182,1,2.35,9
"SSP3_7_0",0.0476254850628088,1,2.35,9
"SSP5_8_5",0.0502820105636448,1,2.35,9
"SSP1_1_9",0.0236292265370461,1,2.5,9
"SSP1_2_6",0.0212348734364296,1,2.5,9
"SSP2_4_5",0.058784458778773,1,2.5,9
"SSP3_7_0",0.04892506526518,1,2.5,9
"SSP5_8_5",0.0528526728275416,1,2.5,9
"SSP1_1_9",0.0242978769194358,1,2.5,9
"SSP1_2_6",0.0232846517663469,1,2.5,9
"SSP2_4_5",0.0603103864505779,1,2.5,9
"SSP3_7_0",0.0502962649719756,1,2.5,9
"SSP5_8_5",0.0552684154821369,1,2.5,9
"SSP1_1_9",0.0257833749102438,1,2.5,9
"SSP1_2_6",0.0243427395779291,1,2.5,9
"SSP2_4_5",0.0627425891290769,1,2.5,9
"SSP3_7_0",0.0517994474376806,1,2.5,9
"SSP5_8_5",0.0573578698588347,1,2.5,9
"SSP1_1_9",0.0281664269816452,1,2.5,9
"SSP1_2_6",0.0251467780365819,1,2.5,9
"SSP2_4_5",0.0651151935797065,1,2.5,9
"SSP3_7_0",0.0533460530087578,1,2.5,9
"SSP5_8_5",0.0592250165488053,1,2.5,9
"SSP1_1_9",0.0294432592594566,1,2.5,9
"SSP1_2_6",0.0258118988934138,1,2.5,9
"SSP2_4_5",0.0672332842780371,1,2.5,9
"SSP3_7_0",0.0549517965010876,1,2.5,9
"SSP5_8_5",0.0608820597935811,1,2.5,9
"SSP1_1_9",0.0235157717045448,1,2.35,9
"SSP1_2_6",0.0202471894366526,1,2.35,9
"SSP2_4_5",0.059268378415014,1,2.35,9
"SSP3_7_0",0.0488455285560031,1,2.35,9
"SSP5_8_5",0.0514101218450984,1,2.35,9
"SSP1_1_9",0.0238279751641954,1,2.5,9
"SSP1_2_6",0.0214138856616709,1,2.5,9
"SSP2_4_5",0.0602209057398642,1,2.5,9
"SSP3_7_0",0.0501369735398852,1,2.5,9
"SSP5_8_5",0.0539656952343749,1,2.5,9
"SSP1_1_9",0.0244962091814688,1,2.5,9
"SSP1_2_6",0.02346145889571,1,2.5,9
"SSP2_4_5",0.0617413282337831,1,2.5,9
"SSP3_7_0",0.0514991799930878,1,2.5,9
"SSP5_8_5",0.056366834055148,1,2.5,9
"SSP1_1_9",0.0259807849007223,1,2.5,9
"SSP1_2_6",0.0245184090442255,1,2.5,9
"SSP2_4_5",0.0641647753487962,1,2.5,9
"SSP3_7_0",0.052992127822755,1,2.5,9
"SSP5_8_5",0.0584430695385511,1,2.5,9
"SSP1_1_9",0.0283623650756478,1,2.5,9
"SSP1_2_6",0.025321580059528,1,2.5,9
"SSP2_4_5",0.0665288076349417,1,2.5,9
"SSP3_7_0",0.054527712604652,1,2.5,9
"SSP5_8_5",0.0602978178831627,1,2.5,9
"SSP1_1_9",0.0296384075237456,1,2.5,9
"SSP1_2_6",0.0259859626865301,1,2.5,9
"SSP2_4_5",0.068639137903832,1,2.5,9
"SSP3_7_0",0.0561216927943856,1,2.5,9
"SSP5_8_5",0.0619433004279135,1,2.5,9
"SSP1_1_9",0.0302561537106804,1,2.5,9
"SSP1_2_6",0.0265199134902655,1,2.5,9
"SSP2_4_5",0.0705095604144872,1,2.5,9
"SSP3_7_0",0.0576133196517696,1,2.5,9
"SSP5_8_5",0.0633757288012524,1,2.5,9
"SSP1_1_9",0.0237771968822478,1,2.35,9
"SSP1_2_6",0.0204870900381634,1,2.35,9
"SSP2_4_5",0.0597623079605812,1,2.35,9
"SSP3_7_0",0.0492520678414489,1,2.35,9
"SSP5_8_5",0.0517092526850223,1,2.35,9
"SSP1_1_9",0.0240890978027017,1,2.5,9
"SSP1_2_6",0.0216512390960619,1,2.5,9
"SSP2_4_5",0.0607119611595369,1,2.5,9
"SSP3_7_0",0.0505366565710231,1,2.5,9
"SSP5_8_5",0.0542520007335994,1,2.5,9
"SSP1_1_9",0.0247566834764726,1,2.5,9
"SSP1_2_6",0.0236943586182484,1,2.5,9
"SSP2_4_5",0.0622278062459674,1,2.5,9
"SSP3_7_0",0.0518915161381997,1,2.5,9
"SSP5_8_5",0.0566410422613352,1,2.5,9
"SSP1_1_9",0.0262398229103832,1,2.5,9
"SSP1_2_6",0.0247490131198307,1,2.5,9
"SSP2_4_5",0.0646439820650993,1,2.5,9
"SSP3_7_0",0.0533763165550147,1,2.5,9
"SSP5_8_5",0.0587067273241621,1,2.5,9
"SSP1_1_9",0.028619110416183,1,2.5,9
"SSP1_2_6",0.0255504370322177,1,2.5,9
"SSP2_4_5",0.0670009326837368,1,2.5,9
"SSP3_7_0",0.0549033969249129,1,2.5,9
"SSP5_8_5",0.060551961075678,1,2.5,9
"SSP1_1_9",0.0298939236371574,1,2.5,9
"SSP1_2_6",0.0262133483146675,1,2.5,9
"SSP2_4_5",0.069104924071507,1,2.5,9
"SSP3_7_0",0.0564884873236869,1,2.5,9
"SSP5_8_5",0.0621889191849812,1,2.5,9
"SSP1_1_9",0.0305110638809047,1,2.5,9
"SSP1_2_6",0.0267460717774086,1,2.5,9
"SSP2_4_5",0.070969653514754,1,2.5,9
"SSP3_7_0",0.0579716545583592,1,2.5,9
"SSP5_8_5",0.0636138185286769,1,2.5,9
"SSP1_1_9",0.0307054200467614,1,2.5,9
"SSP1_2_6",0.0269186658988674,1,2.5,9
"SSP2_4_5",0.0723582752678906,1,2.5,9
"SSP3_7_0",0.0591133006420724,1,2.5,9
"SSP5_8_5",0.0646498497700298,1,2.5,9
"SSP1_1_9",0.0238924805323264,1,2.35,9
"SSP1_2_6",0.020530997302769,1,2.35,9
"SSP2_4_5",0.0577761074880759,1,2.35,9
"SSP3_7_0",0.0475009890113121,1,2.35,9
"SSP5_8_5",0.0499197304096168,1,2.35,9
"SSP1_1_9",0.0242040225533614,1,2.5,9
"SSP1_2_6",0.0216898995821195,1,2.5,9
"SSP2_4_5",0.0587248843467944,1,2.5,9
"SSP3_7_0",0.0487830379136051,1,2.5,9
"SSP5_8_5",0.052457050153747,1,2.5,9
"SSP1_1_9",0.0248708401885691,1,2.5,9
"SSP1_2_6",0.0237238413880443,1,2.5,9
"SSP2_4_5",0.0602393418745283,1,2.5,9
"SSP3_7_0",0.0501358749990305,1,2.5,9
"SSP5_8_5",0.0548418754214333,1,2.5,9
"SSP1_1_9",0.0263522775061996,1,2.5,9
"SSP1_2_6",0.0247737729401961,1,2.5,9
"SSP2_4_5",0.062653340055211,1,2.5,9
"SSP3_7_0",0.0516190955537169,1,2.5,9
"SSP5_8_5",0.0567427126563755,1,2.5,9
"SSP1_1_9",0.028728846295418,1,2.5,9
"SSP1_2_6",0.0255716142724151,1,2.5,9
"SSP2_4_5",0.0650082825557734,1,2.5,9
"SSP3_7_0",0.0531453832710749,1,2.5,9
"SSP5_8_5",0.0583018273848367,1,2.5,9
"SSP1_1_9",0.0300022060094796,1,2.5,9
"SSP1_2_6",0.0262315645353912,1,2.5,9
"SSP2_4_5",0.0671106952960128,1,2.5,9
"SSP3_7_0",0.0547302624597028,1,2.5,9
"SSP5_8_5",0.0597008341787787,1,2.5,9
"SSP1_1_9",0.0306186389216168,1,2.5,9
"SSP1_2_6",0.0267619088077816,1,2.5,9
"SSP2_4_5",0.0689744655273721,1,2.5,9
"SSP3_7_0",0.0562142411057376,1,2.5,9
"SSP5_8_5",0.060876448386416,1,2.5,9
"SSP1_1_9",0.030812751632381,1,2.5,9
"SSP1_2_6",0.0269337239684261,1,2.5,9
"SSP2_4_5",0.0703629670292693,1,2.5,9
"SSP3_7_0",0.0573580566654503,1,2.5,9
"SSP5_8_5",0.061345607734231,1,2.5,9
"SSP1_1_9",0.0310667335201748,1,2.5,9
"SSP1_2_6",0.027157459731445,1,2.5,9
"SSP2_4_5",0.0708199802522708,1,2.5,9
"SSP3_7_0",0.0577127734005627,1,2.5,9
"SSP5_8_5",0.0599738475583389,1,2.5,9
"SSP1_1_9",0.0224416080592737,1.15,2.35,9
"SSP1_2_6",0.0149868944780484,1.15,2.35,9
"SSP2_4_5",0.0475439979040399,1.15,2.35,9
"SSP3_7_0",0.0362878192757476,1.15,2.35,9
"SSP5_8_5",0.0375439843014265,1.15,2.35,9
"SSP1_1_9",0.0227527866910982,1.15,2.5,9
"SSP1_2_6",0.0161456122425028,1.15,2.5,9
"SSP2_4_5",0.0484959270701448,1.15,2.5,9
"SSP3_7_0",0.0375829522461034,1.15,2.5,9
"SSP5_8_5",0.0396938528518731,1.15,2.5,9
"SSP1_1_9",0.0234179033172378,1.15,2.5,9
"SSP1_2_6",0.0181782087641346,1.15,2.5,9
"SSP2_4_5",0.0500127058503632,1.15,2.5,9
"SSP3_7_0",0.0389160489411796,1.15,2.5,9
"SSP5_8_5",0.04169257741029,1.15,2.5,9
"SSP1_1_9",0.0248951037606871,1.15,2.5,9
"SSP1_2_6",0.0192247252425874,1.15,2.5,9
"SSP2_4_5",0.0524169928896297,1.15,2.5,9
"SSP3_7_0",0.0403228316118502,1.15,2.5,9
"SSP5_8_5",0.0434244027680614,1.15,2.5,9
"SSP1_1_9",0.0272536088620091,1.15,2.5,9
"SSP1_2_6",0.0200148901505792,1.15,2.5,9
"SSP2_4_5",0.0547403790814348,1.15,2.5,9
"SSP3_7_0",0.0417282999488102,1.15,2.5,9
"SSP5_8_5",0.045030026209796,1.15,2.5,9
"SSP1_1_9",0.0284856534822641,1.15,2.5,9
"SSP1_2_6",0.0206617461582678,1.15,2.5,9
"SSP2_4_5",0.0567441794313858,1.15,2.5,9
"SSP3_7_0",0.0431388433240372,1.15,2.5,9
"SSP5_8_5",0.0464778159459125,1.15,2.5,9
"SSP1_1_9",0.0290685191331746,1.15,2.5,9
"SSP1_2_6",0.0211621284013878,1.15,2.5,9
"SSP2_4_5",0.0584246185167069,1.15,2.5,9
"SSP3_7_0",0.044403707461354,1.15,2.5,9
"SSP5_8_5",0.0477049057511122,1.15,2.5,9
"SSP1_1_9",0.0293207955489587,1.15,2.5,9
"SSP1_2_6",0.0214592931000563,1.15,2.5,9
"SSP2_4_5",0.059127181559036,1.15,2.5,9
"SSP3_7_0",0.0449413391550104,1.15,2.5,9
"SSP5_8_5",0.048226312420941,1.15,2.5,9
"SSP1_1_9",0.0290856892919551,1.15,2.5,9
"SSP1_2_6",0.021191743349533,1.15,2.5,9
"SSP2_4_5",0.0574262800177241,1.15,2.5,9
"SSP3_7_0",0.0434789616356065,1.15,2.5,9
"SSP5_8_5",0.0469191695738133,1.15,2.5,9
"SSP1_1_9",0.0270587747458145,1.3,2.5,9
"SSP1_2_6",0.0193026196029455,1.3,2.5,9
"SSP2_4_5",0.0469252970311379,1.3,2.5,9
"SSP3_7_0",0.0338563092522359,1.3,2.5,9
"SSP5_8_5",0.0350830504313206,1.3,2.5,9
"SSP1_1_9",0.0215757600394116,1,2.35,10
"SSP1_2_6",0.0185959594277177,1,2.35,10
"SSP2_4_5",0.0540875779464256,1,2.35,10
"SSP3_7_0",0.0447887757865463,1,2.35,10
"SSP5_8_5",0.0470443184581104,1,2.35,10
"SSP1_1_9",0.0218577762719646,1,2.5,10
"SSP1_2_6",0.0196478535096033,1,2.5,10
"SSP2_4_5",0.0549523804259258,1,2.5,10
"SSP3_7_0",0.0459653398139591,1,2.5,10
"SSP5_8_5",0.0493735410769809,1,2.5,10
"SSP1_1_9",0.0224614673602515,1,2.5,10
"SSP1_2_6",0.0214945340286035,1,2.5,10
"SSP2_4_5",0.0563331306476685,1,2.5,10
"SSP3_7_0",0.0472082665055931,1,2.5,10
"SSP5_8_5",0.0515654125047902,1,2.5,10
"SSP1_1_9",0.0238029345838974,1,2.5,10
"SSP1_2_6",0.0224481135762292,1,2.5,10
"SSP2_4_5",0.0585348636247819,1,2.5,10
"SSP3_7_0",0.0485725415335122,1,2.5,10
"SSP5_8_5",0.0534646843471423,1,2.5,10
"SSP1_1_9",0.0259557472428839,1,2.5,10
"SSP1_2_6",0.0231729218528013,1,2.5,10
"SSP2_4_5",0.0606839029264699,1,2.5,10
"SSP3_7_0",0.0499784723085715,1,2.5,10
"SSP5_8_5",0.055165333196444,1,2.5,10
"SSP1_1_9",0.0271096819165071,1,2.5,10
"SSP1_2_6",0.0237728243413552,1,2.5,10
"SSP2_4_5",0.0626037259724846,1,2.5,10
"SSP3_7_0",0.0514402432091318,1,2.5,10
"SSP5_8_5",0.0566779610711846,1,2.5,10
"SSP1_1_9",0.0276685303088343,1,2.5,10
"SSP1_2_6",0.0242554456085539,1,2.5,10
"SSP2_4_5",0.0643072160740109,1,2.5,10
"SSP3_7_0",0.052811556458493,1,2.5,10
"SSP5_8_5",0.0579989988251435,1,2.5,10
"SSP1_1_9",0.0278450469663217,1,2.5,10
"SSP1_2_6",0.0244131865108293,1,2.5,10
"SSP2_4_5",0.0655780370150623,1,2.5,10
"SSP3_7_0",0.0538719477895405,1,2.5,10
"SSP5_8_5",0.0589653173129289,1,2.5,10
"SSP1_1_9",0.0280764404569609,1,2.5,10
"SSP1_2_6",0.024620387031589,1,2.5,10
"SSP2_4_5",0.0660041898567505,1,2.5,10
"SSP3_7_0",0.0542113045514042,1,2.5,10
"SSP5_8_5",0.0591986706857804,1,2.5,10
"SSP1_1_9",0.028079956750519,1,2.5,10
"SSP1_2_6",0.0246431383704088,1,2.5,10
"SSP2_4_5",0.0642166377494744,1,2.5,10
"SSP3_7_0",0.0526381538770026,1,2.5,10
"SSP5_8_5",0.0557465059754336,1,2.5,10
"SSP1_1_9",0.0264609538652864,1.15,2.5,10
"SSP1_2_6",0.0193506079949962,1.15,2.5,10
"SSP2_4_5",0.0535045644644519,1.15,2.5,10
"SSP3_7_0",0.0408218001770133,1.15,2.5,10
"SSP5_8_5",0.0438437231963587,1.15,2.5,10
"SSP1_1_9",0.0257039007793954,1,2.5,11
"SSP1_2_6",0.0225453464442989,1,2.5,11
"SSP2_4_5",0.060360721499631,1,2.5,11
"SSP3_7_0",0.0498129084502135,1,2.5,11
"SSP5_8_5",0.0544320800034958,1,2.5,11
